loss_sum_M0,loss_sum_M1,loss_sum_M2,loss_sum_M3,hours,event_hours,loss_sum_Independence,date,q,period,zone
6.7711104252769614e-05,0.00015412883924606981,0.00025060367396268927,0.00048183545521142857,24,0,2.8639508369203682e-06,2022-01-01 00:00:00+00:00,q90,development,DK2
5.2360076042353366e-11,1.3605288566740506e-10,3.2061354074423814e-08,7.2421020302260839e-08,24,0,6.4676603857492385e-13,2022-01-02 00:00:00+00:00,q90,development,DK2
2.205549636205579e-14,2.4734683149814512e-12,2.7736934404843533e-10,2.2224053287194298e-09,24,0,3.5084564357835569e-17,2022-01-03 00:00:00+00:00,q90,development,DK2
0.00088401871114704498,0.001082787857977678,0.0018634527963491238,0.0023763040767693653,24,0,2.1909434269942333e-05,2022-01-04 00:00:00+00:00,q90,development,DK2
0.00049434007283903614,0.00026263748055495382,0.00066224539270493866,0.00030824300607892272,24,0,0.00079710602051585215,2022-01-05 00:00:00+00:00,q90,development,DK2
1.5090768363826295,2.3650592355871183,1.4595992728778588,2.3079383287027877,24,0,1.2919505947134535,2022-01-06 00:00:00+00:00,q90,development,DK2
4.5301128361487454e-06,3.4886368645626e-05,4.8336950174221265e-05,0.00017428244950160119,24,0,3.2120099333253428e-07,2022-01-07 00:00:00+00:00,q90,development,DK2
1.7040325683577946e-06,4.5410788956690855e-06,2.39997998804584e-05,5.3271068341718778e-05,24,0,4.3227692410836691e-08,2022-01-08 00:00:00+00:00,q90,development,DK2
1.6173048223945525e-06,1.9273886226571295e-05,7.202610690975676e-06,5.0942535524110829e-05,24,0,5.4974187751778232e-08,2022-01-09 00:00:00+00:00,q90,development,DK2
0.22285731618696797,0.44121298521194569,0.2123425924069775,0.42008389356476367,24,0,0.070488802333036477,2022-01-10 00:00:00+00:00,q90,development,DK2
0.55692984875211515,1.2879749232585704,0.55722656801943493,1.2684963407004863,24,0,0.1956354061807821,2022-01-11 00:00:00+00:00,q90,development,DK2
3.0329318656329636,2.9442398878071931,3.0320180939756827,2.9497819688802847,24,4,3.3159901068213862,2022-01-12 00:00:00+00:00,q90,development,DK2
0.022937095370707598,0.0445894402966567,0.025393914355119982,0.046743345665946227,24,0,0.0052694137665946295,2022-01-13 00:00:00+00:00,q90,development,DK2
0.0012553602232928944,0.0074416267324750899,0.0021678234616787709,0.0089537255212509791,24,0,4.472266149161168e-05,2022-01-14 00:00:00+00:00,q90,development,DK2
1.9710533756522353,1.8986203486306421,1.9536347904892768,1.8899135148906263,24,2,1.9946857718718458,2022-01-15 00:00:00+00:00,q90,development,DK2
6.7492637857624504e-05,0.0012408110106083051,0.00020809962567732226,0.001752924128237879,24,0,5.7947271095812695e-07,2022-01-16 00:00:00+00:00,q90,development,DK2
7.0234691680386515e-05,0.00046003722332886631,0.00023046269782593844,0.00070034419639551399,24,0,3.2986458271126778e-06,2022-01-17 00:00:00+00:00,q90,development,DK2
2.8828976876105696,2.8602287632356527,2.9020081102855779,2.8719977820719533,24,3,2.9140192145878152,2022-01-18 00:00:00+00:00,q90,development,DK2
0.0048055836549251389,0.010444050915091931,0.0061860166793237387,0.011947899527338745,24,0,0.00045717622306690203,2022-01-19 00:00:00+00:00,q90,development,DK2
3.7302857740404881e-12,2.2058236930264855e-12,2.503188446508708e-11,7.5422629881252196e-12,24,0,2.1654302543807394e-12,2022-01-20 00:00:00+00:00,q90,development,DK2
0.00079847328780184156,0.00074165056485614651,0.0012426723880267815,0.00088891202865426836,24,0,0.00030909585510752153,2022-01-21 00:00:00+00:00,q90,development,DK2
0.0074256309971611548,0.014591352352283793,0.009736728172869781,0.018239069565815374,24,0,0.0016899512744413189,2022-01-22 00:00:00+00:00,q90,development,DK2
0.012484048438759868,0.013134581188290379,0.014090589791206722,0.015120359612276551,24,0,0.0017040886134902806,2022-01-23 00:00:00+00:00,q90,development,DK2
5.4803923626225348,5.3468529025843869,5.4926247597901581,5.3598239809529584,24,8,6.3155925062106073,2022-01-24 00:00:00+00:00,q90,development,DK2
7.253618236871632,7.3423506252905382,7.3393016849610122,7.4360043788347072,24,16,8.0346467242740118,2022-01-25 00:00:00+00:00,q90,development,DK2
0.72182926277337245,0.72154389543478026,0.702691652242042,0.7024624854710636,24,0,0.49910909296878486,2022-01-26 00:00:00+00:00,q90,development,DK2
9.8779107929454337e-09,2.3115998965132375e-08,1.4460232264551075e-08,2.987254848641501e-08,24,0,2.5091654142313832e-09,2022-01-27 00:00:00+00:00,q90,development,DK2
0.0013334428779463465,0.0012060142472768308,0.0012220280129081967,0.0010065663071209799,24,0,0.00033964941888258565,2022-01-28 00:00:00+00:00,q90,development,DK2
8.2094741889409287e-18,6.7377057808730906e-18,6.2246651499608387e-16,1.5742198463265675e-16,24,0,6.5295780755436973e-19,2022-01-29 00:00:00+00:00,q90,development,DK2
5.4397039950115709e-07,7.3910180024223111e-07,1.0296286174718685e-05,8.1390496683000425e-06,24,0,5.3627911690705371e-08,2022-01-30 00:00:00+00:00,q90,development,DK2
0.75400632261745792,0.75874635590310335,0.70935481019458402,0.70794312928603609,24,0,0.88067378540922792,2022-01-31 00:00:00+00:00,q90,development,DK2
9.6347990043913446e-05,5.6330604500439259e-05,0.00028425041380936936,0.00015559575978474536,24,0,7.9135160206294947e-05,2022-02-01 00:00:00+00:00,q90,development,DK2
0.002544690145685779,0.0032221001091683292,0.0037828273304954621,0.0046535419309588384,24,0,0.00011950679586952975,2022-02-02 00:00:00+00:00,q90,development,DK2
0.15789879985013242,0.20102257272118071,0.16712868361104327,0.21159282806204219,24,0,0.046298581775721791,2022-02-03 00:00:00+00:00,q90,development,DK2
1.3579695347018055e-06,9.6799859922160371e-07,6.2206770725204131e-06,3.4437466825981356e-06,24,0,4.9757975822773715e-07,2022-02-04 00:00:00+00:00,q90,development,DK2
2.1720520662380863e-16,1.66033477477377e-16,2.2070097566055021e-14,7.9204971105137154e-15,24,0,7.2986406210808895e-17,2022-02-05 00:00:00+00:00,q90,development,DK2
1.5278408882157398e-15,1.8541275846453302e-15,6.7088926017864915e-11,5.3782863888265625e-10,24,0,3.4913192943725184e-16,2022-02-06 00:00:00+00:00,q90,development,DK2
1.009272655581192e-10,3.1164767919093954e-11,1.8880939177474993e-10,5.6403195888935258e-11,24,0,1.5320395889085012e-10,2022-02-07 00:00:00+00:00,q90,development,DK2
6.5758401003550005e-08,4.6313072769097223e-08,5.0808176846245351e-07,2.8343110765201212e-07,24,0,1.2476389861308169e-08,2022-02-08 00:00:00+00:00,q90,development,DK2
0.0017084840241638624,0.0013360891546008698,0.0017980069511189024,0.0013279949546041465,24,0,0.00021495662652223492,2022-02-09 00:00:00+00:00,q90,development,DK2
0.03150842848426269,0.031526847628627945,0.037628950469826339,0.036031336365505338,24,0,0.004999403822787591,2022-02-10 00:00:00+00:00,q90,development,DK2
0.4598596887549869,0.40036048394457957,0.43920697561949773,0.38180437747988144,24,0,0.26717566181578067,2022-02-11 00:00:00+00:00,q90,development,DK2
0.006596768725902754,0.025089294715949329,0.0063725839545082583,0.022891794538798083,24,0,0.0011215503082144865,2022-02-12 00:00:00+00:00,q90,development,DK2
2.3246616390569837e-20,1.5345466598133558e-20,1.7171343934194735e-16,4.6072262609226853e-17,24,0,4.2859867815088409e-24,2022-02-13 00:00:00+00:00,q90,development,DK2
1.079709002247448e-06,9.6126516717478225e-07,3.3573832259527078e-06,2.0141217366137219e-06,24,0,5.693705875714742e-08,2022-02-14 00:00:00+00:00,q90,development,DK2
4.7818090385892911e-05,4.7741337555202109e-05,0.00011219704831653954,8.4233165221024706e-05,24,0,3.8394152284546659e-06,2022-02-15 00:00:00+00:00,q90,development,DK2
0.00017320851260234943,7.7456385566116454e-05,0.00059007775074715796,0.00037887790094926708,24,0,1.3454729541449287e-05,2022-02-16 00:00:00+00:00,q90,development,DK2
6.4493553801639564e-25,7.8163164830009837e-25,9.9513030236651774e-17,2.0614403611207774e-15,24,0,3.4614396942526158e-28,2022-02-17 00:00:00+00:00,q90,development,DK2
7.4114337153890324e-14,1.29434634813657e-12,6.5746077504692488e-10,5.2899742442950757e-09,24,0,8.2475711781785231e-16,2022-02-18 00:00:00+00:00,q90,development,DK2
5.7604064411275795e-15,1.168835661998158e-14,3.4794588737410999e-10,4.9420965181099303e-10,24,0,1.5142088269217547e-13,2022-02-19 00:00:00+00:00,q90,development,DK2
6.6785930630314428e-14,1.1067503896725151e-12,3.5143867946798792e-09,2.9469043473503211e-08,24,0,8.3758051803079882e-14,2022-02-20 00:00:00+00:00,q90,development,DK2
4.6740237602757971e-14,2.0134875792146311e-13,1.8195985251038417e-10,3.8941286564189887e-10,24,0,2.3908394111525535e-13,2022-02-21 00:00:00+00:00,q90,development,DK2
0.00085459817377039578,0.0012073439077508363,0.0025672316822526195,0.003311478497358454,24,0,0.00077477687609055418,2022-02-22 00:00:00+00:00,q90,development,DK2
1.4908911238844669e-07,1.3622742730829774e-07,1.4901929822155893e-07,1.3294701864256729e-07,24,0,4.8278042008615408e-08,2022-02-23 00:00:00+00:00,q90,development,DK2
1.8903892548298733e-05,3.1509555598337925e-05,0.00015321350381160379,0.00017786092797845453,24,0,1.812421996852806e-05,2022-02-24 00:00:00+00:00,q90,development,DK2
0.003344390982084893,0.0026161241998182631,0.0026651909116945584,0.0020594404838685646,24,0,0.0017493911780544888,2022-02-25 00:00:00+00:00,q90,development,DK2
0.0031108077439897142,0.0089048085304420706,0.0056246181128937001,0.012581846751080395,24,0,0.0013809747906241062,2022-02-26 00:00:00+00:00,q90,development,DK2
0.00027120838184238323,0.0012484022450110256,0.00051111449937204991,0.0013243522846447698,24,0,6.4244127417198717e-05,2022-02-27 00:00:00+00:00,q90,development,DK2
0.023038091069584463,0.10212306184751535,0.025826551259646589,0.09513098357303558,24,0,0.0047075468703746551,2022-02-28 00:00:00+00:00,q90,development,DK2
3.414438310530056,2.6588022504950977,3.5493477129512967,2.7390404867246105,24,9,3.689648446789513,2022-03-01 00:00:00+00:00,q90,development,DK2
9.2584403624568132,7.6257508237177793,9.548090071784836,7.871329291226516,24,19,10.122210728290204,2022-03-02 00:00:00+00:00,q90,development,DK2
2.3832971404688679,2.2647965617541295,2.4317737058106772,2.3091314547920585,24,3,2.5636902022222419,2022-03-03 00:00:00+00:00,q90,development,DK2
3.7883544219436991,3.5568760793381213,3.7412211690299655,3.5066847401202206,24,4,3.9011890564827558,2022-03-04 00:00:00+00:00,q90,development,DK2
0.048073262447261324,0.18839176640423455,0.054069769694074302,0.19753307882918997,24,0,0.032652239037051223,2022-03-05 00:00:00+00:00,q90,development,DK2
0.19302845857186879,0.31992500629570714,0.18636182821023803,0.31704650227811454,24,0,0.15242390951361426,2022-03-06 00:00:00+00:00,q90,development,DK2
3.9014241558154805,4.9747272553231427,3.8648590670065079,4.9562663998154122,24,4,3.3560621425920671,2022-03-07 00:00:00+00:00,q90,development,DK2
5.7613730912972017,5.5087876045314905,5.7603202388269947,5.539175297440619,24,8,5.8242028798701213,2022-03-08 00:00:00+00:00,q90,development,DK2
1.8798429026058194,2.1470922183211876,1.8790257726275164,2.1556816588556451,24,2,1.7190196905843389,2022-03-09 00:00:00+00:00,q90,development,DK2
0.0044541027307959322,0.0068314832523622181,0.0054733153711991099,0.0084572108802534168,24,0,0.00031896121215352162,2022-03-10 00:00:00+00:00,q90,development,DK2
6.0104081014394027e-12,3.5041494049403949e-11,2.627953810694134e-08,5.7090185638311045e-08,24,0,5.5964481017768132e-12,2022-03-11 00:00:00+00:00,q90,development,DK2
8.6954398987953065e-11,3.8922765932166059e-10,2.6682372235745781e-07,4.864570129746474e-07,24,0,4.7906551067901957e-10,2022-03-12 00:00:00+00:00,q90,development,DK2
4.6405815822196259e-06,6.2807569496255191e-06,3.8083989965987786e-06,5.0783860302645173e-06,24,0,4.1390652436151675e-07,2022-03-13 00:00:00+00:00,q90,development,DK2
0.74285638761160733,0.73567199175108466,0.75350731604511123,0.7474659557168396,24,1,0.74584129496127483,2022-03-14 00:00:00+00:00,q90,development,DK2
12.005720300788068,11.361983057531305,12.102064106456202,11.46487747504565,24,17,12.710449797570398,2022-03-15 00:00:00+00:00,q90,development,DK2
6.0332811133435573,5.8571161374551863,5.9999996180383182,5.8233588067155866,24,7,6.2426309817703274,2022-03-16 00:00:00+00:00,q90,development,DK2
0.077894779594352911,0.079881155048516991,0.084361508576041924,0.086700590553456178,24,0,0.022028955210081472,2022-03-17 00:00:00+00:00,q90,development,DK2
0.0055321516465362524,0.006948852798646394,0.0084637985284735234,0.010340229726791982,24,0,0.00057204535249130088,2022-03-18 00:00:00+00:00,q90,development,DK2
1.4341194908754e-05,1.994070992380274e-05,0.00013967225439432521,0.00018134228647174422,24,0,5.6083825291944025e-06,2022-03-19 00:00:00+00:00,q90,development,DK2
1.8907849522399786e-06,1.9808411822368989e-06,2.0413836685388554e-06,2.2285148211592132e-06,24,0,2.3971636104118058e-07,2022-03-20 00:00:00+00:00,q90,development,DK2
0.14026782862795054,0.22862746030588055,0.14774776623580382,0.23422950590509303,24,0,0.061523109546290589,2022-03-21 00:00:00+00:00,q90,development,DK2
4.0601231078756186,3.5452627174762319,4.0629824770211886,3.5596773665225219,24,7,4.423665908170344,2022-03-22 00:00:00+00:00,q90,development,DK2
5.2358543198050205,4.7598906547336597,5.2524743695448119,4.7798603915934601,24,9,5.758976311044302,2022-03-23 00:00:00+00:00,q90,development,DK2
3.6048849743881828,3.1826459997490182,3.6793196448449166,3.2597545433156929,24,5,4.0983258398702782,2022-03-24 00:00:00+00:00,q90,development,DK2
0.01790144721644963,0.048004077805152159,0.017610239341209737,0.044873376881261744,24,0,0.00438698461779162,2022-03-25 00:00:00+00:00,q90,development,DK2
3.821423987167665e-05,0.00020747763525687485,0.00016248140286726566,0.00050567041506113428,24,0,4.4427038767662115e-06,2022-03-26 00:00:00+00:00,q90,development,DK2
1.8292414191454965e-05,2.7091112771806056e-05,6.3214978751903331e-05,8.2745226144269091e-05,24,0,1.3568293985063887e-07,2022-03-27 00:00:00+00:00,q90,development,DK2
0.0001101794877052946,0.00016806958452694499,0.00030732837850988559,0.00044265029305027849,24,0,2.2058169531398724e-06,2022-03-28 00:00:00+00:00,q90,development,DK2
0.038868410535423163,0.068951313708164708,0.052132480769012661,0.084280989160262054,24,0,0.011855603497370765,2022-03-29 00:00:00+00:00,q90,development,DK2
11.193970633456644,11.111996422025781,11.042118802984536,10.98911160314446,24,12,11.509293171124975,2022-03-30 00:00:00+00:00,q90,development,DK2
0.029810879207611028,0.027968794620895784,0.040479108858887974,0.037514594994779632,24,0,0.037539884789755278,2022-03-31 00:00:00+00:00,q90,development,DK2
0.069154354012300856,0.050750224543352589,0.074465447659832235,0.056349067010664659,24,0,0.091826825487522912,2022-04-01 00:00:00+00:00,q90,development,DK2
0.55330300966187063,0.40104744854176722,0.55597990605398551,0.3988310711393509,24,0,0.47851822950570927,2022-04-02 00:00:00+00:00,q90,development,DK2
0.1330486877885157,0.10615911004298188,0.12026079163556389,0.092812808986456441,24,0,0.12460664092150037,2022-04-03 00:00:00+00:00,q90,development,DK2
7.0234148244377365e-10,1.946957760508135e-09,2.3549195771159485e-09,6.2475520884816641e-09,24,0,4.4570772723407975e-10,2022-04-04 00:00:00+00:00,q90,development,DK2
0.00091094853746987586,0.0010815471292359078,0.0022510870920396061,0.0025022510527019605,24,0,0.00037655526715050597,2022-04-05 00:00:00+00:00,q90,development,DK2
0.0002460412621525918,0.00028430722884394073,0.00083603873490369139,0.00095200224655524039,24,0,8.7679574378667999e-05,2022-04-06 00:00:00+00:00,q90,development,DK2
2.9402906254896067e-15,3.96433392572452e-14,4.4197985350247232e-11,2.6448612541765372e-10,24,0,6.4405079187388274e-17,2022-04-07 00:00:00+00:00,q90,development,DK2
1.4159689958800246e-06,4.7850115216864623e-06,1.491134768547502e-05,3.7522765725602951e-05,24,0,2.4186682197441129e-07,2022-04-08 00:00:00+00:00,q90,development,DK2
1.6105369547871193e-08,3.454508077610828e-08,2.0098862053372733e-08,4.412956251745635e-08,24,0,1.7901658808859195e-08,2022-04-09 00:00:00+00:00,q90,development,DK2
8.226214465275248e-06,2.1840113144287611e-05,4.1215932992427576e-05,8.712851183803258e-05,24,0,7.0051515243304905e-08,2022-04-10 00:00:00+00:00,q90,development,DK2
0.022752922810420451,0.026951643625827242,0.021818221720943706,0.027262450458165995,24,0,0.01319752342072552,2022-04-11 00:00:00+00:00,q90,development,DK2
0.037829381518429211,0.038045404614288882,0.032117550879792879,0.032390100745895364,24,0,0.031733495487946441,2022-04-12 00:00:00+00:00,q90,development,DK2
0.89743055444133224,0.92361892936879753,0.87879407265532083,0.90407671942366097,24,1,0.94521376702332238,2022-04-13 00:00:00+00:00,q90,development,DK2
0.0068317232509168347,0.0063939517720820538,0.012228458999800998,0.011577479244471212,24,0,0.0010748126063816156,2022-04-14 00:00:00+00:00,q90,development,DK2
2.8941434910046869e-06,3.7194450406304253e-06,2.0061078063881409e-05,2.6480403744659217e-05,24,0,3.8368041188318067e-07,2022-04-15 00:00:00+00:00,q90,development,DK2
2.8398267466154523e-09,2.8398341575537987e-09,8.8924568338043119e-09,8.8925754159947424e-09,24,0,9.7509559557497146e-11,2022-04-16 00:00:00+00:00,q90,development,DK2
6.208710662292104e-05,6.2087106623637982e-05,0.00017929685250525472,0.00017929685334416379,24,0,6.7298005820971675e-06,2022-04-17 00:00:00+00:00,q90,development,DK2
0.015065801267667288,0.01506598311952205,0.018525306831232897,0.0185261932643144,24,0,0.0040623333412258995,2022-04-18 00:00:00+00:00,q90,development,DK2
0.1245222765145185,0.12488460204025133,0.12907296248353051,0.12957005612316755,24,0,0.055102983497881647,2022-04-19 00:00:00+00:00,q90,development,DK2
0.090340350225424471,0.10161694420399064,0.10182277853682338,0.11253798881426844,24,0,0.034323892872974271,2022-04-20 00:00:00+00:00,q90,development,DK2
0.047016307881207094,0.063590902207751085,0.049353683972260434,0.066487290322161899,24,0,0.016824337601567117,2022-04-21 00:00:00+00:00,q90,development,DK2
2.9432829297640594e-05,5.7297629203853235e-05,5.3011504252806392e-05,8.7459819646779665e-05,24,0,8.0310031478555248e-06,2022-04-22 00:00:00+00:00,q90,development,DK2
5.3765341721198323e-06,9.5121107261619121e-06,8.4109191147117127e-05,0.00012285996388882188,24,0,9.060217317607503e-07,2022-04-23 00:00:00+00:00,q90,development,DK2
0.0060193660815699764,0.0072707472692096929,0.0074381959087916139,0.0086657073569702814,24,0,0.0024257230646321615,2022-04-24 00:00:00+00:00,q90,development,DK2
1.0826852619721525,1.1535215304045048,1.0742887251199997,1.1408362780505306,24,0,0.77024246053128542,2022-04-25 00:00:00+00:00,q90,development,DK2
1.7098859654242429,1.7128721773574378,1.7331759163894902,1.734399222068306,24,4,1.6539900971984414,2022-04-26 00:00:00+00:00,q90,development,DK2
0.39397291528776751,0.41180662633093301,0.39354015397662873,0.41331744948690635,24,0,0.27826808114422874,2022-04-27 00:00:00+00:00,q90,development,DK2
1.2572007198807498,1.2645246420145029,1.2642893534061588,1.2729438674963873,24,2,1.24922463611709,2022-04-28 00:00:00+00:00,q90,development,DK2
0.054042350510570498,0.053301766851689865,0.062677986619570011,0.061552098999522881,24,0,0.029012754459274662,2022-04-29 00:00:00+00:00,q90,development,DK2
4.6467978024005072e-05,4.6482551951263964e-05,0.00014005925832249975,0.00014013644800328872,24,0,7.6640015130222292e-06,2022-04-30 00:00:00+00:00,q90,development,DK2
0.0025729756166670901,0.0025729795990059407,0.0032339266541263258,0.0032339844579221963,24,0,0.0015777728998267113,2022-05-01 00:00:00+00:00,q90,development,DK2
0.0042297298956399925,0.0063480705461441134,0.0068998972259277595,0.0094107246903733857,24,0,0.00081740480189586165,2022-05-02 00:00:00+00:00,q90,development,DK2
0.11332960348321093,0.11627549027251595,0.12226038026169209,0.12547773224104664,24,0,0.052956255597838064,2022-05-03 00:00:00+00:00,q90,development,DK2
1.9198413968093357,1.9423361375106136,1.9072276594510047,1.9290067215199505,24,2,1.8451025821748657,2022-05-04 00:00:00+00:00,q90,development,DK2
0.93445277405384164,0.94360792580756558,0.90233527716492234,0.91389799641535541,24,0,0.57311181214610674,2022-05-05 00:00:00+00:00,q90,development,DK2
0.043461450778542451,0.047257127639454638,0.040833692872058805,0.045952689624272403,24,0,0.020279119321600717,2022-05-06 00:00:00+00:00,q90,development,DK2
7.1644739936226203e-05,0.00028846830540367018,0.00018296448921865122,0.00055732991298057413,24,0,7.636928246765645e-07,2022-05-07 00:00:00+00:00,q90,development,DK2
0.0036164199744098393,0.0076167495546934846,0.004220688782185825,0.0087303468288451435,24,0,0.00050209496935212496,2022-05-08 00:00:00+00:00,q90,development,DK2
0.032955533652923134,0.041517477003097533,0.032636483317417142,0.040672913890381315,24,0,0.010076102480323706,2022-05-09 00:00:00+00:00,q90,development,DK2
0.0052548940059314484,0.0070718929447733947,0.00639073492975392,0.0079647944653593022,24,0,0.00068958186426531457,2022-05-10 00:00:00+00:00,q90,development,DK2
0.001798784769763495,0.0027435221619475769,0.0029990466054993759,0.0040849143300095495,24,0,0.00035646186989291934,2022-05-11 00:00:00+00:00,q90,development,DK2
0.0023582490479349652,0.0032122203829384128,0.0029937778826559188,0.0039303829293257028,24,0,0.00035097532607898733,2022-05-12 00:00:00+00:00,q90,development,DK2
0.00017335226791856392,0.0002965712148455479,0.0003288812757687479,0.00052385892280215672,24,0,1.1407494964860483e-05,2022-05-13 00:00:00+00:00,q90,development,DK2
4.8843706547592573e-06,1.27247535257267e-05,1.1020819764668954e-05,2.9444167186681719e-05,24,0,2.4382029848738176e-08,2022-05-14 00:00:00+00:00,q90,development,DK2
0.0026989952441723443,0.0010665577538158859,0.0034137130648751002,0.0013123378206756642,24,0,0.00087261865775579636,2022-05-15 00:00:00+00:00,q90,development,DK2
0.12652714435556697,0.076641696859521824,0.12715432602903387,0.077901017762311245,24,0,0.055731537922385339,2022-05-16 00:00:00+00:00,q90,development,DK2
0.2611055348805128,0.20472309898467503,0.251515492942472,0.19717048305803372,24,0,0.16606638532724022,2022-05-17 00:00:00+00:00,q90,development,DK2
1.0108523984977089,1.0196392271444694,1.0147495079569733,1.0236523659886594,24,1,0.99551015649971253,2022-05-18 00:00:00+00:00,q90,development,DK2
0.21054575240272777,0.16478857250055029,0.20971885943390076,0.16799477170500685,24,0,0.11505158278355643,2022-05-19 00:00:00+00:00,q90,development,DK2
0.15526516972042081,0.18271214461323804,0.16555779189937248,0.19398444280058175,24,0,0.078407323528158102,2022-05-20 00:00:00+00:00,q90,development,DK2
1.1710263201669867e-05,3.7056193368892444e-05,3.2182217931693089e-05,8.8540112660310079e-05,24,0,1.0224029966367406e-07,2022-05-21 00:00:00+00:00,q90,development,DK2
0.041087372057909397,0.03158841084428269,0.043267228177691103,0.033627520833995568,24,0,0.021086379309716383,2022-05-22 00:00:00+00:00,q90,development,DK2
0.012727991742861404,0.011083588997306095,0.016859469782098777,0.015331802157463747,24,0,0.005099636192777794,2022-05-23 00:00:00+00:00,q90,development,DK2
0.058830738152412604,0.080823452462711526,0.061650130689459161,0.084346027358109865,24,0,0.023859650578445253,2022-05-24 00:00:00+00:00,q90,development,DK2
0.0033850168053409925,0.0076963266981097617,0.0053267481125040339,0.010886475737500536,24,0,0.00029920361663482491,2022-05-25 00:00:00+00:00,q90,development,DK2
3.0223126538490554e-10,4.5294561367847684e-09,5.9772573726802154e-08,2.3346038978354463e-07,24,0,5.1860790705655109e-12,2022-05-26 00:00:00+00:00,q90,development,DK2
3.1031705754358143e-15,1.4192966955947072e-13,2.9653203443319162e-10,1.3510335268294666e-09,24,0,1.8290978524733268e-16,2022-05-27 00:00:00+00:00,q90,development,DK2
1.8655751746499998e-08,1.6630841862060083e-07,1.4103132444871562e-07,1.4518946125579994e-06,24,0,1.2611181004949279e-09,2022-05-28 00:00:00+00:00,q90,development,DK2
0.20503863004688147,0.14784558765967049,0.199414381941043,0.14225456846555712,24,0,0.15611249007375833,2022-05-29 00:00:00+00:00,q90,development,DK2
3.1772565091154115,2.7687899773113771,3.1341976399167453,2.7470672583602029,24,0,2.8926760199375403,2022-05-30 00:00:00+00:00,q90,development,DK2
3.7258699607607939,3.1873684749441273,3.7038193516221019,3.1545466250860055,24,0,3.6932605995383789,2022-05-31 00:00:00+00:00,q90,development,DK2
1.6264414868623174,1.6273411099929809,1.6081705144132179,1.6291361963149493,24,0,1.3507955940230243,2022-06-01 00:00:00+00:00,q90,development,DK2
0.17608929805835086,0.2401417178466122,0.1726294488367153,0.2337403852155325,24,0,0.081387175921590907,2022-06-02 00:00:00+00:00,q90,development,DK2
0.043537786778329125,0.057903146820569629,0.039072782568633509,0.053477121609606521,24,0,0.023802756575158311,2022-06-03 00:00:00+00:00,q90,development,DK2
1.6199968366963844e-05,1.0493260505442548e-05,0.00010001214171771932,7.658229537358275e-05,24,0,9.0864567509346993e-06,2022-06-04 00:00:00+00:00,q90,development,DK2
9.1679031581086906e-07,4.1811888406461981e-06,1.7786309378022904e-05,5.2411172722708698e-05,24,0,5.5052773369698092e-08,2022-06-05 00:00:00+00:00,q90,development,DK2
0.0041286488395619308,0.0032930344902954902,0.0061797815493035615,0.005265046186236166,24,0,0.0010393344884110356,2022-06-06 00:00:00+00:00,q90,development,DK2
0.010771141658353434,0.019209171160035333,0.011675531300492394,0.020406348081205554,24,0,0.0027256458327691215,2022-06-07 00:00:00+00:00,q90,development,DK2
0.076055296301199754,0.096430738209684549,0.086549323117785112,0.10923969833775184,24,0,0.039095156795063722,2022-06-08 00:00:00+00:00,q90,development,DK2
0.050451687364929408,0.073998348545703099,0.058831312737533364,0.083740137700815703,24,0,0.016138972104281776,2022-06-09 00:00:00+00:00,q90,development,DK2
0.1033552547145461,0.082928256442501666,0.10416256827434345,0.086690111627263269,24,0,0.059605219017287936,2022-06-10 00:00:00+00:00,q90,development,DK2
1.4032815953458027e-05,5.4245644563117818e-05,4.6184947606495994e-05,0.00013105536028893959,24,0,6.1926440732000492e-07,2022-06-11 00:00:00+00:00,q90,development,DK2
0.0012611718543918873,0.0032366446695540887,0.0015158834329455874,0.0037275293254476669,24,0,0.00013666590388580651,2022-06-12 00:00:00+00:00,q90,development,DK2
0.0031132897195388391,0.0058134961923754155,0.0045230498717159177,0.0077849365315310268,24,0,0.00061572251374139423,2022-06-13 00:00:00+00:00,q90,development,DK2
0.55269516808587227,0.60610829396048738,0.54184493532310218,0.59538015713106207,24,0,0.41461811048264335,2022-06-14 00:00:00+00:00,q90,development,DK2
1.1410921415222852,0.83986926265674444,1.1344250986058366,0.82980779585463504,24,0,0.86543543957228075,2022-06-15 00:00:00+00:00,q90,development,DK2
0.4842649278055815,0.46900316405373699,0.47300210851671864,0.45893397703895855,24,0,0.28227908657888789,2022-06-16 00:00:00+00:00,q90,development,DK2
0.3844079068106383,0.40357818159424169,0.36549798429094849,0.38212960322795786,24,0,0.33912766668688504,2022-06-17 00:00:00+00:00,q90,development,DK2
0.00021272286061525144,0.00058956508018318335,0.00028116074387874931,0.00076244785795764078,24,0,2.168105900647889e-05,2022-06-18 00:00:00+00:00,q90,development,DK2
0.0025124893584694183,0.0034967933892050161,0.0039610733074102854,0.0051459347466974517,24,0,0.0012218659503464538,2022-06-19 00:00:00+00:00,q90,development,DK2
0.014656576310832817,0.01785309029540199,0.018718808383442066,0.021907502525562582,24,0,0.0075223332004986029,2022-06-20 00:00:00+00:00,q90,development,DK2
0.58962911421505271,0.55413646651858017,0.57342846571089234,0.54167624803142445,24,0,0.41314076426294077,2022-06-21 00:00:00+00:00,q90,development,DK2
1.322583887433296,1.2593184463651399,1.3070180619380611,1.2498709203383407,24,1,1.1838668378425796,2022-06-22 00:00:00+00:00,q90,development,DK2
2.1895514330290746,2.2420928432474505,2.1858249912508949,2.2401550792016698,24,3,2.2403373354943743,2022-06-23 00:00:00+00:00,q90,development,DK2
0.0026315354863332774,0.0065623145289075918,0.0053959596124789361,0.011680818482218391,24,0,0.00046437515702424278,2022-06-24 00:00:00+00:00,q90,development,DK2
1.246684293326327e-05,1.0150681404292186e-05,7.8327008820297693e-05,6.2981771374798535e-05,24,0,1.2579329914773773e-05,2022-06-25 00:00:00+00:00,q90,development,DK2
0.0022044582166162291,0.0019555819696520189,0.0034799387324454408,0.0029513548124050527,24,0,0.00081937240859736326,2022-06-26 00:00:00+00:00,q90,development,DK2
0.03150528916452109,0.044503989837048313,0.040735749623059883,0.055592023555731826,24,0,0.012720746021827246,2022-06-27 00:00:00+00:00,q90,development,DK2
0.42761475717188169,0.47415190885721259,0.43611706521726412,0.48807461471811031,24,0,0.39183924578823692,2022-06-28 00:00:00+00:00,q90,development,DK2
2.6048073582619273,2.6292874563502155,2.5874505758327069,2.6075947605579661,24,3,2.6728449793859399,2022-06-29 00:00:00+00:00,q90,development,DK2
0.7620787851948545,0.83072616227128249,0.73302540291763552,0.80557289618605754,24,0,0.59854412312564109,2022-06-30 00:00:00+00:00,q90,development,DK2
0.15784068361640785,0.17504203753784128,0.15844125457660388,0.17933901695742227,24,0,0.13721212733031579,2022-07-01 00:00:00+00:00,q90,development,DK2
0.0014140166460833395,0.0016199083547609723,0.0021692278771361191,0.0024716717550971675,24,0,0.0015922833197679308,2022-07-02 00:00:00+00:00,q90,development,DK2
0.028541895870951343,0.029373234245045447,0.028750025854324429,0.030536516951567373,24,0,0.024354857606428471,2022-07-03 00:00:00+00:00,q90,development,DK2
0.0071398740266015188,0.0095992339959973996,0.011484321089435385,0.014624645064183789,24,0,0.002738062674557441,2022-07-04 00:00:00+00:00,q90,development,DK2
0.084463965639736807,0.10324235350637573,0.086853763093770672,0.10548894756862365,24,0,0.035162395737217279,2022-07-05 00:00:00+00:00,q90,development,DK2
0.0005510682663368761,0.0013503921001240397,0.0010822671753429052,0.0022349538437410918,24,0,5.6738201353143656e-05,2022-07-06 00:00:00+00:00,q90,development,DK2
4.0397753300926648e-05,7.8819177448895291e-05,0.00019476805699735809,0.00033124656861693305,24,0,6.0485998251431828e-05,2022-07-07 00:00:00+00:00,q90,development,DK2
2.3650292566978764e-06,7.2236620708895343e-06,1.4434602774891179e-05,2.9611510482971346e-05,24,0,1.4874712414748222e-06,2022-07-08 00:00:00+00:00,q90,development,DK2
1.2939777016345501e-14,7.1598366429287433e-13,2.7271637407923517e-10,1.2768019658311707e-09,24,0,1.9884410582497636e-15,2022-07-09 00:00:00+00:00,q90,development,DK2
0.00013612073332716813,0.00033426244818076772,0.00042132511621493449,0.00086353289530082813,24,0,4.8981726584404565e-05,2022-07-10 00:00:00+00:00,q90,development,DK2
0.56428747515565447,0.5195491660974878,0.54958376714693369,0.50783862376660416,24,0,0.44633048540712228,2022-07-11 00:00:00+00:00,q90,development,DK2
0.74509611620519922,0.75693266590960362,0.71105751901357617,0.72258621776503351,24,0,0.57044201066874345,2022-07-12 00:00:00+00:00,q90,development,DK2
0.058835727996198364,0.076002550544810588,0.048796059848602295,0.063567234264524541,24,0,0.033217951327507621,2022-07-13 00:00:00+00:00,q90,development,DK2
0.0023108926605278253,0.0038222288268059106,0.0025432038990624039,0.003984828757490861,24,0,0.00045608677286698392,2022-07-14 00:00:00+00:00,q90,development,DK2
3.4566419850971096e-06,9.7314212814042136e-06,2.5520871333557885e-06,7.2079232867059308e-06,24,0,1.168996545037444e-06,2022-07-15 00:00:00+00:00,q90,development,DK2
4.3044103897760457e-12,5.8913429445803836e-11,1.4418042549388953e-09,6.9556640533221253e-09,24,0,9.4865718521398249e-13,2022-07-16 00:00:00+00:00,q90,development,DK2
0.011106205796948376,0.017210757568617657,0.013909585261682027,0.020313769266017162,24,0,0.0025018607303209646,2022-07-17 00:00:00+00:00,q90,development,DK2
1.9302104096774886,1.9127540282289552,1.9096773030615468,1.8903712233116676,24,0,1.6773766928512321,2022-07-18 00:00:00+00:00,q90,development,DK2
0.47640283764196883,0.52499277010204914,0.44878078904548913,0.49927567859811028,24,0,0.38452689354216513,2022-07-19 00:00:00+00:00,q90,development,DK2
0.076474122640704537,0.084801235985750748,0.075929610006729223,0.082582232625891303,24,0,0.067010993874021166,2022-07-20 00:00:00+00:00,q90,development,DK2
0.042782425316130426,0.052386986861569881,0.039952207664104365,0.048586688448074795,24,0,0.032203042509640151,2022-07-21 00:00:00+00:00,q90,development,DK2
0.016959548948304287,0.017815468330782937,0.015664374716453454,0.016121902193791511,24,0,0.014335685057114859,2022-07-22 00:00:00+00:00,q90,development,DK2
2.3600653769880003e-07,1.0165962311553993e-06,8.277512317339504e-06,1.811852537684439e-05,24,0,4.0682858840494457e-08,2022-07-23 00:00:00+00:00,q90,development,DK2
0.0056738815414652515,0.0079898972611151444,0.0059455269118318891,0.0078931870784895355,24,0,0.0028148349805223313,2022-07-24 00:00:00+00:00,q90,development,DK2
0.0017220956638792867,0.0022630254176281926,0.0032326646075378123,0.0036672786831443171,24,0,0.0018266523549432063,2022-07-25 00:00:00+00:00,q90,development,DK2
3.9355615896449061e-07,7.9814187962531827e-07,2.5021756359177811e-06,3.0013395756168891e-06,24,0,1.8742442501664343e-07,2022-07-26 00:00:00+00:00,q90,development,DK2
0.00080501728985477028,0.0013502931524752178,0.00108622862031782,0.0015393146428772932,24,0,0.00015377885842812918,2022-07-27 00:00:00+00:00,q90,development,DK2
1.7526993771499317,1.8029007367221705,1.7569327219650539,1.8142613239435299,24,2,1.7804348784266841,2022-07-28 00:00:00+00:00,q90,development,DK2
0.76605411419621672,0.98348911366299729,0.78825967032732425,1.0141831953328773,24,0,0.77955866523209227,2022-07-29 00:00:00+00:00,q90,development,DK2
0.00024202467181302497,0.00033263050527864146,0.00062052690125969506,0.00075713713052216476,24,0,0.00024843076710198643,2022-07-30 00:00:00+00:00,q90,development,DK2
0.0019993291445429755,0.0026831446184951684,0.0036323912443386192,0.0045124466911170853,24,0,0.0010670966317398876,2022-07-31 00:00:00+00:00,q90,development,DK2
0.27513611582278602,0.30824529722045513,0.26633700276723626,0.29823455903348522,24,0,0.17514597023458633,2022-08-01 00:00:00+00:00,q90,development,DK2
0.54934198498215969,0.42261718353234984,0.49764358999086966,0.37533958993191885,24,0,0.47504524197057368,2022-08-02 00:00:00+00:00,q90,development,DK2
1.0105641851312483,1.1554943832079856,0.96912593315156115,1.1300863639716954,24,4,1.0267988348878367,2022-08-03 00:00:00+00:00,q90,development,DK2
0.50628146323690293,0.60196766790476075,0.49247269593679327,0.59454300184320308,24,0,0.46991086367304841,2022-08-04 00:00:00+00:00,q90,development,DK2
0.0089441346418397873,0.015246933136015666,0.012945779886866904,0.020439068158694583,24,0,0.0028495227414119238,2022-08-05 00:00:00+00:00,q90,development,DK2
4.0434126948076802e-08,1.2868873928419488e-07,8.3973766004424965e-07,1.6239254063300098e-06,24,0,1.0736831252738228e-08,2022-08-06 00:00:00+00:00,q90,development,DK2
0.0011919030014219004,0.0024156366380161214,0.0022437038977267993,0.0039852748789740294,24,0,0.00024906140936157851,2022-08-07 00:00:00+00:00,q90,development,DK2
0.073325940468333808,0.090868622931603998,0.077200383404105954,0.093634580991397265,24,0,0.064206113671652312,2022-08-08 00:00:00+00:00,q90,development,DK2
0.36195356089164665,0.49154432922103564,0.36259986198859101,0.49129845258042737,24,0,0.36903109243283994,2022-08-09 00:00:00+00:00,q90,development,DK2
0.8502016587171497,1.1085787366153772,0.85510156773802415,1.1200494776113403,24,0,0.81864306709007717,2022-08-10 00:00:00+00:00,q90,development,DK2
1.1487869900666732,1.5027864736579544,1.1716932906238868,1.5337976720884945,24,0,1.1426905981026692,2022-08-11 00:00:00+00:00,q90,development,DK2
0.10830833009147758,0.15626100743645122,0.10822905248079265,0.15498708635133121,24,0,0.098782575383120227,2022-08-12 00:00:00+00:00,q90,development,DK2
0.00089794883373400585,0.0012847522087712736,0.0012763641879928261,0.0017367358201262689,24,0,0.0014884157607708663,2022-08-13 00:00:00+00:00,q90,development,DK2
4.7100133849437955e-06,1.0651815320517629e-05,4.9354189779440659e-05,6.4019626383299584e-05,24,0,2.3067639732262829e-06,2022-08-14 00:00:00+00:00,q90,development,DK2
0.01080014917100546,0.01504130636629156,0.015148790782519366,0.020468934313308682,24,0,0.0038536833737798709,2022-08-15 00:00:00+00:00,q90,development,DK2
0.18029529481117385,0.23880623201755741,0.1864751566391287,0.24658177955601326,24,0,0.19794638104566387,2022-08-16 00:00:00+00:00,q90,development,DK2
2.1524273284846056,2.3233395330920796,2.1470412822492846,2.3494815650445426,24,0,2.1924135183624585,2022-08-17 00:00:00+00:00,q90,development,DK2
0.24787919277230971,0.27514484072952444,0.25610227566499927,0.27762209009597399,24,0,0.18379757256209298,2022-08-18 00:00:00+00:00,q90,development,DK2
0.06610152838145085,0.069721580973789762,0.079186406631366793,0.082929796332546782,24,0,0.079910278553682379,2022-08-19 00:00:00+00:00,q90,development,DK2
1.0904832425608464e-05,1.487721021303842e-05,6.6264597847719302e-05,8.5634664025297164e-05,24,0,8.9408489367831748e-06,2022-08-20 00:00:00+00:00,q90,development,DK2
0.0043129711609393067,0.0035106035201566041,0.0067776103555576526,0.0055707197171597708,24,0,0.0012231798328286429,2022-08-21 00:00:00+00:00,q90,development,DK2
0.17054818397370408,0.16285028010967995,0.1688574418079723,0.15764141090039227,24,0,0.15024335437611311,2022-08-22 00:00:00+00:00,q90,development,DK2
0.20201077219550104,0.21974162642489001,0.18047415759889851,0.20026846608437832,24,0,0.16802426260445977,2022-08-23 00:00:00+00:00,q90,development,DK2
0.028650191607539479,0.030365293899858436,0.022070753580108318,0.023970454429945727,24,0,0.024195858952375252,2022-08-24 00:00:00+00:00,q90,development,DK2
0.034048823727421011,0.036211206720913686,0.030727104850686235,0.031824170698157309,24,0,0.019886088426497629,2022-08-25 00:00:00+00:00,q90,development,DK2
0.079223883116726651,0.10557321277923584,0.094874464419989632,0.12195748902634815,24,0,0.068936665705832928,2022-08-26 00:00:00+00:00,q90,development,DK2
1.9983039316658556e-05,3.0694616277422866e-05,0.00010161028350771651,0.00013083790665032946,24,0,1.0583801476987737e-05,2022-08-27 00:00:00+00:00,q90,development,DK2
5.6520447576288592e-06,1.3601920744153116e-05,4.7369996695444121e-05,6.6730113942375751e-05,24,0,9.4360215505753677e-07,2022-08-28 00:00:00+00:00,q90,development,DK2
0.009466964895945975,0.011806576545011809,0.010906117204831787,0.012792875121085585,24,0,0.0022725186570515862,2022-08-29 00:00:00+00:00,q90,development,DK2
0.0043035194772379015,0.0048237274438371275,0.0056867307515551645,0.0063079929510270203,24,0,0.0033068956009306445,2022-08-30 00:00:00+00:00,q90,development,DK2
0.0093168209477913731,0.0091065178871387736,0.012209199421583819,0.012081098445448461,24,0,0.0074428041145205787,2022-08-31 00:00:00+00:00,q90,development,DK2
0.25428298341567396,0.32369327998529235,0.25746214567995318,0.32703220942175448,24,0,0.23859748650583176,2022-09-01 00:00:00+00:00,q90,development,DK2
0.8319464034475319,0.81170225812066388,0.82923928588960327,0.8126785518419305,24,1,0.84183303271324439,2022-09-02 00:00:00+00:00,q90,development,DK2
7.3162936321422342e-13,5.4313704810446825e-12,1.2207011482482415e-09,1.5273841395908252e-09,24,0,3.7146138582824407e-15,2022-09-03 00:00:00+00:00,q90,development,DK2
2.9477751140167186e-12,7.0174582720653176e-12,1.3639200933414783e-11,3.1517177014053182e-11,24,0,3.4386148235631e-13,2022-09-04 00:00:00+00:00,q90,development,DK2
1.2919741463223058e-08,2.6033710236516898e-08,4.7375816223120016e-07,5.4367171666959477e-07,24,0,1.1695126435904243e-08,2022-09-05 00:00:00+00:00,q90,development,DK2
1.0978829603323561e-07,1.5032984520988798e-07,2.0883804355934705e-07,2.3708071114197968e-07,24,0,3.8625339037156108e-08,2022-09-06 00:00:00+00:00,q90,development,DK2
0.00037784542083838603,0.00046161730754315527,0.00053504035856807451,0.00059578503897294189,24,0,0.00010352750981228409,2022-09-07 00:00:00+00:00,q90,development,DK2
4.2842238391797396e-09,1.129913980036962e-08,7.1372146442399233e-08,5.1009960613459697e-07,24,0,3.9256205473325137e-11,2022-09-08 00:00:00+00:00,q90,development,DK2
7.1477885524670999e-05,0.00016559572974507021,0.00023439159162450554,0.00050046009491983923,24,0,2.1514309626522407e-05,2022-09-09 00:00:00+00:00,q90,development,DK2
0.00017233721537400241,0.00023551508039577188,0.00049394819168458533,0.00060576734434197442,24,0,9.1870923252825048e-05,2022-09-10 00:00:00+00:00,q90,development,DK2
0.0095802129336454035,0.0089296915682378786,0.0079569196919212354,0.0070385719756754037,24,0,0.0078997554129464527,2022-09-11 00:00:00+00:00,q90,development,DK2
0.093008578738662334,0.098784624695987755,0.089928777894822912,0.096742429124520399,24,0,0.075646823693822446,2022-09-12 00:00:00+00:00,q90,development,DK2
6.4021551712327905e-06,7.2473477958888763e-06,4.117668608617781e-06,4.6930314928236744e-06,24,0,3.6034654307551693e-06,2022-09-13 00:00:00+00:00,q90,development,DK2
0.26073679170993874,0.22831287956337717,0.24338712991239678,0.21252109197303215,24,0,0.18799854955917908,2022-09-14 00:00:00+00:00,q90,development,DK2
1.2987132007734075e-12,1.5440219371406827e-12,8.9721949990276326e-13,1.011069949381626e-12,24,0,4.2408503117966619e-13,2022-09-15 00:00:00+00:00,q90,development,DK2
1.2948868725023031e-06,1.5733949959450302e-06,1.4127688146167238e-05,1.3541641966511721e-05,24,0,3.9491524015717955e-07,2022-09-16 00:00:00+00:00,q90,development,DK2
5.6771384542240349e-07,6.7459746633693709e-07,5.1299028162700856e-06,3.9721995043365878e-06,24,0,4.1917152748108406e-08,2022-09-17 00:00:00+00:00,q90,development,DK2
1.5041752131127123e-06,1.3821216448785182e-06,6.7613724260008656e-06,5.3107869070156922e-06,24,0,1.8882612250954134e-07,2022-09-18 00:00:00+00:00,q90,development,DK2
0.0012157699644209463,0.00089582243523178443,0.00090698476501513631,0.00065461977230180015,24,0,0.00053109297496463999,2022-09-19 00:00:00+00:00,q90,development,DK2
1.3079045717218716,1.3068175145313949,1.3125747887361034,1.3574492889538017,24,0,1.3044386014942004,2022-09-20 00:00:00+00:00,q90,development,DK2
4.7041477437850432,4.0705791549000621,4.6675204574324116,4.0685396752870355,24,0,5.0505823518141462,2022-09-21 00:00:00+00:00,q90,development,DK2
2.3359926636031338,2.0246998942276813,2.3194818691183721,2.0109448391533391,24,2,2.4594643765855788,2022-09-22 00:00:00+00:00,q90,development,DK2
0.008050839772821259,0.0071991354275200061,0.0074369216916013456,0.0076911341534794536,24,0,0.0029767865412122754,2022-09-23 00:00:00+00:00,q90,development,DK2
0.0010702829529644266,0.0011461982837617198,0.0015448770839435444,0.0014751116827504726,24,0,0.00031183513683645243,2022-09-24 00:00:00+00:00,q90,development,DK2
0.00041893689681363162,0.000226001858180095,0.00057725109765817569,0.00045909637708742767,24,0,7.5759655920695516e-05,2022-09-25 00:00:00+00:00,q90,development,DK2
1.6601202729653387e-06,1.1622960931741701e-06,9.102117002157378e-06,4.942208768234432e-06,24,0,1.6774031392120099e-07,2022-09-26 00:00:00+00:00,q90,development,DK2
7.7172245344020218e-05,0.00014293113643374045,0.00013986800522020098,0.00028765706842043628,24,0,1.1892698927968379e-05,2022-09-27 00:00:00+00:00,q90,development,DK2
0.31769392702792909,0.31562561221282209,0.31609552477689834,0.31041866730205409,24,0,0.19233924240992373,2022-09-28 00:00:00+00:00,q90,development,DK2
2.7867596430567159,2.1455187924015582,2.7936731519532882,2.145253064987906,24,0,2.4682544305745724,2022-09-29 00:00:00+00:00,q90,development,DK2
2.8491197575762088,2.2561874176450614,2.8779050962251409,2.2630149977983529,24,0,2.6856103094831734,2022-09-30 00:00:00+00:00,q90,development,DK2
7.9438445342221943e-14,1.134928568006189e-12,1.1238946270254065e-10,1.1705783910054179e-09,24,0,8.2902998415939483e-16,2022-10-01 00:00:00+00:00,q90,development,DK2
1.5193034124927854e-17,6.195085353221668e-16,2.4185961090907394e-15,4.5604306575642756e-14,24,0,1.0510104171743874e-24,2022-10-02 00:00:00+00:00,q90,development,DK2
6.3695016091279062e-06,3.5525440006751191e-05,3.2971994907244507e-05,8.5291787341037874e-05,24,0,5.6784902073183873e-07,2022-10-03 00:00:00+00:00,q90,development,DK2
0.00025581021072117486,0.0012641560739982622,0.00069986857367224109,0.0023046536747227059,24,0,5.0070326743928667e-05,2022-10-04 00:00:00+00:00,q90,development,DK2
5.2943266965752482e-17,8.7224756991919616e-16,4.3941110664028266e-13,2.0280431831464528e-12,24,0,1.2207672951311066e-19,2022-10-05 00:00:00+00:00,q90,development,DK2
3.4402015931544489e-13,4.7196506677006016e-12,2.6548853336163213e-13,3.6406670136673715e-12,24,0,3.3035580742967904e-14,2022-10-06 00:00:00+00:00,q90,development,DK2
1.3154659869347318e-15,2.173594894705982e-14,2.130234619474622e-13,1.2925955877827789e-12,24,0,1.6383994268957643e-17,2022-10-07 00:00:00+00:00,q90,development,DK2
3.9085644709824424e-18,1.331429174011096e-16,3.2065844342179152e-14,1.7019938774510733e-13,24,0,2.4963848555676187e-23,2022-10-08 00:00:00+00:00,q90,development,DK2
1.6884712523811946e-12,5.0317229781115264e-11,1.4695942997601083e-09,8.3569375136165095e-09,24,0,9.1142920457713826e-16,2022-10-09 00:00:00+00:00,q90,development,DK2
7.1773404264358847e-09,3.4246326013713985e-08,4.196877829362455e-07,1.1432024650761083e-06,24,0,5.6496103093323743e-11,2022-10-10 00:00:00+00:00,q90,development,DK2
0.0046870290465546088,0.010578477106507209,0.0061564632744900826,0.013029915578241295,24,0,0.00056534832689698639,2022-10-11 00:00:00+00:00,q90,development,DK2
0.34406636845154948,0.63951051280445326,0.3428548231042835,0.63992902174624666,24,0,0.19168416252902112,2022-10-12 00:00:00+00:00,q90,development,DK2
0.00051452679986324634,0.001163469524391573,0.0017253451108279682,0.0031870009222034253,24,0,6.5141542876624695e-05,2022-10-13 00:00:00+00:00,q90,development,DK2
0.0089995583740123085,0.012271725292465873,0.013594351509258234,0.017507825202202107,24,0,0.001594057132217036,2022-10-14 00:00:00+00:00,q90,development,DK2
1.4772436841871436e-14,1.4228742040236529e-13,3.9239385159039842e-12,3.4785163799353678e-11,24,0,2.2609432911790772e-17,2022-10-15 00:00:00+00:00,q90,development,DK2
1.0149373923818155e-08,7.7875340222810233e-08,1.5778770854032206e-07,3.699521669718329e-07,24,0,2.4913017589825719e-10,2022-10-16 00:00:00+00:00,q90,development,DK2
4.3089495647612211e-06,1.9129128959709376e-05,4.4216768466921314e-05,0.00013395775166767711,24,0,2.4477793756332729e-07,2022-10-17 00:00:00+00:00,q90,development,DK2
4.7915555671586898e-07,1.4919400642340796e-06,1.1680544851637428e-05,2.3099533010602703e-05,24,0,2.4217164059969387e-08,2022-10-18 00:00:00+00:00,q90,development,DK2
0.0014166203048255408,0.0053445187566624483,0.0030911893056260365,0.0081252242863583523,24,0,0.00037188411579062796,2022-10-19 00:00:00+00:00,q90,development,DK2
1.811080622052879e-09,1.3139687351694897e-08,4.4152503577501262e-09,3.4947820105419152e-08,24,0,9.7805890041823145e-11,2022-10-20 00:00:00+00:00,q90,development,DK2
0.00030344973171647773,0.00041588895076881703,0.0010493121964366165,0.0013526561685769749,24,0,8.4355080137046441e-05,2022-10-21 00:00:00+00:00,q90,development,DK2
3.6737025655385071e-08,1.2475766628831682e-07,1.2066004442908434e-07,4.4523155825966299e-07,24,0,6.1482803772984871e-10,2022-10-22 00:00:00+00:00,q90,development,DK2
1.5279303443905889e-12,1.349721630451677e-11,2.6405527959735418e-12,2.6695630499418667e-11,24,0,3.6088346612578843e-15,2022-10-23 00:00:00+00:00,q90,development,DK2
2.6325335879094676e-17,4.0642127378391601e-16,2.2534446966057589e-12,1.3635503117306886e-11,24,0,1.5356048760782109e-19,2022-10-24 00:00:00+00:00,q90,development,DK2
3.0909791000412209e-11,8.8216377649400192e-11,3.2240113214905774e-08,6.057531019823722e-08,24,0,3.676832352865338e-13,2022-10-25 00:00:00+00:00,q90,development,DK2
3.3697286075316176e-06,6.6514646013347216e-06,3.7325001598348718e-05,5.5365340357901588e-05,24,0,4.6485129039290259e-07,2022-10-26 00:00:00+00:00,q90,development,DK2
2.6497489894247294e-06,4.1325196916061666e-06,2.0710249625625214e-05,3.1546157988484931e-05,24,0,9.4328068237300917e-08,2022-10-27 00:00:00+00:00,q90,development,DK2
2.4615955846702124e-08,1.1635940339585045e-07,6.665883820178221e-07,1.9625720165078388e-06,24,0,2.8104403351918021e-10,2022-10-28 00:00:00+00:00,q90,development,DK2
1.3828295962330821e-12,5.0683196291326518e-12,2.1308438793818156e-10,6.9886275145322228e-10,24,0,1.0241837144639906e-14,2022-10-29 00:00:00+00:00,q90,development,DK2
0,0,0,0,0,0,0,2022-10-30 00:00:00+00:00,q90,development,DK2
0.014324876379248994,0.035751037680598688,0.015785628427238425,0.033477774375811967,24,0,0.0071070580350205397,2022-10-31 00:00:00+00:00,q90,development,DK2
2.4285347320831442e-17,8.0187107111821936e-16,2.2956017649977775e-12,3.0033496487130767e-11,24,0,3.6365131084963614e-20,2022-11-01 00:00:00+00:00,q90,development,DK2
2.2848235986231921e-19,1.1114489511545095e-17,1.2884299262415038e-13,1.6041987964717373e-12,24,0,5.4669091789232999e-24,2022-11-02 00:00:00+00:00,q90,development,DK2
3.7232955834048389e-10,3.0767207797946531e-09,6.6699700681966322e-08,2.736438216452923e-07,24,0,1.9876645098563303e-11,2022-11-03 00:00:00+00:00,q90,development,DK2
3.6404993667494714e-05,0.00010227518431307146,0.00013839063335902184,0.00032529969084312758,24,0,8.2667013480571281e-07,2022-11-04 00:00:00+00:00,q90,development,DK2
4.1204124347441314e-10,3.1916950380511115e-09,3.8765489089044842e-09,3.3455483454773428e-08,24,0,2.2309205173056807e-13,2022-11-05 00:00:00+00:00,q90,development,DK2
8.9363149419567688e-30,1.5259528135368944e-29,8.3031471502123516e-24,2.3847162366394475e-23,24,0,8.727541804741568e-43,2022-11-06 00:00:00+00:00,q90,development,DK2
1.8735446498999023e-30,1.2475095658971657e-28,6.0755632773935324e-22,2.4551758852019982e-20,24,0,8.0909427887510086e-39,2022-11-07 00:00:00+00:00,q90,development,DK2
1.4139789384214297e-26,5.962194697923269e-25,4.3641969834563883e-18,5.0269178745165825e-17,24,0,6.725250061214978e-29,2022-11-08 00:00:00+00:00,q90,development,DK2
3.8045180104740138e-13,4.6503946832507233e-12,1.0398730664235424e-10,5.5441444261153852e-10,24,0,1.2609392845339647e-18,2022-11-09 00:00:00+00:00,q90,development,DK2
3.1344760522610598e-12,3.9980663062140246e-11,3.9896193821119695e-10,2.8402209423041426e-09,24,0,7.2682059222265051e-18,2022-11-10 00:00:00+00:00,q90,development,DK2
8.1847238123556145e-14,1.7273538820745849e-12,3.8907558911306125e-11,3.9707479332300614e-10,24,0,2.1663221701896394e-19,2022-11-11 00:00:00+00:00,q90,development,DK2
2.0758799029236313e-12,2.4984471133591743e-11,2.6791306096327457e-11,1.8205639437871186e-10,24,0,2.1507090758101696e-14,2022-11-12 00:00:00+00:00,q90,development,DK2
0,0,0,0,0,0,0,2022-11-13 00:00:00+00:00,q90,development,DK2
1.0011440274776737e-12,4.6619057391388502e-12,4.4350154160331463e-09,1.0894360428969867e-08,24,0,6.6894753699197121e-15,2022-11-14 00:00:00+00:00,q90,development,DK2
1.0949699904042131e-07,2.3873202854915144e-07,3.3415577150014784e-06,5.7122159116630768e-06,24,0,9.7811984820673952e-10,2022-11-15 00:00:00+00:00,q90,development,DK2
9.7724335457811824e-27,1.556760297076104e-26,1.8149786326853539e-23,2.3289447422950901e-22,24,0,9.0376330003457744e-34,2022-11-16 00:00:00+00:00,q90,development,DK2
6.0300952479201524e-20,5.6784663755221338e-18,3.7132665656314275e-16,3.7056298292753192e-14,24,0,6.6763805842938082e-28,2022-11-17 00:00:00+00:00,q90,development,DK2
7.3224868585299003e-19,6.9096514104759417e-17,3.3244730464677112e-13,4.0545777348655741e-12,24,0,2.0022735592006854e-22,2022-11-18 00:00:00+00:00,q90,development,DK2
1.8086830721225108e-05,0.00021176254392220819,0.00011108755319420613,0.00053733729834956818,24,0,9.1451273167503847e-07,2022-11-19 00:00:00+00:00,q90,development,DK2
0,0,0,0,0,0,0,2022-11-20 00:00:00+00:00,q90,development,DK2
0.0073819049607884669,0.0084388805271468775,0.0071463906640196048,0.0083047050804724298,24,0,0.0027698298367890744,2022-11-21 00:00:00+00:00,q90,development,DK2
3.3752548177242378e-17,1.3332033167449054e-16,1.1382984630265453e-12,3.1284177411371103e-12,24,0,7.7091928765504075e-18,2022-11-22 00:00:00+00:00,q90,development,DK2
8.6890631570029552e-16,3.3955034707303876e-15,3.5908310350821969e-11,7.6427154099963588e-11,24,0,4.1058939476975302e-18,2022-11-23 00:00:00+00:00,q90,development,DK2
9.2484808599835503e-08,1.6289836508118595e-07,4.1039949513378171e-06,5.90456729191861e-06,24,0,4.5413329123935555e-09,2022-11-24 00:00:00+00:00,q90,development,DK2
6.6919703079139058e-05,0.00019258598396482883,0.00020004745764045777,0.00044843978584077209,24,0,3.6198159412312575e-06,2022-11-25 00:00:00+00:00,q90,development,DK2
3.4023615667696492e-09,7.5860774346152184e-08,6.5674511023789262e-08,4.9557337358058406e-07,24,0,1.0020401869209526e-11,2022-11-26 00:00:00+00:00,q90,development,DK2
7.6566756234649627e-17,3.155097058474773e-15,2.749832975534195e-14,1.5706047170945643e-12,24,0,3.0978049398348522e-24,2022-11-27 00:00:00+00:00,q90,development,DK2
3.437925495697756e-09,1.8849204202602904e-08,6.3463670753786649e-08,2.1749303937500712e-07,24,0,1.4384788430061323e-12,2022-11-28 00:00:00+00:00,q90,development,DK2
0.00044519899593735478,0.0010840067194933826,0.00075268467438085356,0.0016421918602906979,24,0,1.1500379460687271e-05,2022-11-29 00:00:00+00:00,q90,development,DK2
0.0034046540993783988,0.024521264831594513,0.003855029198698848,0.02622659796212989,24,0,0.00096907049973178085,2022-11-30 00:00:00+00:00,q90,development,DK2
4.3219489364277761,4.1079660660994044,4.3184276751535826,4.1135615582161229,24,5,4.6043979151022878,2022-12-01 00:00:00+00:00,q90,development,DK2
0.001365136365842893,0.0092974605261747743,0.0025973369518361186,0.01231869612343506,24,0,0.00023915637801064131,2022-12-02 00:00:00+00:00,q90,development,DK2
1.8024729579379466e-12,1.564384865709605e-11,1.8028619704373898e-10,1.3463936514312794e-09,24,0,1.9724718185835552e-18,2022-12-03 00:00:00+00:00,q90,development,DK2
6.9949721472360728e-11,2.7903989212030759e-10,3.1478270455771167e-09,1.15080760147133e-08,24,0,2.4970995468920746e-15,2022-12-04 00:00:00+00:00,q90,development,DK2
0.0013719616751709223,0.0023059387467135816,0.0023782829010601373,0.0039497726755310259,24,0,6.9914042275174892e-05,2022-12-05 00:00:00+00:00,q90,development,DK2
0.20935961329655092,0.32302708228507837,0.21665463952971523,0.32847239114459981,24,0,0.10330600206973357,2022-12-06 00:00:00+00:00,q90,development,DK2
0.0022891455190189669,0.015574550015277945,0.0048557221983037569,0.020383293867258286,24,0,0.00053476919150201459,2022-12-07 00:00:00+00:00,q90,development,DK2
3.5757479163342478,3.3267807016640987,3.5797213874757583,3.3206511229206432,24,4,3.6479620727062319,2022-12-08 00:00:00+00:00,q90,development,DK2
0.35965209925726027,1.0050157527081098,0.36527556028714375,1.0097607465272367,24,0,0.26881295688368712,2022-12-09 00:00:00+00:00,q90,development,DK2
0.069077259611105987,0.25323055132656996,0.057649139823554997,0.21956776998149433,24,0,0.060838328315583202,2022-12-10 00:00:00+00:00,q90,development,DK2
0.68957080130185089,0.60318486443073549,0.69565071981206172,0.619177938765479,24,1,0.76710685285983471,2022-12-11 00:00:00+00:00,q90,development,DK2
5.0030593069863167,3.9374287476910075,5.1081315131663318,4.0028748318128011,24,11,5.3344051943868687,2022-12-12 00:00:00+00:00,q90,development,DK2
3.1727069669682928,3.3394663805580027,3.1668991732860707,3.3285824895882978,24,4,3.1530828390665415,2022-12-13 00:00:00+00:00,q90,development,DK2
0.044342462945773257,0.18516784993846291,0.04610022933474734,0.18542828363262703,24,0,0.046009566248671786,2022-12-14 00:00:00+00:00,q90,development,DK2
2.3793986902421032,3.1633972544852491,2.3838099618585389,3.189677151972822,24,2,2.3191653040433349,2022-12-15 00:00:00+00:00,q90,development,DK2
6.0906244206205544,6.5748699397740484,6.1096621346142506,6.5885327918155303,24,10,6.2297484920277642,2022-12-16 00:00:00+00:00,q90,development,DK2
0.58375562886541932,0.77931932594107922,0.58045968129009218,0.78416381227193366,24,3,0.57150595192487263,2022-12-17 00:00:00+00:00,q90,development,DK2
2.3831927023967617e-11,1.2897577353592144e-10,1.3144461134145393e-09,5.7092419291315461e-09,24,0,3.1991298483151678e-12,2022-12-18 00:00:00+00:00,q90,development,DK2
1.4920288578749836e-18,3.4869065825193768e-18,1.9268288549912627e-11,1.9583561823989462e-11,24,0,2.3025746451301097e-18,2022-12-19 00:00:00+00:00,q90,development,DK2
1.7559189541159285e-10,2.2884694158271912e-10,2.2750367686879938e-08,1.9525294560013926e-08,24,0,8.4122063921436351e-14,2022-12-20 00:00:00+00:00,q90,development,DK2
0.0003333294239000405,0.00028210898077324679,0.00033538019364367567,0.00027925944706187322,24,0,4.9688138150385706e-05,2022-12-21 00:00:00+00:00,q90,development,DK2
3.1987135252874822e-05,3.1851003469056223e-05,0.00011981373119517914,0.00010683514278047691,24,0,1.9928740021981595e-06,2022-12-22 00:00:00+00:00,q90,development,DK2
0.00040128032521543299,0.00046804351287830858,0.0011957131331806997,0.0013421845842633876,24,0,5.6718706232619133e-05,2022-12-23 00:00:00+00:00,q90,development,DK2
2.2863065580902459e-07,1.7292896249265834e-07,5.0760185985205065e-07,3.4031330987615298e-07,24,0,6.6079273281829868e-09,2022-12-24 00:00:00+00:00,q90,development,DK2
5.9099295464218575e-07,8.9724924449844107e-07,2.4064643441918995e-06,3.1310954661117057e-06,24,0,1.0832196759720171e-08,2022-12-25 00:00:00+00:00,q90,development,DK2
3.2499369724686677e-10,6.2124149989302991e-10,5.5088365674461754e-08,9.0064107395543551e-08,24,0,5.806346023145051e-11,2022-12-26 00:00:00+00:00,q90,development,DK2
2.0997792993239877e-13,1.5364632741341715e-12,1.0955626862701182e-09,4.5314163819188506e-09,24,0,8.2975040530989451e-15,2022-12-27 00:00:00+00:00,q90,development,DK2
3.2213874621798653e-28,3.0190298488487032e-26,7.2232607886625824e-18,1.3232635222608801e-16,24,0,1.2853622427147297e-31,2022-12-28 00:00:00+00:00,q90,development,DK2
1.4098672228200944e-24,5.5253747429409547e-23,2.6924261491963286e-19,1.2200874395505043e-17,24,0,7.9250165631467928e-28,2022-12-29 00:00:00+00:00,q90,development,DK2
5.7558838154533872e-19,1.1020585214592277e-17,6.9832495303920657e-14,4.6311348332636594e-13,24,0,2.9576297098267483e-21,2022-12-30 00:00:00+00:00,q90,development,DK2
4.1841277719543906e-12,1.9734240137659024e-12,6.7197616524414328e-11,2.0879165803262894e-11,24,0,7.4546124350538698e-14,2022-12-31 00:00:00+00:00,q90,development,DK2
1.9015640263165777e-09,1.2255552673813074e-09,9.8908063044584491e-09,7.0215322339327434e-09,24,0,6.4959550811087374e-12,2023-01-01 00:00:00+00:00,q90,development,DK2
0.00011366286836412947,8.1880873528988979e-05,0.00013694801953492927,9.1007531389491361e-05,24,0,6.337272406053194e-06,2023-01-02 00:00:00+00:00,q90,development,DK2
9.5284515627284529e-11,7.2565466992804986e-10,5.2540881279156105e-08,1.8599384763955296e-07,24,0,1.6761374716107013e-12,2023-01-03 00:00:00+00:00,q90,development,DK2
1.1018970002447951e-23,3.3012545659291343e-20,1.0486901905680282e-15,2.379749974383723e-13,24,0,7.2977265096072965e-27,2023-01-04 00:00:00+00:00,q90,development,DK2
4.0497272644052927e-06,1.0202503798894609e-05,8.6129458466179112e-06,1.2738951833298803e-05,24,0,1.5077881466387932e-07,2023-01-05 00:00:00+00:00,q90,development,DK2
2.6248258542910415e-09,1.6613520700903767e-09,8.5875481306416807e-08,7.6698208383711513e-08,24,0,4.7093467966372763e-11,2023-01-06 00:00:00+00:00,q90,development,DK2
1.7351966236011245e-13,9.940018481180477e-14,1.3600891586097916e-11,3.7387576330500603e-12,24,0,4.7862375567463817e-16,2023-01-07 00:00:00+00:00,q90,development,DK2
2.4629111859489364e-11,2.4073283337304035e-11,4.9253143293543308e-09,2.384021075960174e-09,24,0,8.6810724601860942e-14,2023-01-08 00:00:00+00:00,q90,development,DK2
1.9922662275642201e-05,1.3130276626372831e-05,4.2714552713787219e-05,2.530808625215867e-05,24,0,1.1485434180478945e-06,2023-01-09 00:00:00+00:00,q90,development,DK2
1.3809726704574364e-09,3.1435767091064737e-08,7.8902793647439988e-08,9.7580560176864146e-07,24,0,7.788068713028261e-11,2023-01-10 00:00:00+00:00,q90,development,DK2
3.4341028733080074e-17,4.3637034984585552e-15,1.2483084880811793e-11,2.878436903723062e-10,24,0,3.7452388117580796e-19,2023-01-11 00:00:00+00:00,q90,development,DK2
4.9579261784709588e-12,2.5444560091636607e-12,7.6188642085136491e-10,2.2600003639109305e-10,24,0,4.7120465698113872e-14,2023-01-12 00:00:00+00:00,q90,development,DK2
2.6524215342892114e-28,2.0154862414690663e-25,7.848519602849101e-20,1.1050401264186595e-17,24,0,2.1411768383955469e-31,2023-01-13 00:00:00+00:00,q90,development,DK2
3.9443045261050569e-30,5.6945896595641769e-30,9.9001984070890541e-24,2.9599075664420263e-20,24,0,2.8443407033293235e-41,2023-01-14 00:00:00+00:00,q90,development,DK2
3.8285391882638755e-27,8.2560703226233806e-27,3.489157937908854e-21,3.5403097586625977e-21,24,0,3.7229034016587935e-29,2023-01-15 00:00:00+00:00,q90,development,DK2
4.0292383607889869e-07,1.7021822465318291e-06,1.4510044642050983e-05,4.1194436205457774e-05,24,0,4.8586316857577578e-08,2023-01-16 00:00:00+00:00,q90,development,DK2
4.2503263963933481e-08,1.5203734303935371e-07,2.4902754923980446e-06,5.91997697580702e-06,24,0,2.2094135990732867e-08,2023-01-17 00:00:00+00:00,q90,development,DK2
0.00052598189853382841,0.0011031404440529054,0.0023370496581049459,0.0041640349585523508,24,0,0.00027396167045034056,2023-01-18 00:00:00+00:00,q90,development,DK2
0.0010782718829371982,0.0021786037288295816,0.0025846095911135668,0.0046396603396319141,24,0,0.00056220505307456078,2023-01-19 00:00:00+00:00,q90,development,DK2
0.54629510235359036,1.2125611686108073,0.55508648594743359,1.2292231525263784,24,0,0.42909993502545479,2023-01-20 00:00:00+00:00,q90,development,DK2
1.5487216933002079e-06,3.8454942015475324e-05,1.0098982084684863e-05,0.00011006069315149203,24,0,5.6819417217603203e-07,2023-01-21 00:00:00+00:00,q90,development,DK2
4.6063568359696556e-05,0.00027717819794076637,0.00028228549825746194,0.00096969109286766057,24,0,5.44200689068955e-06,2023-01-22 00:00:00+00:00,q90,development,DK2
1.946832107000728,1.6816198516213583,1.9052012447276028,1.6458824722842818,24,7,1.964822019284671,2023-01-23 00:00:00+00:00,q90,development,DK2
3.0033807676421604,2.9172100388184878,2.99026143157697,2.9040388685479352,24,4,3.1637096288536806,2023-01-24 00:00:00+00:00,q90,development,DK2
4.6648815987515659,4.7023714261799139,4.6932210955616913,4.7275517746470568,24,8,5.134884782006516,2023-01-25 00:00:00+00:00,q90,development,DK2
4.7361150008730775,4.0359243516774592,4.7770846291808811,4.1101590677014412,24,5,4.7656823356831097,2023-01-26 00:00:00+00:00,q90,development,DK2
0.21143618883990301,0.32644644619645885,0.20205935723374188,0.30311401477208316,24,0,0.16433675611301399,2023-01-27 00:00:00+00:00,q90,development,DK2
0.00073903216508306227,0.0011544037762170546,0.001480035242964613,0.0020563408841406494,24,0,0.00017086286255014121,2023-01-28 00:00:00+00:00,q90,development,DK2
1.6503476791663984e-09,1.8501695095975104e-09,2.5466071021916742e-09,2.2977258285241108e-09,24,0,9.4842790077767392e-12,2023-01-29 00:00:00+00:00,q90,development,DK2
1.1532019669787601e-23,1.4065676284273284e-23,3.2209860194933654e-23,3.223202685356967e-23,24,0,3.6569507463610152e-34,2023-01-30 00:00:00+00:00,q90,development,DK2
2.8597535849687762e-18,3.9548463908907403e-17,9.2453024679182577e-16,4.8400733927702933e-15,24,0,1.9968457763860204e-19,2023-01-31 00:00:00+00:00,q90,development,DK2
1.8056621459516485e-24,2.5661402511873787e-23,6.3707464752430665e-20,5.472628284475049e-19,24,0,2.1158904438129235e-25,2023-02-01 00:00:00+00:00,q90,development,DK2
1.1923826023734282e-05,5.6831299498296611e-05,3.6598265356091617e-05,0.00010897454914827074,24,0,3.2686733179882416e-06,2023-02-02 00:00:00+00:00,q90,development,DK2
5.4234026560337277e-09,3.3075742350415553e-08,5.6437038076411019e-07,1.7915668758409442e-06,24,0,1.97792191635167e-10,2023-02-03 00:00:00+00:00,q90,development,DK2
0.0026933420173882801,0.0086453750697469637,0.0035682498779714962,0.009222448235224676,24,0,0.0011032971963223829,2023-02-04 00:00:00+00:00,q90,development,DK2
4.2325579954236425e-07,8.6750508590090252e-07,2.7133284350350903e-06,5.9003989461731289e-06,24,0,2.4637453159705706e-08,2023-02-05 00:00:00+00:00,q90,development,DK2
2.065080894954292,1.9727809492146839,2.0313436912973728,1.9282599852518387,24,8,2.0898884771806894,2023-02-06 00:00:00+00:00,q90,development,DK2
0.95533002619680518,1.5006426258414673,0.91127551380439142,1.4586762566914084,24,0,0.73393469355322283,2023-02-07 00:00:00+00:00,q90,development,DK2
0.097693580556704004,0.11262130164037587,0.10138453344444828,0.11236764955139068,24,0,0.054315450412385474,2023-02-08 00:00:00+00:00,q90,development,DK2
0.0006558882517925268,0.00079797685165922355,0.0004741195536947784,0.00058832982121004697,24,0,0.0004023999298645551,2023-02-09 00:00:00+00:00,q90,development,DK2
0.00099325268002738404,0.0011775132114079671,0.00084926788198427621,0.0010457007049398323,24,0,0.00035236554205595984,2023-02-10 00:00:00+00:00,q90,development,DK2
8.4357671597753703e-09,2.3117108022344113e-08,9.562069136882039e-08,2.118892481866809e-07,24,0,1.3068244616437145e-10,2023-02-11 00:00:00+00:00,q90,development,DK2
8.2694655650084474e-07,2.1965378281846973e-06,6.5129245143478245e-06,2.2263032105682442e-05,24,0,1.0461753722639421e-08,2023-02-12 00:00:00+00:00,q90,development,DK2
0.00022463734363819453,0.00041852751660533156,0.00061785755134312033,0.0010645942767859324,24,0,6.7144219657742521e-06,2023-02-13 00:00:00+00:00,q90,development,DK2
0.10543248353921847,0.18452190564269011,0.10484481284729741,0.18326500110556365,24,0,0.078123794577360572,2023-02-14 00:00:00+00:00,q90,development,DK2
0.00085110759086247693,0.0033905248505884931,0.002194267287433738,0.0056799310649978717,24,0,0.0001081455544533551,2023-02-15 00:00:00+00:00,q90,development,DK2
5.6330460833460497e-07,1.8289390685340376e-06,9.1894725381473524e-06,2.4866548224652258e-05,24,0,1.8506855143873401e-09,2023-02-16 00:00:00+00:00,q90,development,DK2
9.0533128881607901e-17,1.7152552814901607e-15,1.2125441493038062e-13,1.1608423779205333e-12,24,0,1.5040749563390678e-20,2023-02-17 00:00:00+00:00,q90,development,DK2
2.5975428162005983e-16,4.3251333131483111e-15,1.9566293076110339e-14,2.2787472080541903e-13,24,0,1.7244570329128061e-18,2023-02-18 00:00:00+00:00,q90,development,DK2
3.5087230873886127e-13,2.8019076706581972e-12,1.0116561412594992e-10,5.7786589625886374e-10,24,0,3.5535597296042302e-18,2023-02-19 00:00:00+00:00,q90,development,DK2
5.3579028637916229e-24,1.8017208188824226e-22,8.2838232432205791e-21,2.4305071373364873e-19,24,0,1.8089972553068375e-27,2023-02-20 00:00:00+00:00,q90,development,DK2
0.00013236303036720897,0.00076605968181849937,0.00050773870706195129,0.0016758664554131163,24,0,9.9653325154242039e-06,2023-02-21 00:00:00+00:00,q90,development,DK2
0.00017482529710295835,0.0012996678516457667,0.00057865695733690483,0.002624166197137318,24,0,1.5655549022246592e-05,2023-02-22 00:00:00+00:00,q90,development,DK2
0.0016240791429949176,0.0076762844160165392,0.0021717518479250583,0.0086943056450169386,24,0,0.00040429064589309521,2023-02-23 00:00:00+00:00,q90,development,DK2
9.7763522633741606e-07,1.6803789685987356e-06,2.3903519760139901e-05,3.4326363187946768e-05,24,0,8.2616529464044449e-07,2023-02-24 00:00:00+00:00,q90,development,DK2
2.3364544421027785e-22,9.78647784193812e-21,7.1965764743068533e-19,3.5556456444080714e-18,24,0,2.6771226585718688e-28,2023-02-25 00:00:00+00:00,q90,development,DK2
6.5280455419550675e-05,0.00011450764621285971,0.00020987265538559703,0.00032559176286944792,24,0,3.3912058284119579e-05,2023-02-26 00:00:00+00:00,q90,development,DK2
0.14751450362943047,0.28895410701653207,0.12275036204156513,0.25253470029417746,24,0,0.15059313027688903,2023-02-27 00:00:00+00:00,q90,development,DK2
1.0914027446866801,1.5850811992158111,1.0836851000255254,1.5566270850810562,24,1,1.0767474898328218,2023-02-28 00:00:00+00:00,q90,development,DK2
2.6839132023555372,2.3418346043481222,2.6941250999374242,2.3650313853741247,24,4,2.6535214549394475,2023-03-01 00:00:00+00:00,q90,development,DK2
3.6054662402468742,3.2165633314946542,3.5836746373622459,3.217375572439908,24,5,3.6070193026647304,2023-03-02 00:00:00+00:00,q90,development,DK2
2.4871189181256246,2.2290657344604639,2.4255734696748479,2.1925629976832832,24,3,2.6032213968675797,2023-03-03 00:00:00+00:00,q90,development,DK2
1.9910929037428248e-07,7.8548818073313793e-06,7.6538640530405962e-06,9.4246925016487837e-05,24,0,7.5605949703725702e-08,2023-03-04 00:00:00+00:00,q90,development,DK2
0.0015863028921334445,0.0042517861686759018,0.001801475528636174,0.0042662503235862646,24,0,0.00084739965549725455,2023-03-05 00:00:00+00:00,q90,development,DK2
2.9850471293219387,2.6236029981538715,2.9687991994119955,2.6458222617230733,24,4,3.0462021566034045,2023-03-06 00:00:00+00:00,q90,development,DK2
4.1504231656525678e-10,4.2596181239115081e-09,4.4254274044941787e-09,3.6507233657779974e-08,24,0,6.9772931557214116e-11,2023-03-07 00:00:00+00:00,q90,development,DK2
1.2049776242757761,1.2973073169150875,1.2071036287984989,1.3001104945756183,24,0,1.1298491560605464,2023-03-08 00:00:00+00:00,q90,development,DK2
0.087081562739180371,0.12639020270575937,0.080648335464439738,0.11729356222647071,24,0,0.059151860230167816,2023-03-09 00:00:00+00:00,q90,development,DK2
9.9966077566606816e-09,7.347571901042707e-08,5.1209000415831024e-07,2.0374479781620894e-06,24,0,2.00295358873452e-09,2023-03-10 00:00:00+00:00,q90,development,DK2
3.4219649765291162e-16,8.0831648557482055e-15,3.1657643796457671e-11,2.6118866323420292e-10,24,0,3.8790693931221148e-17,2023-03-11 00:00:00+00:00,q90,development,DK2
2.0926280872419628e-08,1.5246630714575302e-07,8.9325293384061909e-08,5.2824880005640749e-07,24,0,1.1747433036365389e-09,2023-03-12 00:00:00+00:00,q90,development,DK2
9.4909827659402965e-31,1.9968041663406858e-30,1.8779990368177047e-23,1.6954777339453136e-21,24,0,4.6868131484954838e-37,2023-03-13 00:00:00+00:00,q90,development,DK2
4.3561854487814282e-13,3.41973991011881e-12,1.0217464842001979e-08,2.9276711094296127e-08,24,0,6.5229613392573515e-13,2023-03-14 00:00:00+00:00,q90,development,DK2
0.0001076842035927744,0.00024950816745109001,0.00052608560182799968,0.00097230848925561331,24,0,2.2920433280116159e-05,2023-03-15 00:00:00+00:00,q90,development,DK2
8.3445276753138712e-09,1.501218811229783e-07,1.1434003013589143e-07,1.5412858894156278e-06,24,0,8.7561370869281508e-10,2023-03-16 00:00:00+00:00,q90,development,DK2
6.7883480272545906e-09,3.7962480900708036e-08,6.701569036201881e-07,2.2080328049871816e-06,24,0,6.2245245526818791e-10,2023-03-17 00:00:00+00:00,q90,development,DK2
1.934166702680918e-08,3.7478478920693945e-07,9.0069604622089403e-08,8.5030696900957657e-07,24,0,2.2185216977042719e-09,2023-03-18 00:00:00+00:00,q90,development,DK2
8.1748615557072779e-05,0.00040889234643373906,0.00034560301440733404,0.0010256182603095411,24,0,9.6432411651327389e-06,2023-03-19 00:00:00+00:00,q90,development,DK2
4.8082697842171125e-05,0.00017660349769087417,0.00032491396250089487,0.0009019199558485141,24,0,2.8587109704036523e-06,2023-03-20 00:00:00+00:00,q90,development,DK2
0.0059720670898616036,0.018874632264539986,0.008514185346837861,0.022415628282163605,24,0,0.0015082586908511347,2023-03-21 00:00:00+00:00,q90,development,DK2
6.1954903262820908e-16,1.3012229632091345e-14,9.2872535122755934e-12,9.0560974641314023e-11,24,0,5.2046789792845534e-19,2023-03-22 00:00:00+00:00,q90,development,DK2
8.9431440908888806e-16,1.6509653132892505e-14,1.1863140471257949e-10,7.0892358137371941e-10,24,0,1.3477754211832535e-15,2023-03-23 00:00:00+00:00,q90,development,DK2
1.4027068813028585e-15,2.7207424137903058e-14,4.4968902484918619e-12,4.9426702418288272e-11,24,0,3.4246460623769506e-16,2023-03-24 00:00:00+00:00,q90,development,DK2
4.8789964423718952e-16,1.2647061051410388e-14,5.8657538832703599e-13,9.0735625344229425e-12,24,0,1.2983142995179635e-16,2023-03-25 00:00:00+00:00,q90,development,DK2
2.0487842140069689e-07,7.2710582305496751e-07,5.8044005735822989e-06,1.4220760748178332e-05,24,0,8.2775918428932525e-09,2023-03-26 00:00:00+00:00,q90,development,DK2
0.00012786265830157912,0.0002653451838500985,0.00065435922723748477,0.0010698495303356945,24,0,0.00028809941080130518,2023-03-27 00:00:00+00:00,q90,development,DK2
0.016986876076132394,0.040766203530389164,0.017450118802849201,0.041364632038926291,24,0,0.011262883337038116,2023-03-28 00:00:00+00:00,q90,development,DK2
0.00068042819178826578,0.0013724712199346127,0.0016865308418242369,0.0028188966351854277,24,0,0.00019068791892663518,2023-03-29 00:00:00+00:00,q90,development,DK2
7.8676229266675257e-09,7.1420361139045977e-08,6.4268528174611501e-08,4.9591815667589311e-07,24,0,6.2874149341620274e-10,2023-03-30 00:00:00+00:00,q90,development,DK2
2.1170043188327733e-05,8.6497886891187791e-05,7.2496017381237093e-05,0.00023992960048355258,24,0,6.299150580860558e-06,2023-03-31 00:00:00+00:00,q90,development,DK2
4.2921701980038086e-21,1.3812697996619597e-18,5.275349196484067e-14,1.0355927632869115e-12,24,0,2.9823660020654201e-22,2023-04-01 00:00:00+00:00,q90,development,DK2
5.1020967754234244e-07,1.1730157984697879e-06,5.5991769840733404e-06,1.4412172713011548e-05,24,0,7.0223586168146182e-07,2023-04-02 00:00:00+00:00,q90,development,DK2
0.30944582361617889,0.2265746215432701,0.29126477795053651,0.20807592242913564,24,0,0.33130988013922869,2023-04-03 00:00:00+00:00,q90,development,DK2
5.5820449953374753,4.3975215827739955,5.5574729886166132,4.3906598989987851,24,4,5.9014940581540358,2023-04-04 00:00:00+00:00,q90,development,DK2
6.1565044669624447,4.4246244156580801,6.2442241401579022,4.5056040953041183,24,8,6.4995252114034283,2023-04-05 00:00:00+00:00,q90,development,DK2
0.0064944945497507492,0.0018790536700712891,0.011206186529507769,0.0040147728475156555,24,0,0.0029864607628754735,2023-04-06 00:00:00+00:00,q90,development,DK2
0.0013394438421507008,0.0014474255182768459,0.0030889680870859939,0.0032837966057283471,24,0,0.00036657136233788013,2023-04-07 00:00:00+00:00,q90,development,DK2
2.8019705307547141e-07,2.6651604368931184e-07,5.1264394273460906e-06,5.7196978784857825e-06,24,0,4.7001494625871881e-08,2023-04-08 00:00:00+00:00,q90,development,DK2
3.3781448712480384e-12,8.8642184671170078e-12,1.6201274403955818e-09,4.3870648886078741e-09,24,0,8.5819524041890582e-15,2023-04-09 00:00:00+00:00,q90,development,DK2
2.7561195747943099e-11,1.0680287508489021e-10,3.3569017097321568e-08,7.1372996685426021e-08,24,0,1.3650512365068495e-12,2023-04-10 00:00:00+00:00,q90,development,DK2
1.7914084072852183e-08,5.9385839586801739e-08,4.5227222557279543e-07,1.7727094519399849e-06,24,0,1.0901455842520097e-08,2023-04-11 00:00:00+00:00,q90,development,DK2
1.096549424642125e-06,1.3885716351807139e-06,2.8635520250196824e-05,2.7739808388452241e-05,24,0,1.2766315741218516e-06,2023-04-12 00:00:00+00:00,q90,development,DK2
0.54611098153329651,0.36872956198331086,0.51849118061067989,0.35063593137077087,24,0,0.37733207418663345,2023-04-13 00:00:00+00:00,q90,development,DK2
2.0154585240058553,1.8327466235059044,1.9986133216594024,1.8194896577107982,24,1,1.8768096622964714,2023-04-14 00:00:00+00:00,q90,development,DK2
5.3254608978333434e-08,4.7010143657262342e-07,4.2187922978431071e-07,1.3394453028938775e-06,24,0,9.1412739716112898e-10,2023-04-15 00:00:00+00:00,q90,development,DK2
0.007811129824457942,0.0024717482477337521,0.010834254861862631,0.0049919824988666102,24,0,0.002559631939555156,2023-04-16 00:00:00+00:00,q90,development,DK2
0.40661038887389855,0.43168535433444344,0.40937368795810242,0.43450244714713132,24,1,0.41079929010569555,2023-04-17 00:00:00+00:00,q90,development,DK2
2.9279542321287547e-06,3.7493262468223017e-06,1.5713980171596428e-05,1.9360736335739599e-05,24,0,4.3021238810682072e-07,2023-04-18 00:00:00+00:00,q90,development,DK2
5.2712794706514557e-07,7.6615511878081562e-07,1.6975223410118103e-06,2.0483407025727789e-06,24,0,1.5017913656918002e-08,2023-04-19 00:00:00+00:00,q90,development,DK2
3.9332323487257428e-08,1.1588849324837027e-07,6.8690487959286849e-07,1.6145776141818636e-06,24,0,2.8340499415897827e-10,2023-04-20 00:00:00+00:00,q90,development,DK2
1.3215296332364928e-05,1.3897968909651446e-05,0.00010111800025562929,0.00010786875893074013,24,0,4.9878781407220245e-06,2023-04-21 00:00:00+00:00,q90,development,DK2
2.9736956642122766e-10,1.1813080385963434e-09,8.6301572793608167e-08,3.122783587761435e-07,24,0,3.3294615567368294e-12,2023-04-22 00:00:00+00:00,q90,development,DK2
4.6504299473063956e-05,3.9768690207683084e-05,0.00021141057606044263,0.00019187898570952657,24,0,6.7704904141012331e-06,2023-04-23 00:00:00+00:00,q90,development,DK2
6.1332865581938299e-06,7.4495913859798005e-06,8.2665970109008176e-05,9.5291460207140225e-05,24,0,1.0797963463758996e-05,2023-04-24 00:00:00+00:00,q90,development,DK2
1.8093452660763254e-05,2.0579746094740559e-05,1.3401717908009213e-05,1.5485083638758684e-05,24,0,6.0343914348761313e-06,2023-04-25 00:00:00+00:00,q90,development,DK2
0.012857001524383023,0.011930344606722754,0.012373859903534398,0.011710522067699281,24,0,0.0037139695617476954,2023-04-26 00:00:00+00:00,q90,development,DK2
0.02270154645983468,0.020018085453610921,0.028650269851400359,0.025994459218502419,24,0,0.0069735095504131223,2023-04-27 00:00:00+00:00,q90,development,DK2
0.17555555427880917,0.11042648775230417,0.17905365509817017,0.11485815217075415,24,0,0.13756401647053659,2023-04-28 00:00:00+00:00,q90,development,DK2
1.8661496394523921e-05,1.4688588657813235e-05,7.1232194600522693e-05,5.4955215457470988e-05,24,0,4.8799639505250619e-06,2023-04-29 00:00:00+00:00,q90,development,DK2
6.4839738613342867e-06,3.8741225865217895e-06,1.4643050476543494e-05,9.3824848272951415e-06,24,0,9.5792115169165654e-07,2023-04-30 00:00:00+00:00,q90,development,DK2
0.0001900135206992984,0.00018888589555842781,0.00067827615480674989,0.00069676613208681797,24,0,4.9696132181362101e-05,2023-05-01 00:00:00+00:00,q90,development,DK2
0.0046825290909737385,0.0041608380353447454,0.0065787063638813661,0.0060763699923356684,24,0,0.0026680158358950547,2023-05-02 00:00:00+00:00,q90,development,DK2
0.033346022717344048,0.032343584225264455,0.031585721436037648,0.030915914496792006,24,0,0.020461594618940673,2023-05-03 00:00:00+00:00,q90,development,DK2
0.033670601627831538,0.03073502452570424,0.033478557615199321,0.030802195575978193,24,0,0.022218583945600074,2023-05-04 00:00:00+00:00,q90,development,DK2
1.693512960541514e-09,2.420193399993636e-09,2.0473810001024643e-08,2.6698744872647678e-08,24,0,7.1177767094420137e-11,2023-05-05 00:00:00+00:00,q90,development,DK2
3.0340769818974304e-12,6.4798373256834189e-12,6.9094818303339674e-11,9.4689828478200145e-11,24,0,1.5741886084311108e-16,2023-05-06 00:00:00+00:00,q90,development,DK2
6.6319845343505626e-06,8.8265974644248527e-06,3.7667563438992251e-05,4.5505550119435539e-05,24,0,7.1071394893255325e-08,2023-05-07 00:00:00+00:00,q90,development,DK2
0.00050634669732890986,0.00058562660135558231,0.0016867849045042527,0.0018699942139544675,24,0,5.5682493325363375e-05,2023-05-08 00:00:00+00:00,q90,development,DK2
0.011211223019956371,0.0096195122739124971,0.014141341290323175,0.012604987982954936,24,0,0.0069499827793148188,2023-05-09 00:00:00+00:00,q90,development,DK2
0.073566380778662926,0.064258085463807985,0.072944045462744453,0.064549653493921486,24,0,0.035413719630955784,2023-05-10 00:00:00+00:00,q90,development,DK2
0.95744342779817893,0.84618927812548372,0.90666010344424874,0.79621519053250722,24,0,0.79678181283483895,2023-05-11 00:00:00+00:00,q90,development,DK2
0.030297052207956157,0.02603214102957313,0.028340383164892725,0.024924874526009989,24,0,0.014185741444958794,2023-05-12 00:00:00+00:00,q90,development,DK2
9.1020093239773743e-09,2.1106002359964698e-08,6.2257021448495318e-07,1.2662724311064878e-06,24,0,3.9956280152250158e-10,2023-05-13 00:00:00+00:00,q90,development,DK2
0.00022312440020651821,0.00025105930692157072,0.00029983646986271779,0.00033961122478622866,24,0,6.906624131857197e-05,2023-05-14 00:00:00+00:00,q90,development,DK2
0.0038380341460601411,0.0029091378574336809,0.0057433825838240698,0.0047095230886798033,24,0,0.0016563089153240939,2023-05-15 00:00:00+00:00,q90,development,DK2
0.0003581753254284307,0.00041585030218355785,0.00099345145702326213,0.0010690046050416374,24,0,3.7374863757416142e-05,2023-05-16 00:00:00+00:00,q90,development,DK2
0.0009183982129870057,0.0010518881822486241,0.0022828433828226457,0.0026098059579688811,24,0,0.00013691479558109972,2023-05-17 00:00:00+00:00,q90,development,DK2
0.009582271257722345,0.0096889125456622871,0.010640249015926771,0.01144149089405783,24,0,0.0062006362522065723,2023-05-18 00:00:00+00:00,q90,development,DK2
0.0057310329631282252,0.0059648210710979066,0.0043747627753776067,0.0047556514391743293,24,0,0.0044574621870981214,2023-05-19 00:00:00+00:00,q90,development,DK2
1.5866077897822392e-13,7.8055729027151328e-13,3.7501366879654526e-10,1.9164337576110114e-09,24,0,2.922957250655189e-15,2023-05-20 00:00:00+00:00,q90,development,DK2
1.0067500958631638e-09,3.4604405984514322e-09,4.3026818455409712e-07,8.5413058775539637e-07,24,0,8.0012324896372953e-11,2023-05-21 00:00:00+00:00,q90,development,DK2
2.9774711320490318e-07,2.5167978176620529e-07,4.8238719190786504e-06,4.3620171167364093e-06,24,0,4.6848334175283904e-08,2023-05-22 00:00:00+00:00,q90,development,DK2
0.0019706194262409408,0.0014350928260656159,0.0025887015204837985,0.002028008324759004,24,0,0.0015785213996516556,2023-05-23 00:00:00+00:00,q90,development,DK2
0.50481896142334737,0.39169793076985782,0.50339478999146692,0.39432486710538489,24,0,0.36790859905035916,2023-05-24 00:00:00+00:00,q90,development,DK2
0.00021093358536244754,0.00031757088003799835,0.00041930648133976474,0.00061355310087239179,24,0,2.6147281215102954e-05,2023-05-25 00:00:00+00:00,q90,development,DK2
1.4474264277733849e-06,1.1761547741090183e-06,1.558065592773467e-05,1.3191559438103823e-05,24,0,3.6038806014520057e-07,2023-05-26 00:00:00+00:00,q90,development,DK2
2.8532310346088545e-07,6.822621165964401e-08,1.9399288337035466e-06,1.0855516877855149e-06,24,0,5.0162593525871171e-08,2023-05-27 00:00:00+00:00,q90,development,DK2
3.8542250533420684e-12,2.4815208632504901e-13,8.799127995400189e-10,2.6254873096007795e-11,24,0,1.8395785177299005e-13,2023-05-28 00:00:00+00:00,q90,development,DK2
4.0361268303032906e-07,1.7436724817603374e-07,2.169948696921689e-06,1.0759365922446861e-06,24,0,1.4657099338504606e-07,2023-05-29 00:00:00+00:00,q90,development,DK2
0.017271303450860587,0.011035079776494042,0.018244510003608362,0.012165475955128692,24,0,0.0099363713924327836,2023-05-30 00:00:00+00:00,q90,development,DK2
0.00095199965709341216,0.00060869715114989127,0.0019664640010144951,0.0014534296801385336,24,0,0.00056528768319492038,2023-05-31 00:00:00+00:00,q90,development,DK2
6.2142305172299828e-09,3.1187277932785377e-09,1.7387855482701881e-06,1.1758379866358469e-06,24,0,1.3633542070555702e-08,2023-06-01 00:00:00+00:00,q90,development,DK2
5.2679735118532705e-05,3.2525155232834451e-05,7.437906841916286e-05,5.7200430125161767e-05,24,0,3.3366621504973712e-05,2023-06-02 00:00:00+00:00,q90,development,DK2
8.955194061554725e-07,4.1490669205795925e-07,4.3956058880019635e-06,2.2381046050587027e-06,24,0,7.737025551639391e-08,2023-06-03 00:00:00+00:00,q90,development,DK2
0.0083728042227772682,0.0022953105824830991,0.0099876528068690244,0.0029007812985593464,24,0,0.0042959652470248915,2023-06-04 00:00:00+00:00,q90,development,DK2
0.018845706675553978,0.0057426062160898499,0.022747802883405718,0.0075528580969637547,24,0,0.012564397785837627,2023-06-05 00:00:00+00:00,q90,development,DK2
0.032523202498421062,0.011472752774688292,0.040057958089053533,0.016250400210770385,24,0,0.021648203296239697,2023-06-06 00:00:00+00:00,q90,development,DK2
0.078958663177171373,0.027532880192329436,0.089643077237352875,0.034581928499264704,24,0,0.061828438542473808,2023-06-07 00:00:00+00:00,q90,development,DK2
0.026060435178185334,0.0096516432793455498,0.029379714688625203,0.011814548647381837,24,0,0.021123412128766006,2023-06-08 00:00:00+00:00,q90,development,DK2
0.0039878404436475548,0.00087141848264594242,0.0040365688244105059,0.00099892538236874833,24,0,0.0042020961619290793,2023-06-09 00:00:00+00:00,q90,development,DK2
2.7181708456292903e-19,5.0196467591390042e-19,6.993858943685311e-15,1.2547412041595662e-14,24,0,1.5538533696153962e-21,2023-06-10 00:00:00+00:00,q90,development,DK2
2.4680977363619515e-10,4.3325937886177801e-10,6.5145015089654527e-08,6.157160465239315e-08,24,0,1.6878824187374294e-12,2023-06-11 00:00:00+00:00,q90,development,DK2
8.4489402293197971e-06,8.8904315805606954e-06,7.4583389257099102e-05,8.7451873633410027e-05,24,0,1.2327134109094412e-05,2023-06-12 00:00:00+00:00,q90,development,DK2
0.00050949084912690163,0.00052527654410921241,0.00083830146579203153,0.00095985628646611735,24,0,0.00043852513862545947,2023-06-13 00:00:00+00:00,q90,development,DK2
0.091291052410972365,0.049563635173272655,0.089461343834448356,0.049500039145940408,24,0,0.080729554733401113,2023-06-14 00:00:00+00:00,q90,development,DK2
0.70821757725764256,0.39342551287781241,0.71141177052037219,0.40292094987303084,24,0,0.62008639820915712,2023-06-15 00:00:00+00:00,q90,development,DK2
1.0592903904449615,0.68725091175538366,1.0751403519402956,0.7031524289553982,24,0,1.0194413553402351,2023-06-16 00:00:00+00:00,q90,development,DK2
0.021433004696071862,0.018322769971358715,0.022564819859076778,0.019617892049281511,24,0,0.023416436568818907,2023-06-17 00:00:00+00:00,q90,development,DK2
0.0023386102920322847,0.0006743958431707814,0.0034876473434230105,0.001163885392776492,24,0,0.001377600793761778,2023-06-18 00:00:00+00:00,q90,development,DK2
0.11839727827976532,0.074214641432248943,0.12462408686433228,0.084557568029807934,24,0,0.084282984094994406,2023-06-19 00:00:00+00:00,q90,development,DK2
1.2412551605742086,1.1356899036252914,1.2414757583902754,1.1417349902632428,24,1,1.1709569474685482,2023-06-20 00:00:00+00:00,q90,development,DK2
1.0096001197326321,0.90956596943008428,0.98241533835722539,0.89082695317335592,24,0,0.83900935727743597,2023-06-21 00:00:00+00:00,q90,development,DK2
0.1020642931092002,0.097549714376612237,0.10609029272038775,0.1063690791004572,24,0,0.10791461893479841,2023-06-22 00:00:00+00:00,q90,development,DK2
0.016193789868623052,0.011360347853300156,0.020308972651192268,0.015390613394136011,24,0,0.012769039630179726,2023-06-23 00:00:00+00:00,q90,development,DK2
1.9674749305681513e-05,1.0824120259876762e-05,0.00013707663629425239,8.4921850243782398e-05,24,0,2.6089577764908447e-06,2023-06-24 00:00:00+00:00,q90,development,DK2
0.0071947800564283971,0.002532156214523365,0.0090464911839292141,0.0036488255104876258,24,0,0.005577505667756175,2023-06-25 00:00:00+00:00,q90,development,DK2
0.00052069600834762464,0.0001468587153775202,0.0013329539036821306,0.00053695569307160378,24,0,0.00032679423533499204,2023-06-26 00:00:00+00:00,q90,development,DK2
2.7126661106769576e-05,3.519508852448452e-05,7.4423403948689442e-05,7.9322640652102465e-05,24,0,3.146254263355125e-06,2023-06-27 00:00:00+00:00,q90,development,DK2
0.67533718863902148,0.41477164494338103,0.67905213694572719,0.42125697883167318,24,0,0.56688760112544312,2023-06-28 00:00:00+00:00,q90,development,DK2
2.9057408449806772,3.1172773784917323,2.8897016461031213,3.0828886753358327,24,4,3.148624057108365,2023-06-29 00:00:00+00:00,q90,development,DK2
0.023959873682975329,0.018770763923944996,0.02430793321813457,0.01877318547266061,24,0,0.019556754572035647,2023-06-30 00:00:00+00:00,q90,development,DK2
5.3300380399547111e-11,2.5702171087217964e-11,2.686694762506139e-08,1.7122065007912423e-08,24,0,1.3157962245244945e-11,2023-07-01 00:00:00+00:00,q90,development,DK2
3.628779848714395e-19,2.243296608057294e-18,2.2745897009574833e-15,2.4445587144220551e-15,24,0,8.1544234655150757e-23,2023-07-02 00:00:00+00:00,q90,development,DK2
2.6603914373212626e-13,1.1097872915288489e-12,1.267713131762744e-11,2.4511930549326671e-11,24,0,9.3217526744003174e-16,2023-07-03 00:00:00+00:00,q90,development,DK2
0.074285988164223132,0.082428246992591325,0.074781391509384301,0.082943293279412578,24,0,0.059466089045711372,2023-07-04 00:00:00+00:00,q90,development,DK2
0.003644161660554604,0.0039029649758033531,0.0036456552513422424,0.0036605854058390035,24,0,0.0023740117961458728,2023-07-05 00:00:00+00:00,q90,development,DK2
0.67612713812487413,0.7333780453977653,0.64976505607802282,0.70598942337650183,24,3,0.63996063043889517,2023-07-06 00:00:00+00:00,q90,development,DK2
1.0098662805959575,0.64043230964877218,0.99597129390908035,0.62854182761728639,24,0,0.93674961230512821,2023-07-07 00:00:00+00:00,q90,development,DK2
0.016753460605096481,0.0070258325498882999,0.015428149809356043,0.0065915488466924549,24,0,0.015168919281079492,2023-07-08 00:00:00+00:00,q90,development,DK2
0.027550360442600862,0.01404208454871946,0.032327036245768798,0.018633204419045576,24,0,0.013675708701714934,2023-07-09 00:00:00+00:00,q90,development,DK2
1.9201391177229552,2.2137246742930445,1.9094452962799655,2.2080571654973005,24,6,1.9461139471229689,2023-07-10 00:00:00+00:00,q90,development,DK2
0.76995522345294987,0.46773152367531473,0.77396555958792979,0.47450827059412037,24,0,0.63665897685530426,2023-07-11 00:00:00+00:00,q90,development,DK2
0.0023574543515758584,0.0026078221369612731,0.0056922749227061344,0.0058506977341583775,24,0,0.0012413177042559782,2023-07-12 00:00:00+00:00,q90,development,DK2
3.3599492492286376,3.336581230845006,3.3573780177972865,3.3341552013068112,24,4,3.5348606968044356,2023-07-13 00:00:00+00:00,q90,development,DK2
1.8998487771071215,1.8633469246203962,1.8816325193004264,1.8468280795804584,24,2,1.9430810622258106,2023-07-14 00:00:00+00:00,q90,development,DK2
6.21038687207453e-11,9.4684405947709351e-11,5.7802688987698125e-08,1.116850315617107e-07,24,0,2.5096182571094121e-11,2023-07-15 00:00:00+00:00,q90,development,DK2
2.6133287491168732e-06,3.3929685607356928e-06,1.6876584335179563e-05,1.7299387108334142e-05,24,0,1.7184913490250577e-07,2023-07-16 00:00:00+00:00,q90,development,DK2
0.056395804411721984,0.05787007573092507,0.050962958987793218,0.052299044240606593,24,0,0.047020364137397859,2023-07-17 00:00:00+00:00,q90,development,DK2
1.9293473475507432,1.9828962125027165,1.9556640650057271,2.007140845913908,24,6,2.0041125810827012,2023-07-18 00:00:00+00:00,q90,development,DK2
2.1576890493203007,2.1362887745486976,2.2229509918638941,2.1926483391493061,24,4,2.1505056949915962,2023-07-19 00:00:00+00:00,q90,development,DK2
2.5287456191224273,2.5119239655335108,2.5456692303205797,2.5282567894025343,24,4,2.6890806953479691,2023-07-20 00:00:00+00:00,q90,development,DK2
1.9388246156157662,1.9194498495085695,1.9355462612789855,1.9165010850516133,24,5,1.991600433086278,2023-07-21 00:00:00+00:00,q90,development,DK2
6.8740839716390031e-08,7.9481243175793076e-08,3.0164997463063133e-06,3.6785523691141302e-06,24,0,6.9882400534180094e-09,2023-07-22 00:00:00+00:00,q90,development,DK2
6.1100811465683889e-06,4.9190409398383367e-06,8.4848379748653772e-05,7.0456540924690583e-05,24,0,1.6521597145876681e-05,2023-07-23 00:00:00+00:00,q90,development,DK2
0.0028258903155532773,0.0036257561609015563,0.0058476393761703414,0.0069722630718678808,24,0,0.0018983189273131698,2023-07-24 00:00:00+00:00,q90,development,DK2
0.015715555239004423,0.020689613137716983,0.021989699644549884,0.027589429496627273,24,0,0.0058783385804247563,2023-07-25 00:00:00+00:00,q90,development,DK2
0.00421885732107956,0.0055829785193416206,0.0034313113878665807,0.0046030126280948332,24,0,0.0022314942764792194,2023-07-26 00:00:00+00:00,q90,development,DK2
0.03288265478196184,0.024391596339024817,0.033469872071986054,0.025442109869322205,24,0,0.029442566678352051,2023-07-27 00:00:00+00:00,q90,development,DK2
0.20700463101882091,0.1270612509857105,0.20203550003286877,0.12242235994519533,24,0,0.19830552567608897,2023-07-28 00:00:00+00:00,q90,development,DK2
3.4244463600433256e-05,1.4716744960013617e-05,0.00021373573545658794,0.00013040863433704352,24,0,2.7353076362279412e-05,2023-07-29 00:00:00+00:00,q90,development,DK2
3.5510899082245667e-15,2.9697974706586469e-14,1.7908476890538488e-10,5.1169298894380161e-10,24,0,5.8771709330079885e-17,2023-07-30 00:00:00+00:00,q90,development,DK2
0.00010212700763675929,0.0001117678923714194,0.00055077475364480343,0.00069750983996565543,24,0,9.3188756071863459e-05,2023-07-31 00:00:00+00:00,q90,development,DK2
0.00056524835039414303,0.00078850318075373855,0.002065384645196529,0.0028354263786848724,24,0,0.00047648935565027634,2023-08-01 00:00:00+00:00,q90,development,DK2
3.7240299299596835e-05,3.6061742507186126e-05,0.00036765570975953548,0.00038598378373874584,24,0,0.00010954670873572993,2023-08-02 00:00:00+00:00,q90,development,DK2
6.4579925961576247e-05,7.3368627443730022e-05,0.00024483539921500225,0.00028251744362173405,24,0,9.2664421825899927e-05,2023-08-03 00:00:00+00:00,q90,development,DK2
0.0076003091213830733,0.010855460274498342,0.010774174047169703,0.014836408600987831,24,0,0.0025292026699543658,2023-08-04 00:00:00+00:00,q90,development,DK2
0.0030722395171703539,0.0028971922412408652,0.005262683018459109,0.0053178801974648965,24,0,0.0016994622092865585,2023-08-05 00:00:00+00:00,q90,development,DK2
6.1459356720564544e-06,6.8015249549594322e-06,9.2281433123433365e-05,0.0001029195285851459,24,0,2.2082453815846269e-06,2023-08-06 00:00:00+00:00,q90,development,DK2
1.1643275421226174e-11,8.9916505989368025e-11,7.6562276761521751e-09,2.5414056895440529e-08,24,0,2.2096621885383433e-11,2023-08-07 00:00:00+00:00,q90,development,DK2
1.8708828934237594e-07,5.1843998198906964e-07,2.1166072021079857e-07,5.3275787613446043e-07,24,0,9.6258889730173433e-08,2023-08-08 00:00:00+00:00,q90,development,DK2
0.35479518316482839,0.36638695958222889,0.34648112182370505,0.35764269494483603,24,0,0.27694652663717434,2023-08-09 00:00:00+00:00,q90,development,DK2
1.0002610257351132,1.0579842587682009,0.99782579430212537,1.0540060826047402,24,1,0.78955055534951191,2023-08-10 00:00:00+00:00,q90,development,DK2
1.1490705646932238,1.0494314992222407,1.1102246615878197,1.0142737422307335,24,1,1.108077556397699,2023-08-11 00:00:00+00:00,q90,development,DK2
9.0273482752737804e-05,8.07596683929162e-05,0.00036925086559476639,0.00036634677920154967,24,0,9.6162625752549554e-05,2023-08-12 00:00:00+00:00,q90,development,DK2
0.076171403546656427,0.042466731809359545,0.080712856431438024,0.046819659257962234,24,0,0.043930766604403093,2023-08-13 00:00:00+00:00,q90,development,DK2
2.0758541238804216,1.9197029153043303,2.085333306289928,1.9218560171601236,24,2,2.0035812020471986,2023-08-14 00:00:00+00:00,q90,development,DK2
0.72099271689732103,0.51748952969019357,0.75301850830576522,0.55006496263613103,24,0,0.5139792618701603,2023-08-15 00:00:00+00:00,q90,development,DK2
1.8392887247362688,1.5077892935736108,1.846805724783503,1.5348588035959945,24,1,1.5305855573192035,2023-08-16 00:00:00+00:00,q90,development,DK2
1.1423992880168361,0.73979653976834903,1.1277441425507519,0.73452474526282185,24,0,1.0619369064064752,2023-08-17 00:00:00+00:00,q90,development,DK2
0.047969087813273026,0.057250937463498158,0.04204828413130781,0.050133568907567282,24,0,0.036416414255732062,2023-08-18 00:00:00+00:00,q90,development,DK2
0.010123107392066642,0.0063949836913738808,0.0094865704631345565,0.0068140037384710906,24,0,0.0085300530279642725,2023-08-19 00:00:00+00:00,q90,development,DK2
0.41226873575346973,0.29200876740625181,0.41218819656110151,0.29355421052344777,24,0,0.33086586507783572,2023-08-20 00:00:00+00:00,q90,development,DK2
3.7561479940468412,4.1152307370717081,3.7411838432395244,4.1214275953513564,24,9,3.9830267398130865,2023-08-21 00:00:00+00:00,q90,development,DK2
5.0634666140055256,5.8450334205571384,5.0583111060733543,5.8675641028977514,24,14,5.6611162530628665,2023-08-22 00:00:00+00:00,q90,development,DK2
7.0558621983892476,7.6383442019345562,7.0308132940426527,7.6135485123143329,24,17,7.6142917177652798,2023-08-23 00:00:00+00:00,q90,development,DK2
0,0,0,0,0,0,0,2023-08-24 00:00:00+00:00,q90,development,DK2
0,0,0,0,0,0,0,2023-08-25 00:00:00+00:00,q90,development,DK2
0.00049909077580988432,0.00039036992958529286,0.0011420931490439979,0.00096661686296012589,24,0,0.00015998489090180261,2023-08-26 00:00:00+00:00,q90,development,DK2
0.18584195067925288,0.18755179779294037,0.19044158386020832,0.19421249345347724,24,0,0.1266569123559656,2023-08-27 00:00:00+00:00,q90,development,DK2
3.305693271209865,3.3804903410792941,3.2807265238409338,3.3471922396038543,24,4,3.2701554345092747,2023-08-28 00:00:00+00:00,q90,development,DK2
3.4977405927330758,4.0454881321052829,3.505073139138466,4.034388056701169,24,19,3.4861151683299889,2023-08-29 00:00:00+00:00,q90,development,DK2
4.7174343912413823,5.0310567520429483,4.6650237876222462,4.9824366204728614,24,11,4.7029440995221714,2023-08-30 00:00:00+00:00,q90,development,DK2
0,0,0,0,0,0,0,2023-08-31 00:00:00+00:00,q90,development,DK2
0,0,0,0,0,0,0,2023-09-01 00:00:00+00:00,q90,development,DK2
0.006082435965204875,0.010439877921672249,0.010896885736346847,0.017062531337657588,24,0,0.00219690673957791,2023-09-02 00:00:00+00:00,q90,development,DK2
0.026156001798589561,0.043463562031973615,0.02744674252281553,0.045411674825432916,24,0,0.015403321922115975,2023-09-03 00:00:00+00:00,q90,development,DK2
1.8617703725007606,1.8750063618328248,1.8414908753569668,1.8575703308962936,24,2,1.7680365204571642,2023-09-04 00:00:00+00:00,q90,development,DK2
2.3934345920740849,2.6376996158337147,2.3746182502955557,2.6131396270040805,24,9,2.3924048648564424,2023-09-05 00:00:00+00:00,q90,development,DK2
4.5338895398053616,4.2108476830160093,4.4814817959342355,4.1665289073889271,24,6,4.4159882908208967,2023-09-06 00:00:00+00:00,q90,development,DK2
1.8706658062570867,1.7470492572874257,1.8023737947063141,1.6780459538855135,24,0,1.836002915082348,2023-09-07 00:00:00+00:00,q90,development,DK2
5.0134483089894051,4.4617025638186112,4.9861897446599404,4.4191186039803405,24,5,4.9073953038912288,2023-09-08 00:00:00+00:00,q90,development,DK2
1.2014626916349824,1.1420512134393013,1.2183414534485437,1.1530078450970023,24,1,1.1792712603966653,2023-09-09 00:00:00+00:00,q90,development,DK2
0.77258972578671092,0.63429713431408585,0.77193202316271736,0.64016872260437829,24,0,0.99264671297359341,2023-09-10 00:00:00+00:00,q90,development,DK2
4.9040753470860041,5.0124127208271503,4.937991956300519,5.0321922283237264,24,14,4.7760776413550596,2023-09-11 00:00:00+00:00,q90,development,DK2
3.768189878274756,4.1833830104671019,3.7348103707919456,4.1647749917189953,24,17,3.5712369096799645,2023-09-12 00:00:00+00:00,q90,development,DK2
2.7611657526383677,2.8799011558115817,2.71351601276531,2.8350130613123738,24,4,2.8457203847461079,2023-09-13 00:00:00+00:00,q90,development,DK2
4.697539345166974,4.4974000950230044,4.7426973253828359,4.5234273828936526,24,15,4.7456109214258184,2023-09-14 00:00:00+00:00,q90,development,DK2
1.7925149492336925,1.9222211671308753,1.7625764388884579,1.8931211727600707,24,1,1.6628412143411386,2023-09-15 00:00:00+00:00,q90,development,DK2
0.012913961813882104,0.018085935464717862,0.013628051251232053,0.020759429222194231,24,0,0.0089039505045965944,2023-09-16 00:00:00+00:00,q90,development,DK2
4.7773118246642504e-05,0.00023505168952954469,0.00018143082563467635,0.00059709074912632845,24,0,3.0055280549403261e-05,2023-09-17 00:00:00+00:00,q90,development,DK2
0.00046071264649387477,0.0012452441503726945,0.001420595506293838,0.0030042371697879501,24,0,0.00050097592159978604,2023-09-18 00:00:00+00:00,q90,development,DK2
2.1819995745713628e-09,3.8971752194087905e-08,5.0808137185072244e-07,2.616401994715284e-06,24,0,3.6822102112108956e-10,2023-09-19 00:00:00+00:00,q90,development,DK2
4.7345132489871174e-05,0.00018231854686334288,0.00026218143048859866,0.00067722980602479455,24,0,2.3692195012885509e-05,2023-09-20 00:00:00+00:00,q90,development,DK2
0.42330206394324948,0.53177018542357934,0.44003868204580909,0.54930456265915351,24,0,0.34455596157180213,2023-09-21 00:00:00+00:00,q90,development,DK2
0.09862131711042596,0.13678749628487136,0.11174287346904578,0.15178765320495397,24,0,0.05362470525155779,2023-09-22 00:00:00+00:00,q90,development,DK2
1.4876274388423437e-05,7.6601992562664974e-05,5.520162183437707e-05,0.00023212281249880345,24,0,4.2210501836838846e-06,2023-09-23 00:00:00+00:00,q90,development,DK2
3.1796352006622756e-05,0.00014082491632382943,0.00017471832044884007,0.00051729779878732839,24,0,3.2238792275988335e-06,2023-09-24 00:00:00+00:00,q90,development,DK2
0,0,0,0,0,0,0,2023-09-25 00:00:00+00:00,q90,development,DK2
4.4134679591788997,4.5148145548137366,4.3288059057862718,4.4429713306001997,24,8,4.135846279025178,2023-09-26 00:00:00+00:00,q90,development,DK2
2.9336249487870401,3.007284860475528,2.9044212908756624,2.9872488630098011,24,5,2.8194286109689046,2023-09-27 00:00:00+00:00,q90,development,DK2
1.2324458932703188,1.0302319365191239,1.218344760859615,1.0048904368613656,24,0,1.0549002298345651,2023-09-28 00:00:00+00:00,q90,development,DK2
0.003345073112194044,0.0062002573208525518,0.0048186630119024364,0.0081969383286001549,24,0,0.0023985668262845967,2023-09-29 00:00:00+00:00,q90,development,DK2
3.8476161013928014e-06,7.6280227048414762e-06,6.2338848453982085e-06,1.0807952835716505e-05,24,0,2.9579227622448049e-07,2023-09-30 00:00:00+00:00,q90,development,DK2
0.0021758705950019274,0.0037019439159632259,0.0036665168415970706,0.0054010102061085663,24,0,0.00060626554369494305,2023-10-01 00:00:00+00:00,q90,development,DK2
0,0,0,0,0,0,0,2023-10-02 00:00:00+00:00,q90,development,DK2
5.0315864732560616e-07,1.6576920112414232e-06,6.4023052137885221e-07,1.8927559407602218e-06,24,0,1.6500853632555775e-07,2023-10-03 00:00:00+00:00,q90,development,DK2
3.3588734438315569e-09,1.428721513129408e-08,4.1879737526644488e-09,1.7144882157959463e-08,24,0,4.9564884441787295e-10,2023-10-04 00:00:00+00:00,q90,development,DK2
0.073545340019610023,0.12346055907985942,0.064294598699996292,0.11112756585029446,24,0,0.046374378320167081,2023-10-05 00:00:00+00:00,q90,development,DK2
0.0001246014951043987,0.00032307617593794091,0.00026258981987455765,0.0007178143848374334,24,0,2.9617458954505562e-05,2023-10-06 00:00:00+00:00,q90,development,DK2
2.2317073243927718e-07,5.1715033535600302e-07,2.4516583027752117e-06,4.6656053578812197e-06,24,0,4.1615276136903203e-08,2023-10-07 00:00:00+00:00,q90,development,DK2
0.097437794358001401,0.13924148954542304,0.095512003786115185,0.13715334789009101,24,0,0.058603654820797879,2023-10-08 00:00:00+00:00,q90,development,DK2
5.073678291685213,4.880052222479641,5.1523487314809717,4.9400449141581495,24,7,5.1104408532615686,2023-10-09 00:00:00+00:00,q90,development,DK2
3.5928719957911097,3.2749511532041686,3.5889703850411814,3.2649433478392038,24,7,3.8505932272719603,2023-10-10 00:00:00+00:00,q90,development,DK2
1.0061863097801955e-12,5.0675206120350338e-12,4.5851462017687277e-09,1.0854232027992752e-08,24,0,6.9338077182727925e-14,2023-10-11 00:00:00+00:00,q90,development,DK2
0.00076503673081764476,0.0014494862603642632,0.0016157348630546236,0.0025535082816404491,24,0,0.00021649990713593515,2023-10-12 00:00:00+00:00,q90,development,DK2
1.065115331037012e-06,6.3492488089747191e-06,1.3914558728772555e-06,6.9871592532464359e-06,24,0,4.3426807351832145e-08,2023-10-13 00:00:00+00:00,q90,development,DK2
1.7526016685046937e-16,1.1296008301601258e-15,3.880196008971935e-12,1.267915652181825e-11,24,0,1.6749549359412578e-16,2023-10-14 00:00:00+00:00,q90,development,DK2
2.1660845672466431e-07,6.1865343264385373e-07,2.8757741599782544e-07,8.3512833357238932e-07,24,0,1.2807427265478889e-09,2023-10-15 00:00:00+00:00,q90,development,DK2
0.93708254695927584,0.93408921583292492,0.93407349894475222,0.93308396509124303,24,1,0.95047555582714038,2023-10-16 00:00:00+00:00,q90,development,DK2
1.7835278869078268,1.7730578290503074,1.7669220978914539,1.7590603442038795,24,2,1.8707795515103003,2023-10-17 00:00:00+00:00,q90,development,DK2
0.065571454447694355,0.099406479039162221,0.06326830568709102,0.095495300211674281,24,0,0.04514910676420425,2023-10-18 00:00:00+00:00,q90,development,DK2
1.1556568179659648e-09,4.9023039494453811e-09,8.1369763312152381e-09,2.9231612829476259e-08,24,0,3.5564601771800132e-11,2023-10-19 00:00:00+00:00,q90,development,DK2
1.7019875213272226e-07,4.6927024653350583e-07,4.2277854619916851e-06,8.6659708256720496e-06,24,0,2.3494099456530245e-09,2023-10-20 00:00:00+00:00,q90,development,DK2
2.5165999400747746e-09,9.6286075609056695e-09,2.3605662705953645e-08,8.1412108824749928e-08,24,0,6.4885273045383132e-12,2023-10-21 00:00:00+00:00,q90,development,DK2
1.9064710964087421e-07,5.1914664800148999e-07,3.9364315721545173e-06,7.8986483585812954e-06,24,0,2.1605586389523211e-09,2023-10-22 00:00:00+00:00,q90,development,DK2
1.7895277503822837,1.763039481490801,1.8132730119632741,1.787567844164921,24,2,1.7851422295435175,2023-10-23 00:00:00+00:00,q90,development,DK2
0.00028044690967674333,0.00056475579423607037,0.00070814142497186133,0.0012571117142679655,24,0,4.157278691094627e-05,2023-10-24 00:00:00+00:00,q90,development,DK2
0.73170969402093355,0.86288707899200379,0.71651405372348298,0.84956293921354054,24,0,0.52384772598481244,2023-10-25 00:00:00+00:00,q90,development,DK2
0.0073418104217973339,0.0095230033538243244,0.0063878789810240168,0.0081430548549291867,24,0,0.0024909400441358431,2023-10-26 00:00:00+00:00,q90,development,DK2
0.015061067276790021,0.023550799354634888,0.017381473089924077,0.026562602813292712,24,0,0.005846321258245705,2023-10-27 00:00:00+00:00,q90,development,DK2
1.8665953391977971e-08,7.4312293519690091e-08,4.1998994785212548e-08,1.4875618099757638e-07,24,0,1.5918491287436486e-10,2023-10-28 00:00:00+00:00,q90,development,DK2
0,0,0,0,0,0,0,2023-10-29 00:00:00+00:00,q90,development,DK2
0.079915632503655826,0.14551129665888038,0.090799340122989097,0.15615447533072976,24,0,0.025640144449577192,2023-10-30 00:00:00+00:00,q90,development,DK2
0.004251620917415256,0.0076141204038687972,0.0055604796461925414,0.0091408772150208904,24,0,0.00080373722808428497,2023-10-31 00:00:00+00:00,q90,development,DK2
6.403867309184238e-05,0.00015210474665155427,4.5031055324116575e-05,0.0001089479616867396,24,0,3.7756172302694304e-05,2023-11-01 00:00:00+00:00,q90,development,DK2
3.0938359591085459e-10,1.5680967263980146e-09,1.138928862419627e-07,3.3654585063723846e-07,24,0,2.6424595302008971e-11,2023-11-02 00:00:00+00:00,q90,development,DK2
2.31167113481227e-05,6.1390469571525686e-05,2.0016909036019493e-05,5.10899774045693e-05,24,0,5.5436601166104182e-06,2023-11-03 00:00:00+00:00,q90,development,DK2
7.7357806564652446e-18,1.1873524557942926e-16,1.2336769763857665e-17,1.6285633674687264e-16,24,0,1.636512882836391e-20,2023-11-04 00:00:00+00:00,q90,development,DK2
4.3057912365560604e-15,7.6296761326241553e-14,5.0023066170094832e-15,8.3518928084328812e-14,24,0,1.5069919261418563e-16,2023-11-05 00:00:00+00:00,q90,development,DK2
1.1530577277660389e-12,1.4048148521752879e-11,1.132723696094746e-10,2.0622232215474376e-09,24,0,1.0531756458967273e-16,2023-11-06 00:00:00+00:00,q90,development,DK2
2.171002423437527e-09,1.8569254649554866e-08,1.7065238945484088e-07,1.1384883132171554e-06,24,0,1.4305095933107742e-11,2023-11-07 00:00:00+00:00,q90,development,DK2
4.2780640663577417e-10,6.9617252085172536e-09,1.6422396539998911e-07,1.0195312813813175e-06,24,0,5.8763882565515297e-12,2023-11-08 00:00:00+00:00,q90,development,DK2
0.00045729514961120871,0.0011961036461002475,0.00079209969497916568,0.0016415775906981924,24,0,0.00011732103685575448,2023-11-09 00:00:00+00:00,q90,development,DK2
0.0001432170557644529,0.00043724837833147254,0.00035939955041537289,0.00081105643388208824,24,0,3.0388464206356529e-05,2023-11-10 00:00:00+00:00,q90,development,DK2
0.00098481321540296019,0.00097674266288518235,0.00072894009974062675,0.00066415109082253534,24,0,0.00048078583860914031,2023-11-11 00:00:00+00:00,q90,development,DK2
0,0,0,0,0,0,0,2023-11-12 00:00:00+00:00,q90,development,DK2
0.021938767483844501,0.042895494569204981,0.018413269112234065,0.03719185226121885,24,0,0.015431270502709907,2023-11-13 00:00:00+00:00,q90,development,DK2
1.2127244992494424e-06,1.0093483843481297e-05,1.2352249011964282e-05,5.5139176192474295e-05,24,0,3.1453792809382549e-08,2023-11-14 00:00:00+00:00,q90,development,DK2
0.0025764726427791661,0.0051470844610902421,0.0020544585716792962,0.0039883358406720242,24,0,0.0018681056572433588,2023-11-15 00:00:00+00:00,q90,development,DK2
0.015822093143996942,0.039815460416421068,0.016632606282096739,0.040889571580132816,24,0,0.0049468986031859976,2023-11-16 00:00:00+00:00,q90,development,DK2
3.0494067432226108,2.9550939197900608,3.0788558022725798,2.9813786992304276,24,4,3.1131048014876992,2023-11-17 00:00:00+00:00,q90,development,DK2
1.9266541125720493,1.8911095251579884,1.9328046283733571,1.8983770999768734,24,2,1.9451220219986887,2023-11-18 00:00:00+00:00,q90,development,DK2
0,0,0,0,0,0,0,2023-11-19 00:00:00+00:00,q90,development,DK2
0.011610187633055555,0.02589388851149731,0.013454591779407013,0.027547806940118009,24,0,0.0037094219687655852,2023-11-20 00:00:00+00:00,q90,development,DK2
0.42712544439696853,0.63060440890813696,0.42260312677928036,0.62425271278739047,24,0,0.30802713170830026,2023-11-21 00:00:00+00:00,q90,development,DK2
2.169468391605462,2.7376967445819362,2.1472418027108686,2.7252695448145285,24,3,2.0812298900425903,2023-11-22 00:00:00+00:00,q90,development,DK2
5.2797792700408805e-10,1.9781322213238391e-08,1.0803465283994735e-08,2.6591847993525898e-07,24,0,4.9315773245626966e-11,2023-11-23 00:00:00+00:00,q90,development,DK2
3.5347232551899071e-07,2.3989456142675732e-06,1.3007096977381037e-05,3.8262181451560829e-05,24,0,1.6091149284317854e-07,2023-11-24 00:00:00+00:00,q90,development,DK2
0.17639204986319648,0.29088574674721457,0.18077547364240568,0.29611452057814752,24,0,0.17183677054731736,2023-11-25 00:00:00+00:00,q90,development,DK2
0.36920570002917336,0.95647570160137985,0.34405386843040342,0.92404544577884828,24,0,0.32615903248404282,2023-11-26 00:00:00+00:00,q90,development,DK2
0.21468627842550997,0.32502106144474069,0.20379138367115907,0.31011979079750096,24,0,0.19134167708157751,2023-11-27 00:00:00+00:00,q90,development,DK2
2.23882210362776,2.0388334645237269,2.2187190914067347,2.0182121728855726,24,13,2.1501047982990302,2023-11-28 00:00:00+00:00,q90,development,DK2
4.488818418990399,4.7692655754185145,4.4964781393558422,4.7920171396089017,24,17,4.6838576535625842,2023-11-29 00:00:00+00:00,q90,development,DK2
3.3829154096573362,2.5836117997441259,3.3328288170135409,2.5292219596098731,24,24,3.5310747725574307,2023-11-30 00:00:00+00:00,q90,development,DK2
2.1663128160414815,2.2074228494721235,2.1200142224202274,2.1914313247592903,24,23,2.3142688131280025,2023-12-01 00:00:00+00:00,q90,development,DK2
1.4157294076103855,1.0886741131834123,1.3420353585978035,1.0179979574898146,24,20,1.2150103075975784,2023-12-02 00:00:00+00:00,q90,development,DK2
0.94463974765521563,0.7875388010495521,0.91538668334226136,0.7462971213511006,24,3,0.88133353144394488,2023-12-03 00:00:00+00:00,q90,development,DK2
2.5028155520101207,2.3781155940607928,2.5271043947705696,2.3899436036344146,24,4,2.4991062855157882,2023-12-04 00:00:00+00:00,q90,development,DK2
0.014566306150928325,0.040727141817131718,0.022648326479756162,0.055234120088646393,24,0,0.0062781180070179618,2023-12-05 00:00:00+00:00,q90,development,DK2
3.754496173758548,3.6265681852429998,3.7170738370816641,3.6220763811357863,24,13,3.7930668328930865,2023-12-06 00:00:00+00:00,q90,development,DK2
1.5065493533359753,1.3671156550210843,1.4699406793753951,1.3344596228149939,24,17,1.4603955264072517,2023-12-07 00:00:00+00:00,q90,development,DK2
0.091431752979954248,0.19886025138477922,0.093730155381920005,0.19854018945970112,24,0,0.05593430316727678,2023-12-08 00:00:00+00:00,q90,development,DK2
2.3177239184505567e-05,0.00012781094337616439,1.8408963023958613e-05,9.7693035262165449e-05,24,0,5.9360960614052585e-06,2023-12-09 00:00:00+00:00,q90,development,DK2
7.1959825452226977e-08,9.0098671460163682e-07,5.7847107035886681e-08,6.9276713678922312e-07,24,0,7.8129178955090368e-09,2023-12-10 00:00:00+00:00,q90,development,DK2
0.00032685746165242007,0.0010754284883064368,0.00025036682736729595,0.00084702028746520038,24,0,0.00017930555149509744,2023-12-11 00:00:00+00:00,q90,development,DK2
2.1873195313973572,1.8217710133715281,2.2026022739688997,1.8247062932888443,24,9,2.3588203198814615,2023-12-12 00:00:00+00:00,q90,development,DK2
0.084770454409399676,0.16827006905031286,0.092408340782015735,0.17480113712687995,24,0,0.049829549621076205,2023-12-13 00:00:00+00:00,q90,development,DK2
2.7562416252684399,3.4250542847617949,2.7605762778787906,3.441182690532492,24,11,2.7049458257029815,2023-12-14 00:00:00+00:00,q90,development,DK2
1.4102816035706427,2.1144852404389489,1.3966678527576315,2.1074546744870877,24,0,1.1737829463637888,2023-12-15 00:00:00+00:00,q90,development,DK2
8.7374263754190865e-06,4.6151083762138907e-05,2.5885806478372857e-05,0.00012033548976945254,24,0,1.6494691862740688e-07,2023-12-16 00:00:00+00:00,q90,development,DK2
3.089913303541287e-08,2.4909914991035857e-07,2.8690071398400994e-08,2.3443552188034501e-07,24,0,8.7004409452564911e-10,2023-12-17 00:00:00+00:00,q90,development,DK2
0.00010549270914935001,0.00038436225268342298,0.00016215855057653166,0.00056654576918130654,24,0,4.027469350784139e-06,2023-12-18 00:00:00+00:00,q90,development,DK2
0.011523614020368191,0.0270460478374537,0.014020989241871505,0.029076216602387205,24,0,0.0045177495141002161,2023-12-19 00:00:00+00:00,q90,development,DK2
1.8131522064451458e-07,1.136237452254924e-06,1.5316454886317511e-05,4.2669119741919899e-05,24,0,7.9730706799512685e-08,2023-12-20 00:00:00+00:00,q90,development,DK2
1.0319097045566791e-12,4.4878033655725568e-11,2.1807915235089538e-10,3.487889146909514e-09,24,0,4.390166732033591e-15,2023-12-21 00:00:00+00:00,q90,development,DK2
3.3131917233908976e-12,1.2157311261708569e-10,3.8407173436165978e-10,6.4788738857463405e-09,24,0,9.8653550541723096e-14,2023-12-22 00:00:00+00:00,q90,development,DK2
9.9625976903316965e-11,2.4543874568666188e-09,2.4546249488688932e-09,3.1686505599979061e-08,24,0,1.0517958878462413e-11,2023-12-23 00:00:00+00:00,q90,development,DK2
8.5573340570167774e-10,1.7287151842139194e-08,6.7647533923205115e-10,1.3488290948770015e-08,24,0,5.9708403975113214e-11,2023-12-24 00:00:00+00:00,q90,development,DK2
8.5132654571110973e-07,5.2603236373251772e-06,1.667203798985945e-05,5.3836491622083894e-05,24,0,8.4243327443708035e-08,2023-12-25 00:00:00+00:00,q90,development,DK2
2.874256993443738e-06,1.4616527559612354e-05,2.7119545965989451e-05,8.3604473166427285e-05,24,0,2.5519503652598576e-07,2023-12-26 00:00:00+00:00,q90,development,DK2
0.08815984369328797,0.1671264286237012,0.078448014776461183,0.15245006220200114,24,0,0.060295153490263376,2023-12-27 00:00:00+00:00,q90,development,DK2
2.5378060590452356e-12,4.6179669617317723e-11,3.3798572239934869e-09,2.3178125658770578e-08,24,0,1.5553836306676409e-14,2023-12-28 00:00:00+00:00,q90,development,DK2
4.7714957431293118e-12,7.6646193516562733e-11,6.5063268853379784e-09,4.4678941421759618e-08,24,0,4.6310012770759821e-14,2023-12-29 00:00:00+00:00,q90,development,DK2
1.6312390636139213e-09,1.8251996648731707e-08,8.2452676345581468e-08,5.2239669417727652e-07,24,0,1.222003948868598e-11,2023-12-30 00:00:00+00:00,q90,development,DK2
3.2501446206664289e-10,5.3434489643218774e-09,1.814484967944958e-09,2.3561904085687913e-08,24,0,4.7392108545142191e-12,2023-12-31 00:00:00+00:00,q90,development,DK2
1.5444535975636723e-05,4.0687568531799193e-05,7.2460571379868638e-05,0.00016078936483157675,24,0,4.3199744600545987e-07,2022-01-01 00:00:00+00:00,q95,development,DK2
5.8936555044243449e-13,2.6476885040259094e-12,2.0420850187615891e-09,5.7144851956819599e-09,24,0,2.8382019864821051e-15,2022-01-02 00:00:00+00:00,q95,development,DK2
2.2118049027601381e-16,4.4825970974061764e-14,1.4075025369586983e-11,1.5000742664314175e-10,24,0,7.5186006330419773e-20,2022-01-03 00:00:00+00:00,q95,development,DK2
0.00021800287060207767,0.00024655345194630893,0.00057331762756144286,0.00072968523731864313,24,0,2.3617626928852186e-06,2022-01-04 00:00:00+00:00,q95,development,DK2
3.3323319727213989e-05,2.1927492240922724e-05,0.00012235972904689135,6.227917832777894e-05,24,0,6.8601251173055637e-05,2022-01-05 00:00:00+00:00,q95,development,DK2
0.4255428411425109,1.0174283481207564,0.41721951643418748,0.98496459215929344,24,0,0.2841644941112203,2022-01-06 00:00:00+00:00,q95,development,DK2
3.243644437691209e-07,3.6504166632850014e-06,6.8621529371259775e-06,3.3858430073184043e-05,24,0,1.2536483113154472e-08,2022-01-07 00:00:00+00:00,q95,development,DK2
1.7427963270646231e-07,4.6112881971091793e-07,4.6642645587278384e-06,1.0523776423759647e-05,24,0,2.3344021093967887e-09,2022-01-08 00:00:00+00:00,q95,development,DK2
7.7748403492761624e-08,1.4993131543863049e-06,7.8710572326720995e-07,6.1278976508436084e-06,24,0,1.8353565956045023e-09,2022-01-09 00:00:00+00:00,q95,development,DK2
0.043310772342892052,0.10128597505021278,0.043704201613841483,0.099222994169870876,24,0,0.0073914722270744448,2022-01-10 00:00:00+00:00,q95,development,DK2
0.11487637438258774,0.3482767391587378,0.12277474299972876,0.34861287353940484,24,0,0.022272118572034507,2022-01-11 00:00:00+00:00,q95,development,DK2
0.11316088643268377,0.39542653285522805,0.12301940974382435,0.40046523237391463,24,0,0.020673133775631368,2022-01-12 00:00:00+00:00,q95,development,DK2
0.0038846981258834849,0.0097177385720600123,0.0056391939163570005,0.012267076953604914,24,0,0.00043598798221377118,2022-01-13 00:00:00+00:00,q95,development,DK2
9.2870231547951667e-05,0.00085709755362624372,0.0002432231022644273,0.0011943023410071181,24,0,9.6560569117693429e-07,2022-01-14 00:00:00+00:00,q95,development,DK2
5.3249912338829157e-05,0.00066420891597388117,0.00018591016864071146,0.0011084744610917689,24,0,3.870304712260218e-07,2022-01-15 00:00:00+00:00,q95,development,DK2
4.1911434898455516e-06,0.00013862587818781096,2.0885471145380201e-05,0.00022739512667594683,24,0,8.2419893152744973e-09,2022-01-16 00:00:00+00:00,q95,development,DK2
2.7562843729967298e-06,2.4581240336404841e-05,1.9001214488642715e-05,6.0935549487034553e-05,24,0,7.1016036479495376e-08,2022-01-17 00:00:00+00:00,q95,development,DK2
0.013858684937864773,0.029521331273709459,0.016545956924108207,0.033247154738387005,24,0,0.0020010409185358849,2022-01-18 00:00:00+00:00,q95,development,DK2
0.00025711493261367538,0.0009112783177836237,0.00054726446793620259,0.0014733840514109837,24,0,7.4458849809167093e-06,2022-01-19 00:00:00+00:00,q95,development,DK2
5.5214362883026363e-15,5.6373698434148735e-15,5.4702090338041084e-13,1.4071573447763027e-13,24,0,2.3530363051396066e-15,2022-01-20 00:00:00+00:00,q95,development,DK2
2.9415626402622679e-05,3.8290130420889916e-05,0.00011515004894877469,9.6828520726557673e-05,24,0,1.1420862861572075e-05,2022-01-21 00:00:00+00:00,q95,development,DK2
0.0003376749824364983,0.00079367211697205079,0.0008015348710640165,0.0016299521826848825,24,0,2.9347572621479444e-05,2022-01-22 00:00:00+00:00,q95,development,DK2
0.0011821010727597453,0.0011831814180347071,0.0016303734651576729,0.0016852903928185193,24,0,4.544759226278567e-05,2022-01-23 00:00:00+00:00,q95,development,DK2
0.17692733802650606,0.23653894705318601,0.18798360462204336,0.2501639619503071,24,0,0.033749192533260669,2022-01-24 00:00:00+00:00,q95,development,DK2
7.9839479908824664,8.1653353114231066,7.9811662292036525,8.1645805885216909,24,10,8.5838301270930195,2022-01-25 00:00:00+00:00,q95,development,DK2
0.17277817570867338,0.18079493747088826,0.16368662007098059,0.17160306157542757,24,0,0.079600397948256921,2022-01-26 00:00:00+00:00,q95,development,DK2
4.8890030020576205e-11,1.5349168586230054e-10,1.0355891480744485e-10,2.63127271516283e-10,24,0,6.5934546926753244e-12,2022-01-27 00:00:00+00:00,q95,development,DK2
9.248385970273572e-05,8.9834383797633154e-05,0.00013987927827038832,0.0001016579041483284,24,0,1.3021893776713243e-05,2022-01-28 00:00:00+00:00,q95,development,DK2
6.4627540181862885e-21,7.221525623224243e-21,2.7917989002059953e-18,6.2527861225091759e-19,24,0,2.5868119801280453e-22,2022-01-29 00:00:00+00:00,q95,development,DK2
1.3115472883036396e-08,2.2808179356350032e-08,9.8508871851900509e-07,7.3383133903141999e-07,24,0,9.3526509228872383e-10,2022-01-30 00:00:00+00:00,q95,development,DK2
0.30824469785045822,0.3040512826929665,0.26959994975097346,0.26737943446831797,24,0,0.34245419167922475,2022-01-31 00:00:00+00:00,q95,development,DK2
5.7021372207883453e-06,3.831495734562366e-06,4.2121532933586867e-05,2.3754289482670501e-05,24,0,4.3387722369770995e-06,2022-02-01 00:00:00+00:00,q95,development,DK2
0.00029496626686654603,0.00045553030003516403,0.00059812738650438172,0.00087798701582265536,24,0,4.7914355980531506e-06,2022-02-02 00:00:00+00:00,q95,development,DK2
0.027678610682467537,0.04033213769706686,0.034774133511075896,0.048845791987699075,24,0,0.0036313790103558188,2022-02-03 00:00:00+00:00,q95,development,DK2
6.4971341630327654e-08,4.6724360655012356e-08,7.3677882324705519e-07,3.6072295955321861e-07,24,0,2.5901687992403262e-08,2022-02-04 00:00:00+00:00,q95,development,DK2
8.2078866939671952e-19,7.7062617390675669e-19,3.4265703302472845e-16,1.1716688525855161e-16,24,0,2.1655109857340864e-19,2022-02-05 00:00:00+00:00,q95,development,DK2
2.7748572703403118e-18,3.4505423285411072e-18,1.891154291631588e-12,2.6897344916502038e-11,24,0,6.4452010168640493e-19,2022-02-06 00:00:00+00:00,q95,development,DK2
1.2875579842672413e-12,4.1040080037640863e-13,5.5346100634629134e-12,1.5215353702304119e-12,24,0,2.5530631880984763e-12,2022-02-07 00:00:00+00:00,q95,development,DK2
5.1194216118152545e-10,2.7311216904139357e-10,6.9278428556514613e-09,3.0066787056204576e-09,24,0,6.4295123778091911e-11,2022-02-08 00:00:00+00:00,q95,development,DK2
0.00021428518882817563,0.00016375005810322302,0.00025610574174562257,0.00017480819717038618,24,0,1.1921617670804755e-05,2022-02-09 00:00:00+00:00,q95,development,DK2
0.0039703552238951386,0.003931771212711834,0.0056843792416914072,0.0050174033708041497,24,0,0.00030173905079715552,2022-02-10 00:00:00+00:00,q95,development,DK2
0.12911687136221295,0.11129698891207283,0.12302411449883656,0.10548538284319368,24,0,0.052342870197440203,2022-02-11 00:00:00+00:00,q95,development,DK2
0.00034077957480608883,0.0027132502471699906,0.00034441887182003645,0.0024596121767457768,24,0,2.2843815820658351e-05,2022-02-12 00:00:00+00:00,q95,development,DK2
1.9849487074874783e-22,1.4016983798059901e-22,9.8934651010240335e-19,2.2510141435518854e-19,24,0,1.1349663813116755e-27,2022-02-13 00:00:00+00:00,q95,development,DK2
1.1674087935279106e-07,1.1065875629568959e-07,5.6757450509755419e-07,3.1405440311089087e-07,24,0,3.3762959375759523e-09,2022-02-14 00:00:00+00:00,q95,development,DK2
1.9009573067628428e-06,1.9833912517597645e-06,7.4414938448895548e-06,4.8633644308725793e-06,24,0,6.0925779492614144e-08,2022-02-15 00:00:00+00:00,q95,development,DK2
1.7010496674713166e-05,6.8671362435510324e-06,0.00010663815910293054,6.5044680627530176e-05,24,0,6.3815043498983017e-07,2022-02-16 00:00:00+00:00,q95,development,DK2
2.0802540637185237e-25,3.0214624986651786e-25,6.0329905658112489e-21,3.6686083563393376e-18,24,0,4.8249416682202844e-35,2022-02-17 00:00:00+00:00,q95,development,DK2
2.2536358886005558e-16,7.0978839162276941e-15,1.6484662313888476e-11,2.2281418502122247e-10,24,0,6.3966579865160573e-19,2022-02-18 00:00:00+00:00,q95,development,DK2
6.9307862054784003e-17,1.3628847799337698e-16,2.5245910610049493e-11,3.8784277623494038e-11,24,0,3.8681586818370626e-15,2022-02-19 00:00:00+00:00,q95,development,DK2
6.2657914639657092e-16,1.7471689708465407e-14,2.846031186415259e-10,3.4239125882097137e-09,24,0,7.6180905822198741e-16,2022-02-20 00:00:00+00:00,q95,development,DK2
5.3885467140088192e-17,9.9508576462216298e-16,7.2854801634813846e-12,1.8755620022840657e-11,24,0,1.4360317783314208e-15,2022-02-21 00:00:00+00:00,q95,development,DK2
6.9020922526148761e-05,0.0001437164903871552,0.00049702485020844357,0.00082667697176838195,24,0,5.9621251524163968e-05,2022-02-22 00:00:00+00:00,q95,development,DK2
5.3927223511460338e-09,6.7481272089556375e-09,1.072622360542779e-08,1.2392596363183213e-08,24,0,1.8203008567351197e-09,2022-02-23 00:00:00+00:00,q95,development,DK2
1.5764809216462019e-06,3.9119809162118707e-06,3.773460910057298e-05,5.3490878588032064e-05,24,0,1.6751963494352562e-06,2022-02-24 00:00:00+00:00,q95,development,DK2
0.00090437300548879137,0.00077681709806761822,0.00080364457145143744,0.00067038141369418118,24,0,0.00034656037424532585,2022-02-25 00:00:00+00:00,q95,development,DK2
0.0002283419110359386,0.0010297384337839696,0.00080092613525945618,0.0022495612799696965,24,0,8.4955569085849288e-05,2022-02-26 00:00:00+00:00,q95,development,DK2
2.3982476962701131e-05,0.00016686125178444063,7.4602950415210618e-05,0.00021027647459358773,24,0,3.6027831433140823e-06,2022-02-27 00:00:00+00:00,q95,development,DK2
0.0019770922013443788,0.015853607973237004,0.0026133599347517725,0.01525024734113201,24,0,0.00021900640762012583,2022-02-28 00:00:00+00:00,q95,development,DK2
4.9582535001731181,4.11135813428535,5.1038591204458923,4.2262641318651495,24,8,5.5893530340390747,2022-03-01 00:00:00+00:00,q95,development,DK2
6.3702222237468265,5.7020956412453812,6.4702634577356823,5.7775427872602307,24,9,6.9945996113157767,2022-03-02 00:00:00+00:00,q95,development,DK2
0.91724552888832145,0.92226939818143105,0.90769624871697763,0.91038256654250904,24,1,0.97229781622179934,2022-03-03 00:00:00+00:00,q95,development,DK2
0.027781066213301925,0.097557363321481919,0.036628019842837957,0.10433183091824773,24,0,0.0076058293759057542,2022-03-04 00:00:00+00:00,q95,development,DK2
0.0069916125569435411,0.041134513765315787,0.010485205444664848,0.048340775630574283,24,0,0.0035482054571552742,2022-03-05 00:00:00+00:00,q95,development,DK2
0.048391258173223387,0.10504819938599218,0.043728792181610417,0.099120978401627632,24,0,0.028078041679231155,2022-03-06 00:00:00+00:00,q95,development,DK2
0.91573955471280855,1.848505669933959,0.91516089699739844,1.7921568095493605,24,0,0.46779100438595089,2022-03-07 00:00:00+00:00,q95,development,DK2
0.44854708571141499,0.78497816084151606,0.45750073595337692,0.78168456454099322,24,0,0.3024012498799632,2022-03-08 00:00:00+00:00,q95,development,DK2
0.11315230354944131,0.33689003391326694,0.12681050849173217,0.35447098949304229,24,0,0.042758762600135988,2022-03-09 00:00:00+00:00,q95,development,DK2
0.00040490445462676179,0.00070740480899127048,0.0007780730988915589,0.0012968864378615911,24,0,6.7557837487267421e-06,2022-03-10 00:00:00+00:00,q95,development,DK2
4.7633566769440465e-14,4.3791156798723254e-13,1.5860795307588128e-09,4.235380297601924e-09,24,0,3.7819877722343251e-14,2022-03-11 00:00:00+00:00,q95,development,DK2
1.0106858817752785e-12,7.247712504060604e-12,3.0892335185455032e-08,6.7349177243505306e-08,24,0,8.1843167015681795e-12,2022-03-12 00:00:00+00:00,q95,development,DK2
2.7998559576734347e-07,4.227046825046736e-07,2.4267420540528716e-07,3.6135413392825393e-07,24,0,1.221444787583844e-08,2022-03-13 00:00:00+00:00,q95,development,DK2
0.02116885882934904,0.046720526939327704,0.028005155294401573,0.056637982265193572,24,0,0.005688951929912295,2022-03-14 00:00:00+00:00,q95,development,DK2
6.7043594989892945,6.3601637540305713,6.7429026334150715,6.4091390638844645,24,8,6.994463833022464,2022-03-15 00:00:00+00:00,q95,development,DK2
0.0048552442063095414,0.010606779372693101,0.0072536026124032189,0.013802832471550468,24,0,0.0015892017854431256,2022-03-16 00:00:00+00:00,q95,development,DK2
0.012296471130868777,0.013555770907218536,0.017063839796364593,0.018641612964259108,24,0,0.0014866423233314996,2022-03-17 00:00:00+00:00,q95,development,DK2
0.00046105619428170167,0.00066663866903367785,0.0012749945758425351,0.0017472428324840396,24,0,2.3266583829765956e-05,2022-03-18 00:00:00+00:00,q95,development,DK2
2.0640884622296486e-06,3.3336651511783062e-06,4.1728812415351522e-05,5.8650492848105455e-05,24,0,6.8303913368785877e-07,2022-03-19 00:00:00+00:00,q95,development,DK2
1.6183802762124622e-07,1.7920693203522685e-07,2.0736388318690785e-07,2.4440022752055921e-07,24,0,1.3139622481073255e-08,2022-03-20 00:00:00+00:00,q95,development,DK2
0.034043846138327852,0.062851804779718218,0.038842829961064855,0.066974717560378511,24,0,0.0080230525030921332,2022-03-21 00:00:00+00:00,q95,development,DK2
2.7755998152644996,2.7332532264628759,2.7603605642127418,2.7313747122416503,24,3,2.8160304512942527,2022-03-22 00:00:00+00:00,q95,development,DK2
1.9651757790959008,2.0998530543429927,1.9747907478753408,2.1194526472667219,24,2,1.9224894740285801,2022-03-23 00:00:00+00:00,q95,development,DK2
0.033487960915515064,0.073885338422385663,0.038971621964362241,0.081195931575845148,24,0,0.0050697854300935158,2022-03-24 00:00:00+00:00,q95,development,DK2
0.0019843221093974088,0.0056528805380228501,0.0026669476240544412,0.007191902338190081,24,0,0.00013942053510154737,2022-03-25 00:00:00+00:00,q95,development,DK2
4.4977712795659451e-06,3.6226233068981359e-05,4.1193905189185994e-05,0.00015439078217519811,24,0,3.0727800514828741e-07,2022-03-26 00:00:00+00:00,q95,development,DK2
1.3865314788976155e-06,2.1793056867885988e-06,8.0337079508124385e-06,1.0382155732587541e-05,24,0,2.8224698847409153e-09,2022-03-27 00:00:00+00:00,q95,development,DK2
8.3004104932105428e-06,1.3253953401682434e-05,3.7322841313445328e-05,5.3966087306852358e-05,24,0,5.9776948192024463e-08,2022-03-28 00:00:00+00:00,q95,development,DK2
0.0054486865427728895,0.013034094470515369,0.0097496180676078809,0.019000520996105788,24,0,0.0011511754258045706,2022-03-29 00:00:00+00:00,q95,development,DK2
4.8740532418435469,4.8666446600837796,4.8148424012097175,4.8043469406839465,24,5,4.9402511210920901,2022-03-30 00:00:00+00:00,q95,development,DK2
0.0062111689206039303,0.0063105102719987951,0.012290515768489435,0.012169489696001831,24,0,0.0088269224454540756,2022-03-31 00:00:00+00:00,q95,development,DK2
0.01718094115104073,0.013526361393969007,0.02349611534827558,0.019310540280185154,24,0,0.025528487284350251,2022-04-01 00:00:00+00:00,q95,development,DK2
0.14893813003905804,0.11086014818343924,0.14974557079830486,0.11126299643108471,24,0,0.11461367049545884,2022-04-02 00:00:00+00:00,q95,development,DK2
0.029073095346113957,0.023317900421866503,0.026767396362458021,0.021077699055768635,24,0,0.025845948494055762,2022-04-03 00:00:00+00:00,q95,development,DK2
3.69561262566416e-11,1.2870688390847629e-10,3.2493577623215642e-10,9.944372923392964e-10,24,0,1.809385646443975e-11,2022-04-04 00:00:00+00:00,q95,development,DK2
0.00012161077805615416,0.00015963973662968091,0.00061807373653990504,0.00073538356663766901,24,0,3.992658166413874e-05,2022-04-05 00:00:00+00:00,q95,development,DK2
1.9057435364196548e-05,2.7626938581397322e-05,0.00014020231519371292,0.00019136005266053781,24,0,4.9309310446363717e-06,2022-04-06 00:00:00+00:00,q95,development,DK2
2.5516652214189782e-18,6.7176480797609626e-17,1.2539177245034098e-12,8.9539367646191199e-12,24,0,3.0903838875987735e-20,2022-04-07 00:00:00+00:00,q95,development,DK2
2.4160819254024521e-08,1.1991343577440258e-07,1.0407994531301916e-06,2.7586552986715186e-06,24,0,4.0455117975582598e-09,2022-04-08 00:00:00+00:00,q95,development,DK2
2.341968945576691e-09,5.7800288883541064e-09,4.7888047882515477e-09,1.1617146235859692e-08,24,0,2.6865304516169151e-09,2022-04-09 00:00:00+00:00,q95,development,DK2
5.0272211364690863e-07,1.753259340437867e-06,5.0377481709676167e-06,1.2942047512034775e-05,24,0,1.171659728601802e-09,2022-04-10 00:00:00+00:00,q95,development,DK2
0.0025442315222257515,0.0035313559537279021,0.0026492280019135583,0.0041201425329297258,24,0,0.0011183153623210229,2022-04-11 00:00:00+00:00,q95,development,DK2
0.0063497383826183959,0.006369813205698599,0.0049684898577107518,0.0050039255467375981,24,0,0.0047510071667739625,2022-04-12 00:00:00+00:00,q95,development,DK2
0.0024167472000317003,0.0021234758635892332,0.0046398529710921553,0.0040744675591998453,24,0,0.00062297649722247675,2022-04-13 00:00:00+00:00,q95,development,DK2
0.00075755124972291083,0.00070076559549707039,0.002060146046974179,0.0019485175488479414,24,0,6.2762811107048693e-05,2022-04-14 00:00:00+00:00,q95,development,DK2
1.3395226401888403e-07,1.5556223049015948e-07,2.2647460486398134e-06,2.671356332875021e-06,24,0,1.1838452277863507e-08,2022-04-15 00:00:00+00:00,q95,development,DK2
8.6240027975254938e-11,8.6240059846497444e-11,5.9556147916674027e-10,5.955628576587002e-10,24,0,1.0853525425502313e-12,2022-04-16 00:00:00+00:00,q95,development,DK2
9.4419744093546936e-06,9.4419744093561149e-06,5.0150324509914721e-05,5.0150324531022199e-05,24,0,5.8263187597767724e-07,2022-04-17 00:00:00+00:00,q95,development,DK2
0.0029022588775412337,0.0029022713955600748,0.0045339648126456033,0.0045341599258133733,24,0,0.00041009985294545881,2022-04-18 00:00:00+00:00,q95,development,DK2
0.024585610155656225,0.024638797275406066,0.028302610885945809,0.02842739141869682,24,0,0.00703367592580364,2022-04-19 00:00:00+00:00,q95,development,DK2
0.017534453839459809,0.021683820247504825,0.024790147693037373,0.029383171317095294,24,0,0.0043923221865887381,2022-04-20 00:00:00+00:00,q95,development,DK2
0.0097512604702556741,0.014872585002138552,0.012074821741472902,0.01791835795424445,24,0,0.0023035401125044942,2022-04-21 00:00:00+00:00,q95,development,DK2
4.6203208570078429e-06,9.7544991619676108e-06,1.4843222010595295e-05,2.4715350460726364e-05,24,0,9.703405846591245e-07,2022-04-22 00:00:00+00:00,q95,development,DK2
5.467067882442437e-07,1.1955491129836584e-06,1.9779730098209586e-05,3.2796648323362947e-05,24,0,6.9541480568876229e-08,2022-04-23 00:00:00+00:00,q95,development,DK2
0.0014036594448413574,0.0019664710316701149,0.0022888614324948695,0.0029507615091286959,24,0,0.00038964897812927,2022-04-24 00:00:00+00:00,q95,development,DK2
0.29098137059494567,0.33305011281481245,0.3053971534638163,0.34649834901338972,24,0,0.14763693505595882,2022-04-25 00:00:00+00:00,q95,development,DK2
0.9481673339801896,0.95376336776464854,0.95973209266401527,0.96489440338779964,24,1,0.93877308903193246,2022-04-26 00:00:00+00:00,q95,development,DK2
0.11684948246159815,0.12255946897860862,0.12358794153372861,0.13084894290714608,24,0,0.072406536697619123,2022-04-27 00:00:00+00:00,q95,development,DK2
0.14551828000824438,0.14756657415404759,0.14799599870288729,0.15111500780967002,24,0,0.11182092495957936,2022-04-28 00:00:00+00:00,q95,development,DK2
0.011453341845346146,0.011442220607327847,0.015364302720056681,0.015318415105057539,24,0,0.0050276221001863608,2022-04-29 00:00:00+00:00,q95,development,DK2
7.6844735745764075e-06,7.684591876981606e-06,3.8929081354864339e-05,3.8930699625056641e-05,24,0,8.9472858565810788e-07,2022-04-30 00:00:00+00:00,q95,development,DK2
0.00037982034435792413,0.00037982091371530931,0.00068712833483379585,0.00068714937096656537,24,0,0.00016048881791583182,2022-05-01 00:00:00+00:00,q95,development,DK2
0.00063913180731237475,0.0011176872344743297,0.0015163694574238501,0.0022309391020795713,24,0,9.3142450121394188e-05,2022-05-02 00:00:00+00:00,q95,development,DK2
0.023319669959464124,0.023772885165049371,0.028823665059945127,0.029524417699331857,24,0,0.0064554361751236831,2022-05-03 00:00:00+00:00,q95,development,DK2
0.19801367441214102,0.19668821596435032,0.20304776516746603,0.20113107418742082,24,0,0.089591724034502704,2022-05-04 00:00:00+00:00,q95,development,DK2
0.24641440644395798,0.24703926466532961,0.23290000532009619,0.23493795746691834,24,0,0.10755505785623731,2022-05-05 00:00:00+00:00,q95,development,DK2
0.0068800839787246833,0.0075990184275280268,0.006918906037188601,0.0082750021695503391,24,0,0.0022060609474180751,2022-05-06 00:00:00+00:00,q95,development,DK2
1.6537322923563081e-05,6.9506948846565576e-05,5.6358709140318195e-05,0.0001637582589294034,24,0,1.0591031705275727e-07,2022-05-07 00:00:00+00:00,q95,development,DK2
0.00073723080208187516,0.0020092676836444513,0.0010839272079813003,0.0027838424084613892,24,0,4.7995278497922027e-05,2022-05-08 00:00:00+00:00,q95,development,DK2
0.0077742758687251185,0.010376366648600983,0.008019272045250837,0.010465236212915122,24,0,0.0016611233216056052,2022-05-09 00:00:00+00:00,q95,development,DK2
0.0010169197569813763,0.0015670931404153357,0.0015390382165496263,0.0020697543005332528,24,0,7.0475815863708209e-05,2022-05-10 00:00:00+00:00,q95,development,DK2
0.00038180768849870202,0.00065648163105653363,0.00086794874842191375,0.0012448108081270144,24,0,5.4122367136577373e-05,2022-05-11 00:00:00+00:00,q95,development,DK2
0.00046490683523648849,0.00071059842659825564,0.00081644949576333123,0.0011609817342586304,24,0,3.9985817228995837e-05,2022-05-12 00:00:00+00:00,q95,development,DK2
1.7237999174005667e-05,3.6182473721143266e-05,5.1964406846733609e-05,9.3982147798452739e-05,24,0,4.1664814252433139e-07,2022-05-13 00:00:00+00:00,q95,development,DK2
3.7705652802205364e-07,1.2305421022364092e-06,1.2892631549019366e-06,4.2721250729055566e-06,24,0,4.5367738874128333e-10,2022-05-14 00:00:00+00:00,q95,development,DK2
0.00030641862400370334,9.3046148839723874e-05,0.00063815070680363763,0.0002033890985644171,24,0,5.0663417122219597e-05,2022-05-15 00:00:00+00:00,q95,development,DK2
0.042716050833849065,0.022853689162298116,0.045702031618578415,0.024788984674069883,24,0,0.014547746561508193,2022-05-16 00:00:00+00:00,q95,development,DK2
0.054362105790197436,0.039240265760118478,0.053933418624650606,0.040265848603589935,24,0,0.025830908613122129,2022-05-17 00:00:00+00:00,q95,development,DK2
0.024406498210969203,0.032806626101389562,0.025120476111537681,0.033494427696542844,24,0,0.0090938204099886462,2022-05-18 00:00:00+00:00,q95,development,DK2
0.062773513512535101,0.043878990651680425,0.065506937618056316,0.048226609631315268,24,0,0.026437417031003059,2022-05-19 00:00:00+00:00,q95,development,DK2
0.023313401557171511,0.031775032343367322,0.032763829736161244,0.042484222526144894,24,0,0.0069244272317115201,2022-05-20 00:00:00+00:00,q95,development,DK2
1.1736944073776374e-06,4.5798496111774579e-06,4.7575343627348533e-06,1.5258390470314103e-05,24,0,3.4747864423841686e-09,2022-05-21 00:00:00+00:00,q95,development,DK2
0.0078781628365087557,0.0051272538314443544,0.010013914194821231,0.0069474226540611056,24,0,0.0027265524395694773,2022-05-22 00:00:00+00:00,q95,development,DK2
0.0043473556660882486,0.0034570959185970737,0.0066163334410601375,0.0056098527110278081,24,0,0.0014698569061049574,2022-05-23 00:00:00+00:00,q95,development,DK2
0.016760775382427307,0.026716025771811345,0.019355748304689221,0.030122522201930013,24,0,0.0045331522978156883,2022-05-24 00:00:00+00:00,q95,development,DK2
0.00071002150435752062,0.0020361468447336862,0.0014665079453035888,0.0035693359418923197,24,0,3.5010565220676563e-05,2022-05-25 00:00:00+00:00,q95,development,DK2
3.0475500415675998e-11,6.472481951805777e-10,1.8682624384512405e-08,8.0530935420225708e-08,24,0,3.6244550449532179e-13,2022-05-26 00:00:00+00:00,q95,development,DK2
7.139259907379284e-17,6.0149130166793973e-15,3.9352760007421066e-11,4.0082313551153839e-10,24,0,3.4277855953079676e-18,2022-05-27 00:00:00+00:00,q95,development,DK2
6.5997347475754418e-10,7.8307938401410696e-09,7.6811236870919135e-09,1.0678254105360014e-07,24,0,2.5907745262249714e-11,2022-05-28 00:00:00+00:00,q95,development,DK2
0.061319884407776526,0.043006250258545306,0.05939895251697732,0.042183387028119489,24,0,0.034093993846514611,2022-05-29 00:00:00+00:00,q95,development,DK2
1.162878877099206,1.0150315511730161,1.1223574908168168,0.99433789734653133,24,0,0.89043764966372541,2022-05-30 00:00:00+00:00,q95,development,DK2
1.8759914420381525,1.593709104225721,1.8305290629087541,1.5630457015733774,24,0,1.7428853100823691,2022-05-31 00:00:00+00:00,q95,development,DK2
0.72791946043202005,0.77058004688301374,0.72490622233434365,0.77382707825474195,24,0,0.50611706331597872,2022-06-01 00:00:00+00:00,q95,development,DK2
0.056064531734591236,0.084615690941323193,0.056734048562045239,0.084720578545864192,24,0,0.020576547685886102,2022-06-02 00:00:00+00:00,q95,development,DK2
0.0067755257932880448,0.0090070551698993914,0.0065738550492010356,0.0092406887318579687,24,0,0.0028072808785870782,2022-06-03 00:00:00+00:00,q95,development,DK2
1.1886649198132864e-06,7.0599233774787688e-07,1.9181090333237199e-05,1.4347164149175614e-05,24,0,5.5787415481716671e-07,2022-06-04 00:00:00+00:00,q95,development,DK2
1.2605027097823432e-07,7.1916487280582086e-07,4.3159174127214464e-06,1.4157595102664951e-05,24,0,3.667759026346853e-09,2022-06-05 00:00:00+00:00,q95,development,DK2
0.00077515304765424643,0.00062185840609690359,0.0016490781778993342,0.0014287364560282537,24,0,0.00012872192259604483,2022-06-06 00:00:00+00:00,q95,development,DK2
0.0020837504473406581,0.0047999754463913299,0.0027322404949411613,0.0059077775301774518,24,0,0.00031189248784020842,2022-06-07 00:00:00+00:00,q95,development,DK2
0.014299371358046263,0.021176665634785413,0.020965701439677523,0.030019649566192467,24,0,0.005314149270667411,2022-06-08 00:00:00+00:00,q95,development,DK2
0.014450276223479859,0.024506123987770825,0.019744068797823103,0.031733310890854627,24,0,0.0032892056891112523,2022-06-09 00:00:00+00:00,q95,development,DK2
0.028182667546580723,0.021662177897460687,0.029949857278814912,0.024904052425312517,24,0,0.012244402970479228,2022-06-10 00:00:00+00:00,q95,development,DK2
9.6331162592887526e-07,5.163367867901825e-06,5.1537191185644157e-06,1.7738790261385324e-05,24,0,1.9342792009530196e-08,2022-06-11 00:00:00+00:00,q95,development,DK2
0.00012750644281950429,0.00048913470088596538,0.00020606856107584855,0.00071869673830662591,24,0,5.5684938503564319e-06,2022-06-12 00:00:00+00:00,q95,development,DK2
0.00020895052384748371,0.00058691328756709969,0.00052252562962523707,0.0011981503207374499,24,0,1.727737062017051e-05,2022-06-13 00:00:00+00:00,q95,development,DK2
0.2206077964822182,0.26194672209169362,0.21495841384103209,0.25556981226525605,24,0,0.14199170807366795,2022-06-14 00:00:00+00:00,q95,development,DK2
0.46631959048875582,0.32736822171465241,0.45600608166365503,0.32023683824915622,24,0,0.29363163282888544,2022-06-15 00:00:00+00:00,q95,development,DK2
0.14596448477357199,0.15935082822289917,0.14497211467071433,0.15776985207567276,24,0,0.066611798257618593,2022-06-16 00:00:00+00:00,q95,development,DK2
0.15991359246632578,0.17333638778678698,0.1516247967229693,0.16385919486090889,24,0,0.1374522449043,2022-06-17 00:00:00+00:00,q95,development,DK2
5.0385581913692247e-05,0.00016649853104788956,7.6861361390160237e-05,0.00024535824418198034,24,0,2.5805742231237482e-06,2022-06-18 00:00:00+00:00,q95,development,DK2
0.00065722218687938724,0.0010416032131839955,0.0014219424483337714,0.0020037386025756249,24,0,0.00026446722543188881,2022-06-19 00:00:00+00:00,q95,development,DK2
0.0040133420193613802,0.0051817590226849349,0.0060082083332839336,0.0074467051849123802,24,0,0.0018011587932607149,2022-06-20 00:00:00+00:00,q95,development,DK2
0.25349162136011338,0.25136199931933517,0.24461581830706461,0.245293097404396,24,0,0.14742631637300421,2022-06-21 00:00:00+00:00,q95,development,DK2
0.10654304528366901,0.084265788096054145,0.10768358860262102,0.089076697904048527,24,0,0.045800928440709529,2022-06-22 00:00:00+00:00,q95,development,DK2
0.11395951380473247,0.10987366530901145,0.1242815157502057,0.12049644263221441,24,0,0.069656904658441085,2022-06-23 00:00:00+00:00,q95,development,DK2
0.00057566309856254335,0.0017543495023975566,0.0016958110313501466,0.0041295291809300494,24,0,7.3478278895213134e-05,2022-06-24 00:00:00+00:00,q95,development,DK2
1.055041892986999e-06,8.1927194850138212e-07,1.424799824634219e-05,1.0564780261000775e-05,24,0,1.2104932631339846e-06,2022-06-25 00:00:00+00:00,q95,development,DK2
0.00029102952210968881,0.00026179956606880192,0.00067519396517781781,0.00057487626656172581,24,0,7.9993768900675949e-05,2022-06-26 00:00:00+00:00,q95,development,DK2
0.0065198619718313039,0.011089334438793485,0.010949971092731752,0.017183746735458971,24,0,0.0019629730102421025,2022-06-27 00:00:00+00:00,q95,development,DK2
0.15496884800709837,0.17591143892911973,0.15955403484808162,0.18243446881407699,24,0,0.13089187858547208,2022-06-28 00:00:00+00:00,q95,development,DK2
0.17538711780863206,0.19796654928197219,0.18313279960131001,0.20308633062813589,24,0,0.15070717369112518,2022-06-29 00:00:00+00:00,q95,development,DK2
0.33304696715128113,0.38586686623814725,0.32977358622584929,0.3842857968980955,24,0,0.23507904294264267,2022-06-30 00:00:00+00:00,q95,development,DK2
0.031780480552119877,0.040846854537941471,0.036658897800247281,0.048176925167334149,24,0,0.024598608874076423,2022-07-01 00:00:00+00:00,q95,development,DK2
0.00038504270325372087,0.0004332996225458333,0.00082023217460360344,0.0009190587967748573,24,0,0.00048219455034384957,2022-07-02 00:00:00+00:00,q95,development,DK2
0.009123988858030058,0.0093099636669926461,0.01069566735776281,0.011202572716003195,24,0,0.0073017565272630236,2022-07-03 00:00:00+00:00,q95,development,DK2
0.0012658302359029637,0.0019526274484245767,0.0031012581196419738,0.004195277380970773,24,0,0.00044755801087738317,2022-07-04 00:00:00+00:00,q95,development,DK2
0.023770123715167343,0.033081133596155929,0.026532871382190612,0.036227207369953413,24,0,0.0070403378818260061,2022-07-05 00:00:00+00:00,q95,development,DK2
4.9420950166677114e-05,0.00017206227576429579,0.00014889499944467511,0.00039814779157672057,24,0,3.1129762986544823e-06,2022-07-06 00:00:00+00:00,q95,development,DK2
1.3741603821300243e-05,2.968166596367931e-05,9.342252792034683e-05,0.00016630839432556997,24,0,2.2502410989273676e-05,2022-07-07 00:00:00+00:00,q95,development,DK2
3.6660298487986504e-07,1.3940700031580954e-06,6.250247450730188e-06,1.3300190472407825e-05,24,0,2.2354016415385902e-07,2022-07-08 00:00:00+00:00,q95,development,DK2
9.5254871764495447e-16,5.9760129684838852e-14,1.1325886623123937e-10,6.1714451938230833e-10,24,0,2.2991667573467233e-16,2022-07-09 00:00:00+00:00,q95,development,DK2
2.281182595663904e-05,7.0293737438398513e-05,0.00011617009200804813,0.00028262827174115729,24,0,7.226323468951349e-06,2022-07-10 00:00:00+00:00,q95,development,DK2
0.26795791343451147,0.24796290225759826,0.25896234865465301,0.24047237257316187,24,0,0.18653184501470418,2022-07-11 00:00:00+00:00,q95,development,DK2
0.3111309706477749,0.33778201143543773,0.29758174110280994,0.3217578780151874,24,0,0.22135946405758822,2022-07-12 00:00:00+00:00,q95,development,DK2
0.020695271582483084,0.029035889629521493,0.01692860807528446,0.023915567586584911,24,0,0.01036185493797717,2022-07-13 00:00:00+00:00,q95,development,DK2
0.00068108591136363083,0.0012515942196339258,0.00078087058073425628,0.0013356385177142086,24,0,0.00010499685395856346,2022-07-14 00:00:00+00:00,q95,development,DK2
2.681740801284747e-07,9.5302099870481978e-07,1.937168887866341e-07,6.9014502474420889e-07,24,0,9.0798789803784114e-08,2022-07-15 00:00:00+00:00,q95,development,DK2
5.6041930198528825e-13,9.0950743653326259e-12,6.1003944867837272e-10,3.0661600624794651e-09,24,0,2.1667447635965873e-13,2022-07-16 00:00:00+00:00,q95,development,DK2
0.0044225641847432454,0.0074568308853649604,0.0061623911861561735,0.0094938593196582585,24,0,0.00075218280014293986,2022-07-17 00:00:00+00:00,q95,development,DK2
1.2650943602652467,1.2737280532472819,1.2316344214973314,1.2390990561051647,24,0,1.0841837313360034,2022-07-18 00:00:00+00:00,q95,development,DK2
0.23118165911435601,0.27665426469479232,0.21475755372269284,0.26154903899676474,24,0,0.19447174769438885,2022-07-19 00:00:00+00:00,q95,development,DK2
0.043922691500923844,0.049602624815736435,0.045083214762050919,0.04962650599565565,24,0,0.039045228892278738,2022-07-20 00:00:00+00:00,q95,development,DK2
0.022487164267753636,0.029661556435791884,0.022889704616962971,0.029514193709357324,24,0,0.017054383666715675,2022-07-21 00:00:00+00:00,q95,development,DK2
0.011598096847018421,0.012440886611310107,0.010939557166102993,0.011440074287133079,24,0,0.0096918466388883212,2022-07-22 00:00:00+00:00,q95,development,DK2
9.4425870019969986e-08,4.3009474132861729e-07,5.2901501050731527e-06,1.1301104831775785e-05,24,0,1.898417333544283e-08,2022-07-23 00:00:00+00:00,q95,development,DK2
0.0023511966226170298,0.0035423883208646565,0.0026216095331691299,0.0036415209640708796,24,0,0.0011554848434626151,2022-07-24 00:00:00+00:00,q95,development,DK2
0.00098476593979367416,0.0013410778321270372,0.0021414277992419955,0.0024417802504810922,24,0,0.0010663502188068311,2022-07-25 00:00:00+00:00,q95,development,DK2
1.8063289151594071e-07,3.5352926221476122e-07,1.4394267470668818e-06,1.6987196847381583e-06,24,0,8.9292803294256087e-08,2022-07-26 00:00:00+00:00,q95,development,DK2
0.00029144471874468022,0.00051202616255450074,0.00042679196649848719,0.00060816547677570488,24,0,5.1388383882739009e-05,2022-07-27 00:00:00+00:00,q95,development,DK2
0.29461194490401338,0.40135702699410375,0.29816090910759763,0.40837621427039417,24,0,0.3195606560300116,2022-07-28 00:00:00+00:00,q95,development,DK2
0.47231910491395629,0.62173834320299681,0.48320903869035398,0.63897346189692517,24,0,0.4724413877474557,2022-07-29 00:00:00+00:00,q95,development,DK2
0.00013776393749170683,0.00019561569308112459,0.00041381471918515531,0.00050775308544381858,24,0,0.00014211985803814611,2022-07-30 00:00:00+00:00,q95,development,DK2
0.00096608104067573625,0.0013864980023621321,0.0020865755378087656,0.0026821903136913577,24,0,0.0005188420505496704,2022-07-31 00:00:00+00:00,q95,development,DK2
0.14588203568107055,0.1679918977399022,0.13895198431939348,0.16018928234221291,24,0,0.085529368400379585,2022-08-01 00:00:00+00:00,q95,development,DK2
0.24292400094021327,0.18180107918252927,0.21573266478372807,0.15891154535274696,24,0,0.21366108770788553,2022-08-02 00:00:00+00:00,q95,development,DK2
1.0756032748977344,1.287486218764337,1.07521112078606,1.3078418564362202,24,4,1.1565826419788234,2022-08-03 00:00:00+00:00,q95,development,DK2
0.26540753932723177,0.3432898728550291,0.25543339896665929,0.33562879047043265,24,0,0.25101151188979248,2022-08-04 00:00:00+00:00,q95,development,DK2
0.0024846045854629234,0.0044850982490117668,0.0042876375998376825,0.0069986760385437807,24,0,0.00074428497303221091,2022-08-05 00:00:00+00:00,q95,development,DK2
1.3362797065124327e-08,4.179057352709057e-08,4.1751637337681486e-07,7.9149800772343478e-07,24,0,4.2137325015893585e-09,2022-08-06 00:00:00+00:00,q95,development,DK2
0.00049177739804894167,0.001117746603804821,0.0011428128483660855,0.0021812445001705401,24,0,7.3907171668722093e-05,2022-08-07 00:00:00+00:00,q95,development,DK2
0.036398029926801564,0.046712974497303959,0.03943185374013667,0.048805183033150623,24,0,0.03123311682539702,2022-08-08 00:00:00+00:00,q95,development,DK2
0.21157978278194531,0.30289776986367722,0.21367349421988704,0.3038192837698962,24,0,0.21489097999378592,2022-08-09 00:00:00+00:00,q95,development,DK2
0.56875450920624859,0.77567324000067772,0.57188508585325426,0.78357836675101933,24,0,0.53615511491773182,2022-08-10 00:00:00+00:00,q95,development,DK2
0.834476838716671,1.1301338802579499,0.85004408835571021,1.1545216654836263,24,0,0.83049857709940189,2022-08-11 00:00:00+00:00,q95,development,DK2
0.05764624553053134,0.084805992861290036,0.058939050186795544,0.085243072290035415,24,0,0.052121334188889118,2022-08-12 00:00:00+00:00,q95,development,DK2
0.00033286278561514999,0.00046146016058877455,0.00056645178870247056,0.00074269935327902635,24,0,0.0005917814412982514,2022-08-13 00:00:00+00:00,q95,development,DK2
2.3838118282771704e-06,5.7029315382942651e-06,3.2553397756201116e-05,4.2369149640865244e-05,24,0,1.1475698022009128e-06,2022-08-14 00:00:00+00:00,q95,development,DK2
0.0051030346355352436,0.0073162983727829527,0.0075688089256627632,0.010472531757855874,24,0,0.0017190143812916576,2022-08-15 00:00:00+00:00,q95,development,DK2
0.093007694537188823,0.1277501169115598,0.097724265647589695,0.1332886547944685,24,0,0.10701190553953237,2022-08-16 00:00:00+00:00,q95,development,DK2
0.9541314042162512,1.0721795873996633,0.9313976526808968,1.0599855475536837,24,0,0.96514477180386504,2022-08-17 00:00:00+00:00,q95,development,DK2
0.067900683470070972,0.083946804194621152,0.080760411819463848,0.095201943052161717,24,0,0.044884185266963722,2022-08-18 00:00:00+00:00,q95,development,DK2
0.015924117161169017,0.020388610270970126,0.023908933885740322,0.02901201440130086,24,0,0.013239336657040579,2022-08-19 00:00:00+00:00,q95,development,DK2
4.1766779543656299e-06,5.6540757479996446e-06,3.5116574899373767e-05,4.4638762398678411e-05,24,0,3.3528690469705997e-06,2022-08-20 00:00:00+00:00,q95,development,DK2
0.0016370294068726943,0.0013300927145112771,0.0030155191927363871,0.0024898315994233092,24,0,0.00034143197560484518,2022-08-21 00:00:00+00:00,q95,development,DK2
0.056947024177287829,0.057084760799204,0.05788431323993197,0.057276486549697997,24,0,0.04004027554575533,2022-08-22 00:00:00+00:00,q95,development,DK2
0.08180029029156427,0.092180700005519339,0.07179403926521527,0.082938885500741424,24,0,0.06796774447881683,2022-08-23 00:00:00+00:00,q95,development,DK2
0.0089167516711303532,0.010269821663720638,0.0067515789618389681,0.0079622423065796276,24,0,0.0072579828171724483,2022-08-24 00:00:00+00:00,q95,development,DK2
0.016419466786619714,0.018354131226022644,0.015259732743751147,0.016493138042710607,24,0,0.0085554258782676151,2022-08-25 00:00:00+00:00,q95,development,DK2
0.024090967186144611,0.035492508829508752,0.032260589339343171,0.044915820709213357,24,0,0.02172869837272022,2022-08-26 00:00:00+00:00,q95,development,DK2
8.4180300193461174e-06,1.3907905690960235e-05,5.7200346090298226e-05,7.477278185556622e-05,24,0,4.1812771007838651e-06,2022-08-27 00:00:00+00:00,q95,development,DK2
2.252823858585134e-06,5.901495775316663e-06,2.6049620084849923e-05,3.7495785812736705e-05,24,0,3.4747127759959954e-07,2022-08-28 00:00:00+00:00,q95,development,DK2
0.0043416521878748907,0.0056734116220953307,0.0052706660742256953,0.0063502698979776171,24,0,0.00087508885688835595,2022-08-29 00:00:00+00:00,q95,development,DK2
0.0014632342275793222,0.0016037424378295391,0.001962341032112598,0.0021725972785957247,24,0,0.0011190686210181822,2022-08-30 00:00:00+00:00,q95,development,DK2
0.0038235782058414327,0.0037887122250384606,0.0055203447529492619,0.0055139723084208321,24,0,0.0029458104839731598,2022-08-31 00:00:00+00:00,q95,development,DK2
0.12798545889193708,0.16516661866682314,0.12956532345896668,0.16689547153614903,24,0,0.11826248651163741,2022-09-01 00:00:00+00:00,q95,development,DK2
0.028854872909918776,0.038618047627771483,0.028638826514999365,0.037269239879029858,24,0,0.023826160418198492,2022-09-02 00:00:00+00:00,q95,development,DK2
1.2612007098953927e-13,1.0504599696772084e-12,3.3018741918167845e-10,4.0280413233033874e-10,24,0,4.6002639419033403e-16,2022-09-03 00:00:00+00:00,q95,development,DK2
5.0860544849855358e-13,1.1615532899605815e-12,1.6847878578050886e-12,3.3153046042958903e-12,24,0,6.0550650564181166e-14,2022-09-04 00:00:00+00:00,q95,development,DK2
1.0091526119107908e-09,1.9917141469884013e-09,8.5126096634503177e-08,1.0948629855184981e-07,24,0,1.0468577495254044e-09,2022-09-05 00:00:00+00:00,q95,development,DK2
1.641524026424811e-08,2.4479685621014825e-08,3.7369141604701179e-08,4.3893680116142795e-08,24,0,2.7602752844249919e-09,2022-09-06 00:00:00+00:00,q95,development,DK2
3.9875894978114304e-05,5.7672103893873206e-05,8.9025560136112483e-05,0.0001061117231890529,24,0,6.7436695663653374e-06,2022-09-07 00:00:00+00:00,q95,development,DK2
1.09121427309309e-10,3.292262236901991e-10,6.2649038895379314e-09,5.8468578337457923e-08,24,0,5.9998225107009698e-13,2022-09-08 00:00:00+00:00,q95,development,DK2
2.9867257191909917e-05,7.427010730603082e-05,0.00013412912911573661,0.00029550674257524133,24,0,7.8053245803388067e-06,2022-09-09 00:00:00+00:00,q95,development,DK2
6.9560709735643457e-05,9.5164691007728467e-05,0.00027293755544318576,0.00033497003444904119,24,0,3.4162572125744928e-05,2022-09-10 00:00:00+00:00,q95,development,DK2
0.0037324539844741421,0.0039419180381535237,0.0033108322705412236,0.0032857794109708766,24,0,0.0025635339689416324,2022-09-11 00:00:00+00:00,q95,development,DK2
0.014953457131196727,0.015605613690877859,0.016634678060105691,0.017863868165146974,24,0,0.010310223793099866,2022-09-12 00:00:00+00:00,q95,development,DK2
7.2222623158675086e-07,8.5724505282232878e-07,4.9108381641137743e-07,5.8447202358562749e-07,24,0,3.2637170389570062e-07,2022-09-13 00:00:00+00:00,q95,development,DK2
0.053567888430316422,0.04884415794206419,0.048561087966485554,0.04435258701461052,24,0,0.031473631433763111,2022-09-14 00:00:00+00:00,q95,development,DK2
3.1258663196154712e-14,2.2567557925199016e-14,4.2420862661503414e-14,2.365765473328679e-14,24,0,1.0371433898766644e-14,2022-09-15 00:00:00+00:00,q95,development,DK2
4.8202864497970344e-07,6.030247683222117e-07,6.8386365289112317e-06,6.248127319404205e-06,24,0,1.3261220110167509e-07,2022-09-16 00:00:00+00:00,q95,development,DK2
2.6624220769399749e-07,3.1535110016367847e-07,2.5849822351826413e-06,1.9290656086149324e-06,24,0,1.7125174536306724e-08,2022-09-17 00:00:00+00:00,q95,development,DK2
5.1793949800580236e-07,4.6299149466188437e-07,2.5638800357614638e-06,1.959177755370577e-06,24,0,6.2781493462022684e-08,2022-09-18 00:00:00+00:00,q95,development,DK2
0.00040942806256868616,0.00028809068375401019,0.00030621467600873691,0.0002087668324672234,24,0,0.00017124020338499783,2022-09-19 00:00:00+00:00,q95,development,DK2
0.84451145633726499,0.77418260583855447,0.84066341707188663,0.79704203235073456,24,0,0.79176602162509424,2022-09-20 00:00:00+00:00,q95,development,DK2
2.6340808759453069,2.2058178684468408,2.6248314364642602,2.2085988393340483,24,0,2.6705303031510468,2022-09-21 00:00:00+00:00,q95,development,DK2
1.8101313505836754,1.4828135930224013,1.8244021030122757,1.4820966816765333,24,0,1.9606107585391348,2022-09-22 00:00:00+00:00,q95,development,DK2
0.0012379631094006033,0.0012472636656626296,0.001261873540559439,0.0014221496629871439,24,0,0.00042257487369075396,2022-09-23 00:00:00+00:00,q95,development,DK2
0.00020181630687767134,0.00024920024153630537,0.00047054232495591163,0.00051505426187170437,24,0,4.8382645224687466e-05,2022-09-24 00:00:00+00:00,q95,development,DK2
0.00013969973925202588,7.5070956641838036e-05,0.00020694928912752997,0.00016739724696287434,24,0,2.1332375584808265e-05,2022-09-25 00:00:00+00:00,q95,development,DK2
4.130513290914656e-07,2.7841193227030609e-07,2.7155538173869848e-06,1.3440338487265958e-06,24,0,3.3564848715122853e-08,2022-09-26 00:00:00+00:00,q95,development,DK2
2.4770028895761714e-05,4.871760655659365e-05,6.8577854879062428e-05,0.00014338265714653495,24,0,2.8307774039461514e-06,2022-09-27 00:00:00+00:00,q95,development,DK2
0.077033780192978074,0.072355600256305053,0.088806020888680365,0.081815091468977169,24,0,0.030239886292338737,2022-09-28 00:00:00+00:00,q95,development,DK2
1.2256614543916757,0.88491433991317081,1.2243097625142836,0.90133784870734668,24,0,0.96847625471459575,2022-09-29 00:00:00+00:00,q95,development,DK2
1.5175398149699053,1.1677567790865073,1.4966317278695163,1.1607258494157116,24,0,1.3292314551205089,2022-09-30 00:00:00+00:00,q95,development,DK2
2.2350487949829643e-15,4.9197387358962539e-14,4.5351363375251211e-12,7.8367342851715307e-11,24,0,1.4615619877483606e-17,2022-10-01 00:00:00+00:00,q95,development,DK2
2.0986061298045466e-19,1.3456197856690787e-17,2.1984118073705022e-16,5.0899903751829964e-15,24,0,1.3544149819731053e-27,2022-10-02 00:00:00+00:00,q95,development,DK2
3.5417206883556178e-07,2.4169734452641473e-06,2.7200393399333997e-06,7.2282300845896569e-06,24,0,2.0826366443556395e-08,2022-10-03 00:00:00+00:00,q95,development,DK2
8.435234177420944e-06,6.7230180947483971e-05,5.7987060115722308e-05,0.00024421373556381918,24,0,7.8669226135787884e-07,2022-10-04 00:00:00+00:00,q95,development,DK2
5.6163782961277608e-19,1.4219689201674554e-17,4.1600660205758838e-14,2.2548014050461447e-13,24,0,1.1402642386503274e-21,2022-10-05 00:00:00+00:00,q95,development,DK2
2.6931283429660333e-15,5.4522225647851767e-14,2.0739169576258909e-15,4.1305315918412263e-14,24,0,1.274045288900207e-16,2022-10-06 00:00:00+00:00,q95,development,DK2
1.2926773542722848e-17,3.1436389379133999e-16,2.5602469155204868e-14,1.5765568736466425e-13,24,0,3.9772837601214281e-20,2022-10-07 00:00:00+00:00,q95,development,DK2
5.4079615939593231e-21,3.5709510189257821e-19,1.9890457747367076e-15,1.8601718194921163e-14,24,0,8.9982414593696365e-27,2022-10-08 00:00:00+00:00,q95,development,DK2
3.4090319232816843e-14,1.9733764675027833e-12,1.4701171195311475e-10,8.6442906994524972e-10,24,0,7.996500361903826e-18,2022-10-09 00:00:00+00:00,q95,development,DK2
3.8854561196041852e-10,2.0679986543902167e-09,6.9678440037227288e-08,2.0988148968644516e-07,24,0,1.8578965377555863e-12,2022-10-10 00:00:00+00:00,q95,development,DK2
0.00034132645816819835,0.0010179406772336513,0.00069563810475507641,0.001950222941854254,24,0,1.6300839254423122e-05,2022-10-11 00:00:00+00:00,q95,development,DK2
0.053149457214954718,0.12062952256693577,0.062326966929660013,0.13486524893644777,24,0,0.015268082853096616,2022-10-12 00:00:00+00:00,q95,development,DK2
1.2149721275076288e-05,3.7165448024269682e-05,0.00012729691274532214,0.00027859482123023953,24,0,5.1656339519298888e-07,2022-10-13 00:00:00+00:00,q95,development,DK2
0.00040230105872326533,0.00079495294222181004,0.0011208521510986658,0.0017808702096400633,24,0,2.7061475133102832e-05,2022-10-14 00:00:00+00:00,q95,development,DK2
5.5444896795696716e-16,7.0519674065799044e-15,2.043032880937181e-13,2.3561431644095165e-12,24,0,4.0659583300883219e-19,2022-10-15 00:00:00+00:00,q95,development,DK2
2.9917850542601007e-10,3.1933775923954545e-09,1.0293103182567693e-08,2.5649238986961172e-08,24,0,3.2601195810352525e-12,2022-10-16 00:00:00+00:00,q95,development,DK2
1.9956216166175397e-07,1.2328584533190778e-06,5.4398422093789339e-06,1.8114792971708441e-05,24,0,7.7108483668360595e-09,2022-10-17 00:00:00+00:00,q95,development,DK2
2.0854853587198321e-08,6.5235538395138151e-08,1.829746361031826e-06,3.7008862471885616e-06,24,0,8.7976821303044425e-10,2022-10-18 00:00:00+00:00,q95,development,DK2
0.00011864409538382176,0.00059239718626497928,0.00046849267849675004,0.0013737824459719103,24,0,1.7371913326111453e-05,2022-10-19 00:00:00+00:00,q95,development,DK2
3.1122558710004684e-11,2.5367924434540229e-10,5.5849393177649139e-11,5.9266332516709464e-10,24,0,9.8975464735983392e-13,2022-10-20 00:00:00+00:00,q95,development,DK2
4.8667766670117635e-06,9.0197342728430858e-06,6.2711679726654658e-05,9.755104580576157e-05,24,0,7.1508248775725671e-07,2022-10-21 00:00:00+00:00,q95,development,DK2
4.5536374410207942e-10,2.1659377229281832e-09,3.5433110535604039e-09,1.7906314857623045e-08,24,0,1.7342208020857922e-12,2022-10-22 00:00:00+00:00,q95,development,DK2
8.7401291108783199e-14,9.8075571047243017e-13,1.6433049645762066e-13,2.0972469544775012e-12,24,0,1.0036270291053454e-16,2022-10-23 00:00:00+00:00,q95,development,DK2
5.0501140729234976e-20,1.7550943042876042e-18,3.9217203548942386e-14,5.1276432053039065e-13,24,0,2.0233113044998065e-23,2022-10-24 00:00:00+00:00,q95,development,DK2
7.4443817551514143e-13,2.5759283203058544e-12,3.2294423343742124e-09,7.0440645110828818e-09,24,0,4.0836731508901646e-15,2022-10-25 00:00:00+00:00,q95,development,DK2
1.1603806642489213e-08,8.0912488267932218e-08,7.4892166904760175e-07,1.4571046679684296e-06,24,0,2.8559870590472042e-10,2022-10-26 00:00:00+00:00,q95,development,DK2
2.1973209446384516e-07,3.9104650004199887e-07,3.1699276729715035e-06,5.3869754861109389e-06,24,0,3.7501270071964346e-09,2022-10-27 00:00:00+00:00,q95,development,DK2
7.1161203447871383e-10,4.4760526359625565e-09,3.1451140224664722e-08,1.324822231032986e-07,24,0,4.2696834318112459e-12,2022-10-28 00:00:00+00:00,q95,development,DK2
8.3931111241915391e-16,4.7457013225313548e-15,5.6096382564565622e-13,2.7014254838324625e-12,24,0,1.0407950515832963e-18,2022-10-29 00:00:00+00:00,q95,development,DK2
0,0,0,0,0,0,0,2022-10-30 00:00:00+00:00,q95,development,DK2
0.00033145941712735006,0.0011999686797698709,0.00075496290984419041,0.0016715278089220571,24,0,9.6730055747622803e-05,2022-10-31 00:00:00+00:00,q95,development,DK2
3.0540784813714891e-19,1.5891838995006885e-17,8.1501503387291761e-14,1.9095583736486467e-12,24,0,8.6988877814815536e-23,2022-11-01 00:00:00+00:00,q95,development,DK2
1.0857594633891608e-22,1.3068837921421172e-20,5.8944533152636755e-16,1.6596462813683161e-14,24,0,3.9444405121923235e-28,2022-11-02 00:00:00+00:00,q95,development,DK2
1.2451028729159406e-11,1.4175803332200661e-10,8.26727033199132e-09,3.367370945556342e-08,24,0,6.8250789442392489e-13,2022-11-03 00:00:00+00:00,q95,development,DK2
2.3818667481928199e-06,8.6738347637141664e-06,1.6528928036260427e-05,4.6741067041765299e-05,24,0,1.8884759065692748e-08,2022-11-04 00:00:00+00:00,q95,development,DK2
1.3173463055290151e-12,1.7053478780096041e-11,9.8138656216223687e-12,1.5978674996979133e-10,24,0,1.4075951851152117e-16,2022-11-05 00:00:00+00:00,q95,development,DK2
8.7760775705837507e-30,1.1044052673094158e-29,6.2955041952713002e-24,7.9292693961295862e-24,24,0,2.6616740960224543e-50,2022-11-06 00:00:00+00:00,q95,development,DK2
8.1351280850916825e-31,1.6146996653742578e-30,1.167795213332818e-23,1.4243379204953433e-22,24,0,3.2770811558377428e-43,2022-11-07 00:00:00+00:00,q95,development,DK2
5.4706271181912761e-28,1.4379085409432433e-27,2.8455329451762502e-21,5.2565922742966229e-20,24,0,2.6467493819498718e-35,2022-11-08 00:00:00+00:00,q95,development,DK2
1.1347460061484599e-15,2.9973784826762085e-14,1.6025632706546349e-12,2.1107056474640567e-11,24,0,2.3164046860820374e-22,2022-11-09 00:00:00+00:00,q95,development,DK2
1.8352648620159648e-14,3.7604969040582831e-13,1.091361808901315e-11,8.4255409954005115e-11,24,0,1.2703890168146052e-20,2022-11-10 00:00:00+00:00,q95,development,DK2
2.1591724565656471e-16,8.1501816597430388e-15,5.0798452421351806e-13,8.2932808401405548e-12,24,0,4.4621479461807149e-23,2022-11-11 00:00:00+00:00,q95,development,DK2
2.6253424376805929e-15,4.668478133218332e-14,1.0681358438191991e-14,1.0047055502237647e-13,24,0,4.3759523370674943e-18,2022-11-12 00:00:00+00:00,q95,development,DK2
0,0,0,0,0,0,0,2022-11-13 00:00:00+00:00,q95,development,DK2
5.183346581813151e-15,3.3463787932465394e-14,1.8368277209305855e-10,5.3103110407036111e-10,24,0,1.2569322401991863e-17,2022-11-14 00:00:00+00:00,q95,development,DK2
2.333440720267179e-10,7.8109540843533074e-10,5.5821679921239626e-08,1.275223873123336e-07,24,0,2.8099604091745883e-13,2022-11-15 00:00:00+00:00,q95,development,DK2
2.514863913941297e-28,4.5146263086765624e-28,1.2682765473964529e-23,1.3567285254926355e-23,24,0,7.6203638984451583e-41,2022-11-16 00:00:00+00:00,q95,development,DK2
1.2395455737898907e-23,3.756026185420998e-21,1.1228238441082374e-19,6.0619408661886857e-17,24,0,4.6147044747862666e-33,2022-11-17 00:00:00+00:00,q95,development,DK2
3.652184429638152e-23,1.2435588864554305e-20,1.1790282811538716e-15,5.4153961305194559e-14,24,0,2.5923499700669305e-27,2022-11-18 00:00:00+00:00,q95,development,DK2
7.1314733091464286e-07,1.1114113848665601e-05,1.0558349084481336e-05,4.4799067473564472e-05,24,0,1.430294380797201e-08,2022-11-19 00:00:00+00:00,q95,development,DK2
0,0,0,0,0,0,0,2022-11-20 00:00:00+00:00,q95,development,DK2
0.00017384994117678376,0.00022670129043296224,0.00027046680823176105,0.00034835758161783689,24,0,2.2931294895228524e-05,2022-11-21 00:00:00+00:00,q95,development,DK2
3.0897158866810567e-20,1.2868729142762093e-19,9.9638475271172017e-16,4.2401177685985503e-15,24,0,5.0254754853471518e-21,2022-11-22 00:00:00+00:00,q95,development,DK2
1.1104131040707381e-20,7.0862922933980781e-20,1.6122149579352439e-14,4.6923476497198628e-14,24,0,8.1074384943379862e-24,2022-11-23 00:00:00+00:00,q95,development,DK2
5.6106806233420461e-11,1.3819100924399959e-10,2.8035622292795929e-08,4.8447180321661842e-08,24,0,5.6822941450661077e-13,2022-11-24 00:00:00+00:00,q95,development,DK2
1.2729515220080568e-06,6.2414239035404435e-06,1.0048202024823485e-05,2.916914023618511e-05,24,0,2.2579862421080678e-08,2022-11-25 00:00:00+00:00,q95,development,DK2
4.4427731328863228e-11,1.1851880347626448e-09,4.4208406597036951e-10,5.700994631568128e-09,24,0,4.5861410636543367e-14,2022-11-26 00:00:00+00:00,q95,development,DK2
8.2625737153823011e-21,1.244266738650944e-18,4.012135298736781e-18,1.2576739550239974e-15,24,0,9.3100233874430767e-30,2022-11-27 00:00:00+00:00,q95,development,DK2
1.2563780103132122e-11,1.2248145764340272e-10,6.5361051975291176e-10,3.6893978447815556e-09,24,0,3.968940885834816e-16,2022-11-28 00:00:00+00:00,q95,development,DK2
1.0103417297818845e-05,3.5893296067263923e-05,3.2534366668989229e-05,0.00010641966503910867,24,0,4.287940498062693e-08,2022-11-29 00:00:00+00:00,q95,development,DK2
7.8373205746104361e-05,0.0012765782042525025,0.00024929085293880676,0.0026871528264546703,24,0,6.2385036862799127e-06,2022-11-30 00:00:00+00:00,q95,development,DK2
0.0014244057224741728,0.0053038878679262831,0.0029099640399450556,0.0092956461424766323,24,0,0.00016024671478098699,2022-12-01 00:00:00+00:00,q95,development,DK2
8.3750547271387323e-05,0.00081130511418600853,0.00034365686062879541,0.0016312211905071428,24,0,8.3643000892149925e-06,2022-12-02 00:00:00+00:00,q95,development,DK2
1.4311532322278715e-16,2.5035114599143708e-15,1.4402926709415163e-13,1.6425738071788623e-12,24,0,8.7350045822256374e-25,2022-12-03 00:00:00+00:00,q95,development,DK2
6.0827259068202086e-14,4.206864568336128e-13,1.6684420632794823e-11,9.6393548315067689e-11,24,0,6.6707175383033114e-20,2022-12-04 00:00:00+00:00,q95,development,DK2
4.339255661081667e-05,9.3641024571112933e-05,0.00015377365506518182,0.00032443054428047178,24,0,4.040561912480702e-07,2022-12-05 00:00:00+00:00,q95,development,DK2
0.0092639456764811411,0.021114168210090656,0.013639269587737198,0.026612675120357528,24,0,0.0018878388109205752,2022-12-06 00:00:00+00:00,q95,development,DK2
6.5277303566186543e-05,0.00093347337780908543,0.00037364034363446903,0.0020284014508699629,24,0,8.9990452442037436e-06,2022-12-07 00:00:00+00:00,q95,development,DK2
0.075937128630783488,0.24114082134784212,0.081749217398717072,0.23811020856071571,24,0,0.044380476869927903,2022-12-08 00:00:00+00:00,q95,development,DK2
0.044905077266334553,0.17175092596976141,0.055693502502633725,0.18172526119111454,24,0,0.02711487653989169,2022-12-09 00:00:00+00:00,q95,development,DK2
0.0021276312906845403,0.017538859632089017,0.0020462297644751981,0.014196117533248804,24,0,0.0014222325523262479,2022-12-10 00:00:00+00:00,q95,development,DK2
0.0023626772279612715,0.018072636725248066,0.0034291836719516212,0.01959369624946275,24,0,0.0010833456953322097,2022-12-11 00:00:00+00:00,q95,development,DK2
0.8288777123668527,0.97062557149402651,0.83964764626027533,0.98670199954985438,24,1,0.79317733044417249,2022-12-12 00:00:00+00:00,q95,development,DK2
0.48081621819815668,0.65717834014892551,0.45714459951176517,0.63396198752614741,24,0,0.44822870669696052,2022-12-13 00:00:00+00:00,q95,development,DK2
0.0069276352964707296,0.038362808272852454,0.010416744009345811,0.045125174270755179,24,0,0.0073610394895386169,2022-12-14 00:00:00+00:00,q95,development,DK2
0.1941991906501942,0.45490155297115631,0.20319508587834748,0.45705267212347239,24,0,0.16387611033452687,2022-12-15 00:00:00+00:00,q95,development,DK2
9.3938599140111663,10.18921284730798,9.4838141618358005,10.298041507905957,24,0,9.526273585724951,2022-12-16 00:00:00+00:00,q95,development,DK2
0.69760728311007159,1.0542567325185008,0.68390597774749629,1.0426636817177508,24,0,0.81776613254648256,2022-12-17 00:00:00+00:00,q95,development,DK2
1.6768004262302972e-14,1.9252640261892357e-13,6.507944294321783e-11,3.553601939955479e-10,24,0,8.2029334754729009e-16,2022-12-18 00:00:00+00:00,q95,development,DK2
5.1222652796290622e-25,1.1590410710257797e-24,3.3086930557765073e-15,2.052403435118521e-15,24,0,1.0053169610888287e-24,2022-12-19 00:00:00+00:00,q95,development,DK2
2.1958445494445198e-12,2.7073513694473835e-12,5.4531147308609029e-10,3.727595372506608e-10,24,0,2.7258203212622726e-16,2022-12-20 00:00:00+00:00,q95,development,DK2
2.6678303088519961e-06,2.1785775081035298e-06,4.8742021803202527e-06,3.5944215141895916e-06,24,0,6.8771588156806382e-08,2022-12-21 00:00:00+00:00,q95,development,DK2
1.7599275225751576e-06,1.7251632384541404e-06,1.1152644304079726e-05,9.0800790534716405e-06,24,0,5.1462460148074934e-08,2022-12-22 00:00:00+00:00,q95,development,DK2
8.4792685710096849e-06,9.9136481958292832e-06,7.3277928307922472e-05,7.8165788610402899e-05,24,0,4.7738519498689042e-07,2022-12-23 00:00:00+00:00,q95,development,DK2
9.2340225783952773e-09,6.5163053211135369e-09,2.5217316108139805e-08,1.507408569554177e-08,24,0,1.3736627980029299e-10,2022-12-24 00:00:00+00:00,q95,development,DK2
7.3803405778401642e-08,1.4135654902089741e-07,4.4616090560842183e-07,7.4949106768199978e-07,24,0,6.6078578593077918e-10,2022-12-25 00:00:00+00:00,q95,development,DK2
1.13664371302955e-11,3.3048673116593791e-11,5.3051552203198341e-09,1.1643037808391465e-08,24,0,2.9169519873301016e-12,2022-12-26 00:00:00+00:00,q95,development,DK2
3.0859126104035651e-15,3.2410793422410756e-14,1.0409650936910693e-10,5.1681829942823617e-10,24,0,7.0686339920366379e-17,2022-12-27 00:00:00+00:00,q95,development,DK2
2.6993834100531491e-30,1.4667882456453188e-29,3.6358731279121781e-20,9.4582247831980565e-19,24,0,2.4677040626683116e-36,2022-12-28 00:00:00+00:00,q95,development,DK2
9.5772188214277634e-26,2.383406283802521e-25,4.3545738363157074e-22,3.4505526764309956e-20,24,0,1.9158230248535533e-32,2022-12-29 00:00:00+00:00,q95,development,DK2
1.165255375228931e-21,3.7323718112637666e-20,5.7445735054470239e-16,5.6350723592108565e-15,24,0,2.6611819101440415e-24,2022-12-30 00:00:00+00:00,q95,development,DK2
1.8690969446500104e-13,7.5796246049209178e-14,3.3641609944043128e-12,8.721655013868993e-13,24,0,1.6253735611776141e-15,2022-12-31 00:00:00+00:00,q95,development,DK2
3.6631608070271365e-10,2.1260970387336763e-10,2.1360147138739209e-09,1.1564864848800042e-09,24,0,6.2950384604624953e-13,2023-01-01 00:00:00+00:00,q95,development,DK2
1.4612167810158474e-05,9.7353296652358759e-06,2.0267778287151537e-05,1.1995471314041241e-05,24,0,4.0577402795435288e-07,2023-01-02 00:00:00+00:00,q95,development,DK2
2.4412210248579416e-12,2.5745583619610418e-11,3.6824832544074215e-09,1.9951818221795478e-08,24,0,9.1663543545538214e-15,2023-01-03 00:00:00+00:00,q95,development,DK2
5.7341806162449585e-27,5.9027850666937016e-23,1.065166406422723e-17,5.8995351598746789e-15,24,0,1.0727654254004233e-30,2023-01-04 00:00:00+00:00,q95,development,DK2
4.293329924395273e-07,1.3579103357784555e-06,1.444849160450234e-06,2.0987041511707994e-06,24,0,7.2043016200278836e-09,2023-01-05 00:00:00+00:00,q95,development,DK2
4.0035972782093582e-11,2.5671143149985617e-11,9.056217142003922e-09,7.2522759195271936e-09,24,0,3.6124872023604927e-13,2023-01-06 00:00:00+00:00,q95,development,DK2
3.3309811596402148e-16,1.9999425147045142e-16,1.5915335755576624e-13,3.3740856782674892e-14,24,0,1.8703491350343507e-19,2023-01-07 00:00:00+00:00,q95,development,DK2
1.5037846699527208e-13,1.6638338210454298e-13,1.850944181274058e-10,8.0355751921997603e-11,24,0,1.3648183250741324e-16,2023-01-08 00:00:00+00:00,q95,development,DK2
9.8682854730915149e-07,6.1196807513897984e-07,3.8241838731381799e-06,1.9595006376081512e-06,24,0,2.1449375807633355e-08,2023-01-09 00:00:00+00:00,q95,development,DK2
5.6414364999769606e-11,1.9867586588111749e-09,9.5607049892493741e-09,1.8142238876261965e-07,24,0,1.9141855048093159e-12,2023-01-10 00:00:00+00:00,q95,development,DK2
3.1754206444055548e-20,1.0645557672569372e-17,1.1548340881456898e-13,9.8721788917515858e-12,24,0,1.0372498275192261e-22,2023-01-11 00:00:00+00:00,q95,development,DK2
7.6581150930528139e-14,3.438911262115318e-14,3.2602731881910109e-11,7.744540621268684e-12,24,0,4.2982881848139862e-16,2023-01-12 00:00:00+00:00,q95,development,DK2
1.0292169622805383e-29,6.3408393042632029e-28,4.494556971972766e-22,7.8901227738918591e-20,24,0,2.181146278747355e-36,2023-01-13 00:00:00+00:00,q95,development,DK2
3.6731335899353341e-30,4.0552380909017617e-30,7.0072649047779697e-24,9.0368479155948221e-23,24,0,5.6026772649251269e-47,2023-01-14 00:00:00+00:00,q95,development,DK2
4.8157493073413955e-29,1.2740473397868663e-27,9.703423249304969e-23,2.5864710603988128e-23,24,0,1.8489589883323506e-31,2023-01-15 00:00:00+00:00,q95,development,DK2
7.5020308520075614e-09,5.3876911349825575e-08,1.2125351271400746e-06,4.7158600846621744e-06,24,0,9.9970969795009544e-10,2023-01-16 00:00:00+00:00,q95,development,DK2
1.2421103432977958e-10,9.710349017308434e-10,1.1167507362610198e-07,4.7264551595850076e-07,24,0,1.054767789770265e-10,2023-01-17 00:00:00+00:00,q95,development,DK2
8.5689585247928342e-06,2.6745253781706007e-05,0.00017386075468163391,0.0003891107325870073,24,0,3.6817967402911943e-06,2023-01-18 00:00:00+00:00,q95,development,DK2
5.2609333476416075e-05,0.00017735777098525679,0.00031749319310974479,0.00078312802863926133,24,0,2.1971098643584193e-05,2023-01-19 00:00:00+00:00,q95,development,DK2
0.052742388586198057,0.17785742565471643,0.064899610386120674,0.20088554255954572,24,0,0.031094384111329219,2023-01-20 00:00:00+00:00,q95,development,DK2
2.4711202643047972e-09,1.2920678080356766e-07,3.4534308233290645e-07,2.9274450815232348e-06,24,0,1.8939000278679194e-09,2023-01-21 00:00:00+00:00,q95,development,DK2
9.1727495782943064e-07,4.6084412371485291e-06,1.8543561965084454e-05,6.583718189278214e-05,24,0,3.1742126441883954e-08,2023-01-22 00:00:00+00:00,q95,development,DK2
0.7489734008298935,0.77430686692361872,0.75604238387432787,0.78096532664743235,24,1,0.75047215494513797,2023-01-23 00:00:00+00:00,q95,development,DK2
0.01443662087206489,0.033348194217133073,0.01970523231698856,0.045199852845713359,24,0,0.0040087135892305191,2023-01-24 00:00:00+00:00,q95,development,DK2
1.6814321651446835,1.718073581068605,1.6681141113638236,1.7133694378925832,24,2,1.7744566851661685,2023-01-25 00:00:00+00:00,q95,development,DK2
0.00071773964014744981,0.0075105642947626266,0.00061827998916803731,0.0065643470044803032,24,0,0.00030548988068223454,2023-01-26 00:00:00+00:00,q95,development,DK2
0.011488888490326189,0.023442594243566626,0.012582698902263507,0.023096001410190397,24,0,0.0076329199490543223,2023-01-27 00:00:00+00:00,q95,development,DK2
3.0892756163272011e-06,7.0869680284333706e-06,2.6340431697801267e-05,3.9109430862780954e-05,24,0,1.0519734631472779e-07,2023-01-28 00:00:00+00:00,q95,development,DK2
6.6760898103263814e-13,9.5385632457853415e-13,1.979374669495845e-12,1.7100210095185311e-12,24,0,1.0852307748672452e-16,2023-01-29 00:00:00+00:00,q95,development,DK2
5.0641273032720667e-24,6.9559272175727704e-24,3.2049627704637487e-23,3.2151958433113965e-23,24,0,0,2023-01-30 00:00:00+00:00,q95,development,DK2
1.4946918264357445e-21,3.9740093843959855e-20,3.5593253575696458e-18,2.4710991973701394e-17,24,0,5.2332425301982133e-23,2023-01-31 00:00:00+00:00,q95,development,DK2
1.2395370171142589e-25,5.0539543625795144e-25,1.0997129686940259e-22,8.8565028874902009e-22,24,0,2.1707337030215363e-30,2023-02-01 00:00:00+00:00,q95,development,DK2
3.4831549846156727e-08,6.9673701687150982e-07,5.2814593159393954e-07,3.6136308624346689e-06,24,0,7.827975384509939e-09,2023-02-02 00:00:00+00:00,q95,development,DK2
7.8635190440343461e-11,8.4658105330226352e-10,3.2625721108350917e-08,1.7239615080091276e-07,24,0,1.3550231150711918e-12,2023-02-03 00:00:00+00:00,q95,development,DK2
7.5610416328273591e-07,7.0518702907052682e-06,4.8176708149564237e-06,1.7714682014676952e-05,24,0,8.0634749106250976e-08,2023-02-04 00:00:00+00:00,q95,development,DK2
7.8561003866740276e-09,1.5855916130652125e-08,9.6421473334781298e-08,2.2009916763846592e-07,24,0,1.4219007921697191e-10,2023-02-05 00:00:00+00:00,q95,development,DK2
0.3058215179423508,0.56222205326366215,0.30888602010622496,0.56246882213653293,24,0,0.24671797290867359,2023-02-06 00:00:00+00:00,q95,development,DK2
0.11553375497928144,0.21444770824726153,0.11890834611010176,0.22199450585264444,24,0,0.065401307890296953,2023-02-07 00:00:00+00:00,q95,development,DK2
0.0037387990959267727,0.0051428601229301166,0.006229880790772563,0.0077600728130823053,24,0,0.0010401635343652788,2023-02-08 00:00:00+00:00,q95,development,DK2
3.0907468957866206e-07,5.2966050225598994e-07,2.032214648634758e-07,3.6467778223339904e-07,24,0,1.1967434612715783e-07,2023-02-09 00:00:00+00:00,q95,development,DK2
1.3398980260599436e-05,1.952502662365899e-05,1.2969565156646371e-05,1.9720608648042991e-05,24,0,2.7293951302682236e-06,2023-02-10 00:00:00+00:00,q95,development,DK2
1.1516447781136489e-10,4.5241853184597564e-10,7.4642331492298739e-09,1.9083744192043239e-08,24,0,4.2240175456355513e-13,2023-02-11 00:00:00+00:00,q95,development,DK2
1.3531226277168945e-08,3.3289461206993239e-08,2.0992860820572311e-07,5.6312532678716543e-07,24,0,2.2566160012340946e-11,2023-02-12 00:00:00+00:00,q95,development,DK2
4.5885548098368748e-06,8.8197426689136019e-06,2.9692279110928518e-05,5.2728434801332038e-05,24,0,1.9407836777185189e-08,2023-02-13 00:00:00+00:00,q95,development,DK2
0.0044111196954454883,0.011370353583761626,0.0052467471688394021,0.012182192377931571,24,0,0.0020837101563445947,2023-02-14 00:00:00+00:00,q95,development,DK2
1.0405407569267628e-05,7.1605147921089294e-05,8.41530905699906e-05,0.00028059843887663183,24,0,2.8662293356236874e-07,2023-02-15 00:00:00+00:00,q95,development,DK2
4.1165437976902122e-09,1.6446623077865284e-08,2.3224860222909506e-07,8.093531493093391e-07,24,0,1.552846700741946e-12,2023-02-16 00:00:00+00:00,q95,development,DK2
1.1112126671708285e-20,4.8217653229336963e-19,9.1524618143616775e-16,1.1878146397176605e-14,24,0,2.2507067695413484e-25,2023-02-17 00:00:00+00:00,q95,development,DK2
1.2573754381804556e-18,3.3769453829175409e-17,2.2339248220635596e-16,3.9618428291961673e-15,24,0,3.4491289324504755e-21,2023-02-18 00:00:00+00:00,q95,development,DK2
6.114467074161716e-16,7.4327387761907157e-15,1.3568929423195827e-12,1.0328415057423485e-11,24,0,1.2505511664532606e-21,2023-02-19 00:00:00+00:00,q95,development,DK2
4.3383897288100134e-25,7.0727391519680525e-25,3.1109490542800121e-23,4.1525254479544849e-23,24,0,4.2303522505527562e-32,2023-02-20 00:00:00+00:00,q95,development,DK2
1.4021675244484375e-06,1.8005208514224344e-05,1.8424718931274073e-05,8.8039162290397933e-05,24,0,2.2350319353478242e-08,2023-02-21 00:00:00+00:00,q95,development,DK2
2.201678886005661e-06,4.3216950356435076e-05,2.3527339845206474e-05,0.00020415560180911225,24,0,5.5346259223144177e-08,2023-02-22 00:00:00+00:00,q95,development,DK2
1.1953675740230499e-05,0.00013389526966530818,6.0935608471906878e-05,0.00040526249709196127,24,0,6.7466556895624261e-07,2023-02-23 00:00:00+00:00,q95,development,DK2
5.0213015693698288e-08,1.006912875784036e-07,3.8521765837026753e-06,5.9237610026193671e-06,24,0,4.296023768940242e-08,2023-02-24 00:00:00+00:00,q95,development,DK2
1.8292755015321293e-25,1.9921078308528726e-24,1.0273369831991512e-20,5.2152753503474525e-20,24,0,1.2171592159521768e-33,2023-02-25 00:00:00+00:00,q95,development,DK2
1.0372007639335399e-06,2.335007442718742e-06,1.4008688243076771e-05,2.5633208696946121e-05,24,0,2.7132144884763813e-07,2023-02-26 00:00:00+00:00,q95,development,DK2
0.0099038752159650457,0.031617432381771775,0.009863941692546143,0.028267167999945039,24,0,0.0093808540788491868,2023-02-27 00:00:00+00:00,q95,development,DK2
0.028116940349756814,0.092561839191528883,0.043332659991571716,0.11186367986155794,24,0,0.021372048373029459,2023-02-28 00:00:00+00:00,q95,development,DK2
0.0075930441190434151,0.030764440930286276,0.015679304677992917,0.044925324640856704,24,0,0.0060318168688904264,2023-03-01 00:00:00+00:00,q95,development,DK2
1.7553258755246379,1.608551133508574,1.7163802777755035,1.6003794659133117,24,2,1.7941719389478572,2023-03-02 00:00:00+00:00,q95,development,DK2
0.00075303501713416495,0.003166640060261195,0.0022498098537545343,0.0064901720964647257,24,0,0.00022120774848850662,2023-03-03 00:00:00+00:00,q95,development,DK2
3.6575612232019322e-09,5.2101739920935809e-08,3.4677196137934778e-07,4.020598835228683e-06,24,0,8.9146798235475182e-10,2023-03-04 00:00:00+00:00,q95,development,DK2
7.1295712774845224e-05,0.0002423648279107795,0.00016876483580195728,0.00044774681615687738,24,0,1.920488667883415e-05,2023-03-05 00:00:00+00:00,q95,development,DK2
0.93922617661958707,0.89937310896861855,0.92293003254204464,0.8873637348829182,24,1,0.95548523722435708,2023-03-06 00:00:00+00:00,q95,development,DK2
3.1361992587458268e-13,6.6110558179020439e-12,3.4055122602186114e-11,4.8150852155799556e-10,24,0,4.8241026368383878e-14,2023-03-07 00:00:00+00:00,q95,development,DK2
0.2297410940483707,0.28453251028192933,0.22005070260837042,0.27439764523855337,24,0,0.19135225274441067,2023-03-08 00:00:00+00:00,q95,development,DK2
0.008082987373969534,0.015036168845382336,0.0093236813501785323,0.016358469925949654,24,0,0.0033065543854328226,2023-03-09 00:00:00+00:00,q95,development,DK2
1.1338041059730775e-11,1.7877504968876704e-10,1.4053476319423018e-08,5.9116809003110803e-08,24,0,2.4129201460685049e-12,2023-03-10 00:00:00+00:00,q95,development,DK2
3.6491242680360375e-19,1.5906413396316827e-17,3.0572610515005368e-13,4.1007163677161705e-12,24,0,2.8035201744424949e-20,2023-03-11 00:00:00+00:00,q95,development,DK2
5.6029037701153674e-11,8.2465271297871918e-10,3.3752346119903805e-10,4.0586848830788516e-09,24,0,1.3608890955731836e-12,2023-03-12 00:00:00+00:00,q95,development,DK2
5.7931972727168037e-31,1.0846837446788911e-30,8.0233478383505961e-24,9.9696172546280814e-24,24,0,7.947997249231868e-46,2023-03-13 00:00:00+00:00,q95,development,DK2
4.9853988106263267e-15,5.4218174888116869e-14,9.5961888719424747e-10,3.1762619827476335e-09,24,0,7.7280546145273143e-15,2023-03-14 00:00:00+00:00,q95,development,DK2
1.2127225622364418e-06,4.5518115138897784e-06,3.5271057208179452e-05,8.0920684867216843e-05,24,0,2.131763869491694e-07,2023-03-15 00:00:00+00:00,q95,development,DK2
1.8430953577725766e-12,9.4268184447200141e-11,4.3144605244090114e-10,8.8463988880196074e-09,24,0,8.7841846723161265e-14,2023-03-16 00:00:00+00:00,q95,development,DK2
2.2540537845986675e-12,3.1491415574878365e-11,3.3006979625569464e-09,2.0376476408912877e-08,24,0,5.3767983701123377e-14,2023-03-17 00:00:00+00:00,q95,development,DK2
5.8668963399641705e-12,2.4491105579176496e-10,1.4757530693162032e-10,1.9166960398063789e-09,24,0,1.9074285975508506e-13,2023-03-18 00:00:00+00:00,q95,development,DK2
2.019694800166692e-06,1.4176808453844634e-05,2.2786431209780189e-05,7.6865486316496706e-05,24,0,7.6901367001365857e-08,2023-03-19 00:00:00+00:00,q95,development,DK2
4.7265588204970664e-07,3.227581472737863e-06,1.4855612663384614e-05,5.4097019890806952e-05,24,0,1.8514875477301266e-08,2023-03-20 00:00:00+00:00,q95,development,DK2
6.6453650304379677e-05,0.00048851895666579125,0.00023916260254934509,0.0010466676466896346,24,0,4.7154035115407936e-06,2023-03-21 00:00:00+00:00,q95,development,DK2
2.0523711900027237e-18,7.3224584663419045e-17,1.8921468554229062e-13,2.7316998744784797e-12,24,0,4.8268091557616501e-22,2023-03-22 00:00:00+00:00,q95,development,DK2
7.6581703810951479e-19,2.6848609547494062e-17,1.1970768127710466e-12,1.2192230764646464e-11,24,0,3.575731990547147e-19,2023-03-23 00:00:00+00:00,q95,development,DK2
8.223828806991294e-19,3.1521096512650343e-17,1.1021410169937712e-14,2.3919877369464289e-13,24,0,1.4078560127586138e-19,2023-03-24 00:00:00+00:00,q95,development,DK2
5.6080747293762699e-19,3.0344358995235958e-17,1.4233321212378715e-15,4.5285639997612829e-14,24,0,1.1893890644647923e-19,2023-03-25 00:00:00+00:00,q95,development,DK2
2.2501630011760289e-09,1.1497804603756193e-08,2.5729273834336903e-07,8.3539249480617415e-07,24,0,3.450451329499404e-11,2023-03-26 00:00:00+00:00,q95,development,DK2
3.8058218857559732e-06,1.1284799777523755e-05,0.00010020717054867266,0.00018289251653494205,24,0,1.9861722234052063e-05,2023-03-27 00:00:00+00:00,q95,development,DK2
0.00030113794884275983,0.0015134967189057854,0.00047924032084062991,0.0019049878444399146,24,0,0.00012375203159475045,2023-03-28 00:00:00+00:00,q95,development,DK2
3.1751227333643394e-05,8.6792270994105606e-05,0.00020447001528823568,0.00040331084526796086,24,0,5.0009319255973e-06,2023-03-29 00:00:00+00:00,q95,development,DK2
3.2025735977066992e-11,5.587440403778293e-10,6.1328525893167084e-10,8.872625893138283e-09,24,0,1.2764847561497843e-12,2023-03-30 00:00:00+00:00,q95,development,DK2
2.4616649938235951e-07,1.519464661356293e-06,4.5013851328194574e-06,1.8384907750525195e-05,24,0,5.2099935592338252e-08,2023-03-31 00:00:00+00:00,q95,development,DK2
7.4974752986263373e-25,5.3022688577957651e-22,6.5796835312574766e-16,2.5488698348762722e-14,24,0,1.3568964166072191e-25,2023-04-01 00:00:00+00:00,q95,development,DK2
8.405713805735456e-09,2.2219357500513138e-08,2.1529805550721007e-07,8.2429591098221229e-07,24,0,8.6405280880769818e-09,2023-04-02 00:00:00+00:00,q95,development,DK2
0.046912986282249727,0.032696865537817373,0.039301854737382853,0.027561029114535292,24,0,0.046100000343041132,2023-04-03 00:00:00+00:00,q95,development,DK2
3.7603249144358784,2.7616454824761125,3.7596090232794697,2.7705463270487369,24,1,3.8688609844464668,2023-04-04 00:00:00+00:00,q95,development,DK2
5.6900019191650308,4.3249782524059137,5.7029379051828855,4.362006103528473,24,4,5.7673877493195649,2023-04-05 00:00:00+00:00,q95,development,DK2
0.00033742335658484113,9.8269632876004319e-05,0.0010649782805429392,0.00042578419285337993,24,0,0.00010726081021341486,2023-04-06 00:00:00+00:00,q95,development,DK2
4.9568394769745604e-05,6.9376427222403878e-05,0.00029770914997804887,0.00037769622105163382,24,0,7.2729920163856985e-06,2023-04-07 00:00:00+00:00,q95,development,DK2
1.1144530693594663e-09,1.1961594780459877e-09,7.2030520931408888e-08,9.6087026614157273e-08,24,0,1.3899014786507065e-10,2023-04-08 00:00:00+00:00,q95,development,DK2
4.4243024307087111e-14,1.2719467253482301e-13,7.8765923323716133e-11,2.2203037460695368e-10,24,0,1.9427106746143823e-17,2023-04-09 00:00:00+00:00,q95,development,DK2
1.9344762728376228e-13,1.0340013767518656e-12,1.9961555463231785e-09,4.607733823115114e-09,24,0,5.4420497584478264e-15,2023-04-10 00:00:00+00:00,q95,development,DK2
3.1115859558207163e-10,1.6476171883236023e-09,2.3724096406354222e-08,1.4651879574944484e-07,24,0,1.7125173386085202e-10,2023-04-11 00:00:00+00:00,q95,development,DK2
3.4141706905815493e-09,6.8319644169177285e-09,1.2078162360434303e-06,1.3012835716261915e-06,24,0,4.0690091755214116e-09,2023-04-12 00:00:00+00:00,q95,development,DK2
0.10063768883038554,0.070377856823719651,0.10178695997025178,0.073236105407125732,24,0,0.045917117724500758,2023-04-13 00:00:00+00:00,q95,development,DK2
0.41505077256075645,0.31715950859873804,0.40673599203669419,0.31931651729731242,24,0,0.30526048376023746,2023-04-14 00:00:00+00:00,q95,development,DK2
6.0247376284597651e-10,8.9513291682535866e-09,1.0793254552872117e-08,7.1006484797990047e-08,24,0,1.2706603874510299e-12,2023-04-15 00:00:00+00:00,q95,development,DK2
0.00054093567025202292,0.00010114372903495086,0.0013704403639594447,0.00046172111858579066,24,0,7.330587429339982e-05,2023-04-16 00:00:00+00:00,q95,development,DK2
0.049196084772523893,0.046438637475302469,0.05323675794374895,0.050616028877839753,24,0,0.020701709664818324,2023-04-17 00:00:00+00:00,q95,development,DK2
1.0844023241218407e-08,1.87433140614803e-08,4.5125805505381446e-07,9.5378641279438215e-07,24,0,7.3421486672149091e-10,2023-04-18 00:00:00+00:00,q95,development,DK2
2.067849566547344e-09,4.2424380583505064e-09,2.5272668043450055e-08,3.671657903428019e-08,24,0,1.303505807444719e-11,2023-04-19 00:00:00+00:00,q95,development,DK2
1.1096526867842769e-10,4.7748327448823928e-10,8.5593606454784644e-09,2.381469635598179e-08,24,0,2.8396268462484462e-12,2023-04-20 00:00:00+00:00,q95,development,DK2
3.5402331692216075e-07,3.4717044573469327e-07,7.4532894950131129e-06,9.5307259617101072e-06,24,0,1.1995891493466129e-07,2023-04-21 00:00:00+00:00,q95,development,DK2
1.2866332461329104e-12,7.074104364272245e-12,2.7533078216237519e-09,1.1759255241840819e-08,24,0,4.5690083830886515e-15,2023-04-22 00:00:00+00:00,q95,development,DK2
4.7170752899030385e-06,3.8004374609721643e-06,4.5091867072562613e-05,3.9044549073614071e-05,24,0,4.3240604868028583e-07,2023-04-23 00:00:00+00:00,q95,development,DK2
1.3165723518695008e-07,1.9636993710137445e-07,8.9598293205505907e-06,1.2035353162261985e-05,24,0,2.7300895792947483e-07,2023-04-24 00:00:00+00:00,q95,development,DK2
6.3292559746347897e-07,7.8878153494732811e-07,5.5546062152053584e-07,6.8732817702779391e-07,24,0,1.0305229129368853e-07,2023-04-25 00:00:00+00:00,q95,development,DK2
0.0013386138102644812,0.0013664333626962658,0.00180727690396453,0.0018427008619769148,24,0,0.0001442732382794592,2023-04-26 00:00:00+00:00,q95,development,DK2
0.001487167644475095,0.0012475631425564568,0.0029930889764360163,0.002668670903707062,24,0,0.0002460118628264208,2023-04-27 00:00:00+00:00,q95,development,DK2
0.024706645538432617,0.015375012311984276,0.02961266750294532,0.019908254268299074,24,0,0.01572896576560524,2023-04-28 00:00:00+00:00,q95,development,DK2
5.5954481731455451e-08,5.740921490139939e-08,8.0594088986764197e-07,7.10228863102497e-07,24,0,5.3216995411684505e-09,2023-04-29 00:00:00+00:00,q95,development,DK2
9.8666268999650068e-07,6.5242838161300921e-07,3.8861759598577664e-06,2.7437096779873803e-06,24,0,8.9593196602021543e-08,2023-04-30 00:00:00+00:00,q95,development,DK2
2.4479869430987431e-05,2.4243531142232858e-05,0.00013177134467028321,0.00013550359455809406,24,0,4.4036451912568032e-06,2023-05-01 00:00:00+00:00,q95,development,DK2
0.00049271642239330244,0.00044252436307167545,0.0011231031768710875,0.0010510468856679627,24,0,0.00022979237692727407,2023-05-02 00:00:00+00:00,q95,development,DK2
0.0059657897217832156,0.0066612686274939159,0.0062001955627404154,0.0070149153035025382,24,0,0.002761084618852023,2023-05-03 00:00:00+00:00,q95,development,DK2
0.0060809037952597785,0.0064832040938289483,0.006723884883481193,0.0072532969983772335,24,0,0.0033431348263366673,2023-05-04 00:00:00+00:00,q95,development,DK2
2.3139764874327044e-11,3.3647753356668464e-11,1.4694089886783357e-10,2.8268995961616008e-10,24,0,2.2941466044026801e-13,2023-05-05 00:00:00+00:00,q95,development,DK2
2.1360229292390909e-14,6.8320565992465853e-14,4.0988093542582886e-12,6.3297868776704965e-12,24,0,4.0233709977038528e-20,2023-05-06 00:00:00+00:00,q95,development,DK2
6.6642960977034198e-07,1.0632106496947489e-06,6.9090839415772112e-06,9.8257980533081621e-06,24,0,2.6888330936472966e-09,2023-05-07 00:00:00+00:00,q95,development,DK2
4.796528032823156e-05,6.3678932205828178e-05,0.00029006608558091601,0.00035110865365723163,24,0,2.775821457847024e-06,2023-05-08 00:00:00+00:00,q95,development,DK2
0.00079501198427481224,0.0007855461907148747,0.001770586837921075,0.0017723215791004504,24,0,0.00037386845613840213,2023-05-09 00:00:00+00:00,q95,development,DK2
0.0095292232520958128,0.0096427749511744983,0.0099032971234474867,0.010365272212647141,24,0,0.0027979717149601963,2023-05-10 00:00:00+00:00,q95,development,DK2
0.17526359348612072,0.16681219739293024,0.15669278413815382,0.14963536478427816,24,0,0.12685104673560998,2023-05-11 00:00:00+00:00,q95,development,DK2
0.0022927137199681871,0.0022019427971963334,0.0033025810671605668,0.0032413845160551716,24,0,0.00053465308123563959,2023-05-12 00:00:00+00:00,q95,development,DK2
9.7781738918964501e-11,2.7674048505670127e-10,1.7639706669247114e-08,4.7519063901675539e-08,24,0,1.6714942883369109e-12,2023-05-13 00:00:00+00:00,q95,development,DK2
2.3432505398364809e-05,2.5047988006734276e-05,5.3762296558524622e-05,5.8023862960710747e-05,24,0,6.1983333307247205e-06,2023-05-14 00:00:00+00:00,q95,development,DK2
0.00065134595126188806,0.0005411668338705742,0.0014784620512092778,0.0013012139940779212,24,0,0.0002221357157930669,2023-05-15 00:00:00+00:00,q95,development,DK2
1.9754545041775613e-05,2.7855911320454348e-05,0.0001196980443955321,0.00014187238060340518,24,0,9.0009906110607441e-07,2023-05-16 00:00:00+00:00,q95,development,DK2
0.0001348594650918707,0.00016645459687144454,0.00052896199950142075,0.00064537933008876596,24,0,1.27266645688671e-05,2023-05-17 00:00:00+00:00,q95,development,DK2
0.0015131305393141635,0.0017862337697474918,0.0020488014957110411,0.0025880084880389028,24,0,0.00076708948684109358,2023-05-18 00:00:00+00:00,q95,development,DK2
0.00054388275822679437,0.00077784657503075251,0.0004182269551235098,0.00063677674884594568,24,0,0.00032987851254256387,2023-05-19 00:00:00+00:00,q95,development,DK2
4.8281221717095551e-16,1.3533490575108993e-15,3.0309261990265455e-12,1.0032490047332789e-11,24,0,1.1011424735109848e-17,2023-05-20 00:00:00+00:00,q95,development,DK2
2.9040039461178322e-12,1.6206563409817479e-11,1.2260954468420617e-08,3.6968594349318308e-08,24,0,2.2357639595484549e-13,2023-05-21 00:00:00+00:00,q95,development,DK2
1.693467958349997e-08,1.4411477093381434e-08,5.8743092961280414e-07,4.965746456553916e-07,24,0,1.7621078621124156e-09,2023-05-22 00:00:00+00:00,q95,development,DK2
0.00010741082390861777,7.8995864761215501e-05,0.0002341207205251277,0.00018645735561325559,24,0,6.7866070937526703e-05,2023-05-23 00:00:00+00:00,q95,development,DK2
0.05014740380718407,0.038865741512214079,0.059968047951080017,0.048404782233471312,24,0,0.025854555514168175,2023-05-24 00:00:00+00:00,q95,development,DK2
1.9110211330207907e-06,4.2026507361957252e-06,1.0914702871056051e-05,2.1389452917211746e-05,24,0,1.483000634589853e-07,2023-05-25 00:00:00+00:00,q95,development,DK2
8.4469874727182134e-08,7.1328239149204836e-08,2.4228445149673889e-06,2.0472585946415019e-06,24,0,1.457729597693572e-08,2023-05-26 00:00:00+00:00,q95,development,DK2
1.3443946880931792e-08,3.6773073240286753e-09,1.7805581570057606e-07,1.0778374045407314e-07,24,0,1.5705609103594062e-09,2023-05-27 00:00:00+00:00,q95,development,DK2
5.531914751062459e-14,2.7197024027482892e-15,3.4570473181804177e-11,8.7903511578617064e-13,24,0,1.5441983999457617e-15,2023-05-28 00:00:00+00:00,q95,development,DK2
2.8121445338762959e-08,1.1493512258031918e-08,3.5353656185919242e-07,1.6402070293646892e-07,24,0,7.9162360048944727e-09,2023-05-29 00:00:00+00:00,q95,development,DK2
0.0035620982993842848,0.002174887930532594,0.004704680240883689,0.0031066248175299588,24,0,0.0015712598709378225,2023-05-30 00:00:00+00:00,q95,development,DK2
0.000115965492455494,7.1353993231658547e-05,0.00046598147701077124,0.00034425081243177153,24,0,5.8202657853402581e-05,2023-05-31 00:00:00+00:00,q95,development,DK2
2.9646757192663878e-10,1.3620577955131835e-10,3.4833260518357234e-07,2.1485463202593743e-07,24,0,7.5633684848029925e-10,2023-06-01 00:00:00+00:00,q95,development,DK2
4.0584192616016944e-06,1.9595411483106928e-06,1.0549831648053459e-05,7.0666199312200056e-06,24,0,1.9216911627189782e-06,2023-06-02 00:00:00+00:00,q95,development,DK2
7.0181909241427631e-08,3.1949031799417589e-08,7.6839354696400217e-07,3.7313392628253542e-07,24,0,3.1833586078299891e-09,2023-06-03 00:00:00+00:00,q95,development,DK2
0.001397373170914022,0.00039138517392819119,0.0023715396798727169,0.00075088780666118956,24,0,0.00052163475138610903,2023-06-04 00:00:00+00:00,q95,development,DK2
0.0027027136684628092,0.0007953619950775442,0.0046046039726379377,0.0015497765001629689,24,0,0.0014316063554460053,2023-06-05 00:00:00+00:00,q95,development,DK2
0.0055884879147789996,0.0017771229677139408,0.0086951251017076767,0.0033655307745488897,24,0,0.0030495765175665114,2023-06-06 00:00:00+00:00,q95,development,DK2
0.013995369112314646,0.0044111923170603142,0.01967245098373438,0.007217107455895341,24,0,0.0093009887351015418,2023-06-07 00:00:00+00:00,q95,development,DK2
0.0052722411090990453,0.0016625684548422556,0.0074929918294888275,0.0027525509754176163,24,0,0.0037706288682058378,2023-06-08 00:00:00+00:00,q95,development,DK2
0.00054600738630257255,0.0001078604918795388,0.00068507363329168138,0.00016303562800757337,24,0,0.00059060314326201953,2023-06-09 00:00:00+00:00,q95,development,DK2
8.7844961404596542e-22,2.5609594700423657e-21,2.8070838066002624e-16,8.7490431920028219e-16,24,0,2.5225702189230827e-24,2023-06-10 00:00:00+00:00,q95,development,DK2
1.549429353814603e-12,4.2592036482296339e-12,3.8353505848597429e-09,5.8272137347376369e-09,24,0,3.3208989608216134e-15,2023-06-11 00:00:00+00:00,q95,development,DK2
2.8726434197600924e-07,3.8118624211505245e-07,1.041532425509309e-05,1.3393382099120933e-05,24,0,5.041470702451337e-07,2023-06-12 00:00:00+00:00,q95,development,DK2
4.2942951326831808e-05,3.774796906219435e-05,9.2656790989878579e-05,0.00011232409536246301,24,0,2.2784020607322591e-05,2023-06-13 00:00:00+00:00,q95,development,DK2
0.015342536733821858,0.0068756381039681907,0.017099294214546635,0.0082491599391215087,24,0,0.010567219982529486,2023-06-14 00:00:00+00:00,q95,development,DK2
0.18517046840111265,0.092630554348208702,0.19287842680079553,0.10334268568315358,24,0,0.13890462202739307,2023-06-15 00:00:00+00:00,q95,development,DK2
0.25668559599689394,0.15364721545861187,0.26633278342374117,0.16268265150129166,24,0,0.22437772258874758,2023-06-16 00:00:00+00:00,q95,development,DK2
0.0027245852301899048,0.002661325204156682,0.0037662308137877895,0.0037365478528031374,24,0,0.0031704093874166299,2023-06-17 00:00:00+00:00,q95,development,DK2
0.00048073983597864437,0.00012312183678157,0.0010762944387002797,0.00033506130921540951,24,0,0.00024553738044109046,2023-06-18 00:00:00+00:00,q95,development,DK2
0.02205686186844279,0.013051978248995864,0.027762659445814439,0.019420469010751382,24,0,0.012208785809822558,2023-06-19 00:00:00+00:00,q95,development,DK2
0.084831843686052386,0.046440707343882587,0.093863840351641983,0.056365323748375329,24,0,0.053104521782872373,2023-06-20 00:00:00+00:00,q95,development,DK2
0.32702125353396455,0.31158189142889736,0.32448630008160334,0.31033240418117702,24,0,0.24613648068309299,2023-06-21 00:00:00+00:00,q95,development,DK2
0.010831205333423948,0.010431312552017352,0.014933677445914475,0.015449377906652436,24,0,0.011856959918359788,2023-06-22 00:00:00+00:00,q95,development,DK2
0.0022162574704075971,0.0015047612774902678,0.003910394598604483,0.0030153861536350145,24,0,0.0015617712541198623,2023-06-23 00:00:00+00:00,q95,development,DK2
1.3308206045800763e-06,7.2854845279191036e-07,2.2413969008641001e-05,1.4444377652625537e-05,24,0,8.965375831176007e-08,2023-06-24 00:00:00+00:00,q95,development,DK2
0.001733427387729857,0.00055951470713733393,0.002939141996379166,0.0011437222307691748,24,0,0.0012377558442550507,2023-06-25 00:00:00+00:00,q95,development,DK2
9.7577884300866031e-05,2.297975075090168e-05,0.000396017680382477,0.00013395900722912334,24,0,5.5139244117780496e-05,2023-06-26 00:00:00+00:00,q95,development,DK2
1.7668297086632835e-06,2.9971468004478661e-06,1.3926454778593223e-05,1.6554321760559868e-05,24,0,8.8700388201650935e-08,2023-06-27 00:00:00+00:00,q95,development,DK2
0.25172101912451905,0.14180407649155591,0.25111248437399858,0.14702210367693616,24,0,0.18208671048812519,2023-06-28 00:00:00+00:00,q95,development,DK2
0.90230859548896736,0.91835688845283214,0.89632487960128449,0.90455869113769516,24,1,0.92851549528538435,2023-06-29 00:00:00+00:00,q95,development,DK2
0.0048466874588812547,0.0037493014446834195,0.0068841429675965586,0.0053533799410503385,24,0,0.0034366638928499198,2023-06-30 00:00:00+00:00,q95,development,DK2
2.1110959117490627e-13,1.0616110721661528e-13,1.8596957511231853e-09,1.05517202876565e-09,24,0,5.6482094810164048e-14,2023-07-01 00:00:00+00:00,q95,development,DK2
9.9534728686108971e-23,1.4184413350507585e-21,4.1671252352508726e-17,4.7794245102724773e-17,24,0,2.3829701212073685e-27,2023-07-02 00:00:00+00:00,q95,development,DK2
6.8524346578587895e-16,5.4988947737531458e-15,6.4606965086073271e-13,1.3984159484919432e-12,24,0,3.2756973602364699e-19,2023-07-03 00:00:00+00:00,q95,development,DK2
0.02122767926002601,0.025388256115474697,0.022592291396921652,0.026871708544505574,24,0,0.015306073009309104,2023-07-04 00:00:00+00:00,q95,development,DK2
0.00061488739597921323,0.00072104154093104752,0.00097754316830751765,0.00097564767590080283,24,0,0.00029348439447450915,2023-07-05 00:00:00+00:00,q95,development,DK2
0.60832293422278694,0.74730322334528465,0.60028617603229262,0.74120922947118673,24,2,0.585593913417784,2023-07-06 00:00:00+00:00,q95,development,DK2
0.34216350238260251,0.19092648898705616,0.33636872748577279,0.18704807082024841,24,0,0.31299667596634434,2023-07-07 00:00:00+00:00,q95,development,DK2
0.0026297454788525871,0.00092215369128044,0.0029549861096311012,0.0011404989442258611,24,0,0.0020117198322391924,2023-07-08 00:00:00+00:00,q95,development,DK2
0.0047161779469516128,0.0024329575002874342,0.006902308850899895,0.0045436645590717414,24,0,0.0019041296819757442,2023-07-09 00:00:00+00:00,q95,development,DK2
1.1003267380239776,1.5652564707350018,1.1048002506673706,1.5806398614661523,24,4,1.1863452970359714,2023-07-10 00:00:00+00:00,q95,development,DK2
0.21241860969870185,0.11925366971240992,0.21775118406752345,0.13100557361576382,24,0,0.145177809349996,2023-07-11 00:00:00+00:00,q95,development,DK2
0.00028125317516637617,0.00034898937632557039,0.0012552252511043999,0.001391200439005548,24,0,0.0001276855708777756,2023-07-12 00:00:00+00:00,q95,development,DK2
0.91668074980733227,0.90558578255355038,0.9043195667084829,0.89302117847906748,24,1,0.95213824232637978,2023-07-13 00:00:00+00:00,q95,development,DK2
0.034919454432015835,0.034693457328647842,0.038237760228869905,0.039257003530489311,24,0,0.020003079548522519,2023-07-14 00:00:00+00:00,q95,development,DK2
1.5044229160205726e-12,2.9765294395059967e-12,4.3970325010518164e-09,1.1722090119412296e-08,24,0,5.7187503442259534e-13,2023-07-15 00:00:00+00:00,q95,development,DK2
1.1562434126040913e-07,1.8398186628341903e-07,2.7374322627038884e-06,2.9680833904978653e-06,24,0,3.1258800176385897e-09,2023-07-16 00:00:00+00:00,q95,development,DK2
0.014618462864522319,0.015639377266802812,0.012737021131468504,0.013711766102044097,24,0,0.0097581437976016136,2023-07-17 00:00:00+00:00,q95,development,DK2
1.2670066698340452,1.2866534581640177,1.2903322127677019,1.3064977225242711,24,4,1.3562381956985639,2023-07-18 00:00:00+00:00,q95,development,DK2
2.7851318263808764,2.7367700278413301,2.8788163082805514,2.8193262869040727,24,4,2.8378542584313187,2023-07-19 00:00:00+00:00,q95,development,DK2
2.5020892430950092,2.4777924817941193,2.5002120511651968,2.4770425333776744,24,3,2.595725531395999,2023-07-20 00:00:00+00:00,q95,development,DK2
1.0910072040405723,1.0817701129068844,1.1054006139871426,1.0941554689818556,24,2,1.0911508271493038,2023-07-21 00:00:00+00:00,q95,development,DK2
1.3391839766380405e-09,1.8957530536897123e-09,2.0616166599492119e-07,3.3949038697417948e-07,24,0,7.7536678618731608e-11,2023-07-22 00:00:00+00:00,q95,development,DK2
8.3148083388787585e-07,7.5696589233621296e-07,2.9277830360370535e-05,2.8232631877066794e-05,24,0,3.0005634076735585e-06,2023-07-23 00:00:00+00:00,q95,development,DK2
0.00067070051915542491,0.00095303680061835556,0.0019585812740432265,0.0024347947046099564,24,0,0.00045419891651970931,2023-07-24 00:00:00+00:00,q95,development,DK2
0.0026637512210899677,0.0039591034711915322,0.0054061006728999706,0.0073285259725129597,24,0,0.00066628816564082843,2023-07-25 00:00:00+00:00,q95,development,DK2
0.00065116770785857386,0.00095829553131273834,0.0005805693369412354,0.00085543892971921701,24,0,0.00024387445293099692,2023-07-26 00:00:00+00:00,q95,development,DK2
0.0064157214822822073,0.0049944612082678756,0.008770508074546551,0.0071596907093969099,24,0,0.0054436516743914167,2023-07-27 00:00:00+00:00,q95,development,DK2
0.076865195055828742,0.042993056995542914,0.077110429110844633,0.043906240506717681,24,0,0.069788540805587093,2023-07-28 00:00:00+00:00,q95,development,DK2
1.9062861868611879e-06,7.6053642268174923e-07,3.2182383396118656e-05,2.1149004045492985e-05,24,0,1.4475289463529992e-06,2023-07-29 00:00:00+00:00,q95,development,DK2
7.4078842116170148e-17,7.7791199803302808e-16,2.1640351756569591e-11,6.5866072551067603e-11,24,0,1.0039419457542381e-18,2023-07-30 00:00:00+00:00,q95,development,DK2
8.0304648940912622e-06,1.1292213102926045e-05,0.00010329614732236323,0.00016525624252903721,24,0,8.8869195688214553e-06,2023-07-31 00:00:00+00:00,q95,development,DK2
8.7388773565443754e-05,0.00014690207590454851,0.00056646510033085131,0.00085724584974107695,24,0,7.1223402593283342e-05,2023-08-01 00:00:00+00:00,q95,development,DK2
8.0934267412997216e-07,8.8742336290180433e-07,4.0461398718922304e-05,4.6692388118444623e-05,24,0,4.5680384069379881e-06,2023-08-02 00:00:00+00:00,q95,development,DK2
1.8385112717142976e-05,2.0283350329924994e-05,9.5942408671378297e-05,0.00010349435267043637,24,0,3.0230892794703184e-05,2023-08-03 00:00:00+00:00,q95,development,DK2
0.0022865097113665654,0.0035452785081921409,0.0038677518246783989,0.0056028669138357178,24,0,0.00059807463550916253,2023-08-04 00:00:00+00:00,q95,development,DK2
0.00069566197213702841,0.00066381705604474982,0.0017083960728898255,0.0017432121463133621,24,0,0.00033515480758232301,2023-08-05 00:00:00+00:00,q95,development,DK2
6.0197490720109679e-07,7.0517276273899233e-07,2.074568402325305e-05,2.4119138845733217e-05,24,0,2.5234020727276399e-07,2023-08-06 00:00:00+00:00,q95,development,DK2
4.62304503318281e-13,4.2520539879307157e-12,4.9413587028536234e-10,1.9627779723593614e-09,24,0,1.2794133356365067e-12,2023-08-07 00:00:00+00:00,q95,development,DK2
2.7373232430591661e-08,9.0460155248745264e-08,4.4475981537234939e-08,1.2487281527584766e-07,24,0,1.1911922760726943e-08,2023-08-08 00:00:00+00:00,q95,development,DK2
0.19170785988394912,0.20626505582248866,0.18491400898098084,0.19881524095104358,24,0,0.1352942799295225,2023-08-09 00:00:00+00:00,q95,development,DK2
0.65645229432311747,0.68654324301715763,0.65866163734856087,0.68814825375217714,24,0,0.49908858208398083,2023-08-10 00:00:00+00:00,q95,development,DK2
0.094863926256067113,0.041311249674781773,0.091871881125817262,0.039950558611885838,24,0,0.070206123325540118,2023-08-11 00:00:00+00:00,q95,development,DK2
2.499011513307651e-05,2.3476504649246836e-05,0.00014428597638826822,0.00014851028042540498,24,0,2.9547196386426303e-05,2023-08-12 00:00:00+00:00,q95,development,DK2
0.036626924853188213,0.01966873414532929,0.041362246001256348,0.023472211289154291,24,0,0.016946030616519506,2023-08-13 00:00:00+00:00,q95,development,DK2
1.1261684100069507,1.051109294698523,1.1322734630681002,1.0534360510077332,24,1,1.0610432447528129,2023-08-14 00:00:00+00:00,q95,development,DK2
0.38709792993454917,0.25921045077825722,0.41084381730911662,0.28269543107376005,24,0,0.24638836291448463,2023-08-15 00:00:00+00:00,q95,development,DK2
0.56004191344323551,0.3625647925414377,0.56252185819838652,0.37392380647273837,24,0,0.36608772290898756,2023-08-16 00:00:00+00:00,q95,development,DK2
0.3086943866420796,0.19870179473594732,0.32303337932150583,0.21373630288982193,24,0,0.23573674443522349,2023-08-17 00:00:00+00:00,q95,development,DK2
0.015340975551662115,0.019278197053458214,0.013350642000929789,0.016775976714698201,24,0,0.011538188317730165,2023-08-18 00:00:00+00:00,q95,development,DK2
0.0036372260938159276,0.0024419478228492573,0.0035467252490494054,0.0026695963470528294,24,0,0.0031424505244833866,2023-08-19 00:00:00+00:00,q95,development,DK2
0.23812955382952458,0.15977349605678826,0.23716399899223559,0.16117247254740402,24,0,0.16780076890996587,2023-08-20 00:00:00+00:00,q95,development,DK2
3.7879366587980146,4.2285353090040596,3.7887959090000769,4.2633575181062024,24,8,4.0820180773476338,2023-08-21 00:00:00+00:00,q95,development,DK2
5.6270289061552852,6.404459572658812,5.6300018779470733,6.4366953046240054,24,12,6.2267527775755163,2023-08-22 00:00:00+00:00,q95,development,DK2
7.2620544186711236,7.8142050970531471,7.2213576292990638,7.7746883163038136,24,15,7.9190291331539839,2023-08-23 00:00:00+00:00,q95,development,DK2
0,0,0,0,0,0,0,2023-08-24 00:00:00+00:00,q95,development,DK2
0,0,0,0,0,0,0,2023-08-25 00:00:00+00:00,q95,development,DK2
0.00013216387734654931,0.00012086153669724052,0.00041238769348009638,0.0003997299286116615,24,0,3.8486838477988847e-05,2023-08-26 00:00:00+00:00,q95,development,DK2
0.028315066969626539,0.032324081458280959,0.032429239710090124,0.037571096244208485,24,0,0.01599638833425741,2023-08-27 00:00:00+00:00,q95,development,DK2
1.2515479780617771,1.2036467502072561,1.2355409185058868,1.1782105200672852,24,0,1.1566724446606007,2023-08-28 00:00:00+00:00,q95,development,DK2
5.5007767234062177,5.8031821541334994,5.5300515769448468,5.8049959530156992,24,16,5.5663211148219629,2023-08-29 00:00:00+00:00,q95,development,DK2
2.6962003047841971,2.6370874953364929,2.6871156201196276,2.6286042149956295,24,3,2.6290422599029446,2023-08-30 00:00:00+00:00,q95,development,DK2
0,0,0,0,0,0,0,2023-08-31 00:00:00+00:00,q95,development,DK2
0,0,0,0,0,0,0,2023-09-01 00:00:00+00:00,q95,development,DK2
0.0013532087097396981,0.0029345274651195723,0.0028255460329186964,0.0053270459001970305,24,0,0.00052214946075329583,2023-09-02 00:00:00+00:00,q95,development,DK2
0.011329153992976371,0.020540864394959894,0.013886323244093056,0.02430681686967523,24,0,0.005661753295322469,2023-09-03 00:00:00+00:00,q95,development,DK2
0.11474369797638258,0.1581562930036407,0.12009830866612829,0.1645377644108611,24,0,0.11108958777676128,2023-09-04 00:00:00+00:00,q95,development,DK2
2.7746468863999216,3.0533053276260631,2.7722001087250527,3.039550476899386,24,8,2.7807051758162684,2023-09-05 00:00:00+00:00,q95,development,DK2
2.5434120599429022,2.4423340919572305,2.4835504372110546,2.401450856257203,24,3,2.4263046883209385,2023-09-06 00:00:00+00:00,q95,development,DK2
0.7204759857621077,0.68863320616026313,0.67116067711725891,0.64250148988638867,24,0,0.70201245075984064,2023-09-07 00:00:00+00:00,q95,development,DK2
2.785370226872574,2.4998224177380455,2.7368407500050971,2.4553141655316639,24,2,2.6199000697350181,2023-09-08 00:00:00+00:00,q95,development,DK2
0.14962664703776143,0.13065088657072604,0.15541307170167754,0.13768470705283695,24,0,0.11796647739043779,2023-09-09 00:00:00+00:00,q95,development,DK2
0.46681558374427068,0.37605851050153205,0.46594913782859793,0.38129222062265983,24,0,0.59157693443724946,2023-09-10 00:00:00+00:00,q95,development,DK2
4.212269029590626,4.315497294987539,4.2260291820081513,4.3377399990202061,24,8,4.1048357528703816,2023-09-11 00:00:00+00:00,q95,development,DK2
5.0162078909877454,5.2143382726733485,4.9673317034655726,5.1673306064432607,24,12,4.9199077273872946,2023-09-12 00:00:00+00:00,q95,development,DK2
0.998431008314692,1.1140927397249942,0.97330693085176545,1.084524561957775,24,1,0.94684334557748107,2023-09-13 00:00:00+00:00,q95,development,DK2
5.3463728336609515,5.1382738065997229,5.3646346734490491,5.1462543736522353,24,9,5.3169015099682557,2023-09-14 00:00:00+00:00,q95,development,DK2
0.51236829864834066,0.59105025428140057,0.50815299348497178,0.59018518439697709,24,0,0.38600171390069415,2023-09-15 00:00:00+00:00,q95,development,DK2
0.0045103784526942577,0.0070228601545154271,0.0053978752460243085,0.0089267981412957283,24,0,0.002777238092579599,2023-09-16 00:00:00+00:00,q95,development,DK2
1.0969938119012046e-05,6.6184075829654257e-05,6.4850060303180639e-05,0.00023542207366442728,24,0,7.2484300628140231e-06,2023-09-17 00:00:00+00:00,q95,development,DK2
0.00017011434525894222,0.00052073337738216437,0.00067927273012587715,0.0015153576612811908,24,0,0.00018633609430822965,2023-09-18 00:00:00+00:00,q95,development,DK2
8.5666578290741773e-11,2.6406308226590409e-09,9.0813994636131233e-08,6.3040535863832243e-07,24,0,1.0442906015090008e-11,2023-09-19 00:00:00+00:00,q95,development,DK2
1.344664981834213e-05,6.1244884620911529e-05,0.00011104783518273969,0.00030840140005951121,24,0,5.9656000510746994e-06,2023-09-20 00:00:00+00:00,q95,development,DK2
0.11305692559183765,0.16260664523037432,0.13176269042945768,0.18219136380157619,24,0,0.076839318207182955,2023-09-21 00:00:00+00:00,q95,development,DK2
0.025534580546998881,0.039918565192690568,0.032968035827764648,0.049272146342025092,24,0,0.011810584830865233,2023-09-22 00:00:00+00:00,q95,development,DK2
3.0359520088420048e-06,1.6978097533500803e-05,7.581996900826986e-06,4.2202099765026339e-05,24,0,9.6175063105824623e-07,2023-09-23 00:00:00+00:00,q95,development,DK2
6.6176189370448973e-06,3.659668688098176e-05,5.9514861155521986e-05,0.00019829919248486237,24,0,4.732717265129457e-07,2023-09-24 00:00:00+00:00,q95,development,DK2
0,0,0,0,0,0,0,2023-09-25 00:00:00+00:00,q95,development,DK2
2.7390355200037568,2.6922680917653432,2.6803052016468381,2.6433929480052774,24,3,2.4766649975670791,2023-09-26 00:00:00+00:00,q95,development,DK2
1.7197867857832396,1.6717296719693191,1.7471129088822743,1.6924584947662076,24,2,1.6270918561241359,2023-09-27 00:00:00+00:00,q95,development,DK2
0.37911120536900894,0.3172149975448566,0.37916074433623809,0.31367260605701497,24,0,0.28142452701898696,2023-09-28 00:00:00+00:00,q95,development,DK2
0.00042944362825388826,0.0010405085051148366,0.00094811523595708506,0.0019108660825912626,24,0,0.00033420082826145209,2023-09-29 00:00:00+00:00,q95,development,DK2
1.9006962933753081e-07,4.6229552201741967e-07,3.8597939308463822e-07,8.0784553043046152e-07,24,0,7.9072091330762972e-09,2023-09-30 00:00:00+00:00,q95,development,DK2
0.00026674745388216461,0.00049297781885446396,0.00069825412680862256,0.00098132251062432578,24,0,4.6896380347830081e-05,2023-10-01 00:00:00+00:00,q95,development,DK2
0,0,0,0,0,0,0,2023-10-02 00:00:00+00:00,q95,development,DK2
5.7666256635879502e-08,2.1730479925855208e-07,9.0725200979754458e-08,3.015682146526509e-07,24,0,1.5809985362263368e-08,2023-10-03 00:00:00+00:00,q95,development,DK2
1.8091947079562253e-11,1.1258028410213579e-10,6.5887995567250237e-11,2.891636671751576e-10,24,0,9.4633276686815366e-13,2023-10-04 00:00:00+00:00,q95,development,DK2
0.0058471958527892684,0.014201148745170648,0.005176710676472661,0.013069502114107805,24,0,0.0025480458086282829,2023-10-05 00:00:00+00:00,q95,development,DK2
1.0073081999270761e-05,2.7617787277684793e-05,5.082099684415318e-05,0.00013408180471940944,24,0,1.6007773931956589e-06,2023-10-06 00:00:00+00:00,q95,development,DK2
2.0964882951867389e-09,7.0847502011725244e-09,4.4106437757319064e-08,1.2135131528702467e-07,24,0,2.4175800300357106e-10,2023-10-07 00:00:00+00:00,q95,development,DK2
0.012885832235741621,0.023489118140610402,0.012251076922701545,0.022216044859788554,24,0,0.0051623222012577913,2023-10-08 00:00:00+00:00,q95,development,DK2
0.30237376954770706,0.4404054975506671,0.29546783746498007,0.42807749563657727,24,0,0.19225604879369634,2023-10-09 00:00:00+00:00,q95,development,DK2
2.2274677793840691,2.1043920491216164,2.2121928221293139,2.0968011499302301,24,3,2.3872973118732732,2023-10-10 00:00:00+00:00,q95,development,DK2
2.0054243694263235e-15,1.5028013508314753e-14,1.8066090247939983e-10,5.3103182969428486e-10,24,0,8.0177668012131425e-17,2023-10-11 00:00:00+00:00,q95,development,DK2
2.3220368174533512e-05,5.4397741964623036e-05,0.00010823359952477477,0.0001806616979588482,24,0,3.827536966993921e-06,2023-10-12 00:00:00+00:00,q95,development,DK2
2.4609793341841236e-08,2.385602935098296e-07,4.2071469145988405e-08,3.1197948408062054e-07,24,0,3.5054678672611329e-10,2023-10-13 00:00:00+00:00,q95,development,DK2
7.4472944032671757e-19,7.1730534163295185e-18,4.6814007958260897e-13,1.6626014210932795e-12,24,0,6.7502829762526604e-19,2023-10-14 00:00:00+00:00,q95,development,DK2
5.5584539151932444e-10,2.5291371952673103e-09,1.0451133256139977e-09,4.5771479726461217e-09,24,0,5.2153127070826046e-13,2023-10-15 00:00:00+00:00,q95,development,DK2
0.0055283113339582492,0.0080427227013629664,0.009156966389311863,0.012668151784621174,24,0,0.00058786007741327907,2023-10-16 00:00:00+00:00,q95,development,DK2
0.010405880440367358,0.017581602630823468,0.015111621301900703,0.02354776789000634,24,0,0.0019380950015563422,2023-10-17 00:00:00+00:00,q95,development,DK2
0.0099760360298600855,0.018223919492147172,0.0095078617772511951,0.017118086964101328,24,0,0.005356128620157944,2023-10-18 00:00:00+00:00,q95,development,DK2
1.3241306242395694e-11,8.0172266749739778e-11,2.0839069733168841e-10,1.0205804416292494e-09,24,0,9.7047866544050437e-14,2023-10-19 00:00:00+00:00,q95,development,DK2
1.2825603820613252e-09,5.1439942043567175e-09,1.0182733358095051e-07,2.8841962013782315e-07,24,0,3.7843255069342354e-12,2023-10-20 00:00:00+00:00,q95,development,DK2
1.0926497687507092e-11,6.198876557643932e-11,1.7747789533517177e-10,9.1772925965116677e-10,24,0,5.5939423489166138e-15,2023-10-21 00:00:00+00:00,q95,development,DK2
1.9039085715500024e-09,7.1715449445808645e-09,1.1118299289102876e-07,3.0905040990819691e-07,24,0,6.7174128204432209e-12,2023-10-22 00:00:00+00:00,q95,development,DK2
0.90571561466614159,0.87908835780559891,0.91432008691266164,0.89154727353574492,24,1,0.92996408216442583,2023-10-23 00:00:00+00:00,q95,development,DK2
1.4586645634541852e-05,3.6422716328579269e-05,8.2946065010768729e-05,0.00016606048857209822,24,0,1.0284485089973819e-06,2023-10-24 00:00:00+00:00,q95,development,DK2
0.17884681123985832,0.23078627309864067,0.18438177151780596,0.23609593790158201,24,0,0.091541294653520816,2023-10-25 00:00:00+00:00,q95,development,DK2
0.00092423814372427583,0.0013350155467457636,0.0010159529509829787,0.0014153950711132592,24,0,0.00017010919842488234,2023-10-26 00:00:00+00:00,q95,development,DK2
0.0020412852872671739,0.0036756125538857766,0.0031217100437863571,0.0052803388602170554,24,0,0.00051577509000058945,2023-10-27 00:00:00+00:00,q95,development,DK2
2.7301447172253619e-10,1.4930935046404377e-09,9.7889671957295712e-10,4.5752885596173169e-09,24,0,5.1206609280148801e-13,2023-10-28 00:00:00+00:00,q95,development,DK2
0,0,0,0,0,0,0,2023-10-29 00:00:00+00:00,q95,development,DK2
0.010845873234635123,0.02521902694761215,0.0157980664386034,0.031680217749501867,24,0,0.001864535519055273,2023-10-30 00:00:00+00:00,q95,development,DK2
0.00063994549240053891,0.0013585698334716361,0.0010848849128490647,0.0020017689972860772,24,0,6.7547035543572164e-05,2023-10-31 00:00:00+00:00,q95,development,DK2
1.8050164708720432e-06,5.7824245584255081e-06,1.3089945078295648e-06,4.1261681573922847e-06,24,0,7.3536516443932087e-07,2023-11-01 00:00:00+00:00,q95,development,DK2
5.1364750226716929e-12,3.5398242278744688e-11,1.3586702092201636e-08,4.7854814174391551e-08,24,0,7.4981681047479277e-13,2023-11-02 00:00:00+00:00,q95,development,DK2
9.2861326965947291e-07,3.2597802754122698e-06,8.653558632214305e-07,2.853972521712305e-06,24,0,1.471233093873443e-07,2023-11-03 00:00:00+00:00,q95,development,DK2
2.8142799911812834e-21,7.7877264862559422e-20,4.8985798277198781e-21,1.1712250462420684e-19,24,0,1.7420800484909813e-24,2023-11-04 00:00:00+00:00,q95,development,DK2
2.8056548680344099e-17,7.4622726812674841e-16,3.2165574002429052e-17,8.0364423959836982e-16,24,0,6.6091422311531284e-19,2023-11-05 00:00:00+00:00,q95,development,DK2
3.1448394196912905e-15,6.2145300330771378e-14,1.3109706256656913e-12,4.7549174639316349e-11,24,0,4.1862660469701423e-20,2023-11-06 00:00:00+00:00,q95,development,DK2
1.2858517629185619e-11,1.849265565240402e-10,4.6699091820092921e-09,5.9258011616138834e-08,24,0,3.2860100183955622e-14,2023-11-07 00:00:00+00:00,q95,development,DK2
4.0774175182870868e-12,1.099093810115615e-10,7.1859270064601636e-09,5.5538961635713337e-08,24,0,1.9746767055943983e-14,2023-11-08 00:00:00+00:00,q95,development,DK2
2.4688078010686284e-05,8.7216122844836232e-05,6.4369205842614512e-05,0.00016221177927037308,24,0,3.3283077933698351e-06,2023-11-09 00:00:00+00:00,q95,development,DK2
9.5625503102042248e-06,3.8962831823591152e-05,4.0643965941268625e-05,0.00010833725288975752,24,0,1.3710366719019078e-06,2023-11-10 00:00:00+00:00,q95,development,DK2
0.00010725767228801694,7.9876815433207074e-05,9.82577298877255e-05,5.4102273234216744e-05,24,0,2.1742138097381098e-05,2023-11-11 00:00:00+00:00,q95,development,DK2
0,0,0,0,0,0,0,2023-11-12 00:00:00+00:00,q95,development,DK2
0.0039908116680529423,0.0092939292114998864,0.0031800386345105743,0.0075130899783253345,24,0,0.0019664245843601996,2023-11-13 00:00:00+00:00,q95,development,DK2
3.111169626630971e-08,4.1617570630198567e-07,7.7566763540776257e-07,4.6493408224113588e-06,24,0,4.3666012087082275e-10,2023-11-14 00:00:00+00:00,q95,development,DK2
0.00027377557206527257,0.00062143035980816305,0.00025264661069988745,0.00050686604716345643,24,0,0.00016297177180504957,2023-11-15 00:00:00+00:00,q95,development,DK2
0.0030309517003526323,0.0092932365369548433,0.0045400566847370672,0.012469092917382409,24,0,0.00052035813549109844,2023-11-16 00:00:00+00:00,q95,development,DK2
0.058241743856127223,0.11462800491067744,0.063116030621235636,0.1152900459038473,24,0,0.025191693128107113,2023-11-17 00:00:00+00:00,q95,development,DK2
6.7115708571565555e-05,0.00018841448746309967,5.3416663113620761e-05,0.00015340082960464557,24,0,2.5579001364400628e-05,2023-11-18 00:00:00+00:00,q95,development,DK2
0,0,0,0,0,0,0,2023-11-19 00:00:00+00:00,q95,development,DK2
0.0011173220864556346,0.0033407016786163144,0.0015713151163453704,0.0040441360856899719,24,0,0.00023080506504992218,2023-11-20 00:00:00+00:00,q95,development,DK2
0.076422052941607449,0.13699419592197334,0.078004449593749955,0.13761197920116142,24,0,0.043952734306770977,2023-11-21 00:00:00+00:00,q95,development,DK2
1.3398411529062144,1.8289985853904038,1.3440977103637866,1.8437627446814451,24,0,1.2264993964916275,2023-11-22 00:00:00+00:00,q95,development,DK2
5.7324250428750733e-12,4.2125111747715517e-10,4.4388948451267857e-10,1.7167339009087753e-08,24,0,2.8949989654489614e-13,2023-11-23 00:00:00+00:00,q95,development,DK2
1.0297013892833213e-08,9.7888115296076743e-08,1.4796216596824126e-06,4.7095475125514387e-06,24,0,5.0032383093266451e-09,2023-11-24 00:00:00+00:00,q95,development,DK2
0.031977918323232275,0.061927035813763937,0.036167398471114151,0.065290315285244246,24,0,0.029589617070194304,2023-11-25 00:00:00+00:00,q95,development,DK2
0.027440631924807623,0.15290906657844741,0.02276174907650106,0.13528290565316936,24,0,0.019742401491077491,2023-11-26 00:00:00+00:00,q95,development,DK2
0.039599508776674022,0.074997516180991181,0.03714812080154585,0.068696267439861208,24,0,0.031128690415111234,2023-11-27 00:00:00+00:00,q95,development,DK2
4.5212892178783139,4.5373086673976371,4.5441151134472708,4.5619371398979318,24,8,4.5688185992585462,2023-11-28 00:00:00+00:00,q95,development,DK2
5.9969566969843182,7.0745765299574686,6.006896191535338,7.128714454680356,24,11,6.2340335955338224,2023-11-29 00:00:00+00:00,q95,development,DK2
5.8004487914063505,4.8244519186167558,5.7965945342949734,4.7938984420440116,24,21,6.1020190885818728,2023-11-30 00:00:00+00:00,q95,development,DK2
4.3974471129533992,4.3261856263390097,4.3421712766695233,4.3263677508354759,24,23,4.7516836567148006,2023-12-01 00:00:00+00:00,q95,development,DK2
4.8488066481673595,5.7673650008205035,4.9271023214474789,5.9326976119556045,24,9,5.0487030283273393,2023-12-02 00:00:00+00:00,q95,development,DK2
0.13553882126235423,0.36203112870270271,0.12288545241840566,0.36204512059895161,24,0,0.19761263776686244,2023-12-03 00:00:00+00:00,q95,development,DK2
0.097944419220488854,0.18323262828244871,0.081980761905278157,0.15919445005382926,24,0,0.088981199394888633,2023-12-04 00:00:00+00:00,q95,development,DK2
0.00082479625132226599,0.0034108648451433299,0.0027715880879649285,0.0083939466629083161,24,0,0.00022283612537581939,2023-12-05 00:00:00+00:00,q95,development,DK2
4.2960586332208557,4.1676132132528148,4.2514817103779698,4.1643677531426624,24,9,4.4080605746444457,2023-12-06 00:00:00+00:00,q95,development,DK2
1.996139852466954,1.7683305172311732,1.933228170223847,1.7027653550302635,24,16,2.0378826320009882,2023-12-07 00:00:00+00:00,q95,development,DK2
0.010606421600913638,0.030851283559737118,0.014820918644493173,0.037288488846351713,24,0,0.0042948801482551426,2023-12-08 00:00:00+00:00,q95,development,DK2
1.0790939317872662e-06,9.3173667299859589e-06,9.6367468491874895e-07,7.6071278648113854e-06,24,0,1.4643200685947268e-07,2023-12-09 00:00:00+00:00,q95,development,DK2
3.3290612547654012e-09,6.2486720598884692e-08,2.8385010890781487e-09,5.0158552536576442e-08,24,0,1.7111923591966313e-10,2023-12-10 00:00:00+00:00,q95,development,DK2
1.1064956683248813e-05,5.7466866897210539e-05,8.2569086910641568e-06,4.2948569214835331e-05,24,0,3.9029739494051791e-06,2023-12-11 00:00:00+00:00,q95,development,DK2
2.9225332929171288,2.5101170537491422,2.9643115979391657,2.5341702836320956,24,7,3.2036456721330731,2023-12-12 00:00:00+00:00,q95,development,DK2
0.009726298549889642,0.025052374095140391,0.014843226937539757,0.032334487011750589,24,0,0.0040722947837594538,2023-12-13 00:00:00+00:00,q95,development,DK2
1.991074820746529,2.5955288432684887,1.9677801539049862,2.5860156979274835,24,8,1.8748205703377341,2023-12-14 00:00:00+00:00,q95,development,DK2
0.28454784074452749,0.5344408536420957,0.28464897164984532,0.52297565943043767,24,0,0.18157663211585925,2023-12-15 00:00:00+00:00,q95,development,DK2
1.6653369097190362e-07,1.2351299070824637e-06,1.6094655441780857e-06,9.5332789106411732e-06,24,0,5.8043861994872128e-10,2023-12-16 00:00:00+00:00,q95,development,DK2
4.7852435638770434e-10,6.3201317681668056e-09,5.9159375345917272e-10,8.0705553253673121e-09,24,0,1.8285169648587619e-12,2023-12-17 00:00:00+00:00,q95,development,DK2
3.8030974581136667e-06,2.0270091478070067e-05,5.7818812008922722e-06,3.1580169470585798e-05,24,0,5.9878437778540671e-08,2023-12-18 00:00:00+00:00,q95,development,DK2
0.00087528400811542721,0.0027715758385663198,0.0013350007289642852,0.0034992241842526067,24,0,0.00023198502092038707,2023-12-19 00:00:00+00:00,q95,development,DK2
6.7016910503252203e-09,5.0244153956434918e-08,1.9173677671208569e-06,5.8889525424570385e-06,24,0,1.3905775412668589e-09,2023-12-20 00:00:00+00:00,q95,development,DK2
6.7270680339135723e-15,6.0490454942054239e-13,2.0771648286755847e-12,6.864136990420889e-11,24,0,2.0602956251075676e-17,2023-12-21 00:00:00+00:00,q95,development,DK2
3.6005663190061953e-15,3.242425857832743e-13,1.0950840318368155e-12,4.4032160420267323e-11,24,0,4.3727144252177088e-17,2023-12-22 00:00:00+00:00,q95,development,DK2
7.8155678094800124e-12,2.5979910175843398e-10,3.112957386454445e-11,8.1127375548231352e-10,24,0,4.6677385938514684e-13,2023-12-23 00:00:00+00:00,q95,development,DK2
9.1495895038150548e-11,2.446069151024659e-09,7.401402131555728e-11,1.9348484227396654e-09,24,0,3.827175258413153e-12,2023-12-24 00:00:00+00:00,q95,development,DK2
1.2438558195378737e-07,9.6884022096145348e-07,4.1376352681668812e-06,1.545121844188532e-05,24,0,8.8009791423869503e-09,2023-12-25 00:00:00+00:00,q95,development,DK2
3.6719706992547832e-07,2.2912298176613327e-06,6.0884830155398083e-06,2.1379198090503209e-05,24,0,2.5253300197898204e-08,2023-12-26 00:00:00+00:00,q95,development,DK2
0.013383100468826101,0.031717474859191928,0.011874556198914076,0.027810808163042166,24,0,0.0062682125794018264,2023-12-27 00:00:00+00:00,q95,development,DK2
3.5073426779811797e-14,1.0017773149699616e-12,8.9652937085986515e-11,1.1128762594564661e-09,24,0,1.2155244051485153e-16,2023-12-28 00:00:00+00:00,q95,development,DK2
1.3245840738436422e-14,3.9502987279410955e-13,1.1203769281578936e-10,1.3596142199462074e-09,24,0,4.2423538546622936e-17,2023-12-29 00:00:00+00:00,q95,development,DK2
1.4249547389275451e-11,2.689776092187037e-10,1.9335706096458277e-09,2.0284693952752325e-08,24,0,4.4226000506206002e-14,2023-12-30 00:00:00+00:00,q95,development,DK2
5.892807862836758e-12,1.6520065791397538e-10,2.7041076898907048e-11,6.526559968759004e-10,24,0,5.4774889980608088e-14,2023-12-31 00:00:00+00:00,q95,development,DK2
2.071602772924752e-05,5.579628662696744e-05,7.0971935287099256e-05,0.00017412173176857223,24,0,1.6107157158338176e-06,2024-01-01 00:00:00+00:00,q90,reanalysis,DK2
9.2935108542547101e-08,6.0010453700977468e-07,5.7556475087064163e-07,2.9633564548876021e-06,24,0,1.3668988082832695e-09,2024-01-02 00:00:00+00:00,q90,reanalysis,DK2
1.3980408269290595e-10,2.0114129394322866e-09,2.2878982127572366e-09,2.6455607415774539e-08,24,0,5.5399128670824748e-13,2024-01-03 00:00:00+00:00,q90,reanalysis,DK2
0.019013979516520792,0.034187610222269307,0.021087256106834935,0.035391339559211914,24,0,0.011840222476920775,2024-01-04 00:00:00+00:00,q90,reanalysis,DK2
0.0032510302888815725,0.0065898347536256377,0.0029449962332207123,0.0062196249540463809,24,0,0.0031146958989725412,2024-01-05 00:00:00+00:00,q90,reanalysis,DK2
2.8012780869724376e-05,8.3097966722138207e-05,0.00021784468633493132,0.00045136897358273256,24,0,5.4427902535166129e-06,2024-01-06 00:00:00+00:00,q90,reanalysis,DK2
4.2679699052055667e-07,1.0022906955616823e-06,2.6385044106592967e-05,3.4148840187335069e-05,24,0,1.2063720909156411e-06,2024-01-07 00:00:00+00:00,q90,reanalysis,DK2
3.3134036093250545,3.3089997084851337,3.3468077346631282,3.3510558873441809,24,4,3.1128080109262637,2024-01-08 00:00:00+00:00,q90,reanalysis,DK2
9.4385579361793255,7.5883980483491911,9.4524477008990289,7.5474454605264709,24,22,8.8052947811144477,2024-01-09 00:00:00+00:00,q90,reanalysis,DK2
6.462183065103873,5.1197102574152655,6.5662838119003037,5.1874604592306666,24,24,6.5438102641731444,2024-01-10 00:00:00+00:00,q90,reanalysis,DK2
8.1022279442472716,7.4649309812646774,8.1617144242837369,7.5266384629321674,24,14,8.2837229438262696,2024-01-11 00:00:00+00:00,q90,reanalysis,DK2
10.318731607337671,8.9954020797625329,10.237110890658537,8.9579994140954877,24,20,10.982541504510555,2024-01-12 00:00:00+00:00,q90,reanalysis,DK2
2.1180868638250795e-06,7.2808708059969424e-06,2.5998818306648398e-06,1.0620062921212215e-05,24,0,5.1379267461401816e-07,2024-01-13 00:00:00+00:00,q90,reanalysis,DK2
2.9888061865078398e-09,6.6426644311510503e-09,1.311225671352882e-07,2.2286764696806828e-07,24,0,3.7021840659757193e-10,2024-01-14 00:00:00+00:00,q90,reanalysis,DK2
1.9955431506137598,1.9955118113272703,1.9821552246337628,1.982321375642415,24,2,1.9626437942167128,2024-01-15 00:00:00+00:00,q90,reanalysis,DK2
13.06242013215423,12.268312196212262,13.183984891342977,12.395047934447865,24,17,12.871957254195369,2024-01-16 00:00:00+00:00,q90,reanalysis,DK2
5.4037070009884891,5.2540220069684294,5.3636119032890308,5.2284341201005216,24,6,5.5328076692443231,2024-01-17 00:00:00+00:00,q90,reanalysis,DK2
5.4716731105499985,5.3389598074583713,5.4272576461520776,5.305250708582026,24,6,5.6056079057996282,2024-01-18 00:00:00+00:00,q90,reanalysis,DK2
0.0050242941632040947,0.0096245185310720009,0.0038424341110506566,0.0076070975729294679,24,0,0.0041651762471441754,2024-01-19 00:00:00+00:00,q90,reanalysis,DK2
0.0024785637866926499,0.0026243644516705379,0.0044824751799250363,0.004583310443092424,24,0,0.00102996327332213,2024-01-20 00:00:00+00:00,q90,reanalysis,DK2
9.0998419002824189e-23,1.38038461674984e-22,1.2634598727722125e-15,1.6481736791551643e-14,24,0,4.1964414669459183e-27,2024-01-21 00:00:00+00:00,q90,reanalysis,DK2
1.5849901862356699e-23,3.3960428812954636e-24,3.4448980791609133e-18,2.8794620608283226e-19,24,0,1.7700148442704304e-31,2024-01-22 00:00:00+00:00,q90,reanalysis,DK2
4.927196037144942e-15,9.8092032384021286e-15,5.8187977273581818e-12,2.9703422203100153e-11,24,0,7.4608749382838047e-20,2024-01-23 00:00:00+00:00,q90,reanalysis,DK2
2.3799565543259538e-15,1.6251691874375978e-15,1.5731991817348055e-10,1.4956019610182219e-10,24,0,1.9166687134109004e-17,2024-01-24 00:00:00+00:00,q90,reanalysis,DK2
0.011669156879046879,0.020845344183987168,0.012403733877468329,0.021221278376558364,24,0,0.002950876837454818,2024-01-25 00:00:00+00:00,q90,reanalysis,DK2
6.633935120178421e-05,0.0001669732513485681,8.5703764232931552e-05,0.00020829160828723326,24,0,7.5763294077815389e-06,2024-01-26 00:00:00+00:00,q90,reanalysis,DK2
7.0508716508727983e-05,7.416527666780556e-05,0.00032431949148312736,0.00032773355854491494,24,0,2.6240152510012381e-06,2024-01-27 00:00:00+00:00,q90,reanalysis,DK2
2.4072892673488458e-06,5.6909380270726263e-06,2.1520824276544929e-05,4.2781644939495522e-05,24,0,2.6111876757845039e-08,2024-01-28 00:00:00+00:00,q90,reanalysis,DK2
0.12289012740499278,0.15776095171140778,0.11039354836241286,0.14404752976751681,24,0,0.048174030015844652,2024-01-29 00:00:00+00:00,q90,reanalysis,DK2
0.082812933048405146,0.12515982990166924,0.099059614098624849,0.14336974837362465,24,0,0.019779188652113235,2024-01-30 00:00:00+00:00,q90,reanalysis,DK2
0.010104845992146892,0.013129304599892576,0.014829105792416534,0.019027775347424954,24,0,0.0018804541356654833,2024-01-31 00:00:00+00:00,q90,reanalysis,DK2
0.013778897703736418,0.018497189439640061,0.019300320571531859,0.025903766707632631,24,0,0.0023352531023369898,2024-02-01 00:00:00+00:00,q90,reanalysis,DK2
0.0001133547175947808,0.0002024804489712566,0.00032088072184007719,0.00058815205491312883,24,0,7.7725778339093249e-06,2024-02-02 00:00:00+00:00,q90,reanalysis,DK2
1.0801607963853438e-13,8.0951879426084671e-13,2.9437838424818802e-12,3.8206320055449307e-11,24,0,6.9806074247754473e-18,2024-02-03 00:00:00+00:00,q90,reanalysis,DK2
1.0768192454197016e-19,1.0924514364000482e-17,2.2652694428088627e-13,6.7156213105232588e-13,24,0,5.5736733831775688e-22,2024-02-04 00:00:00+00:00,q90,reanalysis,DK2
1.6052371797341241e-06,1.0066981482170505e-05,7.2992924790104431e-06,3.1138733050801584e-05,24,0,4.2671420666707815e-07,2024-02-05 00:00:00+00:00,q90,reanalysis,DK2
2.8105447237534543e-12,2.2064499516422644e-10,4.4167257236731036e-09,9.8191548437614925e-08,24,0,9.3895742551639392e-14,2024-02-06 00:00:00+00:00,q90,reanalysis,DK2
0.016698255702648459,0.035721247024350283,0.015968753979093468,0.033603406037485989,24,0,0.0062212581473156297,2024-02-07 00:00:00+00:00,q90,reanalysis,DK2
1.3219331219169819,1.4241492493337189,1.3187686929925762,1.4198974160338054,24,2,1.2919149833322807,2024-02-08 00:00:00+00:00,q90,reanalysis,DK2
1.6141648881284648e-05,0.00011283733940578128,5.494299387212167e-05,0.00026721166597210532,24,0,3.1659217256861623e-06,2024-02-09 00:00:00+00:00,q90,reanalysis,DK2
0.00044051105658802169,0.0016243093220542717,0.0010956900477271201,0.0030772723642166246,24,0,2.7192598067289923e-05,2024-02-10 00:00:00+00:00,q90,reanalysis,DK2
1.4298984290416133e-08,3.0001761017688326e-07,3.2398608795993129e-07,3.8455599693829064e-06,24,0,3.4653302462037355e-11,2024-02-11 00:00:00+00:00,q90,reanalysis,DK2
0.35572146759062839,0.52241210640347846,0.32063054240413674,0.4815362924179899,24,0,0.30985710098501856,2024-02-12 00:00:00+00:00,q90,reanalysis,DK2
0.00086020474196317519,0.0026462052789462355,0.0020151342037595106,0.0051299467912532346,24,0,0.00015648246121942655,2024-02-13 00:00:00+00:00,q90,reanalysis,DK2
0.0042351806301841009,0.01245843633913887,0.0044104951963802016,0.012287499798729068,24,0,0.0012202556845497398,2024-02-14 00:00:00+00:00,q90,reanalysis,DK2
0.29770918174336486,0.42190923930202034,0.3055774491954158,0.4276582549267785,24,0,0.15240254812569859,2024-02-15 00:00:00+00:00,q90,reanalysis,DK2
4.2940299015135744e-05,0.00017872695752786538,0.00012662059452953257,0.00041452341655213407,24,0,2.864946003748933e-06,2024-02-16 00:00:00+00:00,q90,reanalysis,DK2
0.0010115103566187415,0.0023353552948655256,0.0019261459446663156,0.0040641237535044405,24,0,4.4460240585640749e-05,2024-02-17 00:00:00+00:00,q90,reanalysis,DK2
4.436935453987497e-08,3.4806981911857948e-07,7.3158682358308188e-07,5.4022995966020911e-06,24,0,5.0975512631441292e-11,2024-02-18 00:00:00+00:00,q90,reanalysis,DK2
0.00013531212788172228,0.00044159921620054763,0.00053954844175358721,0.0013153011134782594,24,0,9.4978023881773574e-06,2024-02-19 00:00:00+00:00,q90,reanalysis,DK2
1.0892212291240505e-05,5.6858531333936684e-05,8.1672151080109008e-05,0.00028021772703570337,24,0,3.4105675433725892e-07,2024-02-20 00:00:00+00:00,q90,reanalysis,DK2
7.9783035861836202e-07,6.6029452547220371e-06,8.9287326533777669e-06,4.265231517734017e-05,24,0,4.5873889145224731e-08,2024-02-21 00:00:00+00:00,q90,reanalysis,DK2
1.7147435111667705e-05,5.828900090044525e-05,8.1126699378227974e-05,0.00019690641120928104,24,0,1.4593836519753837e-06,2024-02-22 00:00:00+00:00,q90,reanalysis,DK2
0.0009911392554281652,0.0024914734660718128,0.0022228231157690355,0.0047596703712858247,24,0,0.00013153787835033993,2024-02-23 00:00:00+00:00,q90,reanalysis,DK2
7.212389111987433e-05,0.00028987322644393311,0.00033555849830106237,0.0010028212727271509,24,0,5.4670904515774765e-06,2024-02-24 00:00:00+00:00,q90,reanalysis,DK2
0.00059217049986060293,0.0017907989746677047,0.0014647549645600865,0.0035763355723556003,24,0,7.3147136005082775e-05,2024-02-25 00:00:00+00:00,q90,reanalysis,DK2
0.013538131552138996,0.023636876112465146,0.017838504848521404,0.029690056842080922,24,0,0.0037954829611736999,2024-02-26 00:00:00+00:00,q90,reanalysis,DK2
4.7566093550299078,4.5327701256201065,4.8058469921148195,4.5679962835214027,24,18,4.984811598637215,2024-02-27 00:00:00+00:00,q90,reanalysis,DK2
4.9248142285488452,4.8134589996864445,4.9520204909198133,4.8227404971826946,24,11,5.031631706217861,2024-02-28 00:00:00+00:00,q90,reanalysis,DK2
6.7237885869958547e-06,3.2560138740616543e-05,5.2364916120142389e-05,0.00016888904497821923,24,0,1.8191110821325406e-07,2024-02-29 00:00:00+00:00,q90,reanalysis,DK2
0.00035046616936131595,0.00088695954418420192,0.0010290488730284951,0.002085986993081072,24,0,5.2173263821129111e-05,2024-03-01 00:00:00+00:00,q90,reanalysis,DK2
4.0158831872614688e-05,9.9864391867139965e-05,0.00015947566197940585,0.00028311256658814714,24,0,5.0706273277713727e-07,2024-03-02 00:00:00+00:00,q90,reanalysis,DK2
0.00011967527690905901,0.00032251864195105448,0.00031003424713164213,0.00067567888759434078,24,0,8.6441236834714208e-06,2024-03-03 00:00:00+00:00,q90,reanalysis,DK2
0.48662646814412575,0.54233607249744897,0.47982096053008766,0.53487224755628993,24,0,0.34067648155049368,2024-03-04 00:00:00+00:00,q90,reanalysis,DK2
1.0064697006136933,1.0536218060185134,1.0058934215227775,1.0526417129432577,24,1,0.89776216559185884,2024-03-05 00:00:00+00:00,q90,reanalysis,DK2
6.4158823387314232,6.5435291877912434,6.4939107080097394,6.6358402875529494,24,12,6.5920024734665477,2024-03-06 00:00:00+00:00,q90,reanalysis,DK2
0.93019712549059574,0.93718044483923113,0.92751163398434799,0.93880967906327206,24,1,0.95105404629562351,2024-03-07 00:00:00+00:00,q90,reanalysis,DK2
0.00060352107372617868,0.0015566601345885628,0.0020992814787953377,0.0041425555039892124,24,0,0.00049830696199788024,2024-03-08 00:00:00+00:00,q90,reanalysis,DK2
6.3378083344283463e-13,2.6193060507996175e-11,2.6741411754225688e-10,2.3828336810226115e-09,24,0,4.4665554018346051e-16,2024-03-09 00:00:00+00:00,q90,reanalysis,DK2
1.1184817927782494e-09,1.620142291445763e-08,2.0399115956398871e-09,2.8595177641949349e-08,24,0,1.8433325262758728e-11,2024-03-10 00:00:00+00:00,q90,reanalysis,DK2
0.10987910844691436,0.14144041918136169,0.11447795032372823,0.14636941229978734,24,0,0.049045279309245376,2024-03-11 00:00:00+00:00,q90,reanalysis,DK2
5.2187370188144699,5.1002793673219653,5.1903205418127225,5.07392875381632,24,18,5.7904142566984023,2024-03-12 00:00:00+00:00,q90,reanalysis,DK2
2.3283651978679099,2.2546678599646399,2.3440769533835022,2.2721416698611776,24,4,2.6429730589739853,2024-03-13 00:00:00+00:00,q90,reanalysis,DK2
0.0012597197701051839,0.0022028859890582926,0.0022527533015334407,0.0036627709903008531,24,0,0.00027303661628880411,2024-03-14 00:00:00+00:00,q90,reanalysis,DK2
2.3724448227642978e-05,6.3121410205665464e-05,0.00016980261661880792,0.00035706650144389277,24,0,3.3278914690407942e-06,2024-03-15 00:00:00+00:00,q90,reanalysis,DK2
1.6761973310840317e-07,9.132902215989964e-07,2.6737007958805618e-06,9.5926949050553114e-06,24,0,4.6188644607050063e-10,2024-03-16 00:00:00+00:00,q90,reanalysis,DK2
0.0011167489723685035,0.00084523216721551912,0.001156795563283138,0.0008597077240721587,24,0,0.000270498658343396,2024-03-17 00:00:00+00:00,q90,reanalysis,DK2
0.89293128305972258,1.1085132599960206,0.86353061267680709,1.0763825547267278,24,0,0.5986716590625768,2024-03-18 00:00:00+00:00,q90,reanalysis,DK2
0.51557033792857909,0.45161863481852488,0.50365025840996902,0.42015545041330987,24,0,0.32660739905079994,2024-03-19 00:00:00+00:00,q90,reanalysis,DK2
4.4979744029505735,4.4267879671443255,4.5763319038448671,4.4879584687829359,24,10,4.6308783803147291,2024-03-20 00:00:00+00:00,q90,reanalysis,DK2
1.2671043996047784,1.4511932855593501,1.2494652292214448,1.4264075518869439,24,1,0.95615288886507199,2024-03-21 00:00:00+00:00,q90,reanalysis,DK2
2.216553432370024e-05,8.2527671479719244e-05,0.00011730307862006132,0.00031892868632249559,24,0,1.4517740359973929e-06,2024-03-22 00:00:00+00:00,q90,reanalysis,DK2
5.5677361405132834e-11,8.2635169215681278e-10,3.4287905270697199e-09,2.7611148839250854e-08,24,0,1.5356211213875733e-14,2024-03-23 00:00:00+00:00,q90,reanalysis,DK2
0.59278304714899499,0.54028195042004001,0.60750690152643216,0.55310023638804418,24,1,0.58850639739750088,2024-03-24 00:00:00+00:00,q90,reanalysis,DK2
2.6176902904579662,2.7048740209848527,2.6070002862545945,2.6988605186873493,24,4,2.5844661638072655,2024-03-25 00:00:00+00:00,q90,reanalysis,DK2
0.292328595771155,0.32845964314804144,0.27866095648839845,0.31156524637775562,24,0,0.26662511038451825,2024-03-26 00:00:00+00:00,q90,reanalysis,DK2
0.89084021529238855,1.0117718091382317,0.88916839180800944,1.0146285207656889,24,0,0.71385853344438122,2024-03-27 00:00:00+00:00,q90,reanalysis,DK2
0.00053906996806214508,0.0011550376817735686,0.0015022144833144351,0.0026491512041183643,24,0,0.00018951024006827623,2024-03-28 00:00:00+00:00,q90,reanalysis,DK2
0.99697028212770933,0.99383259170137983,0.99688597843119986,0.9939288661482083,24,1,0.99902376474938337,2024-03-29 00:00:00+00:00,q90,reanalysis,DK2
0.00045614088686719926,0.0010629823803059368,0.0011237046715435546,0.0021295145062271378,24,0,0.00018022370301301187,2024-03-30 00:00:00+00:00,q90,reanalysis,DK2
4.8748415192361221e-06,8.3344141150254811e-06,8.9957969621405813e-06,1.4640510420904623e-05,24,0,3.4813090245520167e-07,2024-03-31 00:00:00+00:00,q90,reanalysis,DK2
0.0037966957522019697,0.0063697754147535018,0.0066714861580371475,0.010313384386660898,24,0,0.0009007936648810043,2024-04-01 00:00:00+00:00,q90,reanalysis,DK2
3.2231204532507256e-06,9.27920752212974e-06,4.2506629010889899e-05,0.00010937948256855536,24,0,3.448136212612503e-07,2024-04-02 00:00:00+00:00,q90,reanalysis,DK2
3.1429361999564667,3.1488169359869338,3.1314480731550387,3.1382193118216311,24,6,3.3033668620514209,2024-04-03 00:00:00+00:00,q90,reanalysis,DK2
0.0052916208924893293,0.0068120366680573582,0.0074855193910458471,0.0090342815319702351,24,0,0.0013681895996881536,2024-04-04 00:00:00+00:00,q90,reanalysis,DK2
6.842340507380316e-05,0.00011687403345161949,0.00023771523691442777,0.00032234527715285484,24,0,1.580135409447495e-05,2024-04-05 00:00:00+00:00,q90,reanalysis,DK2
7.4207329054508053e-12,2.0992720179440381e-11,4.8192104230957141e-11,9.6587264433106053e-11,24,0,3.978998545004845e-13,2024-04-06 00:00:00+00:00,q90,reanalysis,DK2
4.233209962657093e-05,5.0969786726971688e-05,0.00016476762955192574,0.00018947807850112756,24,0,2.3181855410821898e-06,2024-04-07 00:00:00+00:00,q90,reanalysis,DK2
2.1002499133109476,2.093427074047479,2.1422209101988425,2.1335619778761319,24,3,2.1422398034978833,2024-04-08 00:00:00+00:00,q90,reanalysis,DK2
0.043771434130285808,0.05138162132579803,0.047428194150143425,0.055861891254701215,24,0,0.031944387769703417,2024-04-09 00:00:00+00:00,q90,reanalysis,DK2
0.67979423239628944,0.6477550724926755,0.67593556316420778,0.6442039950342705,24,1,0.75917731053367488,2024-04-10 00:00:00+00:00,q90,reanalysis,DK2
0.84584920471502389,0.83085183578649624,0.83899119801696354,0.82578047543866762,24,1,0.88026013703985129,2024-04-11 00:00:00+00:00,q90,reanalysis,DK2
1.1446818354721209e-05,3.2976277988148584e-05,6.105666358716744e-05,0.0001290745574021335,24,0,3.2995622783056784e-07,2024-04-12 00:00:00+00:00,q90,reanalysis,DK2
1.1854116900914276e-10,4.295266680890564e-09,9.9640910937209448e-09,1.5433655672399487e-07,24,0,3.3019964648625353e-13,2024-04-13 00:00:00+00:00,q90,reanalysis,DK2
8.9632228138132732e-06,3.3654112711713498e-05,4.2201890437919258e-05,0.00014085901513763666,24,0,3.2400257629508777e-07,2024-04-14 00:00:00+00:00,q90,reanalysis,DK2
1.9856325182709733,1.9815005964744279,1.974404804576217,1.9705505415349081,24,2,1.9930949157892928,2024-04-15 00:00:00+00:00,q90,reanalysis,DK2
0.17545427771862004,0.22931117941098109,0.1689527389414438,0.22140031767428742,24,0,0.15907119667087471,2024-04-16 00:00:00+00:00,q90,reanalysis,DK2
2.6869884537634086,2.7771782788441199,2.6938910926055351,2.7843658258996773,24,15,2.5724665095497397,2024-04-17 00:00:00+00:00,q90,reanalysis,DK2
3.8457735841939193,3.9845180252526564,3.7911298604304635,3.9287796501964936,24,11,3.9396169654135891,2024-04-18 00:00:00+00:00,q90,reanalysis,DK2
0.15631073514576771,0.21860366816773183,0.14538518208357198,0.20521293528779488,24,0,0.15863217726043227,2024-04-19 00:00:00+00:00,q90,reanalysis,DK2
1.2530893089237951,1.1934162916626896,1.2765222030584811,1.2187416196822616,24,2,1.2518283130719809,2024-04-20 00:00:00+00:00,q90,reanalysis,DK2
0.42948998508968733,0.45881297684298472,0.42961393345267207,0.46003068565460986,24,1,0.43117254110970821,2024-04-21 00:00:00+00:00,q90,reanalysis,DK2
5.4813123149263951,5.1445824108395541,5.4709896427962015,5.1259597951972706,24,21,5.1218040953508552,2024-04-22 00:00:00+00:00,q90,reanalysis,DK2
9.1653443957139018,9.1862183001251267,9.0550862128842287,9.078241148955728,24,12,9.4526555996980495,2024-04-23 00:00:00+00:00,q90,reanalysis,DK2
4.371975312918158,4.6428621485679971,4.3308909502124191,4.6066781622311224,24,6,4.5402457406755996,2024-04-24 00:00:00+00:00,q90,reanalysis,DK2
4.2188700932040906,4.23666247768689,4.2117527014360814,4.2329771569444041,24,16,4.3323969105284403,2024-04-25 00:00:00+00:00,q90,reanalysis,DK2
5.3492805947720434,5.3833563348163205,5.3877622598221429,5.4252263993250995,24,16,5.6988633871495367,2024-04-26 00:00:00+00:00,q90,reanalysis,DK2
1.7177863171553314,1.7225955808088245,1.7000786608204328,1.706297870851472,24,2,1.821233712770689,2024-04-27 00:00:00+00:00,q90,reanalysis,DK2
0.1391846618264401,0.13938672223253054,0.13204771966671974,0.13246077648412349,24,0,0.099974656221074709,2024-04-28 00:00:00+00:00,q90,reanalysis,DK2
3.485469152066285,3.2412363099908079,3.4687366508838262,3.2168813175061541,24,3,3.3778909065906877,2024-04-29 00:00:00+00:00,q90,reanalysis,DK2
0.0071824642679143734,0.01353952434344274,0.0081677238349957097,0.014914249584633527,24,0,0.0029672223044576937,2024-04-30 00:00:00+00:00,q90,reanalysis,DK2
0.0010687207703013711,0.0027243821279677397,0.0013131646832747017,0.0026944357477233709,24,0,0.00062664984903023052,2024-05-01 00:00:00+00:00,q90,reanalysis,DK2
0.00017623367736637971,0.00031194562174873512,0.00013178352530962464,0.00021957938698743748,24,0,0.00010060678737994619,2024-05-02 00:00:00+00:00,q90,reanalysis,DK2
1.7149492672603173,1.7877184502832759,1.7208472841625122,1.7897570883616161,24,1,1.6593704632540081,2024-05-03 00:00:00+00:00,q90,reanalysis,DK2
4.4916900991138036,4.3298454941923037,4.4094450669453265,4.2363939504863906,24,3,4.597077429158813,2024-05-04 00:00:00+00:00,q90,reanalysis,DK2
0.24796134349198123,0.27843229492117466,0.25474867929355993,0.28455854077537684,24,0,0.19049662055482158,2024-05-05 00:00:00+00:00,q90,reanalysis,DK2
1.8842180874379855,2.0171442194121587,1.8695477223322996,2.0072049654084525,24,15,1.7188715768265352,2024-05-06 00:00:00+00:00,q90,reanalysis,DK2
4.4367295855860567,4.3693221971860279,4.4430496440248746,4.3753351458395802,24,20,4.3891596200693712,2024-05-07 00:00:00+00:00,q90,reanalysis,DK2
5.3233062664514517,5.3609536756341205,5.3398860822427876,5.3770110669967206,24,11,5.3252993799239787,2024-05-08 00:00:00+00:00,q90,reanalysis,DK2
0.63964562254892965,0.68180620544304504,0.6521296682417882,0.69508278876633234,24,0,0.46050682463389842,2024-05-09 00:00:00+00:00,q90,reanalysis,DK2
0.44766129868226673,0.55418335709021926,0.44219441425090855,0.55074756528413626,24,0,0.32505768661959933,2024-05-10 00:00:00+00:00,q90,reanalysis,DK2
0.042323449267775093,0.042172015242615553,0.049612040708341278,0.050841925690982039,24,0,0.021568001389955588,2024-05-11 00:00:00+00:00,q90,reanalysis,DK2
0.0035959704605635452,0.010059781008201124,0.005989097383697085,0.014388589439896097,24,0,0.0029931874164354014,2024-05-12 00:00:00+00:00,q90,reanalysis,DK2
0.0017279252806192257,0.0039480765072698763,0.0017003597282899531,0.0036214956867598215,24,0,0.00080136812110281376,2024-05-13 00:00:00+00:00,q90,reanalysis,DK2
0.00014563258475663288,0.00056363339811141635,0.00022098050346851827,0.00060982282776753376,24,0,6.8887102465767187e-05,2024-05-14 00:00:00+00:00,q90,reanalysis,DK2
0.00030429172577885958,0.0017413582908275733,0.00021269966337050529,0.0012263401494270857,24,0,0.00023988327818849544,2024-05-15 00:00:00+00:00,q90,reanalysis,DK2
0.00014090915782426433,0.00014761355361716489,0.0001053804564527165,0.00010537367719994899,24,0,0.00013260367118648445,2024-05-16 00:00:00+00:00,q90,reanalysis,DK2
0.27650976633364094,0.26765195825581051,0.25828888924618848,0.24808792033291985,24,0,0.24688681034352533,2024-05-17 00:00:00+00:00,q90,reanalysis,DK2
0.0044515706389500675,0.0099341509663666491,0.003456280275568816,0.0079527940552468774,24,0,0.0028389994533612435,2024-05-18 00:00:00+00:00,q90,reanalysis,DK2
0.00026105217303754215,0.0005199724721132497,0.00085826438567301823,0.0015380295215453219,24,0,5.2553003538602039e-05,2024-05-19 00:00:00+00:00,q90,reanalysis,DK2
0.0029353287260706065,0.0068060398927131628,0.0033219772644943794,0.006931769172372087,24,0,0.0015921682816686397,2024-05-20 00:00:00+00:00,q90,reanalysis,DK2
0.0018911477004567784,0.0019654779672834675,0.0016412648695168267,0.0017291553449324142,24,0,0.0011146043118099554,2024-05-21 00:00:00+00:00,q90,reanalysis,DK2
1.5589253854162777,1.5203312576099872,1.5848741304840586,1.5519655280710789,24,2,1.601880141498516,2024-05-22 00:00:00+00:00,q90,reanalysis,DK2
6.4350190255696411,6.6316909009481568,6.4275112563703409,6.6097219687905122,24,16,6.4077345963071846,2024-05-23 00:00:00+00:00,q90,reanalysis,DK2
7.2578504642867161,6.4466633184980724,7.2828236182048558,6.4572689589743053,24,7,7.4380356352380321,2024-05-24 00:00:00+00:00,q90,reanalysis,DK2
0.23075331913845365,0.20178178677518874,0.22103093571673374,0.19170122857839506,24,0,0.15988904057258627,2024-05-25 00:00:00+00:00,q90,reanalysis,DK2
0.14367277956882185,0.12886102542590891,0.13789276243827692,0.12269890423538522,24,0,0.11811997912101528,2024-05-26 00:00:00+00:00,q90,reanalysis,DK2
4.0380892562749464,4.0110536111693351,4.0109505480345815,3.9742676733689639,24,13,3.9994171967327774,2024-05-27 00:00:00+00:00,q90,reanalysis,DK2
2.4518234311804026,2.4756403740473751,2.4764610656055064,2.4964885592667474,24,1,2.3311521184316413,2024-05-28 00:00:00+00:00,q90,reanalysis,DK2
3.1045551896624639,3.270506323697342,3.1815797033141253,3.3332174699934169,24,0,3.1019554961885101,2024-05-29 00:00:00+00:00,q90,reanalysis,DK2
2.1943910890289429,2.3613810868623064,2.1670490647140888,2.3439991787946908,24,5,2.0405639969917173,2024-05-30 00:00:00+00:00,q90,reanalysis,DK2
2.5670118167700497,2.8238309761334031,2.5960859149354465,2.8649699380428673,24,1,2.5054670966918189,2024-05-31 00:00:00+00:00,q90,reanalysis,DK2
9.4293782088545788e-06,8.2920176544938281e-05,0.00012547976441127834,0.00049928346178008682,24,0,2.4122959560782882e-06,2024-06-01 00:00:00+00:00,q90,reanalysis,DK2
0.00025024304926499067,0.00069643368535691368,0.00064870311461913345,0.0017581109629997448,24,0,0.00014813344372171413,2024-06-02 00:00:00+00:00,q90,reanalysis,DK2
6.8859442574222971,6.9086432507291216,6.7956387788192139,6.829604969534679,24,12,7.0743755036115621,2024-06-03 00:00:00+00:00,q90,reanalysis,DK2
1.6152737591469697,1.5774271733843568,1.5473380037158135,1.4957512041734895,24,8,1.6218645380235472,2024-06-04 00:00:00+00:00,q90,reanalysis,DK2
2.9768007039386792,2.8400973116033112,3.0249618800526781,2.884053726146667,24,0,2.9755523816162297,2024-06-05 00:00:00+00:00,q90,reanalysis,DK2
2.0032156102253165,1.8860781483579512,1.9934201019513942,1.8643449796685283,24,4,1.8885147142075345,2024-06-06 00:00:00+00:00,q90,reanalysis,DK2
1.2200718550688896,1.1787043033339779,1.1746468754738542,1.1254865070195879,24,6,1.1830070175303677,2024-06-07 00:00:00+00:00,q90,reanalysis,DK2
7.1071827733707704e-05,0.00014438859736596018,0.00022753639598327799,0.0004392343893236265,24,0,1.3795879635601396e-05,2024-06-08 00:00:00+00:00,q90,reanalysis,DK2
0.0012179506022004178,0.00092252713853243739,0.0011271426266644417,0.00080926944919702001,24,0,0.0004594482485746846,2024-06-09 00:00:00+00:00,q90,reanalysis,DK2
2.5369493105820289,2.4463003693240548,2.5284943448275556,2.4490861496897813,24,3,2.3862555678370683,2024-06-10 00:00:00+00:00,q90,reanalysis,DK2
2.6801198334081859,2.5859548944442876,2.7078072529485624,2.6040167047488176,24,4,2.6197314683406789,2024-06-11 00:00:00+00:00,q90,reanalysis,DK2
1.5158725607133512,1.4162044494756643,1.5149243515258877,1.4138319008971652,24,1,1.4780719755484768,2024-06-12 00:00:00+00:00,q90,reanalysis,DK2
3.3824651032797513,3.3816613725482814,3.3990439963834724,3.4031071934622599,24,2,3.3048816906546117,2024-06-13 00:00:00+00:00,q90,reanalysis,DK2
0.029548970790388509,0.046127421992149718,0.046357513025067174,0.06823070900354887,24,0,0.024692428996400357,2024-06-14 00:00:00+00:00,q90,reanalysis,DK2
8.6857628470945158e-10,2.600932594756199e-08,2.1479643411065599e-08,3.5349801625897348e-07,24,0,3.4392608648948454e-10,2024-06-15 00:00:00+00:00,q90,reanalysis,DK2
0.073091227196819958,0.085142366785418783,0.073286256235086292,0.083337438189255264,24,0,0.055621279300713214,2024-06-16 00:00:00+00:00,q90,reanalysis,DK2
3.7303205566253435,3.6691880178980822,3.7533990910514894,3.6811223308080265,24,11,3.7024247496295302,2024-06-17 00:00:00+00:00,q90,reanalysis,DK2
2.6126266203259214,2.5829253670960828,2.5505100458801775,2.505138452286543,24,15,2.5652374987692461,2024-06-18 00:00:00+00:00,q90,reanalysis,DK2
3.3821062716099264,3.2754436367328137,3.3946643321944943,3.2890349575200317,24,6,3.3722706399871529,2024-06-19 00:00:00+00:00,q90,reanalysis,DK2
4.537728786280268,4.8930250113222851,4.6077894737261929,4.9833205729922376,24,12,4.6125209072686042,2024-06-20 00:00:00+00:00,q90,reanalysis,DK2
1.8203026082058962,1.8801824741936108,1.8489766919751496,1.9024508358499821,24,11,1.7561312215058946,2024-06-21 00:00:00+00:00,q90,reanalysis,DK2
0.0050445328735373154,0.010252770144525287,0.0065020363789419118,0.01239895444530751,24,0,0.0028897502521641025,2024-06-22 00:00:00+00:00,q90,reanalysis,DK2
1.1339194385246583,1.1040808964796271,1.1151282515942904,1.0872435887293084,24,1,1.1158049080142738,2024-06-23 00:00:00+00:00,q90,reanalysis,DK2
4.370134083594623,4.3060906602991107,4.3208440750266632,4.2630644817040713,24,5,4.4075019040048797,2024-06-24 00:00:00+00:00,q90,reanalysis,DK2
3.524882765692968,2.9242964131948987,3.5217994714071148,2.9078002115636838,24,2,3.6081959296086139,2024-06-25 00:00:00+00:00,q90,reanalysis,DK2
4.3608684246384106,4.1196061539792197,4.3878373698828614,4.1475856025663971,24,6,4.3328891364048507,2024-06-26 00:00:00+00:00,q90,reanalysis,DK2
3.5696020004018614,3.9589400365451342,3.6012256100526772,4.0032222316421677,24,10,3.5985614917799964,2024-06-27 00:00:00+00:00,q90,reanalysis,DK2
6.7495399325428007,6.6693544199023682,6.7631156451501617,6.6902764474685474,24,9,6.8754669867509444,2024-06-28 00:00:00+00:00,q90,reanalysis,DK2
0.018843686910317011,0.025324040360830267,0.022507035531836285,0.030803329499304352,24,0,0.012102844354401125,2024-06-29 00:00:00+00:00,q90,reanalysis,DK2
0.037865789434160475,0.039286021123195292,0.040175757739000895,0.040996730264352438,24,0,0.028731764745837791,2024-06-30 00:00:00+00:00,q90,reanalysis,DK2
0.41958200543040891,0.49307464225086678,0.42008074644170912,0.50679654312569877,24,0,0.33022562996428884,2024-07-01 00:00:00+00:00,q90,reanalysis,DK2
0.95574240417777778,0.95816101642080431,0.94157618588318936,0.94498820032167263,24,1,0.95847151007864229,2024-07-02 00:00:00+00:00,q90,reanalysis,DK2
0.86464618351622735,0.86951330138630589,0.85620293058954977,0.86246592192728677,24,1,0.86447960929974121,2024-07-03 00:00:00+00:00,q90,reanalysis,DK2
6.1485477967997571e-10,2.9096696319336577e-09,2.4804223484100313e-07,1.0579114278219471e-06,24,0,8.6615593453333093e-11,2024-07-04 00:00:00+00:00,q90,reanalysis,DK2
0.00010924736604424882,7.6634905520576516e-05,0.0002544690355243318,0.00019884077820009878,24,0,5.9410068188869592e-05,2024-07-05 00:00:00+00:00,q90,reanalysis,DK2
7.5671856104900517e-10,2.8168204398833427e-08,3.8127724414692694e-08,5.271682825147282e-07,24,0,4.4370934426264333e-10,2024-07-06 00:00:00+00:00,q90,reanalysis,DK2
0.10450216254045455,0.074837579467221207,0.10834309711691037,0.079253105422077558,24,0,0.073189321904642224,2024-07-07 00:00:00+00:00,q90,reanalysis,DK2
2.3240913667741561,2.0648277202776497,2.3001787375873097,2.0310910139310181,24,3,2.0820768077846257,2024-07-08 00:00:00+00:00,q90,reanalysis,DK2
4.1453067678764413,3.7723605813428973,4.210672931677383,3.8489645153105014,24,0,4.2961573632688177,2024-07-09 00:00:00+00:00,q90,reanalysis,DK2
0.97666041740587217,1.0370294697713651,0.97642953389663578,1.0299737910355531,24,4,0.90878525000126265,2024-07-10 00:00:00+00:00,q90,reanalysis,DK2
4.1818057948614786,4.517451737413503,4.1986333155465152,4.5555295898411892,24,19,4.1201978030546975,2024-07-11 00:00:00+00:00,q90,reanalysis,DK2
4.6168573352493008,4.5256521922951061,4.6132059820192195,4.5250285177611014,24,4,4.5630195299723315,2024-07-12 00:00:00+00:00,q90,reanalysis,DK2
2.1091750959875354e-05,9.6408053696700273e-05,0.0001163475936882563,0.00033808992759566903,24,0,6.2988755337513254e-05,2024-07-13 00:00:00+00:00,q90,reanalysis,DK2
0.29851416574569156,0.27344285047031719,0.29895541108610568,0.27220366268687601,24,0,0.25405548309568776,2024-07-14 00:00:00+00:00,q90,reanalysis,DK2
2.2926678591403697,2.2030771368465767,2.2445443325082861,2.1457842256009565,24,0,2.0203707021847315,2024-07-15 00:00:00+00:00,q90,reanalysis,DK2
0.08694739085299559,0.10241377639223284,0.098894814312757373,0.1125214968257949,24,0,0.078250003212606944,2024-07-16 00:00:00+00:00,q90,reanalysis,DK2
0.99658186539853233,1.0856951090925118,0.97429948967911983,1.0620286007284947,24,5,1.0468737428544812,2024-07-17 00:00:00+00:00,q90,reanalysis,DK2
1.9627779272848933,2.0079225463446271,1.9368233161491017,1.9758098610819934,24,13,1.8422278246280535,2024-07-18 00:00:00+00:00,q90,reanalysis,DK2
5.2452889446134812,4.7703690579831228,5.2249489084667529,4.723037647725338,24,10,5.2190275730262936,2024-07-19 00:00:00+00:00,q90,reanalysis,DK2
1.5866256773053335,1.6187428630760528,1.6020533175512621,1.6253247020553676,24,2,1.6840408116544763,2024-07-20 00:00:00+00:00,q90,reanalysis,DK2
4.9199065964056687e-05,6.5129066333545488e-05,0.00019231677986082302,0.00020113112039741752,24,0,1.8132502619601726e-05,2024-07-21 00:00:00+00:00,q90,reanalysis,DK2
0.99065418988133047,1.0073953540030514,0.96155297046931343,0.98025240756225285,24,1,0.99681739874840758,2024-07-22 00:00:00+00:00,q90,reanalysis,DK2
0.23213648296749384,0.23375736165123648,0.24038277008230116,0.24290157434312165,24,0,0.21054484024700826,2024-07-23 00:00:00+00:00,q90,reanalysis,DK2
1.6174536254951866,1.7493996283279489,1.6096167237664911,1.7485352996216497,24,4,1.7086772359804741,2024-07-24 00:00:00+00:00,q90,reanalysis,DK2
2.8752861557614282,2.8424944174713991,2.8581877392488839,2.8244763025406865,24,9,3.0145193765952727,2024-07-25 00:00:00+00:00,q90,reanalysis,DK2
5.4612075728013654,5.4300404609664161,5.4475966437648538,5.4065633289383488,24,10,5.4760394607767537,2024-07-26 00:00:00+00:00,q90,reanalysis,DK2
2.7645402692344505,2.770806189110663,2.7478472172483923,2.7549783720914771,24,4,2.9288357248696375,2024-07-27 00:00:00+00:00,q90,reanalysis,DK2
0.0015715790257736289,0.0018935919941661197,0.002499816522069459,0.0030768142409603274,24,0,0.00060836287326506908,2024-07-28 00:00:00+00:00,q90,reanalysis,DK2
1.2148486994380037,1.3041657168400755,1.2006659808854585,1.2879562724743274,24,6,1.2810251666538173,2024-07-29 00:00:00+00:00,q90,reanalysis,DK2
2.7821477251842133,2.4112968208697105,2.7078885893813038,2.3285037944095599,24,11,2.7770664118851811,2024-07-30 00:00:00+00:00,q90,reanalysis,DK2
2.5518361326941927,2.6293113115116453,2.4845586565156976,2.565225227019535,24,12,2.5291681267371438,2024-07-31 00:00:00+00:00,q90,reanalysis,DK2
7.2275683385160576,7.3423451239179167,7.3155333557286752,7.401069829182032,24,20,7.7521147261445833,2024-08-01 00:00:00+00:00,q90,reanalysis,DK2
4.4670925221706597,4.3734369643110469,4.4533987558221551,4.3296292258671851,24,11,4.291143600582477,2024-08-02 00:00:00+00:00,q90,reanalysis,DK2
0.056175290484605823,0.034677974918622345,0.058703018417109565,0.038576760589491992,24,0,0.03475823408862988,2024-08-03 00:00:00+00:00,q90,reanalysis,DK2
0.053453365878244494,0.043109807147232629,0.052796577543623616,0.042760723083353179,24,0,0.036491998705897533,2024-08-04 00:00:00+00:00,q90,reanalysis,DK2
1.8755236070778039,1.9292663946197044,1.893990311964759,1.9483388631514083,24,8,1.7814536165873243,2024-08-05 00:00:00+00:00,q90,reanalysis,DK2
3.2129236125956453,3.0769967180985116,3.2021735750670643,3.0632483323556139,24,9,3.1226327786396393,2024-08-06 00:00:00+00:00,q90,reanalysis,DK2
4.025873487042853,4.388611769033405,4.038844931732867,4.4180004297106059,24,9,4.1433740798113092,2024-08-07 00:00:00+00:00,q90,reanalysis,DK2
6.2048877025666886,6.530168910769409,6.2542788897438228,6.5778050418265552,24,10,6.4746711187580939,2024-08-08 00:00:00+00:00,q90,reanalysis,DK2
6.3499265961881339e-05,0.00014283820771958511,0.00037527151932043962,0.00061794363281227158,24,0,4.7270606385052685e-05,2024-08-09 00:00:00+00:00,q90,reanalysis,DK2
6.6136716073067028e-08,4.2673844277212462e-07,7.6845834325320466e-08,4.107961214329132e-07,24,0,3.7899276319419522e-08,2024-08-10 00:00:00+00:00,q90,reanalysis,DK2
0.015752092157218265,0.012961259565497674,0.017804735464090247,0.015336224298180059,24,0,0.0098065316235333277,2024-08-11 00:00:00+00:00,q90,reanalysis,DK2
1.8093215434840477,2.0097497301975009,1.8171160711711314,2.0366197857172184,24,5,1.6694729022115704,2024-08-12 00:00:00+00:00,q90,reanalysis,DK2
1.2731149039626619,1.2126854692309974,1.250027786605783,1.1895169043799225,24,1,1.2296005274036785,2024-08-13 00:00:00+00:00,q90,reanalysis,DK2
2.1676014820910354,2.2328150210600621,2.1564312675698112,2.2201854099355551,24,3,2.1746344136579285,2024-08-14 00:00:00+00:00,q90,reanalysis,DK2
4.664089567874111,4.7318167756537788,4.5762949824016657,4.6386076431277328,24,5,4.7762171106830049,2024-08-15 00:00:00+00:00,q90,reanalysis,DK2
1.9418939911509712,2.0667982122992603,1.946460435041069,2.0651090493656747,24,4,1.9465986984501025,2024-08-16 00:00:00+00:00,q90,reanalysis,DK2
3.5655539819257944,3.6553425742535444,3.5815069243651041,3.6552146940027539,24,4,3.6412592140031501,2024-08-17 00:00:00+00:00,q90,reanalysis,DK2
1.8110996406390358,1.5136638708452761,1.8427626093012464,1.5348783240554069,24,0,1.6510358572280939,2024-08-18 00:00:00+00:00,q90,reanalysis,DK2
3.0748291938790553,2.9956103876109523,3.0650039584535724,3.0109354780201647,24,5,2.8548114964221982,2024-08-19 00:00:00+00:00,q90,reanalysis,DK2
0.080009486029195706,0.06025547600652971,0.097809807920933314,0.078899442876810763,24,0,0.054981642574451796,2024-08-20 00:00:00+00:00,q90,reanalysis,DK2
0.0081213930212719696,0.012036168807649591,0.010827221296891119,0.015393486937281226,24,0,0.0066851358376421423,2024-08-21 00:00:00+00:00,q90,reanalysis,DK2
4.3562778230007698e-06,2.4131722470502995e-05,1.8957150782737816e-05,8.5367557805308858e-05,24,0,3.3215326584206348e-06,2024-08-22 00:00:00+00:00,q90,reanalysis,DK2
0.00029602360745161529,0.00046206309395209987,0.00028780611386159126,0.00053005961453396716,24,0,0.00026010696887617923,2024-08-23 00:00:00+00:00,q90,reanalysis,DK2
7.2531704571770284e-06,2.1598770649254107e-05,6.42930971252518e-05,0.00012846666749798658,24,0,1.5834097079311089e-06,2024-08-24 00:00:00+00:00,q90,reanalysis,DK2
0.041721356097128418,0.0290432784921195,0.04507579236372334,0.032145627670109797,24,0,0.02584540418961434,2024-08-25 00:00:00+00:00,q90,reanalysis,DK2
1.0907717981860197,1.1114659164360909,1.0929209906606749,1.1087620153048323,24,7,1.0691398302785484,2024-08-26 00:00:00+00:00,q90,reanalysis,DK2
6.2232812979595851,5.8827339112266239,6.2506069978815617,5.9145704273724542,24,6,6.1458154020509808,2024-08-27 00:00:00+00:00,q90,reanalysis,DK2
3.3152729201800142,3.2265141540397453,3.2970167569657223,3.2023076766966279,24,3,3.2332198511037671,2024-08-28 00:00:00+00:00,q90,reanalysis,DK2
4.2610185909632667,4.5443787465928409,4.2360281631451349,4.5334035704585185,24,13,4.3005582230942867,2024-08-29 00:00:00+00:00,q90,reanalysis,DK2
4.6244591970131737,4.8341001431563981,4.6804829356133189,4.8842229565145505,24,9,5.0205063957915419,2024-08-30 00:00:00+00:00,q90,reanalysis,DK2
0.043705227589482212,0.031735540430327953,0.044615127538634385,0.033553115770628333,24,0,0.037379680703653932,2024-08-31 00:00:00+00:00,q90,reanalysis,DK2
0.081660462979161269,0.060769049664762001,0.084838403875764024,0.063454083837139047,24,0,0.081574652926385882,2024-09-01 00:00:00+00:00,q90,reanalysis,DK2
5.5044295160513688,5.4663860997389708,5.485038088700346,5.4541910623677756,24,7,5.5539697171539819,2024-09-02 00:00:00+00:00,q90,reanalysis,DK2
5.6157049339569038,5.7989108424382243,5.636525090525093,5.8287147909110075,24,18,5.8326870628466327,2024-09-03 00:00:00+00:00,q90,reanalysis,DK2
3.7881451342551538,3.8721750104895505,3.8078670301490547,3.8831091359104,24,22,3.8513499118477128,2024-09-04 00:00:00+00:00,q90,reanalysis,DK2
0.029101449754498396,0.053939111453276629,0.027979207221269054,0.050140363326600886,24,0,0.024021119962832949,2024-09-05 00:00:00+00:00,q90,reanalysis,DK2
0.023583181915951948,0.034724933298463656,0.020045016178185347,0.029785590818149008,24,0,0.021061933170923121,2024-09-06 00:00:00+00:00,q90,reanalysis,DK2
0.0023369286796310466,0.0038398556373879528,0.0045649413511264563,0.0065073588997283062,24,0,0.0012628581483549739,2024-09-07 00:00:00+00:00,q90,reanalysis,DK2
0.016742098791728929,0.017660717805422867,0.018903986339771559,0.019424277625412191,24,0,0.0081783683388495839,2024-09-08 00:00:00+00:00,q90,reanalysis,DK2
2.1001928153470275,2.0969564005619699,2.1041228025551844,2.0997681211836716,24,4,2.1109146143230162,2024-09-09 00:00:00+00:00,q90,reanalysis,DK2
9.7437988332994805e-07,5.6842619247242982e-06,1.4243873737367226e-05,5.8769834430435229e-05,24,0,3.195086032647312e-07,2024-09-10 00:00:00+00:00,q90,reanalysis,DK2
2.3821688559811167,2.3657976642381198,2.3736918064697377,2.3652196899742588,24,0,2.379749087455207,2024-09-11 00:00:00+00:00,q90,reanalysis,DK2
3.0980334818394386,3.1116154680784871,3.0924479817122985,3.1082879800234338,24,11,3.0284864823935549,2024-09-12 00:00:00+00:00,q90,reanalysis,DK2
5.6662232934474757,5.5984133499831339,5.699104755536335,5.6296964132392473,24,2,5.7478016386244155,2024-09-13 00:00:00+00:00,q90,reanalysis,DK2
0.0011202695781376197,0.0017799768850067454,0.0015749315321175429,0.0025808704822207333,24,0,0.00034607801607940153,2024-09-14 00:00:00+00:00,q90,reanalysis,DK2
0.54811092550242679,0.50335371685529173,0.55167920383215829,0.50679434314959493,24,0,0.47682359412733977,2024-09-15 00:00:00+00:00,q90,reanalysis,DK2
2.5388973457932664,2.3776198657430658,2.534759262598274,2.3740367625383789,24,3,2.4125041093034914,2024-09-16 00:00:00+00:00,q90,reanalysis,DK2
0.8858147640955506,0.87887888982282103,0.87540311624412004,0.87186382479598856,24,1,0.90399783242708853,2024-09-17 00:00:00+00:00,q90,reanalysis,DK2
0.86686755746510069,0.86143076555918408,0.86039682023027464,0.85812602820922002,24,1,0.87853895017750983,2024-09-18 00:00:00+00:00,q90,reanalysis,DK2
0.0091400785252253435,0.014125928104719264,0.014330876108168798,0.01998709113316274,24,0,0.0044310426214404152,2024-09-19 00:00:00+00:00,q90,reanalysis,DK2
0.33466435342081696,0.41548059080152333,0.33271786010899057,0.41708722013754651,24,0,0.2320029669970631,2024-09-20 00:00:00+00:00,q90,reanalysis,DK2
0.0025258716809201053,0.0041264975312580252,0.0052456974873785573,0.0072260564442728744,24,0,0.00058968028940403349,2024-09-21 00:00:00+00:00,q90,reanalysis,DK2
0.49197035198244943,0.34431224738345934,0.50225809745355054,0.34871228235321816,24,0,0.37877972728427839,2024-09-22 00:00:00+00:00,q90,reanalysis,DK2
4.7563554888969062,4.4825517436745308,4.7958463378552478,4.5054346416549729,24,11,4.7016155011677343,2024-09-23 00:00:00+00:00,q90,reanalysis,DK2
2.7205407563599278,2.8252188160851035,2.668930965971851,2.7810903211768707,24,6,2.6081566974114812,2024-09-24 00:00:00+00:00,q90,reanalysis,DK2
0.042502524746760181,0.054210842256248296,0.046223020151792679,0.059793540642146162,24,0,0.027737630533835801,2024-09-25 00:00:00+00:00,q90,reanalysis,DK2
0.01370873283405716,0.016431156690448426,0.017309799383213909,0.019426030322413947,24,0,0.0095664847028966195,2024-09-26 00:00:00+00:00,q90,reanalysis,DK2
2.1955877615105763e-08,3.2808892670343924e-08,1.2363667677597472e-07,3.8133269332721954e-07,24,0,3.3548581156914181e-09,2024-09-27 00:00:00+00:00,q90,reanalysis,DK2
6.1460692855919331e-07,6.9913962265201606e-07,4.1131135927653619e-07,6.0561534801126443e-07,24,0,3.0487327226979922e-07,2024-09-28 00:00:00+00:00,q90,reanalysis,DK2
0.00038828889254231711,0.00040934311910072527,0.00036164274108618186,0.00041014436705834746,24,0,0.00010827217597297993,2024-09-29 00:00:00+00:00,q90,reanalysis,DK2
7.5101063868296068e-10,1.7262664934562029e-09,3.4101133757449719e-08,8.4224554292602421e-08,24,0,6.7220106515285194e-11,2024-09-30 00:00:00+00:00,q90,reanalysis,DK2
6.2424463415948885e-09,5.5677606371651492e-08,1.9402873665713456e-07,9.5884146365495382e-07,24,0,9.3404218659433265e-10,2024-10-01 00:00:00+00:00,q90,reanalysis,DK2
0.027678320618606412,0.03959860748199593,0.031602884673911438,0.043954395112145037,24,0,0.012691773220320572,2024-10-02 00:00:00+00:00,q90,reanalysis,DK2
0.0011341913562036333,0.0028498801075365916,0.003187096606918328,0.0064736626381283347,24,0,0.00034397140236103489,2024-10-03 00:00:00+00:00,q90,reanalysis,DK2
5.4528551141027579,5.5287481121419191,5.5501792855459113,5.627425778587515,24,10,5.4541265244181698,2024-10-04 00:00:00+00:00,q90,reanalysis,DK2
1.5030062042050512,1.3951796494736208,1.5168007219842865,1.3959983938239751,24,0,1.6979058594132017,2024-10-05 00:00:00+00:00,q90,reanalysis,DK2
0.00013282591633845665,0.00011052483234155614,9.6713206640262295e-05,8.6842446873327912e-05,24,0,8.8714895866004255e-05,2024-10-06 00:00:00+00:00,q90,reanalysis,DK2
0.86591212190900002,0.83013739049209101,0.84771164072034277,0.81763858715184112,24,1,0.8991162796483958,2024-10-07 00:00:00+00:00,q90,reanalysis,DK2
0.041896119209346952,0.064833506344059502,0.05030555696471524,0.073928608807609902,24,0,0.02570026997833252,2024-10-08 00:00:00+00:00,q90,reanalysis,DK2
0.05260588435640743,0.088230918440861644,0.071611365513627859,0.11055355307416957,24,0,0.031656835337731414,2024-10-09 00:00:00+00:00,q90,reanalysis,DK2
0.00023484928152488809,0.00064165053933113619,0.00051465551777279506,0.0012124122714903833,24,0,8.4323142572775918e-05,2024-10-10 00:00:00+00:00,q90,reanalysis,DK2
0.099744906939881334,0.14290505283086907,0.098410835195759022,0.139590202543947,24,0,0.06005040552485276,2024-10-11 00:00:00+00:00,q90,reanalysis,DK2
0.00018977623420997464,0.00052363289225026846,0.00050683360397038362,0.0011703738300647725,24,0,3.2213886945400769e-05,2024-10-12 00:00:00+00:00,q90,reanalysis,DK2
3.1449415781518038e-07,1.8027797290832379e-06,6.6398670280398724e-06,2.1898043786635358e-05,24,0,2.013349644307705e-08,2024-10-13 00:00:00+00:00,q90,reanalysis,DK2
3.9454492655225271,3.9475176533005389,3.9889855008691328,3.9969468316173318,24,4,3.877266468779526,2024-10-14 00:00:00+00:00,q90,reanalysis,DK2
2.8525160075421407,3.4260178413940401,2.8770426069287813,3.4808677515487791,24,0,2.7928633565383816,2024-10-15 00:00:00+00:00,q90,reanalysis,DK2
1.9838284566320457e-10,3.0452038689467483e-09,6.3467662817512434e-08,3.5316529940633338e-07,24,0,5.4422320213627005e-12,2024-10-16 00:00:00+00:00,q90,reanalysis,DK2
0.004965695501272684,0.01007510707850524,0.005821348670336084,0.0111988385492022,24,0,0.0024476314279287042,2024-10-17 00:00:00+00:00,q90,reanalysis,DK2
2.963637101786686,2.8933752957799319,2.959889640107396,2.896780589984409,24,8,2.8725685857987537,2024-10-18 00:00:00+00:00,q90,reanalysis,DK2
0.0051606837069173329,0.010084658376839226,0.0074060355093768281,0.012829600435171807,24,0,0.0016559288620782253,2024-10-19 00:00:00+00:00,q90,reanalysis,DK2
3.5164890278491081e-08,5.3348165143191891e-08,8.7368132530131724e-08,8.785436247672796e-08,24,0,9.9567437078936581e-10,2024-10-20 00:00:00+00:00,q90,reanalysis,DK2
0.16046374839286601,0.25830119748977931,0.17412366034432147,0.27104823125366673,24,0,0.095234401845968666,2024-10-21 00:00:00+00:00,q90,reanalysis,DK2
1.4984638074862029,1.7301465735342134,1.4808658733987821,1.6993775843098811,24,0,1.524447716864753,2024-10-22 00:00:00+00:00,q90,reanalysis,DK2
1.7202735890235445,1.8781816221227179,1.7384420960856843,1.8874134486659626,24,2,1.5514864172727474,2024-10-23 00:00:00+00:00,q90,reanalysis,DK2
0.7831274359947511,0.77401648568844561,0.78082075832978703,0.7710719373187036,24,1,0.79876989193401149,2024-10-24 00:00:00+00:00,q90,reanalysis,DK2
0.093972374829830924,0.11735150199454304,0.09191214139365865,0.11239092875988047,24,0,0.058852085560146615,2024-10-25 00:00:00+00:00,q90,reanalysis,DK2
0.026081744696991919,0.02487138687086304,0.021440250850956345,0.020303843336220633,24,0,0.018246907626186876,2024-10-26 00:00:00+00:00,q90,reanalysis,DK2
0,0,0,0,0,0,0,2024-10-27 00:00:00+00:00,q90,reanalysis,DK2
0.56539227675691361,0.74285490019673173,0.58996178869708904,0.76456260655607111,24,0,0.37213764990557374,2024-10-28 00:00:00+00:00,q90,reanalysis,DK2
0.88840753216583912,1.0767792032740953,0.85935465334950156,1.0443805132154835,24,0,0.74749679646383904,2024-10-29 00:00:00+00:00,q90,reanalysis,DK2
0.016428247908183907,0.040016289808574884,0.019801070598739267,0.044928771374413375,24,0,0.0030506095041061606,2024-10-30 00:00:00+00:00,q90,reanalysis,DK2
0.0039303476624664418,0.012181799677614137,0.0041908383890224216,0.012830326484878116,24,0,0.0012872419320336976,2024-10-31 00:00:00+00:00,q90,reanalysis,DK2
1.0668946636485294e-06,9.7273934665334385e-06,1.1851842683157268e-05,5.7075935903486551e-05,24,0,8.2666839637703865e-09,2024-11-01 00:00:00+00:00,q90,reanalysis,DK2
0.0029077847273040326,0.0031130219346813268,0.0026292779198702357,0.002722365320090655,24,0,0.00089507894172584823,2024-11-02 00:00:00+00:00,q90,reanalysis,DK2
0.00034606618153011149,0.0012281765083372255,0.00030846179630093188,0.0011183198733711304,24,0,6.8580640137575906e-05,2024-11-03 00:00:00+00:00,q90,reanalysis,DK2
4.9119694636572158,4.6763208721509715,4.9040178283069178,4.6602149515122715,24,11,4.8442515971307794,2024-11-04 00:00:00+00:00,q90,reanalysis,DK2
4.701640415770691,4.4478306320084089,4.6663322373209528,4.4254359362138302,24,17,4.2169521477699163,2024-11-05 00:00:00+00:00,q90,reanalysis,DK2
3.4162865297682883,2.9676683403763495,3.3803874627375414,2.9331018807770106,24,23,3.2033393356810747,2024-11-06 00:00:00+00:00,q90,reanalysis,DK2
8.4996344233073664,7.7997470039545655,8.5560315345900957,7.8362940824638221,24,21,8.7572253847049524,2024-11-07 00:00:00+00:00,q90,reanalysis,DK2
5.6515676341106849,5.4336165650857211,5.6637595731360966,5.4535403410477556,24,8,5.9804084541417319,2024-11-08 00:00:00+00:00,q90,reanalysis,DK2
0.023986777025575789,0.035137425330717953,0.028124234378397037,0.038202102869401094,24,0,0.0071093122027423329,2024-11-09 00:00:00+00:00,q90,reanalysis,DK2
0,0,0,0,0,0,0,2024-11-10 00:00:00+00:00,q90,reanalysis,DK2
4.4943816188730787,4.2581632101093065,4.5340793960252306,4.2931682025737681,24,9,4.6333033306181486,2024-11-11 00:00:00+00:00,q90,reanalysis,DK2
11.719568751916647,10.993326951092937,11.947081037390289,11.205236926124606,24,21,12.31037194614186,2024-11-12 00:00:00+00:00,q90,reanalysis,DK2
3.7124929069115091,3.5498597696536898,3.6547500030238704,3.502229218888854,24,18,3.7858893370959237,2024-11-13 00:00:00+00:00,q90,reanalysis,DK2
2.5191313948147553,2.564274525528933,2.5440139524774246,2.5883235836508978,24,3,2.5543930097088556,2024-11-14 00:00:00+00:00,q90,reanalysis,DK2
2.5586524885301931,2.4734395927082868,2.5412782237809561,2.4623117669754508,24,3,2.7172854475406085,2024-11-15 00:00:00+00:00,q90,reanalysis,DK2
1.1289539973116483e-09,8.9351334324617318e-09,7.5760762465973196e-09,2.1755529611671097e-08,24,0,1.1612039488596596e-10,2024-11-16 00:00:00+00:00,q90,reanalysis,DK2
0,0,0,0,0,0,0,2024-11-17 00:00:00+00:00,q90,reanalysis,DK2
8.8392499143731234e-05,0.0002281886984484394,0.00038469409163031514,0.00071236339373190064,24,0,1.5832060455914634e-05,2024-11-18 00:00:00+00:00,q90,reanalysis,DK2
0.0038105713969161016,0.0067843078212843572,0.0033697630310190133,0.0060033160273742642,24,0,0.0020326121808928841,2024-11-19 00:00:00+00:00,q90,reanalysis,DK2
0.88085661146379479,0.89384650780877817,0.89544367870833386,0.9080120894768946,24,1,0.8845218298071279,2024-11-20 00:00:00+00:00,q90,reanalysis,DK2
6.2668895495766259,6.0226755400313259,6.2394356845983676,6.0065902490228007,24,12,6.1912595733774038,2024-11-21 00:00:00+00:00,q90,reanalysis,DK2
2.5208947661259766,2.5218719073096172,2.5071975836107696,2.5091047677987754,24,5,2.5688681028805944,2024-11-22 00:00:00+00:00,q90,reanalysis,DK2
1.3629293718243795e-10,2.8481621436892928e-10,1.9595632034389035e-08,9.3644495964606186e-08,24,0,3.6696187388878372e-11,2024-11-23 00:00:00+00:00,q90,reanalysis,DK2
2.671732759395966e-17,1.1149419569128638e-16,2.7422990073595592e-12,5.4507198794551245e-12,24,0,3.3487927700397665e-21,2024-11-24 00:00:00+00:00,q90,reanalysis,DK2
7.0430826456200026e-10,1.3435420882148826e-08,1.8443512718561275e-07,8.8314157759356258e-07,24,0,2.8462000957230374e-12,2024-11-25 00:00:00+00:00,q90,reanalysis,DK2
0.0013441038012268478,0.0027637583848911197,0.002759784405707896,0.0049049027521302887,24,0,7.5947507018003777e-05,2024-11-26 00:00:00+00:00,q90,reanalysis,DK2
0.011439505196355299,0.015402433801169752,0.014942709870567771,0.020055535158464123,24,0,0.0040788862492745119,2024-11-27 00:00:00+00:00,q90,reanalysis,DK2
0.084115231879193633,0.10875574747834352,0.079905423336087175,0.10104070892917449,24,0,0.041114715454870596,2024-11-28 00:00:00+00:00,q90,reanalysis,DK2
4.2298869999719884,4.3192726654211295,4.2450726102911069,4.3439142156831396,24,7,4.131522876204575,2024-11-29 00:00:00+00:00,q90,reanalysis,DK2
0.0011037084574585666,0.0027426715235088304,0.0024275996461927468,0.0048666669137653606,24,0,8.1349589626450349e-05,2024-11-30 00:00:00+00:00,q90,reanalysis,DK2
2.3875827352561127e-05,7.4345663603714386e-05,0.00018370989546138327,0.00041401521814616514,24,0,1.1823577522780446e-05,2024-12-01 00:00:00+00:00,q90,reanalysis,DK2
0.00033201530997406715,0.00085692526485257881,0.00078093775015152986,0.0015059139132074274,24,0,2.8817612120594892e-05,2024-12-02 00:00:00+00:00,q90,reanalysis,DK2
3.0414235206387752,3.1488440748940434,3.0735458805674702,3.186669172342095,24,4,2.7763499394732976,2024-12-03 00:00:00+00:00,q90,reanalysis,DK2
7.9135564534665201,7.8542062236496406,8.0350679946240398,7.9676555636626203,24,5,7.5676705101988615,2024-12-04 00:00:00+00:00,q90,reanalysis,DK2
0.86629252938146084,0.87330044375108273,0.87498195005230472,0.88402848227681974,24,2,0.87872584388936537,2024-12-05 00:00:00+00:00,q90,reanalysis,DK2
0.010751729163147164,0.021581552993615118,0.011385461283656598,0.024501133603003343,24,0,0.0032780222368639675,2024-12-06 00:00:00+00:00,q90,reanalysis,DK2
2.5534301691991433e-08,1.8554837726173607e-07,2.7693776932014176e-07,1.5611487157565344e-06,24,0,1.0061582689683431e-09,2024-12-07 00:00:00+00:00,q90,reanalysis,DK2
1.977496743206149e-06,2.723358758270088e-06,2.5672556191803996e-05,2.4731800875095209e-05,24,0,9.5573043952420564e-08,2024-12-08 00:00:00+00:00,q90,reanalysis,DK2
0.00020653219247770038,0.00077378825960119435,0.00057740449686598922,0.0016160616133099985,24,0,1.0530276207199718e-05,2024-12-09 00:00:00+00:00,q90,reanalysis,DK2
7.2114801217957414,6.8330688477394332,7.3667584720424131,6.9695536812785228,24,12,7.272648302464729,2024-12-10 00:00:00+00:00,q90,reanalysis,DK2
1.8042406145983254,1.7768095198105986,1.7564129739012306,1.7274083337696071,24,24,1.4453037857392044,2024-12-11 00:00:00+00:00,q90,reanalysis,DK2
0.47460524950609562,0.47718095527178717,0.47666372090887277,0.48314376415017068,24,24,0.31959974514988976,2024-12-12 00:00:00+00:00,q90,reanalysis,DK2
2.1301373943836932,2.0880057670210062,2.1254747574289055,2.0858000974378514,24,19,1.9750076055298322,2024-12-13 00:00:00+00:00,q90,reanalysis,DK2
0.09177561233427256,0.10661048060838396,0.090886821193156414,0.10445521693102391,24,0,0.055609496038023384,2024-12-14 00:00:00+00:00,q90,reanalysis,DK2
2.9747922148913513e-07,9.1482125962999192e-07,5.1827605823082989e-06,7.2817298190225844e-06,24,0,4.7272838941324682e-09,2024-12-15 00:00:00+00:00,q90,reanalysis,DK2
1.2937654503452339e-11,3.6986413191883764e-10,5.1007189119517168e-10,5.7518400328849617e-09,24,0,4.4933914610275189e-15,2024-12-16 00:00:00+00:00,q90,reanalysis,DK2
8.6209640023077804e-05,0.00033958755850559277,0.00033662764881919096,0.00093508762612480026,24,0,3.0318406195985224e-06,2024-12-17 00:00:00+00:00,q90,reanalysis,DK2
2.7333019914336011e-10,5.2209977462497982e-09,3.2188744470162455e-08,2.4667869039359217e-07,24,0,7.6841609183494939e-13,2024-12-18 00:00:00+00:00,q90,reanalysis,DK2
5.6549739270669046e-06,2.034612926399603e-05,2.8973697870734937e-05,0.00010018793152469429,24,0,2.3522462712215717e-07,2024-12-19 00:00:00+00:00,q90,reanalysis,DK2
0.0001964844569958041,0.00061712796875247914,0.00034276983935437603,0.00088057811678709727,24,0,9.9103861987267917e-06,2024-12-20 00:00:00+00:00,q90,reanalysis,DK2
1.469305365883499e-13,9.3147676269305537e-12,2.089327079008517e-11,3.916852000527662e-10,24,0,1.2215190497676392e-18,2024-12-21 00:00:00+00:00,q90,reanalysis,DK2
5.438096229533618e-10,3.2197499061021351e-09,6.1535795591515652e-08,2.7914753919211711e-07,24,0,5.6038828149875556e-12,2024-12-22 00:00:00+00:00,q90,reanalysis,DK2
0.11290647004602225,0.17481423733442009,0.11398739990215981,0.17600933165924149,24,0,0.10041793964298346,2024-12-23 00:00:00+00:00,q90,reanalysis,DK2
1.9402661007914479,2.3896211515560424,1.9468068365543163,2.4189746884868111,24,0,1.8154821146910263,2024-12-24 00:00:00+00:00,q90,reanalysis,DK2
0.032570925761347624,0.05452059489418231,0.043831355793994352,0.06802681875911093,24,0,0.0067179400277704833,2024-12-25 00:00:00+00:00,q90,reanalysis,DK2
0.037096427598762215,0.064964166446600677,0.045115749545186934,0.074766613560335607,24,0,0.0090369733517835921,2024-12-26 00:00:00+00:00,q90,reanalysis,DK2
4.2847768114484417,4.9953842558879931,4.3505913377385941,5.0825524165869673,24,0,4.4862751026852248,2024-12-27 00:00:00+00:00,q90,reanalysis,DK2
2.5689634198400202,2.7874453137891031,2.6092537873738846,2.8060780395837703,24,3,2.1685363935523516,2024-12-28 00:00:00+00:00,q90,reanalysis,DK2
0.0077046530442475124,0.013180256614308626,0.01022386677004012,0.017423695085436355,24,0,0.0015823213592537234,2024-12-29 00:00:00+00:00,q90,reanalysis,DK2
0.0069740323206589688,0.013494934245599756,0.0061575695003594742,0.011854752175157144,24,0,0.002089978284856095,2024-12-30 00:00:00+00:00,q90,reanalysis,DK2
0.00071089844795266851,0.0018813030371527446,0.001888128271900745,0.0038827926518405684,24,0,0.0002330620410379062,2024-12-31 00:00:00+00:00,q90,reanalysis,DK2
6.9370733814295473e-10,1.410002141743339e-08,1.739432816415468e-07,1.1569389143079304e-06,24,0,8.206213930765038e-12,2025-01-01 00:00:00+00:00,q90,reanalysis,DK2
0.018316366599864606,0.03487189927079682,0.025874673228370552,0.045112352285572088,24,0,0.004596695457964311,2025-01-02 00:00:00+00:00,q90,reanalysis,DK2
0.0011904708597048111,0.0028455200511896721,0.00140559380590147,0.0030411426222428347,24,0,0.00027701843135005894,2025-01-03 00:00:00+00:00,q90,reanalysis,DK2
0.054120591683511091,0.094405986592674684,0.071436313892725839,0.1159772666375712,24,0,0.024122467387429607,2025-01-04 00:00:00+00:00,q90,reanalysis,DK2
0.00015663058299212067,0.00034721814849284622,0.00053768931622357092,0.00099207738254924256,24,0,2.9179680017434042e-05,2025-01-05 00:00:00+00:00,q90,reanalysis,DK2
2.4045363469568465e-09,1.6449475567953994e-08,1.8694733810701951e-07,7.7751853939348247e-07,24,0,8.8537874666522453e-12,2025-01-06 00:00:00+00:00,q90,reanalysis,DK2
4.1244250616896258e-07,3.392580432809014e-06,7.1759339410753194e-06,3.3328481364990392e-05,24,0,4.3140966045988363e-09,2025-01-07 00:00:00+00:00,q90,reanalysis,DK2
3.607048381328258e-05,0.00020552607330100216,0.00013728689381057465,0.00059474917187870755,24,0,1.7077452875873761e-06,2025-01-08 00:00:00+00:00,q90,reanalysis,DK2
0.92451767736512935,1.0413950944059103,0.91440542125521895,1.0292437321979244,24,1,0.87091203004539408,2025-01-09 00:00:00+00:00,q90,reanalysis,DK2
0.046324115373828828,0.080593847895008355,0.053649333229599132,0.088969105876008411,24,0,0.021462631590909793,2025-01-10 00:00:00+00:00,q90,reanalysis,DK2
5.3490370272238785e-05,0.00020011565704118554,0.00013361998285098809,0.00040098525970407202,24,0,3.7428943490984539e-06,2025-01-11 00:00:00+00:00,q90,reanalysis,DK2
1.1496551653148592,1.1823345955305049,1.1524190945897017,1.1859076568949858,24,3,1.1698995019402085,2025-01-12 00:00:00+00:00,q90,reanalysis,DK2
1.5841206917409392,1.5829231824641286,1.5692248842675249,1.5620918366224557,24,8,1.5482840823149799,2025-01-13 00:00:00+00:00,q90,reanalysis,DK2
0.0055631739359851724,0.014241369513629077,0.0048242808044191045,0.012449142535840958,24,0,0.0028916442513321006,2025-01-14 00:00:00+00:00,q90,reanalysis,DK2
10.256859961443446,9.8624278389013398,10.157577316140296,9.7606312537695139,24,14,10.610344400951925,2025-01-15 00:00:00+00:00,q90,reanalysis,DK2
6.9258965331138196,6.6351122224847314,6.871125846649627,6.5969466319072154,24,8,7.3374427941563383,2025-01-16 00:00:00+00:00,q90,reanalysis,DK2
11.625126773151367,10.998141700512756,11.623539982485969,10.993647660285413,24,21,13.491302027939678,2025-01-17 00:00:00+00:00,q90,reanalysis,DK2
4.9804009363355073,4.9965328447272217,4.9394473618287495,4.9514512587028925,24,6,5.4113414893232354,2025-01-18 00:00:00+00:00,q90,reanalysis,DK2
3.3812148576790291,3.3909825089273236,3.3315469200700862,3.3415110943351203,24,4,3.5848621277469399,2025-01-19 00:00:00+00:00,q90,reanalysis,DK2
12.037761136470953,11.750139906251983,11.954663086144505,11.67789432758247,24,19,13.106847551896625,2025-01-20 00:00:00+00:00,q90,reanalysis,DK2
10.284240188662944,9.9180390589702547,10.264422633319493,9.9020824068610107,24,12,10.902234991060036,2025-01-21 00:00:00+00:00,q90,reanalysis,DK2
0.024191554277493667,0.046742901308047417,0.029250487600559417,0.052973479774194351,24,0,0.010335670293081906,2025-01-22 00:00:00+00:00,q90,reanalysis,DK2
3.1228403776092483e-05,0.00011113312799836377,0.00017267357488731205,0.00044422708284513868,24,0,3.1185751802111766e-06,2025-01-23 00:00:00+00:00,q90,reanalysis,DK2
4.663471091746599e-12,1.4029755936268113e-10,1.568215075300526e-09,1.8166958337996255e-08,24,0,6.182207193713448e-15,2025-01-24 00:00:00+00:00,q90,reanalysis,DK2
0.00029607495713630848,0.0011054831779942764,0.00053409540083952461,0.0017316961574673868,24,0,1.4246025348161911e-05,2025-01-25 00:00:00+00:00,q90,reanalysis,DK2
0.00086462977342002302,0.0023414998284677041,0.0012722565828662635,0.0031213759720510876,24,0,0.00015859395513234028,2025-01-26 00:00:00+00:00,q90,reanalysis,DK2
1.216535515619459e-11,1.8986712021932619e-10,1.701472754669211e-09,1.0205146520353503e-08,24,0,4.8710197212364183e-13,2025-01-27 00:00:00+00:00,q90,reanalysis,DK2
0.00035909617780610252,0.00087737652243486113,0.00091679748198799738,0.0018834959019197416,24,0,3.4997736139278973e-05,2025-01-28 00:00:00+00:00,q90,reanalysis,DK2
0.038737282980604276,0.068664950282569234,0.043340052571627437,0.073929225061769202,24,0,0.0045020279826870936,2025-01-29 00:00:00+00:00,q90,reanalysis,DK2
0.83379535309808572,1.0915328304447265,0.84035395710862582,1.104896062747021,24,0,0.69168107431788861,2025-01-30 00:00:00+00:00,q90,reanalysis,DK2
1.7305546048714544,2.0238869284107173,1.7398417257637706,2.0295237994225337,24,0,1.5797313289863115,2025-01-31 00:00:00+00:00,q90,reanalysis,DK2
0.52822355425545275,0.61660163021608971,0.51972648069908756,0.61333141713799133,24,0,0.36993193574785888,2025-02-01 00:00:00+00:00,q90,reanalysis,DK2
2.9291555700753413,3.0017122060877277,2.9711621810339448,3.038024913463135,24,3,2.6382757018545995,2025-02-02 00:00:00+00:00,q90,reanalysis,DK2
4.6459815080709435,4.907447598783687,4.6090645481030954,4.8677160144082272,24,14,4.7344241621886312,2025-02-03 00:00:00+00:00,q90,reanalysis,DK2
2.9031876212392089,3.0057104475103547,2.8968234314411077,3.0040708895514285,24,7,2.7692049229771158,2025-02-04 00:00:00+00:00,q90,reanalysis,DK2
3.635396456878158,3.6613268165065573,3.6099811815921048,3.6409739383897803,24,4,3.7139067369291419,2025-02-05 00:00:00+00:00,q90,reanalysis,DK2
1.3770879698877192,1.2851480579574863,1.3933782122445022,1.2999741609696271,24,2,1.3623201841170196,2025-02-06 00:00:00+00:00,q90,reanalysis,DK2
7.7826563078238116e-06,1.4798740626818474e-05,4.3047958407447029e-05,7.1671278315978959e-05,24,0,1.5218150906288933e-06,2025-02-07 00:00:00+00:00,q90,reanalysis,DK2
2.8026511556187278e-05,3.2164549298815999e-05,0.00018491960796801339,0.00020120757936683024,24,0,1.7003189685910882e-06,2025-02-08 00:00:00+00:00,q90,reanalysis,DK2
0.0029121032477534775,0.0062284211325051887,0.0049064663692883516,0.0095413865484593723,24,0,0.00088044293781995206,2025-02-09 00:00:00+00:00,q90,reanalysis,DK2
0.0020401825371643405,0.0021340670651263322,0.0030538148307680119,0.0030992357150084436,24,0,0.00075675123171657719,2025-02-10 00:00:00+00:00,q90,reanalysis,DK2
0.0022951408647074113,0.0023430857902432267,0.0021431329700860721,0.0021278390545839249,24,0,0.00080163704313662915,2025-02-11 00:00:00+00:00,q90,reanalysis,DK2
1.5846354375128022,1.5212419546193092,1.5799741509904774,1.5142086685010596,24,4,1.6908914631274374,2025-02-12 00:00:00+00:00,q90,reanalysis,DK2
2.2100777092707631,2.1629193282181411,2.1988356341863859,2.1552386975936222,24,5,2.3907433148859152,2025-02-13 00:00:00+00:00,q90,reanalysis,DK2
1.6581507417460801,1.6658847686084708,1.6484434407297874,1.6568490928878929,24,17,1.6576680490830822,2025-02-14 00:00:00+00:00,q90,reanalysis,DK2
2.2317207837842381,2.1802529202534178,2.2071828959786099,2.158522079402668,24,5,2.1671381655270503,2025-02-15 00:00:00+00:00,q90,reanalysis,DK2
0.28818826604585446,0.28884013193450969,0.27944584186393462,0.27989695714174989,24,0,0.34623780617002309,2025-02-16 00:00:00+00:00,q90,reanalysis,DK2
6.1967408848407697,6.3054222262435236,6.3130728964933454,6.4197114769654569,24,11,6.3932858891865649,2025-02-17 00:00:00+00:00,q90,reanalysis,DK2
2.7872495826628199,2.8086687685044276,2.8095631785314237,2.8292936275748199,24,3,2.9508662446722322,2025-02-18 00:00:00+00:00,q90,reanalysis,DK2
0.13418613566769649,0.14729374758049907,0.11015046074025918,0.1206284962794323,24,0,0.12464291800743398,2025-02-19 00:00:00+00:00,q90,reanalysis,DK2
4.97887532239432e-06,9.4253512879124252e-06,4.9038388440446611e-05,8.1152104186451809e-05,24,0,9.1625644371138389e-07,2025-02-20 00:00:00+00:00,q90,reanalysis,DK2
0.00028776744298842364,0.00037516699919730174,0.00068749339051638351,0.00078012279276132583,24,0,6.1105987548154951e-05,2025-02-21 00:00:00+00:00,q90,reanalysis,DK2
1.0449356814172904e-07,5.0829380287159101e-07,2.2960896681314575e-06,8.4045521375291968e-06,24,0,4.2095128582037929e-10,2025-02-22 00:00:00+00:00,q90,reanalysis,DK2
1.900747017227034e-07,2.7568137821886756e-06,9.3820421992078011e-07,1.3479468017329609e-05,24,0,2.4167824545635426e-09,2025-02-23 00:00:00+00:00,q90,reanalysis,DK2
2.4928680525472214e-06,5.7201666394185551e-06,3.2326154491475902e-05,6.2970542966548081e-05,24,0,8.0953130018462028e-08,2025-02-24 00:00:00+00:00,q90,reanalysis,DK2
6.6516209929825632,6.0360378786971252,6.6728340045665453,6.0704003637487745,24,13,6.9984314557344325,2025-02-25 00:00:00+00:00,q90,reanalysis,DK2
7.7213315832667941,7.1999247032767739,7.7228741317674494,7.2184260440821379,24,15,8.2275279531311742,2025-02-26 00:00:00+00:00,q90,reanalysis,DK2
6.7052775825430615,5.8201385542808364,6.7166272995987093,5.8234880261966042,24,15,6.9949808708685559,2025-02-27 00:00:00+00:00,q90,reanalysis,DK2
5.0075567740706104,4.6616013233415243,4.9698647230970971,4.6362756989732201,24,14,4.8768638194608664,2025-02-28 00:00:00+00:00,q90,reanalysis,DK2
0.81090988385836871,0.81880466656361983,0.80442831647655089,0.81424871321580339,24,1,0.84965075744300689,2025-03-01 00:00:00+00:00,q90,reanalysis,DK2
0.035406077332835323,0.040661423100620264,0.033204128137087875,0.037956697223186397,24,0,0.022718534861706156,2025-03-02 00:00:00+00:00,q90,reanalysis,DK2
0.82218187807154286,0.99355341132620589,0.8105230483688346,0.98089592621142585,24,0,0.55696184347686239,2025-03-03 00:00:00+00:00,q90,reanalysis,DK2
1.4979428408749125,1.8050351652592538,1.4925799930056287,1.8011654973305915,24,0,1.0134544470458622,2025-03-04 00:00:00+00:00,q90,reanalysis,DK2
0.0036011584644649337,0.0048977465588894787,0.0047730186895492558,0.0061445079892435365,24,0,0.00066443496392320361,2025-03-05 00:00:00+00:00,q90,reanalysis,DK2
0.024942651304322917,0.040577869030556241,0.025032648351100424,0.039911045322544025,24,0,0.016039875854981286,2025-03-06 00:00:00+00:00,q90,reanalysis,DK2
0.23949536138583169,0.38565567400426359,0.24806951557503418,0.3942940598055607,24,0,0.13866722445849025,2025-03-07 00:00:00+00:00,q90,reanalysis,DK2
0.98675091872791409,0.97310900942191869,0.9765097554714196,0.96073522800729572,24,1,0.99711124363855375,2025-03-08 00:00:00+00:00,q90,reanalysis,DK2
0.0001810739232432874,0.00073311735239955651,0.00044328162823664794,0.0013268275785036411,24,0,2.2092878691727288e-05,2025-03-09 00:00:00+00:00,q90,reanalysis,DK2
1.679518876596005,1.8126332984051177,1.7066328831548376,1.8336374334489687,24,2,1.5149096048982975,2025-03-10 00:00:00+00:00,q90,reanalysis,DK2
6.8775723350432267,6.2537616958916358,6.8815312468863903,6.2351070757818832,24,14,7.2286307548317863,2025-03-11 00:00:00+00:00,q90,reanalysis,DK2
2.7298327169123136,2.5818105850317057,2.7062305493180552,2.5603726085826475,24,21,2.6752964492628868,2025-03-12 00:00:00+00:00,q90,reanalysis,DK2
0.55519826568933572,0.43844449703639449,0.55942929930891883,0.438930868148878,24,24,0.4043629278223293,2025-03-13 00:00:00+00:00,q90,reanalysis,DK2
0.74878576892886906,0.90681092705383382,0.75708967707479602,0.92025212510503762,24,18,0.67292229158003591,2025-03-14 00:00:00+00:00,q90,reanalysis,DK2
0.15954049224013811,0.22855415616873032,0.15915287171141665,0.22620994370771449,24,0,0.14363089633892931,2025-03-15 00:00:00+00:00,q90,reanalysis,DK2
0.11965625213971741,0.17707515350168268,0.12330822135130941,0.17944894445412499,24,0,0.087716873140784371,2025-03-16 00:00:00+00:00,q90,reanalysis,DK2
1.8832946355780313,2.0375463783120247,1.8329552589707001,1.9865274300205946,24,4,1.8334128350217584,2025-03-17 00:00:00+00:00,q90,reanalysis,DK2
1.4378188950841722,1.4061853566950486,1.4263215211159306,1.3934646924719494,24,2,1.4164254966116805,2025-03-18 00:00:00+00:00,q90,reanalysis,DK2
1.928602076812703,1.8435230324917555,1.9267726097509406,1.840826634507055,24,6,2.0976021994493337,2025-03-19 00:00:00+00:00,q90,reanalysis,DK2
1.9354927349920001,1.9203136091671387,1.944224971778842,1.9230820126765775,24,3,1.9171193628279213,2025-03-20 00:00:00+00:00,q90,reanalysis,DK2
0.75799029346760249,0.71084700891675079,0.7650414949480292,0.71510588127705721,24,1,0.80431192281285468,2025-03-21 00:00:00+00:00,q90,reanalysis,DK2
2.8000711111870237e-13,5.3022309988141864e-12,5.5850327537573941e-11,7.7881702111304138e-10,24,0,1.2061228608964543e-15,2025-03-22 00:00:00+00:00,q90,reanalysis,DK2
0.0013306935533851658,0.0022865300879013079,0.0023806368406934821,0.0036529099991100831,24,0,0.00036597487358901312,2025-03-23 00:00:00+00:00,q90,reanalysis,DK2
4.2538599825768459,4.2936537306303082,4.2478274960107436,4.2722566512556996,24,5,3.9025609365646514,2025-03-24 00:00:00+00:00,q90,reanalysis,DK2
0.77975055063224241,0.78377960547782466,0.78315217264146153,0.78213983733617165,24,1,0.74663980374427696,2025-03-25 00:00:00+00:00,q90,reanalysis,DK2
4.2095602373812806,4.1810772247157093,4.1957733368181422,4.1741291873578543,24,6,4.1590716909412775,2025-03-26 00:00:00+00:00,q90,reanalysis,DK2
0.63121110821235016,0.76683455847256721,0.63274534136868454,0.76211801318039718,24,0,0.4146719317385632,2025-03-27 00:00:00+00:00,q90,reanalysis,DK2
0.099278460278164699,0.13210503138065344,0.10713966427417261,0.14005417947634211,24,0,0.054740604293565379,2025-03-28 00:00:00+00:00,q90,reanalysis,DK2
0.00014803149225526814,0.00030976895488250497,0.00060984971548056009,0.0010325426656800911,24,0,5.5634648648943988e-05,2025-03-29 00:00:00+00:00,q90,reanalysis,DK2
4.2400647586648386e-07,1.2911526218294299e-06,8.4126550711277911e-06,1.7569554367015916e-05,24,0,2.4543475566626438e-08,2025-03-30 00:00:00+00:00,q90,reanalysis,DK2
0.015038229599037105,0.020922483801139927,0.022488829366379869,0.029379193230642198,24,0,0.0075113960164881633,2025-03-31 00:00:00+00:00,q90,reanalysis,DK2
0.88379315804852354,0.87850283258804496,0.88200747684265823,0.87712739743975221,24,1,0.89801559597081171,2025-04-01 00:00:00+00:00,q90,reanalysis,DK2
2.5679919593862978e-07,6.7620921305144544e-07,7.2809443226883554e-07,1.5007295488341645e-06,24,0,8.5556056436984383e-08,2025-04-02 00:00:00+00:00,q90,reanalysis,DK2
0.004584896668281698,0.00382739253878375,0.0063995656644861461,0.0058039149536629319,24,0,0.0022919282948445125,2025-04-03 00:00:00+00:00,q90,reanalysis,DK2
0.006202127463929296,0.0062246549035991552,0.0093004442983465486,0.0093258167191577618,24,0,0.0013305605250832863,2025-04-04 00:00:00+00:00,q90,reanalysis,DK2
1.9621260477646903e-10,4.759866241763079e-10,1.7837597712537368e-09,2.4272183171217508e-09,24,0,4.8198602287661729e-12,2025-04-05 00:00:00+00:00,q90,reanalysis,DK2
0.0067385743107871831,0.008946761243271522,0.0095034287498297794,0.011977060372886879,24,0,0.0027914368533946809,2025-04-06 00:00:00+00:00,q90,reanalysis,DK2
0.63738223269802285,0.65122590302703109,0.63197007184515175,0.64832797538815057,24,0,0.54850817332599366,2025-04-07 00:00:00+00:00,q90,reanalysis,DK2
1.8752056555600405,1.874827621321064,1.8735052505408745,1.873176131294005,24,5,1.7698216634860449,2025-04-08 00:00:00+00:00,q90,reanalysis,DK2
2.7243354133499293,2.7245016631116203,2.7235945497722747,2.7237782388847966,24,4,2.956570663391064,2025-04-09 00:00:00+00:00,q90,reanalysis,DK2
2.1737115920157506,2.1738571745045165,2.1826158611224638,2.1827700038945084,24,3,2.2674994163243398,2025-04-10 00:00:00+00:00,q90,reanalysis,DK2
1.1800593859667554e-05,2.7499968979672581e-05,7.9781196393771228e-05,0.00012643780637439591,24,0,3.1418658423822223e-06,2025-04-11 00:00:00+00:00,q90,reanalysis,DK2
5.7292249320858957e-08,2.0032738780091091e-07,2.1451231575535086e-06,3.9431284111270831e-06,24,0,1.1500738529377528e-09,2025-04-12 00:00:00+00:00,q90,reanalysis,DK2
0.00095793852281077143,0.00099557849274517626,0.0023090432871502487,0.0023762126450801503,24,0,0.00028046382891472094,2025-04-13 00:00:00+00:00,q90,reanalysis,DK2
1.6485672627040671,1.6508002526534169,1.6598176296883456,1.6577758106131177,24,2,1.6619722478586154,2025-04-14 00:00:00+00:00,q90,reanalysis,DK2
0.00058544156973603105,0.00090802557337069025,0.0019168830154914034,0.002834978101274279,24,0,0.00016880014580705066,2025-04-15 00:00:00+00:00,q90,reanalysis,DK2
0.76719755351658214,0.59532370612718633,0.75062279604239601,0.57494668481153055,24,0,0.85000592259301277,2025-04-16 00:00:00+00:00,q90,reanalysis,DK2
0.78903578666921503,0.82830152473736762,0.77817507692912591,0.82127864562056119,24,0,0.69209869463829232,2025-04-17 00:00:00+00:00,q90,reanalysis,DK2
0.0068575282465665093,0.011134832929508193,0.011848377863882209,0.01774742922145094,24,0,0.002271165832281583,2025-04-18 00:00:00+00:00,q90,reanalysis,DK2
1.3219098573566107e-05,1.9582919248988188e-05,2.8603781759929473e-05,3.3164237918920062e-05,24,0,1.2620053418944987e-06,2025-04-19 00:00:00+00:00,q90,reanalysis,DK2
8.2324301581054874e-06,8.5681724735233545e-06,2.7915831174546256e-05,2.8106633958749491e-05,24,0,9.0363819815443611e-07,2025-04-20 00:00:00+00:00,q90,reanalysis,DK2
0.0027528700694175083,0.002640846012538731,0.0036505738657851578,0.003549039563612267,24,0,0.0013969427836376964,2025-04-21 00:00:00+00:00,q90,reanalysis,DK2
5.2606595078257348,5.2725576651351211,5.1907152850012572,5.1998351889122407,24,6,5.4201911852612543,2025-04-22 00:00:00+00:00,q90,reanalysis,DK2
3.5527034696239355,3.4110523826282431,3.5660375091961547,3.4231946888182443,24,4,3.4624008790734706,2025-04-23 00:00:00+00:00,q90,reanalysis,DK2
5.4608636407151607,5.4543276937223206,5.4558376235401367,5.442545567305328,24,8,5.6321595302742669,2025-04-24 00:00:00+00:00,q90,reanalysis,DK2
6.6357030211461208,6.6192304375880253,6.5952739152230704,6.5840088781672392,24,9,6.7525567499760779,2025-04-25 00:00:00+00:00,q90,reanalysis,DK2
3.8116393013572114e-06,7.5248545471138964e-06,1.2413087922792942e-05,2.1208031845612235e-05,24,0,1.0135114694028951e-06,2025-04-26 00:00:00+00:00,q90,reanalysis,DK2
0.03863872525026267,0.03863896091298076,0.040883138283197715,0.040883668407626715,24,0,0.02445292476957232,2025-04-27 00:00:00+00:00,q90,reanalysis,DK2
0.69656421840495941,0.69691033406156799,0.69743964110515166,0.69814760282390931,24,1,0.71286226776054462,2025-04-28 00:00:00+00:00,q90,reanalysis,DK2
0.00037656902604746718,0.00056068946649165798,0.0011867266335914206,0.0015593793748927961,24,0,7.9859574484115033e-05,2025-04-29 00:00:00+00:00,q90,reanalysis,DK2
0.0029566078544567905,0.0013772126580248621,0.0056241239224076997,0.0034307413910963677,24,0,0.001219524669882376,2025-04-30 00:00:00+00:00,q90,reanalysis,DK2
0.00079279533976335558,0.0003458447474504217,0.0022032953936726063,0.0012503020525836631,24,0,0.0004026074090991334,2025-05-01 00:00:00+00:00,q90,reanalysis,DK2
2.414449831647966e-06,5.6362440292084691e-06,5.1210385979901448e-05,7.2449937948656281e-05,24,0,9.6114466025959909e-07,2025-05-02 00:00:00+00:00,q90,reanalysis,DK2
6.6514858598922571e-06,1.0956408731522699e-05,2.7352017068617372e-05,3.6736737189327074e-05,24,0,3.7532400455635556e-07,2025-05-03 00:00:00+00:00,q90,reanalysis,DK2
6.9378550276977439e-05,0.00010227410890911406,0.0002028640860560112,0.00023282808174670801,24,0,1.8077984631086866e-05,2025-05-04 00:00:00+00:00,q90,reanalysis,DK2
0.0016215833544829387,0.0020121504737546148,0.0029095115240039037,0.0033337814100273672,24,0,0.00077223004898555546,2025-05-05 00:00:00+00:00,q90,reanalysis,DK2
0.043065743316319668,0.046414243097883334,0.052729662064001731,0.057135560711371235,24,0,0.026756534613836803,2025-05-06 00:00:00+00:00,q90,reanalysis,DK2
1.0784860748564764,1.0810730731287772,1.0869296216318645,1.090212556237985,24,0,0.92874317652420491,2025-05-07 00:00:00+00:00,q90,reanalysis,DK2
0.53092981795577432,0.53092890293593109,0.54443361319689343,0.54479627153993238,24,0,0.40941000765257562,2025-05-08 00:00:00+00:00,q90,reanalysis,DK2
0.36794057509817807,0.36723165319032897,0.37870000400274428,0.37793860210292912,24,0,0.30521609750982409,2025-05-09 00:00:00+00:00,q90,reanalysis,DK2
1.5235345366952936e-05,1.6740182828503699e-05,0.00012868181677952518,0.0001414307205497896,24,0,9.7126810692648977e-07,2025-05-10 00:00:00+00:00,q90,reanalysis,DK2
0.0003971776801444145,0.00039935830271463775,0.00087612120027495146,0.00088474354728183824,24,0,0.00047422352926670454,2025-05-11 00:00:00+00:00,q90,reanalysis,DK2
3.4312459573134628,3.2866415950941938,3.4123227143572077,3.273291414916915,24,5,3.4745043724548421,2025-05-12 00:00:00+00:00,q90,reanalysis,DK2
2.0091852611947814,1.9754267320972403,2.0123722334362206,1.9841190652430023,24,4,2.0233093859138918,2025-05-13 00:00:00+00:00,q90,reanalysis,DK2
0.37428599430783249,0.38915511586521973,0.36093248550216978,0.37634498828061796,24,0,0.32363391527958685,2025-05-14 00:00:00+00:00,q90,reanalysis,DK2
0.00027927991658694719,0.00055010317695132255,0.00095213399029304383,0.0016819590815792473,24,0,6.2232771113195632e-05,2025-05-15 00:00:00+00:00,q90,reanalysis,DK2
0.0014206062501513352,0.0024766040648599788,0.0033541843315937235,0.0054251632879967768,24,0,0.00056005919057684457,2025-05-16 00:00:00+00:00,q90,reanalysis,DK2
6.6086380305638222e-05,0.0004295204483760093,0.00028668173345361371,0.0011757703324727115,24,0,1.997655676229419e-05,2025-05-17 00:00:00+00:00,q90,reanalysis,DK2
0.0049764866330486573,0.0080259624091551483,0.0061308270763982915,0.010019049764835253,24,0,0.0020660349812943258,2025-05-18 00:00:00+00:00,q90,reanalysis,DK2
0.063695520672301872,0.075344419187122341,0.07419550536792828,0.089306168583821399,24,0,0.034446173578173686,2025-05-19 00:00:00+00:00,q90,reanalysis,DK2
0.12110256400079639,0.12972657017855843,0.1211967356132823,0.13038579490372182,24,0,0.067965220657151465,2025-05-20 00:00:00+00:00,q90,reanalysis,DK2
0.031103962727368244,0.033276012727187824,0.027446662366974694,0.029544666474976188,24,0,0.021565628917292114,2025-05-21 00:00:00+00:00,q90,reanalysis,DK2
3.674526411431379e-06,1.3524967699605363e-05,2.7295965950979633e-05,8.6372661547089318e-05,24,0,1.3289731828422134e-06,2025-05-22 00:00:00+00:00,q90,reanalysis,DK2
0.0022220166276498425,0.0044106193932871756,0.0015738756159211058,0.0032432450615466402,24,0,0.0015948728136953492,2025-05-23 00:00:00+00:00,q90,reanalysis,DK2
0.00036536546124791501,0.00097474537503114129,0.00068068024025470851,0.0016498001767555942,24,0,0.00016948120955061219,2025-05-24 00:00:00+00:00,q90,reanalysis,DK2
1.3887565567208095e-05,3.868782007607762e-05,0.00014012547953242698,0.00028193391222944666,24,0,2.3705138503193641e-06,2025-05-25 00:00:00+00:00,q90,reanalysis,DK2
0.00035221681866754871,0.001000406496262444,0.0015245793808511029,0.0032335093288979396,24,0,0.00034185617021418978,2025-05-26 00:00:00+00:00,q90,reanalysis,DK2
3.6047338123086987e-07,1.7352717745141539e-06,7.9350780192661907e-06,2.3449994957199459e-05,24,0,5.9308237518535078e-08,2025-05-27 00:00:00+00:00,q90,reanalysis,DK2
0.0020944682014973656,0.0035251856796196315,0.002415715166730583,0.0038452718731573068,24,0,0.00076914699674544916,2025-05-28 00:00:00+00:00,q90,reanalysis,DK2
1.5720930128973389e-06,7.8100299576332383e-06,5.4687545268199387e-05,0.00015652929717118003,24,0,4.8607167424586587e-07,2025-05-29 00:00:00+00:00,q90,reanalysis,DK2
0.001088960135573731,0.0016470471786670614,0.0014986077822608625,0.0021810897685169369,24,0,0.00049149504375318824,2025-05-30 00:00:00+00:00,q90,reanalysis,DK2
0.00041506199711627392,0.00041488399185322505,0.0012829934132674835,0.0013264930526842925,24,0,0.000125808906801678,2025-05-31 00:00:00+00:00,q90,reanalysis,DK2
3.0749881909153143e-06,1.0739642003208286e-05,4.9280890673591822e-05,0.00012427938223160369,24,0,3.4068081545908677e-07,2025-06-01 00:00:00+00:00,q90,reanalysis,DK2
1.8432538321096055,1.8269034514529554,1.8463444630311738,1.8276163237843428,24,3,1.8589077445359838,2025-06-02 00:00:00+00:00,q90,reanalysis,DK2
1.1945084491678741,1.2083755366590905,1.1997421795841892,1.215759496368584,24,2,1.2454463643873905,2025-06-03 00:00:00+00:00,q90,reanalysis,DK2
0.43761593765492979,0.60469426036622254,0.46012618434855407,0.62491239067363713,24,0,0.42136158756405556,2025-06-04 00:00:00+00:00,q90,reanalysis,DK2
0.051359521127708745,0.078994784610178531,0.063495810814530013,0.091414007113486073,24,0,0.033354277348810489,2025-06-05 00:00:00+00:00,q90,reanalysis,DK2
3.7943439976399004e-06,1.9336790134257758e-05,5.1484083047562029e-05,0.00014450986355703723,24,0,1.7227474934643511e-06,2025-06-06 00:00:00+00:00,q90,reanalysis,DK2
6.8022425446845475e-06,1.8589247684442551e-05,1.2333672850946656e-05,2.8013845088872803e-05,24,0,6.175029430975171e-07,2025-06-07 00:00:00+00:00,q90,reanalysis,DK2
1.9136023199826985e-14,2.5057318653914877e-13,2.6927483809208167e-11,8.1289428070012858e-10,24,0,3.0855883432935502e-16,2025-06-08 00:00:00+00:00,q90,reanalysis,DK2
9.2899353416387578e-05,0.00024651441661370846,0.00051992947872552778,0.0010208191213756214,24,0,2.3976059865138466e-05,2025-06-09 00:00:00+00:00,q90,reanalysis,DK2
2.2475305147318865e-05,0.00011497891229043818,0.00015765035526106645,0.00048247520832012998,24,0,2.5233595367012456e-05,2025-06-10 00:00:00+00:00,q90,reanalysis,DK2
0.012200313043940578,0.020158292201173315,0.01859917951759146,0.028765994509644573,24,0,0.0058267812197562779,2025-06-11 00:00:00+00:00,q90,reanalysis,DK2
0.11920781763044316,0.11263787334130884,0.11889307989425131,0.11124288737204964,24,0,0.12523012831090324,2025-06-12 00:00:00+00:00,q90,reanalysis,DK2
0.025450778090894903,0.053523512383415899,0.032926822917751848,0.063913319319217746,24,0,0.03343714411835081,2025-06-13 00:00:00+00:00,q90,reanalysis,DK2
3.6313492498225717e-07,2.3861856860686004e-06,1.0524331712939517e-05,4.2889622466026757e-05,24,0,8.9290242742937235e-08,2025-06-14 00:00:00+00:00,q90,reanalysis,DK2
0.00037024316320109698,0.00070008473283858313,0.00064797938618265652,0.0011375145902768734,24,0,0.00012593872046141763,2025-06-15 00:00:00+00:00,q90,reanalysis,DK2
0.045998889608604467,0.05873182240418591,0.050844075383983112,0.065202161430827785,24,0,0.024835000181168982,2025-06-16 00:00:00+00:00,q90,reanalysis,DK2
0.5585176755962844,0.601161046009137,0.55015531327585743,0.59117626140518542,24,0,0.37668978166403805,2025-06-17 00:00:00+00:00,q90,reanalysis,DK2
0.31739412404791506,0.33249966036354078,0.31357967158210592,0.32791607404696616,24,0,0.21777554793398929,2025-06-18 00:00:00+00:00,q90,reanalysis,DK2
0.0039114583419155953,0.0086169716179422262,0.005416420843542537,0.010940275405967955,24,0,0.0024629499920661132,2025-06-19 00:00:00+00:00,q90,reanalysis,DK2
0.17128021339277558,0.18947761428224413,0.1744649618712687,0.19320692048824498,24,0,0.17840918906557221,2025-06-20 00:00:00+00:00,q90,reanalysis,DK2
0.0014715289184884118,0.0015127449591965535,0.0027163087138475134,0.0029948176388329057,24,0,0.00079435001954195994,2025-06-21 00:00:00+00:00,q90,reanalysis,DK2
8.4590311745541692e-06,3.7209154578956734e-05,3.7792054185406419e-05,0.00010858492145910644,24,0,4.649866180759802e-06,2025-06-22 00:00:00+00:00,q90,reanalysis,DK2
1.2602720602380406e-08,2.2519595925678787e-07,1.0949299942527521e-06,6.0181195776041634e-06,24,0,1.7409300286013873e-08,2025-06-23 00:00:00+00:00,q90,reanalysis,DK2
5.4334628120757608e-09,1.2988676487115393e-07,2.3755880421945895e-08,7.2475077178806534e-07,24,0,3.8103050803246368e-09,2025-06-24 00:00:00+00:00,q90,reanalysis,DK2
0.80706386779218842,0.91757084242183684,0.79897469600975846,0.91070366634002597,24,0,0.70037808386309874,2025-06-25 00:00:00+00:00,q90,reanalysis,DK2
1.4223652405964071,1.4582566154504126,1.4596519910867323,1.4952906565639459,24,1,1.4414790069691663,2025-06-26 00:00:00+00:00,q90,reanalysis,DK2
0.00013663796707177983,0.00070019333673407335,0.00046113256743095699,0.0016042666796380286,24,0,0.00026523751267615721,2025-06-27 00:00:00+00:00,q90,reanalysis,DK2
4.0672264966773461e-07,5.7560466601850131e-06,1.3805785964630456e-05,8.0507272648378626e-05,24,0,8.7740144062267519e-08,2025-06-28 00:00:00+00:00,q90,reanalysis,DK2
0.0032763516733790837,0.0042567706615293252,0.0035097625048967967,0.0044135438169429272,24,0,0.0019939605347938233,2025-06-29 00:00:00+00:00,q90,reanalysis,DK2
1.9870064427786431,1.9361008725428974,1.9640144781318856,1.9128007813089418,24,4,1.9677560388393962,2025-06-30 00:00:00+00:00,q90,reanalysis,DK2
4.9616896853624839,4.9609859822557034,4.9604459680373481,4.9657962833549494,24,8,4.8031240557192847,2025-07-01 00:00:00+00:00,q90,reanalysis,DK2
1.900435180684183,2.1258405550403565,1.8794314695626464,2.1084598582050265,24,1,1.9140061189515813,2025-07-02 00:00:00+00:00,q90,reanalysis,DK2
0.0032062808626379296,0.0068278501298533424,0.0048999142407774553,0.0097039330354188411,24,0,0.0016519978752616805,2025-07-03 00:00:00+00:00,q90,reanalysis,DK2
0.96583135877138626,0.97096902283518316,0.96234558902337575,0.96960956086396943,24,1,0.97332443812632241,2025-07-04 00:00:00+00:00,q90,reanalysis,DK2
1.0261121221450381e-07,2.3687757573028114e-06,7.2594139623235479e-06,5.1571225003106714e-05,24,0,8.2620013350313334e-08,2025-07-05 00:00:00+00:00,q90,reanalysis,DK2
0.00037403069894879806,0.00063077200878194114,0.00045008035569129733,0.00068536820346947066,24,0,9.2439010149303531e-05,2025-07-06 00:00:00+00:00,q90,reanalysis,DK2
0.85879159660014626,0.95161507962076175,0.82599696497116171,0.91225117768654107,24,0,0.70448000752539186,2025-07-07 00:00:00+00:00,q90,reanalysis,DK2
0.017141670139641324,0.040310903672456974,0.022438706097018871,0.047063238912591732,24,0,0.023422725571912648,2025-07-08 00:00:00+00:00,q90,reanalysis,DK2
0.87714336862316233,1.1388879491646606,0.89763298647808587,1.1689531605681234,24,0,0.99647427189084681,2025-07-09 00:00:00+00:00,q90,reanalysis,DK2
1.5689110154127974,1.722465599225423,1.5859418622546038,1.7374465893302053,24,1,1.5969309780063576,2025-07-10 00:00:00+00:00,q90,reanalysis,DK2
0.062028386030439121,0.10247265202510315,0.071842139652710177,0.11443378386115891,24,0,0.039649386985067349,2025-07-11 00:00:00+00:00,q90,reanalysis,DK2
2.3181744922993053e-06,1.9490833127785962e-05,3.6953482570296464e-05,0.00015971069243168583,24,0,6.4859334368957388e-07,2025-07-12 00:00:00+00:00,q90,reanalysis,DK2
0.013561787842959187,0.026180624962742583,0.015814537972509014,0.030149332115651253,24,0,0.0080068600532662848,2025-07-13 00:00:00+00:00,q90,reanalysis,DK2
0.49995983879633066,0.68420430834732904,0.4979458079778219,0.68855959626014895,24,0,0.40397374280192128,2025-07-14 00:00:00+00:00,q90,reanalysis,DK2
0.54000921010462566,0.62856491688783822,0.50796555095748064,0.59763965820338139,24,0,0.55836647982545484,2025-07-15 00:00:00+00:00,q90,reanalysis,DK2
0.089177984052697071,0.21117171238431925,0.10468377768458963,0.22547022806263806,24,0,0.11238402716899698,2025-07-16 00:00:00+00:00,q90,reanalysis,DK2
5.4165396692859868,6.3475667887541762,5.5342330213879807,6.5104939132561794,24,0,5.9371619580144381,2025-07-17 00:00:00+00:00,q90,reanalysis,DK2
5.9576165226162443,6.3113329098689777,5.9918766983225762,6.3422082299643812,24,4,6.2003980962164427,2025-07-18 00:00:00+00:00,q90,reanalysis,DK2
0.02126489836265642,0.029804809653437545,0.018920160540607186,0.02827242237228756,24,0,0.016216781848790357,2025-07-19 00:00:00+00:00,q90,reanalysis,DK2
0.00013298895763992131,0.00032947442603792815,0.00034904487647866565,0.00084471845421923931,24,0,2.9978911711825393e-05,2025-07-20 00:00:00+00:00,q90,reanalysis,DK2
1.4365670456219624,1.5804325168374969,1.4192496270840551,1.5633960100329789,24,1,1.2824170681294449,2025-07-21 00:00:00+00:00,q90,reanalysis,DK2
0.027078412211797909,0.066390770149023712,0.030072460596308963,0.067186132570031629,24,0,0.042104569447172391,2025-07-22 00:00:00+00:00,q90,reanalysis,DK2
1.0624271380164052,1.3929760473735546,1.0671316665386688,1.3995281615434469,24,0,1.0538352894421064,2025-07-23 00:00:00+00:00,q90,reanalysis,DK2
5.0515627953267481,5.3265426730724617,5.0330726099343401,5.3248896264789574,24,0,4.8888557009181781,2025-07-24 00:00:00+00:00,q90,reanalysis,DK2
2.6678386614792799,3.0587343574717267,2.6955738948065324,3.117446903444109,24,0,2.8060816978008538,2025-07-25 00:00:00+00:00,q90,reanalysis,DK2
0.00017373535727547906,0.00092367869150261899,0.0006605354710558062,0.0022306377475415232,24,0,9.5991987074096771e-05,2025-07-26 00:00:00+00:00,q90,reanalysis,DK2
0.0035802444612317904,0.0050025499761995849,0.004394291103554983,0.0059304685991936898,24,0,0.00099761491448413508,2025-07-27 00:00:00+00:00,q90,reanalysis,DK2
0.013959252613779687,0.032783314425643806,0.019170250851790294,0.04243047262389707,24,0,0.00920071522639683,2025-07-28 00:00:00+00:00,q90,reanalysis,DK2
0.00060252300446177458,0.0018899528088276644,0.0016853452573078276,0.003675928524114427,24,0,0.00061389913720216217,2025-07-29 00:00:00+00:00,q90,reanalysis,DK2
0.0043876361856096009,0.011058874638541634,0.0051228954388381608,0.011756980631466829,24,0,0.0047426352392291385,2025-07-30 00:00:00+00:00,q90,reanalysis,DK2
0.027749459166628129,0.060524383285361714,0.036947818319540596,0.072685829483195921,24,0,0.034112463997910646,2025-07-31 00:00:00+00:00,q90,reanalysis,DK2
0.054826325120382137,0.093836203671639459,0.064529343955834262,0.10454258792462058,24,0,0.061588238072075738,2025-08-01 00:00:00+00:00,q90,reanalysis,DK2
3.750505720923747e-05,6.9377431344335152e-05,0.0001240291391941304,0.0002832207152660301,24,0,2.8135806921116996e-05,2025-08-02 00:00:00+00:00,q90,reanalysis,DK2
2.1908757612293046e-06,2.433274003469691e-05,5.1455634744686595e-05,0.00024387759621980913,24,0,2.8286517363592766e-06,2025-08-03 00:00:00+00:00,q90,reanalysis,DK2
0.00042256675443436039,0.0011106576515999701,0.00156979800710553,0.0033659710323311874,24,0,0.00020027082679948771,2025-08-04 00:00:00+00:00,q90,reanalysis,DK2
6.0710514297123219e-10,1.1273782940579381e-08,4.721255257473271e-08,3.0724785242520571e-07,24,0,1.0989349081447578e-09,2025-08-05 00:00:00+00:00,q90,reanalysis,DK2
0.11898153128189431,0.14572170098593346,0.11181352523958962,0.13642611815789868,24,0,0.08321545431887277,2025-08-06 00:00:00+00:00,q90,reanalysis,DK2
0.44527901547399223,0.45810587699013056,0.41022611137270287,0.41975167990713291,24,0,0.40608070109487421,2025-08-07 00:00:00+00:00,q90,reanalysis,DK2
0.36753320708176263,0.3591828923590078,0.34741397352772141,0.33241740832634586,24,0,0.3663595775888861,2025-08-08 00:00:00+00:00,q90,reanalysis,DK2
0.017501661504597418,0.017595035413752812,0.025945885510227605,0.026511231975412011,24,0,0.0093069814361691847,2025-08-09 00:00:00+00:00,q90,reanalysis,DK2
0.00045420633290638228,0.0012134206577873543,0.0012082072460515663,0.002429321211173981,24,0,0.00014657516236769784,2025-08-10 00:00:00+00:00,q90,reanalysis,DK2
0.10247837362294594,0.15916204840050374,0.10284848036192795,0.15805431526077152,24,0,0.078313928056887458,2025-08-11 00:00:00+00:00,q90,reanalysis,DK2
0.81001858262228743,0.63389842726704926,0.7864596652064183,0.60136728347632418,24,0,0.76134597127454962,2025-08-12 00:00:00+00:00,q90,reanalysis,DK2
1.059918157204341,1.0292837081157824,1.0261963570551305,0.99687682376897246,24,1,1.0701843840097465,2025-08-13 00:00:00+00:00,q90,reanalysis,DK2
0.79712180657211151,0.80196746177121581,0.79329794030586109,0.79198228111079139,24,1,0.7967033858395961,2025-08-14 00:00:00+00:00,q90,reanalysis,DK2
0.091373474605510568,0.07598094246265201,0.10452488760060694,0.089061513430217593,24,0,0.052135778367050349,2025-08-15 00:00:00+00:00,q90,reanalysis,DK2
3.5903228576113193e-06,2.9173919002527977e-05,5.292685364556026e-05,0.00022439813800899131,24,0,1.6396699925191187e-06,2025-08-16 00:00:00+00:00,q90,reanalysis,DK2
0.0015898316139118006,0.0009049756209252276,0.0029377329828788696,0.0019902477391005261,24,0,0.00034187472886968925,2025-08-17 00:00:00+00:00,q90,reanalysis,DK2
0.24647027408959954,0.21477610959773391,0.26801185532068827,0.23439739583290778,24,0,0.18677021804781105,2025-08-18 00:00:00+00:00,q90,reanalysis,DK2
0.1458914963441974,0.14388680767099613,0.15808082707505089,0.15480379492954993,24,0,0.089118903614508249,2025-08-19 00:00:00+00:00,q90,reanalysis,DK2
0.013913531462932803,0.021677988978394735,0.01673560846904713,0.025581256293378523,24,0,0.013204492561078413,2025-08-20 00:00:00+00:00,q90,reanalysis,DK2
0.018250087794228983,0.031061223211893866,0.026610690238741422,0.0413464397221429,24,0,0.011624717702176801,2025-08-21 00:00:00+00:00,q90,reanalysis,DK2
4.1419319116107852e-07,1.3795142692486773e-06,7.4850529324251744e-07,2.8649905345098218e-06,24,0,1.2580508616988924e-07,2025-08-22 00:00:00+00:00,q90,reanalysis,DK2
3.1992721578722102e-05,2.565668739119502e-05,0.00020363682027649504,0.00017102181927781523,24,0,1.5876535170119017e-05,2025-08-23 00:00:00+00:00,q90,reanalysis,DK2
0.0003751876774631403,0.00087967577805838075,0.00091060699640944411,0.0017683641292976643,24,0,0.00010331844371377991,2025-08-24 00:00:00+00:00,q90,reanalysis,DK2
1.141490884460493,1.0162740599728832,1.1250814611358742,0.99842773496876169,24,1,1.1589552797362745,2025-08-25 00:00:00+00:00,q90,reanalysis,DK2
1.218920012631298,1.2272802883352769,1.2253328029158796,1.2528599774219658,24,1,1.2200294198750625,2025-08-26 00:00:00+00:00,q90,reanalysis,DK2
3.2343583106875466,3.4280449300830815,3.2575420396666632,3.4607002521693078,24,6,3.3494789315439588,2025-08-27 00:00:00+00:00,q90,reanalysis,DK2
4.3942732329387901,4.6177120233227784,4.3962588071038562,4.6227620331511865,24,10,4.4797341555720802,2025-08-28 00:00:00+00:00,q90,reanalysis,DK2
0.94401663054988882,0.94605047013632326,0.93879599947400272,0.94167856554177409,24,1,0.96188370742129681,2025-08-29 00:00:00+00:00,q90,reanalysis,DK2
3.965741013777973e-07,5.7607329958456651e-06,1.4683541645027413e-06,1.7853952315759159e-05,24,0,1.2175321402736554e-07,2025-08-30 00:00:00+00:00,q90,reanalysis,DK2
6.6228373235998643e-05,0.00016204489624920833,0.00022671970701279695,0.00045704361587842819,24,0,1.515920726617812e-05,2025-08-31 00:00:00+00:00,q90,reanalysis,DK2
0.039090146856444526,0.035233553069087209,0.045193760493729293,0.044902065407778032,24,0,0.021998055732813746,2025-09-01 00:00:00+00:00,q90,reanalysis,DK2
1.113147446739718,1.1451588016929111,1.0604362672811136,1.0958126493220688,24,3,1.0141346548187717,2025-09-02 00:00:00+00:00,q90,reanalysis,DK2
2.2772428446462454e-06,1.4058689589651859e-05,3.8000172115680027e-05,0.0001329734495094478,24,0,3.0852266184093061e-06,2025-09-03 00:00:00+00:00,q90,reanalysis,DK2
1.6896430083390634,1.6386473671390289,1.6673252409215629,1.6191390411004674,24,2,1.802180788334613,2025-09-04 00:00:00+00:00,q90,reanalysis,DK2
1.5347381511813707,1.4792610276084661,1.5229260831674178,1.4709948469819505,24,2,1.5547972248290751,2025-09-05 00:00:00+00:00,q90,reanalysis,DK2
9.440819711465066e-05,1.731522791151926e-05,0.00024756039701601958,6.9665399550388602e-05,24,0,1.6219673467901186e-05,2025-09-06 00:00:00+00:00,q90,reanalysis,DK2
0.00011889072427679203,0.00038853915048127265,0.00044507866751606831,0.0011146225860693966,24,0,8.1731678120968077e-05,2025-09-07 00:00:00+00:00,q90,reanalysis,DK2
2.4200362583927348,2.47659664906327,2.4088782173367438,2.4645017439464225,24,4,2.5278331927207134,2025-09-08 00:00:00+00:00,q90,reanalysis,DK2
5.9528919637035953,6.1789508005581988,5.9572805872356254,6.1898552293610809,24,9,5.9829432780927485,2025-09-09 00:00:00+00:00,q90,reanalysis,DK2
1.037444079277823,1.1628103270975301,0.99529882611989495,1.1225847589786662,24,0,0.8013208820957457,2025-09-10 00:00:00+00:00,q90,reanalysis,DK2
0.0029463522485039142,0.004331001598752506,0.0034807581094475014,0.0054759554699241849,24,0,0.0012876459919286389,2025-09-11 00:00:00+00:00,q90,reanalysis,DK2
8.5195494077223561e-06,2.7706470939057559e-05,8.9298786189054638e-05,0.00018192706881468441,24,0,9.4672678590856617e-06,2025-09-12 00:00:00+00:00,q90,reanalysis,DK2
2.3666278636738401e-08,3.1406032521107988e-07,1.0516007530443107e-06,8.3883390629077282e-06,24,0,9.5467246834352063e-09,2025-09-13 00:00:00+00:00,q90,reanalysis,DK2
5.8231788739401146e-06,4.5673860558074448e-05,1.1556027515692206e-05,8.649834694876171e-05,24,0,4.8419957379843409e-06,2025-09-14 00:00:00+00:00,q90,reanalysis,DK2
5.7065460962247589e-21,4.6304989757575177e-18,1.4452589587416517e-13,8.2185114867932686e-12,24,0,9.0604814587788006e-23,2025-09-15 00:00:00+00:00,q90,reanalysis,DK2
8.8644613378225834e-14,5.19443511676981e-13,1.6138212999279494e-11,1.6697665330312975e-10,24,0,1.4750139028688578e-14,2025-09-16 00:00:00+00:00,q90,reanalysis,DK2
3.8814466341689994e-07,9.4515975203256543e-07,4.9503321975519884e-07,1.0272578213708265e-06,24,0,1.1480176798586957e-07,2025-09-17 00:00:00+00:00,q90,reanalysis,DK2
2.8284248450763335e-05,5.0998889515940284e-05,2.133692681377448e-05,3.7905168296113492e-05,24,0,2.0015690738488797e-05,2025-09-18 00:00:00+00:00,q90,reanalysis,DK2
0.0030485992102930576,0.0046007128488098417,0.0041191305673645342,0.0055680904368318887,24,0,0.0015958080511383659,2025-09-19 00:00:00+00:00,q90,reanalysis,DK2
1.5091887626718559e-07,1.2426180760745638e-06,2.3246395231001829e-06,1.549796043006558e-05,24,0,1.869316945782441e-08,2025-09-20 00:00:00+00:00,q90,reanalysis,DK2
3.796051466998412e-06,9.7081362911279019e-06,4.7141806615447397e-05,7.8054217879881463e-05,24,0,1.9402660167573729e-05,2025-09-21 00:00:00+00:00,q90,reanalysis,DK2
0.011378954130776945,0.015692531762258422,0.015072473048643816,0.019775212564271765,24,0,0.0035930585817863943,2025-09-22 00:00:00+00:00,q90,reanalysis,DK2
1.0961804290696522,1.0715025977233064,1.0536499775669512,1.027150156578079,24,0,1.1728927524374393,2025-09-23 00:00:00+00:00,q90,reanalysis,DK2
1.545252554688803,1.5062830187558001,1.534209091215236,1.4941686505082343,24,1,1.5496399605690045,2025-09-24 00:00:00+00:00,q90,reanalysis,DK2
0.038340124763519196,0.041607314769475323,0.029751276020893783,0.031736551628286154,24,0,0.038759251862546237,2025-09-25 00:00:00+00:00,q90,reanalysis,DK2
0.034573804626290831,0.035006926331588556,0.03439218516970606,0.034687776686492561,24,0,0.034545032682900337,2025-09-26 00:00:00+00:00,q90,reanalysis,DK2
4.6688878274799402e-05,7.5857601133161534e-05,7.0085708334574308e-05,0.00010104373871504672,24,0,1.120589540700303e-05,2025-09-27 00:00:00+00:00,q90,reanalysis,DK2
0.043499406989516279,0.030845237638505982,0.043028803902453588,0.029334990027266191,24,0,0.024546017540735529,2025-09-28 00:00:00+00:00,q90,reanalysis,DK2
2.3843278192963986,2.3821595861520519,2.3433361838023146,2.3449609818399741,24,5,2.2516805230097741,2025-09-29 00:00:00+00:00,q90,reanalysis,DK2
2.0948794619045805,2.280864880923299,2.0902486971571688,2.2853221093321481,24,6,1.9722541141934089,2025-09-30 00:00:00+00:00,q90,reanalysis,DK2
4.3221422884845264,4.1827766229008638,4.3500879833643991,4.189681672068664,24,14,4.2832510179352941,2025-10-01 00:00:00+00:00,q90,reanalysis,DK2
3.5099447541569622,3.5666473775815191,3.4497876513374095,3.5086495364048975,24,11,3.583457155533182,2025-10-02 00:00:00+00:00,q90,reanalysis,DK2
0.90767205234518866,0.9295341882899627,0.90777191198043272,0.92898188657116809,24,1,0.92938364021812547,2025-10-03 00:00:00+00:00,q90,reanalysis,DK2
1.1112376655652453e-25,2.4267519718731201e-25,1.1499647837972224e-19,2.9549895945917886e-18,24,0,1.7177643184227746e-32,2025-10-04 00:00:00+00:00,q90,reanalysis,DK2
5.5045384176141645e-17,3.5002651057710994e-15,4.0704831368316735e-15,7.8636040097278174e-14,24,0,7.4649466962905063e-18,2025-10-05 00:00:00+00:00,q90,reanalysis,DK2
0.91754570418207326,0.93711433150318302,0.9031837274412865,0.92130428558798838,24,1,0.92430952436873914,2025-10-06 00:00:00+00:00,q90,reanalysis,DK2
2.5703400908481906,2.6335756832529271,2.556801147788144,2.6245433009725971,24,12,2.4173130311076116,2025-10-07 00:00:00+00:00,q90,reanalysis,DK2
4.4848867064560256,4.1885339726206015,4.4827786276240831,4.1565831327662721,24,8,4.3634594976534737,2025-10-08 00:00:00+00:00,q90,reanalysis,DK2
2.6952354435868728,2.5754232965068575,2.7405311682597717,2.6008569824079903,24,6,2.8186182413621288,2025-10-09 00:00:00+00:00,q90,reanalysis,DK2
0.00056639061458079397,0.00081882406575072204,0.00057405787596983193,0.000830845710163573,24,0,0.00022783396770878581,2025-10-10 00:00:00+00:00,q90,reanalysis,DK2
1.2250491996845349e-10,4.9863250729237696e-10,1.1733713758655438e-08,4.8270084044971707e-08,24,0,3.253973713312223e-13,2025-10-11 00:00:00+00:00,q90,reanalysis,DK2
0.0005714402186074557,0.00076919968094735095,0.0012572917097682821,0.0014316474956190541,24,0,0.00013121680464283817,2025-10-12 00:00:00+00:00,q90,reanalysis,DK2
2.2139968754980148,2.2206953690506741,2.2330453110373449,2.2213176907352188,24,4,1.9365964743160737,2025-10-13 00:00:00+00:00,q90,reanalysis,DK2
3.7515202645134118,3.8739932534462636,3.7429809558333442,3.8752969313349435,24,4,3.7621608696793558,2025-10-14 00:00:00+00:00,q90,reanalysis,DK2
1.5161528168808436,1.5516435424203665,1.5020708869621986,1.5446326583595262,24,4,1.4597353610588466,2025-10-15 00:00:00+00:00,q90,reanalysis,DK2
0.050855408681920317,0.066816738996936936,0.051041106921676203,0.066493836989576366,24,0,0.037599619798887651,2025-10-16 00:00:00+00:00,q90,reanalysis,DK2
0.92339089737938695,0.89866332070027144,0.94171314631037184,0.9201135599109932,24,1,0.92093418733227095,2025-10-17 00:00:00+00:00,q90,reanalysis,DK2
0.0044316880303019853,0.0082421850463935444,0.0035717749780953757,0.0072399496672012108,24,0,0.0024313946791114601,2025-10-18 00:00:00+00:00,q90,reanalysis,DK2
1.3553272590730647e-06,8.7709028652378162e-06,8.2823931147272713e-07,6.0417994277390371e-06,24,0,4.4870444418612741e-07,2025-10-19 00:00:00+00:00,q90,reanalysis,DK2
3.408393018382239e-11,6.4368904513329839e-11,3.4865160542791079e-09,9.6566133931265436e-09,24,0,1.2062175144066841e-12,2025-10-20 00:00:00+00:00,q90,reanalysis,DK2
6.5597105769915156e-09,5.6145934804120555e-08,2.5903021074750444e-07,1.8422180345319525e-06,24,0,3.1014503064864644e-10,2025-10-21 00:00:00+00:00,q90,reanalysis,DK2
0.35193800613296095,0.34646715553054147,0.35122604668618546,0.34587264935608159,24,0,0.27668079468189399,2025-10-22 00:00:00+00:00,q90,reanalysis,DK2
5.9803625071668477e-08,1.4138427101562982e-07,2.5242638938021718e-07,5.786214344567516e-07,24,0,4.9673558500170358e-09,2025-10-23 00:00:00+00:00,q90,reanalysis,DK2
1.5352331711605237e-11,8.2685039947053262e-11,4.824410053489281e-09,9.1153702299070606e-09,24,0,1.8766852816847616e-13,2025-10-24 00:00:00+00:00,q90,reanalysis,DK2
8.0945414456097158e-15,2.4451124517447049e-13,7.4236632306216577e-11,1.2162239753406735e-09,24,0,1.0859811135445705e-17,2025-10-25 00:00:00+00:00,q90,reanalysis,DK2
0,0,0,0,0,0,0,2025-10-26 00:00:00+00:00,q90,reanalysis,DK2
1.1697554941146371e-06,2.6298016895185581e-06,6.0239387864729442e-06,9.9401325076668565e-06,24,0,1.2063132925562096e-07,2025-10-27 00:00:00+00:00,q90,reanalysis,DK2
7.2672685824675e-06,1.9910282954990409e-05,8.6866761019161118e-05,0.00017153632600817916,24,0,1.0102569488600957e-06,2025-10-28 00:00:00+00:00,q90,reanalysis,DK2
0.00014656337948383525,0.00046119127578544885,0.00046704669371620724,0.0013208759281488353,24,0,3.0459244564399224e-05,2025-10-29 00:00:00+00:00,q90,reanalysis,DK2
0.00030188736094813551,0.0006991016311195152,0.0011008352631761587,0.0021052564589345195,24,0,0.0001572742930402442,2025-10-30 00:00:00+00:00,q90,reanalysis,DK2
0.00050946068967234971,0.0010356327703102584,0.001278842188823354,0.0023230073754566599,24,0,0.00019577021554843455,2025-10-31 00:00:00+00:00,q90,reanalysis,DK2
2.6514903012315648e-09,8.3770431486102663e-09,6.9137585741699045e-07,8.261984167057901e-07,24,0,3.8056088946466211e-10,2025-11-01 00:00:00+00:00,q90,reanalysis,DK2
5.9538956181837696e-07,1.6515097320549309e-06,1.2107126032867979e-05,2.0373802293391278e-05,24,0,7.9097149397730866e-08,2025-11-02 00:00:00+00:00,q90,reanalysis,DK2
0.00022546246718611616,0.00034883490068090059,0.00072631204990142154,0.00080153388495906414,24,0,7.0373191522009798e-05,2025-11-03 00:00:00+00:00,q90,reanalysis,DK2
4.0336610744045001e-09,3.329579092489822e-08,1.0957412324222468e-06,3.7281451713252094e-06,24,0,4.5300843089298041e-10,2025-11-04 00:00:00+00:00,q90,reanalysis,DK2
0.0054881205570228185,0.011253762108546748,0.010243234544716732,0.01798189695611729,24,0,0.002416371412976473,2025-11-05 00:00:00+00:00,q90,reanalysis,DK2
0.33999035468216465,0.39123513953997707,0.35802108880660244,0.40685099016587628,24,0,0.19783903334199629,2025-11-06 00:00:00+00:00,q90,reanalysis,DK2
3.1164688736416286,2.9185608764745972,3.1472079787956946,2.9302700076610924,24,5,3.1695196838619277,2025-11-07 00:00:00+00:00,q90,reanalysis,DK2
2.8895740281629658,2.8552258424474317,2.9231494263086977,2.8614745741606034,24,4,2.8878190659516583,2025-11-08 00:00:00+00:00,q90,reanalysis,DK2
0,0,0,0,0,0,0,2025-11-09 00:00:00+00:00,q90,reanalysis,DK2
5.7870658061819809,5.300035783648017,5.8555421083779793,5.3493799547875032,24,7,6.061422276517396,2025-11-10 00:00:00+00:00,q90,reanalysis,DK2
0.0011433573470016262,0.0026517266662069144,0.0028073250359103392,0.0050435844317363501,24,0,0.00037819769543199209,2025-11-11 00:00:00+00:00,q90,reanalysis,DK2
3.58586328050351e-10,3.7613126167743759e-09,3.0054298741175926e-08,1.4738600947397076e-07,24,0,3.5299902107981241e-11,2025-11-12 00:00:00+00:00,q90,reanalysis,DK2
0.00019821637073710955,0.00062143033506919425,0.00065994599273478522,0.0016033440810465081,24,0,3.9586049084526242e-05,2025-11-13 00:00:00+00:00,q90,reanalysis,DK2
0.045173953669598976,0.062710323805243995,0.04906326252041493,0.064605679132374264,24,0,0.024674996412614853,2025-11-14 00:00:00+00:00,q90,reanalysis,DK2
1.0912967164703753e-05,0.00011825626823537501,1.6215857855497568e-05,0.00014311490077417681,24,0,1.6080251857188848e-06,2025-11-15 00:00:00+00:00,q90,reanalysis,DK2
0,0,0,0,0,0,0,2025-11-16 00:00:00+00:00,q90,reanalysis,DK2
0.030696854107979257,0.059980845758656191,0.02336045242190643,0.048389287205789125,24,0,0.023560854722755483,2025-11-17 00:00:00+00:00,q90,reanalysis,DK2
0.42861899663860825,0.78196108654019836,0.37772766136034391,0.71315280767669775,24,0,0.42188507727621832,2025-11-18 00:00:00+00:00,q90,reanalysis,DK2
0.33769532387135359,0.40894309017376906,0.33855998290416567,0.39640087019643072,24,0,0.24430923185736725,2025-11-19 00:00:00+00:00,q90,reanalysis,DK2
3.7227770586939299,3.7985119456274878,3.7180198714258239,3.7976091903498017,24,8,3.656276226450434,2025-11-20 00:00:00+00:00,q90,reanalysis,DK2
4.1330117396496355,4.2047557775319255,4.1440947701187412,4.1940901891465261,24,16,4.2846040058165276,2025-11-21 00:00:00+00:00,q90,reanalysis,DK2
0.19929323942432295,0.29576957465472337,0.18622955349629089,0.28006505632607159,24,0,0.22230944773239178,2025-11-22 00:00:00+00:00,q90,reanalysis,DK2
3.3052118706731135e-09,3.0110155104391281e-08,1.2604122365881672e-07,7.7284617603879743e-07,24,0,7.8140481351061269e-11,2025-11-23 00:00:00+00:00,q90,reanalysis,DK2
3.8565277092415071,3.781724371932869,3.8402948570121476,3.7646579291972877,24,5,4.1394478922123614,2025-11-24 00:00:00+00:00,q90,reanalysis,DK2
9.3444768438993115,8.7502648933474525,9.4085635975790751,8.757869072813536,24,20,10.14277006689869,2025-11-25 00:00:00+00:00,q90,reanalysis,DK2
2.9397965118829656,2.9052506189653884,2.9336993794169346,2.8980076140851567,24,23,2.945693283353656,2025-11-26 00:00:00+00:00,q90,reanalysis,DK2
1.1173213010044407,1.0296938809492855,1.1549523119679375,1.0503080961518267,24,3,1.1478411693611585,2025-11-27 00:00:00+00:00,q90,reanalysis,DK2
1.7900498511108212e-06,2.4522332640022442e-06,2.8388648494449129e-05,4.259241180782928e-05,24,0,3.5799053730269014e-08,2025-11-28 00:00:00+00:00,q90,reanalysis,DK2
2.3023510857435644e-10,1.5087337078704365e-09,6.0860101635105078e-09,1.9824964833907562e-08,24,0,3.6153290015797384e-12,2025-11-29 00:00:00+00:00,q90,reanalysis,DK2
1.3915843632123593e-06,2.5104422658233792e-06,1.3381887364908911e-05,3.0443155358218741e-05,24,0,5.3367926890647304e-08,2025-11-30 00:00:00+00:00,q90,reanalysis,DK2
4.5290070197942335e-06,3.260285672397084e-06,2.323758010744633e-05,2.4613614104461594e-05,24,0,1.1642439691671021e-07,2025-12-01 00:00:00+00:00,q90,reanalysis,DK2
0.88143977470067181,0.876492392653059,0.8713873084925966,0.86693383805820989,24,1,0.91639957098401792,2025-12-02 00:00:00+00:00,q90,reanalysis,DK2
7.2993175711695724,7.3083416906801393,7.2611082073860951,7.2917198831607593,24,16,7.8909729202777035,2025-12-03 00:00:00+00:00,q90,reanalysis,DK2
8.9885263210008901,8.9230654331502421,8.8622670529422418,8.8358505119730655,24,11,9.4869779075352678,2025-12-04 00:00:00+00:00,q90,reanalysis,DK2
9.5205670005116705,9.589101801189635,9.6320090104501759,9.6938020450709139,24,16,10.270838697975375,2025-12-05 00:00:00+00:00,q90,reanalysis,DK2
7.3205568876745009e-16,1.0721129661945218e-15,9.2660896898006516e-15,6.7088030474258001e-15,24,0,7.1496225710585213e-17,2025-12-06 00:00:00+00:00,q90,reanalysis,DK2
7.6043922207684003e-11,9.9717612319105042e-11,3.5456301030267509e-10,2.7723928632003057e-10,24,0,5.0062219973662674e-12,2025-12-07 00:00:00+00:00,q90,reanalysis,DK2
2.7639802086982579e-08,4.1778173681262608e-08,5.1936149596640873e-07,3.9375360130520379e-07,24,0,9.5589172443677833e-10,2025-12-08 00:00:00+00:00,q90,reanalysis,DK2
5.7112682719096214e-05,6.6067483254266888e-05,0.0002196200568932671,0.00018725608568800618,24,0,2.3252974924654631e-05,2025-12-09 00:00:00+00:00,q90,reanalysis,DK2
3.1966311861499785e-05,5.1228833135012624e-05,0.00022700775763617216,0.00032575108996350924,24,0,2.1945074097519937e-06,2025-12-10 00:00:00+00:00,q90,reanalysis,DK2
0.00044421866734037412,0.00044078996812581424,0.0018031247165351105,0.0020086949274880791,24,0,6.0961665602375179e-05,2025-12-11 00:00:00+00:00,q90,reanalysis,DK2
1.5050220898441724,1.4914767081047484,1.5195733511818732,1.5019264844191984,24,2,1.4946100072638835,2025-12-12 00:00:00+00:00,q90,reanalysis,DK2
0.033295653188960626,0.037298201715363362,0.04693484782423403,0.05145461411795977,24,0,0.009343839168155928,2025-12-13 00:00:00+00:00,q90,reanalysis,DK2
2.7684539290929789e-05,3.8349599860032125e-05,0.0001206640975326828,0.00018448861414110842,24,0,2.4502828908693125e-06,2025-12-14 00:00:00+00:00,q90,reanalysis,DK2
0.00020883411620378959,0.00026989368185303573,0.00074167493144791923,0.00079539820418879272,24,0,6.4881713206818098e-05,2025-12-15 00:00:00+00:00,q90,reanalysis,DK2
0.37849250581230759,0.43862896528321926,0.39141897619638777,0.44773871332793802,24,0,0.22510188453335483,2025-12-16 00:00:00+00:00,q90,reanalysis,DK2
0.29267016877005636,0.34899240858146235,0.3044509090499915,0.36114903939914295,24,0,0.14807968595763787,2025-12-17 00:00:00+00:00,q90,reanalysis,DK2
2.3877266179784808e-09,4.1707328659784119e-09,5.1965902177169281e-08,5.6469625268475025e-08,24,0,3.6985817675342602e-10,2025-12-18 00:00:00+00:00,q90,reanalysis,DK2
0.0005405938924322581,0.00083079888535257077,0.0019505219973934703,0.0026105385063845536,24,0,8.9643528718675756e-05,2025-12-19 00:00:00+00:00,q90,reanalysis,DK2
0.00046408166645934326,0.0010555881135157455,0.0013037853716781826,0.0025540799326383141,24,0,5.8752501570506194e-05,2025-12-20 00:00:00+00:00,q90,reanalysis,DK2
4.2682335099465871e-05,0.00016470176560676587,6.2032639805306491e-05,0.00019296052602054656,24,0,6.2424441554464337e-06,2025-12-21 00:00:00+00:00,q90,reanalysis,DK2
0.019080676492991472,0.025626911952260037,0.027183547099772692,0.035167817456070949,24,0,0.0066381843086721921,2025-12-22 00:00:00+00:00,q90,reanalysis,DK2
0.00016606753919308547,0.00036798885512238488,0.00023260570573329454,0.00053142404008280064,24,0,3.1409232461995871e-05,2025-12-23 00:00:00+00:00,q90,reanalysis,DK2
0.0025978161492485846,0.0034720739529449682,0.0027424707756857633,0.0034047515149328677,24,0,0.00095129214146273688,2025-12-24 00:00:00+00:00,q90,reanalysis,DK2
0.09117737343350038,0.09903727194160987,0.084620890964325901,0.089995398891912395,24,0,0.059123962767442945,2025-12-25 00:00:00+00:00,q90,reanalysis,DK2
0.0069055643651744197,0.0099476556304651589,0.013986486046980464,0.018460668023796964,24,0,0.0018687777932147938,2025-12-26 00:00:00+00:00,q90,reanalysis,DK2
0.00014451330234535752,0.000411086333872349,0.00042165529880057131,0.00094097170698810833,24,0,4.3666593546489117e-05,2025-12-27 00:00:00+00:00,q90,reanalysis,DK2
0.0020643427274339896,0.0030748947330233255,0.0031522125669564693,0.0044111210309979478,24,0,0.00098831547879006253,2025-12-28 00:00:00+00:00,q90,reanalysis,DK2
0.06430622611498378,0.081251849378973673,0.062572114133123427,0.079387534714912833,24,0,0.029435425818799554,2025-12-29 00:00:00+00:00,q90,reanalysis,DK2
0.04197331685408863,0.04394466322436541,0.050873717684075871,0.053303757937911506,24,0,0.014956671220896882,2025-12-30 00:00:00+00:00,q90,reanalysis,DK2
0.44473254701568044,0.53373899075112763,0.44829131404761879,0.53731487620700324,24,0,0.31854644618195749,2025-12-31 00:00:00+00:00,q90,reanalysis,DK2
1.4204768959571912e-06,4.5953274827942139e-06,1.1587732609711622e-05,3.3397697140419041e-05,24,0,5.7837637654423966e-08,2024-01-01 00:00:00+00:00,q95,reanalysis,DK2
2.5119246599287961e-09,2.2973638561357753e-08,2.8013762075219046e-08,2.1053528143239088e-07,24,0,1.2041797992653861e-11,2024-01-02 00:00:00+00:00,q95,reanalysis,DK2
2.4029745732329128e-12,5.0623302594099774e-11,8.4590393464242106e-11,1.4703029535908302e-09,24,0,3.4169445303934702e-15,2024-01-03 00:00:00+00:00,q95,reanalysis,DK2
0.0019464818513553483,0.004371542288261655,0.0033070618555771716,0.0062911853001461912,24,0,0.00090429717650745143,2024-01-04 00:00:00+00:00,q95,reanalysis,DK2
0.00048458953550631318,0.0012180872076841811,0.00034513113546224292,0.00093221790187657597,24,0,0.0003937276300968102,2024-01-05 00:00:00+00:00,q95,reanalysis,DK2
1.3616665351597543e-07,6.7693256380109792e-07,7.1350147027140205e-06,2.0210612413463784e-05,24,0,1.1652877222108945e-08,2024-01-06 00:00:00+00:00,q95,reanalysis,DK2
6.9356472123177767e-10,1.8329334236838399e-09,1.0940003255412579e-06,1.2445010200803231e-06,24,0,3.7464967549920007e-09,2024-01-07 00:00:00+00:00,q95,reanalysis,DK2
0.01078437312938485,0.013608307419271284,0.015254010124422854,0.017733583443659866,24,0,0.048866358140096121,2024-01-08 00:00:00+00:00,q95,reanalysis,DK2
13.856240954943109,12.17013188332607,13.820708927605983,12.125650169071125,24,19,12.793499740133626,2024-01-09 00:00:00+00:00,q95,reanalysis,DK2
12.863707825681418,11.118619866180985,12.855380758938749,11.093731449727818,24,22,13.098714602020593,2024-01-10 00:00:00+00:00,q95,reanalysis,DK2
5.7447995916388077,5.4047510730249284,5.7880879099637363,5.4535421717202173,24,8,5.9632923812726135,2024-01-11 00:00:00+00:00,q95,reanalysis,DK2
6.3164445809865457,6.022605322248241,6.2595625168396909,5.9798844891120391,24,9,6.7492738008725413,2024-01-12 00:00:00+00:00,q95,reanalysis,DK2
2.1461511817655826e-08,6.6625620086307484e-08,1.2406146041332165e-07,5.429346187393122e-07,24,0,2.0033616699382503e-09,2024-01-13 00:00:00+00:00,q95,reanalysis,DK2
3.0611990386269678e-11,5.9602095514856336e-11,8.5610709251807848e-09,1.4179889565116036e-08,24,0,1.9800213463339006e-12,2024-01-14 00:00:00+00:00,q95,reanalysis,DK2
1.7158863922282472e-08,1.4689368720445536e-08,7.6590437341323594e-06,6.2828504204210751e-06,24,0,1.4856586652730965e-05,2024-01-15 00:00:00+00:00,q95,reanalysis,DK2
9.1846006672969693,8.8478588811747922,9.1865651178311882,8.8797144469273093,24,10,9.097682389931844,2024-01-16 00:00:00+00:00,q95,reanalysis,DK2
0.0062552661259828194,0.011404918372667168,0.009080731022803594,0.015058201926237538,24,0,0.0026798492361419014,2024-01-17 00:00:00+00:00,q95,reanalysis,DK2
2.8656790300884789,2.8124287426183172,2.8327649373021395,2.7824261163525992,24,3,2.9144992431054129,2024-01-18 00:00:00+00:00,q95,reanalysis,DK2
5.6612703124913076e-05,0.00018253976425789854,4.0996591531816509e-05,0.00013918820275295814,24,0,3.9783514004225428e-05,2024-01-19 00:00:00+00:00,q95,reanalysis,DK2
8.7906196348117461e-05,7.7676697812806067e-05,0.00039847917014585685,0.00033101675136554943,24,0,2.2967101934317472e-05,2024-01-20 00:00:00+00:00,q95,reanalysis,DK2
7.4349524019498144e-27,2.4038576260298926e-26,7.0664196250136751e-19,1.8957606504006695e-17,24,0,2.2202925557614618e-33,2024-01-21 00:00:00+00:00,q95,reanalysis,DK2
1.977427770356195e-27,3.3769409719281335e-28,3.2128059716961781e-22,3.2267972323770051e-23,24,0,1.605654563110911e-39,2024-01-22 00:00:00+00:00,q95,reanalysis,DK2
1.21524225062723e-19,3.9568437269817e-19,4.5999417246328342e-15,2.9494283789293726e-14,24,0,4.0248467010913853e-25,2024-01-23 00:00:00+00:00,q95,reanalysis,DK2
3.2244389356160574e-18,1.917528610781424e-18,2.9652865836252496e-12,2.2823016654163382e-12,24,0,5.6125894881783997e-21,2024-01-24 00:00:00+00:00,q95,reanalysis,DK2
0.00072412533843144514,0.0016016417483752275,0.0010871895049677299,0.0021992214424641078,24,0,5.0243097888767005e-05,2024-01-25 00:00:00+00:00,q95,reanalysis,DK2
1.7451788861733295e-06,5.9014375097154544e-06,4.051276243318769e-06,1.2544510265599133e-05,24,0,5.7496121629227838e-08,2024-01-26 00:00:00+00:00,q95,reanalysis,DK2
1.3668910350398806e-06,1.6165045715717249e-06,1.6942093460703611e-05,2.0541009468607317e-05,24,0,1.4422876588468492e-08,2024-01-27 00:00:00+00:00,q95,reanalysis,DK2
3.3302231624990367e-08,1.180624305010243e-07,9.7172195653110763e-07,2.5674777990681269e-06,24,0,9.5117256829139851e-11,2024-01-28 00:00:00+00:00,q95,reanalysis,DK2
0.010386314514035705,0.015090775357592838,0.0098563882603872818,0.014525369731277849,24,0,0.0019455152774140174,2024-01-29 00:00:00+00:00,q95,reanalysis,DK2
0.0075620850262091768,0.013530112532443194,0.013330188867348391,0.02144084770607076,24,0,0.00067624950415742845,2024-01-30 00:00:00+00:00,q95,reanalysis,DK2
0.0011728737039043932,0.0017167466577153534,0.0025361338830845129,0.0036417342085296712,24,0,0.00011958064363938463,2024-01-31 00:00:00+00:00,q95,reanalysis,DK2
0.0014934812883567743,0.0022836333698679208,0.0030513331988995104,0.0046612515482520479,24,0,0.00013209739825239389,2024-02-01 00:00:00+00:00,q95,reanalysis,DK2
3.1848127205856051e-06,6.5025499878653426e-06,2.4418838807775048e-05,4.7708273963889855e-05,24,0,7.0736396397985577e-08,2024-02-02 00:00:00+00:00,q95,reanalysis,DK2
5.8078678295395682e-16,5.2894705414474685e-15,4.5906832514998564e-14,8.5955537734630789e-13,24,0,3.6690742975593035e-21,2024-02-03 00:00:00+00:00,q95,reanalysis,DK2
1.6902098564673455e-23,2.5850908646381986e-21,1.6476940908026386e-15,2.170027926386062e-15,24,0,1.1758768330299318e-25,2024-02-04 00:00:00+00:00,q95,reanalysis,DK2
3.6633081498404791e-08,3.516546344688567e-07,4.5927196333967984e-07,2.6178411424863063e-06,24,0,8.2016564381414594e-09,2024-02-05 00:00:00+00:00,q95,reanalysis,DK2
9.0734092950020635e-14,1.2090920072318554e-11,3.2690121649826952e-10,1.1480342593826678e-08,24,0,3.1934474072553269e-16,2024-02-06 00:00:00+00:00,q95,reanalysis,DK2
0.0023206107867679532,0.0062879819980473711,0.0027254451957773001,0.0068288882820392565,24,0,0.00053958485408611527,2024-02-07 00:00:00+00:00,q95,reanalysis,DK2
0.1256747901686687,0.21857077864479743,0.1320600744329134,0.22399410819265492,24,0,0.058903765770013564,2024-02-08 00:00:00+00:00,q95,reanalysis,DK2
1.642818711646378e-06,1.6928519215455123e-05,7.6970209520435933e-06,5.3754912947733464e-05,24,0,2.1682920407488265e-07,2024-02-09 00:00:00+00:00,q95,reanalysis,DK2
1.840013958220357e-05,0.00011189168658804246,0.00011626460344105843,0.00043478493119127168,24,0,3.0114755711531464e-07,2024-02-10 00:00:00+00:00,q95,reanalysis,DK2
2.3356041935942588e-10,1.0945079371153138e-08,1.713028637142318e-08,3.659928577115586e-07,24,0,1.0815284513710881e-13,2024-02-11 00:00:00+00:00,q95,reanalysis,DK2
0.05237276766790782,0.098799957881060427,0.049365822257987441,0.09159191835776373,24,0,0.029000326308507424,2024-02-12 00:00:00+00:00,q95,reanalysis,DK2
2.9148266793871432e-05,0.00014147858601577909,0.0001689503749449041,0.00056345493854896263,24,0,2.370422046195543e-06,2024-02-13 00:00:00+00:00,q95,reanalysis,DK2
9.5463357099328207e-05,0.00056638416401887245,0.0001157173511538432,0.0006380929532636239,24,0,1.4881979859711755e-05,2024-02-14 00:00:00+00:00,q95,reanalysis,DK2
0.029610516390181189,0.056630273671660347,0.037705710307130512,0.066546439511085673,24,0,0.007914931213615025,2024-02-15 00:00:00+00:00,q95,reanalysis,DK2
5.92365839352335e-07,4.1310879975870842e-06,4.9271598608659782e-06,2.2564464001039213e-05,24,0,8.8025544727855425e-09,2024-02-16 00:00:00+00:00,q95,reanalysis,DK2
1.7520298986465501e-05,6.0600967280172059e-05,8.2106065399111734e-05,0.00022551103934588616,24,0,1.2019431194337835e-07,2024-02-17 00:00:00+00:00,q95,reanalysis,DK2
6.5420331314856305e-10,8.9103249537943985e-09,3.1363852661739495e-08,3.7403341874228221e-07,24,0,1.4378441498538574e-13,2024-02-18 00:00:00+00:00,q95,reanalysis,DK2
1.7631835871181062e-06,1.0672095656246239e-05,2.7246644615982439e-05,9.6118168457718536e-05,24,0,3.1088121838214079e-08,2024-02-19 00:00:00+00:00,q95,reanalysis,DK2
3.24168629144955e-07,2.8241404202006747e-06,6.4479541868534107e-06,3.0113931400774206e-05,24,0,3.575822666727515e-09,2024-02-20 00:00:00+00:00,q95,reanalysis,DK2
1.1586159798757504e-08,1.8237968319979735e-07,2.7342057336110119e-07,2.4732641944210165e-06,24,0,3.0914018418349092e-10,2024-02-21 00:00:00+00:00,q95,reanalysis,DK2
1.9734124310595109e-07,1.1178182560117408e-06,3.5022541705626436e-06,1.0996236503733423e-05,24,0,5.5758911884787925e-09,2024-02-22 00:00:00+00:00,q95,reanalysis,DK2
6.0827591889668089e-05,0.00022867163236513609,0.00024115886061637485,0.00069630477591062505,24,0,4.1969824195176647e-06,2024-02-23 00:00:00+00:00,q95,reanalysis,DK2
3.2191220935469197e-06,1.8200730593124236e-05,2.9314481021762116e-05,0.00010816738504540903,24,0,1.4723160770547816e-07,2024-02-24 00:00:00+00:00,q95,reanalysis,DK2
1.3801736989954525e-05,6.7337709965560878e-05,8.9610666759028012e-05,0.00029581390132513673,24,0,5.290494225101697e-07,2024-02-25 00:00:00+00:00,q95,reanalysis,DK2
0.00016066611469627305,0.00036774723690680366,0.00049896881170958011,0.0010209423950741853,24,0,1.2643529251709973e-05,2024-02-26 00:00:00+00:00,q95,reanalysis,DK2
7.9190545579048468,7.6402300477568046,8.0480940017325615,7.7789514465079863,24,15,8.4050151820335337,2024-02-27 00:00:00+00:00,q95,reanalysis,DK2
3.8087514932364765,3.6966664216357268,3.8290856072119168,3.7207244052928687,24,5,3.9402110598477109,2024-02-28 00:00:00+00:00,q95,reanalysis,DK2
1.3159094890819926e-07,1.1178487668268075e-06,3.4750909681021838e-06,1.55899026592643e-05,24,0,9.2384973405760732e-10,2024-02-29 00:00:00+00:00,q95,reanalysis,DK2
3.4124526467308669e-06,1.3776884965919114e-05,3.5014642442053461e-05,9.5114298880683018e-05,24,0,1.720343975057495e-07,2024-03-01 00:00:00+00:00,q95,reanalysis,DK2
2.4981331321970022e-07,3.3049734193971168e-07,4.2394827093414327e-06,3.6736538484447418e-06,24,0,1.4923464581893561e-09,2024-03-02 00:00:00+00:00,q95,reanalysis,DK2
4.132030139344261e-06,1.7706782007953882e-05,2.5482701061215551e-05,7.3675843884806193e-05,24,0,9.2241642243503349e-08,2024-03-03 00:00:00+00:00,q95,reanalysis,DK2
0.059711480531940614,0.082099173605202233,0.064045263226430435,0.08632778504564291,24,0,0.026002249743164361,2024-03-04 00:00:00+00:00,q95,reanalysis,DK2
0.069027106319852663,0.10626040018738847,0.083016701482589716,0.12188981261034654,24,0,0.034309072077247017,2024-03-05 00:00:00+00:00,q95,reanalysis,DK2
3.3678677284351548,3.4844408915683491,3.4173217333005019,3.5478229683017664,24,5,3.2732635103932162,2024-03-06 00:00:00+00:00,q95,reanalysis,DK2
0.0025990845455571934,0.0057058031318725959,0.0052365561704158375,0.010227622606334004,24,0,0.0010498934146598096,2024-03-07 00:00:00+00:00,q95,reanalysis,DK2
5.4411542925880682e-06,1.987656976843197e-05,0.00011207779288166782,0.00026126895726004694,24,0,2.7251318662691118e-06,2024-03-08 00:00:00+00:00,q95,reanalysis,DK2
1.5713341416848711e-15,1.1998838582535231e-13,3.975341596647376e-12,4.9651902395876515e-11,24,0,5.6132199642694572e-19,2024-03-09 00:00:00+00:00,q95,reanalysis,DK2
9.4354024048512234e-13,3.5228958126763074e-11,2.5667234031740497e-12,9.2615362598062579e-11,24,0,2.7682657451673946e-15,2024-03-10 00:00:00+00:00,q95,reanalysis,DK2
0.0071900222999810833,0.012319730273486353,0.010928322435614668,0.017395399898561342,24,0,0.0014216359255742148,2024-03-11 00:00:00+00:00,q95,reanalysis,DK2
9.339569375740302,9.1404006337788264,9.3389455332919038,9.1431816513085149,24,16,10.24205641828447,2024-03-12 00:00:00+00:00,q95,reanalysis,DK2
1.617128783285585,1.5619920232233029,1.6278000193113655,1.5762704818331899,24,2,1.7664586488875862,2024-03-13 00:00:00+00:00,q95,reanalysis,DK2
4.7029802068609703e-05,0.00010700461650949322,0.00020181416707276657,0.00038141905316394078,24,0,3.7916294313261602e-06,2024-03-14 00:00:00+00:00,q95,reanalysis,DK2
3.7248127255122423e-07,1.4615340677557585e-06,8.1188783886467743e-06,2.3734823849510977e-05,24,0,2.683365033120559e-08,2024-03-15 00:00:00+00:00,q95,reanalysis,DK2
3.8826197242041612e-09,3.2640493211613647e-08,1.6778829645951676e-07,8.0439137699305077e-07,24,0,2.2835266774025644e-12,2024-03-16 00:00:00+00:00,q95,reanalysis,DK2
5.7177205964082213e-05,4.4942976628433301e-05,9.539648461911115e-05,6.7726065827002617e-05,24,0,5.2942405256645935e-06,2024-03-17 00:00:00+00:00,q95,reanalysis,DK2
0.15611624063578469,0.22125252278346416,0.17017424648937224,0.23308537043409372,24,0,0.063660786605161543,2024-03-18 00:00:00+00:00,q95,reanalysis,DK2
0.093588662503527015,0.070567232425401472,0.096336284280065396,0.067595996917649684,24,0,0.037080843996616882,2024-03-19 00:00:00+00:00,q95,reanalysis,DK2
4.8213951749160699,4.49616276449028,4.8717050604905969,4.5335663276264979,24,8,5.1974331615984299,2024-03-20 00:00:00+00:00,q95,reanalysis,DK2
0.25549795021622462,0.35157627149475384,0.26656061526227598,0.36087182491012337,24,0,0.11470327548388208,2024-03-21 00:00:00+00:00,q95,reanalysis,DK2
4.9104430107101452e-07,2.7464543972907622e-06,7.8177910587558857e-06,2.7591640610610596e-05,24,0,6.1186268331561901e-09,2024-03-22 00:00:00+00:00,q95,reanalysis,DK2
2.6951246464866332e-13,7.9131511392709633e-12,3.3379227828275746e-11,4.9472736051979413e-10,24,0,1.2399199126272457e-17,2024-03-23 00:00:00+00:00,q95,reanalysis,DK2
0.014116311658222733,0.019384036305076447,0.014590541353426134,0.020629724526627102,24,0,0.0091010779849126974,2024-03-24 00:00:00+00:00,q95,reanalysis,DK2
1.7743831545915432,1.7159152075568755,1.7796022498286577,1.720725180598448,24,3,1.8423944171464841,2024-03-25 00:00:00+00:00,q95,reanalysis,DK2
0.03149864329871075,0.039024971007994007,0.031224320109527609,0.037293486837102069,24,0,0.024410708312560835,2024-03-26 00:00:00+00:00,q95,reanalysis,DK2
0.1305926447846216,0.17771266255815865,0.14448206551278756,0.19350587414907008,24,0,0.076982319708877756,2024-03-27 00:00:00+00:00,q95,reanalysis,DK2
1.2883365999405686e-05,3.8900932510670214e-05,0.00011537049972781814,0.00024361442224329099,24,0,2.6958380805810842e-06,2024-03-28 00:00:00+00:00,q95,reanalysis,DK2
1.7111228320492669e-05,7.1111548924028875e-05,5.192411304004341e-05,0.00018316104752632366,24,0,1.851817268680902e-06,2024-03-29 00:00:00+00:00,q95,reanalysis,DK2
2.7932355739371831e-05,8.3961453562443101e-05,0.00011321455553470876,0.00026206206386413926,24,0,9.2460772939971873e-06,2024-03-30 00:00:00+00:00,q95,reanalysis,DK2
3.6597666230144815e-08,7.9241031886093482e-08,2.2625474621333982e-07,3.6595300957083941e-07,24,0,7.7287211205605164e-10,2024-03-31 00:00:00+00:00,q95,reanalysis,DK2
0.00019697283714009911,0.00042709590519967162,0.00067039530417456852,0.0012306951348786236,24,0,2.5413461196379361e-05,2024-04-01 00:00:00+00:00,q95,reanalysis,DK2
7.685513357342839e-08,2.8929125566452288e-07,3.4261899036181153e-06,1.1523469870836798e-05,24,0,7.9262874449020321e-09,2024-04-02 00:00:00+00:00,q95,reanalysis,DK2
0.36196522998138592,0.3810384688113318,0.36823037116299739,0.38704492484763042,24,0,0.22843875610750988,2024-04-03 00:00:00+00:00,q95,reanalysis,DK2
0.00022058917021542708,0.0003379312521186502,0.00048869061594787925,0.00064872421398800108,24,0,3.0105619316381389e-05,2024-04-04 00:00:00+00:00,q95,reanalysis,DK2
1.1927043853209128e-06,2.6775713794448452e-06,1.1291304826500115e-05,1.6553567491059575e-05,24,0,1.4825148466426548e-07,2024-04-05 00:00:00+00:00,q95,reanalysis,DK2
1.4850664859569523e-15,6.48896443579017e-15,4.3354446230539532e-14,1.4060710400838011e-13,24,0,2.845326982803164e-17,2024-04-06 00:00:00+00:00,q95,reanalysis,DK2
2.0662269759576566e-06,2.0234739842351523e-06,1.8220048867639121e-05,1.5863839583986356e-05,24,0,4.5742862830100948e-08,2024-04-07 00:00:00+00:00,q95,reanalysis,DK2
0.025652006141296757,0.03046071081935036,0.028871948716216827,0.033410321457428012,24,0,0.0090919216802483448,2024-04-08 00:00:00+00:00,q95,reanalysis,DK2
0.0026244070054631911,0.0035453717395015293,0.0041047384033994902,0.0053024146764681195,24,0,0.0012658845866308738,2024-04-09 00:00:00+00:00,q95,reanalysis,DK2
0.0025098433032584816,0.0037879726975245187,0.0035164911499274806,0.0047979393688755787,24,0,0.00054626234147160733,2024-04-10 00:00:00+00:00,q95,reanalysis,DK2
0.0034756228855659889,0.0052228480750270995,0.0052316536653079174,0.0069907139655983296,24,0,0.00073246184185295671,2024-04-11 00:00:00+00:00,q95,reanalysis,DK2
4.059974570822377e-08,2.4995413339130275e-07,1.3985866159943598e-06,5.8937122704370654e-06,24,0,2.3767370916503645e-10,2024-04-12 00:00:00+00:00,q95,reanalysis,DK2
1.9187182055071089e-13,2.0542705282281738e-11,1.5802687787087299e-10,4.5004423799923855e-09,24,0,1.475351087873093e-16,2024-04-13 00:00:00+00:00,q95,reanalysis,DK2
1.4922322616643656e-07,9.5190930477378103e-07,1.773012679479078e-06,1.0450401121130892e-05,24,0,1.780605375003413e-09,2024-04-14 00:00:00+00:00,q95,reanalysis,DK2
9.4942820922109397e-06,1.7575066253253382e-05,4.0226647702831518e-05,5.6071022895977959e-05,24,0,1.0441830473501595e-06,2024-04-15 00:00:00+00:00,q95,reanalysis,DK2
0.032446536736914444,0.050043354790290207,0.03340079514203835,0.050517290433999551,24,0,0.027359155451082823,2024-04-16 00:00:00+00:00,q95,reanalysis,DK2
2.5694845901763794,2.5564084744922382,2.5681862202773029,2.5524132370958852,24,11,2.5585868811441479,2024-04-17 00:00:00+00:00,q95,reanalysis,DK2
2.4361618477029072,2.573842637215797,2.3656586621830735,2.4959807368652029,24,9,2.3998720164394407,2024-04-18 00:00:00+00:00,q95,reanalysis,DK2
0.02106833703173662,0.038693834331306784,0.024590474340618729,0.042087299705408969,24,0,0.020857198766419664,2024-04-19 00:00:00+00:00,q95,reanalysis,DK2
0.02040798007344688,0.033178298241861609,0.024315569918370614,0.036845036678081193,24,0,0.017864036281988519,2024-04-20 00:00:00+00:00,q95,reanalysis,DK2
0.3598457903164598,0.4001011748367983,0.34537165962664917,0.38734879834935881,24,0,0.35285089905733091,2024-04-21 00:00:00+00:00,q95,reanalysis,DK2
6.5423349715936148,6.2422841313743263,6.5619640124243119,6.2489405324905638,24,16,6.2609637920384351,2024-04-22 00:00:00+00:00,q95,reanalysis,DK2
8.0056385339846052,8.1308668453984474,7.938481587099802,8.0684479584566535,24,9,8.3823498523085753,2024-04-23 00:00:00+00:00,q95,reanalysis,DK2
2.1451804013688887,2.5149360062912445,2.0473797070707067,2.415126037845047,24,0,2.261165351718105,2024-04-24 00:00:00+00:00,q95,reanalysis,DK2
5.1660408242830291,5.317657561966155,5.1490802935320197,5.3005203779923082,24,8,5.1655771014355265,2024-04-25 00:00:00+00:00,q95,reanalysis,DK2
6.7922831673705666,6.7653676147249291,6.7844685767222854,6.764714748647715,24,14,7.2714210837843272,2024-04-26 00:00:00+00:00,q95,reanalysis,DK2
0.0056110475241731564,0.0058129678617516323,0.0068160182050543442,0.0074183040163454577,24,0,0.0011952325528260786,2024-04-27 00:00:00+00:00,q95,reanalysis,DK2
0.034100960325674903,0.034128123460027145,0.034367363725987317,0.034469582414243222,24,0,0.014632093295605331,2024-04-28 00:00:00+00:00,q95,reanalysis,DK2
1.4559906994901439,1.3991769944129502,1.4273391020891881,1.3761747451640678,24,1,1.3795380836713695,2024-04-29 00:00:00+00:00,q95,reanalysis,DK2
0.00043026651829952467,0.0010136776115184545,0.00083082306667839106,0.0018155982920793296,24,0,0.00010995052294143121,2024-04-30 00:00:00+00:00,q95,reanalysis,DK2
0.00012310571043465474,0.00044834267027670085,0.00025504132358145255,0.00063748980214221049,24,0,6.3519607923308684e-05,2024-05-01 00:00:00+00:00,q95,reanalysis,DK2
6.982173720042855e-06,1.8109455719601177e-05,6.6895073010041295e-06,1.7425983159878542e-05,24,0,2.9687249686247766e-06,2024-05-02 00:00:00+00:00,q95,reanalysis,DK2
0.28868226015827586,0.32166871986402595,0.2725665070397244,0.30249616404191304,24,0,0.24308624746617863,2024-05-03 00:00:00+00:00,q95,reanalysis,DK2
1.2620335639790543,1.232372375081112,1.2366394473269482,1.2055652621459809,24,1,1.2121969951360363,2024-05-04 00:00:00+00:00,q95,reanalysis,DK2
0.048992896491235491,0.058285585149890941,0.055715619600316665,0.065524792613192828,24,0,0.026690896347033116,2024-05-05 00:00:00+00:00,q95,reanalysis,DK2
3.5494919529970743,3.656719063800896,3.5523750995604675,3.6552529516763554,24,6,3.4648008940176136,2024-05-06 00:00:00+00:00,q95,reanalysis,DK2
6.1939755734778412,6.2421990714416227,6.2189490319126586,6.2683990729503041,24,12,6.1406344199184328,2024-05-07 00:00:00+00:00,q95,reanalysis,DK2
3.209522283957372,3.2147321184519044,3.2608557207896967,3.266489903634695,24,5,3.2193833063353017,2024-05-08 00:00:00+00:00,q95,reanalysis,DK2
0.14969361535546791,0.15961942210057758,0.16367271886788073,0.17648630818152117,24,0,0.076142858802074928,2024-05-09 00:00:00+00:00,q95,reanalysis,DK2
0.041887898929424405,0.062002909681083143,0.049583303174660281,0.07311550489037183,24,0,0.021239612791802805,2024-05-10 00:00:00+00:00,q95,reanalysis,DK2
0.003862940045999322,0.004289093541101561,0.0061503458786128758,0.0071288972080655634,24,0,0.001697104279407252,2024-05-11 00:00:00+00:00,q95,reanalysis,DK2
0.00032801669605501412,0.0013134769896840184,0.00099899818124094485,0.0029166015996002154,24,0,0.00028131383277081514,2024-05-12 00:00:00+00:00,q95,reanalysis,DK2
0.000109339036486233,0.00040217469352612183,0.00020229107779950114,0.00063295964947984143,24,0,3.6770659353081061e-05,2024-05-13 00:00:00+00:00,q95,reanalysis,DK2
7.5968064149811128e-06,5.9929393436090613e-05,2.3918030780423038e-05,0.00010982265199969499,24,0,3.5284497180211039e-06,2024-05-14 00:00:00+00:00,q95,reanalysis,DK2
4.0543070709102908e-05,0.00034692318025963525,4.4271458598208213e-05,0.00032772921281032618,24,0,3.062712900076694e-05,2024-05-15 00:00:00+00:00,q95,reanalysis,DK2
7.6407683700039955e-06,8.4635724131222492e-06,4.6415774066770065e-06,4.8163024516957821e-06,24,0,6.1147007867188042e-06,2024-05-16 00:00:00+00:00,q95,reanalysis,DK2
0.038062380186137008,0.038165220238188073,0.033984269410961387,0.033655482677210566,24,0,0.029283091089247443,2024-05-17 00:00:00+00:00,q95,reanalysis,DK2
0.00061719847495128773,0.0019119647614480983,0.00056851180836875708,0.0018273927505573521,24,0,0.00028581706252943639,2024-05-18 00:00:00+00:00,q95,reanalysis,DK2
2.0525029055585501e-05,4.5281860599656177e-05,0.00015077242202200618,0.00027794840449331658,24,0,2.5057806588074737e-06,2024-05-19 00:00:00+00:00,q95,reanalysis,DK2
0.00025032869805194586,0.00092847712747505811,0.00046172433860601492,0.0013226548138953876,24,0,9.7725584578489406e-05,2024-05-20 00:00:00+00:00,q95,reanalysis,DK2
8.0960623520922554e-05,9.2794445873533996e-05,9.4897199356813877e-05,0.00012525231962638248,24,0,3.2178180345923588e-05,2024-05-21 00:00:00+00:00,q95,reanalysis,DK2
0.94733918976418641,0.93775248649631948,0.95252543959377067,0.94439798514471684,24,1,0.94934196921155345,2024-05-22 00:00:00+00:00,q95,reanalysis,DK2
1.8238331624668536,1.989710203958593,1.831215551091625,1.9994189558459037,24,5,1.7840271940429258,2024-05-23 00:00:00+00:00,q95,reanalysis,DK2
3.8474552486661837,3.4933254219242476,3.7747093609630209,3.4103680267228746,24,5,3.7249606428293482,2024-05-24 00:00:00+00:00,q95,reanalysis,DK2
0.029286161883469872,0.027011093262586879,0.032122895627241604,0.028820400381508144,24,0,0.014243329771918225,2024-05-25 00:00:00+00:00,q95,reanalysis,DK2
0.029397028575862353,0.027502848198487265,0.030364019385761755,0.027730004814367722,24,0,0.018959477699109946,2024-05-26 00:00:00+00:00,q95,reanalysis,DK2
3.0927373134786946,3.0761859484801417,3.0414799473064189,3.019211977803006,24,3,3.0335322544881897,2024-05-27 00:00:00+00:00,q95,reanalysis,DK2
0.58190312380619924,0.65752532087724946,0.58930914169121251,0.66192951877536377,24,0,0.48896625892725976,2024-05-28 00:00:00+00:00,q95,reanalysis,DK2
0.64644699649988657,0.78504622805338153,0.6622654487354096,0.79992367300948986,24,0,0.58791736381551585,2024-05-29 00:00:00+00:00,q95,reanalysis,DK2
2.1060006846601986,2.058737873486113,2.0999245307801604,2.06052988138245,24,3,2.1456331015675922,2024-05-30 00:00:00+00:00,q95,reanalysis,DK2
0.60058069697594263,0.75591665051044954,0.60214833408094381,0.76917206072727207,24,0,0.5574469916855932,2024-05-31 00:00:00+00:00,q95,reanalysis,DK2
1.3561553306510231e-07,2.9571494545248721e-06,5.5192695395678106e-06,4.3758099799434576e-05,24,0,2.1856739410599702e-08,2024-06-01 00:00:00+00:00,q95,reanalysis,DK2
9.4350735037351727e-06,4.1724912151917918e-05,7.0435646411763132e-05,0.00026611975452966254,24,0,5.9657644590213042e-06,2024-06-02 00:00:00+00:00,q95,reanalysis,DK2
3.9436348704493671,4.0298228311678921,3.8956521025376181,3.9872323883724436,24,7,4.0676567451435712,2024-06-03 00:00:00+00:00,q95,reanalysis,DK2
1.2347019577177005,1.2789986947764778,1.1875748421878598,1.2357049647120464,24,6,1.2761963355752455,2024-06-04 00:00:00+00:00,q95,reanalysis,DK2
1.6024163589039571,1.4909280836621277,1.61738361507957,1.4988887288976083,24,0,1.5757577699782761,2024-06-05 00:00:00+00:00,q95,reanalysis,DK2
1.3595489613568601,1.3554419450843491,1.3508510347034193,1.3452255669196347,24,3,1.2710387981120705,2024-06-06 00:00:00+00:00,q95,reanalysis,DK2
1.6791683439225449,1.5553368643340337,1.6468704591909906,1.5242363003901507,24,1,1.5573466927206101,2024-06-07 00:00:00+00:00,q95,reanalysis,DK2
5.4759263788086252e-07,3.028158196872563e-06,6.9547591970541771e-06,2.7011599847325426e-05,24,0,7.8624544794098554e-08,2024-06-08 00:00:00+00:00,q95,reanalysis,DK2
6.7010080069528994e-05,5.3530341366292368e-05,9.1679075418753505e-05,6.2509570679511358e-05,24,0,1.1673840109670215e-05,2024-06-09 00:00:00+00:00,q95,reanalysis,DK2
1.9066239770533646,1.8706124835847846,1.8636807274292211,1.8340315483588039,24,2,1.8479100210098149,2024-06-10 00:00:00+00:00,q95,reanalysis,DK2
0.1627161204226677,0.2420527850221417,0.1471101327998976,0.22247635231250193,24,0,0.17475981387562961,2024-06-11 00:00:00+00:00,q95,reanalysis,DK2
0.8147158075787444,0.74263740823115931,0.80421642848871089,0.72973431170173297,24,0,0.78912183025402793,2024-06-12 00:00:00+00:00,q95,reanalysis,DK2
0.8492327348786437,0.80671189287920919,0.85584137595963827,0.81396634414654601,24,0,0.80456221508185088,2024-06-13 00:00:00+00:00,q95,reanalysis,DK2
0.0011364548118686069,0.0022716201645681835,0.0043301306311271113,0.0070982770094984464,24,0,0.00084425622649396902,2024-06-14 00:00:00+00:00,q95,reanalysis,DK2
8.8561203963343898e-12,6.842526240456657e-10,6.1368761020474404e-10,2.0235784211362425e-08,24,0,3.2045678587746079e-12,2024-06-15 00:00:00+00:00,q95,reanalysis,DK2
0.0098195972255187974,0.013592977055869699,0.01286030863502604,0.016303774471029535,24,0,0.0056714529894024736,2024-06-16 00:00:00+00:00,q95,reanalysis,DK2
1.5362121870113916,1.4088682929639516,1.53301110199046,1.3991542103496437,24,3,1.4333069516959174,2024-06-17 00:00:00+00:00,q95,reanalysis,DK2
4.3917140521007649,4.1794287823513203,4.3784675769349661,4.1652326721007746,24,7,4.2955084679292721,2024-06-18 00:00:00+00:00,q95,reanalysis,DK2
0.98493576854133047,0.85619796144491656,0.97114814001876826,0.83887487644971714,24,0,0.89224396630720093,2024-06-19 00:00:00+00:00,q95,reanalysis,DK2
4.1896438691825857,4.4609665478044311,4.2469101729385379,4.5334580503368516,24,8,4.3283413607116721,2024-06-20 00:00:00+00:00,q95,reanalysis,DK2
3.0864137137326679,3.2826809514931941,3.0915582146097758,3.2843222448739016,24,10,3.0273410771874647,2024-06-21 00:00:00+00:00,q95,reanalysis,DK2
0.00061122507584171872,0.0017394657785492638,0.0011026214856796968,0.0027059150851941023,24,0,0.00028410442420683104,2024-06-22 00:00:00+00:00,q95,reanalysis,DK2
0.023760605889407239,0.018554643861384137,0.024170009329608264,0.020260813287574564,24,0,0.017315916570816461,2024-06-23 00:00:00+00:00,q95,reanalysis,DK2
1.4751954329072383,1.1582954277894699,1.4610087705228143,1.1525155971735752,24,0,1.4008389931698089,2024-06-24 00:00:00+00:00,q95,reanalysis,DK2
1.7767672803914731,1.3525110061945442,1.7719808421174366,1.3466880276176025,24,0,1.7841482365976449,2024-06-25 00:00:00+00:00,q95,reanalysis,DK2
2.8061392205303859,2.4015078325092252,2.8036316413428795,2.394988732042596,24,1,2.8148547536348629,2024-06-26 00:00:00+00:00,q95,reanalysis,DK2
4.6782996138574768,5.0530786799618994,4.7365797198678701,5.118300839031785,24,8,4.7462781571506047,2024-06-27 00:00:00+00:00,q95,reanalysis,DK2
2.0304669894671172,1.9929075851779166,2.0155096272046973,1.9767163397218053,24,2,2.0272133677454507,2024-06-28 00:00:00+00:00,q95,reanalysis,DK2
0.0005825812516462701,0.00097554453654726621,0.0015248944501972243,0.0025149400545570271,24,0,0.00024377214819792717,2024-06-29 00:00:00+00:00,q95,reanalysis,DK2
0.003585959721443769,0.0043781703947266132,0.0056933379137228037,0.0065383578202493145,24,0,0.0022426954171236545,2024-06-30 00:00:00+00:00,q95,reanalysis,DK2
0.059770351570650415,0.075247430677153546,0.076350752442716371,0.096311759923009027,24,0,0.040859282914861489,2024-07-01 00:00:00+00:00,q95,reanalysis,DK2
0.00034618121882283153,0.00073729811700581655,0.0012451847662995315,0.0020557002929010859,24,0,0.00022051714223668878,2024-07-02 00:00:00+00:00,q95,reanalysis,DK2
0.028811677512989433,0.023532905018476866,0.032228910970515931,0.026415556676359166,24,0,0.021468446406544668,2024-07-03 00:00:00+00:00,q95,reanalysis,DK2
1.3567129328955838e-12,4.4319069039209454e-11,8.9802638053962779e-09,1.1581831383387242e-07,24,0,1.1679160570008969e-12,2024-07-04 00:00:00+00:00,q95,reanalysis,DK2
2.7083128969454702e-06,2.0303216618549887e-06,1.980771857690218e-05,1.7957887238903174e-05,24,0,1.1457689977901769e-06,2024-07-05 00:00:00+00:00,q95,reanalysis,DK2
5.6280221087718526e-11,3.3358446291436403e-09,5.0218450901891479e-09,1.0791441631863579e-07,24,0,3.0078625692643753e-11,2024-07-06 00:00:00+00:00,q95,reanalysis,DK2
0.018704139101157383,0.012176101966293,0.023900534191855081,0.016566117038405874,24,0,0.010047864962854425,2024-07-07 00:00:00+00:00,q95,reanalysis,DK2
1.9881997070330748,1.7677378219088893,1.9782640673087839,1.7536280629195171,24,1,1.8259399510276519,2024-07-08 00:00:00+00:00,q95,reanalysis,DK2
1.607526887205744,1.3250960328684482,1.6319826121186451,1.3485941389722109,24,0,1.6711857832283257,2024-07-09 00:00:00+00:00,q95,reanalysis,DK2
0.93200435233135226,1.1166695839426031,0.94047539037946848,1.1325420826812207,24,4,0.89546989621333128,2024-07-10 00:00:00+00:00,q95,reanalysis,DK2
4.6663406107502059,5.029710152328974,4.6464622941320872,5.0269201628279134,24,11,4.5269686804789231,2024-07-11 00:00:00+00:00,q95,reanalysis,DK2
2.3013326331702713,2.0089268863753142,2.2645939157911137,1.9591748286754658,24,0,2.0795922249952477,2024-07-12 00:00:00+00:00,q95,reanalysis,DK2
1.8914349206640004e-06,1.4450904319687585e-05,3.2860177745535332e-05,0.0001160293331821977,24,0,9.2901323246779492e-06,2024-07-13 00:00:00+00:00,q95,reanalysis,DK2
0.096253216208112113,0.090701321975209775,0.095921411079733718,0.090115057110993574,24,0,0.07292421179479322,2024-07-14 00:00:00+00:00,q95,reanalysis,DK2
0.82621003889935829,0.78644366189073212,0.7831633008728579,0.73775424456380601,24,0,0.69357823118938655,2024-07-15 00:00:00+00:00,q95,reanalysis,DK2
0.013387765870725493,0.018926751377136366,0.0210149533360331,0.02639870475615378,24,0,0.011461069648799777,2024-07-16 00:00:00+00:00,q95,reanalysis,DK2
1.0600361246953147,1.1351816423770213,1.0550955618647131,1.1321802238559593,24,3,1.1144082681091991,2024-07-17 00:00:00+00:00,q95,reanalysis,DK2
2.3420892072674757,2.4409709648319717,2.3416749641738801,2.4396854898948277,24,11,2.4483105886214229,2024-07-18 00:00:00+00:00,q95,reanalysis,DK2
3.9433800563005255,3.5870513588051725,3.8986131478615227,3.5401636685437978,24,5,3.8002515206253893,2024-07-19 00:00:00+00:00,q95,reanalysis,DK2
0.011197545306505406,0.0093923904195893654,0.011906314602286977,0.01092417424168724,24,0,0.0032037011704921787,2024-07-20 00:00:00+00:00,q95,reanalysis,DK2
1.7449758001360408e-06,2.202024568938781e-06,1.2584649274770062e-05,1.1335224505232778e-05,24,0,4.8668996081869169e-07,2024-07-21 00:00:00+00:00,q95,reanalysis,DK2
0.022137108655043789,0.034451889705044675,0.026648359162977246,0.040261465798384459,24,0,0.018753173609349152,2024-07-22 00:00:00+00:00,q95,reanalysis,DK2
0.038108385101035133,0.04597049991152094,0.047115863151707571,0.054670938825983076,24,0,0.038394992951344187,2024-07-23 00:00:00+00:00,q95,reanalysis,DK2
1.906825789717598,1.9713360132005924,1.9113271405925341,1.9766653488341781,24,3,2.0342607060104028,2024-07-24 00:00:00+00:00,q95,reanalysis,DK2
4.0166429803163846,3.8853228398479485,4.0293280245320195,3.8999908673239809,24,4,4.2347903014975907,2024-07-25 00:00:00+00:00,q95,reanalysis,DK2
3.6454360310444889,3.7814557868993179,3.613533197028918,3.7549362185411828,24,4,3.5751996584486099,2024-07-26 00:00:00+00:00,q95,reanalysis,DK2
0.091514948708525667,0.055985713278725549,0.10509303340555219,0.066938063868795875,24,0,0.043043916273023411,2024-07-27 00:00:00+00:00,q95,reanalysis,DK2
9.1458048011141359e-05,0.00011982858251075639,0.00032823454112105709,0.00041013344508085447,24,0,2.1421190602493197e-05,2024-07-28 00:00:00+00:00,q95,reanalysis,DK2
1.1230193398184853,1.1416105756610029,1.114845178758106,1.1343363682649841,24,3,1.2030670121127978,2024-07-29 00:00:00+00:00,q95,reanalysis,DK2
2.6328095223086576,2.3862951439642224,2.5886863539566285,2.3428998629292939,24,6,2.4811460948268937,2024-07-30 00:00:00+00:00,q95,reanalysis,DK2
2.753636702458738,2.8790493021453933,2.7244047083138661,2.8445465534408334,24,8,2.7960554958206325,2024-07-31 00:00:00+00:00,q95,reanalysis,DK2
5.109731048089456,5.4453691301714278,5.1633721187900923,5.4946030040265104,24,10,5.4671928592594048,2024-08-01 00:00:00+00:00,q95,reanalysis,DK2
3.8735692990294868,3.9716366494819222,3.8702557543703882,3.9599947932619997,24,7,3.7573111396713652,2024-08-02 00:00:00+00:00,q95,reanalysis,DK2
0.0032479969973789892,0.0015677328804465133,0.0042760101645927953,0.0024759918518707387,24,0,0.0014183942736972243,2024-08-03 00:00:00+00:00,q95,reanalysis,DK2
0.0095409324871915807,0.0076643602425371261,0.010469432194336449,0.0085249575070466647,24,0,0.0051144208486965086,2024-08-04 00:00:00+00:00,q95,reanalysis,DK2
2.0614739296280491,2.2744590451174744,2.0977212649208017,2.308517116357792,24,7,2.2158046106108964,2024-08-05 00:00:00+00:00,q95,reanalysis,DK2
1.9013163562124442,1.7304087565441015,1.9039541322212776,1.7363576722544698,24,3,1.7589699153636607,2024-08-06 00:00:00+00:00,q95,reanalysis,DK2
2.7190884544891611,2.9094720549544535,2.7707218163528484,2.9675166087754832,24,4,2.6747994195903142,2024-08-07 00:00:00+00:00,q95,reanalysis,DK2
2.2763883560945528,2.4135536837805014,2.3217592774861284,2.4577811793426703,24,3,2.3094037884820526,2024-08-08 00:00:00+00:00,q95,reanalysis,DK2
3.4529576610089449e-06,1.2343066719525457e-05,5.9273291342134953e-05,0.00011974930059193786,24,0,2.443965192316566e-06,2024-08-09 00:00:00+00:00,q95,reanalysis,DK2
1.5588485535924772e-09,7.4458044948688447e-08,2.4390267222694811e-09,1.0571436281810557e-07,24,0,9.1213569831907076e-10,2024-08-10 00:00:00+00:00,q95,reanalysis,DK2
0.0020489981161813425,0.0017204038954801142,0.0031779701881880355,0.0029213522824982864,24,0,0.001006596153004643,2024-08-11 00:00:00+00:00,q95,reanalysis,DK2
1.7257294389643441,1.8466991620791808,1.7239465076824927,1.8537411024329513,24,3,1.7186448887922778,2024-08-12 00:00:00+00:00,q95,reanalysis,DK2
0.14734547124126321,0.13122220284927474,0.13647629986325421,0.12053476287739565,24,0,0.11497551000084799,2024-08-13 00:00:00+00:00,q95,reanalysis,DK2
0.14092274690266662,0.13210206847140846,0.16075166049102257,0.15176407437717937,24,0,0.089925927144715312,2024-08-14 00:00:00+00:00,q95,reanalysis,DK2
2.0155678896571776,2.0057853520117219,1.9916344338118979,1.9842417851260996,24,2,2.0132129060300512,2024-08-15 00:00:00+00:00,q95,reanalysis,DK2
2.0643148568381049,2.0414301578757059,2.0437939820612838,2.0110439931676929,24,2,2.1236042075314359,2024-08-16 00:00:00+00:00,q95,reanalysis,DK2
1.9412864252145137,1.9588517715298082,1.9469513479000862,1.9604314606108151,24,2,1.9603434777250135,2024-08-17 00:00:00+00:00,q95,reanalysis,DK2
0.44352180962949039,0.34936633481338697,0.44400939944998652,0.34874105263310556,24,0,0.34354975109668778,2024-08-18 00:00:00+00:00,q95,reanalysis,DK2
2.8673550963597898,2.9832278226647366,2.9055038459970297,3.0213007282273669,24,4,3.026989160602318,2024-08-19 00:00:00+00:00,q95,reanalysis,DK2
0.0091270722535499987,0.0067399585501371553,0.015451876250202648,0.013140622585549403,24,0,0.0049842735289429676,2024-08-20 00:00:00+00:00,q95,reanalysis,DK2
0.0013375902429181266,0.0025078039245621285,0.0026495378183049043,0.004343573020303723,24,0,0.0010757246303300153,2024-08-21 00:00:00+00:00,q95,reanalysis,DK2
3.613559145841207e-07,4.35427710015512e-06,4.183163848872057e-06,2.3728929375446881e-05,24,0,4.0505012708305468e-07,2024-08-22 00:00:00+00:00,q95,reanalysis,DK2
2.5453258088422678e-05,7.783021410006624e-05,4.4921391073718804e-05,0.00014697361062309644,24,0,2.7025700902880755e-05,2024-08-23 00:00:00+00:00,q95,reanalysis,DK2
2.7090476783218457e-07,1.3170415252211811e-06,6.5159820480166705e-06,1.7645919546507445e-05,24,0,5.4494481253902979e-08,2024-08-24 00:00:00+00:00,q95,reanalysis,DK2
0.006003516258713361,0.0035623905190057216,0.009116906469087133,0.0058605018844708409,24,0,0.0026098963508507955,2024-08-25 00:00:00+00:00,q95,reanalysis,DK2
0.92916485133136839,0.99952473598012515,0.90377363853009851,0.97510659190138482,24,5,0.90480528216960754,2024-08-26 00:00:00+00:00,q95,reanalysis,DK2
3.0699056686980066,2.7159640368267048,3.0383166289205321,2.679304309087287,24,1,2.8387911215899413,2024-08-27 00:00:00+00:00,q95,reanalysis,DK2
1.2424098476605283,1.2129611461695304,1.2154645411392015,1.18218140717986,24,1,1.1668042223611028,2024-08-28 00:00:00+00:00,q95,reanalysis,DK2
3.6997007893860947,4.0492122772399313,3.7093897394413409,4.0621623399311808,24,9,3.8373182269474855,2024-08-29 00:00:00+00:00,q95,reanalysis,DK2
3.6315753334839855,3.7186069711969267,3.6297475684126193,3.7122043464271335,24,5,3.8295139985762909,2024-08-30 00:00:00+00:00,q95,reanalysis,DK2
0.0078638724243772166,0.0053157320054147703,0.0091411531798146674,0.0067434347614459969,24,0,0.0061688785087572586,2024-08-31 00:00:00+00:00,q95,reanalysis,DK2
0.017764234270474567,0.012047807485963355,0.020953057093858328,0.014820852534733569,24,0,0.016257142306899945,2024-09-01 00:00:00+00:00,q95,reanalysis,DK2
2.8687503524946756,2.7947735219234366,2.8367548877913635,2.7622257211112666,24,3,2.8675622445705038,2024-09-02 00:00:00+00:00,q95,reanalysis,DK2
8.6757954310478169,8.7415935270262448,8.7248809105181149,8.7900049533137157,24,17,9.0533774785489705,2024-09-03 00:00:00+00:00,q95,reanalysis,DK2
4.9899046119885222,5.0272639345401746,4.9951051752156497,5.0279995506590982,24,13,5.4885040679172796,2024-09-04 00:00:00+00:00,q95,reanalysis,DK2
0.0059202920758251315,0.015748421578483454,0.0060995668832406298,0.014830407540514692,24,0,0.0052445059967960918,2024-09-05 00:00:00+00:00,q95,reanalysis,DK2
0.0019457741590159596,0.0041970301919535945,0.0024724965541563547,0.0051721302041550111,24,0,0.0018140148778417447,2024-09-06 00:00:00+00:00,q95,reanalysis,DK2
0.00019600372785148759,0.00039464793439930471,0.00057831603640407664,0.00090555232179420468,24,0,0.00010583112197558813,2024-09-07 00:00:00+00:00,q95,reanalysis,DK2
0.0040832503937860143,0.0044432363717372553,0.005302149963292974,0.0054251282626192193,24,0,0.0016074975236999426,2024-09-08 00:00:00+00:00,q95,reanalysis,DK2
1.6534101240057588,1.6216566761334823,1.6557506815916698,1.6226346108922041,24,2,1.6424382078399693,2024-09-09 00:00:00+00:00,q95,reanalysis,DK2
3.2890665855953808e-08,2.839273963861295e-07,2.0437082572144465e-06,1.1177782489342944e-05,24,0,9.2055939619957272e-09,2024-09-10 00:00:00+00:00,q95,reanalysis,DK2
0.67624710031506707,0.71800106271874875,0.68187375563182417,0.72711744086226437,24,0,0.67262912241271189,2024-09-11 00:00:00+00:00,q95,reanalysis,DK2
4.925436296612947,4.8908393252475415,4.9188686559823074,4.8843324912494559,24,3,4.9198178545984268,2024-09-12 00:00:00+00:00,q95,reanalysis,DK2
4.2334062604292457,4.1658328783502769,4.2883890719733246,4.2162638524122045,24,2,4.3243720266179251,2024-09-13 00:00:00+00:00,q95,reanalysis,DK2
5.9962137680015059e-05,0.00014840921367134113,0.00017973356142897171,0.0004427605899903522,24,0,1.8028348792461775e-05,2024-09-14 00:00:00+00:00,q95,reanalysis,DK2
0.16051527444194791,0.14273416553271756,0.16199964079901324,0.1445021934810552,24,0,0.10025404690986259,2024-09-15 00:00:00+00:00,q95,reanalysis,DK2
1.1032961617560499,1.0894453587788746,1.0655747269714195,1.0587034767440984,24,2,0.99775674890164845,2024-09-16 00:00:00+00:00,q95,reanalysis,DK2
0.00053981443826939246,0.00084056130139540286,0.0011764156076553766,0.0014843295968452565,24,0,0.00030719446710735415,2024-09-17 00:00:00+00:00,q95,reanalysis,DK2
0.0019096423067153886,0.00309708594583622,0.0038493447565918701,0.0052807258298026225,24,0,0.0010671084583784222,2024-09-18 00:00:00+00:00,q95,reanalysis,DK2
0.00092459127386170143,0.0017536583798571463,0.0022079380929241883,0.0034605795536792566,24,0,0.00039330814520225835,2024-09-19 00:00:00+00:00,q95,reanalysis,DK2
0.048882945104951586,0.073031478930563248,0.058643696861571136,0.085262030693075697,24,0,0.026766984348988984,2024-09-20 00:00:00+00:00,q95,reanalysis,DK2
8.2245306721134449e-05,0.00019376713866819042,0.00036744507013592245,0.00063644641981481804,24,0,1.0275191284798877e-05,2024-09-21 00:00:00+00:00,q95,reanalysis,DK2
0.15327582956426297,0.097409051189496124,0.15541402371033142,0.098436448911990562,24,0,0.09020923234588657,2024-09-22 00:00:00+00:00,q95,reanalysis,DK2
3.7455126927917823,3.6302275210722263,3.7412756261773681,3.621309662758573,24,7,3.6538455782533101,2024-09-23 00:00:00+00:00,q95,reanalysis,DK2
1.813029481028186,1.8372431280008676,1.8172210853466448,1.8448781304842601,24,3,1.7127871954839355,2024-09-24 00:00:00+00:00,q95,reanalysis,DK2
0.0026292757533256501,0.0046528359568809028,0.0047577391117821248,0.0078664448361964023,24,0,0.001371994121936123,2024-09-25 00:00:00+00:00,q95,reanalysis,DK2
0.0017961647562819301,0.0023749294540647186,0.003015643095387949,0.0034725501410588278,24,0,0.0010804098675908853,2024-09-26 00:00:00+00:00,q95,reanalysis,DK2
2.1235999562020276e-10,3.8818690801130113e-10,5.8629886133414768e-09,3.7428905860061925e-08,24,0,2.3905228902764877e-11,2024-09-27 00:00:00+00:00,q95,reanalysis,DK2
2.9939660485598969e-09,3.9752306266313229e-09,2.2540303848242376e-09,1.1995608344924969e-08,24,0,7.1076702208534898e-10,2024-09-28 00:00:00+00:00,q95,reanalysis,DK2
6.3635965854731672e-06,8.0241716897510475e-06,8.1538912013830373e-06,1.5266212244915432e-05,24,0,9.2442483321193354e-07,2024-09-29 00:00:00+00:00,q95,reanalysis,DK2
9.0849511920479629e-13,3.0083321949802541e-12,2.7289296852102869e-10,8.4015815466631076e-10,24,0,3.2266630845986058e-14,2024-09-30 00:00:00+00:00,q95,reanalysis,DK2
1.2184705366920007e-12,3.008173239461782e-11,1.5477586710366605e-09,1.1945656239524747e-08,24,0,2.5637045216933985e-14,2024-10-01 00:00:00+00:00,q95,reanalysis,DK2
0.0004857180997109661,0.0010495131911854175,0.001022085544339078,0.0019157825726177772,24,0,0.00010049577689465597,2024-10-02 00:00:00+00:00,q95,reanalysis,DK2
5.4248682200529526e-05,0.00018479321871373589,0.00034952521579642841,0.00084410857772545817,24,0,1.2909463477017625e-05,2024-10-03 00:00:00+00:00,q95,reanalysis,DK2
2.7597370657787534,2.7211996661357318,2.7915677196931532,2.7498154419284102,24,3,2.763241971298724,2024-10-04 00:00:00+00:00,q95,reanalysis,DK2
0.1840138661011394,0.16860678472802629,0.18041671350740554,0.1616759409508805,24,0,0.17752026102906809,2024-10-05 00:00:00+00:00,q95,reanalysis,DK2
9.8267436321308659e-07,1.1841049592523583e-06,1.6078921220628709e-06,2.2644640653092726e-06,24,0,3.5806143509719257e-07,2024-10-06 00:00:00+00:00,q95,reanalysis,DK2
0.00024780653736314036,0.00065757321519230403,0.0010342963441959678,0.0021956345821716968,24,0,6.8275664876745016e-05,2024-10-07 00:00:00+00:00,q95,reanalysis,DK2
0.0021125738632105343,0.0043710144592915183,0.0044050474538169185,0.0077325695723065267,24,0,0.00092984144519805327,2024-10-08 00:00:00+00:00,q95,reanalysis,DK2
0.0026005737442346567,0.006156885885418021,0.0068920304102288357,0.01319811710707401,24,0,0.00094632295912800584,2024-10-09 00:00:00+00:00,q95,reanalysis,DK2
5.3048710700314826e-06,2.1111865823580351e-05,3.1096567518729285e-05,8.8862382618809781e-05,24,0,1.1681828705198669e-06,2024-10-10 00:00:00+00:00,q95,reanalysis,DK2
0.0061713503144726692,0.011599283856861663,0.0080539025421678921,0.014005630917620615,24,0,0.0018828373233290288,2024-10-11 00:00:00+00:00,q95,reanalysis,DK2
2.1139912425444624e-06,8.8464654166240056e-06,1.761005792942176e-05,5.2067510167114508e-05,24,0,1.4008805633808653e-07,2024-10-12 00:00:00+00:00,q95,reanalysis,DK2
4.2674303857394436e-09,4.2208795554359772e-08,6.0244395205131678e-07,2.4490227755844035e-06,24,0,2.271361466154545e-10,2024-10-13 00:00:00+00:00,q95,reanalysis,DK2
0.59364261164356347,0.69294239036748106,0.59150903847249747,0.69180610719176616,24,0,0.4501073036166493,2024-10-14 00:00:00+00:00,q95,reanalysis,DK2
0.39481855672621557,0.57400529261753552,0.37675005140536738,0.55320495423705229,24,0,0.26894586992065944,2024-10-15 00:00:00+00:00,q95,reanalysis,DK2
2.1144996899187246e-13,6.9727209388768586e-12,1.0936515836234893e-09,9.0830167967742021e-09,24,0,2.2672412660033852e-15,2024-10-16 00:00:00+00:00,q95,reanalysis,DK2
0.00015833688051237872,0.00043581917402994459,0.00059294295351105977,0.0012781025615743377,24,0,3.0327333472308025e-05,2024-10-17 00:00:00+00:00,q95,reanalysis,DK2
0.31407842599084046,0.35054249115970848,0.32458605130514423,0.35480175971943134,24,0,0.30950521849068752,2024-10-18 00:00:00+00:00,q95,reanalysis,DK2
9.0372810346936236e-05,0.00026032480255469331,0.00022165627430887751,0.00052811441753613999,24,0,1.1179343432122768e-05,2024-10-19 00:00:00+00:00,q95,reanalysis,DK2
1.2961965164255196e-10,1.8148920876992389e-10,4.6754867034220552e-10,3.7695936784042684e-10,24,0,1.1198453574763537e-12,2024-10-20 00:00:00+00:00,q95,reanalysis,DK2
0.0093234461129863035,0.020278344510416269,0.015114326086953067,0.028355551212940165,24,0,0.0023084174830182284,2024-10-21 00:00:00+00:00,q95,reanalysis,DK2
0.24343021809585932,0.30573461648607353,0.24302701551281083,0.30427017803298906,24,0,0.22229483083465426,2024-10-22 00:00:00+00:00,q95,reanalysis,DK2
0.1275828923069518,0.18769803641041963,0.13444297413246689,0.19885566455378118,24,0,0.050376343717199491,2024-10-23 00:00:00+00:00,q95,reanalysis,DK2
0.0053753415139518295,0.0089886067103909437,0.0075012395372522174,0.011076466838082017,24,0,0.0017919011792858744,2024-10-24 00:00:00+00:00,q95,reanalysis,DK2
0.0013777904048848397,0.0024418932515283356,0.0022138870278659139,0.0034712446910936676,24,0,0.00028838602882450708,2024-10-25 00:00:00+00:00,q95,reanalysis,DK2
0.00061415064085087393,0.00066506976702328734,0.00052672496586816508,0.00054090700484008436,24,0,0.00022328513889501034,2024-10-26 00:00:00+00:00,q95,reanalysis,DK2
0,0,0,0,0,0,0,2024-10-27 00:00:00+00:00,q95,reanalysis,DK2
0.05662763425189677,0.083964794749365593,0.073734444082074094,0.10130719076466432,24,0,0.022827300558802964,2024-10-28 00:00:00+00:00,q95,reanalysis,DK2
0.032563660263142551,0.046324855139945165,0.036703997900439676,0.05051703405004173,24,0,0.013535101300420248,2024-10-29 00:00:00+00:00,q95,reanalysis,DK2
0.0003213599083435066,0.0013221572274045687,0.00079545920224408345,0.0026125998603947001,24,0,2.2968456207061783e-05,2024-10-30 00:00:00+00:00,q95,reanalysis,DK2
7.4374352615499953e-05,0.00041053064495341217,0.00014902095390580323,0.00076605288922316735,24,0,9.0045826811803125e-06,2024-10-31 00:00:00+00:00,q95,reanalysis,DK2
1.4538965963045653e-08,2.4343412854972274e-07,5.9692145620753447e-07,4.1193374306563702e-06,24,0,3.2480602254064983e-11,2024-11-01 00:00:00+00:00,q95,reanalysis,DK2
6.4589311369078471e-05,6.2313569798969683e-05,6.7624190530271141e-05,5.8286847454880065e-05,24,0,8.0416314435273212e-06,2024-11-02 00:00:00+00:00,q95,reanalysis,DK2
9.558579669403497e-06,6.2006659246435425e-05,1.1934847744555882e-05,7.4596418572459288e-05,24,0,4.9759932239365918e-07,2024-11-03 00:00:00+00:00,q95,reanalysis,DK2
2.7873837076148025,2.7143643561051216,2.8129001188571272,2.7371673282326756,24,4,2.9026579592242632,2024-11-04 00:00:00+00:00,q95,reanalysis,DK2
6.9694068739724244,6.5214776363120643,6.9161077312265897,6.4600953078781016,24,14,6.4123278361157956,2024-11-05 00:00:00+00:00,q95,reanalysis,DK2
8.3863029198564849,8.076312221124331,8.4911920411303363,8.1873689938391454,24,17,8.5950865566450751,2024-11-06 00:00:00+00:00,q95,reanalysis,DK2
11.119983427626167,11.011290708292844,11.254955066530163,11.145182463801056,24,14,11.377168055916917,2024-11-07 00:00:00+00:00,q95,reanalysis,DK2
0.037558212898425813,0.055562006587785005,0.044102169035571681,0.061200865650075313,24,0,0.0099710044413047934,2024-11-08 00:00:00+00:00,q95,reanalysis,DK2
0.00082349655403973028,0.0012698635284315617,0.0014465787668101213,0.0017915622982102896,24,0,9.899110548405037e-05,2024-11-09 00:00:00+00:00,q95,reanalysis,DK2
0,0,0,0,0,0,0,2024-11-10 00:00:00+00:00,q95,reanalysis,DK2
2.8074543971937582,2.7304329583068565,2.8267283022902454,2.7486087882950967,24,4,3.0291428312909665,2024-11-11 00:00:00+00:00,q95,reanalysis,DK2
4.6516856609067965,4.6425378407189868,4.7189273062860861,4.7119764781784577,24,5,4.6839143974072552,2024-11-12 00:00:00+00:00,q95,reanalysis,DK2
3.6877778192676716,3.5662286978754709,3.6941415601131427,3.5692415088383584,24,7,3.8960520695461383,2024-11-13 00:00:00+00:00,q95,reanalysis,DK2
0.036821491397006315,0.037770382616968183,0.045174690265105767,0.045191492639092168,24,0,0.016420554961235637,2024-11-14 00:00:00+00:00,q95,reanalysis,DK2
0.013036391353394246,0.020537225913753482,0.018846064597954505,0.028696769705475588,24,0,0.0015910299658461534,2024-11-15 00:00:00+00:00,q95,reanalysis,DK2
2.9901500980404422e-13,4.8874579369431534e-12,1.8947516270547023e-10,4.5676637765363619e-10,24,0,1.9152896793547126e-15,2024-11-16 00:00:00+00:00,q95,reanalysis,DK2
0,0,0,0,0,0,0,2024-11-17 00:00:00+00:00,q95,reanalysis,DK2
2.0384124978672166e-06,7.0451061630260845e-06,3.8790608175463291e-05,7.4646033403519754e-05,24,0,2.0450649074752282e-07,2024-11-18 00:00:00+00:00,q95,reanalysis,DK2
0.00017135855429631662,0.00040714106092454733,0.0001451892114403815,0.00034839616602512345,24,0,4.1197839005918891e-05,2024-11-19 00:00:00+00:00,q95,reanalysis,DK2
0.012399183348454117,0.014555699511682525,0.019403695669196315,0.021029458938825674,24,0,0.0099970967283351565,2024-11-20 00:00:00+00:00,q95,reanalysis,DK2
1.8363594765955051,1.8605124461694094,1.8211953472272415,1.8412302341505518,24,2,1.7659893184454032,2024-11-21 00:00:00+00:00,q95,reanalysis,DK2
0.68102388946018688,0.74193022270817666,0.68827139755949229,0.75033327510877623,24,0,0.74151596608473125,2024-11-22 00:00:00+00:00,q95,reanalysis,DK2
2.2620381789701785e-13,4.1436861088912729e-13,1.8838269535286934e-10,1.0096407339799874e-09,24,0,3.3927193234291759e-14,2024-11-23 00:00:00+00:00,q95,reanalysis,DK2
1.538544681268134e-21,1.8826756533336192e-19,5.7068148166586866e-15,1.0642354748620454e-14,24,0,1.5582769670700246e-26,2024-11-24 00:00:00+00:00,q95,reanalysis,DK2
4.3452755583001739e-12,1.7071679956835872e-10,6.2551470078870242e-09,4.0498566205589843e-08,24,0,6.1649869259637448e-15,2024-11-25 00:00:00+00:00,q95,reanalysis,DK2
6.8628703726575732e-05,0.00018267670612378664,0.00028456680486429152,0.00057747217064658583,24,0,8.8483595445631652e-07,2024-11-26 00:00:00+00:00,q95,reanalysis,DK2
0.00047148031213582601,0.00072554484326811078,0.0012018274274717719,0.0018891570650661439,24,0,8.4918675809656733e-05,2024-11-27 00:00:00+00:00,q95,reanalysis,DK2
0.014091797064594016,0.020110283254932665,0.01582129728326059,0.021163969025478804,24,0,0.0043786420963470418,2024-11-28 00:00:00+00:00,q95,reanalysis,DK2
0.9177374801452528,0.99448461997805204,0.92991321493860113,1.0032279162093196,24,1,0.85765479655988475,2024-11-29 00:00:00+00:00,q95,reanalysis,DK2
2.6081263533026388e-05,0.00010248798892386718,0.0001483598441202819,0.0003830523967427066,24,0,4.8095727862245927e-07,2024-11-30 00:00:00+00:00,q95,reanalysis,DK2
1.0246708302766243e-07,4.2548147400107168e-07,5.6497426921681612e-06,1.6777632561720922e-05,24,0,2.5164527057272409e-08,2024-12-01 00:00:00+00:00,q95,reanalysis,DK2
1.0185652374592181e-05,4.0496053667355919e-05,4.8180954573300826e-05,0.00011462994535158189,24,0,3.1672597162062067e-07,2024-12-02 00:00:00+00:00,q95,reanalysis,DK2
0.88344472372457683,1.0324054467482433,0.88584261931029373,1.0309548454946527,24,0,0.71825171660329756,2024-12-03 00:00:00+00:00,q95,reanalysis,DK2
3.0781503492843441,3.3097469610254171,3.0623329573485538,3.2938624268810699,24,1,2.5205721615961578,2024-12-04 00:00:00+00:00,q95,reanalysis,DK2
0.031944956612575605,0.032450589384352246,0.033274922975240866,0.034373902253875085,24,0,0.014755290386732456,2024-12-05 00:00:00+00:00,q95,reanalysis,DK2
0.00048803708076234308,0.0012527600563470161,0.00085125885209054789,0.0024247243407640767,24,0,5.3686553838605274e-05,2024-12-06 00:00:00+00:00,q95,reanalysis,DK2
4.5722558956952702e-11,5.9267230768673817e-10,1.8675989734257786e-09,2.2009212604360212e-08,24,0,2.7587986298252322e-13,2024-12-07 00:00:00+00:00,q95,reanalysis,DK2
7.3818360001486818e-09,1.3004032225279201e-08,6.918245037680767e-07,6.4475134297716712e-07,24,0,8.0673425498640135e-11,2024-12-08 00:00:00+00:00,q95,reanalysis,DK2
3.4720208876931495e-06,2.4406461158079568e-05,2.6522206769439154e-05,0.0001102609704752219,24,0,3.8811126939468081e-08,2024-12-09 00:00:00+00:00,q95,reanalysis,DK2
3.5092270653809905,3.511348527674591,3.5710778333112416,3.5768888101892871,24,4,3.5724316434864778,2024-12-10 00:00:00+00:00,q95,reanalysis,DK2
4.130025576340806,3.9757137311704684,4.0658009860213102,3.8979795928775074,24,19,3.7740842293396621,2024-12-11 00:00:00+00:00,q95,reanalysis,DK2
3.0863848969538017,3.0506137483084048,3.0935199612483384,3.057902007717693,24,21,2.8602454603273144,2024-12-12 00:00:00+00:00,q95,reanalysis,DK2
5.2015103471721664,5.1696170669451282,5.1730385013026003,5.1349807728451671,24,8,4.8742366808005544,2024-12-13 00:00:00+00:00,q95,reanalysis,DK2
0.0066462584397625861,0.0088709858497669561,0.0082066276859450935,0.010395129295248759,24,0,0.0019831024792573786,2024-12-14 00:00:00+00:00,q95,reanalysis,DK2
1.5467653073567243e-09,6.3526100357627655e-09,1.2734335708109075e-07,1.528304183230499e-07,24,0,7.1905498674261063e-12,2024-12-15 00:00:00+00:00,q95,reanalysis,DK2
9.4969507475775286e-15,5.6829939763621626e-13,1.7244410723900197e-12,2.5217378108420598e-11,24,0,2.3204072306692258e-19,2024-12-16 00:00:00+00:00,q95,reanalysis,DK2
5.8562178266725537e-07,4.539294854943937e-06,9.3321129599297619e-06,3.8605749649937138e-05,24,0,3.8006807998229168e-09,2024-12-17 00:00:00+00:00,q95,reanalysis,DK2
2.4969491776905904e-12,1.0588621936757522e-10,2.8409762665826381e-10,9.9148916873854907e-09,24,0,7.4680196705218621e-16,2024-12-18 00:00:00+00:00,q95,reanalysis,DK2
1.0577563684873868e-07,5.7197211686080089e-07,1.0577232456029739e-06,6.1898521653650685e-06,24,0,1.5452522677844102e-09,2024-12-19 00:00:00+00:00,q95,reanalysis,DK2
4.0489328331627729e-06,2.0863975358169763e-05,1.1992897126728777e-05,4.3365937113645793e-05,24,0,7.0116946404409244e-08,2024-12-20 00:00:00+00:00,q95,reanalysis,DK2
8.7101356192769931e-17,1.4364921090539244e-14,1.7918761374493583e-14,7.8643893213621489e-13,24,0,3.6507568565510133e-23,2024-12-21 00:00:00+00:00,q95,reanalysis,DK2
1.608139667981398e-12,1.6248518383550502e-11,1.0910233400943939e-09,8.0624049130833864e-09,24,0,3.7696384289354627e-15,2024-12-22 00:00:00+00:00,q95,reanalysis,DK2
0.00638356932986289,0.014059481846162798,0.0098751078427690188,0.019865977789451109,24,0,0.004568352764154667,2024-12-23 00:00:00+00:00,q95,reanalysis,DK2
0.23577073183009706,0.34249641067500197,0.25407832274435993,0.35965108143183744,24,0,0.11912605663617649,2024-12-24 00:00:00+00:00,q95,reanalysis,DK2
0.002291544067655478,0.0045707631629038001,0.004956349239031421,0.0085614883453547647,24,0,0.00015866896545806174,2024-12-25 00:00:00+00:00,q95,reanalysis,DK2
0.0013548606434975637,0.0031138249737425712,0.002976637424711802,0.005842682054849193,24,0,7.413888220566498e-05,2024-12-26 00:00:00+00:00,q95,reanalysis,DK2
0.51289632952057096,0.6857759602684611,0.48587133956968764,0.63928207829543326,24,0,0.3260699112690561,2024-12-27 00:00:00+00:00,q95,reanalysis,DK2
0.20019740330606575,0.28558666969198299,0.20955253414734856,0.29803889806298473,24,0,0.077928470837292055,2024-12-28 00:00:00+00:00,q95,reanalysis,DK2
0.0002577892922104464,0.00055331349871904213,0.00063706234173615823,0.0012766385248883984,24,0,2.1594125659929223e-05,2024-12-29 00:00:00+00:00,q95,reanalysis,DK2
0.00026407368771818002,0.00074621651085184906,0.00026154246452697382,0.0007078473275619853,24,0,3.457014959093775e-05,2024-12-30 00:00:00+00:00,q95,reanalysis,DK2
5.1508877771171817e-05,0.00017328687332133434,0.0002642735392790725,0.00061975449904108778,24,0,1.5046914150428035e-05,2024-12-31 00:00:00+00:00,q95,reanalysis,DK2
2.5318105237903898e-11,8.1261437548118544e-10,1.5964508863911233e-08,1.4455009633178864e-07,24,0,7.8345226719619356e-14,2025-01-01 00:00:00+00:00,q95,reanalysis,DK2
0.0026231676418434317,0.00650051304656909,0.0052528543744843397,0.011000503631650588,24,0,0.00034922838770186138,2025-01-02 00:00:00+00:00,q95,reanalysis,DK2
4.5036216795552634e-05,0.00016231822576746649,0.00010338783928700452,0.00028084716637995417,24,0,4.7804328609865412e-06,2025-01-03 00:00:00+00:00,q95,reanalysis,DK2
0.0039508223984073372,0.0096932209245551154,0.0088334985611535632,0.017836974174466197,24,0,0.0010451825630288273,2025-01-04 00:00:00+00:00,q95,reanalysis,DK2
8.1760224100710363e-06,2.3250470012427002e-05,7.0556443764797417e-05,0.00014970437917292135,24,0,8.6493413385633846e-07,2025-01-05 00:00:00+00:00,q95,reanalysis,DK2
3.0632487598810181e-11,3.0980714624230011e-10,1.022411204479749e-08,5.4686878475739118e-08,24,0,2.5419724078022038e-14,2025-01-06 00:00:00+00:00,q95,reanalysis,DK2
9.1087539360468668e-09,1.2120370351509073e-07,4.7773302896443368e-07,3.0313717680926184e-06,24,0,3.9692323354809977e-11,2025-01-07 00:00:00+00:00,q95,reanalysis,DK2
2.3388132271079647e-06,1.9884439921808208e-05,1.9075538356938574e-05,0.00010925864109461974,24,0,4.1169152062919134e-08,2025-01-08 00:00:00+00:00,q95,reanalysis,DK2
0.072692427396697096,0.12205202845157624,0.082865604318094421,0.13390026647087963,24,0,0.038670258637303154,2025-01-09 00:00:00+00:00,q95,reanalysis,DK2
0.0059895891914816006,0.013174675164593388,0.0092410919644995305,0.018025649619760577,24,0,0.0016666277750571094,2025-01-10 00:00:00+00:00,q95,reanalysis,DK2
6.0072404743576988e-07,3.9841314345229666e-06,3.8159392550440999e-06,1.6857742803646735e-05,24,0,1.0718654447548882e-08,2025-01-11 00:00:00+00:00,q95,reanalysis,DK2
0.16015368296121069,0.16328752715776901,0.16735876561501983,0.17204807837329189,24,0,0.13248252373276037,2025-01-12 00:00:00+00:00,q95,reanalysis,DK2
0.93004112385317927,0.97465020174611239,0.91662544130553336,0.95745979246207191,24,3,0.89060002171211683,2025-01-13 00:00:00+00:00,q95,reanalysis,DK2
0.00012422209485982356,0.00054316604520746427,0.0001120081252812244,0.00048021407953434137,24,0,3.3643370234826476e-05,2025-01-14 00:00:00+00:00,q95,reanalysis,DK2
8.3998332803847706,8.2789390512015082,8.3149422715480981,8.1998427650985928,24,9,8.6600743341456354,2025-01-15 00:00:00+00:00,q95,reanalysis,DK2
0.0065021394568564777,0.015826188738025059,0.0091112253440236383,0.019941610468236903,24,0,0.0011145156242729631,2025-01-16 00:00:00+00:00,q95,reanalysis,DK2
6.4983140888754143,6.3509902027397791,6.4336831844325912,6.2857606843826588,24,7,6.750637263843565,2025-01-17 00:00:00+00:00,q95,reanalysis,DK2
2.811700403268155,2.8160744175684647,2.7715837053651242,2.776157408092097,24,3,2.9424735788995657,2025-01-18 00:00:00+00:00,q95,reanalysis,DK2
0.0039270571403228413,0.0062970059529826733,0.0070593323106867686,0.010643364532938217,24,0,0.0005105003815352757,2025-01-19 00:00:00+00:00,q95,reanalysis,DK2
7.5216696533384679,7.3450548522425514,7.4363574622502986,7.2637941614314725,24,9,8.0655344433904208,2025-01-20 00:00:00+00:00,q95,reanalysis,DK2
3.89586972998839,3.8455801407220633,3.8785100506345764,3.8257962324788011,24,4,3.9560526267639844,2025-01-21 00:00:00+00:00,q95,reanalysis,DK2
0.00044087005595460596,0.0012844183373990614,0.0012014649118154005,0.0028036197179652973,24,0,8.3356127051025739e-05,2025-01-22 00:00:00+00:00,q95,reanalysis,DK2
8.0718560923574851e-07,4.3544849918109644e-06,1.4112325633067585e-05,4.6281609858726934e-05,24,0,2.9969452603668649e-08,2025-01-23 00:00:00+00:00,q95,reanalysis,DK2
2.4195191427483414e-14,1.1477321231627735e-12,2.8614560413845395e-11,4.3121308842634184e-10,24,0,8.0120767614577171e-18,2025-01-24 00:00:00+00:00,q95,reanalysis,DK2
9.6002391019816454e-06,5.4985187735753351e-05,3.0089146264044119e-05,0.0001386187994114695,24,0,1.3936366434141153e-07,2025-01-25 00:00:00+00:00,q95,reanalysis,DK2
9.7065649135454177e-06,4.6688065617584673e-05,4.8839897116828318e-05,0.00017028770352654491,24,0,4.0020184917435102e-07,2025-01-26 00:00:00+00:00,q95,reanalysis,DK2
6.5011850624418962e-14,1.8133428017252863e-12,1.4337774262524558e-11,1.412067504653062e-10,24,0,9.7280101211991712e-16,2025-01-27 00:00:00+00:00,q95,reanalysis,DK2
1.5004773155332416e-06,6.4345708256165914e-06,1.4858977154110335e-05,4.6471017216728283e-05,24,0,2.6534565200013509e-08,2025-01-28 00:00:00+00:00,q95,reanalysis,DK2
0.0050154203144112232,0.010415048474736122,0.0069020447050337453,0.013399893749414162,24,0,0.00015222794014078803,2025-01-29 00:00:00+00:00,q95,reanalysis,DK2
0.10117575124089909,0.17118740504913554,0.10915636844568979,0.18049066228721347,24,0,0.055368092195384029,2025-01-30 00:00:00+00:00,q95,reanalysis,DK2
0.26680563254943362,0.37579182888178381,0.27201068505944936,0.37896402693670844,24,0,0.18907005432056204,2025-01-31 00:00:00+00:00,q95,reanalysis,DK2
0.012694564463324452,0.018649776133118981,0.017767715468132609,0.025345319794067147,24,0,0.0030099380822431656,2025-02-01 00:00:00+00:00,q95,reanalysis,DK2
0.16666369110456355,0.1769899346916381,0.17517922486125045,0.18625267149149086,24,0,0.098889987197486415,2025-02-02 00:00:00+00:00,q95,reanalysis,DK2
4.2200026482782969,4.4802158915746064,4.1907915564494109,4.4482837756483162,24,6,4.1636614017266851,2025-02-03 00:00:00+00:00,q95,reanalysis,DK2
0.86505895925185261,0.92040496362589985,0.87896103414905213,0.93966382609267596,24,1,0.7930834829542559,2025-02-04 00:00:00+00:00,q95,reanalysis,DK2
0.049366590658405124,0.05725326365769446,0.05556874778927131,0.063571972886372133,24,0,0.018115588676555276,2025-02-05 00:00:00+00:00,q95,reanalysis,DK2
0.01662269794194593,0.027013312288039441,0.019145638948937064,0.028303306446058007,24,0,0.006713731407280551,2025-02-06 00:00:00+00:00,q95,reanalysis,DK2
3.7236930202852263e-08,9.2098570305703903e-08,1.1848649755602631e-06,2.4248410440330528e-06,24,0,3.5441660944397297e-09,2025-02-07 00:00:00+00:00,q95,reanalysis,DK2
1.2060702536821589e-07,1.4366254534599366e-07,4.4316344885096358e-06,4.967172156482945e-06,24,0,1.4952065280294745e-09,2025-02-08 00:00:00+00:00,q95,reanalysis,DK2
3.3057069534488477e-05,8.6493350570681182e-05,0.00016867423880163055,0.00037336279841603031,24,0,3.8855507667991765e-06,2025-02-09 00:00:00+00:00,q95,reanalysis,DK2
4.9206143562000324e-05,5.1023460426601396e-05,0.00019863996684802381,0.00019888728157926188,24,0,8.5136257099811353e-06,2025-02-10 00:00:00+00:00,q95,reanalysis,DK2
3.2352820159897704e-05,3.3390484641597162e-05,4.9283909553583826e-05,4.8511380919631914e-05,24,0,3.6459071584002239e-06,2025-02-11 00:00:00+00:00,q95,reanalysis,DK2
0.058975129563297438,0.064079694430829975,0.064062076483460073,0.069649277545527508,24,0,0.038074526035364195,2025-02-12 00:00:00+00:00,q95,reanalysis,DK2
0.13618439072740418,0.15562413181979121,0.14589910980275311,0.16650898914729606,24,0,0.079052946067335705,2025-02-13 00:00:00+00:00,q95,reanalysis,DK2
2.4244671668000648,2.425007390226722,2.3758099084301252,2.3767612644409706,24,10,2.392707460080878,2025-02-14 00:00:00+00:00,q95,reanalysis,DK2
1.7414382116944733,1.7426042191082904,1.7591975533149684,1.7603857486029886,24,3,1.8787206706310504,2025-02-15 00:00:00+00:00,q95,reanalysis,DK2
0.056256515983317781,0.056266761443211862,0.051728360243723598,0.051737633742535143,24,0,0.068176696581813773,2025-02-16 00:00:00+00:00,q95,reanalysis,DK2
3.3066716795601971,3.3212229693266924,3.3350761449877533,3.3504082935085679,24,4,3.3048862929816867,2025-02-17 00:00:00+00:00,q95,reanalysis,DK2
0.26005418747974934,0.26151898387584538,0.25014261546720123,0.2515557079214441,24,0,0.23512023454538858,2025-02-18 00:00:00+00:00,q95,reanalysis,DK2
0.0051457842552018983,0.0054497423018171525,0.0044252325906785897,0.0046549192858723071,24,0,0.0033353909313306516,2025-02-19 00:00:00+00:00,q95,reanalysis,DK2
4.224370101625466e-08,9.7353895536507323e-08,2.5349101588019626e-06,4.5404343235643771e-06,24,0,4.0174118437571251e-09,2025-02-20 00:00:00+00:00,q95,reanalysis,DK2
1.4730126153034333e-06,2.2074856636101718e-06,1.4790605652299394e-05,1.6542090393458633e-05,24,0,1.1780601222201031e-07,2025-02-21 00:00:00+00:00,q95,reanalysis,DK2
5.6800432731506351e-10,6.6278338896047715e-09,5.8202004881139717e-08,3.8142687437863816e-07,24,0,2.6226725875187863e-13,2025-02-22 00:00:00+00:00,q95,reanalysis,DK2
8.1134382075315919e-10,4.0568944192068704e-08,1.6621151489476652e-08,6.8044219249477654e-07,24,0,1.1569733073885979e-12,2025-02-23 00:00:00+00:00,q95,reanalysis,DK2
3.3279415144602817e-08,1.0149591129899807e-07,1.7383989678101336e-06,4.0874375331534719e-06,24,0,3.4514562283945691e-10,2025-02-24 00:00:00+00:00,q95,reanalysis,DK2
2.7515889149501334,2.577881689097806,2.8199767531128308,2.6474386551797435,24,4,2.8716839193636545,2025-02-25 00:00:00+00:00,q95,reanalysis,DK2
7.6452365651912002,7.3642226692842252,7.5882807503075149,7.3233890761906819,24,10,8.2238274797436173,2025-02-26 00:00:00+00:00,q95,reanalysis,DK2
1.7760109704559706,1.8221955595451493,1.7642601252322745,1.8110144986104628,24,2,1.7930955001885429,2025-02-27 00:00:00+00:00,q95,reanalysis,DK2
3.4291827934957779,3.3911967273327597,3.4136239441948883,3.3818735234251238,24,4,3.3909068939329492,2025-02-28 00:00:00+00:00,q95,reanalysis,DK2
0.0034893000539118653,0.0035258539726453052,0.0041676457050201675,0.004325633959651954,24,0,0.0011730153769926271,2025-03-01 00:00:00+00:00,q95,reanalysis,DK2
0.0038531870117795887,0.0046355942283550725,0.0039860101961996051,0.0046235009876457274,24,0,0.001460810108044517,2025-03-02 00:00:00+00:00,q95,reanalysis,DK2
0.079060820814222249,0.10381864293257982,0.084190083617717848,0.10862512284990286,24,0,0.031349555263435455,2025-03-03 00:00:00+00:00,q95,reanalysis,DK2
0.081125083240904242,0.10805223726310126,0.090461373814916632,0.11763987494918154,24,0,0.026478757302104847,2025-03-04 00:00:00+00:00,q95,reanalysis,DK2
2.6131662905792075e-05,3.9795943131282017e-05,8.8411059270341542e-05,0.00012130710396156788,24,0,9.4215581303752268e-07,2025-03-05 00:00:00+00:00,q95,reanalysis,DK2
0.00066813910845824693,0.0014715018987227827,0.0011071257222900787,0.0021437951349718982,24,0,0.00026040477533138356,2025-03-06 00:00:00+00:00,q95,reanalysis,DK2
0.0089858306301320249,0.022529752407947492,0.011978969459966791,0.026756084756713143,24,0,0.0023742202459993665,2025-03-07 00:00:00+00:00,q95,reanalysis,DK2
4.1653804270778502e-06,4.9163822969484067e-05,1.8269460946020896e-05,0.00015987767290113024,24,0,5.8840897716423168e-08,2025-03-08 00:00:00+00:00,q95,reanalysis,DK2
5.8075314916181078e-06,4.2621730217761194e-05,3.1484778577813161e-05,0.00014818667236305002,24,0,2.638624433800325e-07,2025-03-09 00:00:00+00:00,q95,reanalysis,DK2
0.031046467001726558,0.064164601857528675,0.042757060500757185,0.07986730931838619,24,0,0.0059283012620486341,2025-03-10 00:00:00+00:00,q95,reanalysis,DK2
3.2171961553091819,3.0432855133231165,3.2124095528806644,3.0378023143198627,24,4,3.3868175833578609,2025-03-11 00:00:00+00:00,q95,reanalysis,DK2
4.2130462140927651,4.2722001828523286,4.2457338668415208,4.3148113846763954,24,11,4.2437824874169809,2025-03-12 00:00:00+00:00,q95,reanalysis,DK2
3.5641505590542693,3.2767431328546883,3.5324246975983371,3.2471560483640785,24,21,3.5336326400216702,2025-03-13 00:00:00+00:00,q95,reanalysis,DK2
2.0128121407724562,2.0628823087915191,2.0044300924644385,2.077025127647508,24,15,1.92601167530263,2025-03-14 00:00:00+00:00,q95,reanalysis,DK2
0.0016648939106700899,0.0031764880437287692,0.0034536564746171792,0.0056589310812424779,24,0,0.0012096128879666148,2025-03-15 00:00:00+00:00,q95,reanalysis,DK2
0.0055335635840067666,0.010137051064844839,0.0089148292371919995,0.014510117112157016,24,0,0.0028341382527796314,2025-03-16 00:00:00+00:00,q95,reanalysis,DK2
0.2765225726839533,0.32429469877837563,0.27222685567196525,0.31877583013145888,24,0,0.25152324173933399,2025-03-17 00:00:00+00:00,q95,reanalysis,DK2
0.017646988746935488,0.027847756452240691,0.020462788550073881,0.031027127243763639,24,0,0.013288287882617099,2025-03-18 00:00:00+00:00,q95,reanalysis,DK2
1.5809028875697253,1.4876092563701706,1.5793935232291718,1.4861470873963776,24,3,1.7203230167064949,2025-03-19 00:00:00+00:00,q95,reanalysis,DK2
0.99156580328290977,0.98372579349027411,0.99156501275877562,0.98098000184912182,24,1,0.98376028965301887,2025-03-20 00:00:00+00:00,q95,reanalysis,DK2
0.006034820873274175,0.017872992508548926,0.0061065889020793665,0.018132975505819091,24,0,0.002249061003830662,2025-03-21 00:00:00+00:00,q95,reanalysis,DK2
1.6084007996075471e-16,5.4545684027611545e-15,8.7172459317382344e-13,1.8685384888311871e-11,24,0,9.5478095460882928e-20,2025-03-22 00:00:00+00:00,q95,reanalysis,DK2
0.00011623852758605197,0.00024061218851839921,0.00038516270841998189,0.00064045800436581305,24,0,1.7959770923905658e-05,2025-03-23 00:00:00+00:00,q95,reanalysis,DK2
2.612966367300074,2.5361111541695283,2.6493731415098276,2.5604732986837058,24,3,2.5344085505711984,2025-03-24 00:00:00+00:00,q95,reanalysis,DK2
0.017153421247996896,0.031047678989070855,0.023050667005369448,0.03773318825181244,24,0,0.0047010515639448417,2025-03-25 00:00:00+00:00,q95,reanalysis,DK2
0.97721188114991586,0.96868730197969555,0.98098410978392014,0.97067352520059713,24,1,0.95692350324362752,2025-03-26 00:00:00+00:00,q95,reanalysis,DK2
0.056121400650860305,0.088373954084935272,0.070179143643020553,0.10343636270373888,24,0,0.020827273439185032,2025-03-27 00:00:00+00:00,q95,reanalysis,DK2
0.010224903912317802,0.015309847352503571,0.015202224931897018,0.021328264619887037,24,0,0.003344062696547424,2025-03-28 00:00:00+00:00,q95,reanalysis,DK2
5.1209727297214225e-06,1.3214142261813841e-05,6.261497867326326e-05,0.0001138886773073216,24,0,2.1335598934081906e-06,2025-03-29 00:00:00+00:00,q95,reanalysis,DK2
5.9279487614139232e-09,2.488809942302297e-08,5.098616406987708e-07,1.2963877811575498e-06,24,0,1.6216032153700706e-10,2025-03-30 00:00:00+00:00,q95,reanalysis,DK2
0.00062689750342393455,0.0011530359724208701,0.0019406524920116954,0.0029703792634051553,24,0,0.00017511557234051932,2025-03-31 00:00:00+00:00,q95,reanalysis,DK2
0.0078449449484911272,0.010347381732786284,0.012222213478325869,0.014809671447667325,24,0,0.0035817619840692273,2025-04-01 00:00:00+00:00,q95,reanalysis,DK2
1.5004205115545657e-09,4.6136364440248914e-09,8.0361658329422047e-09,2.0392638194563369e-08,24,0,2.7840326044352859e-10,2025-04-02 00:00:00+00:00,q95,reanalysis,DK2
0.00027460386587855186,0.00024710431265767536,0.00080609625465706222,0.00077617756588912925,24,0,7.8389947053543577e-05,2025-04-03 00:00:00+00:00,q95,reanalysis,DK2
0.00051917091848661153,0.00052053616027565553,0.0012872805619194253,0.0012892948240312532,24,0,5.6894503369851607e-05,2025-04-04 00:00:00+00:00,q95,reanalysis,DK2
3.1691329061943637e-12,7.1421092814935408e-12,1.7053867467228234e-11,2.5028775255642353e-11,24,0,1.0633618161991841e-13,2025-04-05 00:00:00+00:00,q95,reanalysis,DK2
0.00077217992207899249,0.0011795173598921856,0.0017322932618246516,0.0022744239545007699,24,0,0.00021769739475488488,2025-04-06 00:00:00+00:00,q95,reanalysis,DK2
0.11970798313373998,0.12299729013722692,0.12557240925467814,0.13029728219899206,24,0,0.083471903263668393,2025-04-07 00:00:00+00:00,q95,reanalysis,DK2
1.3774384369513566,1.3774379205911196,1.3853151961880483,1.3853130437537002,24,2,1.450303122847419,2025-04-08 00:00:00+00:00,q95,reanalysis,DK2
0.95670553436665384,0.95671325542595476,0.95118872918266895,0.95120451999146793,24,1,0.97956165393638672,2025-04-09 00:00:00+00:00,q95,reanalysis,DK2
0.91161746792455578,0.91162163306186639,0.90603771992213333,0.90604768355579934,24,1,0.9328402803928596,2025-04-10 00:00:00+00:00,q95,reanalysis,DK2
4.7367336278510446e-07,1.2772280838183716e-06,6.2702120346546793e-06,1.2126578234005772e-05,24,0,9.0950845158039181e-08,2025-04-11 00:00:00+00:00,q95,reanalysis,DK2
7.3704370212268639e-10,2.9638446142647385e-09,5.6297793140308032e-08,8.5455192526116398e-08,24,0,2.6421237580141707e-12,2025-04-12 00:00:00+00:00,q95,reanalysis,DK2
6.9007506936164879e-05,6.9085774677278523e-05,0.00030793961855617299,0.00030813904309464355,24,0,1.2975755476987542e-05,2025-04-13 00:00:00+00:00,q95,reanalysis,DK2
0.0057419515992526574,0.0053553537640480845,0.010704424845426389,0.0099893074974800253,24,0,0.0029789672901057995,2025-04-14 00:00:00+00:00,q95,reanalysis,DK2
2.7028792738490546e-05,5.6810766007298356e-05,0.00025090708323789593,0.00042035387781574305,24,0,5.8929234851665007e-06,2025-04-15 00:00:00+00:00,q95,reanalysis,DK2
0.058575311522168098,0.036681758636367891,0.061822068848247765,0.040528471229544477,24,0,0.074035541861269177,2025-04-16 00:00:00+00:00,q95,reanalysis,DK2
0.11720042552408258,0.13709337137236285,0.1224288244347536,0.1456237946604047,24,0,0.088305832970878698,2025-04-17 00:00:00+00:00,q95,reanalysis,DK2
0.00078334246171155898,0.0015300790991025861,0.0023363235512943639,0.0038486582695372988,24,0,0.00016369282636597478,2025-04-18 00:00:00+00:00,q95,reanalysis,DK2
9.9750035003506142e-07,1.5801670361805834e-06,2.5511450356994053e-06,2.949043899000818e-06,24,0,4.9255877017081708e-08,2025-04-19 00:00:00+00:00,q95,reanalysis,DK2
5.5368863442953184e-07,5.7328631181993772e-07,2.4523189784855826e-06,2.4655476026472077e-06,24,0,3.9995716645538141e-08,2025-04-20 00:00:00+00:00,q95,reanalysis,DK2
0.00010028853725463855,9.806857435701278e-05,0.00028894460276767634,0.00028414092769587915,24,0,3.0178466495012688e-05,2025-04-21 00:00:00+00:00,q95,reanalysis,DK2
1.8852997873921553,1.885196896746963,1.8466927165822773,1.846536696422717,24,2,1.9152764212794922,2025-04-22 00:00:00+00:00,q95,reanalysis,DK2
1.2645341760491231,1.1940831662963143,1.2957896703791392,1.2255200316525292,24,1,1.2072493615701292,2025-04-23 00:00:00+00:00,q95,reanalysis,DK2
0.82572257916517156,0.82194875644747001,0.83156163276720663,0.8277870289003626,24,1,0.84504385350249955,2025-04-24 00:00:00+00:00,q95,reanalysis,DK2
3.4649651613626435,3.4649942938730289,3.4032931584163464,3.403350513237597,24,4,3.5208619811688533,2025-04-25 00:00:00+00:00,q95,reanalysis,DK2
3.813744321281741e-08,9.3216089416347105e-08,1.5893876432811704e-07,3.4975094653278103e-07,24,0,3.2446116635822917e-09,2025-04-26 00:00:00+00:00,q95,reanalysis,DK2
0.0049045577930029146,0.0049045605618441603,0.0069395285949700354,0.006939535750969528,24,0,0.0023924824957446671,2025-04-27 00:00:00+00:00,q95,reanalysis,DK2
0.031173980524179266,0.031236456065945488,0.036135327152915786,0.036365300697008239,24,0,0.013501246193062425,2025-04-28 00:00:00+00:00,q95,reanalysis,DK2
1.1559995861013052e-05,2.7422659110148814e-05,7.485611182325968e-05,0.00011489505425722979,24,0,1.5127704095119343e-06,2025-04-29 00:00:00+00:00,q95,reanalysis,DK2
0.00044970807812940252,0.0001827383653530812,0.0011073573967933154,0.0006593188585081966,24,0,0.00014798098974869506,2025-04-30 00:00:00+00:00,q95,reanalysis,DK2
7.7051544440602171e-05,2.8321272789495554e-05,0.00034426704243209049,0.00018610158841716364,24,0,3.59009717159138e-05,2025-05-01 00:00:00+00:00,q95,reanalysis,DK2
8.5150847899050584e-08,2.2511989033684787e-07,2.6800435020026358e-06,3.9292239533529937e-06,24,0,5.4838486696319691e-09,2025-05-02 00:00:00+00:00,q95,reanalysis,DK2
1.8614678018639614e-07,3.561462566891379e-07,1.2372654107980682e-06,1.7080723493922503e-06,24,0,4.1658489411147738e-09,2025-05-03 00:00:00+00:00,q95,reanalysis,DK2
6.4056133305503834e-06,9.9631107904578297e-06,2.1924256408652552e-05,2.5041856344834175e-05,24,0,1.3373266119769512e-06,2025-05-04 00:00:00+00:00,q95,reanalysis,DK2
0.0001578537195891497,0.00020930355122440411,0.00036962496178918251,0.00044046620898151794,24,0,4.9470112512722357e-05,2025-05-05 00:00:00+00:00,q95,reanalysis,DK2
0.0071134510382594284,0.008520498473444979,0.011535921729827623,0.013395734314196535,24,0,0.0034043355160729713,2025-05-06 00:00:00+00:00,q95,reanalysis,DK2
0.2687057045895796,0.26877561894442831,0.28288123004495935,0.28314279426017758,24,0,0.19043451285802401,2025-05-07 00:00:00+00:00,q95,reanalysis,DK2
0.15974771945813962,0.15979462748080014,0.17170287403026777,0.1719041987487416,24,0,0.10542423779668614,2025-05-08 00:00:00+00:00,q95,reanalysis,DK2
0.10372557641537238,0.10349860711144314,0.11480680729018081,0.11450442329892188,24,0,0.071818116780366592,2025-05-09 00:00:00+00:00,q95,reanalysis,DK2
8.3357908169245301e-07,8.948712701350851e-07,1.6915834675904975e-05,1.7897756509523436e-05,24,0,2.7094261281912031e-08,2025-05-10 00:00:00+00:00,q95,reanalysis,DK2
5.0588751602562425e-05,5.0790161545235169e-05,0.00016022064054846072,0.00016129188071558367,24,0,6.5368490277870089e-05,2025-05-11 00:00:00+00:00,q95,reanalysis,DK2
0.082526584029420105,0.12712712146313548,0.086510500218688169,0.1328984914836549,24,0,0.07491115758522833,2025-05-12 00:00:00+00:00,q95,reanalysis,DK2
0.26713613257435437,0.33072176015690902,0.26371894646820609,0.32104967068144502,24,0,0.23541704599161792,2025-05-13 00:00:00+00:00,q95,reanalysis,DK2
0.078798887500309278,0.093973299035832222,0.075150829552202869,0.088724278437631407,24,0,0.056776856242431867,2025-05-14 00:00:00+00:00,q95,reanalysis,DK2
1.7844234530983942e-05,4.9705001939779608e-05,0.00016164609638082272,0.0003455819942547049,24,0,2.4760822402002901e-06,2025-05-15 00:00:00+00:00,q95,reanalysis,DK2
0.00013915284181042039,0.00031606346584710406,0.0006667786753787638,0.0012412862077436188,24,0,4.3052750551909001e-05,2025-05-16 00:00:00+00:00,q95,reanalysis,DK2
4.3293764890646669e-06,6.5114119480596356e-05,3.2984711985988471e-05,0.00028918262244934296,24,0,1.1731567756817606e-06,2025-05-17 00:00:00+00:00,q95,reanalysis,DK2
0.00076473386312662613,0.0014144284582388233,0.0015851755174559876,0.0027004610679676987,24,0,0.00022202344568246214,2025-05-18 00:00:00+00:00,q95,reanalysis,DK2
0.0082558368708303097,0.010014510191279191,0.013259042308014153,0.016065260954827985,24,0,0.0026602807558282959,2025-05-19 00:00:00+00:00,q95,reanalysis,DK2
0.014705218401212826,0.01813898050118444,0.017397180630963554,0.021833561849702279,24,0,0.0049811628834326794,2025-05-20 00:00:00+00:00,q95,reanalysis,DK2
0.0030433444631656602,0.0037277283834456724,0.0028900922117341011,0.0035799694965048491,24,0,0.0016515336072848153,2025-05-21 00:00:00+00:00,q95,reanalysis,DK2
1.0717526933968193e-07,7.4888486769488242e-07,2.7847133781772741e-06,1.2836423429277027e-05,24,0,5.3269544472688411e-08,2025-05-22 00:00:00+00:00,q95,reanalysis,DK2
0.00025667463905323511,0.00073839992656245289,0.00027362606544321407,0.00080865070694247586,24,0,0.00016963463579075806,2025-05-23 00:00:00+00:00,q95,reanalysis,DK2
4.8784582679321533e-05,0.00016236727520783673,0.00021136384290635726,0.00053996498138348769,24,0,1.7668771130370876e-05,2025-05-24 00:00:00+00:00,q95,reanalysis,DK2
9.3258054143816221e-07,3.4671381749897385e-06,2.1901814768216598e-05,4.8172750747957337e-05,24,0,1.3437825000854587e-07,2025-05-25 00:00:00+00:00,q95,reanalysis,DK2
2.881777655778867e-05,0.00010772811789085991,0.00026264512654039041,0.00061181635389102645,24,0,3.1588403114354827e-05,2025-05-26 00:00:00+00:00,q95,reanalysis,DK2
1.7606218211652122e-08,9.5792043897338868e-08,4.6393224155638273e-07,1.8502958457815886e-06,24,0,2.2034296570253206e-09,2025-05-27 00:00:00+00:00,q95,reanalysis,DK2
0.00020375655845901729,0.00042763560335729072,0.00032161490379800509,0.00059580055158909662,24,0,5.070735120704557e-05,2025-05-28 00:00:00+00:00,q95,reanalysis,DK2
9.9801842043481475e-08,6.9887414670803888e-07,9.7826305795135902e-06,3.3244310907612896e-05,24,0,2.6627414370306136e-08,2025-05-29 00:00:00+00:00,q95,reanalysis,DK2
6.668938206258266e-05,0.00013098049413681791,0.00014780130553148412,0.00026368169304862623,24,0,2.0401582911361351e-05,2025-05-30 00:00:00+00:00,q95,reanalysis,DK2
2.1346837772652072e-05,1.9231997259058149e-05,0.00012659932356916454,0.00013737228376029057,24,0,5.7392389982644058e-06,2025-05-31 00:00:00+00:00,q95,reanalysis,DK2
6.5987248312017947e-08,4.0681237381822827e-07,5.6394976947581058e-06,1.7782584264031463e-05,24,0,6.3609538971879756e-09,2025-06-01 00:00:00+00:00,q95,reanalysis,DK2
0.24310601683926425,0.27612965356254926,0.2423687760827245,0.275316384366452,24,0,0.20723233401034952,2025-06-02 00:00:00+00:00,q95,reanalysis,DK2
0.07932823681483217,0.073090564008347361,0.090388975198025232,0.085219262292886483,24,0,0.051836979691886977,2025-06-03 00:00:00+00:00,q95,reanalysis,DK2
0.031998419259076538,0.06090827045022295,0.049039544911751151,0.082706870155188628,24,0,0.027493325871344509,2025-06-04 00:00:00+00:00,q95,reanalysis,DK2
0.0076440855884421042,0.014232337792955399,0.01230848097795877,0.019853014876919053,24,0,0.00390616186318555,2025-06-05 00:00:00+00:00,q95,reanalysis,DK2
5.8900087262692223e-08,5.1327635001321911e-07,3.514829164343048e-06,1.2823405901184714e-05,24,0,1.8550156683394481e-08,2025-06-06 00:00:00+00:00,q95,reanalysis,DK2
1.2522156202313272e-07,4.9658180259729353e-07,3.9134907512283333e-07,1.1618648578336292e-06,24,0,4.6933402249869669e-09,2025-06-07 00:00:00+00:00,q95,reanalysis,DK2
4.1167959365763163e-16,7.4153178319658859e-15,8.7729019541329876e-12,2.655834909944183e-10,24,0,4.7185243496575879e-18,2025-06-08 00:00:00+00:00,q95,reanalysis,DK2
5.0752000629066231e-06,1.892287684913577e-05,7.7021210257312395e-05,0.00017106974680263301,24,0,1.2346956696942977e-06,2025-06-09 00:00:00+00:00,q95,reanalysis,DK2
2.6224192159614235e-06,1.9131430727109873e-05,3.8892364269335107e-05,0.00014527845632198358,24,0,3.3176374901686892e-06,2025-06-10 00:00:00+00:00,q95,reanalysis,DK2
0.0014635525783553887,0.0029569125562895742,0.0034361899294752928,0.005884490476055825,24,0,0.00063435965693905527,2025-06-11 00:00:00+00:00,q95,reanalysis,DK2
0.037658289924726786,0.032839730236348508,0.039002840962157621,0.033827727622136178,24,0,0.041464934454967184,2025-06-12 00:00:00+00:00,q95,reanalysis,DK2
0.0045548469267829754,0.011081691539403868,0.0078301961661843313,0.01642484095715627,24,0,0.0076435229645023754,2025-06-13 00:00:00+00:00,q95,reanalysis,DK2
1.7207677907631793e-08,2.1585960903090319e-07,1.6184485168771308e-06,8.636428758447598e-06,24,0,5.1994067509275124e-09,2025-06-14 00:00:00+00:00,q95,reanalysis,DK2
1.300472573849983e-05,3.2730127894528064e-05,5.7565648551441191e-05,0.00011719529057935114,24,0,3.8033884844588335e-06,2025-06-15 00:00:00+00:00,q95,reanalysis,DK2
0.0043597033210857547,0.0068305273923628881,0.0069708849602206288,0.010588988607055733,24,0,0.0015632552381938613,2025-06-16 00:00:00+00:00,q95,reanalysis,DK2
0.11704947148924195,0.13920876302473245,0.12057457345749603,0.14222855680917623,24,0,0.060581756196594047,2025-06-17 00:00:00+00:00,q95,reanalysis,DK2
0.079012043057042278,0.089881057844213921,0.080346233415537996,0.090550792242011416,24,0,0.041130179485687153,2025-06-18 00:00:00+00:00,q95,reanalysis,DK2
0.00065362855641861004,0.0020328644111502815,0.0012004596662203446,0.0031253318924992757,24,0,0.00053372498473279115,2025-06-19 00:00:00+00:00,q95,reanalysis,DK2
0.063567912958370859,0.063946199884874058,0.064712454176474699,0.065043858802768417,24,0,0.066040037190575052,2025-06-20 00:00:00+00:00,q95,reanalysis,DK2
0.00032162279607307772,0.00025260656010409326,0.00079882056483686966,0.00071173672245100107,24,0,0.00015641463494742264,2025-06-21 00:00:00+00:00,q95,reanalysis,DK2
1.0067355058013484e-06,5.9195862214420537e-06,6.0767956238598789e-06,2.2073060180126189e-05,24,0,5.4521366650930906e-07,2025-06-22 00:00:00+00:00,q95,reanalysis,DK2
1.3332315928044328e-09,3.4960211278583294e-08,2.3983956315411321e-07,1.6179350719290603e-06,24,0,2.3333250760844838e-09,2025-06-23 00:00:00+00:00,q95,reanalysis,DK2
4.9754093341827966e-10,2.198151020439316e-08,4.99120590809261e-09,1.8209638586179174e-07,24,0,6.3321395104376663e-10,2025-06-24 00:00:00+00:00,q95,reanalysis,DK2
0.33007704233696622,0.39863855142546439,0.32411582534669625,0.39243284213303536,24,0,0.25756524171304429,2025-06-25 00:00:00+00:00,q95,reanalysis,DK2
0.69777241980580662,0.72505924060227778,0.71134673600875242,0.73952119265200944,24,0,0.66749934485232842,2025-06-26 00:00:00+00:00,q95,reanalysis,DK2
2.2818124851421784e-05,0.00016464274702731967,0.00014971104386087426,0.00059773485555152984,24,0,5.6211731726103328e-05,2025-06-27 00:00:00+00:00,q95,reanalysis,DK2
1.773771804517047e-08,4.6275161829399918e-07,2.4808933337051847e-06,1.8255898481531407e-05,24,0,7.0523178011529405e-09,2025-06-28 00:00:00+00:00,q95,reanalysis,DK2
0.0003364905566346958,0.00052146596745339868,0.00051160893006273959,0.00072470651229014269,24,0,0.00016163156820161952,2025-06-29 00:00:00+00:00,q95,reanalysis,DK2
1.4662701860684284,1.5022853390386439,1.4832315894947838,1.5175408317191965,24,1,1.4988547026122849,2025-06-30 00:00:00+00:00,q95,reanalysis,DK2
3.5770270086464251,3.5149902528852168,3.556657697464578,3.5018777074653689,24,4,3.5672565611134099,2025-07-01 00:00:00+00:00,q95,reanalysis,DK2
0.55842842225950662,0.72983402605900527,0.54743515034800294,0.71407976003988871,24,0,0.54166907354399951,2025-07-02 00:00:00+00:00,q95,reanalysis,DK2
0.0004498182264247431,0.0012623582288826967,0.0011463154580547148,0.0027679040314634259,24,0,0.00019329290025659699,2025-07-03 00:00:00+00:00,q95,reanalysis,DK2
0.016847804295513191,0.027477042708408179,0.01931850644680462,0.030262246660640004,24,0,0.0088962637062875022,2025-07-04 00:00:00+00:00,q95,reanalysis,DK2
1.4731251017704786e-08,4.7854042393430343e-07,2.5463550681327774e-06,2.0825477500825892e-05,24,0,1.1852451627696623e-08,2025-07-05 00:00:00+00:00,q95,reanalysis,DK2
0.0001006360539547769,0.00018638786651181265,0.00013445513992606969,0.00021629700708663039,24,0,1.9346151564607084e-05,2025-07-06 00:00:00+00:00,q95,reanalysis,DK2
0.1849587043459969,0.2467884198179566,0.1709280538182712,0.22687221260829529,24,0,0.12022366898798832,2025-07-07 00:00:00+00:00,q95,reanalysis,DK2
0.0043248121533422642,0.012619267748134235,0.007168119574365652,0.017214490549834129,24,0,0.0069214439776817994,2025-07-08 00:00:00+00:00,q95,reanalysis,DK2
0.39370299633150041,0.56303503507791341,0.40203039408042507,0.57512226942158162,24,0,0.47243549972554738,2025-07-09 00:00:00+00:00,q95,reanalysis,DK2
0.85802547533684237,0.93433509865071829,0.86238336608639043,0.93348654808196252,24,0,0.89751549506722961,2025-07-10 00:00:00+00:00,q95,reanalysis,DK2
0.019609013469602352,0.036992732032436693,0.027434588055811508,0.047138617627386387,24,0,0.010957832237800259,2025-07-11 00:00:00+00:00,q95,reanalysis,DK2
3.3116396224193901e-07,4.3927595028031435e-06,8.9598838828315688e-06,5.208123270863891e-05,24,0,1.2463176512328387e-07,2025-07-12 00:00:00+00:00,q95,reanalysis,DK2
0.0053934734808031726,0.011566321355780828,0.0076463373283023996,0.01550159254461239,24,0,0.0027788832676620256,2025-07-13 00:00:00+00:00,q95,reanalysis,DK2
0.19428376572635964,0.26496922056525712,0.19914407412298621,0.2802053775739764,24,0,0.1426314613609049,2025-07-14 00:00:00+00:00,q95,reanalysis,DK2
0.21414652700701556,0.25670138676655258,0.19162521496069787,0.23428778688149562,24,0,0.2110630036400285,2025-07-15 00:00:00+00:00,q95,reanalysis,DK2
0.017691642246622053,0.056651496647490848,0.02714489051088164,0.07044920270889049,24,0,0.028219546373441696,2025-07-16 00:00:00+00:00,q95,reanalysis,DK2
2.6147314069100682,3.2615627783272894,2.6627094997975629,3.3269156848377475,24,0,2.9001180283372188,2025-07-17 00:00:00+00:00,q95,reanalysis,DK2
4.0831843972163355,4.3699206754948694,4.101781590910778,4.3989525741289155,24,2,4.1965978396656132,2025-07-18 00:00:00+00:00,q95,reanalysis,DK2
0.0063603334339676267,0.0090006323458202905,0.0062544426127825398,0.0095879059499197269,24,0,0.0041031563376340884,2025-07-19 00:00:00+00:00,q95,reanalysis,DK2
3.2187171091380716e-05,7.4718293088888105e-05,0.0001136504586069341,0.00027746386674609713,24,0,6.5497518649947236e-06,2025-07-20 00:00:00+00:00,q95,reanalysis,DK2
0.28295480241766019,0.35610411126424046,0.27054244720162041,0.34353588737738761,24,0,0.1867697614992144,2025-07-21 00:00:00+00:00,q95,reanalysis,DK2
0.0095162737636944085,0.027729804711394197,0.01241961539656219,0.030526538027567923,24,0,0.016747422346029314,2025-07-22 00:00:00+00:00,q95,reanalysis,DK2
0.46448336482982738,0.64967536761883182,0.4684410595193424,0.65398315760475179,24,0,0.43466724667217133,2025-07-23 00:00:00+00:00,q95,reanalysis,DK2
2.0404059350351256,2.1817104210489444,2.0292207607461479,2.1850870531398501,24,0,1.9254508400569985,2025-07-24 00:00:00+00:00,q95,reanalysis,DK2
1.2179104898625943,1.4474093439845954,1.2391135544122842,1.4863673805873046,24,0,1.3067724681758741,2025-07-25 00:00:00+00:00,q95,reanalysis,DK2
3.5554803297505681e-05,0.00026081466328730903,0.00021422737980089497,0.00086517123092270693,24,0,2.1032690043899402e-05,2025-07-26 00:00:00+00:00,q95,reanalysis,DK2
8.4596646335148299e-05,0.00017981700739879943,0.0001904038468691357,0.00038166206871318071,24,0,1.2644567633886712e-05,2025-07-27 00:00:00+00:00,q95,reanalysis,DK2
0.0012855535043809058,0.0040715629808828592,0.0038594032586793596,0.0096831504377413464,24,0,0.00085475873178230983,2025-07-28 00:00:00+00:00,q95,reanalysis,DK2
0.00014866635244795783,0.00059253660259835062,0.00065366972814295864,0.0016025833877425324,24,0,0.00018064310037203785,2025-07-29 00:00:00+00:00,q95,reanalysis,DK2
0.00095192986095785927,0.0030281507283548225,0.0014520225710785257,0.0038899562347373905,24,0,0.0010933179018203117,2025-07-30 00:00:00+00:00,q95,reanalysis,DK2
0.0095162189300632312,0.023717839459332153,0.01457010814709371,0.03133961377515581,24,0,0.012844354969383374,2025-07-31 00:00:00+00:00,q95,reanalysis,DK2
0.016260014513976191,0.03060009691705157,0.021617516994014721,0.037323045585779722,24,0,0.018833235436622995,2025-08-01 00:00:00+00:00,q95,reanalysis,DK2
9.8331381544719499e-06,1.8319568296092241e-05,4.7283585696454926e-05,0.00011029788073459759,24,0,7.099555984475184e-06,2025-08-02 00:00:00+00:00,q95,reanalysis,DK2
4.2898555301123372e-07,6.9638352806247616e-06,1.9933729522079119e-05,0.000111741745137116,24,0,7.2246627437110209e-07,2025-08-03 00:00:00+00:00,q95,reanalysis,DK2
2.3681100999015269e-05,0.00011089256008316101,0.00022904654870969815,0.00065992673346274532,24,0,3.127257115303346e-05,2025-08-04 00:00:00+00:00,q95,reanalysis,DK2
7.9050496118552407e-11,2.0966748520946064e-09,7.4025382613021412e-09,6.7321737079656088e-08,24,0,1.8285207820708525e-10,2025-08-05 00:00:00+00:00,q95,reanalysis,DK2
0.041048081113628294,0.053521966990266512,0.038363628213950465,0.049214123078635333,24,0,0.025124147163980304,2025-08-06 00:00:00+00:00,q95,reanalysis,DK2
0.19549381096386617,0.19008018385742029,0.17610594131421742,0.17055513516868021,24,0,0.17128227701335194,2025-08-07 00:00:00+00:00,q95,reanalysis,DK2
0.17623792013376305,0.16591204495454309,0.16398957409889742,0.15118913779777421,24,0,0.1661868491455413,2025-08-08 00:00:00+00:00,q95,reanalysis,DK2
0.0040308082383636564,0.0042696666961897292,0.0079877617820383502,0.0083917193778551315,24,0,0.001821837393367394,2025-08-09 00:00:00+00:00,q95,reanalysis,DK2
7.7737291057488134e-05,0.00025174055702133512,0.00035106048969224665,0.00074963057017509078,24,0,2.2543624173661512e-05,2025-08-10 00:00:00+00:00,q95,reanalysis,DK2
0.03554734800576935,0.060131213854665605,0.037236422198257811,0.06187041846437679,24,0,0.025780497999954622,2025-08-11 00:00:00+00:00,q95,reanalysis,DK2
0.32844129786055443,0.21599894895893326,0.31738404907280121,0.20264830363421937,24,0,0.30388569212982991,2025-08-12 00:00:00+00:00,q95,reanalysis,DK2
0.15514833872715844,0.1672788675458142,0.13535912739794079,0.1452248310787152,24,0,0.12867825475079139,2025-08-13 00:00:00+00:00,q95,reanalysis,DK2
0.13087481900150147,0.14154095853802318,0.13195012231067135,0.13754396268363958,24,0,0.089764400897689223,2025-08-14 00:00:00+00:00,q95,reanalysis,DK2
0.031968424039025084,0.024976315854526351,0.040851132870964951,0.033617020820487592,24,0,0.015540531237697422,2025-08-15 00:00:00+00:00,q95,reanalysis,DK2
1.0050899029618137e-06,9.8217317491047824e-06,2.3496929058111462e-05,0.00010670940084252543,24,0,4.2743781478774168e-07,2025-08-16 00:00:00+00:00,q95,reanalysis,DK2
0.00035819704787705566,0.00018912899366879514,0.00097558991934875252,0.00067492202654798376,24,0,5.6226872610310785e-05,2025-08-17 00:00:00+00:00,q95,reanalysis,DK2
0.071967505705696308,0.058595611695133977,0.085500245105676331,0.070353416543145114,24,0,0.052276091762358735,2025-08-18 00:00:00+00:00,q95,reanalysis,DK2
0.042176512791517032,0.039209962608624971,0.052172059540967743,0.04901656222191788,24,0,0.020649541522784556,2025-08-19 00:00:00+00:00,q95,reanalysis,DK2
0.0027221714627395266,0.0036523018203504939,0.0039160794566130584,0.0057147623296257303,24,0,0.0027576253377381912,2025-08-20 00:00:00+00:00,q95,reanalysis,DK2
0.0029243524654387386,0.0059023041635089145,0.0060745520881109842,0.010391886762179855,24,0,0.001660455059286465,2025-08-21 00:00:00+00:00,q95,reanalysis,DK2
1.728821829091855e-08,9.7575173930963037e-08,1.0272594860401328e-07,6.3084276152731863e-07,24,0,7.6179846528977229e-09,2025-08-22 00:00:00+00:00,q95,reanalysis,DK2
1.1291629848108469e-05,6.6109719509929276e-06,9.7873272597451776e-05,7.1424897201588711e-05,24,0,5.3241936336921859e-06,2025-08-23 00:00:00+00:00,q95,reanalysis,DK2
5.7224344841216474e-05,0.00016901979845794805,0.00022348668327358017,0.0005076518835916969,24,0,1.4574804530250993e-05,2025-08-24 00:00:00+00:00,q95,reanalysis,DK2
0.20386210010626038,0.14767732747758491,0.20054662276826954,0.14409511875234901,24,0,0.17599203807835828,2025-08-25 00:00:00+00:00,q95,reanalysis,DK2
0.11980259071966609,0.087730087114908345,0.12393697154697772,0.095243027293607757,24,0,0.10712820259937965,2025-08-26 00:00:00+00:00,q95,reanalysis,DK2
1.3231403288642529,1.4710274107312304,1.3544887614620558,1.5133373930171763,24,2,1.3233684558502488,2025-08-27 00:00:00+00:00,q95,reanalysis,DK2
2.8185661532091899,3.1519770166316228,2.8573213536490925,3.194797360160782,24,5,2.8746228153356705,2025-08-28 00:00:00+00:00,q95,reanalysis,DK2
0.0055972658359642585,0.0089458993387840358,0.008531691446840628,0.012913694458212319,24,0,0.0023078227758573469,2025-08-29 00:00:00+00:00,q95,reanalysis,DK2
1.0272181540787567e-07,1.8616877668741234e-06,4.8155902302317576e-07,6.7889692282272067e-06,24,0,2.7950112491097158e-08,2025-08-30 00:00:00+00:00,q95,reanalysis,DK2
8.2692715567648474e-06,2.5035468639300099e-05,4.0347882281220222e-05,9.8621426333425963e-05,24,0,1.6668997659613476e-06,2025-08-31 00:00:00+00:00,q95,reanalysis,DK2
0.0079083796682983785,0.0062029510586351644,0.0105219103520349,0.0099797540344223647,24,0,0.0040342487302893653,2025-09-01 00:00:00+00:00,q95,reanalysis,DK2
0.75099768020216284,0.75080351001265988,0.73557355809913028,0.73782109318949962,24,1,0.70657224067955748,2025-09-02 00:00:00+00:00,q95,reanalysis,DK2
7.7970505046589409e-07,5.4507702258391236e-06,1.89745301700976e-05,7.2106186726548005e-05,24,0,1.1278253163264585e-06,2025-09-03 00:00:00+00:00,q95,reanalysis,DK2
0.018232398563834514,0.012676929305310071,0.02064471575240448,0.017339952141657542,24,0,0.0096572297529433377,2025-09-04 00:00:00+00:00,q95,reanalysis,DK2
0.093058788800982992,0.090276355607657371,0.093124991363024989,0.092485259011592116,24,0,0.092293594083539113,2025-09-05 00:00:00+00:00,q95,reanalysis,DK2
4.6867550475864651e-06,8.2025488883086653e-07,1.6062026884067922e-05,3.8097102318113636e-06,24,0,1.189136758147135e-06,2025-09-06 00:00:00+00:00,q95,reanalysis,DK2
4.0724170738710989e-05,0.00016473639745145371,0.00021277493309473591,0.00061273350155826819,24,0,3.0023019762090199e-05,2025-09-07 00:00:00+00:00,q95,reanalysis,DK2
2.4488590168872935,2.5652719663437482,2.4179393630075614,2.5419195751625914,24,3,2.5665545540009376,2025-09-08 00:00:00+00:00,q95,reanalysis,DK2
2.1969755693533806,2.3032514147181646,2.2176734986479958,2.3211108412450008,24,3,2.1276422755426019,2025-09-09 00:00:00+00:00,q95,reanalysis,DK2
0.21399483043240944,0.26681870212829523,0.21949203706112627,0.27410699307820474,24,0,0.13407976113193526,2025-09-10 00:00:00+00:00,q95,reanalysis,DK2
0.00016225198430973252,0.00028992366983724414,0.00027144769747170769,0.00054954005444912278,24,0,4.6395326209064046e-05,2025-09-11 00:00:00+00:00,q95,reanalysis,DK2
1.8108917031037503e-06,7.0253872366377883e-06,3.4576543691779907e-05,7.6898480231366807e-05,24,0,2.5044808999284902e-06,2025-09-12 00:00:00+00:00,q95,reanalysis,DK2
6.6634592373629606e-09,1.0609495049440846e-07,4.372648114689308e-07,3.9436926680644881e-06,24,0,2.5334616615972332e-09,2025-09-13 00:00:00+00:00,q95,reanalysis,DK2
1.7054025647872554e-07,2.5694923027818533e-06,7.6224758832072852e-07,1.0015733005410069e-05,24,0,1.345005058778339e-07,2025-09-14 00:00:00+00:00,q95,reanalysis,DK2
5.1323300033965601e-23,3.0506610679068405e-20,1.1754724843749508e-14,4.122926691421057e-13,24,0,7.1771732948892795e-25,2025-09-15 00:00:00+00:00,q95,reanalysis,DK2
9.27486764759249e-15,6.6483762400886076e-14,7.1444755647415489e-13,7.2217038735304596e-12,24,0,1.2810956007505474e-15,2025-09-16 00:00:00+00:00,q95,reanalysis,DK2
2.8657656347749612e-08,8.6103662640698851e-08,8.4039455731171107e-08,1.7675084008668659e-07,24,0,1.4634714505947582e-08,2025-09-17 00:00:00+00:00,q95,reanalysis,DK2
1.3347560486079604e-06,2.8296900319367745e-06,1.3557369519973763e-06,2.6615286804666556e-06,24,0,9.3552824818616022e-07,2025-09-18 00:00:00+00:00,q95,reanalysis,DK2
0.00038040906488653078,0.0006459303216773747,0.00070500869749943584,0.0010192315762547906,24,0,0.00022286108689052335,2025-09-19 00:00:00+00:00,q95,reanalysis,DK2
2.975856562074101e-08,3.2002160375015225e-07,6.1007110279397341e-07,5.2362154212827505e-06,24,0,4.2219544752378207e-09,2025-09-20 00:00:00+00:00,q95,reanalysis,DK2
8.0970097825660782e-08,3.3655641176766532e-07,7.5337255269484559e-06,1.4034023285072372e-05,24,0,1.1230425798998961e-06,2025-09-21 00:00:00+00:00,q95,reanalysis,DK2
0.00077884441305965863,0.001448076495850377,0.0017106145157601235,0.002733453627564168,24,0,0.00013076889439289608,2025-09-22 00:00:00+00:00,q95,reanalysis,DK2
0.23183505044911859,0.25737362990476276,0.21720398470405428,0.24313811109495162,24,0,0.23718597914643125,2025-09-23 00:00:00+00:00,q95,reanalysis,DK2
0.29826996708355979,0.31078381250784215,0.29126196953770017,0.3040473855685914,24,0,0.29993250002799993,2025-09-24 00:00:00+00:00,q95,reanalysis,DK2
0.0077495094555747879,0.0088564334039123154,0.0055886691786954041,0.0063259024931807614,24,0,0.0076273183604164121,2025-09-25 00:00:00+00:00,q95,reanalysis,DK2
0.0042238464658525361,0.0046346442980651657,0.0041540934260054169,0.0045010118266133542,24,0,0.0042101924662267549,2025-09-26 00:00:00+00:00,q95,reanalysis,DK2
1.0979855010444778e-06,2.3314189991625764e-06,2.739466651697837e-06,4.7085418015278906e-06,24,0,1.4564385310498346e-07,2025-09-27 00:00:00+00:00,q95,reanalysis,DK2
0.0080426002634318532,0.0037164461315213034,0.0081540303546206051,0.0035600582480135208,24,0,0.0035339220272733122,2025-09-28 00:00:00+00:00,q95,reanalysis,DK2
1.0630154281042987,1.0525105169568914,1.0581899494918432,1.0467507236010962,24,2,1.0261882319030009,2025-09-29 00:00:00+00:00,q95,reanalysis,DK2
2.2476557079137116,2.3303749932072635,2.2894121413429973,2.3793295073266942,24,4,2.2431664902908026,2025-09-30 00:00:00+00:00,q95,reanalysis,DK2
3.3386062666021004,3.2790971810587006,3.3303335722462588,3.2631293342811873,24,7,3.2446371523349198,2025-10-01 00:00:00+00:00,q95,reanalysis,DK2
0.90882196407972515,0.89673338312793938,0.89457092298704655,0.88085110675754252,24,4,0.77988606378085223,2025-10-02 00:00:00+00:00,q95,reanalysis,DK2
0.00063549192878167751,0.00028194326149970134,0.0012861631860790707,0.00066940922802431811,24,0,0.00020819693234149129,2025-10-03 00:00:00+00:00,q95,reanalysis,DK2
6.1773404860851601e-26,1.4828456326306085e-25,2.314218371102674e-22,2.934179531834834e-20,24,0,3.7668276478017645e-39,2025-10-04 00:00:00+00:00,q95,reanalysis,DK2
2.6066216073576005e-18,2.3214280630913e-16,5.8222631510923825e-17,4.6354477116078835e-15,24,0,2.8783432835457778e-19,2025-10-05 00:00:00+00:00,q95,reanalysis,DK2
0.024200401244773701,0.020467713219660007,0.021890539129403284,0.018582865202984696,24,0,0.017041238379785162,2025-10-06 00:00:00+00:00,q95,reanalysis,DK2
2.0099507647869368,1.9756264574977702,1.9896663732138138,1.945325261649911,24,4,1.7377058038440127,2025-10-07 00:00:00+00:00,q95,reanalysis,DK2
2.8569569920281808,2.624930389541817,2.9276172390958037,2.6767287827010637,24,4,2.8376833402696802,2025-10-08 00:00:00+00:00,q95,reanalysis,DK2
3.0827013740368607,2.9194149787799701,3.123477451295634,2.9411853057670201,24,4,3.2547557223410641,2025-10-09 00:00:00+00:00,q95,reanalysis,DK2
4.6360946284122289e-06,9.1667848584105933e-06,7.1605616628742673e-06,1.404094030288419e-05,24,0,5.6009657653099989e-07,2025-10-10 00:00:00+00:00,q95,reanalysis,DK2
6.439401187551878e-13,5.3315835301781351e-12,2.3872450094544125e-10,2.14941608444981e-09,24,0,1.8944508856229351e-15,2025-10-11 00:00:00+00:00,q95,reanalysis,DK2
3.0440115835855915e-05,5.1928170794486377e-05,0.00015407787813412994,0.00020431038217069589,24,0,3.4161947685927067e-06,2025-10-12 00:00:00+00:00,q95,reanalysis,DK2
1.3176962986984826,1.2593471611080214,1.35605992711247,1.2867148914415845,24,2,1.3338458382564158,2025-10-13 00:00:00+00:00,q95,reanalysis,DK2
0.20180510270056767,0.28044852984641355,0.21020869107447707,0.29547643281215458,24,0,0.12039524955845098,2025-10-14 00:00:00+00:00,q95,reanalysis,DK2
0.37056194717499225,0.38736095304150364,0.37696983577981569,0.38986142676645802,24,0,0.25472347612426721,2025-10-15 00:00:00+00:00,q95,reanalysis,DK2
0.0025527232780325191,0.004868546463754164,0.0036745223096142131,0.0063515832881328371,24,0,0.0014841462258742299,2025-10-16 00:00:00+00:00,q95,reanalysis,DK2
0.00057267119376260532,0.0011241060822831041,0.00090777696998960026,0.0015996998953362559,24,0,0.00022146291212502787,2025-10-17 00:00:00+00:00,q95,reanalysis,DK2
0.00068411225393560601,0.00074888421480284696,0.00057709974068311323,0.00063710660856197622,24,0,0.00031977601433184454,2025-10-18 00:00:00+00:00,q95,reanalysis,DK2
2.1781520485115941e-08,8.1072554554743778e-08,2.5049839514597775e-08,7.9435519108429667e-08,24,0,2.7798411690642575e-09,2025-10-19 00:00:00+00:00,q95,reanalysis,DK2
1.691233332586797e-15,4.9537036116200491e-15,6.4955704650331197e-12,8.4380569935837903e-11,24,0,1.5001084832774519e-17,2025-10-20 00:00:00+00:00,q95,reanalysis,DK2
4.1140383090376973e-11,5.3545169778473822e-10,1.6870479717364487e-08,1.5419485869663447e-07,24,0,4.6643651248585552e-13,2025-10-21 00:00:00+00:00,q95,reanalysis,DK2
0.027078269315189196,0.030590753534333881,0.034260430453878277,0.039338578440234605,24,0,0.014421417278969799,2025-10-22 00:00:00+00:00,q95,reanalysis,DK2
3.321504667529774e-11,1.4317258444348865e-10,2.0170455437601726e-09,9.3167829106298717e-09,24,0,6.8231697894609716e-13,2025-10-23 00:00:00+00:00,q95,reanalysis,DK2
1.1751482299320371e-14,8.8400483266407872e-14,9.9761708252500456e-12,2.1569118999696801e-11,24,0,4.0432747140855816e-17,2025-10-24 00:00:00+00:00,q95,reanalysis,DK2
1.1222379372831228e-16,6.2765069687583026e-15,2.0536284377163601e-12,6.0654202915073426e-11,24,0,5.6907869785150781e-20,2025-10-25 00:00:00+00:00,q95,reanalysis,DK2
0,0,0,0,0,0,0,2025-10-26 00:00:00+00:00,q95,reanalysis,DK2
6.8229162545324467e-09,2.5887983660213152e-08,3.6939587059062709e-07,1.0169095315623711e-06,24,0,2.6143839946174157e-10,2025-10-27 00:00:00+00:00,q95,reanalysis,DK2
7.3100927509131285e-07,2.3790776143020508e-06,1.8506530295875068e-05,3.9377629594024673e-05,24,0,7.8655057111548621e-08,2025-10-28 00:00:00+00:00,q95,reanalysis,DK2
9.6365778706185617e-06,3.3322475763833485e-05,8.0024636725898709e-05,0.00024600131571870035,24,0,1.3160684643137028e-06,2025-10-29 00:00:00+00:00,q95,reanalysis,DK2
1.1060107265940128e-05,2.9223225160628882e-05,0.00012501190783776889,0.00023480730197457825,24,0,3.4914632550805106e-06,2025-10-30 00:00:00+00:00,q95,reanalysis,DK2
8.0219586879142613e-06,2.5649606795785413e-05,6.197324751655834e-05,0.00016512889358652556,24,0,1.6892342647457418e-06,2025-10-31 00:00:00+00:00,q95,reanalysis,DK2
8.700359491628742e-11,3.1869335108603872e-10,8.1345614223663254e-08,9.0428092362308017e-08,24,0,5.9096172725020204e-12,2025-11-01 00:00:00+00:00,q95,reanalysis,DK2
4.9239536528821973e-08,1.447722931854545e-07,2.401061028121231e-06,3.494566771728416e-06,24,0,7.4826055424638096e-09,2025-11-02 00:00:00+00:00,q95,reanalysis,DK2
4.2099602581700156e-06,7.120978261330585e-06,4.0591986164084087e-05,3.7607595437216014e-05,24,0,8.2102507298241608e-07,2025-11-03 00:00:00+00:00,q95,reanalysis,DK2
3.4352237320660179e-11,3.7676460259249438e-10,4.393548422907589e-08,1.7233649440955158e-07,24,0,1.7924021103082245e-12,2025-11-04 00:00:00+00:00,q95,reanalysis,DK2
0.00025542114609394134,0.00077141964585228557,0.001109149881675065,0.002353521637066622,24,0,7.1038297671549471e-05,2025-11-05 00:00:00+00:00,q95,reanalysis,DK2
0.035597782209671032,0.043967287912984057,0.048139964332343993,0.057094067536456766,24,0,0.011456034546012102,2025-11-06 00:00:00+00:00,q95,reanalysis,DK2
0.07053221521423822,0.098152259593900198,0.077674888000378542,0.10869543442818706,24,0,0.044843499346463658,2025-11-07 00:00:00+00:00,q95,reanalysis,DK2
0.017983673981609397,0.038511102764061285,0.019229726970705983,0.042463352672182486,24,0,0.013594854010464159,2025-11-08 00:00:00+00:00,q95,reanalysis,DK2
0,0,0,0,0,0,0,2025-11-09 00:00:00+00:00,q95,reanalysis,DK2
0.91798341847216069,0.87597408779680164,0.91853982703152159,0.87634444809890855,24,1,0.95286187914913123,2025-11-10 00:00:00+00:00,q95,reanalysis,DK2
9.901029822430328e-06,3.9587717994287105e-05,7.8259294881207083e-05,0.00018144417319848486,24,0,1.5114965027290447e-06,2025-11-11 00:00:00+00:00,q95,reanalysis,DK2
4.0811471641374217e-13,1.238986026776925e-11,5.7522758335925674e-10,3.7381067854753183e-09,24,0,1.2430105484885395e-14,2025-11-12 00:00:00+00:00,q95,reanalysis,DK2
2.2399005610515846e-05,9.0743225021870801e-05,0.00014937952330513926,0.00039793209435311499,24,0,2.872716470438862e-06,2025-11-13 00:00:00+00:00,q95,reanalysis,DK2
0.0020905865365675549,0.0039390793205161742,0.0029522996160028067,0.0047854710028013793,24,0,0.00074881959576978568,2025-11-14 00:00:00+00:00,q95,reanalysis,DK2
3.0146251651726547e-07,6.107028499237599e-06,3.5426791602971558e-07,8.3018668043261877e-06,24,0,2.863351057063169e-08,2025-11-15 00:00:00+00:00,q95,reanalysis,DK2
0,0,0,0,0,0,0,2025-11-16 00:00:00+00:00,q95,reanalysis,DK2
0.0055654727539640346,0.014639280428412588,0.0041238720259035039,0.011666030669783736,24,0,0.0037783292290697861,2025-11-17 00:00:00+00:00,q95,reanalysis,DK2
0.1047372941554775,0.2446209339563333,0.090070077942224269,0.21910274774167215,24,0,0.094492512987278177,2025-11-18 00:00:00+00:00,q95,reanalysis,DK2
0.038913755193265002,0.053185829749172873,0.049325135762382427,0.060905839929009227,24,0,0.020883278827162764,2025-11-19 00:00:00+00:00,q95,reanalysis,DK2
3.5225848661703347,3.4467764667288727,3.5831670414925894,3.506555253487686,24,6,3.4812398531109672,2025-11-20 00:00:00+00:00,q95,reanalysis,DK2
5.3098285223162636,5.3728545547670725,5.2944358541034893,5.3450760420435923,24,10,5.4210706735696563,2025-11-21 00:00:00+00:00,q95,reanalysis,DK2
0.030399652430063862,0.067911195386670661,0.027299051733254514,0.062905225940543028,24,0,0.031798962095235667,2025-11-22 00:00:00+00:00,q95,reanalysis,DK2
2.1626468439563319e-11,2.539222949816971e-10,4.8726394805819476e-09,3.4809811094785959e-08,24,0,1.3165980778861017e-13,2025-11-23 00:00:00+00:00,q95,reanalysis,DK2
0.078364585381394625,0.11431455507600911,0.086696680920179736,0.12565614695760136,24,0,0.035214285823546521,2025-11-24 00:00:00+00:00,q95,reanalysis,DK2
6.1931821996871816,5.8903788051051835,6.2440004808722946,5.9104736276498606,24,9,6.639413603965747,2025-11-25 00:00:00+00:00,q95,reanalysis,DK2
3.4369297460071135,3.4834151345512239,3.4323671655495511,3.4884304499293965,24,17,3.4452334551247028,2025-11-26 00:00:00+00:00,q95,reanalysis,DK2
1.3393099762663341,1.2845300237942969,1.3818217031272113,1.3147481247968942,24,2,1.440260917480719,2025-11-27 00:00:00+00:00,q95,reanalysis,DK2
1.4649364016442254e-09,3.3953957712935161e-09,3.467323706740279e-07,5.8999407948103698e-07,24,0,7.7755891443684392e-12,2025-11-28 00:00:00+00:00,q95,reanalysis,DK2
3.5157445593173813e-12,2.9406360004468873e-11,4.4329070386685472e-11,1.9280001187812515e-10,24,0,2.9169781854031026e-14,2025-11-29 00:00:00+00:00,q95,reanalysis,DK2
5.515217674728235e-08,1.0890469620801789e-07,1.4225413672944943e-06,3.947237914555066e-06,24,0,1.0344528500613234e-09,2025-11-30 00:00:00+00:00,q95,reanalysis,DK2
2.2234887783224295e-08,1.3902664507436669e-08,4.4960759944444881e-07,5.9904315925773971e-07,24,0,9.8683462799107483e-11,2025-12-01 00:00:00+00:00,q95,reanalysis,DK2
0.0036000720064473905,0.0043010394121316721,0.0069958898060057005,0.0083533214270405439,24,0,0.00085002539977482828,2025-12-02 00:00:00+00:00,q95,reanalysis,DK2
5.2093128457978883,5.1788247170778234,5.1734857556537674,5.1473131301807173,24,8,5.6916546757994864,2025-12-03 00:00:00+00:00,q95,reanalysis,DK2
1.0146736197732125,1.0164771221974549,1.0136125552921709,1.0175733662642776,24,1,1.0045382162382885,2025-12-04 00:00:00+00:00,q95,reanalysis,DK2
3.4186997483036259,3.4436922336628943,3.4031896419439231,3.4523300255591423,24,4,3.6159636338042596,2025-12-05 00:00:00+00:00,q95,reanalysis,DK2
3.9545862090248959e-19,5.0069095269733837e-20,6.1308273562493403e-18,8.7893884285825462e-19,24,0,1.0017733795340461e-21,2025-12-06 00:00:00+00:00,q95,reanalysis,DK2
3.6174992308012535e-14,5.339202415059139e-14,2.9969936602988735e-13,2.3116798186785425e-13,24,0,8.885221024489608e-16,2025-12-07 00:00:00+00:00,q95,reanalysis,DK2
1.824600421296027e-10,2.8518946732669416e-10,6.3412332885400746e-09,4.2109066083108884e-09,24,0,2.3921253099004269e-12,2025-12-08 00:00:00+00:00,q95,reanalysis,DK2
4.2326305935841752e-07,5.474067947775588e-07,4.8165674080313615e-06,3.6975062887540725e-06,24,0,1.133520759986656e-07,2025-12-09 00:00:00+00:00,q95,reanalysis,DK2
2.2028080500547913e-06,4.3779996849486519e-06,3.0680840735437877e-05,5.5038865336742641e-05,24,0,9.3843867576136283e-08,2025-12-10 00:00:00+00:00,q95,reanalysis,DK2
2.1505633926751622e-05,2.1913305651799201e-05,0.00020507989853399327,0.00023441449855406704,24,0,1.6576192407001336e-06,2025-12-11 00:00:00+00:00,q95,reanalysis,DK2
0.037331158483959404,0.049239202905101365,0.04817755480760464,0.062098921152375801,24,0,0.012619576681224928,2025-12-12 00:00:00+00:00,q95,reanalysis,DK2
0.0035627157514648944,0.0039383812043856103,0.0073301951853079299,0.0080981043438745435,24,0,0.00045637486790569388,2025-12-13 00:00:00+00:00,q95,reanalysis,DK2
9.9012178527662126e-07,1.4281131393912153e-06,1.2998809593465098e-05,1.8803755005630724e-05,24,0,4.2592905500759687e-08,2025-12-14 00:00:00+00:00,q95,reanalysis,DK2
1.1783055390199215e-05,1.7711611908171635e-05,9.4755074114428377e-05,0.00010726412082774899,24,0,2.4802041225382656e-06,2025-12-15 00:00:00+00:00,q95,reanalysis,DK2
0.043368282471561666,0.05307483039922864,0.053202717914224915,0.062710607405999347,24,0,0.015715058308485737,2025-12-16 00:00:00+00:00,q95,reanalysis,DK2
0.017563880114678947,0.022549294974564364,0.025543243199194845,0.031971655896213466,24,0,0.0034368271072729648,2025-12-17 00:00:00+00:00,q95,reanalysis,DK2
1.0587652707113178e-11,2.2626579269811678e-11,4.6629598846535606e-10,5.3687917580207078e-10,24,0,5.9876037532985895e-13,2025-12-18 00:00:00+00:00,q95,reanalysis,DK2
3.2184067586270763e-05,5.932698986628543e-05,0.00025646576337638494,0.0003879429164294008,24,0,3.2763149002399658e-06,2025-12-19 00:00:00+00:00,q95,reanalysis,DK2
3.1130438059501267e-06,1.1636397192324022e-05,3.3425150646918543e-05,0.00010302468768703363,24,0,1.0508208570435981e-07,2025-12-20 00:00:00+00:00,q95,reanalysis,DK2
6.1727384496022777e-07,4.1733857660964347e-06,1.7968351679118692e-06,1.0370391683475134e-05,24,0,2.9168168799680051e-08,2025-12-21 00:00:00+00:00,q95,reanalysis,DK2
0.00097071207076750924,0.0016182790435337183,0.0026218813187463092,0.0039425528708469052,24,0,0.00015597676098400614,2025-12-22 00:00:00+00:00,q95,reanalysis,DK2
3.4244680296847444e-06,1.1328765648400606e-05,1.2010182226298756e-05,3.8897088984716362e-05,24,0,2.6204271794654189e-07,2025-12-23 00:00:00+00:00,q95,reanalysis,DK2
0.00023047407107991451,0.00034798878047110498,0.00042700153237586397,0.00055329005591958874,24,0,4.2727480819249188e-05,2025-12-24 00:00:00+00:00,q95,reanalysis,DK2
0.016021284556013714,0.019069479679187422,0.020235935886964027,0.022864301756504581,24,0,0.0067683758473540022,2025-12-25 00:00:00+00:00,q95,reanalysis,DK2
0.00047612727539825961,0.00078576438397726491,0.0019433742395506958,0.0028531161568255184,24,0,5.5940714339445428e-05,2025-12-26 00:00:00+00:00,q95,reanalysis,DK2
1.8997738383558027e-06,7.918214421508614e-06,2.6275494841545037e-05,6.8017656873906583e-05,24,0,2.6214586207405395e-07,2025-12-27 00:00:00+00:00,q95,reanalysis,DK2
0.0002148897362865552,0.00036462944526390376,0.00054652604883670376,0.00080202243210666479,24,0,7.3853759865944579e-05,2025-12-28 00:00:00+00:00,q95,reanalysis,DK2
0.0023941701340263908,0.0037823614857735778,0.0039266127091254106,0.0060055596500420442,24,0,0.00040556060688323124,2025-12-29 00:00:00+00:00,q95,reanalysis,DK2
0.0042961419521617304,0.0048499659053415998,0.0075969149403366208,0.0085633945501863932,24,0,0.00084771407922770118,2025-12-30 00:00:00+00:00,q95,reanalysis,DK2
0.093633568824346966,0.12320966689489914,0.099986320175492693,0.13043051293947708,24,0,0.056669267157706218,2025-12-31 00:00:00+00:00,q95,reanalysis,DK2
