loss_sum_M0,loss_sum_M1,loss_sum_M2,loss_sum_M3,hours,event_hours,loss_sum_Independence,date,q,period,zone
0.00010189321882098429,8.5668656078641617e-05,0.00020425566191709771,0.00023413607681591002,24,0,3.1500553287070513e-06,2022-01-01 00:00:00+00:00,q90,development,DK1
6.9460183111678528e-10,2.4295430061001179e-09,7.2314000394871654e-08,4.7474293506252419e-07,24,0,1.9717587263550442e-11,2022-01-02 00:00:00+00:00,q90,development,DK1
4.9896537517228692e-13,2.9710041963735211e-11,3.0845775506805796e-09,2.847442656626248e-08,24,0,5.7075022071956604e-15,2022-01-03 00:00:00+00:00,q90,development,DK1
3.0334389483984111e-05,0.00037369783009708909,0.00020134105253419583,0.0011093754602474709,24,0,4.9348808618748011e-06,2022-01-04 00:00:00+00:00,q90,development,DK1
0.17475921550702103,0.10131769702001217,0.17380548526176834,0.099561363413823156,24,0,0.18956279982657676,2022-01-05 00:00:00+00:00,q90,development,DK1
4.1625395639546205,5.7843169283864135,4.2173856392586462,5.8342261536547326,24,0,4.6066597647651184,2022-01-06 00:00:00+00:00,q90,development,DK1
6.84878329610764e-06,8.5695155305780198e-05,8.0426537057214122e-05,0.00033551533846821769,24,0,9.1159773981741309e-07,2022-01-07 00:00:00+00:00,q90,development,DK1
6.9415829811802704e-07,8.6341434901762778e-06,1.4126146532651083e-05,5.9246404543621239e-05,24,0,2.5361630926052727e-08,2022-01-08 00:00:00+00:00,q90,development,DK1
7.0697755378248201e-07,2.561475510899823e-05,3.2679397880825336e-06,7.1924055124463545e-05,24,0,2.5917462299312097e-08,2022-01-09 00:00:00+00:00,q90,development,DK1
0.17481203153706995,0.31069159356578452,0.17102803562420349,0.30173182477221783,24,0,0.05536342292844864,2022-01-10 00:00:00+00:00,q90,development,DK1
0.43375599099274742,1.0564677684251642,0.43989867327641952,1.0508202043047936,24,0,0.14874643155313397,2022-01-11 00:00:00+00:00,q90,development,DK1
2.3739264459599005,2.6970057860738978,2.3786590727860162,2.6973939257347537,24,3,2.5215653447865223,2022-01-12 00:00:00+00:00,q90,development,DK1
0.026499801873150913,0.059221720966590716,0.028665526600818284,0.060800316739103306,24,0,0.0052691829489944428,2022-01-13 00:00:00+00:00,q90,development,DK1
0.0006969836380957108,0.0038636551660488692,0.001346359933124131,0.0052500463070086368,24,0,2.51376033356427e-05,2022-01-14 00:00:00+00:00,q90,development,DK1
1.977222744354703,1.9268517815551973,1.9683785046833255,1.9191970941115266,24,2,1.9984898640054392,2022-01-15 00:00:00+00:00,q90,development,DK1
3.0993120437049974e-05,0.00048881746141523318,0.00010448334809595321,0.00091672564013976386,24,0,9.5637384774948287e-08,2022-01-16 00:00:00+00:00,q90,development,DK1
2.0293436251588924e-05,0.00018913080563009584,5.2634514158164942e-05,0.00038715606294429826,24,0,1.4817244769181888e-06,2022-01-17 00:00:00+00:00,q90,development,DK1
2.984015709349439,2.8936612963191957,2.9922005050656435,2.9066617744100536,24,3,2.9880129570117977,2022-01-18 00:00:00+00:00,q90,development,DK1
0.0050918168473475444,0.013477568020400899,0.0064259592336990932,0.014778612040363421,24,0,0.00045599734558068248,2022-01-19 00:00:00+00:00,q90,development,DK1
8.3828499036767894e-06,3.5894054729505521e-06,4.05189225988562e-05,1.0337534742857907e-05,24,0,5.0602792556290824e-06,2022-01-20 00:00:00+00:00,q90,development,DK1
0.001596386587885816,0.0012556867176377661,0.0036660650920779169,0.002202522713232223,24,0,0.0014904206847748951,2022-01-21 00:00:00+00:00,q90,development,DK1
2.1714950512558455e-05,8.6589959984070949e-05,0.00011350594626969189,0.00019680605271456996,24,0,1.5229738134420634e-05,2022-01-22 00:00:00+00:00,q90,development,DK1
0.010872023241277815,0.0076403346736027226,0.012254687763573156,0.0090348502709444046,24,0,0.0015512756133969035,2022-01-23 00:00:00+00:00,q90,development,DK1
5.5026701475907789,5.4421519993777165,5.5118403240971983,5.4475747353341388,24,8,6.3161178353988605,2022-01-24 00:00:00+00:00,q90,development,DK1
7.1969445815451127,7.2037481963730627,7.2809968462068273,7.2798321940061284,24,16,7.9517536955394172,2022-01-25 00:00:00+00:00,q90,development,DK1
0.69567109448691211,0.68195316858869104,0.67721032178880913,0.66274278999668201,24,0,0.49909572675119207,2022-01-26 00:00:00+00:00,q90,development,DK1
6.8439952944434549e-09,4.2004290426004874e-08,1.2574160887497526e-08,6.1245729339998669e-08,24,0,2.5270697106851696e-09,2022-01-27 00:00:00+00:00,q90,development,DK1
0.000619612930833235,0.00078500437518648188,0.00070065745283516166,0.00072652010054650702,24,0,0.00018038564612083238,2022-01-28 00:00:00+00:00,q90,development,DK1
1.7421907831212489e-15,9.5080319017754558e-16,9.5782554447235863e-12,5.0158559430632915e-11,24,0,1.8535638294987779e-17,2022-01-29 00:00:00+00:00,q90,development,DK1
0.00016507166108541943,0.00010798065878611158,0.00045880422986093914,0.00037491439360387612,24,0,8.0813452204784591e-05,2022-01-30 00:00:00+00:00,q90,development,DK1
0.043296743751774086,0.041891066336450192,0.06082072650483375,0.057125403007043177,24,0,0.038283350858052789,2022-01-31 00:00:00+00:00,q90,development,DK1
4.4088546345035956e-06,1.172475971479751e-06,1.3058496982423601e-05,2.9659617708185308e-06,24,0,5.7767213751567581e-06,2022-02-01 00:00:00+00:00,q90,development,DK1
0.0044664821361694428,0.0042356711882097524,0.0073687238743210832,0.007094717115391563,24,0,0.00092636781508986408,2022-02-02 00:00:00+00:00,q90,development,DK1
0.13645598316570381,0.14065789386375688,0.15056975011043758,0.15460040373199235,24,0,0.039565599397784298,2022-02-03 00:00:00+00:00,q90,development,DK1
8.0270606812922571e-05,4.4481438330061561e-05,0.00028154054890719362,0.0001226723375367786,24,0,9.6844890711401205e-06,2022-02-04 00:00:00+00:00,q90,development,DK1
4.1925587591796911e-11,8.190995364244815e-12,1.6853825353336043e-09,1.2523464241655254e-10,24,0,6.776776708242956e-12,2022-02-05 00:00:00+00:00,q90,development,DK1
3.2669633674084743e-10,6.9571389301104427e-10,2.414371113323459e-07,3.9886657634736672e-07,24,0,1.2132763555924427e-10,2022-02-06 00:00:00+00:00,q90,development,DK1
9.8991159721722467e-09,1.3050673264974499e-09,2.016728343784645e-08,2.3869681683979096e-09,24,0,1.3594377980803527e-08,2022-02-07 00:00:00+00:00,q90,development,DK1
1.5219117466731409e-06,4.4167906581076979e-07,2.5815435136867705e-06,8.2984002307498709e-07,24,0,5.185290299427329e-07,2022-02-08 00:00:00+00:00,q90,development,DK1
0.0016611777268166162,0.0014014440233340074,0.0017619257929171173,0.0013746571314441035,24,0,0.0002139445061583091,2022-02-09 00:00:00+00:00,q90,development,DK1
0.028885582260191195,0.030719334723821719,0.034941012477756404,0.034797146142523626,24,0,0.0046700690700745701,2022-02-10 00:00:00+00:00,q90,development,DK1
0.46964233532768834,0.72705964566501058,0.44896965034234354,0.70332257054342706,24,0,0.25489179426756808,2022-02-11 00:00:00+00:00,q90,development,DK1
0.0062689993093611668,0.0053000767749602964,0.0061064062904031928,0.0049914132089641169,24,0,0.0010029088820415644,2022-02-12 00:00:00+00:00,q90,development,DK1
1.076057922148351e-17,1.1042604467765737e-17,9.5703434200513232e-14,6.536408969728625e-15,24,0,2.0105498252942754e-20,2022-02-13 00:00:00+00:00,q90,development,DK1
1.9764944922067103e-06,2.0313110225413399e-06,4.2194221385989906e-06,2.9466157063229494e-06,24,0,5.6853901463287343e-08,2022-02-14 00:00:00+00:00,q90,development,DK1
3.996487262696091e-05,4.7958584305863192e-05,0.00010400661041819169,8.6801945134477027e-05,24,0,3.840601082527115e-06,2022-02-15 00:00:00+00:00,q90,development,DK1
1.9002965723956062e-06,2.45506921411341e-06,5.3011681258435147e-05,6.8372742653628483e-05,24,0,2.9648086411758422e-06,2022-02-16 00:00:00+00:00,q90,development,DK1
3.9282500829346539e-13,3.9158240567900875e-13,4.5263073061301725e-09,1.6448084867788581e-09,24,0,1.2952474769583158e-11,2022-02-17 00:00:00+00:00,q90,development,DK1
2.6343081175783555e-08,8.9275188543356658e-08,1.6963698486555553e-06,4.172970460271384e-06,24,0,5.2894546345361798e-09,2022-02-18 00:00:00+00:00,q90,development,DK1
2.1380680639659127e-10,1.3741953975312298e-10,5.7397493194621995e-08,5.5672456705901678e-08,24,0,4.5213873586598536e-10,2022-02-19 00:00:00+00:00,q90,development,DK1
2.0749625316989957e-10,4.0511606421031847e-09,1.3608391160867396e-08,4.7689434427321954e-07,24,0,5.5905720553302921e-12,2022-02-20 00:00:00+00:00,q90,development,DK1
6.3975140905426689e-10,2.8379216192334727e-09,5.5385476539524032e-07,7.4209534901461515e-07,24,0,6.3045834441968698e-10,2022-02-21 00:00:00+00:00,q90,development,DK1
0.0032193215245465388,0.004700389965609425,0.0049381720723343635,0.0075985974096301799,24,0,0.0031215533030975271,2022-02-22 00:00:00+00:00,q90,development,DK1
6.5474612276990075e-08,5.0368237146568203e-08,5.002847104684352e-08,3.7192524636839592e-08,24,0,8.8792951262665457e-09,2022-02-23 00:00:00+00:00,q90,development,DK1
2.3483371958980721e-05,1.7767844942192067e-05,9.0021076686253672e-05,5.5240800034093152e-05,24,0,2.662494238347297e-06,2022-02-24 00:00:00+00:00,q90,development,DK1
0.00019643471914548947,8.7112462167401099e-05,0.00021442614092750733,9.3913085019453439e-05,24,0,0.0004972359525337672,2022-02-25 00:00:00+00:00,q90,development,DK1
0.00058369936258008057,0.00052940867210959973,0.0015014459089467086,0.0010707247914709885,24,0,0.00011763977590475608,2022-02-26 00:00:00+00:00,q90,development,DK1
1.7501922084549029e-05,1.3647816116557938e-05,1.5295471268539111e-05,1.1476170542216691e-05,24,0,2.0426595541297946e-06,2022-02-27 00:00:00+00:00,q90,development,DK1
0.015085495233259348,0.050453182633696525,0.016673735437854147,0.049654674031288676,24,0,0.0018194137098698751,2022-02-28 00:00:00+00:00,q90,development,DK1
2.4655448308970858,2.581549273608172,2.4836303847381038,2.6363504186287461,24,9,2.4095661332294265,2022-03-01 00:00:00+00:00,q90,development,DK1
7.716753027150145,7.4049621929741134,7.9472210165668242,7.6745323765202418,24,16,8.3163079724154763,2022-03-02 00:00:00+00:00,q90,development,DK1
4.4800306127268881,4.3717270093844522,4.556797911365484,4.4640246544294575,24,6,4.7446865031771308,2022-03-03 00:00:00+00:00,q90,development,DK1
1.0138869873438727,0.98556152809054931,1.0081525866890548,0.97833621776088919,24,1,0.97039470158119856,2022-03-04 00:00:00+00:00,q90,development,DK1
0.042506571167368723,0.098266516229654363,0.048574520313920524,0.1039185503158349,24,0,0.026164933066893985,2022-03-05 00:00:00+00:00,q90,development,DK1
0.43165419039518793,0.55332249101208508,0.44792108391511398,0.56357498961508556,24,0,0.45868582962642723,2022-03-06 00:00:00+00:00,q90,development,DK1
4.5310748445245963,5.4415517364175052,4.5171607181604765,5.4107534739354799,24,5,4.4981570737573326,2022-03-07 00:00:00+00:00,q90,development,DK1
4.9084477958115587,4.7971223653272101,4.8850429536189619,4.7706644964340503,24,6,4.6090948572106525,2022-03-08 00:00:00+00:00,q90,development,DK1
0.17770664582719559,0.45147459769475967,0.18666381164118212,0.45754238027596816,24,0,0.054251375576661279,2022-03-09 00:00:00+00:00,q90,development,DK1
0.0030827043277092884,0.0049082888238521387,0.0039179802786834771,0.0063227754345132996,24,0,0.00017574817295274001,2022-03-10 00:00:00+00:00,q90,development,DK1
4.5748257480636798e-12,2.4819715733023886e-12,5.6261851006377989e-09,1.5847242490088128e-09,24,0,6.095234927658128e-13,2022-03-11 00:00:00+00:00,q90,development,DK1
7.59033706826874e-09,3.9082644004645464e-09,3.4949047647072513e-07,1.3035672619296725e-07,24,0,2.7781872044950407e-10,2022-03-12 00:00:00+00:00,q90,development,DK1
4.8244829005707362e-06,6.601631580809297e-06,4.4073483206595508e-06,5.6592030840717248e-06,24,0,4.8330093654923977e-07,2022-03-13 00:00:00+00:00,q90,development,DK1
0.78583616106292431,0.7961205668991298,0.80135753659285613,0.81387730290480376,24,1,0.82623851506459445,2022-03-14 00:00:00+00:00,q90,development,DK1
10.515942697898629,11.00987492439349,10.557324976032355,11.042286804349978,24,14,11.327890079535244,2022-03-15 00:00:00+00:00,q90,development,DK1
0.030193823024034904,0.016357930886660085,0.030037123002420705,0.015579355288176401,24,0,0.011212599136361806,2022-03-16 00:00:00+00:00,q90,development,DK1
0.022322047824169872,0.028783424514908958,0.027234232853898574,0.035116564210200533,24,0,0.0068891448350642849,2022-03-17 00:00:00+00:00,q90,development,DK1
0.0026208472690525354,0.0040642792071938867,0.0039544817804518431,0.0059153491516406483,24,0,0.00031640819402747818,2022-03-18 00:00:00+00:00,q90,development,DK1
4.1294698599477984e-05,6.0556556036750302e-05,0.0002204875561575245,0.00030603751696314427,24,0,8.839509373902156e-06,2022-03-19 00:00:00+00:00,q90,development,DK1
8.4613651774174648e-07,9.9428477154068387e-07,1.2813858653954263e-06,1.4460014718329963e-06,24,0,7.2021158102044055e-08,2022-03-20 00:00:00+00:00,q90,development,DK1
0.14001214178696694,0.16064762437384,0.14705270788881555,0.16579024526343672,24,0,0.058263248752126018,2022-03-21 00:00:00+00:00,q90,development,DK1
1.0965785312489331,1.1426422952459265,1.1112566233165906,1.1535731366212949,24,1,1.0050268885375817,2022-03-22 00:00:00+00:00,q90,development,DK1
5.0017153233380922,4.9899380974808452,4.980159674948764,4.9716790203089625,24,7,5.4319483735840146,2022-03-23 00:00:00+00:00,q90,development,DK1
2.4214094421984562,2.4057133209574042,2.4307063903417303,2.4205874396687257,24,3,2.5823397269653947,2022-03-24 00:00:00+00:00,q90,development,DK1
0.0091035700075838659,0.010212078106016095,0.0098204695438694704,0.010848241261089657,24,0,0.0019990857034502731,2022-03-25 00:00:00+00:00,q90,development,DK1
1.1671512197389492e-06,6.9982606036233374e-07,9.6706836394235445e-06,5.9189025157237101e-06,24,0,1.0662801179194896e-08,2022-03-26 00:00:00+00:00,q90,development,DK1
1.4931217132756914e-05,2.3597849996380106e-05,5.5829771743186944e-05,7.5875179740536854e-05,24,0,1.2572317330244472e-07,2022-03-27 00:00:00+00:00,q90,development,DK1
0.00011900383238546352,0.00018072500227475012,0.00031633262996666608,0.00045577895440696546,24,0,2.1647653998141646e-06,2022-03-28 00:00:00+00:00,q90,development,DK1
0.0075133170288433949,0.0093918261541241742,0.011031205054051588,0.013329821231454778,24,0,0.0012104849204351224,2022-03-29 00:00:00+00:00,q90,development,DK1
5.6842073904272929,5.6769134062840392,5.6512909712398347,5.6577625262786349,24,6,5.8443439627274669,2022-03-30 00:00:00+00:00,q90,development,DK1
0.10584516777470848,0.10791820667777068,0.11526354657826897,0.11722372112170024,24,0,0.050053731219570921,2022-03-31 00:00:00+00:00,q90,development,DK1
0.069409694334435681,0.087986034202833865,0.074013366991688548,0.092542283192412034,24,0,0.07383589182990373,2022-04-01 00:00:00+00:00,q90,development,DK1
0.0047431972315856684,0.0066617524897340753,0.0045514353246163194,0.0065276410339631845,24,0,0.0044274418772468514,2022-04-02 00:00:00+00:00,q90,development,DK1
0.0026362436664801956,0.0037176785329040883,0.0021885793024835512,0.0030812760620623682,24,0,0.0018107472779115401,2022-04-03 00:00:00+00:00,q90,development,DK1
4.1630827463517676e-08,7.3034493111920057e-08,1.3026242520935474e-07,2.2685071759768143e-07,24,0,2.8211539338958389e-08,2022-04-04 00:00:00+00:00,q90,development,DK1
0.0029223292015778377,0.0044661383077080619,0.0045803334464200995,0.006461608973424353,24,0,0.00087070675088584651,2022-04-05 00:00:00+00:00,q90,development,DK1
2.1140632775959558e-05,4.1070507585830224e-05,0.00010401973886152868,0.00017563067856929979,24,0,1.4400521616320035e-06,2022-04-06 00:00:00+00:00,q90,development,DK1
3.0602799627282521e-12,3.6455480729382652e-11,3.7111692197382152e-10,2.9191489940790882e-09,24,0,3.7997021750180629e-13,2022-04-07 00:00:00+00:00,q90,development,DK1
2.9515697542769069e-06,6.5117739754209713e-06,2.26802654652561e-05,4.0423626183816058e-05,24,0,2.3859012917135028e-07,2022-04-08 00:00:00+00:00,q90,development,DK1
4.2744906124915988e-12,8.4891011005792486e-12,7.0237587752300164e-12,1.4719067008612889e-11,24,0,3.2107909713814456e-12,2022-04-09 00:00:00+00:00,q90,development,DK1
7.7729133789025049e-06,1.6667532986460432e-05,3.7964331527442615e-05,6.8159375091108017e-05,24,0,6.0279277937212898e-08,2022-04-10 00:00:00+00:00,q90,development,DK1
0.96790735371837955,0.95903839677281333,0.95699277484115497,0.9491574494366064,24,1,0.98494685114644898,2022-04-11 00:00:00+00:00,q90,development,DK1
0.0022166491747448117,0.0017442814268373559,0.0040928775036934558,0.0033473997211703934,24,0,0.00041613283271214061,2022-04-12 00:00:00+00:00,q90,development,DK1
0.92110361359821258,0.92428740790917452,0.90707686504918261,0.91017530909335032,24,1,0.97271055747802282,2022-04-13 00:00:00+00:00,q90,development,DK1
0.001933391913622872,0.00084598618503263934,0.0033875590331196963,0.0017053136734894133,24,0,8.9126633353390919e-05,2022-04-14 00:00:00+00:00,q90,development,DK1
1.1576861333324724e-07,6.7452790686841581e-08,3.5553405748911109e-06,2.6786973115491149e-06,24,0,2.3465083989169587e-09,2022-04-15 00:00:00+00:00,q90,development,DK1
1.0854636386774827e-10,2.7212348912087853e-11,4.6774086561115237e-09,8.7367913867699618e-10,24,0,1.277990845736028e-14,2022-04-16 00:00:00+00:00,q90,development,DK1
8.2264926161563651e-07,1.4274017570204638e-08,8.7340554511077047e-06,4.2419130386053561e-07,24,0,1.9143328816414003e-08,2022-04-17 00:00:00+00:00,q90,development,DK1
0.0086131803543899391,0.0036008422684867918,0.010306993762637485,0.0049275369073020483,24,0,0.0019577632479235033,2022-04-18 00:00:00+00:00,q90,development,DK1
0.18060227011313451,0.090544491989606207,0.18720851351665019,0.097029967554420865,24,0,0.090688905995953362,2022-04-19 00:00:00+00:00,q90,development,DK1
0.22936629474295364,0.14486729803375276,0.24314516613447998,0.16089780327092379,24,0,0.11924838018997702,2022-04-20 00:00:00+00:00,q90,development,DK1
0.044834108779179066,0.055576401049321322,0.047167246491649092,0.058705749463934198,24,0,0.01310015222710637,2022-04-21 00:00:00+00:00,q90,development,DK1
4.9591045846138897e-05,9.022525292600021e-05,0.00013918850604066003,0.00022544218775562776,24,0,8.0583057473208309e-06,2022-04-22 00:00:00+00:00,q90,development,DK1
5.9315413803716606e-10,2.0919815622358679e-09,4.0955901538244755e-08,1.4273832588372097e-07,24,0,3.622894759364099e-12,2022-04-23 00:00:00+00:00,q90,development,DK1
0.0038745820553329909,0.0054456479460042355,0.0041575243704022238,0.0058193265560747432,24,0,0.00080444629070816197,2022-04-24 00:00:00+00:00,q90,development,DK1
0.95199398677290015,0.61066456084107745,0.94302050936281789,0.61452027705175083,24,0,0.6578229612728792,2022-04-25 00:00:00+00:00,q90,development,DK1
2.0322896985506884,1.8491505788229619,2.0355137081631125,1.8412753873589622,24,2,1.9096131553337887,2022-04-26 00:00:00+00:00,q90,development,DK1
0.20409931814640586,0.077633208059266712,0.19678766007629411,0.07570924729930037,24,0,0.10842884254719157,2022-04-27 00:00:00+00:00,q90,development,DK1
0.012039403425082633,0.0080173831772704617,0.013942170115015742,0.010624530828460049,24,0,0.0027929341382532361,2022-04-28 00:00:00+00:00,q90,development,DK1
0.0036128187975180662,0.0012722415303927819,0.0047257579738489222,0.002202539447313264,24,0,0.00052861668885574272,2022-04-29 00:00:00+00:00,q90,development,DK1
1.6291214320169424e-05,2.6693204574955769e-06,8.9919196529199413e-05,2.3441050570259068e-05,24,0,5.5603124871054885e-07,2022-04-30 00:00:00+00:00,q90,development,DK1
0.0029979886372311225,0.0010375874614174864,0.0038372693619904705,0.0016476876900227211,24,0,0.00063826621537607057,2022-05-01 00:00:00+00:00,q90,development,DK1
0.0022763671012455446,0.0035929286903147667,0.0037775129036981703,0.0054028431595154261,24,0,0.00024366201079994228,2022-05-02 00:00:00+00:00,q90,development,DK1
0.12279816428362417,0.092153364661073739,0.12617454290099167,0.097625784232146157,24,0,0.061255325840990041,2022-05-03 00:00:00+00:00,q90,development,DK1
1.7932403870870099,1.579139528096096,1.7708375428001237,1.5621813607347823,24,1,1.5862414079081042,2022-05-04 00:00:00+00:00,q90,development,DK1
0.79992900472801609,0.55962686908896964,0.78132451218433308,0.5459137078627756,24,0,0.42899310071852426,2022-05-05 00:00:00+00:00,q90,development,DK1
0.034384511351177774,0.059261655886520707,0.034156289185007065,0.059182803010600186,24,0,0.011560516674666229,2022-05-06 00:00:00+00:00,q90,development,DK1
7.089191121688894e-05,0.00025083551429478642,0.00017497782666701977,0.00046774583067546959,24,0,7.3153627238816415e-07,2022-05-07 00:00:00+00:00,q90,development,DK1
0.013731268423405787,0.011490162640271135,0.015885105717137481,0.013553231604209666,24,0,0.004265048936311272,2022-05-08 00:00:00+00:00,q90,development,DK1
0.051489902255275999,0.032560308619275669,0.05527351142117129,0.036694895489130921,24,0,0.020801387949887718,2022-05-09 00:00:00+00:00,q90,development,DK1
0.0041802775970542373,0.0047343345244584313,0.0051340287169229868,0.0054360370337366137,24,0,0.00050129659661249512,2022-05-10 00:00:00+00:00,q90,development,DK1
0.0024461830230188136,0.0028707788294244419,0.0033519152739404623,0.0036546119434835702,24,0,0.00030430569513861555,2022-05-11 00:00:00+00:00,q90,development,DK1
0.001971353050810289,0.0021131072171226306,0.0022647705094711937,0.0024272424967312647,24,0,0.00031797327360601825,2022-05-12 00:00:00+00:00,q90,development,DK1
0.00021681942872044943,0.00028084980869988408,0.00037780138560883429,0.00047212191490922731,24,0,1.1407494040356206e-05,2022-05-13 00:00:00+00:00,q90,development,DK1
5.1176266849943249e-06,9.9982410659803979e-06,1.1202670863955634e-05,2.4505710023983279e-05,24,0,2.4305674835917987e-08,2022-05-14 00:00:00+00:00,q90,development,DK1
0.00041636848034350669,0.00015515499862191551,0.00093171459299525863,0.00044707425812388316,24,0,3.8786510599101849e-05,2022-05-15 00:00:00+00:00,q90,development,DK1
0.07717581825996192,0.051855805479020606,0.078510531528328611,0.053682868875930205,24,0,0.030616843619147117,2022-05-16 00:00:00+00:00,q90,development,DK1
0.30086931676794221,0.2416185735982091,0.28441558122579097,0.2316841621859678,24,0,0.19096818622532749,2022-05-17 00:00:00+00:00,q90,development,DK1
1.0249958541852717,1.0026406037502262,1.0166276219825989,0.99701575027741163,24,1,0.99595992760108609,2022-05-18 00:00:00+00:00,q90,development,DK1
0.27633289239120601,0.19687031163177759,0.27378034362497261,0.19863447739161463,24,0,0.15142280953843354,2022-05-19 00:00:00+00:00,q90,development,DK1
0.11572278689065872,0.16187413430044706,0.12051962091766909,0.16812796646356168,24,0,0.045261717610808702,2022-05-20 00:00:00+00:00,q90,development,DK1
6.1532449754984196e-06,1.7258378660553305e-05,2.2715242203493652e-05,5.5757113362838202e-05,24,0,9.4997689136569291e-08,2022-05-21 00:00:00+00:00,q90,development,DK1
0.0053118724446625087,0.0021444576144288461,0.0061498507007809065,0.0025609334506064142,24,0,0.0020421014959618729,2022-05-22 00:00:00+00:00,q90,development,DK1
8.5847292646469632e-05,0.0002011562823456425,0.0003721534841155305,0.00065898007355911419,24,0,2.4452218981491833e-05,2022-05-23 00:00:00+00:00,q90,development,DK1
0.05788228293634988,0.07605029485338026,0.060082027697672798,0.079102288114167849,24,0,0.020379758476151817,2022-05-24 00:00:00+00:00,q90,development,DK1
0.0027651542467125503,0.006067221337789812,0.0044805994149925612,0.0088937151836187157,24,0,0.00024381917244622103,2022-05-25 00:00:00+00:00,q90,development,DK1
3.7262580744871674e-10,3.7720443323525928e-09,2.1335871832790633e-08,7.5413307275193411e-08,24,0,5.2973099688169083e-13,2022-05-26 00:00:00+00:00,q90,development,DK1
2.9891457016822638e-14,2.7049874713758293e-13,1.3571808808165467e-10,2.0445241782886397e-10,24,0,5.2106358071394213e-15,2022-05-27 00:00:00+00:00,q90,development,DK1
1.612513065789002e-09,1.7171381850089179e-08,3.4304297445271019e-08,1.5121626141986676e-07,24,0,4.963926920544484e-14,2022-05-28 00:00:00+00:00,q90,development,DK1
0.12766254972355798,0.054212729030101436,0.12370647340521969,0.049556236766016851,24,0,0.082635641367198726,2022-05-29 00:00:00+00:00,q90,development,DK1
3.369492455239345,2.7180871327071885,3.3548536952510775,2.7257315284445398,24,2,3.1992522539055255,2022-05-30 00:00:00+00:00,q90,development,DK1
4.8816948701459681,4.0039642401818645,4.871488082220929,4.0472983329419225,24,0,5.0168385932706849,2022-05-31 00:00:00+00:00,q90,development,DK1
1.1015077662029569,1.0004556502695681,1.0712145182295785,0.98895040874809015,24,0,0.87973301945404092,2022-06-01 00:00:00+00:00,q90,development,DK1
0.17441747775236974,0.22648399873140207,0.17338081726684937,0.22415383389676191,24,0,0.076764539145246904,2022-06-02 00:00:00+00:00,q90,development,DK1
0.032372418491105066,0.051752712315942577,0.030672741276365541,0.049506684707019251,24,0,0.014224622313823846,2022-06-03 00:00:00+00:00,q90,development,DK1
3.417472593779243e-08,1.4745910780910648e-08,1.1143880631486328e-07,5.0784430578201807e-08,24,0,2.7507885452639863e-10,2022-06-04 00:00:00+00:00,q90,development,DK1
3.3131001747563793e-07,9.2472945413503931e-08,6.900750832294247e-06,3.0155260436603468e-06,24,0,1.3131012709278077e-08,2022-06-05 00:00:00+00:00,q90,development,DK1
0.00032489564369017328,0.00017862941273360906,0.00069863084068378691,0.00044406226110108959,24,0,8.5642504176853903e-05,2022-06-06 00:00:00+00:00,q90,development,DK1
0.0077894856487428794,0.013972119822932109,0.0085864786535415349,0.014995612096799086,24,0,0.0015341526776239177,2022-06-07 00:00:00+00:00,q90,development,DK1
0.040050856862948112,0.055233984176207028,0.044758687687215019,0.061214526965995511,24,0,0.023874050849052576,2022-06-08 00:00:00+00:00,q90,development,DK1
0.034537921886417973,0.049185813923578098,0.041783792891677371,0.057230386779800628,24,0,0.013031610984156373,2022-06-09 00:00:00+00:00,q90,development,DK1
0.094816046465804993,0.091264510470648638,0.095989832697512101,0.09419905032854213,24,0,0.048597572018703419,2022-06-10 00:00:00+00:00,q90,development,DK1
1.0233918453138569e-05,3.2921664559291588e-05,2.8993411172913339e-05,7.8558331182692926e-05,24,0,4.4875335599682033e-07,2022-06-11 00:00:00+00:00,q90,development,DK1
0.0010441883146648052,0.0026305142523399762,0.0013249325698971087,0.0031692611553690779,24,0,0.00013456444883781839,2022-06-12 00:00:00+00:00,q90,development,DK1
0.0036524356316126648,0.0061738467505160523,0.0051078590397057094,0.0081046810354643735,24,0,0.00061525662388996834,2022-06-13 00:00:00+00:00,q90,development,DK1
0.55961918579793224,0.59289776257290006,0.55094959752954287,0.58486885071084482,24,0,0.4034231491564923,2022-06-14 00:00:00+00:00,q90,development,DK1
1.1569907045073988,1.01527828583729,1.1516805559558931,1.0082530712025728,24,0,0.8222532100448714,2022-06-15 00:00:00+00:00,q90,development,DK1
0.5063558030850086,0.50599660399439195,0.49611123831410281,0.49524870046644154,24,0,0.27988036911876685,2022-06-16 00:00:00+00:00,q90,development,DK1
0.35231689104749536,0.42093096120712875,0.34256062909289309,0.40718390467057552,24,0,0.31037733575451087,2022-06-17 00:00:00+00:00,q90,development,DK1
0.00021327471917320824,0.00049928302034639145,0.00024710378175105103,0.00057290822376780757,24,0,1.528940803829964e-05,2022-06-18 00:00:00+00:00,q90,development,DK1
0.00011169743538166513,0.00010817015822064559,0.00024479402581382417,0.00021327387195554438,24,0,2.5728995253175695e-05,2022-06-19 00:00:00+00:00,q90,development,DK1
0.0047890348125141039,0.0029358054844427447,0.0067572995815854417,0.0047439551461122779,24,0,0.0022553756577833686,2022-06-20 00:00:00+00:00,q90,development,DK1
0.5567362073891976,0.57024242395598324,0.54393336713965901,0.55907769069783708,24,0,0.36041397774318717,2022-06-21 00:00:00+00:00,q90,development,DK1
0.3057206364023406,0.28313638559056853,0.29803726337414271,0.27596101507272874,24,0,0.1680419587412621,2022-06-22 00:00:00+00:00,q90,development,DK1
0.26020689742981085,0.20861131059598889,0.26822638875811411,0.21852833315189404,24,0,0.1618614264541387,2022-06-23 00:00:00+00:00,q90,development,DK1
0.0035547847673808638,0.0063107236577750157,0.0058782884004528043,0.0097395197193548434,24,0,0.00093174633565702367,2022-06-24 00:00:00+00:00,q90,development,DK1
4.3615147437714925e-05,1.6308793712086897e-05,0.000146866731853658,7.5610673316999638e-05,24,0,5.2067412934754864e-06,2022-06-25 00:00:00+00:00,q90,development,DK1
0.001776802841691559,0.00093361727391270619,0.0030967318697768366,0.0018647497532490722,24,0,0.00037460998611036158,2022-06-26 00:00:00+00:00,q90,development,DK1
0.023829361415161204,0.019930646111295754,0.031231231719138462,0.02687058748787605,24,0,0.0096486307767100522,2022-06-27 00:00:00+00:00,q90,development,DK1
0.37324698340075529,0.28364222372177306,0.38038599662708317,0.29010682898945245,24,0,0.33066926841556837,2022-06-28 00:00:00+00:00,q90,development,DK1
0.31324176518676039,0.24220584731660202,0.33236453452843606,0.26382341063924591,24,0,0.24100977950414204,2022-06-29 00:00:00+00:00,q90,development,DK1
0.4681220962403998,0.45180417688708452,0.44076345722872928,0.42757766611263837,24,0,0.31285018195377223,2022-06-30 00:00:00+00:00,q90,development,DK1
0.060079245393527922,0.048830740692894177,0.068595175325768365,0.05764227490075912,24,0,0.044647008207627688,2022-07-01 00:00:00+00:00,q90,development,DK1
1.2909875357117352e-05,1.0655049148116955e-05,3.0818964844302315e-05,2.5514718859879483e-05,24,0,3.0670600364985768e-06,2022-07-02 00:00:00+00:00,q90,development,DK1
0.0067082366408631102,0.0041918064622440705,0.0066079978265572176,0.0041588895099814501,24,0,0.0048584162181069483,2022-07-03 00:00:00+00:00,q90,development,DK1
0.0036927190127805901,0.0044272825100831609,0.0062990677108802776,0.0069939574439258868,24,0,0.0010012666225754487,2022-07-04 00:00:00+00:00,q90,development,DK1
0.072443802617885952,0.084876922423432671,0.074696243756481678,0.087132828552922023,24,0,0.034232125514242012,2022-07-05 00:00:00+00:00,q90,development,DK1
0.00043531831302262271,0.00095844927888128059,0.00088481808148728653,0.0016797113435246141,24,0,5.0145496460658637e-05,2022-07-06 00:00:00+00:00,q90,development,DK1
3.1935019976009824e-08,1.5913535264378658e-07,1.5120828566401283e-07,8.3114035204942323e-07,24,0,3.5647163702147864e-09,2022-07-07 00:00:00+00:00,q90,development,DK1
2.2641686866023842e-07,1.2274188043428602e-06,2.8604194877330081e-07,1.5403275287306544e-06,24,0,4.4172086884305515e-08,2022-07-08 00:00:00+00:00,q90,development,DK1
1.8431879967236306e-15,1.1133065042219361e-13,8.2905949191803991e-15,3.6157394067855888e-13,24,0,9.0502469873526363e-20,2022-07-09 00:00:00+00:00,q90,development,DK1
6.7754629465327225e-06,2.3148045878027478e-05,4.3622379544037892e-05,9.9953304012178668e-05,24,0,9.7838050447989078e-07,2022-07-10 00:00:00+00:00,q90,development,DK1
0.84143362341895978,0.74517341538240134,0.8297551188372958,0.73224885256955741,24,0,0.78768439501933596,2022-07-11 00:00:00+00:00,q90,development,DK1
0.94278679041815472,0.81430273164742095,0.92374566160767835,0.79293577800879367,24,0,0.80479513590210605,2022-07-12 00:00:00+00:00,q90,development,DK1
0.072806824402238152,0.067300685178690922,0.05970727476820601,0.055175567868174215,24,0,0.045593194259079144,2022-07-13 00:00:00+00:00,q90,development,DK1
0.0023925166225499065,0.0035372563519312432,0.0026091221918387981,0.003669963226678528,24,0,0.00045608800522645729,2022-07-14 00:00:00+00:00,q90,development,DK1
3.6113863049996231e-06,7.6519173185528439e-06,2.6889820413483033e-06,5.6993990377363586e-06,24,0,1.1660129108902221e-06,2022-07-15 00:00:00+00:00,q90,development,DK1
1.4957060708064999e-12,1.1915098930999095e-11,2.3823840110860373e-11,1.7809320484823599e-10,24,0,8.191331138938756e-15,2022-07-16 00:00:00+00:00,q90,development,DK1
0.0073098578683735739,0.01105386863241016,0.0093510088271229995,0.013302513803503011,24,0,0.0017393588965756426,2022-07-17 00:00:00+00:00,q90,development,DK1
1.9201852864911955,1.8902517346561238,1.901967296322066,1.8717345703163168,24,0,1.6629098126121313,2022-07-18 00:00:00+00:00,q90,development,DK1
0.46311329225090531,0.3734855585173622,0.44032668812759723,0.34789669503419807,24,0,0.39748507160078111,2022-07-19 00:00:00+00:00,q90,development,DK1
0.051424718164069995,0.041294491492006161,0.050224060527768163,0.039329198623884724,24,0,0.048229700779751389,2022-07-20 00:00:00+00:00,q90,development,DK1
0.089573330516315872,0.058369645979153659,0.086091690283706765,0.054668286005283735,24,0,0.073850075871949347,2022-07-21 00:00:00+00:00,q90,development,DK1
3.3178283635199738e-05,5.4254971887253204e-05,2.5509502365814437e-05,4.2003675404029672e-05,24,0,1.6429977769549206e-05,2022-07-22 00:00:00+00:00,q90,development,DK1
2.2707116491955002e-08,6.418279296981875e-08,6.1470135955379392e-07,1.1457503399500021e-06,24,0,2.6324671567832045e-09,2022-07-23 00:00:00+00:00,q90,development,DK1
0.0025556470735081547,0.0033881804436492061,0.0025389295591560705,0.0032332775882949333,24,0,0.00075494928807964899,2022-07-24 00:00:00+00:00,q90,development,DK1
1.3975548299308091e-05,1.4469108481109702e-05,4.1948789907457632e-05,3.9420001325906926e-05,24,0,1.0304568461076463e-05,2022-07-25 00:00:00+00:00,q90,development,DK1
6.366358511849358e-08,1.7223338742955225e-07,4.4478491109768043e-08,1.1961102553400227e-07,24,0,1.5621750688583158e-08,2022-07-26 00:00:00+00:00,q90,development,DK1
0.00043187828935465483,0.00074132658018837808,0.00055630914921097794,0.00084418062769647264,24,0,4.6922503186612504e-05,2022-07-27 00:00:00+00:00,q90,development,DK1
0.18390305914699462,0.11946002195613545,0.18351537474248822,0.11694860759816708,24,0,0.19538122253326201,2022-07-28 00:00:00+00:00,q90,development,DK1
0.87470227724282934,0.66986035528222976,0.90449886664852108,0.68620762097972776,24,0,0.84297328350909029,2022-07-29 00:00:00+00:00,q90,development,DK1
0.00034159936504262633,0.0001820342475390729,0.00080913847169727677,0.00048998622503540761,24,0,0.00025933113361606988,2022-07-30 00:00:00+00:00,q90,development,DK1
0.00038485959178393325,0.00035746556360031101,0.00070731161471410348,0.00059919009767791858,24,0,5.6575850930404684e-05,2022-07-31 00:00:00+00:00,q90,development,DK1
0.22940783788471403,0.24180293998602553,0.22020615199246013,0.23168207366459476,24,0,0.13263761960229972,2022-08-01 00:00:00+00:00,q90,development,DK1
0.33232048729293728,0.27869694497749992,0.31646974918107129,0.26467727686309983,24,0,0.29200970820774946,2022-08-02 00:00:00+00:00,q90,development,DK1
1.7008251674043202,1.4024257970361038,1.6764837868507432,1.3687462699918074,24,0,1.5268279172555292,2022-08-03 00:00:00+00:00,q90,development,DK1
0.24355763457807547,0.18882939486288711,0.22600139175987138,0.16931150541454046,24,0,0.19038995890725083,2022-08-04 00:00:00+00:00,q90,development,DK1
0.0044104331626680466,0.0064189543312108766,0.0058550638902957848,0.0075571458148306824,24,0,0.00074447420177228959,2022-08-05 00:00:00+00:00,q90,development,DK1
3.4108902182264811e-09,1.6167427211770399e-08,1.9807462094275794e-08,8.2683766043824743e-08,24,0,8.6006537846094314e-12,2022-08-06 00:00:00+00:00,q90,development,DK1
0.00042225851104225247,0.0010952738478640029,0.00081971088841740114,0.0018129503336395919,24,0,3.0115180020010992e-05,2022-08-07 00:00:00+00:00,q90,development,DK1
0.010802587182250719,0.013806629589499231,0.014651880746358776,0.01736625066879513,24,0,0.0050366687573911552,2022-08-08 00:00:00+00:00,q90,development,DK1
0.055716880982599803,0.048505997188978897,0.063777586362758903,0.055364935459340174,24,0,0.040475914402879828,2022-08-09 00:00:00+00:00,q90,development,DK1
0.36480427425179612,0.29673254142441852,0.36248543266949185,0.29353994315424964,24,0,0.32004020230814151,2022-08-10 00:00:00+00:00,q90,development,DK1
0.26152074615399423,0.18876329838085179,0.25942493148199264,0.18662607097743847,24,0,0.25860116604106653,2022-08-11 00:00:00+00:00,q90,development,DK1
0.12756315639884513,0.086083380649194727,0.12596599939540629,0.085517923504986729,24,0,0.11415792598792392,2022-08-12 00:00:00+00:00,q90,development,DK1
0.0028504585657742063,0.0014782547454027296,0.0033213488412277242,0.0017646602924081913,24,0,0.0026417255730797986,2022-08-13 00:00:00+00:00,q90,development,DK1
3.2783494742809215e-05,5.5018653368582471e-05,0.00020972445942394602,0.00024334115235422217,24,0,1.2938993356337674e-05,2022-08-14 00:00:00+00:00,q90,development,DK1
0.02421286735284188,0.023258035099484788,0.030809128678666534,0.03058975464560279,24,0,0.012467082588008349,2022-08-15 00:00:00+00:00,q90,development,DK1
0.059886366095032131,0.04216589556756465,0.064655730260308283,0.046337758525743233,24,0,0.038641212110014325,2022-08-16 00:00:00+00:00,q90,development,DK1
0.66099420561628885,0.47234066224113697,0.62415063683551619,0.43378521424804578,24,0,0.53639856407782993,2022-08-17 00:00:00+00:00,q90,development,DK1
0.088951437569800534,0.093197155863673345,0.096035350351425075,0.09841058778936887,24,0,0.053082487366087852,2022-08-18 00:00:00+00:00,q90,development,DK1
0.014504306566709394,0.010060139359357711,0.02090210161325488,0.015444896072192177,24,0,0.0049267208773117474,2022-08-19 00:00:00+00:00,q90,development,DK1
2.7984995460361886e-09,1.141607177558722e-09,2.1391112505339173e-07,1.7389010963435277e-07,24,0,7.8025351723211546e-10,2022-08-20 00:00:00+00:00,q90,development,DK1
0.0051749598780943505,0.0035897686855317825,0.0073417804242363466,0.0051803792113850403,24,0,0.0010529800533565022,2022-08-21 00:00:00+00:00,q90,development,DK1
0.16616134261676671,0.10514948352196829,0.16131883039662664,0.10587093305408893,24,0,0.14076135780108515,2022-08-22 00:00:00+00:00,q90,development,DK1
0.042173171344003092,0.030285052848646223,0.036930356084703048,0.026024569465907272,24,0,0.026372837968934131,2022-08-23 00:00:00+00:00,q90,development,DK1
0.0048650584072378123,0.0050959207520406306,0.0036910534623364423,0.0039011369568961933,24,0,0.0033038012451373938,2022-08-24 00:00:00+00:00,q90,development,DK1
0.031406393209237396,0.031750218263473955,0.026295343719733143,0.026289990655392809,24,0,0.016607722847498691,2022-08-25 00:00:00+00:00,q90,development,DK1
0.013387974648831642,0.014899437773028665,0.020562974051527027,0.021138612542161959,24,0,0.0058938812391608197,2022-08-26 00:00:00+00:00,q90,development,DK1
6.1741791247461179e-11,2.9718062960693982e-10,5.4541487327928473e-08,7.1002354689983142e-08,24,0,1.5889403934975784e-12,2022-08-27 00:00:00+00:00,q90,development,DK1
1.7700276055851423e-06,4.2751989011065621e-06,5.8778072875378504e-06,9.3650820569767895e-06,24,0,1.2108167114175967e-08,2022-08-28 00:00:00+00:00,q90,development,DK1
0.010643481728896374,0.0066370065016850563,0.013021272676672521,0.0084612205429947587,24,0,0.0057209282183184502,2022-08-29 00:00:00+00:00,q90,development,DK1
0.018992722238866808,0.014045324044954111,0.024091200132883059,0.019017116326607405,24,0,0.013547248857863001,2022-08-30 00:00:00+00:00,q90,development,DK1
0.022356669573550213,0.019569658213215716,0.027175923648807793,0.024311456223770601,24,0,0.018403818657396306,2022-08-31 00:00:00+00:00,q90,development,DK1
0.19835779613052834,0.1448520853407155,0.20503922399266664,0.15119109274629103,24,0,0.19197090991587101,2022-09-01 00:00:00+00:00,q90,development,DK1
1.8534451914524177,1.8783101618822331,1.8253484499318078,1.8481319124090443,24,2,1.8005616733695595,2022-09-02 00:00:00+00:00,q90,development,DK1
6.5282874082406853e-10,6.7141144667822951e-10,9.8190717870239712e-09,1.0789457866748814e-08,24,0,1.0546924587338124e-10,2022-09-03 00:00:00+00:00,q90,development,DK1
4.9350276288134723e-09,4.4701129099013801e-09,1.3504613959670851e-08,1.2215663691798448e-08,24,0,1.19556178701942e-09,2022-09-04 00:00:00+00:00,q90,development,DK1
1.8788261349712059e-06,2.2902945171122982e-06,3.4745776202687981e-06,4.299933448388337e-06,24,0,1.240300079788428e-06,2022-09-05 00:00:00+00:00,q90,development,DK1
1.6050406074266636e-07,2.1624722526757325e-07,2.9200074533888901e-07,3.5520583795935931e-07,24,0,6.0776752740747017e-08,2022-09-06 00:00:00+00:00,q90,development,DK1
0.00037596980206565443,0.00040261201678075403,0.00048351438898078995,0.00048024792133562286,24,0,8.321277166279241e-05,2022-09-07 00:00:00+00:00,q90,development,DK1
7.6353961403339577e-09,2.6816849787951608e-08,1.1529876059590739e-07,7.2426562832761258e-07,24,0,4.0923265816329913e-11,2022-09-08 00:00:00+00:00,q90,development,DK1
1.6675784165317141e-06,3.9630599067550683e-06,2.3103868402235628e-05,3.8989822366031855e-05,24,0,3.6824290745728443e-07,2022-09-09 00:00:00+00:00,q90,development,DK1
7.5887336996087459e-06,6.6890152020151319e-06,5.9239621243362607e-05,5.4613595752360476e-05,24,0,1.6769442510753077e-06,2022-09-10 00:00:00+00:00,q90,development,DK1
0.011372977274093442,0.0097068137246678465,0.0092237824196741355,0.0079048527713029611,24,0,0.011320818223599264,2022-09-11 00:00:00+00:00,q90,development,DK1
0.007514521284875255,0.0056772436608310238,0.0079294895776325178,0.006047339635204806,24,0,0.0034919391514622341,2022-09-12 00:00:00+00:00,q90,development,DK1
6.6853082981427263e-06,5.9322868244318542e-06,4.6919715723314016e-06,4.1494629698488825e-06,24,0,3.561590908115545e-06,2022-09-13 00:00:00+00:00,q90,development,DK1
0.26188882116840922,0.2130135430949579,0.24431168863549804,0.19742029658298857,24,0,0.18799525508974926,2022-09-14 00:00:00+00:00,q90,development,DK1
1.0697827039930941e-12,1.1868963692326674e-12,6.8547955139940084e-13,7.5383616074416441e-13,24,0,2.3058393257506479e-13,2022-09-15 00:00:00+00:00,q90,development,DK1
1.7868835320743405e-05,2.7192066849232506e-05,5.381335246574824e-05,6.4691065941202837e-05,24,0,1.204452886770735e-06,2022-09-16 00:00:00+00:00,q90,development,DK1
7.9241906264809353e-07,1.6108247610844789e-06,6.133861805143728e-06,8.170151859369785e-06,24,0,2.8257383500687666e-08,2022-09-17 00:00:00+00:00,q90,development,DK1
1.0892051235360048e-07,1.5174521951285202e-07,1.9277737845289637e-07,2.341148957644531e-07,24,0,2.2228837530871359e-08,2022-09-18 00:00:00+00:00,q90,development,DK1
0.0021577963517171125,0.0028416683449284225,0.0019505719567062588,0.0033968777317357869,24,0,0.0011936733004163981,2022-09-19 00:00:00+00:00,q90,development,DK1
2.0271064350041912,1.5742483785823296,2.0524727738728199,1.5961957691384101,24,0,2.2099880941275583,2022-09-20 00:00:00+00:00,q90,development,DK1
4.4491454012030758,3.1784907727226401,4.4343299769474918,3.1745095198015276,24,1,4.9593674417124296,2022-09-21 00:00:00+00:00,q90,development,DK1
2.3364818047475113,1.5855032791099728,2.3279778495579251,1.5837243466785014,24,0,2.2819837961582747,2022-09-22 00:00:00+00:00,q90,development,DK1
0.0055532915603898371,0.0040248072336223897,0.0059054116942823844,0.0049071881123414936,24,0,0.0024522392460992973,2022-09-23 00:00:00+00:00,q90,development,DK1
2.864561153055255e-06,1.6596669826560076e-06,2.7668291109582021e-05,1.9152951631069202e-05,24,0,1.1688746445463712e-07,2022-09-24 00:00:00+00:00,q90,development,DK1
0.00011570569223818804,7.709769153553444e-05,0.00013272058566775942,0.00013724011182552877,24,0,1.0922194704931853e-05,2022-09-25 00:00:00+00:00,q90,development,DK1
7.6404327564573268e-07,1.7989085774461802e-06,1.3845330532429911e-05,2.670863408184878e-05,24,0,1.0069942733291384e-07,2022-09-26 00:00:00+00:00,q90,development,DK1
0.00077055503923502931,0.0014533425570689789,0.0011328705784342035,0.0020660245164101426,24,0,0.00032874718476880876,2022-09-27 00:00:00+00:00,q90,development,DK1
0.19921535329519394,0.18335504282956311,0.21049822553073691,0.19556132618005845,24,0,0.12159957419069305,2022-09-28 00:00:00+00:00,q90,development,DK1
1.894512587927724,1.4515353405974103,1.8962717456646578,1.4551614750924875,24,0,1.3645807346343402,2022-09-29 00:00:00+00:00,q90,development,DK1
3.1275900365492073,2.299742531657234,3.1361620151211103,2.30154206105348,24,0,3.2281381228540869,2022-09-30 00:00:00+00:00,q90,development,DK1
7.7554809452463662e-14,5.758646779954898e-13,1.1334743463940566e-10,9.7707243950835872e-10,24,0,1.2788334455898387e-16,2022-10-01 00:00:00+00:00,q90,development,DK1
2.2854532787589507e-16,4.2220267620156669e-15,3.4685192650263503e-11,1.076949861388483e-10,24,0,2.5586286643831874e-18,2022-10-02 00:00:00+00:00,q90,development,DK1
1.6471417450123973e-05,1.4395292767731379e-05,3.5096420939855398e-05,3.0460916804439396e-05,24,0,3.8182213470723457e-06,2022-10-03 00:00:00+00:00,q90,development,DK1
0.00017128557938947175,0.00022138457146006721,0.00057298575609991177,0.00068977790554937933,24,0,5.8364984010237061e-05,2022-10-04 00:00:00+00:00,q90,development,DK1
1.6297748510385727e-12,4.4226507896199056e-12,7.0710079330321019e-10,6.9144227477041782e-10,24,0,6.5004429433946154e-16,2022-10-05 00:00:00+00:00,q90,development,DK1
8.0280180032023958e-12,1.564833946933857e-11,1.9524503200479157e-11,2.1164347712600523e-11,24,0,5.4098705437736863e-13,2022-10-06 00:00:00+00:00,q90,development,DK1
2.1925949219257488e-14,6.22433425809151e-14,3.430939559992854e-12,3.248059848762855e-12,24,0,2.9661613672079902e-16,2022-10-07 00:00:00+00:00,q90,development,DK1
4.6562758469791793e-13,7.8816769473743499e-13,1.2269787566631931e-10,3.4779383361687954e-10,24,0,6.8887779021880409e-15,2022-10-08 00:00:00+00:00,q90,development,DK1
1.5083601279244509e-13,3.5651102371479245e-12,3.7436101204287193e-11,1.7358853580847248e-10,24,0,1.1555048477938752e-17,2022-10-09 00:00:00+00:00,q90,development,DK1
3.6366343351302322e-09,2.096576525212403e-08,2.3323468977009937e-07,4.1878949061566014e-07,24,0,1.1809272913126081e-10,2022-10-10 00:00:00+00:00,q90,development,DK1
0.004237746251228176,0.0054512515617741297,0.005735323483969137,0.0070980686445370998,24,0,0.00058470802574737946,2022-10-11 00:00:00+00:00,q90,development,DK1
0.2043927158752829,0.25986744448837923,0.20102132731922609,0.25036701039774301,24,0,0.097839088564446342,2022-10-12 00:00:00+00:00,q90,development,DK1
0.0010567556135342255,0.0013239344868647936,0.0028823105869816303,0.0033524953142728673,24,0,0.00025501493593359508,2022-10-13 00:00:00+00:00,q90,development,DK1
0.0035990394277806005,0.0041912026516436407,0.0058139283829717232,0.0064453852093591616,24,0,0.00076602873185128517,2022-10-14 00:00:00+00:00,q90,development,DK1
1.03017636152755e-14,8.2922867780494912e-14,4.1712496000339655e-12,5.2148574542678975e-11,24,0,1.1435388210820713e-17,2022-10-15 00:00:00+00:00,q90,development,DK1
1.8710855637184602e-08,1.8823377445997536e-08,1.5640512738681211e-07,1.2449903542440059e-07,24,0,1.7769066693439946e-09,2022-10-16 00:00:00+00:00,q90,development,DK1
1.5042538949863374e-06,3.4466535721746706e-06,2.6317161320040238e-05,5.0921464766929887e-05,24,0,6.70594355963044e-08,2022-10-17 00:00:00+00:00,q90,development,DK1
7.4881450844876651e-08,3.3532843461815115e-07,1.4815223484565055e-06,2.7806727508199139e-06,24,0,1.2189302543899432e-09,2022-10-18 00:00:00+00:00,q90,development,DK1
0.013555991498267609,0.015060541469309442,0.013688584533942718,0.015466354185117819,24,0,0.0047352081596644122,2022-10-19 00:00:00+00:00,q90,development,DK1
2.5353265432791419e-10,1.6045591983109161e-09,5.2434547371099514e-09,3.6774689958880942e-08,24,0,1.5265045445809728e-12,2022-10-20 00:00:00+00:00,q90,development,DK1
0.00032258469750035001,0.00036549159700860012,0.0010833217687405197,0.0012360676526447728,24,0,9.3849022015426105e-05,2022-10-21 00:00:00+00:00,q90,development,DK1
2.193938123884256e-08,7.6974003785668688e-08,9.9710388905356568e-08,4.4409630017664346e-07,24,0,8.7384583637261833e-10,2022-10-22 00:00:00+00:00,q90,development,DK1
2.699233945108993e-13,3.0478393567724001e-13,2.0917664608605018e-12,3.7454142122761938e-12,24,0,9.8264596210691104e-16,2022-10-23 00:00:00+00:00,q90,development,DK1
1.7527863990229335e-17,8.4264151097150328e-17,6.4443324286293342e-12,1.7579820857863057e-11,24,0,1.3244252842619032e-19,2022-10-24 00:00:00+00:00,q90,development,DK1
2.5747193685008984e-09,3.1340328538821682e-09,2.5119472434781671e-07,4.1124692630849824e-07,24,0,7.6751819504165048e-11,2022-10-25 00:00:00+00:00,q90,development,DK1
4.3113750322808685e-06,5.172921198924722e-06,4.9059127199590995e-05,5.7734787339004438e-05,24,0,8.988257773049975e-07,2022-10-26 00:00:00+00:00,q90,development,DK1
7.0846645593716887e-08,7.1721930538187115e-08,3.345120537564776e-06,3.2450952684599612e-06,24,0,2.6607306135160001e-09,2022-10-27 00:00:00+00:00,q90,development,DK1
7.3325101171853518e-09,1.2901088796038246e-08,2.4226791379674091e-07,4.9602726494339227e-07,24,0,4.1999209493816824e-10,2022-10-28 00:00:00+00:00,q90,development,DK1
6.4516566679471819e-12,1.6691390475204654e-11,2.3480491184206687e-10,9.7460628959172063e-10,24,0,4.3783005617716452e-14,2022-10-29 00:00:00+00:00,q90,development,DK1
0,0,0,0,0,0,0,2022-10-30 00:00:00+00:00,q90,development,DK1
0.0019307321438710077,0.0025000735885000163,0.0043566872397472001,0.0051814261232130026,24,0,0.00075066256179566102,2022-10-31 00:00:00+00:00,q90,development,DK1
3.1347093937727781e-16,2.3113539850283478e-15,2.4732383635714258e-12,1.3834615793443249e-11,24,0,2.1365804800157836e-21,2022-11-01 00:00:00+00:00,q90,development,DK1
4.599319176401804e-16,4.4281286749924229e-15,9.4950307522474443e-13,1.1330992921864822e-11,24,0,2.5392318724200329e-21,2022-11-02 00:00:00+00:00,q90,development,DK1
4.0084388736500841e-07,5.0224558874405452e-07,1.954572224138615e-05,2.5363903054190747e-05,24,0,1.1482002292842366e-07,2022-11-03 00:00:00+00:00,q90,development,DK1
4.773500262780748e-05,0.0001505981187813901,8.1443335780859077e-05,0.00024756193688834808,24,0,3.2005452519824575e-07,2022-11-04 00:00:00+00:00,q90,development,DK1
3.3316537040041676e-12,3.3112821851690578e-11,1.560426546483011e-10,5.7483306501542855e-10,24,0,1.7192965950839105e-18,2022-11-05 00:00:00+00:00,q90,development,DK1
1.3166461121656886e-24,2.7591952013396046e-24,8.3241899692531011e-23,3.3333734302593721e-20,24,0,6.6919348121448924e-31,2022-11-06 00:00:00+00:00,q90,development,DK1
1.54642375402738e-26,1.4121551906161719e-25,4.1260602604126971e-19,1.0468969834616939e-17,24,0,9.4508654822522112e-29,2022-11-07 00:00:00+00:00,q90,development,DK1
2.8587160565754919e-26,6.3951794946812884e-26,4.7040616331474401e-18,6.7832616351352684e-17,24,0,2.8902669358457858e-29,2022-11-08 00:00:00+00:00,q90,development,DK1
2.5793039620151809e-11,1.1835069578870633e-10,1.8652480882577297e-09,8.8676214319282721e-09,24,0,1.861964208353512e-15,2022-11-09 00:00:00+00:00,q90,development,DK1
5.8409913333598642e-12,7.9859676284076004e-11,1.0199017811171604e-09,4.6583134519886721e-09,24,0,4.7671681854899774e-17,2022-11-10 00:00:00+00:00,q90,development,DK1
5.3070173981705503e-14,1.4018390351725113e-12,3.570865682085728e-11,4.1064274223196955e-10,24,0,2.1248912981312659e-19,2022-11-11 00:00:00+00:00,q90,development,DK1
1.0484574110092156e-12,7.3881726707219551e-13,2.6160663369653989e-11,1.5371722641956465e-11,24,0,8.7582271181639528e-17,2022-11-12 00:00:00+00:00,q90,development,DK1
0,0,0,0,0,0,0,2022-11-13 00:00:00+00:00,q90,development,DK1
5.1769735446390649e-15,3.9531177754686996e-15,7.6904025477144988e-11,1.4401254720238535e-11,24,0,8.5101474733952559e-18,2022-11-14 00:00:00+00:00,q90,development,DK1
2.9896140599581953e-12,5.9653587611662965e-13,3.2134084931574701e-10,3.99922700970302e-11,24,0,1.1740106281750169e-14,2022-11-15 00:00:00+00:00,q90,development,DK1
5.2018342278722406e-23,6.2408531566787045e-24,5.7903986992708424e-17,2.0893334764557113e-18,24,0,3.0806799151564084e-26,2022-11-16 00:00:00+00:00,q90,development,DK1
2.2762722814779761e-20,2.8980086060566826e-18,3.4135381685137536e-16,3.4165553808732021e-14,24,0,6.6766904650529281e-28,2022-11-17 00:00:00+00:00,q90,development,DK1
1.0206670541823152e-18,8.8878363097504007e-17,2.8349410335021454e-14,1.4061331524348451e-13,24,0,8.5758541616761622e-22,2022-11-18 00:00:00+00:00,q90,development,DK1
6.1259414044644843e-08,1.3063786868871942e-06,2.1279623432849589e-06,9.1897024709674592e-06,24,0,7.2778153772005984e-09,2022-11-19 00:00:00+00:00,q90,development,DK1
0,0,0,0,0,0,0,2022-11-20 00:00:00+00:00,q90,development,DK1
0.0042675506924651748,0.0038285858443013322,0.0051132923371928918,0.0051649695280662549,24,0,0.001423961814143244,2022-11-21 00:00:00+00:00,q90,development,DK1
2.9026227078292304e-18,1.456097269123849e-17,4.1180335059428564e-13,1.0491548635915007e-13,24,0,3.3348180481646905e-18,2022-11-22 00:00:00+00:00,q90,development,DK1
7.3845355817410797e-18,2.2643802229337549e-18,1.1063464098415701e-12,2.5148830876766506e-13,24,0,5.8223764507195307e-22,2022-11-23 00:00:00+00:00,q90,development,DK1
3.6666160211235966e-09,1.6634596397027522e-09,3.2194996871738919e-07,1.3684777256628184e-07,24,0,1.5809365777205291e-11,2022-11-24 00:00:00+00:00,q90,development,DK1
4.0128911284312956e-05,4.5419894225675014e-05,0.00013931017241696931,0.0001617600647441467,24,0,1.6129515032354402e-06,2022-11-25 00:00:00+00:00,q90,development,DK1
2.1503984653257217e-08,3.6513464160476248e-08,1.1209730847025883e-07,1.6346173041992046e-07,24,0,2.7777886964680772e-11,2022-11-26 00:00:00+00:00,q90,development,DK1
7.7793466811705703e-17,3.9216863147111348e-15,6.0351561855113095e-13,2.427779816572269e-12,24,0,6.484888648739587e-22,2022-11-27 00:00:00+00:00,q90,development,DK1
2.065231609411338e-09,1.4302729526520283e-08,5.5287849993447734e-08,2.2526103985342765e-07,24,0,4.7326078281640554e-12,2022-11-28 00:00:00+00:00,q90,development,DK1
0.00051986950142055661,0.00058777827083915683,0.00087517317708293873,0.00089397864931977484,24,0,1.5514679802233044e-05,2022-11-29 00:00:00+00:00,q90,development,DK1
0.015861978725048461,0.024589845276477805,0.015948927168786115,0.023696966224444019,24,0,0.0053636002000042853,2022-11-30 00:00:00+00:00,q90,development,DK1
0.016271712245187909,0.026752659670122837,0.019379772996770059,0.029749704989712997,24,0,0.0059484919561020918,2022-12-01 00:00:00+00:00,q90,development,DK1
0.0003148403425926103,0.0016190407036739353,0.00078795823924305848,0.0029887605369351877,24,0,6.7241259446104658e-05,2022-12-02 00:00:00+00:00,q90,development,DK1
1.8264625248843237e-12,2.2108528516079889e-11,2.5088397335446747e-10,1.8740874575199793e-09,24,0,4.3041691980587153e-18,2022-12-03 00:00:00+00:00,q90,development,DK1
5.9169242432960242e-11,3.0656959695962614e-10,1.3497129932583163e-09,5.2225850940217704e-09,24,0,3.7702089797544295e-15,2022-12-04 00:00:00+00:00,q90,development,DK1
0.0016657466387454056,0.0020734741367814538,0.0028886888389582409,0.0033622824780415147,24,0,9.9149554211135232e-05,2022-12-05 00:00:00+00:00,q90,development,DK1
2.4194756741887122,2.1381641498781896,2.4560151955778151,2.1631433768192698,24,5,2.5909514761151944,2022-12-06 00:00:00+00:00,q90,development,DK1
0.020994183984962847,0.092398502680710842,0.020447107221918601,0.085234326655261164,24,0,0.01682821902505463,2022-12-07 00:00:00+00:00,q90,development,DK1
0.20418850487426576,0.49398009875338156,0.19114757225283815,0.46452761352580285,24,0,0.14996112109566054,2022-12-08 00:00:00+00:00,q90,development,DK1
2.2934181681322703,2.094115419984973,2.3024410222032059,2.1090046941903116,24,3,2.4708791940703208,2022-12-09 00:00:00+00:00,q90,development,DK1
0.00059639716027006147,0.0037026398367351809,0.0013062343783426644,0.0056815414190606629,24,0,3.3299677603943212e-05,2022-12-10 00:00:00+00:00,q90,development,DK1
0.018534387943758002,0.039174349895424586,0.018633003561994946,0.03860012035491181,24,0,0.009239088638173916,2022-12-11 00:00:00+00:00,q90,development,DK1
4.5643723618013023,3.9429864259104157,4.6755198590712501,4.0223642259592101,24,7,4.9961840052921564,2022-12-12 00:00:00+00:00,q90,development,DK1
3.2519102318438091,3.0563800282498579,3.2454260026084203,3.0408575565518148,24,8,3.2562285591199878,2022-12-13 00:00:00+00:00,q90,development,DK1
0.92182652731331727,1.0691136671976174,0.93033569558691276,1.0734959207840158,24,1,0.90629619967590747,2022-12-14 00:00:00+00:00,q90,development,DK1
2.6703413959416706,3.2080341017979741,2.6723664622929917,3.2159516115067968,24,2,2.6552627977130112,2022-12-15 00:00:00+00:00,q90,development,DK1
5.3795826667347129,6.8814386490598691,5.3515940745744244,6.9011616149214454,24,4,5.242902758164389,2022-12-16 00:00:00+00:00,q90,development,DK1
0.49466841191383287,0.69179441324135438,0.49577743508137789,0.69683755672123071,24,0,0.36612273832186337,2022-12-17 00:00:00+00:00,q90,development,DK1
3.3386362220587041e-16,4.1436462557828089e-16,5.7850393000533487e-13,7.5659530000141176e-13,24,0,2.4092368632502723e-16,2022-12-18 00:00:00+00:00,q90,development,DK1
4.5883842136982779e-14,2.5043227160021141e-14,1.4246095544092165e-10,9.5114421857916467e-11,24,0,3.1996184444318513e-16,2022-12-19 00:00:00+00:00,q90,development,DK1
1.445037539915782e-11,8.7164656728202202e-12,1.1434953723107012e-08,8.2497619837245379e-09,24,0,4.6214666241931805e-14,2022-12-20 00:00:00+00:00,q90,development,DK1
8.2170478267379331e-07,5.7782125583703057e-07,1.1714522017739179e-05,9.0576017636111546e-06,24,0,1.3892969994948098e-08,2022-12-21 00:00:00+00:00,q90,development,DK1
8.4400279845717983e-09,5.6106662945764274e-09,6.1787024363085245e-07,4.6415605365629407e-07,24,0,3.1584278262648466e-10,2022-12-22 00:00:00+00:00,q90,development,DK1
0.0021349111094560412,0.0016483885454640339,0.0036644666307672435,0.0030185443029398964,24,0,0.00028170532938818967,2022-12-23 00:00:00+00:00,q90,development,DK1
7.5091252384000251e-08,5.0151519051432569e-08,4.4446484275346967e-07,3.3213827387130467e-07,24,0,7.0594136457363909e-10,2022-12-24 00:00:00+00:00,q90,development,DK1
1.3792809983647336e-08,2.1318520722082998e-08,4.1559894946711118e-07,6.2909825070846116e-07,24,0,3.8232656747205471e-12,2022-12-25 00:00:00+00:00,q90,development,DK1
5.2214227209706968e-11,6.3095201683209371e-11,2.6823624831386106e-08,3.5775498171372713e-08,24,0,2.6917198418672071e-12,2022-12-26 00:00:00+00:00,q90,development,DK1
6.4243260467064201e-13,9.8499782599554973e-13,1.5087213611811314e-09,1.8811481460461376e-09,24,0,2.3605995180250203e-15,2022-12-27 00:00:00+00:00,q90,development,DK1
3.7210013270026915e-23,4.2146220804361228e-22,1.537268242578467e-16,7.4534003978913234e-16,24,0,3.5829783470245316e-29,2022-12-28 00:00:00+00:00,q90,development,DK1
9.5500121680521087e-16,1.4102311318736817e-15,1.7732598491541826e-12,1.6064028237787911e-12,24,0,2.7838970890851619e-20,2022-12-29 00:00:00+00:00,q90,development,DK1
8.2944679349211524e-16,3.8472942389343746e-15,1.7953202967805218e-13,1.3276601968594664e-12,24,0,8.5604556807347881e-22,2022-12-30 00:00:00+00:00,q90,development,DK1
4.3610292451471635e-13,1.4373460341282651e-13,5.402772123783854e-11,2.1235430529540094e-11,24,0,1.4396989486859019e-14,2022-12-31 00:00:00+00:00,q90,development,DK1
1.8683129933053606e-12,6.2687524487756331e-12,1.3719194809969744e-09,3.0076879879698828e-09,24,0,1.4676057129597655e-13,2023-01-01 00:00:00+00:00,q90,development,DK1
4.3791365509636698e-05,2.5600152611955105e-05,8.5598945584289854e-05,5.3595266488152628e-05,24,0,4.2874111284934318e-06,2023-01-02 00:00:00+00:00,q90,development,DK1
1.1307785402610649e-08,3.444475059204802e-08,1.9495234843123324e-07,6.7996732968753889e-07,24,0,4.7617292856604144e-11,2023-01-03 00:00:00+00:00,q90,development,DK1
1.2225190868562167e-19,7.3813931026644837e-17,1.7895726138582105e-15,5.2651414420241702e-13,24,0,5.8539626993608591e-24,2023-01-04 00:00:00+00:00,q90,development,DK1
1.9374037322920327e-06,4.2357475125141807e-06,6.3793974381206714e-06,1.2510938917397604e-05,24,0,9.9811468161387619e-08,2023-01-05 00:00:00+00:00,q90,development,DK1
4.3748024404807135e-11,6.1194023970905389e-11,1.727851034636697e-08,1.6791762400515201e-08,24,0,6.2186839909492551e-13,2023-01-06 00:00:00+00:00,q90,development,DK1
6.3173139917422953e-18,2.5823717002954141e-18,1.8336987819111882e-13,1.261172405015885e-13,24,0,9.5658089821959539e-24,2023-01-07 00:00:00+00:00,q90,development,DK1
1.097720603614095e-15,8.8825083414398853e-16,7.843532481243988e-13,7.424508048008153e-13,24,0,3.372456184615467e-21,2023-01-08 00:00:00+00:00,q90,development,DK1
1.261478580805505e-06,6.6725567756093825e-07,1.5700647924827633e-05,9.8663119877111564e-06,24,0,5.6850083324901562e-08,2023-01-09 00:00:00+00:00,q90,development,DK1
5.4036352769405138e-11,9.0362974056331671e-10,3.3140215873617199e-08,2.3378764055924161e-07,24,0,1.381293548640466e-12,2023-01-10 00:00:00+00:00,q90,development,DK1
4.7488205880529524e-17,2.1799070175396282e-16,1.6763735232352476e-12,3.3617707320044416e-12,24,0,3.4520645541509782e-21,2023-01-11 00:00:00+00:00,q90,development,DK1
5.6741599741482064e-12,1.6530573697213135e-12,6.9819184406253584e-10,2.303132460769908e-10,24,0,3.1457181177809395e-13,2023-01-12 00:00:00+00:00,q90,development,DK1
6.0583304524506977e-17,9.2672829444314447e-15,2.7944859879660487e-12,2.7271792478222633e-10,24,0,5.3651310250331337e-19,2023-01-13 00:00:00+00:00,q90,development,DK1
2.0893104334294931e-27,1.178767733578141e-27,1.0819701037173119e-22,8.9867961115691689e-20,24,0,4.535583972181713e-33,2023-01-14 00:00:00+00:00,q90,development,DK1
7.4029665574334327e-29,3.6835366931229383e-27,5.3896183336945892e-18,1.2993374774628355e-17,24,0,1.4934765213241645e-28,2023-01-15 00:00:00+00:00,q90,development,DK1
8.9122953351992356e-06,1.4446062469143082e-05,6.7238904811822088e-05,0.00012437706331838689,24,0,2.0765743451365503e-06,2023-01-16 00:00:00+00:00,q90,development,DK1
3.3978208967053203e-07,9.4143055058551869e-07,1.1260477157583201e-05,1.6197249681713467e-05,24,0,9.0493080039030869e-08,2023-01-17 00:00:00+00:00,q90,development,DK1
0.00061420727871896172,0.001267487785189893,0.0016616885176342848,0.0030439720571073634,24,0,0.00010687307942395644,2023-01-18 00:00:00+00:00,q90,development,DK1
0.0051359406291094411,0.014070540945249978,0.010877752010913075,0.021687762021445775,24,0,0.006439293281980194,2023-01-19 00:00:00+00:00,q90,development,DK1
2.8816772594772377,2.963692693757964,2.8316270704355966,2.9037645203516398,24,3,2.864292094908814,2023-01-20 00:00:00+00:00,q90,development,DK1
1.1430920124151267e-07,8.310794317522992e-07,1.1552928486579092e-05,3.8822000577155608e-05,24,0,8.3291716071866393e-06,2023-01-21 00:00:00+00:00,q90,development,DK1
6.5262388625763744e-05,0.00050065013551425731,0.00034620193190105868,0.0015503653703578917,24,0,3.7732144032871009e-05,2023-01-22 00:00:00+00:00,q90,development,DK1
2.4424650881577397,2.2000667538125587,2.4309432338524943,2.1841927727399724,24,7,2.5539275378019073,2023-01-23 00:00:00+00:00,q90,development,DK1
0.12815084076934424,0.16883396819624533,0.12368183914436039,0.16610187932330711,24,0,0.063217289795542392,2023-01-24 00:00:00+00:00,q90,development,DK1
4.6257879079618691,4.8045787666298194,4.654834576588625,4.8305157214828531,24,8,5.1354706892423883,2023-01-25 00:00:00+00:00,q90,development,DK1
0.99848576476108863,0.98036652940919222,0.99314704476141968,0.96244922365015162,24,1,1.0025262769502825,2023-01-26 00:00:00+00:00,q90,development,DK1
0.29767374446404149,0.45390498172325189,0.28865116100994681,0.43860662194371725,24,0,0.314939084005813,2023-01-27 00:00:00+00:00,q90,development,DK1
0.00042742702002099102,0.00087181572459704075,0.0009235744123317572,0.0017463098653504303,24,0,2.3802492332012957e-05,2023-01-28 00:00:00+00:00,q90,development,DK1
1.6943090700166062e-09,2.7265971940296006e-09,2.5618486644303219e-09,3.303803904489362e-09,24,0,9.4647653416991586e-12,2023-01-29 00:00:00+00:00,q90,development,DK1
1.326520718855179e-15,1.9753335489616167e-15,9.6237919992032119e-13,6.4197000013844677e-13,24,0,1.9000017584267174e-14,2023-01-30 00:00:00+00:00,q90,development,DK1
8.515845250685389e-16,2.4738391725516543e-15,2.2405766043691819e-12,1.5601438271169095e-12,24,0,3.0452832109032784e-16,2023-01-31 00:00:00+00:00,q90,development,DK1
4.7329598953276878e-19,4.1407079051875448e-18,1.1659125056629308e-13,8.4757237171834335e-14,24,0,1.734569839151572e-20,2023-02-01 00:00:00+00:00,q90,development,DK1
1.4856019833878449e-05,3.4994244968027753e-05,3.3583169231441632e-05,9.5978611686472722e-05,24,0,3.6855900652221672e-06,2023-02-02 00:00:00+00:00,q90,development,DK1
3.0676413278960672e-11,1.1419152864868426e-10,1.9302190660686467e-08,2.633152297513383e-08,24,0,1.0631929132323874e-12,2023-02-03 00:00:00+00:00,q90,development,DK1
0.0004228478476380843,0.0013643623059339026,0.0010091863710807419,0.0025348017659298423,24,0,2.5264247636476636e-05,2023-02-04 00:00:00+00:00,q90,development,DK1
4.7317435595351999e-08,1.4023437552417588e-07,1.5441799494460098e-06,4.2647385292531327e-06,24,0,1.3779471431170174e-08,2023-02-05 00:00:00+00:00,q90,development,DK1
4.2168814826237151,3.7953682952434669,4.2838073636092728,3.868398767023626,24,7,4.4713473939875037,2023-02-06 00:00:00+00:00,q90,development,DK1
0.66851016759725546,0.89415186635308874,0.65147488595205072,0.8809643085517177,24,0,0.48146399265750434,2023-02-07 00:00:00+00:00,q90,development,DK1
0.075757632966062166,0.10062375754127036,0.079372197406962899,0.099982623365385243,24,0,0.044592465289308575,2023-02-08 00:00:00+00:00,q90,development,DK1
0.0006637563722921145,0.00088496508722274295,0.00048194540258015645,0.00065726815382211642,24,0,0.00040203692073267655,2023-02-09 00:00:00+00:00,q90,development,DK1
0.0007373172582433176,0.00096654520637744538,0.0006684211073221917,0.00095445509837654183,24,0,0.00030779302540974538,2023-02-10 00:00:00+00:00,q90,development,DK1
2.7864875044715134e-15,1.177528714281088e-14,6.0680992956799406e-14,4.616923911287731e-14,24,0,1.0204403523348492e-16,2023-02-11 00:00:00+00:00,q90,development,DK1
7.014861231480723e-07,1.4744594444392682e-06,2.8587789728109239e-06,5.1198058062281837e-06,24,0,7.5216125075924096e-09,2023-02-12 00:00:00+00:00,q90,development,DK1
0.00027499917074690446,0.00031674196181959656,0.00081259812984206515,0.00090501614475318364,24,0,9.8027387296555336e-06,2023-02-13 00:00:00+00:00,q90,development,DK1
0.99678071602947993,1.0014494359273247,0.98690253247388815,0.98893449730135474,24,1,0.9896485128260184,2023-02-14 00:00:00+00:00,q90,development,DK1
0.99057619666804531,0.99090358027880598,0.98379385469068181,0.98563974309339675,24,1,0.99847553660604738,2023-02-15 00:00:00+00:00,q90,development,DK1
3.0235981857619204e-07,6.1356343168057811e-07,5.8165545325513026e-06,1.0675946387947341e-05,24,0,3.1195253457065439e-09,2023-02-16 00:00:00+00:00,q90,development,DK1
1.0655583893414031e-16,1.6330863177574838e-15,7.2124258210752653e-13,9.6161630214878515e-12,24,0,2.332337688395468e-20,2023-02-17 00:00:00+00:00,q90,development,DK1
2.3617992730463563e-17,5.0675335446373294e-16,1.7944710788823615e-14,5.7402329940291565e-13,24,0,1.1783728544255809e-19,2023-02-18 00:00:00+00:00,q90,development,DK1
1.1985475926658936e-12,2.9589909963339726e-12,1.1284740667405339e-09,1.6809637606688861e-09,24,0,2.0604041268375932e-16,2023-02-19 00:00:00+00:00,q90,development,DK1
1.5591999333734608e-13,3.9469121606277499e-13,5.7673123438680621e-10,6.5548850658608867e-10,24,0,2.4549085573952839e-14,2023-02-20 00:00:00+00:00,q90,development,DK1
0.00070118657102858565,0.0021188193951409101,0.0012215335221259335,0.0031210019294082313,24,0,7.7459404837630492e-05,2023-02-21 00:00:00+00:00,q90,development,DK1
5.4318040042899393e-05,0.00018181905708373206,0.00032710478352030944,0.00070444550666294949,24,0,5.0707311974218817e-06,2023-02-22 00:00:00+00:00,q90,development,DK1
0.00027249801682541067,0.00051007231999541166,0.00043631886083261574,0.00077514892373704608,24,0,2.8089402835407686e-05,2023-02-23 00:00:00+00:00,q90,development,DK1
5.6113573708720932e-08,2.1940719470859067e-07,1.3452679073709519e-06,3.5553854875171397e-06,24,0,1.2198224593125094e-10,2023-02-24 00:00:00+00:00,q90,development,DK1
3.7618728148161859e-17,2.1758710574017101e-16,2.0881576497529789e-10,3.6059136914972047e-10,24,0,7.7678478089635168e-16,2023-02-25 00:00:00+00:00,q90,development,DK1
0.00019703965172042246,0.00040906038442938128,0.00025759814628313659,0.00047671519391092194,24,0,0.00030367644788100931,2023-02-26 00:00:00+00:00,q90,development,DK1
0.075786800698043263,0.13059879185286172,0.07325116479687406,0.12592859693808686,24,0,0.093141079431655546,2023-02-27 00:00:00+00:00,q90,development,DK1
2.8365597498665553,3.0389476611982933,2.7900387547503378,3.0061256656957096,24,3,2.9118392029998841,2023-02-28 00:00:00+00:00,q90,development,DK1
1.8037347446176712,1.817229957227628,1.8135633609860593,1.8185125896125649,24,3,1.7493891309893805,2023-03-01 00:00:00+00:00,q90,development,DK1
0.6377439772095187,0.86076087793391398,0.65033000711357825,0.88038154532700152,24,0,0.71025796846153577,2023-03-02 00:00:00+00:00,q90,development,DK1
2.7205617676520166,2.6196579604603292,2.6696835563894536,2.5717994849171655,24,3,2.8223747262257941,2023-03-03 00:00:00+00:00,q90,development,DK1
4.4999606760307956e-08,2.329434293625852e-07,2.2793087210906775e-06,8.2164525202080988e-06,24,0,5.6171042728431965e-09,2023-03-04 00:00:00+00:00,q90,development,DK1
0.0091304190074259738,0.016241369747847387,0.009767409974338748,0.015831510678441438,24,0,0.0066842638222848142,2023-03-05 00:00:00+00:00,q90,development,DK1
2.7203848616870916,2.6426415662581659,2.6870630026064908,2.5985029344788786,24,3,2.8511077770923721,2023-03-06 00:00:00+00:00,q90,development,DK1
1.316166309379169e-07,2.8224232492490606e-07,1.0000392604606348e-05,1.6035536150261806e-05,24,0,9.514057969349292e-07,2023-03-07 00:00:00+00:00,q90,development,DK1
2.9073429205091106,2.8592412060628276,2.9073863872020334,2.8631938805894377,24,6,2.9788430127207008,2023-03-08 00:00:00+00:00,q90,development,DK1
0.023164079180315995,0.035586678655006025,0.029217485383098707,0.041989931838280196,24,0,0.010415023149506668,2023-03-09 00:00:00+00:00,q90,development,DK1
1.3756504931602344e-08,8.0660523866725206e-08,6.5045186238656576e-07,2.5922188225669168e-06,24,0,8.6814615551638247e-08,2023-03-10 00:00:00+00:00,q90,development,DK1
2.55262116670534e-13,1.4998331836338353e-12,3.4818773685480545e-09,7.6960069978272468e-09,24,0,1.3747229788605744e-14,2023-03-11 00:00:00+00:00,q90,development,DK1
1.7549678358919906e-08,1.1180277415671102e-07,8.901340386615924e-08,5.3057640825893567e-07,24,0,8.1436821466810429e-10,2023-03-12 00:00:00+00:00,q90,development,DK1
6.2333992839409801e-25,2.3909431594986162e-24,4.2155008031987669e-23,4.1872627545796874e-21,24,0,5.2866427814592389e-29,2023-03-13 00:00:00+00:00,q90,development,DK1
2.2047572433491148e-09,3.8581133353203014e-09,7.6253295467242188e-07,9.6228345576976649e-07,24,0,3.6908979071065336e-08,2023-03-14 00:00:00+00:00,q90,development,DK1
0.00047240733490794707,0.0021289099008429276,0.0015181633598224077,0.0040769216462679609,24,0,0.00016043191402438954,2023-03-15 00:00:00+00:00,q90,development,DK1
6.3258579085915775e-08,4.47710026052408e-06,2.8890344016311772e-07,1.1377429464121639e-05,24,0,1.3298934752861638e-08,2023-03-16 00:00:00+00:00,q90,development,DK1
1.0691569284803015e-07,4.4735923762941185e-07,1.8564975503575283e-06,6.4164145160803959e-06,24,0,6.8804083727558219e-09,2023-03-17 00:00:00+00:00,q90,development,DK1
1.0765828220426796e-07,1.2584289933630806e-06,1.339810942223982e-07,1.2259508935639163e-06,24,0,5.2055749742573235e-09,2023-03-18 00:00:00+00:00,q90,development,DK1
0.00042156716221617243,0.0015355921267146482,0.00072314487034421141,0.0018931157445881146,24,0,0.00013958169690509649,2023-03-19 00:00:00+00:00,q90,development,DK1
0.0010470423160485213,0.0020583652382348836,0.0021124854647814727,0.0032058306083294964,24,0,0.00013682878863320586,2023-03-20 00:00:00+00:00,q90,development,DK1
0.00065325433871486565,0.0039708201422071314,0.001369154806479917,0.0057134149225312901,24,0,6.3611428779623445e-05,2023-03-21 00:00:00+00:00,q90,development,DK1
7.1964884383252591e-14,1.3959245357232726e-12,3.6657400582638608e-11,7.9021866745955366e-10,24,0,6.0329397661825899e-17,2023-03-22 00:00:00+00:00,q90,development,DK1
1.3610682815168576e-13,8.1299589051836996e-13,2.6597060264047194e-09,8.7542690102555075e-09,24,0,2.6126374465063996e-15,2023-03-23 00:00:00+00:00,q90,development,DK1
2.1378745846668497e-13,3.3720505348439173e-12,6.3462140433814216e-12,1.0094987421995397e-10,24,0,2.6734438901077403e-14,2023-03-24 00:00:00+00:00,q90,development,DK1
1.539796415249168e-13,5.4104962595898355e-12,1.0370932795405873e-12,4.0734771492269425e-11,24,0,1.9199429364711357e-15,2023-03-25 00:00:00+00:00,q90,development,DK1
8.8723362789932613e-08,2.5068588969997505e-07,4.0831202420318386e-06,8.5965308555563029e-06,24,0,2.8270097097963815e-09,2023-03-26 00:00:00+00:00,q90,development,DK1
0.016413208390519164,0.023874315853683305,0.019828908374561759,0.028123942112971582,24,0,0.015793841941333573,2023-03-27 00:00:00+00:00,q90,development,DK1
0.10759740088007748,0.3029963214929805,0.10360529540050406,0.30443433651847918,24,0,0.10576290579663784,2023-03-28 00:00:00+00:00,q90,development,DK1
0.0083222985680611594,0.016604024771358621,0.013573701406115572,0.023779661982017721,24,0,0.0030276527864102469,2023-03-29 00:00:00+00:00,q90,development,DK1
3.4904005758958812e-10,5.0203000910094411e-09,4.2788466956646537e-08,3.7553010814548066e-07,24,0,1.9986389920010065e-11,2023-03-30 00:00:00+00:00,q90,development,DK1
8.6710095839307454e-07,4.9710217144120842e-06,1.9838191192540321e-05,6.7760696304522967e-05,24,0,2.448613502492411e-07,2023-03-31 00:00:00+00:00,q90,development,DK1
4.1983352221384421e-15,8.7872301740979905e-14,4.1660659214667955e-11,8.3758195961357375e-11,24,0,4.5598210058983927e-16,2023-04-01 00:00:00+00:00,q90,development,DK1
2.2662946762140383e-05,5.7018405831620271e-05,1.4011461137335076e-05,4.2626759716445117e-05,24,0,2.1110538112206117e-05,2023-04-02 00:00:00+00:00,q90,development,DK1
0.39305179279939623,0.22825613771691322,0.37565884661324256,0.21145810607614701,24,0,0.43674949259795504,2023-04-03 00:00:00+00:00,q90,development,DK1
4.5255781319876354,3.4753095102709541,4.4806591139231378,3.4520356364059088,24,7,4.6871236110262693,2023-04-04 00:00:00+00:00,q90,development,DK1
7.0112948475637866,4.7922983320299295,7.0963692774596367,4.870383492352679,24,9,7.4914391969329985,2023-04-05 00:00:00+00:00,q90,development,DK1
0.0051822243430838686,0.0020141819472132227,0.0089334398258123348,0.0036605905803159342,24,0,0.0014416112869895831,2023-04-06 00:00:00+00:00,q90,development,DK1
0.00013342394388280931,0.00016667411128602424,0.00043289143682473163,0.00047034967273160713,24,0,1.9217698633273201e-05,2023-04-07 00:00:00+00:00,q90,development,DK1
3.7214218579472361e-09,3.5287224316380534e-09,5.4590665963398145e-07,5.197762757080738e-07,24,0,8.1494025223193761e-11,2023-04-08 00:00:00+00:00,q90,development,DK1
1.4712831156404651e-12,9.9251130871153272e-12,8.148012951975238e-10,1.0111260743047245e-09,24,0,2.1451632067673748e-15,2023-04-09 00:00:00+00:00,q90,development,DK1
3.5019396390553815e-13,1.5652553959110777e-12,1.3266667908984812e-10,2.4845419372092274e-10,24,0,2.2620948940397331e-16,2023-04-10 00:00:00+00:00,q90,development,DK1
2.0686162678323942e-08,6.5740101187133375e-08,5.6557099689673416e-07,1.9098829381882406e-06,24,0,1.6535326385021702e-09,2023-04-11 00:00:00+00:00,q90,development,DK1
1.3184689048526306e-07,5.087767408965972e-07,1.1000872078972945e-06,3.2112320570880025e-06,24,0,9.238455138685726e-09,2023-04-12 00:00:00+00:00,q90,development,DK1
0.25848548590296061,0.25638722584587842,0.2490421819636145,0.2497494142914663,24,0,0.14915926606516461,2023-04-13 00:00:00+00:00,q90,development,DK1
2.8561568305705438,2.4090345729982703,2.8660926032739513,2.4140236475003283,24,1,2.8380128018540853,2023-04-14 00:00:00+00:00,q90,development,DK1
0.00051364422456249247,0.00040571577924697745,0.0014532531531962962,0.0012236561611823956,24,0,5.4354637046189165e-05,2023-04-15 00:00:00+00:00,q90,development,DK1
0.015017323614061391,0.013448912628842628,0.018232657105221171,0.016486724384687915,24,0,0.0080466201265549861,2023-04-16 00:00:00+00:00,q90,development,DK1
0.40418647453388534,0.43311118637962531,0.40842135409045011,0.43894361150498867,24,1,0.39116639817703297,2023-04-17 00:00:00+00:00,q90,development,DK1
7.7504189353756384e-05,9.1219530904457599e-05,0.00031197671574229453,0.00038031002263029767,24,0,4.5792577323575703e-05,2023-04-18 00:00:00+00:00,q90,development,DK1
6.2647635329812792e-05,7.2578248969626283e-05,0.00030742886869255235,0.00033544279392469875,24,0,2.4954483548871824e-05,2023-04-19 00:00:00+00:00,q90,development,DK1
0.0016013513726603691,0.0011673339660717443,0.0018914367602123265,0.0014126201778662489,24,0,0.00084724658036841669,2023-04-20 00:00:00+00:00,q90,development,DK1
0.0043076848147264191,0.0032327057942122838,0.0049811872205039196,0.0041898299802149508,24,0,0.002536079223635716,2023-04-21 00:00:00+00:00,q90,development,DK1
1.2727614784667422e-09,6.5929608274409556e-09,1.2686966905056203e-07,6.8106642076647702e-07,24,0,1.2018992324238554e-10,2023-04-22 00:00:00+00:00,q90,development,DK1
0.00026603870013327559,0.00020133825582124506,0.00050892283349040102,0.00044616912838384257,24,0,0.00010792208273398956,2023-04-23 00:00:00+00:00,q90,development,DK1
1.5889431032885081e-05,1.5680741802959644e-05,7.570018297566409e-05,8.7066324767738292e-05,24,0,5.9194988308498629e-06,2023-04-24 00:00:00+00:00,q90,development,DK1
1.7989948485452688e-05,1.9016137708791645e-05,1.3274878857085735e-05,1.4210088615423125e-05,24,0,5.7290422354209852e-06,2023-04-25 00:00:00+00:00,q90,development,DK1
0.012600661142926562,0.011253607940733974,0.012140858536966049,0.011034411402409343,24,0,0.0037159309425070048,2023-04-26 00:00:00+00:00,q90,development,DK1
0.046641606490087112,0.030538091106882784,0.051452553269066753,0.035657997726534996,24,0,0.017865179606075234,2023-04-27 00:00:00+00:00,q90,development,DK1
0.021381311339118927,0.015594438908452982,0.027981233786227938,0.021882496067039302,24,0,0.0089417628045174516,2023-04-28 00:00:00+00:00,q90,development,DK1
6.4959364857333197e-07,7.8328799957527891e-07,7.8093266586359564e-06,7.3694983545699974e-06,24,0,2.959716331240239e-08,2023-04-29 00:00:00+00:00,q90,development,DK1
1.8934708859539809e-06,2.0757786529915602e-06,1.0700379892610624e-05,1.1187922575734364e-05,24,0,1.9456097768247381e-07,2023-04-30 00:00:00+00:00,q90,development,DK1
1.8041085306358988e-05,1.8054229915563327e-05,0.00021486855930648817,0.00020569061707652843,24,0,3.9097566790085198e-06,2023-05-01 00:00:00+00:00,q90,development,DK1
0.00015224341182808741,0.0001854040415964614,0.00032991006575500663,0.00039057269230979608,24,0,1.7863242612004706e-05,2023-05-02 00:00:00+00:00,q90,development,DK1
0.99889299601587767,0.99885145789071506,0.98955963031435168,0.99040023553887291,24,1,0.99366532155739751,2023-05-03 00:00:00+00:00,q90,development,DK1
0.014652007324236544,0.0098099940481796918,0.01759801962242101,0.013112020285342941,24,0,0.0077015672173168237,2023-05-04 00:00:00+00:00,q90,development,DK1
1.9890577130690676e-09,2.4608946128755021e-09,2.8544216084607259e-08,3.1897551861258473e-08,24,0,8.2348846277625205e-11,2023-05-05 00:00:00+00:00,q90,development,DK1
1.9798504150859844e-12,3.5459219706259245e-12,8.2576270335238576e-11,1.0000824400818342e-10,24,0,1.7439954313656307e-16,2023-05-06 00:00:00+00:00,q90,development,DK1
3.3867857874384883e-06,4.2022588188369879e-06,2.7565048108108491e-05,3.1340802004277302e-05,24,0,6.9567262566330809e-08,2023-05-07 00:00:00+00:00,q90,development,DK1
0.00048720904190011917,0.00053029488883341242,0.0016311151603350875,0.0017247076733971089,24,0,5.5382185296138953e-05,2023-05-08 00:00:00+00:00,q90,development,DK1
0.017403629119110527,0.013959365096645551,0.021641934653052256,0.017949537499978557,24,0,0.0097170549119072261,2023-05-09 00:00:00+00:00,q90,development,DK1
0.13686001011081811,0.10904337936135292,0.13475414320960377,0.1087743978085831,24,0,0.086943792903209666,2023-05-10 00:00:00+00:00,q90,development,DK1
3.4737307435663776,4.3883806266066703,3.4809173416468502,4.4524646061337059,24,13,3.4324940972559657,2023-05-11 00:00:00+00:00,q90,development,DK1
0.058160911570609063,0.038228980555573604,0.055396913752625392,0.038260542917374615,24,0,0.032605561190522096,2023-05-12 00:00:00+00:00,q90,development,DK1
2.4058254660634046e-07,1.837854851733749e-07,2.1050329472864652e-06,2.3553862616162787e-06,24,0,4.0790634396440411e-08,2023-05-13 00:00:00+00:00,q90,development,DK1
0.0049752004440984082,0.0014041320613940643,0.0063079907040993052,0.0019707936510081074,24,0,0.0019818752916352872,2023-05-14 00:00:00+00:00,q90,development,DK1
0.073822330252656096,0.036438766204734414,0.073691000897995268,0.039516689459460012,24,0,0.044423770006322819,2023-05-15 00:00:00+00:00,q90,development,DK1
0.00030303188035704154,0.00029007982012978608,0.00076949080011758813,0.00068385596962255643,24,0,2.2039923839857719e-05,2023-05-16 00:00:00+00:00,q90,development,DK1
0.00018084230903818454,0.00022756695716465798,0.00051264075697756643,0.00063552172861288032,24,0,7.865307553458009e-06,2023-05-17 00:00:00+00:00,q90,development,DK1
0.0061788673754757939,0.0043609998699458991,0.0072364871934042525,0.0063381956395546293,24,0,0.0038547724557371119,2023-05-18 00:00:00+00:00,q90,development,DK1
0.0038290896011538064,0.0027542005099232846,0.0033706413255702849,0.0032495163628966884,24,0,0.0025404714916728442,2023-05-19 00:00:00+00:00,q90,development,DK1
1.8354850334653011e-09,4.1298903877977362e-09,7.0528904904770807e-08,2.2562453444882633e-07,24,0,6.6879810068943459e-10,2023-05-20 00:00:00+00:00,q90,development,DK1
2.0003708470745414e-08,3.1481405123743946e-08,1.1620235717449093e-06,2.1402259224498305e-06,24,0,3.3356445871191684e-09,2023-05-21 00:00:00+00:00,q90,development,DK1
1.6042804302870686e-07,9.9926888960013639e-08,4.550511539169938e-06,3.1987948377259788e-06,24,0,3.4608558160965496e-08,2023-05-22 00:00:00+00:00,q90,development,DK1
4.1416876339286613e-07,4.7916247258792136e-07,1.1910923452160417e-05,1.1994546444158771e-05,24,0,7.9135578018555215e-08,2023-05-23 00:00:00+00:00,q90,development,DK1
0.0042382815396962582,0.0041893602072027945,0.0057343859624678162,0.0055337211806543969,24,0,0.0012728684821345679,2023-05-24 00:00:00+00:00,q90,development,DK1
0.00019927638596868631,0.00028087670697685032,0.0003849938518040723,0.00053131200439954706,24,0,2.1231886942709494e-05,2023-05-25 00:00:00+00:00,q90,development,DK1
1.4844195854880443e-09,1.5895505999318946e-09,4.9286381556300374e-07,2.7601075292396775e-07,24,0,6.2280737392328333e-10,2023-05-26 00:00:00+00:00,q90,development,DK1
6.3415860106262669e-10,1.966473200960232e-10,1.9055312293269502e-07,1.0452562997278893e-07,24,0,8.0380197411312679e-11,2023-05-27 00:00:00+00:00,q90,development,DK1
1.1914481119439073e-14,1.162354763919655e-16,3.413086782378804e-10,1.3372599833119633e-11,24,0,4.5036025725484919e-16,2023-05-28 00:00:00+00:00,q90,development,DK1
3.5112894691625813e-11,5.7324609838454475e-12,7.8505807408027738e-08,2.9231851983424352e-08,24,0,1.5493600954043277e-11,2023-05-29 00:00:00+00:00,q90,development,DK1
0.00026992395547593159,0.00010139171995134627,0.00069101318765997445,0.00034467898569968069,24,0,0.0002201112161947715,2023-05-30 00:00:00+00:00,q90,development,DK1
5.848318518302331e-08,6.9135267928355713e-08,9.4221648150260862e-07,1.2820393752862344e-06,24,0,5.6437796691403316e-08,2023-05-31 00:00:00+00:00,q90,development,DK1
1.6060609096128079e-07,4.1607060264348874e-08,5.1740626721417809e-06,2.4409223236045871e-06,24,0,9.7287273515480429e-08,2023-06-01 00:00:00+00:00,q90,development,DK1
0.00016962627751177851,7.0415033019844979e-05,0.00021224674859439128,9.6668833247040217e-05,24,0,0.00016405699597728758,2023-06-02 00:00:00+00:00,q90,development,DK1
3.89720237830179e-08,1.0730326390742213e-08,1.1549218610211762e-06,4.8012757071881421e-07,24,0,1.103250191032983e-08,2023-06-03 00:00:00+00:00,q90,development,DK1
0.015459983504181115,0.0028096834128296597,0.01584486579732898,0.0030757728886422826,24,0,0.010210265553922702,2023-06-04 00:00:00+00:00,q90,development,DK1
0.0034336289279887824,0.00073374446251903505,0.005899492171081544,0.0018584096493083635,24,0,0.0016100602403954778,2023-06-05 00:00:00+00:00,q90,development,DK1
0.00030988760386942653,0.00021565398473090289,0.00074244142046056268,0.00063923825533765931,24,0,9.5935184742608658e-05,2023-06-06 00:00:00+00:00,q90,development,DK1
0.0011912846252947874,0.00041403475893760008,0.0021718985143090422,0.0011700189182768702,24,0,0.00063198590652190285,2023-06-07 00:00:00+00:00,q90,development,DK1
0.00061132593024411418,0.00017488745644428838,0.0015087112150172848,0.00059229262438349577,24,0,0.00035059800706691935,2023-06-08 00:00:00+00:00,q90,development,DK1
0.0027701447855133904,0.0011272473108913316,0.0048883738785325676,0.0025554238252981304,24,0,0.0023210282218762749,2023-06-09 00:00:00+00:00,q90,development,DK1
3.9863893018593513e-08,2.4118280337817774e-08,2.1812146533318782e-06,1.2239533712865248e-06,24,0,3.6188213786035211e-08,2023-06-10 00:00:00+00:00,q90,development,DK1
1.8014364564122789e-09,2.1548678522178112e-09,9.1084642798196274e-07,1.1227157113130854e-06,24,0,1.6903951157104341e-09,2023-06-11 00:00:00+00:00,q90,development,DK1
0.002474102128018942,0.0018861717950135267,0.0031233173401387306,0.0027823265393633438,24,0,0.0039832073688013808,2023-06-12 00:00:00+00:00,q90,development,DK1
0.0051024833323840869,0.0049858949593613285,0.0042499704552435482,0.0047723700672670484,24,0,0.005541776887027487,2023-06-13 00:00:00+00:00,q90,development,DK1
0.18932781207639066,0.11698822927738875,0.17483457110617426,0.1057574417365871,24,0,0.20985286958378929,2023-06-14 00:00:00+00:00,q90,development,DK1
0.86649798683660206,0.48474222693478847,0.87601770652614008,0.49648912176573051,24,0,0.78278999989462972,2023-06-15 00:00:00+00:00,q90,development,DK1
1.0604342771328605,0.64056851092271339,1.0847175529740849,0.65606956878581246,24,0,1.0663665897704004,2023-06-16 00:00:00+00:00,q90,development,DK1
0.087720614482860532,0.072217649761875571,0.086635137110780316,0.071761706083652829,24,0,0.070106382186380725,2023-06-17 00:00:00+00:00,q90,development,DK1
0.0044326517417489801,0.0010444561566005455,0.0056053182641249292,0.0015593004736094657,24,0,0.002137553856919926,2023-06-18 00:00:00+00:00,q90,development,DK1
0.4114436073296508,0.21868349894899516,0.41453383766053636,0.22218224365230713,24,0,0.3335982364377964,2023-06-19 00:00:00+00:00,q90,development,DK1
0.77715807703550277,0.41449391503007404,0.77297672322218591,0.41546373642170226,24,0,0.61447112124244607,2023-06-20 00:00:00+00:00,q90,development,DK1
1.3559013267793341,0.94995449832188894,1.3359537767068159,0.93425150276439684,24,0,1.2087880183203918,2023-06-21 00:00:00+00:00,q90,development,DK1
0.18371652814926115,0.12481392427376008,0.18392995047443514,0.13481194876494601,24,0,0.16113272928295932,2023-06-22 00:00:00+00:00,q90,development,DK1
0.00014065428709929923,0.0001491062466346408,0.00041069838530654603,0.00039239460168217941,24,0,3.1345691162410838e-05,2023-06-23 00:00:00+00:00,q90,development,DK1
1.9138615252961109e-05,6.4452112858094957e-06,0.00012433678888882691,5.17839843344522e-05,24,0,1.3537796982527135e-06,2023-06-24 00:00:00+00:00,q90,development,DK1
0.0023465523599092751,0.00084233751856311234,0.0036729878054899572,0.0018055495259529646,24,0,0.00091559722868043405,2023-06-25 00:00:00+00:00,q90,development,DK1
9.0296552727585588e-05,2.9139373003479947e-05,0.00038968600236324738,0.00023343510510438851,24,0,7.9038452255331557e-05,2023-06-26 00:00:00+00:00,q90,development,DK1
2.7794836623577357e-05,3.2636967015301924e-05,7.9969075107216974e-05,7.546253849957893e-05,24,0,3.5480562533017826e-06,2023-06-27 00:00:00+00:00,q90,development,DK1
0.97107636358579019,0.62485034421660934,0.98267253246755815,0.63640937995336333,24,0,0.91588680192994798,2023-06-28 00:00:00+00:00,q90,development,DK1
0.87347739188939133,0.85545976256965339,0.8826940076338694,0.8669842861151752,24,1,0.83674534784463162,2023-06-29 00:00:00+00:00,q90,development,DK1
0.00055440071409643924,0.0011601348108979299,0.00054878021918547144,0.0011075655040833604,24,0,0.00025775723213590631,2023-06-30 00:00:00+00:00,q90,development,DK1
2.4550233470271316e-06,1.2318321780660447e-06,2.3883732761159647e-05,1.540187979663481e-05,24,0,6.9933807460454493e-08,2023-07-01 00:00:00+00:00,q90,development,DK1
2.0678119461127658e-18,7.7495768752903781e-18,6.8239211629900603e-14,4.9001807060713458e-14,24,0,1.4055073402819666e-21,2023-07-02 00:00:00+00:00,q90,development,DK1
6.0520250034961471e-12,1.127796174619257e-11,3.7729911936707272e-09,2.6832288017481851e-09,24,0,2.305935276299062e-13,2023-07-03 00:00:00+00:00,q90,development,DK1
0.084766957290894326,0.092808005021240106,0.085167181044371085,0.093242325982876448,24,0,0.060784194442589833,2023-07-04 00:00:00+00:00,q90,development,DK1
0.01143813372164397,0.0087926661073975503,0.012232703168002233,0.0094003513012195158,24,0,0.0083133266049675424,2023-07-05 00:00:00+00:00,q90,development,DK1
0.71371980902091237,0.74870521801495682,0.68103984397653805,0.71532589418892989,24,3,0.6640945760181538,2023-07-06 00:00:00+00:00,q90,development,DK1
0.85189065308016698,0.54870487638318732,0.8364479453279704,0.53633766185950194,24,0,0.80598292069865163,2023-07-07 00:00:00+00:00,q90,development,DK1
0.030886261006352424,0.018109116367598363,0.029674060125890245,0.017594429369485385,24,0,0.035653259401157988,2023-07-08 00:00:00+00:00,q90,development,DK1
0.068619241291702965,0.036738893678099779,0.074435267855455997,0.043126540736216822,24,0,0.047774059715301256,2023-07-09 00:00:00+00:00,q90,development,DK1
1.9862130695797504,2.1034528913134927,1.9983967421088431,2.1160676320796297,24,6,2.0226590231153891,2023-07-10 00:00:00+00:00,q90,development,DK1
0.73721044683251102,0.47554442801578167,0.74248156951968114,0.48454194292572561,24,0,0.58813013324528007,2023-07-11 00:00:00+00:00,q90,development,DK1
0.0054009938601830175,0.0048238683401063201,0.010167572824182902,0.0094820724069711124,24,0,0.0031842136139855126,2023-07-12 00:00:00+00:00,q90,development,DK1
3.3160282970655919,3.3129323640208694,3.3167759563624908,3.3123534009644691,24,4,3.5041261652268769,2023-07-13 00:00:00+00:00,q90,development,DK1
1.9454009959770082,1.9418649013594924,1.9182820349269945,1.9052111414553572,24,2,1.9660302148161899,2023-07-14 00:00:00+00:00,q90,development,DK1
6.1930782790844875e-10,1.0306135240119089e-09,8.8942231937810826e-08,1.9176988780996095e-07,24,0,1.973692755089078e-11,2023-07-15 00:00:00+00:00,q90,development,DK1
2.3808742717011382e-06,2.8313233531704194e-06,1.5547283928014968e-05,1.4789176265357643e-05,24,0,1.6070370886351979e-07,2023-07-16 00:00:00+00:00,q90,development,DK1
0.057607637840425482,0.056663960008864603,0.052167348664534922,0.051212827262715414,24,0,0.047034988894877283,2023-07-17 00:00:00+00:00,q90,development,DK1
2.0204089383622019,2.1398384677879863,2.0392459083215653,2.1641683136799235,24,6,2.0752459255100231,2023-07-18 00:00:00+00:00,q90,development,DK1
2.1002558824500848,2.245195336730978,2.1655561072403162,2.3271964989263751,24,4,2.1166472678028208,2023-07-19 00:00:00+00:00,q90,development,DK1
2.5111817020688316,2.5128647053775639,2.5280508214334851,2.5292126854114891,24,4,2.686964831909044,2023-07-20 00:00:00+00:00,q90,development,DK1
1.8062205513129965,1.8260442318519987,1.8136693514718147,1.8315090087147941,24,5,1.887874917671279,2023-07-21 00:00:00+00:00,q90,development,DK1
1.1488312019675538e-08,1.4366576067434853e-08,1.8049195047712662e-06,2.1208395807666467e-06,24,0,9.5242760564651338e-09,2023-07-22 00:00:00+00:00,q90,development,DK1
0.00022362048170069697,0.00017952292939785167,0.00061555486589622379,0.00057671238533275079,24,0,0.00012532096635659758,2023-07-23 00:00:00+00:00,q90,development,DK1
0.0030700175714757517,0.0036683186950269763,0.0058260860748090299,0.0063430331326239861,24,0,0.00078955447291602951,2023-07-24 00:00:00+00:00,q90,development,DK1
0.017059110074126117,0.021649897438301736,0.021439310447911256,0.026597112848158487,24,0,0.004619724304966647,2023-07-25 00:00:00+00:00,q90,development,DK1
0.0042384843447409257,0.005114009116679967,0.0035007072787726482,0.0042519427317392298,24,0,0.0020671288460074899,2023-07-26 00:00:00+00:00,q90,development,DK1
0.097315043104995488,0.061326648923287833,0.095450871843303975,0.063098843255948722,24,0,0.086100506161555415,2023-07-27 00:00:00+00:00,q90,development,DK1
0.16437728857882619,0.092521353448591442,0.16396353419162735,0.09510181423989196,24,0,0.1702658155346668,2023-07-28 00:00:00+00:00,q90,development,DK1
8.9436677727948308e-05,3.7024024554875416e-05,0.0002915061295810125,0.00015093054772364483,24,0,5.9192423150413328e-05,2023-07-29 00:00:00+00:00,q90,development,DK1
2.4677425478149047e-14,7.5614286120865447e-14,4.8794247114772077e-10,8.6393271498919612e-10,24,0,4.5620684101185132e-16,2023-07-30 00:00:00+00:00,q90,development,DK1
0.0022300209354549189,0.0026146471993894311,0.0022466979696225838,0.0028871663179021573,24,0,0.0020214504318194827,2023-07-31 00:00:00+00:00,q90,development,DK1
0.0044918072812589254,0.0038820343461816965,0.0069854585480571135,0.007327746694226576,24,0,0.003228773116123654,2023-08-01 00:00:00+00:00,q90,development,DK1
0.00047288953117697333,0.00032616901519615056,0.0011104864984229918,0.00094283077411160432,24,0,0.00023982067413588819,2023-08-02 00:00:00+00:00,q90,development,DK1
4.2009145346800788e-06,6.2109172623343919e-06,3.0598267982180345e-05,4.2098640941782547e-05,24,0,1.2551885755372391e-06,2023-08-03 00:00:00+00:00,q90,development,DK1
0.006530815748709928,0.0088326217671638504,0.0095853281043431268,0.012540647019031707,24,0,0.0025195917077354057,2023-08-04 00:00:00+00:00,q90,development,DK1
0.00051059922055937386,0.00034703126155452368,0.0014591695106674365,0.0010106965466082781,24,0,0.00015398472699862468,2023-08-05 00:00:00+00:00,q90,development,DK1
7.3653260684166855e-07,3.3474743359972051e-07,2.6578669810139952e-05,1.4614741705257082e-05,24,0,2.3160085395243525e-07,2023-08-06 00:00:00+00:00,q90,development,DK1
5.350391551920696e-07,2.5179024309080065e-07,4.9672644714879031e-06,2.2875188980182233e-06,24,0,4.098289443699644e-07,2023-08-07 00:00:00+00:00,q90,development,DK1
5.7741837120595343e-07,8.5996577373922731e-07,6.4962359122013202e-07,7.0840638932676335e-07,24,0,1.1489573820481885e-07,2023-08-08 00:00:00+00:00,q90,development,DK1
0.36522526672521977,0.36813295092011333,0.35675358542624364,0.35928818199904511,24,0,0.27693968086832549,2023-08-09 00:00:00+00:00,q90,development,DK1
1.0357120959463497,1.0001355829086527,1.0319447233888901,0.9957676663740338,24,1,0.78775997757491245,2023-08-10 00:00:00+00:00,q90,development,DK1
0.25011071697056209,0.13256957329398916,0.24421749266050438,0.12789091182414147,24,0,0.1894843332095047,2023-08-11 00:00:00+00:00,q90,development,DK1
5.2695094327953566e-05,7.0105799862715362e-05,0.00021683822931790216,0.00028347070932697175,24,0,1.9477144412965239e-05,2023-08-12 00:00:00+00:00,q90,development,DK1
0.036530823495200967,0.021051871714457975,0.039263376811969529,0.023916844876964036,24,0,0.015318915671763342,2023-08-13 00:00:00+00:00,q90,development,DK1
1.0851728379628578,0.99748599254198511,1.1037559785420477,1.0183357623971061,24,1,1.020991015745683,2023-08-14 00:00:00+00:00,q90,development,DK1
0.50971798345881347,0.45249042908364856,0.52628380153887655,0.46930908061022636,24,0,0.29248467102561609,2023-08-15 00:00:00+00:00,q90,development,DK1
0.85431232396711487,0.64147217766520681,0.84847211525575705,0.64309081338829954,24,0,0.51013020349922211,2023-08-16 00:00:00+00:00,q90,development,DK1
1.7327086664873912,1.6931298916733799,1.7615874348918417,1.7249343068187644,24,2,1.6202669373686702,2023-08-17 00:00:00+00:00,q90,development,DK1
0.04696521294799199,0.042005890722971208,0.043171795701591749,0.0381119287729954,24,0,0.032447886506353225,2023-08-18 00:00:00+00:00,q90,development,DK1
0.0033438920486502217,0.0027253463231698386,0.0031615494275650316,0.0029344146917056522,24,0,0.0027418052399637519,2023-08-19 00:00:00+00:00,q90,development,DK1
0.30511018154349767,0.21392394960339067,0.30319124920967377,0.21306641747687938,24,0,0.21555221003039393,2023-08-20 00:00:00+00:00,q90,development,DK1
2.8683317907574266,3.2564245871650543,2.8671070245395378,3.2741555409479792,24,8,3.1344760892331069,2023-08-21 00:00:00+00:00,q90,development,DK1
5.4360353596076862,6.2712310022624793,5.4349660464771139,6.2811401437554091,24,14,6.2514472990231971,2023-08-22 00:00:00+00:00,q90,development,DK1
4.912290004320468,5.6060596185213463,4.8924433871018209,5.5804003244855949,24,14,5.6513316342158451,2023-08-23 00:00:00+00:00,q90,development,DK1
0,0,0,0,0,0,0,2023-08-24 00:00:00+00:00,q90,development,DK1
0,0,0,0,0,0,0,2023-08-25 00:00:00+00:00,q90,development,DK1
7.6113992701916093e-05,7.0518912803478682e-05,0.00026666216160520521,0.00026145444740929998,24,0,4.8121580725919911e-06,2023-08-26 00:00:00+00:00,q90,development,DK1
0.024649400838002329,0.014592570660558557,0.028926755992182796,0.017753086208160768,24,0,0.0099283245810977173,2023-08-27 00:00:00+00:00,q90,development,DK1
0.0904116041079501,0.10851327561593894,0.073419488298265417,0.090656814802670044,24,0,0.061315961845192266,2023-08-28 00:00:00+00:00,q90,development,DK1
5.9540634317672101,5.7744458614886165,5.9656900042694083,5.7554101791161756,24,8,6.2988849142794603,2023-08-29 00:00:00+00:00,q90,development,DK1
2.4815174596298522,2.5232838535040076,2.5446044480194905,2.6099034554514766,24,3,2.3349141751418547,2023-08-30 00:00:00+00:00,q90,development,DK1
0,0,0,0,0,0,0,2023-08-31 00:00:00+00:00,q90,development,DK1
0,0,0,0,0,0,0,2023-09-01 00:00:00+00:00,q90,development,DK1
0.0017302089672399492,0.0024918143537964858,0.0027725900175240557,0.003818063593313565,24,0,0.00020914137664653328,2023-09-02 00:00:00+00:00,q90,development,DK1
0.011806338461124099,0.018501265928971087,0.011953314561995334,0.018751446836884799,24,0,0.004303845783815965,2023-09-03 00:00:00+00:00,q90,development,DK1
0.15494535696622042,0.13575654853314381,0.17022211198559126,0.15196334543073406,24,0,0.13923549367706337,2023-09-04 00:00:00+00:00,q90,development,DK1
2.8093924358680162,2.6034927120700151,2.8497368337899411,2.6356870667606711,24,3,2.9901922852061533,2023-09-05 00:00:00+00:00,q90,development,DK1
3.9112445938427376,3.8852564936743321,3.9088214937894734,3.8773832216844366,24,6,3.8637684801926975,2023-09-06 00:00:00+00:00,q90,development,DK1
1.6358584931286879,1.2688346654961633,1.6046391781409783,1.2277189327618785,24,0,1.7653156560783743,2023-09-07 00:00:00+00:00,q90,development,DK1
2.0899124081184364,2.0110862581662543,2.0457679686354369,1.9667908758340555,24,3,2.179794686911368,2023-09-08 00:00:00+00:00,q90,development,DK1
1.0009072100001299,0.99613815371496151,0.9942539714747215,0.98986990850157586,24,1,1.0114945574093057,2023-09-09 00:00:00+00:00,q90,development,DK1
0.40518678528549984,0.33775425055963548,0.40866251219648364,0.34079492814176637,24,0,0.34515477212724288,2023-09-10 00:00:00+00:00,q90,development,DK1
4.0083395075399588,4.1311597117739876,4.0193552387377434,4.144889103733763,24,10,4.2843587318326701,2023-09-11 00:00:00+00:00,q90,development,DK1
5.4479437094176175,5.3298898547164804,5.4517911187241479,5.3011679478757223,24,12,5.8332111965237887,2023-09-12 00:00:00+00:00,q90,development,DK1
0.82373675188842344,0.90178909441177924,0.79277319551388559,0.86862135644873195,24,2,0.76322609054178558,2023-09-13 00:00:00+00:00,q90,development,DK1
4.506925112310177,4.4250323374594531,4.5015203370933383,4.4110103163879675,24,12,4.4797890193133227,2023-09-14 00:00:00+00:00,q90,development,DK1
0.59200332945301581,0.60094685625400401,0.58248263330351802,0.59073330951603042,24,0,0.44803755698996056,2023-09-15 00:00:00+00:00,q90,development,DK1
0.0012586423001901676,0.0029843551701490517,0.0028408821372878398,0.0057833841185286859,24,0,0.00033842297285779888,2023-09-16 00:00:00+00:00,q90,development,DK1
2.0632903739395461e-05,3.8969310275414972e-05,5.992392838095725e-05,8.463307359292261e-05,24,0,3.8570760812075585e-06,2023-09-17 00:00:00+00:00,q90,development,DK1
6.7595044676102542e-07,1.3245763913166645e-06,1.7998060070937627e-05,2.8064122932583486e-05,24,0,3.9963207588023892e-08,2023-09-18 00:00:00+00:00,q90,development,DK1
8.5851290428460063e-10,5.8715834009353843e-10,5.3062580781437288e-08,1.4832838856693136e-08,24,0,2.3069065665175956e-11,2023-09-19 00:00:00+00:00,q90,development,DK1
4.0438759080269216e-09,1.3188894018226219e-08,1.8430539805447115e-07,2.8424211785809892e-07,24,0,1.3861058203845763e-10,2023-09-20 00:00:00+00:00,q90,development,DK1
0.8009027539001321,0.79454441739794746,0.81351126436305088,0.80767681568669569,24,1,0.73375742978863279,2023-09-21 00:00:00+00:00,q90,development,DK1
0.070472534915922341,0.062984010073950381,0.081742064276456097,0.07533065801524845,24,0,0.031429661050494904,2023-09-22 00:00:00+00:00,q90,development,DK1
2.6372604207508948e-06,5.7200092549316373e-06,2.8814686228551097e-05,6.552326185925817e-05,24,0,4.3806429833266527e-07,2023-09-23 00:00:00+00:00,q90,development,DK1
2.4437615480544942e-08,7.3048854367683272e-08,1.3464912460034276e-07,2.2512011840881579e-07,24,0,1.2682720747571445e-10,2023-09-24 00:00:00+00:00,q90,development,DK1
0,0,0,0,0,0,0,2023-09-25 00:00:00+00:00,q90,development,DK1
3.8335276064838668,3.6527988640030418,3.8864410129815754,3.6888024032743481,24,5,3.7815822101450371,2023-09-26 00:00:00+00:00,q90,development,DK1
2.0721305298796389,2.2176598812106172,2.0277137006172357,2.1822929585967423,24,3,2.0020064877037389,2023-09-27 00:00:00+00:00,q90,development,DK1
0.52383523851562053,0.46158382777079476,0.51533482665577612,0.4507498364455379,24,0,0.39045007543680282,2023-09-28 00:00:00+00:00,q90,development,DK1
0.0003631194344518313,0.00029914533628375942,0.001003303435574941,0.00092574568642508123,24,0,9.8743993401876546e-05,2023-09-29 00:00:00+00:00,q90,development,DK1
3.7587686975069803e-06,4.7203126086502616e-06,6.0828876683429149e-06,6.6600254333319598e-06,24,0,2.9321401155441478e-07,2023-09-30 00:00:00+00:00,q90,development,DK1
0.00016203809714590868,0.00069054277272857518,0.0004418266429137449,0.0015109139770691242,24,0,3.1136791959564641e-05,2023-10-01 00:00:00+00:00,q90,development,DK1
0,0,0,0,0,0,0,2023-10-02 00:00:00+00:00,q90,development,DK1
7.4418188358771035e-07,3.0291904628661806e-06,6.1474323231566709e-06,1.4803933793861976e-05,24,0,1.9562181584520568e-07,2023-10-03 00:00:00+00:00,q90,development,DK1
1.6916462464216952e-06,4.2117363383209367e-06,6.9266964587633552e-06,1.6066345727245326e-05,24,0,3.277123122601012e-07,2023-10-04 00:00:00+00:00,q90,development,DK1
0.91556282958764168,0.91819788679695225,0.9128825367793254,0.90660871170136215,24,1,0.90871304827704813,2023-10-05 00:00:00+00:00,q90,development,DK1
7.3276042650693898e-05,0.0001584792014562882,0.00019204559728435157,0.00038077455837948112,24,0,1.8719827576959427e-05,2023-10-06 00:00:00+00:00,q90,development,DK1
8.9497193154068235e-08,4.9434313119895093e-07,1.8891425618131042e-06,3.9133058724881472e-06,24,0,1.7608062796887942e-09,2023-10-07 00:00:00+00:00,q90,development,DK1
0.030430781613756834,0.076076841383295943,0.032297885159951072,0.077457670926857444,24,0,0.015348774462358956,2023-10-08 00:00:00+00:00,q90,development,DK1
5.2266117157598426,5.0693434606594066,5.28348147950223,5.1048963670656464,24,7,5.3025201426962845,2023-10-09 00:00:00+00:00,q90,development,DK1
1.2876298757282227,1.445482365208999,1.2885053412693184,1.443369593979142,24,2,1.2656263248402162,2023-10-10 00:00:00+00:00,q90,development,DK1
4.9886538660907417e-08,2.2939194676074958e-07,1.8760557684414206e-06,5.4772045365972169e-06,24,0,4.499893178458223e-09,2023-10-11 00:00:00+00:00,q90,development,DK1
0.0055785897637840968,0.010623211506012491,0.0067256370134368623,0.011313444319489335,24,0,0.0019384470221049596,2023-10-12 00:00:00+00:00,q90,development,DK1
2.4619257557255061e-08,2.5417514041050448e-07,5.6294902957844909e-07,2.0456598575383268e-06,24,0,9.5250769294398225e-11,2023-10-13 00:00:00+00:00,q90,development,DK1
7.6126046257162994e-16,7.7326811625499052e-15,9.8735068726534952e-12,4.2310559599644306e-11,24,0,7.0921455115600556e-16,2023-10-14 00:00:00+00:00,q90,development,DK1
2.0024905267004368e-07,6.9697860614172212e-07,4.0891689496490213e-07,1.3251730744408451e-06,24,0,2.7024551781882472e-09,2023-10-15 00:00:00+00:00,q90,development,DK1
0.037356283824460865,0.079970121967056593,0.042260269449110259,0.08667770292918936,24,0,0.007750454311466916,2023-10-16 00:00:00+00:00,q90,development,DK1
0.030141752256512108,0.067236556239186271,0.037353323227950194,0.076907190496742661,24,0,0.0089270326030590364,2023-10-17 00:00:00+00:00,q90,development,DK1
0.11045506412740147,0.20743428415579848,0.10565252830212014,0.20146209608352281,24,0,0.10199791734757008,2023-10-18 00:00:00+00:00,q90,development,DK1
3.0104907464520218e-08,1.1134048454951101e-07,3.8544967038138603e-07,1.0211140248470218e-06,24,0,6.0123978290295204e-09,2023-10-19 00:00:00+00:00,q90,development,DK1
7.4516047050058964e-07,2.7461597236810477e-06,1.9800221148118606e-05,4.884867317428751e-05,24,0,2.9851250038843337e-08,2023-10-20 00:00:00+00:00,q90,development,DK1
4.8382831375423995e-12,3.1722967051766489e-11,1.503011323352389e-09,5.9275118723784782e-09,24,0,4.1493414642906799e-16,2023-10-21 00:00:00+00:00,q90,development,DK1
5.1853874428305044e-08,2.2786441333643574e-07,1.7013545276460746e-06,4.4440375548616915e-06,24,0,4.6060950331049264e-10,2023-10-22 00:00:00+00:00,q90,development,DK1
2.9967626005581831,2.8674295800634355,3.0130335135444803,2.8712520236099079,24,4,2.9489675807257503,2023-10-23 00:00:00+00:00,q90,development,DK1
8.1709815461146383e-06,2.3488079980027229e-05,3.2910949592007459e-05,8.0103999353765406e-05,24,0,2.6891826311636195e-07,2023-10-24 00:00:00+00:00,q90,development,DK1
0.04278060012742084,0.06695844964986368,0.037440991215011855,0.059669323911930604,24,0,0.024551053333550774,2023-10-25 00:00:00+00:00,q90,development,DK1
0.011372336618765433,0.016973622951857135,0.0093435231514281038,0.014156935089109932,24,0,0.0038774767752537916,2023-10-26 00:00:00+00:00,q90,development,DK1
0.0068734473209506874,0.011771531326538904,0.0073080354851374815,0.012585623751218239,24,0,0.002498740732898672,2023-10-27 00:00:00+00:00,q90,development,DK1
4.2886029823969021e-09,2.3600484588906507e-08,3.6278882880962657e-08,1.5928159456885784e-07,24,0,6.6535059621198952e-12,2023-10-28 00:00:00+00:00,q90,development,DK1
0,0,0,0,0,0,0,2023-10-29 00:00:00+00:00,q90,development,DK1
0.038827337144452828,0.099434346052717087,0.047048425036908155,0.10899526598246502,24,0,0.014197157769001217,2023-10-30 00:00:00+00:00,q90,development,DK1
0.0032587078426842605,0.0066592984421234049,0.004605469678655558,0.0081361102462485357,24,0,0.0010105718310266737,2023-10-31 00:00:00+00:00,q90,development,DK1
3.9243872834621281e-05,0.000114012115124795,3.633448013416159e-05,9.9278931202450592e-05,24,0,1.0560591326520626e-05,2023-11-01 00:00:00+00:00,q90,development,DK1
5.1025656135982808e-08,2.5519349998285948e-07,2.7920529918619506e-06,8.2899045306778874e-06,24,0,2.6511699065338112e-09,2023-11-02 00:00:00+00:00,q90,development,DK1
5.9881423629185035e-06,2.1947191203726448e-05,1.4501258813389147e-05,4.2824728642080254e-05,24,0,6.1182360620708197e-07,2023-11-03 00:00:00+00:00,q90,development,DK1
6.9704697582339596e-18,5.4351976770789586e-16,1.2833350072084055e-17,9.8168968822173776e-16,24,0,5.7671265634472014e-21,2023-11-04 00:00:00+00:00,q90,development,DK1
7.1578052524189429e-15,1.9384278662280624e-13,4.7497280753158586e-15,1.3012251869155244e-13,24,0,1.8532009552734622e-15,2023-11-05 00:00:00+00:00,q90,development,DK1
3.4636565766109515e-07,2.2891939043471272e-06,6.9212819626910312e-07,3.6869006875382779e-06,24,0,5.5985972267696306e-08,2023-11-06 00:00:00+00:00,q90,development,DK1
0.00081947885199898157,0.0020041144522189125,0.0011508450270455422,0.0023870782320777359,24,0,0.0002873596992417042,2023-11-07 00:00:00+00:00,q90,development,DK1
1.859776468181286e-06,9.9136158142850853e-06,4.1336415266915327e-06,1.769194052240597e-05,24,0,4.3181438557745965e-07,2023-11-08 00:00:00+00:00,q90,development,DK1
0.0029290368454227131,0.0053284905302355152,0.0028548652771992612,0.0052377079727039411,24,0,0.0029064322272239502,2023-11-09 00:00:00+00:00,q90,development,DK1
0.00025703610824227916,0.00075809957985870622,0.00044241926687111862,0.0010853026533034986,24,0,5.8468580696567312e-05,2023-11-10 00:00:00+00:00,q90,development,DK1
0.00097459771722265421,0.0012565836161117483,0.00069393275378263751,0.00083333568905385276,24,0,0.00059002356451726406,2023-11-11 00:00:00+00:00,q90,development,DK1
0,0,0,0,0,0,0,2023-11-12 00:00:00+00:00,q90,development,DK1
0.014753171613806793,0.026961205935725686,0.012845890726496303,0.023955166750781302,24,0,0.008990113214567429,2023-11-13 00:00:00+00:00,q90,development,DK1
1.2118153950626911e-05,6.7147597495457054e-05,2.2958853468454895e-05,9.7300422235526091e-05,24,0,1.881524445827996e-06,2023-11-14 00:00:00+00:00,q90,development,DK1
0.001059768759165814,0.0031079230793497003,0.0013303529166544975,0.0033592201859934715,24,0,0.00065276098584002556,2023-11-15 00:00:00+00:00,q90,development,DK1
0.059484244590549573,0.11217147585783817,0.061535042175139283,0.11480695596943508,24,0,0.019634958990298823,2023-11-16 00:00:00+00:00,q90,development,DK1
7.7943889751089337,6.8040947742906317,7.9328000648325734,6.8768446201037987,24,14,7.8281940933404943,2023-11-17 00:00:00+00:00,q90,development,DK1
1.9260644304205163,1.8774616377533091,1.9278167704622338,1.8785268903068815,24,2,1.9275522184821707,2023-11-18 00:00:00+00:00,q90,development,DK1
0,0,0,0,0,0,0,2023-11-19 00:00:00+00:00,q90,development,DK1
0.0033710486915864467,0.0079459171564647095,0.0055141069685606982,0.01128375586748236,24,0,0.00052768843895835101,2023-11-20 00:00:00+00:00,q90,development,DK1
5.6375021681524045,5.5844753100941338,5.6692400337347015,5.6209808070851697,24,9,6.3146942278588112,2023-11-21 00:00:00+00:00,q90,development,DK1
1.334905641873481,1.8494453600520508,1.324155054834119,1.8355501713699269,24,0,1.2317754458202919,2023-11-22 00:00:00+00:00,q90,development,DK1
0.00012651342777022205,0.00046010000756690366,0.00017164581742791312,0.00059012741181858907,24,0,6.1576441692290823e-05,2023-11-23 00:00:00+00:00,q90,development,DK1
3.5119660373346203e-06,1.8361594933632238e-05,4.0598491263291169e-05,0.00011841847511061984,24,0,1.4014942383061235e-06,2023-11-24 00:00:00+00:00,q90,development,DK1
0.86062451861547506,1.5261852652383057,0.8425912960991585,1.5252640707021092,24,0,0.81521955648807687,2023-11-25 00:00:00+00:00,q90,development,DK1
0.47771060269714333,1.2396431935805556,0.46773530167953892,1.214996187396115,24,0,0.47733138981650092,2023-11-26 00:00:00+00:00,q90,development,DK1
0.0015768907705977506,0.0047443013429170474,0.0019371867566347993,0.0054005644822322741,24,0,0.00045930858861284592,2023-11-27 00:00:00+00:00,q90,development,DK1
4.035624564308347,3.7585582234273889,4.0085238465628397,3.7409502280816604,24,15,3.9443813173464353,2023-11-28 00:00:00+00:00,q90,development,DK1
5.1881250291127179,4.9396454071047371,5.193111928799774,4.9413971141827275,24,17,5.2941917732631145,2023-11-29 00:00:00+00:00,q90,development,DK1
6.2698977093926844,5.6061759691852879,6.3866258405547001,5.6691832750709468,24,16,6.4508829919001318,2023-11-30 00:00:00+00:00,q90,development,DK1
3.0434470644416085,3.0142881746753618,3.0061201889200571,2.993034272866987,24,17,3.0875232508917323,2023-12-01 00:00:00+00:00,q90,development,DK1
1.3376368747554523,1.1073883700669196,1.2718553659280407,1.0309697053986493,24,20,1.1832317942682276,2023-12-02 00:00:00+00:00,q90,development,DK1
0.75328804430417073,0.69992025624180876,0.74432610354499307,0.68297079847682629,24,3,0.75716822940577111,2023-12-03 00:00:00+00:00,q90,development,DK1
3.1857700420339428,2.9728473567981086,3.1637173831836161,2.964423711351583,24,4,3.274877883673486,2023-12-04 00:00:00+00:00,q90,development,DK1
0.015988032750978022,0.037108734012310962,0.021734250815207194,0.046284294405240081,24,0,0.0051718561147808964,2023-12-05 00:00:00+00:00,q90,development,DK1
4.7299301108846787,4.7101926910429022,4.740063781841716,4.7053611317741515,24,10,4.8070607774588963,2023-12-06 00:00:00+00:00,q90,development,DK1
1.2697481773751342,1.2883749435299943,1.2370648320125976,1.2690924689327199,24,17,1.2495071252714327,2023-12-07 00:00:00+00:00,q90,development,DK1
0.013843060427672402,0.032770902822652354,0.016043133873280779,0.035980796254675297,24,0,0.0045946049437313591,2023-12-08 00:00:00+00:00,q90,development,DK1
1.8626232530995644e-06,1.20169085530135e-05,9.9849074817289441e-06,4.7796934974435813e-05,24,0,4.9389565369934802e-08,2023-12-09 00:00:00+00:00,q90,development,DK1
2.3072069195659392e-08,3.6534652987337936e-07,4.4800171968999599e-08,5.5851861166523362e-07,24,0,5.7396646514307009e-10,2023-12-10 00:00:00+00:00,q90,development,DK1
0.00018648362579195654,0.00063134353653632701,0.00018230557875640278,0.00060263754469738957,24,0,4.0705023252083314e-05,2023-12-11 00:00:00+00:00,q90,development,DK1
3.6487189886296956,3.3157838778299213,3.6848339457477945,3.3402012254096189,24,7,4.287500190087381,2023-12-12 00:00:00+00:00,q90,development,DK1
0.045653051883598528,0.082525133803918557,0.048029095368266952,0.084357748529247947,24,0,0.025075783786149414,2023-12-13 00:00:00+00:00,q90,development,DK1
2.3235937042124655,2.7933276879857618,2.2858322676876051,2.7811949330108838,24,12,2.2648424102634044,2023-12-14 00:00:00+00:00,q90,development,DK1
0.84990164280432989,1.4201818473136354,0.83903543443157091,1.4161828053818601,24,0,0.52986320433838008,2023-12-15 00:00:00+00:00,q90,development,DK1
1.1859213243156922e-05,6.0365570519398999e-05,5.1089213895550711e-05,0.0001944798101267683,24,0,2.276836466026506e-07,2023-12-16 00:00:00+00:00,q90,development,DK1
1.1666046149121962e-07,9.3678907715065799e-07,5.621436162949082e-07,3.206647824540129e-06,24,0,4.0480627432284565e-09,2023-12-17 00:00:00+00:00,q90,development,DK1
0.00052960292969265348,0.0017334364742579436,0.0011002887054233136,0.0029592392288802492,24,0,7.3451940401651623e-05,2023-12-18 00:00:00+00:00,q90,development,DK1
0.0009329662469690429,0.00270851244965982,0.0024169941518151802,0.0057297640176852578,24,0,7.5068052466273154e-05,2023-12-19 00:00:00+00:00,q90,development,DK1
8.0898463474762395e-07,5.5063940211132861e-06,2.9081300279467481e-05,9.5088004458633151e-05,24,0,2.2378360749855908e-07,2023-12-20 00:00:00+00:00,q90,development,DK1
2.6616716159331286e-11,6.4742140399081471e-10,1.1811533728500193e-09,1.7121531846905772e-08,24,0,4.4143385344757369e-14,2023-12-21 00:00:00+00:00,q90,development,DK1
9.0663488925286363e-11,1.9156065425080402e-09,6.0517747569626769e-10,9.6926941632065593e-09,24,0,7.2849608596263135e-13,2023-12-22 00:00:00+00:00,q90,development,DK1
3.6785880998485668e-09,5.1656269085608534e-08,5.8258029908766474e-09,7.5199108162794047e-08,24,0,2.3845889047899534e-11,2023-12-23 00:00:00+00:00,q90,development,DK1
3.3082863833775468e-10,6.2664756821639188e-09,6.7649514917098418e-10,1.2057968531849831e-08,24,0,5.5629413191249776e-13,2023-12-24 00:00:00+00:00,q90,development,DK1
8.6117508245623111e-06,4.0026559953290014e-05,5.9034682693660776e-05,0.00018520011568089626,24,0,1.9655644789974927e-07,2023-12-25 00:00:00+00:00,q90,development,DK1
4.276775595104296e-06,2.3012973630688706e-05,3.52465066598722e-05,0.00011653355535163205,24,0,3.1085027428293325e-07,2023-12-26 00:00:00+00:00,q90,development,DK1
0.090724534485291775,0.20309806369815941,0.088064173839950272,0.19868035543941559,24,0,0.071880546694422592,2023-12-27 00:00:00+00:00,q90,development,DK1
3.4789318111237747e-11,7.1444346094046059e-10,1.6074069822147375e-08,1.2895603389394189e-07,24,0,8.1933992248906586e-13,2023-12-28 00:00:00+00:00,q90,development,DK1
2.7925565285135742e-10,3.9392656327659161e-09,1.606786519393476e-08,1.2795842869123815e-07,24,0,8.2172547125303923e-13,2023-12-29 00:00:00+00:00,q90,development,DK1
2.1480432121438022e-08,1.9870223809622643e-07,1.3903324497870767e-07,9.3752230874141032e-07,24,0,1.06120605883935e-10,2023-12-30 00:00:00+00:00,q90,development,DK1
2.3465187527581288e-12,7.5428155280957446e-11,9.1244083859199231e-10,1.0682037879119266e-08,24,0,3.7064402328201917e-14,2023-12-31 00:00:00+00:00,q90,development,DK1
1.8709269235290004e-05,2.0905732853835834e-05,5.0499640430911095e-05,7.571826914552776e-05,24,0,3.2763199820283535e-07,2022-01-01 00:00:00+00:00,q95,development,DK1
1.5207505730315387e-11,7.671513968139812e-11,4.8772712823144062e-09,5.554968675880987e-08,24,0,3.4922421907272344e-13,2022-01-02 00:00:00+00:00,q95,development,DK1
3.3901289208830903e-15,5.6413064531866151e-13,1.2426365716529227e-10,2.3336345192032706e-09,24,0,1.8468050378983368e-17,2022-01-03 00:00:00+00:00,q95,development,DK1
2.1166749611681552e-06,4.8238308397673184e-05,3.5603259293995595e-05,0.00026560386566076637,24,0,2.1242843099230227e-07,2022-01-04 00:00:00+00:00,q95,development,DK1
0.015196579093585648,0.0096502173696666055,0.020312589633268208,0.012822452758248311,24,0,0.01798385016082624,2022-01-05 00:00:00+00:00,q95,development,DK1
1.2780359560743038,2.2800280104197022,1.2803723697397036,2.2824323713236723,24,0,1.3442375237846713,2022-01-06 00:00:00+00:00,q95,development,DK1
4.3398521980836097e-07,1.01709857799637e-05,1.0021941997422414e-05,6.6427868318329287e-05,24,0,3.0474654020138435e-08,2022-01-07 00:00:00+00:00,q95,development,DK1
1.788143033487087e-08,7.6189762829566981e-07,1.2235421835405456e-06,7.4316347143137923e-06,24,0,2.148841068736231e-10,2022-01-08 00:00:00+00:00,q95,development,DK1
2.6026961104183143e-08,2.2766988521943113e-06,2.5195633069224643e-07,9.7909629234956289e-06,24,0,4.0052786836770054e-10,2022-01-09 00:00:00+00:00,q95,development,DK1
0.032530627094022734,0.063765682480187297,0.034072168917272327,0.064724508992247437,24,0,0.0058127886083869738,2022-01-10 00:00:00+00:00,q95,development,DK1
0.08881964502763591,0.27900026124903099,0.097068328935871293,0.28628986942483464,24,0,0.018461707044182415,2022-01-11 00:00:00+00:00,q95,development,DK1
0.099905621879320186,0.34040940269063408,0.11056061878045802,0.34949309863624284,24,0,0.019092881100154429,2022-01-12 00:00:00+00:00,q95,development,DK1
0.0048283570002490891,0.014751091525981494,0.0065787225819042647,0.017496939688814238,24,0,0.00043598113709241169,2022-01-13 00:00:00+00:00,q95,development,DK1
4.5060618207367438e-05,0.00037780016290827337,0.00014090224508734334,0.0006610825484876776,24,0,5.3335839734755161e-07,2022-01-14 00:00:00+00:00,q95,development,DK1
2.441693595999323e-05,8.0926951002945952e-05,8.8654389602538133e-05,0.00014290588888754587,24,0,1.5871843576511938e-07,2022-01-15 00:00:00+00:00,q95,development,DK1
1.702871565858263e-06,4.5617239194278446e-05,9.6660034274303352e-06,0.00011880484792018908,24,0,1.0443238655869236e-09,2022-01-16 00:00:00+00:00,q95,development,DK1
1.428152839606082e-06,1.5151703099459662e-05,4.3588096949450731e-06,3.8846112135339541e-05,24,0,6.2537073985871467e-08,2022-01-17 00:00:00+00:00,q95,development,DK1
0.010278913369614376,0.02628818024819617,0.01247047091155757,0.030232049179960765,24,0,0.0018418818734631083,2022-01-18 00:00:00+00:00,q95,development,DK1
0.00027452811667812149,0.0013532353186965762,0.00056622124314784604,0.0020018868046640013,24,0,7.4352244759604798e-06,2022-01-19 00:00:00+00:00,q95,development,DK1
3.8542943885821651e-08,2.533443328564319e-08,1.6607068276541527e-06,3.427471479184149e-07,24,0,1.9209277070637872e-08,2022-01-20 00:00:00+00:00,q95,development,DK1
2.9573010113932078e-05,3.4896135170132045e-05,0.00027415918402945845,0.00016718952278861325,24,0,2.7216324143605686e-05,2022-01-21 00:00:00+00:00,q95,development,DK1
3.1184189101606795e-07,2.4013746271114784e-06,7.6596887463098313e-06,8.7584779554248241e-06,24,0,2.4373507046665247e-07,2022-01-22 00:00:00+00:00,q95,development,DK1
0.00099182482504637636,0.00046815494703021947,0.0014169540124204304,0.00075612666674964365,24,0,4.2582990492810885e-05,2022-01-23 00:00:00+00:00,q95,development,DK1
0.15165036486213984,0.14778458261034677,0.16354633196824631,0.16420616441491839,24,0,0.033742083836150009,2022-01-24 00:00:00+00:00,q95,development,DK1
7.9116583935104465,8.2712398215648193,7.914146816216018,8.2710460971070763,24,10,8.5324141386504628,2022-01-25 00:00:00+00:00,q95,development,DK1
0.16042579530173315,0.17238635849355588,0.15151114052549819,0.16304308422186559,24,0,0.079599786842711587,2022-01-26 00:00:00+00:00,q95,development,DK1
2.8632524601955263e-11,3.2712839695305705e-10,9.0392768110555435e-11,7.0221120436566847e-10,24,0,6.7190143317674208e-12,2022-01-27 00:00:00+00:00,q95,development,DK1
3.1964802031902095e-05,4.9521297286811754e-05,7.0728000505664634e-05,5.9962825676695587e-05,24,0,5.8012648848970036e-06,2022-01-28 00:00:00+00:00,q95,development,DK1
7.0895381991313577e-18,3.7799677443877306e-18,1.3320288641423159e-13,7.5043707973670822e-13,24,0,2.7909537090647509e-20,2022-01-29 00:00:00+00:00,q95,development,DK1
5.4983649127247937e-06,2.5422538857505043e-06,5.3371482773442013e-05,3.1097210113678251e-05,24,0,2.0706065089076204e-06,2022-01-30 00:00:00+00:00,q95,development,DK1
0.0077352455454150594,0.0086143697576787463,0.015472474214029855,0.015109479382839111,24,0,0.0054051051884699275,2022-01-31 00:00:00+00:00,q95,development,DK1
1.1527473453695362e-07,2.7516820086619826e-08,9.8767867778467515e-07,1.7098276350871955e-07,24,0,1.7890090885864374e-07,2022-02-01 00:00:00+00:00,q95,development,DK1
0.00039841843884641759,0.0004501103016515163,0.001069128293311263,0.0011349937727417464,24,0,2.9885020900240031e-05,2022-02-02 00:00:00+00:00,q95,development,DK1
0.022901988860616951,0.02484498439366253,0.031054570981013965,0.032679428474776007,24,0,0.0030060502095430575,2022-02-03 00:00:00+00:00,q95,development,DK1
9.2121001137349622e-06,5.5827445951668181e-06,6.3830459924542831e-05,2.6257874653580407e-05,24,0,6.0849379974788968e-07,2022-02-04 00:00:00+00:00,q95,development,DK1
1.1206921292266413e-12,2.2834324957140854e-13,1.3664915626599292e-10,7.9188160013598155e-12,24,0,1.3863772432050162e-13,2022-02-05 00:00:00+00:00,q95,development,DK1
1.2667655134111614e-11,3.5255540006211112e-11,3.7614342956439063e-08,7.4059090959828338e-08,24,0,4.0480380304386405e-12,2022-02-06 00:00:00+00:00,q95,development,DK1
1.7890417470721144e-10,2.1420823273172884e-11,9.9624319251023364e-10,8.9889806534792251e-11,24,0,3.5096372247100782e-10,2022-02-07 00:00:00+00:00,q95,development,DK1
7.0608052103886986e-08,1.6509984314934498e-08,1.9371074003837649e-07,3.435967466873768e-08,24,0,1.7873312861229386e-08,2022-02-08 00:00:00+00:00,q95,development,DK1
0.00020504243673407694,0.00017890444731914304,0.00024981282409624781,0.00018775794317344214,24,0,1.1872898550385555e-05,2022-02-09 00:00:00+00:00,q95,development,DK1
0.0035913173696623555,0.0039798890095833119,0.0052775565693455994,0.0050011879437312119,24,0,0.00028388858400867984,2022-02-10 00:00:00+00:00,q95,development,DK1
0.13444969672211146,0.28789594833816989,0.12862259613214666,0.27420615445926594,24,0,0.04974924353911743,2022-02-11 00:00:00+00:00,q95,development,DK1
0.00032759550590701905,0.00026730290996351092,0.00033239732046859693,0.0002516136899347038,24,0,2.096695982373686e-05,2022-02-12 00:00:00+00:00,q95,development,DK1
5.9052866079795489e-20,6.6289922314552362e-20,2.0999050720452694e-15,1.6068848560605987e-16,24,0,4.3893670660233996e-23,2022-02-13 00:00:00+00:00,q95,development,DK1
2.3987422447846987e-07,2.7231118831875401e-07,7.1108466463316297e-07,4.7692127631599732e-07,24,0,3.3752172596110283e-09,2022-02-14 00:00:00+00:00,q95,development,DK1
1.4527553576242856e-06,2.0255407884876014e-06,6.8434970579011173e-06,5.2836786627978616e-06,24,0,6.097899082146847e-08,2022-02-15 00:00:00+00:00,q95,development,DK1
7.6035120221738287e-08,1.1554763543500429e-07,8.6382546946773927e-06,1.0328184797643576e-05,24,0,1.4941196820373332e-07,2022-02-16 00:00:00+00:00,q95,development,DK1
1.025383556036713e-15,1.5244400071431039e-15,2.1627991302057368e-10,8.8818698639299753e-11,24,0,8.7436296773665212e-14,2022-02-17 00:00:00+00:00,q95,development,DK1
1.2684763164118695e-09,6.7026965631500316e-09,2.4624923687691056e-07,9.1074487740026285e-07,24,0,1.8648566514507395e-10,2022-02-18 00:00:00+00:00,q95,development,DK1
7.3567885441696855e-12,5.4480309763731783e-12,7.198442857867299e-09,7.3804814399865074e-09,24,0,1.9093674298906458e-11,2022-02-19 00:00:00+00:00,q95,development,DK1
6.1201374412595887e-12,1.8072444093357794e-10,1.0874505500411969e-09,6.8972401458456929e-08,24,0,7.7744506043802191e-14,2022-02-20 00:00:00+00:00,q95,development,DK1
1.0157670481418274e-11,9.3507291654693928e-11,5.5532581802025965e-08,1.2579302067930019e-07,24,0,1.4695038881106459e-11,2022-02-21 00:00:00+00:00,q95,development,DK1
0.0002557694123587848,0.00048647882750501849,0.00081447725307504874,0.0014971699245270877,24,0,0.00022588118330678415,2022-02-22 00:00:00+00:00,q95,development,DK1
1.2934080800952777e-09,1.007222592045344e-09,1.0462085062925916e-09,7.6083065046479904e-10,24,0,7.9621783023139234e-11,2022-02-23 00:00:00+00:00,q95,development,DK1
2.1722256503208343e-06,2.0397710321506506e-06,1.5748316532148036e-05,1.0568929378039973e-05,24,0,1.4184281395385957e-07,2022-02-24 00:00:00+00:00,q95,development,DK1
1.1512094562935769e-05,5.0193971616356202e-06,3.2692919295593355e-05,1.3786136469138476e-05,24,0,7.0747082607696215e-05,2022-02-25 00:00:00+00:00,q95,development,DK1
1.4899570641583185e-05,1.1854035492207569e-05,0.00010091346683717295,4.865619878108153e-05,24,0,2.6465316657745625e-06,2022-02-26 00:00:00+00:00,q95,development,DK1
1.0033113348562533e-06,7.8904619644876404e-07,9.1059457152370503e-07,6.6953259175675466e-07,24,0,5.417223053600641e-08,2022-02-27 00:00:00+00:00,q95,development,DK1
0.0012710395516145844,0.0068312884890262635,0.0015684372730676559,0.0069303282753917566,24,0,7.2497029984519012e-05,2022-02-28 00:00:00+00:00,q95,development,DK1
4.0628074251855022,4.1658588146093924,4.160823913005796,4.2855425301718073,24,7,4.3868854950522271,2022-03-01 00:00:00+00:00,q95,development,DK1
6.3998324191413642,6.2752306821407897,6.507590621016913,6.3746787262899307,24,9,7.1246945516974725,2022-03-02 00:00:00+00:00,q95,development,DK1
3.4938021963979553,3.5529205658818315,3.4965943577943492,3.5590778081079115,24,4,3.7026310809572016,2022-03-03 00:00:00+00:00,q95,development,DK1
0.016530998992400424,0.046203752612113139,0.024254602795586343,0.051825510926217344,24,0,0.003721130568980012,2022-03-04 00:00:00+00:00,q95,development,DK1
0.0041865427314955088,0.010638400822468648,0.0070718226410140953,0.013788687766221747,24,0,0.0018595236605755806,2022-03-05 00:00:00+00:00,q95,development,DK1
0.13937766121709327,0.20450753278438283,0.13653995649342782,0.1954921498650799,24,0,0.13080468469681575,2022-03-06 00:00:00+00:00,q95,development,DK1
0.9519652476719741,1.8057924208917806,0.95823994251860389,1.7610184174364059,24,0,0.70226676051686787,2022-03-07 00:00:00+00:00,q95,development,DK1
0.24774753723982487,0.39210781792948263,0.26756796107376452,0.40552321152774362,24,0,0.10172747701063643,2022-03-08 00:00:00+00:00,q95,development,DK1
0.030133695374314241,0.1103576422553946,0.038002630004200136,0.1203115057335104,24,0,0.0040859574308986096,2022-03-09 00:00:00+00:00,q95,development,DK1
0.00029960101132293676,0.0005370452651503008,0.00059968414380133159,0.0010235391780341638,24,0,4.7986523217756006e-06,2022-03-10 00:00:00+00:00,q95,development,DK1
7.1022567647861745e-14,5.1135570991880469e-14,1.0562334689175547e-09,2.9285796454070977e-10,24,0,2.0306523366709194e-14,2022-03-11 00:00:00+00:00,q95,development,DK1
3.1493590106915884e-10,1.7592994963713201e-10,4.7147662650289525e-08,1.5369197635488087e-08,24,0,5.1885063599809333e-12,2022-03-12 00:00:00+00:00,q95,development,DK1
2.9912371805152177e-07,4.7426813681721711e-07,3.1966832563006415e-07,4.223103075489128e-07,24,0,1.6200774690414492e-08,2022-03-13 00:00:00+00:00,q95,development,DK1
0.0096664087305604572,0.0084602722302465957,0.014824812578487456,0.013294207020517508,24,0,0.0015557778876583049,2022-03-14 00:00:00+00:00,q95,development,DK1
5.4670110449557443,5.5960114479717147,5.4635688151116684,5.5928106780465674,24,6,5.6741590800025401,2022-03-15 00:00:00+00:00,q95,development,DK1
0.0028444012531020327,0.0012593271839715192,0.0040716756635970699,0.0018465455676804714,24,0,0.00044369139299591643,2022-03-16 00:00:00+00:00,q95,development,DK1
0.0025905893742418588,0.0039079775174568707,0.0046063631094759357,0.0066625488013426631,24,0,0.00033147697631381038,2022-03-17 00:00:00+00:00,q95,development,DK1
0.0001905512133915172,0.00034317289148749752,0.0004898593412356614,0.00083466088904425898,24,0,1.2981740711239858e-05,2022-03-18 00:00:00+00:00,q95,development,DK1
4.7775499383936536e-06,7.1781329638635079e-06,5.7942005411145932e-05,7.9024819864483359e-05,24,0,7.6888843162131097e-07,2022-03-19 00:00:00+00:00,q95,development,DK1
7.0143677288996977e-08,8.7471678611270671e-08,1.8370365772490203e-07,2.3335407058919967e-07,24,0,3.438934047558164e-09,2022-03-20 00:00:00+00:00,q95,development,DK1
0.032606888109503747,0.034030939053065368,0.037131906922492991,0.037380038953748015,24,0,0.0068255992016310451,2022-03-21 00:00:00+00:00,q95,development,DK1
0.12787819264574235,0.12867904515410497,0.13803412930370809,0.13657043754764586,24,0,0.056748957480549742,2022-03-22 00:00:00+00:00,q95,development,DK1
1.126216536701206,1.1673629074203093,1.115276655400909,1.1578714941897867,24,1,1.0522893700647293,2022-03-23 00:00:00+00:00,q95,development,DK1
0.029321855765496521,0.031847941454939653,0.035995560301516315,0.038135900439481708,24,0,0.0045733686964092779,2022-03-24 00:00:00+00:00,q95,development,DK1
0.0011528741112440818,0.0011577473129834629,0.0017214495949848987,0.0017161898000128705,24,0,8.9370289555662738e-05,2022-03-25 00:00:00+00:00,q95,development,DK1
7.1749687452784367e-08,3.866946380750131e-08,8.3495554359164334e-07,4.4836753938362758e-07,24,0,2.6761527265551397e-10,2022-03-26 00:00:00+00:00,q95,development,DK1
1.0984097255493044e-06,1.9157199782999221e-06,7.1309991835224399e-06,9.8313914558892538e-06,24,0,2.6594063087970154e-09,2022-03-27 00:00:00+00:00,q95,development,DK1
9.095934046691968e-06,1.4669673111095305e-05,3.8473837871468112e-05,5.6202127281794657e-05,24,0,5.9138985061294516e-08,2022-03-28 00:00:00+00:00,q95,development,DK1
0.00033726368161568834,0.00040609275183323715,0.00075260691919299761,0.00091875526480986929,24,0,1.6877296921621839e-05,2022-03-29 00:00:00+00:00,q95,development,DK1
1.9922764433112747,1.9917104565971955,1.9823380013391516,1.9831060802919349,24,2,1.9969171095947096,2022-03-30 00:00:00+00:00,q95,development,DK1
0.026427181491224892,0.028713551973173088,0.033727893885524808,0.036306825604259581,24,0,0.0090893368382799766,2022-03-31 00:00:00+00:00,q95,development,DK1
0.0091375321339119374,0.012928482757504123,0.013717259109594633,0.018286468386848428,24,0,0.010942494796736818,2022-04-01 00:00:00+00:00,q95,development,DK1
0.00040159425536403023,0.00061765458389510298,0.00039618041663354672,0.00062459584589425561,24,0,0.00026645302447393535,2022-04-02 00:00:00+00:00,q95,development,DK1
0.00014849266568621035,0.00024035172030457711,0.00011467514846186445,0.00018824322042112435,24,0,6.6308157273772323e-05,2022-04-03 00:00:00+00:00,q95,development,DK1
1.5066905190264998e-09,2.9408480709182951e-09,1.4755258942344875e-08,2.6891515215613449e-08,24,0,1.146814851666856e-09,2022-04-04 00:00:00+00:00,q95,development,DK1
0.00041301696310761318,0.00071783890075074151,0.0010338092065120649,0.0015845876985687004,24,0,8.0841165573428131e-05,2022-04-05 00:00:00+00:00,q95,development,DK1
1.7570701211600107e-06,3.9688845757791474e-06,1.8314380540929501e-05,3.3193832008397012e-05,24,0,4.8199393492956641e-08,2022-04-06 00:00:00+00:00,q95,development,DK1
2.2061249697383009e-14,4.1058753789024155e-13,1.7142274727228886e-11,1.8344962600234128e-10,24,0,4.4828121788714078e-15,2022-04-07 00:00:00+00:00,q95,development,DK1
7.433165713724101e-08,2.1246616988126358e-07,1.9037075413157169e-06,3.6631258414208214e-06,24,0,2.143889722682242e-09,2022-04-08 00:00:00+00:00,q95,development,DK1
2.3946312813527928e-13,5.1581639668611096e-13,6.5443710461228743e-13,1.4382626499262457e-12,24,0,1.6655258753507052e-13,2022-04-09 00:00:00+00:00,q95,development,DK1
4.7327746022656243e-07,1.2665151418322192e-06,4.6183300821813057e-06,9.5696705960478613e-06,24,0,9.9781180845381382e-10,2022-04-10 00:00:00+00:00,q95,development,DK1
0.0010249872333869302,0.0010563943797266937,0.0016290458493718471,0.0020232655363154415,24,0,0.00018915593822322317,2022-04-11 00:00:00+00:00,q95,development,DK1
0.00023891886767855337,0.00019154144651693149,0.00073472787270371703,0.00062925125041384292,24,0,2.5083807161651662e-05,2022-04-12 00:00:00+00:00,q95,development,DK1
0.00017287084392087219,0.00017425468988328455,0.00042613934353741105,0.00042516637338200331,24,0,4.2368974181731782e-06,2022-04-13 00:00:00+00:00,q95,development,DK1
0.00016116642609842393,6.1220833816332738e-05,0.00042777821986041646,0.00019508759216360915,24,0,2.3435774116275424e-06,2022-04-14 00:00:00+00:00,q95,development,DK1
2.5457241319026024e-09,1.2813927849565558e-09,2.757745639231231e-07,2.0854866620185701e-07,24,0,1.9615454433437383e-11,2022-04-15 00:00:00+00:00,q95,development,DK1
2.1386554464501305e-12,5.5409204421584433e-13,2.4230576409758759e-10,3.4166015641535482e-11,24,0,4.2828071189306182e-17,2022-04-16 00:00:00+00:00,q95,development,DK1
3.6678099823437099e-08,3.0425394376778668e-10,7.6279527448509655e-07,1.7539143739599452e-08,24,0,3.5531495627803813e-10,2022-04-17 00:00:00+00:00,q95,development,DK1
0.0013805017361401186,0.00044284126492270348,0.0021191419568604244,0.00085577290581719402,24,0,0.00013441699773700675,2022-04-18 00:00:00+00:00,q95,development,DK1
0.045540514615768656,0.018773638438282086,0.05048368329968915,0.022837871716475,24,0,0.015430359003374132,2022-04-19 00:00:00+00:00,q95,development,DK1
0.048049009367707854,0.027080262801097696,0.057073525650095096,0.036035148743541995,24,0,0.014008227864383788,2022-04-20 00:00:00+00:00,q95,development,DK1
0.0092387903070560943,0.012531876185660243,0.011107646357548058,0.014980764745401425,24,0,0.0017027717936331417,2022-04-21 00:00:00+00:00,q95,development,DK1
7.0493377408022305e-06,1.4251754651272886e-05,3.2929663684997946e-05,5.6157025535657313e-05,24,0,7.8680968023996496e-07,2022-04-22 00:00:00+00:00,q95,development,DK1
5.7848816842211538e-11,2.1346971618162219e-10,3.937133819696194e-09,1.9365456637255482e-08,24,0,1.734630412702122e-13,2022-04-23 00:00:00+00:00,q95,development,DK1
0.00086447308348560682,0.0013428818726522898,0.0011412716931304082,0.0017090122206878792,24,0,9.5471383785663454e-05,2022-04-24 00:00:00+00:00,q95,development,DK1
0.2490616035265848,0.13936051838524272,0.25914466951004711,0.15252804654814878,24,0,0.11939889728329077,2022-04-25 00:00:00+00:00,q95,development,DK1
0.17025528543248053,0.085720715922971188,0.18711586274645448,0.096620704114073114,24,0,0.083280685124876533,2022-04-26 00:00:00+00:00,q95,development,DK1
0.04069602625700406,0.011435619630821276,0.042114769229043933,0.012133737030366602,24,0,0.014486060955738815,2022-04-27 00:00:00+00:00,q95,development,DK1
0.0016992607223071049,0.0013980704524247829,0.0026054764371594053,0.0024843846106825706,24,0,0.00020657318444615184,2022-04-28 00:00:00+00:00,q95,development,DK1
0.00029138246267236952,7.5629708949499018e-05,0.00052041444277639592,0.00022708103644208529,24,0,1.9119717176052612e-05,2022-04-29 00:00:00+00:00,q95,development,DK1
3.4603392605569388e-06,4.2200263425436438e-07,2.8507819566617517e-05,6.103109138387327e-06,24,0,7.3292104204485306e-08,2022-04-30 00:00:00+00:00,q95,development,DK1
0.00058401241327177733,0.00016754546715115214,0.00091497600475435919,0.00037560000391692345,24,0,7.060150758582466e-05,2022-05-01 00:00:00+00:00,q95,development,DK1
0.00029761520508756487,0.0006047173854771843,0.00077444777513653172,0.0012975086706850034,24,0,1.7150216774822681e-05,2022-05-02 00:00:00+00:00,q95,development,DK1
0.027387830413403886,0.019997426736158848,0.030995848815696878,0.023743234563392293,24,0,0.0075264632992593896,2022-05-03 00:00:00+00:00,q95,development,DK1
0.30551137762434954,0.23382608206358008,0.30817118591638304,0.23912366361038806,24,0,0.15107736330223587,2022-05-04 00:00:00+00:00,q95,development,DK1
0.19658224386321507,0.12301228982593577,0.19041720328630909,0.12182948435984531,24,0,0.069147334019702272,2022-05-05 00:00:00+00:00,q95,development,DK1
0.0041951068877014866,0.010680022636228461,0.0046084438319752763,0.011421924014261795,24,0,0.00076015538224319032,2022-05-06 00:00:00+00:00,q95,development,DK1
1.6088424914285529e-05,5.4775522824648439e-05,5.4345576061631958e-05,0.00012547837449922535,24,0,1.0580652274062036e-07,2022-05-07 00:00:00+00:00,q95,development,DK1
0.0032839699703596623,0.003017754989925168,0.0046202530772464076,0.0042984334386833908,24,0,0.0006063870854072698,2022-05-08 00:00:00+00:00,q95,development,DK1
0.011056757648474705,0.0067727724694706115,0.013631723723548215,0.0091531623514865147,24,0,0.0031245548266374337,2022-05-09 00:00:00+00:00,q95,development,DK1
0.00079763868753904223,0.00099251781948708588,0.0012317612438381815,0.0013493088310916883,24,0,5.1152187971279662e-05,2022-05-10 00:00:00+00:00,q95,development,DK1
0.00060354616342619396,0.00075716990343142356,0.001021640717719541,0.0011163936612595834,24,0,4.7080673344392779e-05,2022-05-11 00:00:00+00:00,q95,development,DK1
0.0003516389812358901,0.00041010833081428884,0.00050240354962802333,0.00058617485855753438,24,0,3.4612494157673643e-05,2022-05-12 00:00:00+00:00,q95,development,DK1
2.3328979736537502e-05,3.484049569690417e-05,6.0357936603469076e-05,8.1740131626329912e-05,24,0,4.1664811549351253e-07,2022-05-13 00:00:00+00:00,q95,development,DK1
4.0061497726709827e-07,9.2249301612948141e-07,1.3109376370238828e-06,3.4331344547965977e-06,24,0,4.5206123799898085e-10,2022-05-14 00:00:00+00:00,q95,development,DK1
4.1577292504675211e-05,1.2862283468648165e-05,0.00015705833670277836,6.744410777930466e-05,24,0,1.6863003146579965e-06,2022-05-15 00:00:00+00:00,q95,development,DK1
0.020329255886339378,0.012282305671993256,0.023069548190121372,0.01431442231839033,24,0,0.0056543133899359952,2022-05-16 00:00:00+00:00,q95,development,DK1
0.065864322024954472,0.046224315673409927,0.062945938198075355,0.046210222653446466,24,0,0.032266443726495224,2022-05-17 00:00:00+00:00,q95,development,DK1
0.070217404185910479,0.039471897127827206,0.068379632075541458,0.039004074843851287,24,0,0.037940985384855019,2022-05-18 00:00:00+00:00,q95,development,DK1
0.088499321282615326,0.058199801056136223,0.092150177276040579,0.06228932985159355,24,0,0.038130589094455512,2022-05-19 00:00:00+00:00,q95,development,DK1
0.018248758928660166,0.030580549320751382,0.024832827271943244,0.039500467101398873,24,0,0.004291263483287143,2022-05-20 00:00:00+00:00,q95,development,DK1
5.4040414159830959e-07,1.8185164634908756e-06,3.2774525994006526e-06,8.9842810000526069e-06,24,0,3.1748545163612035e-09,2022-05-21 00:00:00+00:00,q95,development,DK1
0.00097561438551669525,0.00032786501473881238,0.0015193388184717538,0.00056865046035612461,24,0,0.00025535886805903748,2022-05-22 00:00:00+00:00,q95,development,DK1
1.2553200304241096e-05,3.3042186670278349e-05,9.4512512833774001e-05,0.00017385036669611639,24,0,2.4027564977884032e-06,2022-05-23 00:00:00+00:00,q95,development,DK1
0.017103420319317893,0.025468976248709439,0.01928929869779903,0.02846494284648917,24,0,0.0039250239083856841,2022-05-24 00:00:00+00:00,q95,development,DK1
0.00053155422009735283,0.0015041436206049614,0.0011473095183742771,0.0027837340482789502,24,0,2.5632425831778061e-05,2022-05-25 00:00:00+00:00,q95,development,DK1
3.9412693383362529e-11,5.6008098085441069e-10,5.1357983554070339e-09,2.0848507559844284e-08,24,0,1.9002251799801197e-14,2022-05-26 00:00:00+00:00,q95,development,DK1
7.1701669652078121e-16,1.1513425519704458e-14,3.7661405332635593e-11,6.8686981879589037e-11,24,0,1.0357434462917391e-16,2022-05-27 00:00:00+00:00,q95,development,DK1
3.6805901792771288e-11,7.8794984017171594e-10,2.0027946271651466e-09,1.6408214835063378e-08,24,0,2.7808825567006892e-16,2022-05-28 00:00:00+00:00,q95,development,DK1
0.033863858149756274,0.012080975052841642,0.032034268202304275,0.011255327838258658,24,0,0.014786749479507932,2022-05-29 00:00:00+00:00,q95,development,DK1
0.98341405550020444,0.69702554849249965,0.96112144346041994,0.69181473835065876,24,0,0.76572189528467383,2022-05-30 00:00:00+00:00,q95,development,DK1
2.701542819813207,2.1514266460302687,2.708927511999379,2.1958701795346411,24,0,2.7283474402799155,2022-05-31 00:00:00+00:00,q95,development,DK1
0.38968081766527535,0.38804952901922241,0.37574122127879112,0.38532319008343752,24,0,0.24510952645582837,2022-06-01 00:00:00+00:00,q95,development,DK1
0.056240504691540877,0.079393537203662851,0.057439801340827691,0.080800495465775155,24,0,0.019407779688622645,2022-06-02 00:00:00+00:00,q95,development,DK1
0.0046485706849684833,0.0088238745763185265,0.0046803784896651268,0.0090145404841888901,24,0,0.0015541304709095509,2022-06-03 00:00:00+00:00,q95,development,DK1
2.1703874676211788e-09,8.6507460544287925e-10,9.7306617048643771e-09,3.9673504467594944e-09,24,0,4.2350339559409734e-12,2022-06-04 00:00:00+00:00,q95,development,DK1
5.3239031949906744e-08,1.2475127956742986e-08,2.0979264876288575e-06,8.396402030414356e-07,24,0,1.7104140216539623e-09,2022-06-05 00:00:00+00:00,q95,development,DK1
3.5178401630629166e-05,1.6737385705231245e-05,0.00013580057040232834,8.5404391208971695e-05,24,0,5.8184773929651792e-06,2022-06-06 00:00:00+00:00,q95,development,DK1
0.0012956288108019942,0.0031775610475538911,0.0016812237351587469,0.0038970298775231459,24,0,0.00013496444087601642,2022-06-07 00:00:00+00:00,q95,development,DK1
0.010088947399598987,0.014123910276886847,0.013607448207918788,0.018776250159857701,24,0,0.00490175784801135,2022-06-08 00:00:00+00:00,q95,development,DK1
0.0081797111458520848,0.013464036183582322,0.012412282302253446,0.018864920432495123,24,0,0.0023380119624994899,2022-06-09 00:00:00+00:00,q95,development,DK1
0.026269171087549247,0.024150697355412972,0.027766986030833229,0.026895958697368997,24,0,0.0098437575143835027,2022-06-10 00:00:00+00:00,q95,development,DK1
6.7314403330587453e-07,2.8366442412802065e-06,2.8682977655571139e-06,9.4000360316136836e-06,24,0,1.1892179895870469e-08,2022-06-11 00:00:00+00:00,q95,development,DK1
9.8601151315259923e-05,0.00037449881124265163,0.00017737890761021778,0.00060501009235227189,24,0,5.4687807686061137e-06,2022-06-12 00:00:00+00:00,q95,development,DK1
0.00026513953316695889,0.0006532323299329139,0.00060103755655059967,0.0012561004312306549,24,0,1.7244469897013918e-05,2022-06-13 00:00:00+00:00,q95,development,DK1
0.22839720853075665,0.26024833938219588,0.22343486233413645,0.2551255342146182,24,0,0.13918009686946331,2022-06-14 00:00:00+00:00,q95,development,DK1
0.48820876278581066,0.42577216197022361,0.47983462372502489,0.41859562371749637,24,0,0.28213384069975794,2022-06-15 00:00:00+00:00,q95,development,DK1
0.15580808191513204,0.16996352282611699,0.15518659546509028,0.1683933757863609,24,0,0.066055565861266236,2022-06-16 00:00:00+00:00,q95,development,DK1
0.15145035719009073,0.1917478795766106,0.14567547696071831,0.18322509766486342,24,0,0.13031585167075432,2022-06-17 00:00:00+00:00,q95,development,DK1
5.2441514911088751e-05,0.00014223857683047167,6.7599721046168683e-05,0.00017945789680603969,24,0,1.8221079250846482e-06,2022-06-18 00:00:00+00:00,q95,development,DK1
2.024319642036988e-05,1.8203270116409002e-05,6.4835548910402495e-05,5.018038768966753e-05,24,0,3.3194339617438603e-06,2022-06-19 00:00:00+00:00,q95,development,DK1
0.00087847147323290265,0.00049986783043301898,0.0017639519630261722,0.0012112961800841162,24,0,0.00032992343287176098,2022-06-20 00:00:00+00:00,q95,development,DK1
0.24326263428188863,0.26970710115470137,0.23642905653902568,0.26360472359346027,24,0,0.12917470667809178,2022-06-21 00:00:00+00:00,q95,development,DK1
0.10077631421127803,0.091921922661761246,0.10174989600054037,0.09273024174794757,24,0,0.040085434131762285,2022-06-22 00:00:00+00:00,q95,development,DK1
0.094336200286009919,0.074724861974058268,0.10534357711865351,0.085896391305348735,24,0,0.04767198221941342,2022-06-23 00:00:00+00:00,q95,development,DK1
0.00082697757644339032,0.0016927811077376864,0.0018476695712273876,0.003312541521042866,24,0,0.00017088042088601326,2022-06-24 00:00:00+00:00,q95,development,DK1
4.6528047968803033e-06,1.49649174025724e-06,2.7333737588586614e-05,1.3097762953159453e-05,24,0,3.3924523153892697e-07,2022-06-25 00:00:00+00:00,q95,development,DK1
0.00023569543071487578,0.0001100779953254936,0.00062482089153649252,0.00036288877517634614,24,0,2.9939116690121473e-05,2022-06-26 00:00:00+00:00,q95,development,DK1
0.0039971247999156887,0.0033904657231169683,0.0071428355228411343,0.0063363526692009836,24,0,0.0014161472551987987,2022-06-27 00:00:00+00:00,q95,development,DK1
0.11029249525723539,0.079822183552509168,0.1160118405811803,0.086070282230957085,24,0,0.086442796787348675,2022-06-28 00:00:00+00:00,q95,development,DK1
0.073598076146483754,0.053085778658610354,0.088752958445803345,0.068908051437206214,24,0,0.046036187973171765,2022-06-29 00:00:00+00:00,q95,development,DK1
0.21943698300539197,0.21481541382111977,0.21170481903795252,0.20833882499681411,24,0,0.1319047868018394,2022-06-30 00:00:00+00:00,q95,development,DK1
0.011845582284223203,0.0092745346127400454,0.017261828516521596,0.014602207782442365,24,0,0.0074971783615262128,2022-07-01 00:00:00+00:00,q95,development,DK1
1.1185798895245975e-06,9.025527020158375e-07,3.8551374207852626e-06,3.0492624988507852e-06,24,0,2.2685310605209802e-07,2022-07-02 00:00:00+00:00,q95,development,DK1
0.0013014076016863467,0.00078835013580508359,0.0017134451013726534,0.001078959921106094,24,0,0.00083901456350592173,2022-07-03 00:00:00+00:00,q95,development,DK1
0.00046759706478500466,0.0007218537607730787,0.0012503836146234503,0.0015813787536264898,24,0,7.9158432840985673e-05,2022-07-04 00:00:00+00:00,q95,development,DK1
0.019296182085317758,0.02545740852768379,0.021849052882361088,0.02837948350107574,24,0,0.0068114659539477767,2022-07-05 00:00:00+00:00,q95,development,DK1
3.8170181561754911e-05,0.00011465506923148227,0.00011548003467616781,0.00027979245693468313,24,0,2.3963327167777367e-06,2022-07-06 00:00:00+00:00,q95,development,DK1
2.0564623915978051e-09,1.3084620010301835e-08,1.194137317474947e-08,6.1588556359594908e-08,24,0,2.3597839492708561e-10,2022-07-07 00:00:00+00:00,q95,development,DK1
2.3061697105833982e-08,1.6283169726360679e-07,2.8646232417464293e-08,2.0480428657242255e-07,24,0,3.9123904374288599e-09,2022-07-08 00:00:00+00:00,q95,development,DK1
1.7454015607967775e-17,1.9118742706115605e-15,9.520327367549379e-17,6.5588406403427835e-15,24,0,3.2008332459309512e-22,2022-07-09 00:00:00+00:00,q95,development,DK1
5.3143289201487686e-07,2.7366174967664997e-06,8.7825176857799148e-06,2.4020521546033971e-05,24,0,4.2942957630325754e-08,2022-07-10 00:00:00+00:00,q95,development,DK1
0.42516037877229884,0.36937381442796757,0.41374550634984147,0.35814153516603719,24,0,0.36044834855607233,2022-07-11 00:00:00+00:00,q95,development,DK1
0.34414330313197533,0.30196022787251225,0.33665451066104862,0.29404407707349423,24,0,0.25619166991577386,2022-07-12 00:00:00+00:00,q95,development,DK1
0.023578901367999294,0.022113008104532716,0.019066548703237148,0.017965242403815779,24,0,0.012816700888768105,2022-07-13 00:00:00+00:00,q95,development,DK1
0.00070580946343239343,0.0011306658589015422,0.000799705612492913,0.0011978416438737038,24,0,0.00010499696433541318,2022-07-14 00:00:00+00:00,q95,development,DK1
2.7936979640986537e-07,7.0001220510395687e-07,2.0360909134076309e-07,5.0901275175089884e-07,24,0,9.0455944268335665e-08,2022-07-15 00:00:00+00:00,q95,development,DK1
1.2599758053013452e-13,1.0529335349783975e-12,1.8070140703429765e-12,1.4219059294061732e-11,24,0,6.5487164269614112e-16,2022-07-16 00:00:00+00:00,q95,development,DK1
0.0027794252404866253,0.0044921623720048619,0.0039831856874061999,0.0058804826411010674,24,0,0.00050444067556333454,2022-07-17 00:00:00+00:00,q95,development,DK1
1.2532428083186207,1.2497203042555067,1.224879805779761,1.2223744926443836,24,0,1.0655452229042315,2022-07-18 00:00:00+00:00,q95,development,DK1
0.13635391489050613,0.10858707865291135,0.12431019057781027,0.097764091206928097,24,0,0.10249159615519073,2022-07-19 00:00:00+00:00,q95,development,DK1
0.024897163068365299,0.019636889004132831,0.024453266945080623,0.018666504236597627,24,0,0.02450437632898261,2022-07-20 00:00:00+00:00,q95,development,DK1
0.030436377360275154,0.018707081813044386,0.030583311283057833,0.018426184995230563,24,0,0.023596217929421088,2022-07-21 00:00:00+00:00,q95,development,DK1
6.3218597318408701e-06,1.1137394819425507e-05,4.7775556048544548e-06,8.4153583716955629e-06,24,0,3.3394817679293294e-06,2022-07-22 00:00:00+00:00,q95,development,DK1
1.8110604194563872e-09,6.1289913575093371e-09,1.2503014859544813e-07,2.6526327210088252e-07,24,0,1.6127412204857436e-10,2022-07-23 00:00:00+00:00,q95,development,DK1
0.00094343115334619848,0.00132762113026464,0.00094470806468874258,0.0012662537453033791,24,0,0.00023836568093366057,2022-07-24 00:00:00+00:00,q95,development,DK1
2.9755522005930346e-06,2.9509761755187487e-06,1.3267865978967524e-05,1.1967028369081023e-05,24,0,2.2314219772025501e-06,2022-07-25 00:00:00+00:00,q95,development,DK1
7.0723134428158398e-09,2.2253400524083219e-08,4.9047720687482529e-09,1.5299680910220922e-08,24,0,1.4748589362593013e-09,2022-07-26 00:00:00+00:00,q95,development,DK1
0.0001259792214947967,0.0002329873456197238,0.00016605670834029547,0.00026754509664693297,24,0,1.0567438049076476e-05,2022-07-27 00:00:00+00:00,q95,development,DK1
0.060174715773150471,0.036752406338481494,0.060072445394029991,0.035921635545025789,24,0,0.064579312236289529,2022-07-28 00:00:00+00:00,q95,development,DK1
0.31873633389512396,0.21841063632899155,0.31883020419270081,0.21336698082582811,24,0,0.28382509269937112,2022-07-29 00:00:00+00:00,q95,development,DK1
7.6416363540778422e-05,3.8167729103611763e-05,0.00025910212940257274,0.00014898405063280479,24,0,5.5095528869266496e-05,2022-07-30 00:00:00+00:00,q95,development,DK1
0.00012677537671737057,0.00012725851095038199,0.00026162703643320189,0.00022800425614062924,24,0,1.3501455528843865e-05,2022-07-31 00:00:00+00:00,q95,development,DK1
0.12083515129035317,0.130828528581236,0.11357730233996555,0.12279502189698094,24,0,0.063424072461802608,2022-08-01 00:00:00+00:00,q95,development,DK1
0.14074010146358809,0.12058989718062429,0.13311873801845761,0.11400792665183643,24,0,0.12521393448644902,2022-08-02 00:00:00+00:00,q95,development,DK1
1.1487453103440768,0.92145882886340202,1.1159445424475689,0.88870553023201126,24,0,1.0089818214611066,2022-08-03 00:00:00+00:00,q95,development,DK1
0.07559811571691756,0.056768860020796563,0.06786548298959387,0.049283905940351064,24,0,0.052206892882702222,2022-08-04 00:00:00+00:00,q95,development,DK1
0.00091974571112454057,0.0014264481319401538,0.0012780684932006336,0.001703682286214698,24,0,0.0001085834085160671,2022-08-05 00:00:00+00:00,q95,development,DK1
5.3598736511251091e-10,2.9414367061035369e-09,4.5428730429855313e-09,1.950587343797686e-08,24,0,1.2186543327681825e-12,2022-08-06 00:00:00+00:00,q95,development,DK1
0.00017850770860458886,0.00051436637077796642,0.00040274852616919749,0.00096786124843287061,24,0,6.9817679895008197e-06,2022-08-07 00:00:00+00:00,q95,development,DK1
0.0034631203888818031,0.0051290936918896935,0.0052807904461463478,0.0068806741553673698,24,0,0.0011687818995717049,2022-08-08 00:00:00+00:00,q95,development,DK1
0.014075435775402706,0.012416552276867424,0.018484830081158185,0.015589004872846288,24,0,0.0085963350771106131,2022-08-09 00:00:00+00:00,q95,development,DK1
0.13573706955080539,0.10209338919547464,0.13436455419233195,0.099323490198713643,24,0,0.10610242617837812,2022-08-10 00:00:00+00:00,q95,development,DK1
0.075635726768741654,0.048779185809780995,0.075015586449372701,0.047948227778923255,24,0,0.074175521735319119,2022-08-11 00:00:00+00:00,q95,development,DK1
0.030025273444483979,0.017495323676544081,0.030040184847799665,0.017563399752435732,24,0,0.027358013886555736,2022-08-12 00:00:00+00:00,q95,development,DK1
0.00055359228457703348,0.00025424198810762691,0.00079407378103733416,0.00039149285054979413,24,0,0.00048643591521913058,2022-08-13 00:00:00+00:00,q95,development,DK1
1.4322430180617649e-05,2.4680082023789349e-05,0.00012026001806164839,0.00013471608825259667,24,0,5.1207487560880112e-06,2022-08-14 00:00:00+00:00,q95,development,DK1
0.011297594358480417,0.010744299841403515,0.015529534358176441,0.015348536746207342,24,0,0.0054324135869152045,2022-08-15 00:00:00+00:00,q95,development,DK1
0.018722751213922556,0.012269923551955572,0.022851976850250141,0.015506497345257277,24,0,0.010918799116665609,2022-08-16 00:00:00+00:00,q95,development,DK1
0.19497723154904104,0.13064949795933584,0.17301386909956437,0.11230385743019912,24,0,0.13871710686359709,2022-08-17 00:00:00+00:00,q95,development,DK1
0.016712841008467115,0.01980052004686924,0.022177391196550517,0.024931286677717809,24,0,0.0074175459639814045,2022-08-18 00:00:00+00:00,q95,development,DK1
0.0016754859690196332,0.0011083354768797247,0.0031982743794974249,0.002253489963280285,24,0,0.00033726231071486661,2022-08-19 00:00:00+00:00,q95,development,DK1
1.8355056368490891e-10,6.4751435981404241e-11,6.0350818759830386e-08,4.3477257876281e-08,24,0,4.4223530596387527e-11,2022-08-20 00:00:00+00:00,q95,development,DK1
0.0016430869452561561,0.0011353223928122879,0.0026314498259591749,0.001787791824263048,24,0,0.00016019977618821448,2022-08-21 00:00:00+00:00,q95,development,DK1
0.029227850306109842,0.017556327492791721,0.032855855847008855,0.020877970767789994,24,0,0.016689386779875109,2022-08-22 00:00:00+00:00,q95,development,DK1
0.011545065248022811,0.0079865347529099011,0.0099574994809200207,0.0068303671668417769,24,0,0.0070534368079502394,2022-08-23 00:00:00+00:00,q95,development,DK1
0.001177702587606971,0.0012940996365339492,0.0008588335881246985,0.00095806797150681266,24,0,0.00077320287705172808,2022-08-24 00:00:00+00:00,q95,development,DK1
0.01594694919609814,0.016627743349744505,0.013401008862527427,0.013823091240255325,24,0,0.007734138188172833,2022-08-25 00:00:00+00:00,q95,development,DK1
0.0016245028916716713,0.0019136928255021786,0.0041967770826196269,0.0042067341688930568,24,0,0.00054720663440600891,2022-08-26 00:00:00+00:00,q95,development,DK1
4.8669038319835656e-12,2.5008156829131616e-11,9.0646839062618968e-09,9.7757130216673547e-09,24,0,8.5145023518240533e-14,2022-08-27 00:00:00+00:00,q95,development,DK1
6.9573235107165962e-07,1.7822164847919012e-06,2.4337966210975861e-06,4.0181808699968882e-06,24,0,3.2238452938845925e-09,2022-08-28 00:00:00+00:00,q95,development,DK1
0.0033288753581761608,0.0020643162303539244,0.0045096650192405358,0.0028890016637446035,24,0,0.0014043928444220657,2022-08-29 00:00:00+00:00,q95,development,DK1
0.0030595610763617517,0.001985439128077515,0.0047293000210002671,0.0034634614634222521,24,0,0.0020003008032282638,2022-08-30 00:00:00+00:00,q95,development,DK1
0.0047797776208538621,0.0040203445745918371,0.0072097133525835886,0.0061218376093833335,24,0,0.0034486446249707061,2022-08-31 00:00:00+00:00,q95,development,DK1
0.05011669931224122,0.03341734348810084,0.052325673577126731,0.035334632754711215,24,0,0.047838695252761479,2022-09-01 00:00:00+00:00,q95,development,DK1
0.00041454725959946381,0.00025574715560333053,0.0013062414957365261,0.00094423722044682985,24,0,0.0010330652281818448,2022-09-02 00:00:00+00:00,q95,development,DK1
6.9152969782930162e-11,7.2898359305403138e-11,1.1521091585265862e-09,1.0964521138775964e-09,24,0,8.6906455673042587e-12,2022-09-03 00:00:00+00:00,q95,development,DK1
7.2989737437283261e-10,6.7628483644874025e-10,2.2091879303007819e-09,1.8853646803204245e-09,24,0,1.4495747449070015e-10,2022-09-04 00:00:00+00:00,q95,development,DK1
3.0770779581233831e-07,3.9178610051145626e-07,6.1649339242609146e-07,8.0623700441383593e-07,24,0,1.8994716753253721e-07,2022-09-05 00:00:00+00:00,q95,development,DK1
1.720669311982474e-08,2.4332251079359036e-08,4.5797554907031316e-08,5.8257647036813449e-08,24,0,4.1695801826095844e-09,2022-09-06 00:00:00+00:00,q95,development,DK1
4.1616168317228315e-05,5.1301584020904814e-05,7.7377627467990518e-05,8.1395322983065927e-05,24,0,5.1699079284712733e-06,2022-09-07 00:00:00+00:00,q95,development,DK1
2.0172452887681585e-10,1.0251649625182887e-09,1.0423254083532919e-08,8.2140314170914381e-08,24,0,6.6669920188541545e-13,2022-09-08 00:00:00+00:00,q95,development,DK1
2.7612759613159979e-07,7.0332204534573527e-07,6.1911782504295725e-06,1.0324676308940506e-05,24,0,4.1719685473869043e-08,2022-09-09 00:00:00+00:00,q95,development,DK1
8.4436475799542885e-07,7.5962007035124335e-07,1.3143889787713198e-05,1.2319461193552175e-05,24,0,1.3527808493484209e-07,2022-09-10 00:00:00+00:00,q95,development,DK1
0.003608935807658387,0.0031511303866900366,0.0032631731910878056,0.0029555249158581647,24,0,0.002172152671609741,2022-09-11 00:00:00+00:00,q95,development,DK1
0.0015404012255343332,0.0013106702965825039,0.0016516282434548622,0.001374720364189458,24,0,0.00067934741695651712,2022-09-12 00:00:00+00:00,q95,development,DK1
7.5995250201189319e-07,6.866971557725206e-07,5.7695653277890738e-07,5.1938762551933407e-07,24,0,3.2603642074979882e-07,2022-09-13 00:00:00+00:00,q95,development,DK1
0.054247773346241611,0.044978236580558814,0.049183209372601892,0.040673608101369656,24,0,0.031473772381058633,2022-09-14 00:00:00+00:00,q95,development,DK1
9.3792898107060481e-15,1.1848055985405205e-14,7.7468264504935591e-15,9.6198352012825133e-15,24,0,1.0614368720536078e-15,2022-09-15 00:00:00+00:00,q95,development,DK1
1.3093006263998686e-06,2.4407255712948965e-06,7.2219218105920095e-06,9.2047675768180717e-06,24,0,4.446971610882213e-08,2022-09-16 00:00:00+00:00,q95,development,DK1
5.7076045584799295e-08,1.2626567314234762e-07,5.5075699103262647e-07,7.3994910127159436e-07,24,0,1.2054412821800769e-09,2022-09-17 00:00:00+00:00,q95,development,DK1
8.4339355118136088e-09,1.2436237482603967e-08,1.4627072714580604e-08,1.8791080570648113e-08,24,0,1.5107059774218231e-09,2022-09-18 00:00:00+00:00,q95,development,DK1
0.00030991380377172928,0.00055608739362299729,0.00027615167063075875,0.00070389215723698289,24,0,0.00015035199306551652,2022-09-19 00:00:00+00:00,q95,development,DK1
1.1266355606728191,0.806434086547694,1.1301606570413973,0.81449029728146272,24,0,1.105059587032144,2022-09-20 00:00:00+00:00,q95,development,DK1
2.8874614768947624,1.9354847313222276,2.9045149110026025,1.938366493882749,24,0,3.0925575990833494,2022-09-21 00:00:00+00:00,q95,development,DK1
0.94381323603771328,0.62537531485669451,0.9104548279764646,0.62113643172689781,24,0,0.74317078250534307,2022-09-22 00:00:00+00:00,q95,development,DK1
0.00046814089081274846,0.00037856936207754681,0.00059453535562748307,0.00053197958704449952,24,0,0.00014356819882566647,2022-09-23 00:00:00+00:00,q95,development,DK1
2.1503833037163625e-08,1.2643704205677945e-08,9.4708086128260241e-07,6.6940439405292627e-07,24,0,3.5661397281759603e-10,2022-09-24 00:00:00+00:00,q95,development,DK1
3.3198869005536275e-05,2.328765861126472e-05,3.9188565689821224e-05,4.6219250281889647e-05,24,0,2.4850527472009877e-06,2022-09-25 00:00:00+00:00,q95,development,DK1
1.2334297922350515e-07,3.0265726619291919e-07,4.8567946912517604e-06,9.1307555386875156e-06,24,0,1.1109285725585187e-08,2022-09-26 00:00:00+00:00,q95,development,DK1
0.00010403905710835153,0.00021395730106074559,0.00029971408472051844,0.00057539522818166944,24,0,3.378093438637351e-05,2022-09-27 00:00:00+00:00,q95,development,DK1
0.03553154592407555,0.032166987590116124,0.047050202538835566,0.044060425830575636,24,0,0.011663978395742798,2022-09-28 00:00:00+00:00,q95,development,DK1
0.81180592507552563,0.59707930008054022,0.80888263356053547,0.60597188458377416,24,0,0.48943164488871699,2022-09-29 00:00:00+00:00,q95,development,DK1
1.6311682535827954,1.1918076030291471,1.6096750699494247,1.182266245237825,24,0,1.5311550937623566,2022-09-30 00:00:00+00:00,q95,development,DK1
1.0117184365676606e-15,1.0997353927987681e-14,4.4417952000840473e-12,6.4882044121718429e-11,24,0,6.3073056515265886e-19,2022-10-01 00:00:00+00:00,q95,development,DK1
1.1641035403469185e-18,5.3611396720413121e-17,1.5464001806922772e-12,6.1466904797418963e-12,24,0,1.0995446066813656e-20,2022-10-02 00:00:00+00:00,q95,development,DK1
7.0105587522459743e-07,5.7859540317327955e-07,2.3400204984868056e-06,1.8025668710825918e-06,24,0,8.3350349926578192e-08,2022-10-03 00:00:00+00:00,q95,development,DK1
6.6149101062702476e-06,9.2629706569995374e-06,6.0887873159626228e-05,7.6339903013545818e-05,24,0,1.5793109401383702e-06,2022-10-04 00:00:00+00:00,q95,development,DK1
9.3725444294332727e-15,4.4700852668782732e-14,4.3283693770770007e-11,7.6783265574892539e-11,24,0,5.778323189474387e-19,2022-10-05 00:00:00+00:00,q95,development,DK1
2.0837977795452041e-13,3.430982412897397e-13,1.7266049406044597e-12,1.3522483515720966e-12,24,0,8.1516966374831875e-15,2022-10-06 00:00:00+00:00,q95,development,DK1
1.8681497462388085e-16,7.1304657542012025e-16,1.9995891946385424e-13,1.6485056841010361e-13,24,0,1.1072220973939449e-18,2022-10-07 00:00:00+00:00,q95,development,DK1
6.7578365118650005e-15,1.4567481234372147e-14,6.8713876687071404e-12,1.0213033394217254e-11,24,0,3.9625051815479637e-17,2022-10-08 00:00:00+00:00,q95,development,DK1
1.0115357066581115e-15,4.2028913699934425e-14,5.6069184308455557e-13,6.9418140487044972e-12,24,0,6.0880222853255537e-21,2022-10-09 00:00:00+00:00,q95,development,DK1
2.5257060451311107e-11,2.3403978854762433e-10,1.4697870007611227e-08,2.4878053778518047e-08,24,0,2.0022264072558844e-13,2022-10-10 00:00:00+00:00,q95,development,DK1
0.00026031745234281591,0.00031312540262825651,0.00056199348628024328,0.00065675407436093934,24,0,1.4159723760640686e-05,2022-10-11 00:00:00+00:00,q95,development,DK1
0.026554133476694709,0.033714732627668158,0.031226685329894831,0.038001190794313709,24,0,0.0057666508192329028,2022-10-12 00:00:00+00:00,q95,development,DK1
4.4129283154332559e-05,6.2788611505065669e-05,0.00026608967078788168,0.00034310039902387952,24,0,5.7329679195221808e-06,2022-10-13 00:00:00+00:00,q95,development,DK1
0.00026767133394084441,0.00033453485987653152,0.00071461331922885983,0.00082745248748358573,24,0,2.8625210205156993e-05,2022-10-14 00:00:00+00:00,q95,development,DK1
2.6288888749340509e-16,2.7089573551027395e-15,2.0974643411190807e-13,3.6298439925865267e-12,24,0,1.2125678425723497e-19,2022-10-15 00:00:00+00:00,q95,development,DK1
5.6759347070788013e-10,5.6888790130800803e-10,9.9561816765049935e-09,6.9879663571343752e-09,24,0,3.072313746150833e-11,2022-10-16 00:00:00+00:00,q95,development,DK1
4.9584001921561391e-08,1.4085001176399162e-07,2.5646618920003113e-06,5.5899720170731213e-06,24,0,1.824445012380725e-09,2022-10-17 00:00:00+00:00,q95,development,DK1
4.6662898158478032e-10,1.8184732906154422e-09,5.6196905615458278e-08,6.9442275456077332e-08,24,0,9.4858105576639312e-12,2022-10-18 00:00:00+00:00,q95,development,DK1
0.0011557338351672992,0.0013308530705612278,0.0018359484744335393,0.0020497584722141845,24,0,0.00018074577779166886,2022-10-19 00:00:00+00:00,q95,development,DK1
9.9989263620019391e-13,9.3094024351377346e-12,1.2989060717507435e-10,8.1636126177121113e-10,24,0,1.4901748536041247e-15,2022-10-20 00:00:00+00:00,q95,development,DK1
5.9212533376157752e-06,8.1496297708389557e-06,7.0597133771018827e-05,9.2623917834047681e-05,24,0,8.7502989785829257e-07,2022-10-21 00:00:00+00:00,q95,development,DK1
2.7042793367895913e-10,1.2842315453884243e-09,3.0043691734371012e-09,1.9578512761797156e-08,24,0,3.5217906973590111e-12,2022-10-22 00:00:00+00:00,q95,development,DK1
7.3968330505681402e-15,7.0946406662990704e-15,1.2994168549505148e-13,1.3044470444138705e-13,24,0,8.7166577760993177e-18,2022-10-23 00:00:00+00:00,q95,development,DK1
1.9632411572738325e-20,1.5487321847038845e-19,5.3586795710668096e-14,5.0356372874747538e-13,24,0,5.4736653705698797e-23,2022-10-24 00:00:00+00:00,q95,development,DK1
4.7308794021155911e-11,6.6593315601793057e-11,1.4068768751230421e-08,2.9852161841820793e-08,24,0,6.5931861693236277e-13,2022-10-25 00:00:00+00:00,q95,development,DK1
2.4356392513085743e-08,3.7017090163021948e-08,1.7781447546471335e-06,2.3504068234136674e-06,24,0,2.2826799740692136e-09,2022-10-26 00:00:00+00:00,q95,development,DK1
2.0016621409081644e-09,1.9278804029086105e-09,3.6423231970760531e-07,3.3919083203000398e-07,24,0,3.0504773075814548e-11,2022-10-27 00:00:00+00:00,q95,development,DK1
2.3032749790906029e-10,4.2669818369111506e-10,1.6749467615223826e-08,4.7071025643722147e-08,24,0,7.2634276266521096e-12,2022-10-28 00:00:00+00:00,q95,development,DK1
3.7719789058361772e-15,1.3644124912093084e-14,5.1569511582534e-13,3.3451772693227756e-12,24,0,7.6827359665588667e-18,2022-10-29 00:00:00+00:00,q95,development,DK1
0,0,0,0,0,0,0,2022-10-30 00:00:00+00:00,q95,development,DK1
5.11902659836963e-05,5.8490043587927319e-05,0.00031984550922940449,0.00033804421400620682,24,0,1.187940973049492e-05,2022-10-31 00:00:00+00:00,q95,development,DK1
4.6902031759754237e-18,5.0312790459631829e-17,9.1031862044518094e-14,9.2246219046793488e-13,24,0,7.0771940414606242e-24,2022-11-01 00:00:00+00:00,q95,development,DK1
4.7573756459713313e-19,7.1323110255725681e-18,4.1306729583450716e-15,1.2452517948020055e-13,24,0,1.8093790811344696e-25,2022-11-02 00:00:00+00:00,q95,development,DK1
4.0574290984013941e-08,5.3115908938459587e-08,4.7263409963032217e-06,6.491940052715313e-06,24,0,9.9632082644893049e-09,2022-11-03 00:00:00+00:00,q95,development,DK1
4.4286957653716639e-06,1.8251181508622953e-05,9.8799176492714656e-06,3.8902331197204747e-05,24,0,7.2086415171026475e-09,2022-11-04 00:00:00+00:00,q95,development,DK1
6.7851909067611185e-15,1.4350046660488372e-13,3.1255363404180888e-12,1.5996087393804427e-11,24,0,3.0052125701700692e-21,2022-11-05 00:00:00+00:00,q95,development,DK1
4.9084807695667405e-25,3.7289781627515796e-25,3.5494535132570523e-23,5.7443133117193167e-22,24,0,2.3088083555113032e-36,2022-11-06 00:00:00+00:00,q95,development,DK1
3.551106668658961e-29,1.8523440130720883e-28,3.2737875980990546e-22,1.4914087748025198e-20,24,0,2.0635602790848138e-32,2022-11-07 00:00:00+00:00,q95,development,DK1
2.6600143205019629e-27,1.0322737982882703e-27,3.0925586084558215e-21,7.3352118409424206e-20,24,0,1.0079764173255422e-35,2022-11-08 00:00:00+00:00,q95,development,DK1
8.3441203905371622e-14,8.2770486993577944e-13,1.7618121172897493e-11,1.6756605651788291e-10,24,0,3.3674081140959998e-18,2022-11-09 00:00:00+00:00,q95,development,DK1
2.6499805649999302e-14,6.7552197725919379e-13,2.8615447257578433e-11,1.3025283435216445e-10,24,0,1.1308504337324129e-19,2022-11-10 00:00:00+00:00,q95,development,DK1
1.2713490687038069e-16,6.4236054904963421e-15,4.6574736890152956e-13,8.8731657722270194e-12,24,0,4.30051397280085e-23,2022-11-11 00:00:00+00:00,q95,development,DK1
5.0169813965085548e-16,2.9835850124016069e-16,1.1989101789133591e-14,4.5751960944825646e-15,24,0,9.7257843655756419e-22,2022-11-12 00:00:00+00:00,q95,development,DK1
0,0,0,0,0,0,0,2022-11-13 00:00:00+00:00,q95,development,DK1
3.7122144893481883e-17,1.7181793554069471e-17,4.3949688525410564e-12,6.8227072389578143e-13,24,0,2.0427318984655951e-20,2022-11-14 00:00:00+00:00,q95,development,DK1
1.5776690623640619e-15,2.5853500186536305e-16,3.9629293993870709e-12,4.0068510983077746e-13,24,0,9.007287598502617e-19,2022-11-15 00:00:00+00:00,q95,development,DK1
2.3281257465335111e-28,4.9525673705906631e-29,1.262988795296195e-19,3.5942173536730617e-21,24,0,1.4845500203156587e-32,2022-11-16 00:00:00+00:00,q95,development,DK1
4.0070497952751913e-24,1.6890908358631115e-21,1.0522292757930057e-19,5.2235012977453709e-17,24,0,4.6155640285172992e-33,2022-11-17 00:00:00+00:00,q95,development,DK1
8.0196017462202843e-23,1.0673572176011258e-20,6.1382826451609919e-16,2.6076302809795713e-16,24,0,7.2335535475036909e-26,2022-11-18 00:00:00+00:00,q95,development,DK1
4.6129673583118187e-10,1.192725931047498e-08,1.5334110544876235e-07,6.1403063157668217e-07,24,0,3.3767078930283277e-11,2022-11-19 00:00:00+00:00,q95,development,DK1
0,0,0,0,0,0,0,2022-11-20 00:00:00+00:00,q95,development,DK1
8.2148597280458585e-05,7.4031348374008538e-05,0.00019711362088023897,0.00022223079078701342,24,0,1.1496172388193382e-05,2022-11-21 00:00:00+00:00,q95,development,DK1
4.5855761881840207e-22,1.3571649170468423e-21,1.1554029408997529e-14,2.9773750841147537e-15,24,0,5.5222736208795465e-22,2022-11-22 00:00:00+00:00,q95,development,DK1
7.4618631763925986e-23,2.4113361506709043e-23,1.3208628483787948e-15,3.2148542381649374e-16,24,0,4.2360210270801198e-28,2022-11-23 00:00:00+00:00,q95,development,DK1
3.0526486428185988e-12,1.663056085052194e-12,2.5963960251212695e-09,1.7298693076133655e-09,24,0,1.4946943869309349e-15,2022-11-24 00:00:00+00:00,q95,development,DK1
1.8370159606796167e-06,1.6531891241466541e-06,1.4217329144278589e-05,1.3412161465451078e-05,24,0,2.3765337476887761e-08,2022-11-25 00:00:00+00:00,q95,development,DK1
3.3447473584836513e-11,6.3829651631711526e-11,6.4269886089340485e-10,9.0607196402090066e-10,24,0,2.1635721847961668e-15,2022-11-26 00:00:00+00:00,q95,development,DK1
9.6165269695881506e-21,1.6044689738196101e-18,1.7929857192725642e-14,9.9889602364610355e-15,24,0,6.8836229859266393e-25,2022-11-27 00:00:00+00:00,q95,development,DK1
5.7589450776403127e-12,7.7899202964105101e-11,5.7363448613359058e-10,4.0361378771441161e-09,24,0,2.2151183764782365e-15,2022-11-28 00:00:00+00:00,q95,development,DK1
1.2132683006799477e-05,1.4265674355253072e-05,3.9875854097109525e-05,4.4086417406309797e-05,24,0,6.2078642675164186e-08,2022-11-29 00:00:00+00:00,q95,development,DK1
0.00046732874066578303,0.0009669531702172679,0.00085057494422546257,0.0015456985858798885,24,0,4.6350774514121324e-05,2022-11-30 00:00:00+00:00,q95,development,DK1
0.00066964862397183927,0.0013518081082778818,0.0015583178827057785,0.0026744491219915746,24,0,0.00011356729136415594,2022-12-01 00:00:00+00:00,q95,development,DK1
4.5447762704357745e-06,2.8612418306729922e-05,4.294486260882021e-05,0.00013954769552319645,24,0,8.1693949922407387e-07,2022-12-02 00:00:00+00:00,q95,development,DK1
1.4628372322570283e-16,4.2446347509967191e-15,2.4652639454246513e-13,2.7033918298667306e-12,24,0,3.0087191155345509e-24,2022-12-03 00:00:00+00:00,q95,development,DK1
5.1604858701001148e-14,5.2966424344347386e-13,9.5620361405767808e-12,2.9977915066025907e-11,24,0,8.1213469873050697e-20,2022-12-04 00:00:00+00:00,q95,development,DK1
5.3842163477051053e-05,8.4138755459460952e-05,0.00017982946508346599,0.00024638425328178372,24,0,5.3571636989155352e-07,2022-12-05 00:00:00+00:00,q95,development,DK1
0.048059490486281525,0.068968135149403254,0.046304310712178637,0.067464844003886679,24,0,0.018924629247799998,2022-12-06 00:00:00+00:00,q95,development,DK1
0.00048820938479630829,0.0045226796951491578,0.00077346585431325261,0.00526114877584998,24,0,0.00030433117770117314,2022-12-07 00:00:00+00:00,q95,development,DK1
0.011819609334482508,0.043733740582835898,0.01433661608285506,0.044464828619040109,24,0,0.0046771621742475733,2022-12-08 00:00:00+00:00,q95,development,DK1
0.0043184912935617468,0.016384046220871952,0.007297853730318965,0.021662510868870794,24,0,0.0011581823989215349,2022-12-09 00:00:00+00:00,q95,development,DK1
5.1085851188762947e-06,6.8573667431654156e-05,3.2009610763860451e-05,0.00022724406495508098,24,0,4.3898933430328064e-08,2022-12-10 00:00:00+00:00,q95,development,DK1
0.00082677786342475856,0.0031858756381978773,0.0013421800208023068,0.0039638445398507399,24,0,0.00016452312322612976,2022-12-11 00:00:00+00:00,q95,development,DK1
0.05757547880998018,0.15738489200914177,0.064683460219697259,0.16683763582007835,24,0,0.024146914198523731,2022-12-12 00:00:00+00:00,q95,development,DK1
0.45136201277248034,0.6324138767305908,0.43577145659745592,0.61795149322883236,24,0,0.42204159878084779,2022-12-13 00:00:00+00:00,q95,development,DK1
0.053009169379191201,0.1030761032710699,0.061906319157303165,0.11326817220585784,24,0,0.037058626489182206,2022-12-14 00:00:00+00:00,q95,development,DK1
0.13933272793967044,0.24216049566999834,0.14869629595353068,0.24941734090226758,24,0,0.12614810225517603,2022-12-15 00:00:00+00:00,q95,development,DK1
2.8390243225666634,3.9355714501398116,2.8112425962587597,3.9301778093842539,24,0,2.6211408173057595,2022-12-16 00:00:00+00:00,q95,development,DK1
0.044792327502587374,0.096010602750172119,0.047429075165476065,0.098486107832963535,24,0,0.020114358947966929,2022-12-17 00:00:00+00:00,q95,development,DK1
1.0504473328955011e-20,4.7314324610325075e-20,7.7283905528053014e-15,4.6547800501056634e-15,24,0,2.0330177899091288e-20,2022-12-18 00:00:00+00:00,q95,development,DK1
2.8440081549499237e-19,1.3082338414782217e-19,1.3650659307312092e-14,7.6589260862710323e-15,24,0,2.5208883223210734e-22,2022-12-19 00:00:00+00:00,q95,development,DK1
3.327575941637906e-14,1.866221361666377e-14,2.3567883204176161e-10,1.607739999813551e-10,24,0,2.373908707138666e-17,2022-12-20 00:00:00+00:00,q95,development,DK1
1.0310713945683306e-09,6.7761131119336142e-10,1.1806019085840464e-07,8.7766286424731011e-08,24,0,2.1351523531612892e-12,2022-12-21 00:00:00+00:00,q95,development,DK1
7.6712686549991729e-11,4.856974455825838e-11,3.25082576312457e-08,2.3919841684034957e-08,24,0,1.1889711294928208e-12,2022-12-22 00:00:00+00:00,q95,development,DK1
3.1796069509068679e-05,2.3182919308963057e-05,0.00013269761831920078,0.00010651469943702776,24,0,1.1139576074343931e-06,2022-12-23 00:00:00+00:00,q95,development,DK1
2.752611705127048e-09,1.7489446081984993e-09,2.337564837297878e-08,1.6602238992406464e-08,24,0,9.9990322397218073e-12,2022-12-24 00:00:00+00:00,q95,development,DK1
1.3762680184210691e-09,2.3330614667365743e-09,7.9197175908139708e-08,1.2011428878606463e-07,24,0,1.3128825320997172e-13,2022-12-25 00:00:00+00:00,q95,development,DK1
1.4682065156560045e-12,2.4167844285780104e-12,2.4583598714407168e-09,4.6204553281765499e-09,24,0,8.2167486815352069e-14,2022-12-26 00:00:00+00:00,q95,development,DK1
2.5035984239379611e-15,5.9714218886748533e-15,3.607214771615412e-11,8.0019748651879129e-11,24,0,2.0144011599971984e-18,2022-12-27 00:00:00+00:00,q95,development,DK1
7.7391815404289567e-27,2.7368136274107212e-26,2.4644751073199926e-19,1.2140086091731473e-18,24,0,5.9218869856057201e-35,2022-12-28 00:00:00+00:00,q95,development,DK1
3.0242465986844548e-18,5.819200143303126e-18,5.7359345569104028e-14,6.4125303385351667e-14,24,0,1.2863811092208917e-23,2022-12-29 00:00:00+00:00,q95,development,DK1
1.5717114180340721e-18,9.7553354626609666e-18,1.3960357741600145e-15,1.5439520323634929e-14,24,0,8.5733104562800211e-26,2022-12-30 00:00:00+00:00,q95,development,DK1
1.0565507464113867e-14,3.0727071742776483e-15,2.6478412390216327e-12,9.1881975949508384e-13,24,0,2.3925526802669524e-16,2022-12-31 00:00:00+00:00,q95,development,DK1
9.8880685990693114e-14,4.0660871924137541e-13,1.8820207465277961e-10,3.8945144636050341e-10,24,0,5.5742040384302092e-15,2023-01-01 00:00:00+00:00,q95,development,DK1
3.9081966689823663e-06,2.0919235181501529e-06,1.2455384665432653e-05,7.1396511406481977e-06,24,0,1.916243843310927e-07,2023-01-02 00:00:00+00:00,q95,development,DK1
1.0224343797055198e-10,5.6515459507617253e-10,9.476144369622154e-09,4.8920691238839047e-08,24,0,6.8559775040968724e-14,2023-01-03 00:00:00+00:00,q95,development,DK1
1.5864433799427279e-22,2.49876240129848e-19,1.5089247590426721e-17,1.0642974983288958e-14,24,0,1.259131655250618e-27,2023-01-04 00:00:00+00:00,q95,development,DK1
1.1501454865388265e-07,2.6889144193428587e-07,9.7953008342647672e-07,1.984463025155327e-06,24,0,2.2682331555196574e-09,2023-01-05 00:00:00+00:00,q95,development,DK1
4.033929810046769e-13,1.0635999652153316e-12,9.0178295761125306e-10,8.0866749335772395e-10,24,0,2.2542306919743704e-15,2023-01-06 00:00:00+00:00,q95,development,DK1
3.8053047659511955e-21,1.4774692057596928e-21,8.674095697305194e-16,6.1556098670374836e-16,24,0,4.1349320127809098e-28,2023-01-07 00:00:00+00:00,q95,development,DK1
1.6623964482530333e-18,3.0622341161030482e-18,9.0936741583644627e-15,7.0572982076689121e-15,24,0,3.9514761236140155e-25,2023-01-08 00:00:00+00:00,q95,development,DK1
1.9149412909031428e-08,9.0940980260637134e-09,9.9708558833681352e-07,5.918155860409391e-07,24,0,3.2143434445173612e-10,2023-01-09 00:00:00+00:00,q95,development,DK1
1.8506307829458261e-13,4.6510749701142471e-12,1.4876792730584542e-09,7.7663255384471392e-09,24,0,2.2349707175727582e-15,2023-01-10 00:00:00+00:00,q95,development,DK1
3.9925158965158483e-20,7.711242960258582e-19,7.4457485035739038e-15,7.5266537454823197e-14,24,0,1.1031595805344571e-25,2023-01-11 00:00:00+00:00,q95,development,DK1
6.94342443927103e-14,1.7469598126777814e-14,3.0305981795299724e-11,8.4078954819296385e-12,24,0,2.1759161421858685e-15,2023-01-12 00:00:00+00:00,q95,development,DK1
1.5261360662465151e-19,7.3380035781514751e-17,2.5144577952180271e-14,1.1628544221948579e-11,24,0,6.3222080829778151e-22,2023-01-13 00:00:00+00:00,q95,development,DK1
9.2567896847028093e-29,8.8820807547228276e-29,2.871344386000113e-23,3.9551795511543652e-22,24,0,2.5779405757918551e-38,2023-01-14 00:00:00+00:00,q95,development,DK1
7.0381183887687105e-30,5.3428069996421795e-28,9.2991664722922028e-20,3.1190271432870255e-19,24,0,2.9264805517722933e-31,2023-01-15 00:00:00+00:00,q95,development,DK1
1.8884877475425595e-07,4.4403873088119627e-07,5.8811464566186994e-06,1.56894408687908e-05,24,0,4.5419842075330235e-08,2023-01-16 00:00:00+00:00,q95,development,DK1
2.990525908435635e-09,1.424158960834468e-08,7.5013248564513578e-07,1.2162792343880363e-06,24,0,8.0297769198679395e-10,2023-01-17 00:00:00+00:00,q95,development,DK1
1.5204472910143275e-05,4.8296377386701323e-05,0.00012108976371891197,0.0002937681242654281,24,0,1.2844951377738402e-06,2023-01-18 00:00:00+00:00,q95,development,DK1
0.00019946264708734819,0.00086015411230282938,0.0011469420113368197,0.002540973115515259,24,0,0.00031265403419016111,2023-01-19 00:00:00+00:00,q95,development,DK1
0.014097934602397461,0.059741556404841668,0.019005814784138458,0.075590074629202669,24,0,0.0059551010930509246,2023-01-20 00:00:00+00:00,q95,development,DK1
3.5726100295737234e-10,2.8498938534344129e-09,3.2541184026523334e-07,9.4398659374652312e-07,24,0,6.3946623582193808e-08,2023-01-21 00:00:00+00:00,q95,development,DK1
3.2306211005810023e-07,3.3904678256234917e-06,1.3215698375484482e-05,7.1802694395768264e-05,24,0,1.1104053133289701e-07,2023-01-22 00:00:00+00:00,q95,development,DK1
5.0631555470519229,4.7671056710969912,4.9890221912240174,4.6767486096353954,24,6,5.2272705145107601,2023-01-23 00:00:00+00:00,q95,development,DK1
0.010394464081753547,0.017209068310138874,0.013567659558888733,0.022580395895936408,24,0,0.0021325096176289752,2023-01-24 00:00:00+00:00,q95,development,DK1
1.6756203773477549,1.7094482268544036,1.6627175441270836,1.7021937825104707,24,2,1.7743197507620785,2023-01-25 00:00:00+00:00,q95,development,DK1
0.00057008505889273142,0.0045283763766049622,0.00052388531800497693,0.0041494381908472365,24,0,0.00022829443778616133,2023-01-26 00:00:00+00:00,q95,development,DK1
0.0093851601202849296,0.020325387197022551,0.011064329861695062,0.023029975582937689,24,0,0.009841964898850095,2023-01-27 00:00:00+00:00,q95,development,DK1
2.7520522506167841e-06,8.2412293830396296e-06,2.0872036163967968e-05,4.280881108029011e-05,24,0,2.0125616175841635e-08,2023-01-28 00:00:00+00:00,q95,development,DK1
7.9707439984674638e-13,1.9262025324716004e-12,2.0280274021521829e-12,3.0281486153846657e-12,24,0,1.0777417580594647e-16,2023-01-29 00:00:00+00:00,q95,development,DK1
7.815737448698006e-19,2.0881491269689912e-18,2.4007426895724809e-14,1.5196818101784914e-14,24,0,3.1414354757518696e-17,2023-01-30 00:00:00+00:00,q95,development,DK1
2.0996591470990822e-19,1.4496857458023245e-18,5.7400631666782857e-14,3.9453580491176143e-14,24,0,4.4099589807070114e-20,2023-01-31 00:00:00+00:00,q95,development,DK1
4.0959498118528748e-23,7.6978456270003543e-22,6.6493975733270366e-16,4.6160562682896999e-16,24,0,1.1962004183643977e-24,2023-02-01 00:00:00+00:00,q95,development,DK1
1.3081210901797388e-08,9.6472839726873454e-08,3.3874988317319599e-07,2.6529570417129347e-06,24,0,5.8270107134547783e-09,2023-02-02 00:00:00+00:00,q95,development,DK1
1.1793551717676789e-13,7.507607035326376e-13,7.9647607053413068e-10,1.0720420469430312e-09,24,0,1.6763408687433489e-15,2023-02-03 00:00:00+00:00,q95,development,DK1
4.5803689300322195e-07,2.0077095951193076e-06,4.1668922711111581e-06,1.1949831506452588e-05,24,0,2.7603089840944104e-09,2023-02-04 00:00:00+00:00,q95,development,DK1
3.9465385512901681e-11,1.6862053190222302e-10,3.2818657833071995e-08,1.035147796291533e-07,24,0,4.6779335452272241e-12,2023-02-05 00:00:00+00:00,q95,development,DK1
0.030633153284715636,0.060096691414755536,0.032419557996331436,0.058444376012503858,24,0,0.015264482063866181,2023-02-06 00:00:00+00:00,q95,development,DK1
0.090812388417371701,0.14385132633825432,0.095543020551339383,0.15046374784470692,24,0,0.048298574067946944,2023-02-07 00:00:00+00:00,q95,development,DK1
0.0025346023127077529,0.0029371095050655213,0.0043998802081023558,0.0040097057010951113,24,0,0.00082814051463509127,2023-02-08 00:00:00+00:00,q95,development,DK1
3.385925189224139e-07,7.7420030659983367e-07,2.2153109333504017e-07,5.2893119828173652e-07,24,0,1.1848905913777065e-07,2023-02-09 00:00:00+00:00,q95,development,DK1
7.8849465510268862e-06,9.1018955549393255e-06,8.8465933122328227e-06,1.1552125034585806e-05,24,0,1.9635313899880268e-06,2023-02-10 00:00:00+00:00,q95,development,DK1
5.4143191741968958e-18,4.5718975622056988e-17,4.1206465035372088e-16,2.6609821831425187e-16,24,0,4.4471016948495426e-20,2023-02-11 00:00:00+00:00,q95,development,DK1
1.1894800745116761e-08,3.647037661436315e-08,1.4464237721156241e-07,3.19740071543784e-07,24,0,2.1657383177882345e-11,2023-02-12 00:00:00+00:00,q95,development,DK1
5.7511771892950913e-06,5.9520100055964727e-06,3.5760803757195494e-05,3.6242313352474125e-05,24,0,2.4209457431587317e-08,2023-02-13 00:00:00+00:00,q95,development,DK1
0.00010023870768876592,0.00031418621632578741,0.00027189654486284146,0.00061870884312920918,24,0,1.3296968882964568e-05,2023-02-14 00:00:00+00:00,q95,development,DK1
1.6996836033537579e-06,1.6837849782741282e-06,1.3019132038433442e-05,1.1240978627282624e-05,24,0,5.142112583249936e-09,2023-02-15 00:00:00+00:00,q95,development,DK1
2.7878583682629583e-09,9.8410307543278132e-09,1.5161362380276399e-07,3.7459098727529434e-07,24,0,6.2834999564425431e-12,2023-02-16 00:00:00+00:00,q95,development,DK1
6.8347588712902097e-20,1.4243567946066412e-18,5.8188691386332038e-15,1.5411597348572891e-13,24,0,1.0178778996864047e-23,2023-02-17 00:00:00+00:00,q95,development,DK1
3.0033406313115178e-20,9.4509469838929176e-19,2.0395996841058872e-16,1.1622454314908518e-14,24,0,4.4679555279471817e-23,2023-02-18 00:00:00+00:00,q95,development,DK1
3.5857009429234961e-15,1.056590179869979e-14,2.9673064191383121e-11,4.7258573311215348e-11,24,0,3.2319637581265017e-19,2023-02-19 00:00:00+00:00,q95,development,DK1
7.7099010812236561e-16,2.6329551732506001e-15,3.2190429045167328e-11,3.6273028884151215e-11,24,0,8.1129882609332247e-17,2023-02-20 00:00:00+00:00,q95,development,DK1
7.3536023130311001e-06,2.6513939117429629e-05,3.8187604890713323e-05,0.00010151978753528341,24,0,1.6252503382114333e-07,2023-02-21 00:00:00+00:00,q95,development,DK1
4.0777669520210846e-07,1.8413552743621697e-06,1.0644992875683818e-05,2.6747285345047354e-05,24,0,1.3525469064305075e-08,2023-02-22 00:00:00+00:00,q95,development,DK1
2.5470368418997629e-06,7.3390315565787108e-06,1.1296379862747089e-05,2.7896514313357526e-05,24,0,4.9265648280292969e-08,2023-02-23 00:00:00+00:00,q95,development,DK1
8.3776959627256722e-11,6.133632059497588e-10,1.0477503024625996e-08,4.121724567769187e-08,24,0,5.7758810439195707e-14,2023-02-24 00:00:00+00:00,q95,development,DK1
3.4821216326737333e-20,2.9205945621970109e-19,7.9107955655378742e-12,1.3621175258078577e-11,24,0,1.3560566665518433e-18,2023-02-25 00:00:00+00:00,q95,development,DK1
7.2364642706046164e-07,1.9893773349375864e-06,1.1618769507261333e-05,2.4988826759242087e-05,24,0,1.287521674548348e-06,2023-02-26 00:00:00+00:00,q95,development,DK1
0.0015345567631264052,0.0036396413687207439,0.0038068038467916039,0.0068081406998197922,24,0,0.0019727296513144814,2023-02-27 00:00:00+00:00,q95,development,DK1
0.034109690349390528,0.062966553591206911,0.051653990978731523,0.08146219710228389,24,0,0.025140092614177774,2023-02-28 00:00:00+00:00,q95,development,DK1
0.021664401082410533,0.048480958041125045,0.029780044183471691,0.056466239282155578,24,0,0.023348322449418039,2023-03-01 00:00:00+00:00,q95,development,DK1
0.032184348180226786,0.054565337575492839,0.043165173627247429,0.064744565495744241,24,0,0.032803543017448304,2023-03-02 00:00:00+00:00,q95,development,DK1
0.00016407324808591551,0.00041586827987906096,0.00054473813380192138,0.0011207797694732405,24,0,3.506915335808796e-05,2023-03-03 00:00:00+00:00,q95,development,DK1
3.4973271472276823e-10,1.8345975317107183e-09,1.2310673539405644e-07,4.2816850070698363e-07,24,0,1.9373799775941619e-11,2023-03-04 00:00:00+00:00,q95,development,DK1
0.00022273017547389423,0.0005298501773110672,0.00048630440288130792,0.00077501929865747424,24,0,8.0541465110234046e-05,2023-03-05 00:00:00+00:00,q95,development,DK1
0.98251429392698619,0.9703008356955688,0.97425878066823546,0.95442725798137873,24,1,0.99477681774575044,2023-03-06 00:00:00+00:00,q95,development,DK1
2.3337404479601333e-09,5.3679544721514278e-09,1.141606065974873e-06,1.8258580277026308e-06,24,0,3.056779480193287e-08,2023-03-07 00:00:00+00:00,q95,development,DK1
1.1778479996441344,1.2136118463837973,1.151419425036087,1.1851932640088678,24,1,1.1336467335918752,2023-03-08 00:00:00+00:00,q95,development,DK1
0.0016765313421239767,0.0031231644496167079,0.0037226859120943613,0.0060317449166063858,24,0,0.00046278107916252403,2023-03-09 00:00:00+00:00,q95,development,DK1
2.5656488129048393e-11,2.6950087664532962e-10,3.7975182292913628e-08,1.7364374397886757e-07,24,0,4.4572797247428321e-09,2023-03-10 00:00:00+00:00,q95,development,DK1
6.0564207918146771e-16,4.4731684914034494e-15,1.0307863839171304e-10,2.4059295170186135e-10,24,0,2.1253993572367622e-17,2023-03-11 00:00:00+00:00,q95,development,DK1
3.3358774940216819e-11,4.2035275050907952e-10,3.3445983402465499e-10,4.2665291649264889e-09,24,0,5.1541514122858927e-13,2023-03-12 00:00:00+00:00,q95,development,DK1
2.2788760508849149e-25,2.3103667619237555e-25,3.1930850150733523e-23,3.1914328851906205e-23,24,0,5.2187097531364346e-36,2023-03-13 00:00:00+00:00,q95,development,DK1
4.6972533680153765e-12,1.4856296479961154e-11,9.6166890913841455e-08,1.3268018495802772e-07,24,0,3.2103458171497248e-10,2023-03-14 00:00:00+00:00,q95,development,DK1
4.9407750291018211e-06,5.181486761116606e-05,7.2094326928255671e-05,0.00029005044749946091,24,0,9.3977154155440708e-07,2023-03-15 00:00:00+00:00,q95,development,DK1
9.234324327402615e-11,7.7052204089780357e-09,8.1489373742779294e-10,3.1563416117650782e-08,24,0,2.2168572717157428e-11,2023-03-16 00:00:00+00:00,q95,development,DK1
2.7341863821141105e-10,2.1987996737359404e-09,1.1297541695214481e-08,8.3810128907836514e-08,24,0,8.9202000472298617e-12,2023-03-17 00:00:00+00:00,q95,development,DK1
7.4401240350871522e-11,1.2522239135406038e-09,1.9844250562644661e-10,2.1154822733481002e-09,24,0,3.1724275114158027e-13,2023-03-18 00:00:00+00:00,q95,development,DK1
9.8188487473630153e-06,5.2449313392866615e-05,3.8269236329824439e-05,0.00012549339589958703,24,0,1.8050008115422806e-06,2023-03-19 00:00:00+00:00,q95,development,DK1
2.3388815806174683e-05,6.9376794734631655e-05,0.0001132186955044438,0.00019692713870785177,24,0,1.0108478454878297e-06,2023-03-20 00:00:00+00:00,q95,development,DK1
1.2387160962223595e-05,0.00015253670678288378,7.055367032298527e-05,0.0004248247109312,24,0,3.0102178512949196e-07,2023-03-21 00:00:00+00:00,q95,development,DK1
4.9822548671233179e-16,1.557668309297052e-14,8.419993352768513e-13,3.1781494999554973e-11,24,0,1.2055783050621797e-19,2023-03-22 00:00:00+00:00,q95,development,DK1
1.2953432690361826e-16,1.2964733084876057e-15,2.681126461737569e-11,1.5375815556549623e-10,24,0,8.8032493195982457e-19,2023-03-23 00:00:00+00:00,q95,development,DK1
2.6116283029206167e-16,7.8574440114973103e-15,1.5909869731412571e-14,7.2023104263440462e-13,24,0,1.9796241712428162e-17,2023-03-24 00:00:00+00:00,q95,development,DK1
2.6504348686864718e-16,2.2037981629856048e-14,2.4045529211438584e-15,2.4169425541779581e-13,24,0,1.3284248332697402e-18,2023-03-25 00:00:00+00:00,q95,development,DK1
1.0768923023058355e-09,3.9987654270193208e-09,2.0792943236337265e-07,5.6875962721471114e-07,24,0,1.1894590974890089e-11,2023-03-26 00:00:00+00:00,q95,development,DK1
0.00090685209716575492,0.001890403071196776,0.0021425307987925869,0.0037302603785907555,24,0,0.00084347188315473135,2023-03-27 00:00:00+00:00,q95,development,DK1
0.0068345344675297525,0.033736484918803794,0.0067858665518420293,0.035017306290148008,24,0,0.0065206659946629676,2023-03-28 00:00:00+00:00,q95,development,DK1
0.00034521847222270912,0.00097150219902445746,0.0012218418666802892,0.0026385046726174225,24,0,6.4822628144129088e-05,2023-03-29 00:00:00+00:00,q95,development,DK1
9.9146567479300466e-13,2.9548737134222448e-11,4.7961120249110925e-10,8.8919479013776174e-09,24,0,2.2330276980771255e-14,2023-03-30 00:00:00+00:00,q95,development,DK1
2.645151540536726e-09,2.9321899360063208e-08,4.7057522324586392e-07,2.6189617578996577e-06,24,0,4.4825566175956274e-10,2023-03-31 00:00:00+00:00,q95,development,DK1
6.5005058823610531e-18,5.3844640699665641e-16,3.5988414826044919e-14,6.1746577741745279e-13,24,0,1.0105531542897313e-18,2023-04-01 00:00:00+00:00,q95,development,DK1
3.7640591222483967e-07,1.3582575710717671e-06,3.4447678606748022e-07,1.5766592669380427e-06,24,0,3.3060676171558124e-07,2023-04-02 00:00:00+00:00,q95,development,DK1
0.070763664549934879,0.037026111561670225,0.064753522437268937,0.033013018572161608,24,0,0.075816635162605617,2023-04-03 00:00:00+00:00,q95,development,DK1
3.4782824339130021,2.0314701222902949,3.4687383350662673,2.0355171391485691,24,1,3.55456658863613,2023-04-04 00:00:00+00:00,q95,development,DK1
4.2127479802515522,2.639818828353651,4.2928742354711185,2.6697180552705921,24,7,4.3331771861197934,2023-04-05 00:00:00+00:00,q95,development,DK1
0.00018802858891353469,0.00010465001148178729,0.00068395453956781086,0.00035892597644852225,24,0,2.6723420558146523e-05,2023-04-06 00:00:00+00:00,q95,development,DK1
2.7511369345428703e-06,5.0944157032827843e-06,3.0647285733345648e-05,4.1767845914135541e-05,24,0,1.3154223298311223e-07,2023-04-07 00:00:00+00:00,q95,development,DK1
1.8471789518121851e-11,2.0143230142755901e-11,1.9316370529215222e-08,2.0844871013831407e-08,24,0,1.1993040163240472e-13,2023-04-08 00:00:00+00:00,q95,development,DK1
9.9743652989916169e-15,1.3352052054745576e-13,4.4729667060849039e-11,8.6544269323733439e-11,24,0,2.2580493184313733e-18,2023-04-09 00:00:00+00:00,q95,development,DK1
1.0909908913768881e-15,7.2787716774561542e-15,6.9752187512172309e-12,1.5462320359780294e-11,24,0,4.0090103187390799e-19,2023-04-10 00:00:00+00:00,q95,development,DK1
3.3459523248231619e-10,1.3703567485944775e-09,2.9502055507605305e-08,1.4182395722259728e-07,24,0,1.7830026906003852e-11,2023-04-11 00:00:00+00:00,q95,development,DK1
4.5114755778956767e-10,3.1671556263127173e-09,3.1453654776207322e-08,1.3788781798602724e-07,24,0,4.5839446035734261e-12,2023-04-12 00:00:00+00:00,q95,development,DK1
0.041595028898908606,0.048097224534892416,0.043672445981738348,0.051398638785277673,24,0,0.014887441223061085,2023-04-13 00:00:00+00:00,q95,development,DK1
0.58017663628263194,0.40494929285884357,0.55748596615385759,0.40435061237180003,24,0,0.43510298842643563,2023-04-14 00:00:00+00:00,q95,development,DK1
8.7902739954577554e-06,7.6954931931744715e-06,6.7536372160729207e-05,6.2919146699890732e-05,24,0,3.0025475043812846e-07,2023-04-15 00:00:00+00:00,q95,development,DK1
0.0013551442373551856,0.0014764423313537607,0.0025380712204345146,0.0027698425737134854,24,0,0.00042561626055567363,2023-04-16 00:00:00+00:00,q95,development,DK1
0.056751117728224297,0.052389436577275801,0.062648137308433063,0.058545216728929109,24,0,0.026797407337441848,2023-04-17 00:00:00+00:00,q95,development,DK1
1.0941595669153022e-06,1.8799874965451209e-06,1.6966719414902514e-05,2.493644477928994e-05,24,0,4.3934084450341456e-07,2023-04-18 00:00:00+00:00,q95,development,DK1
1.0510744460994347e-06,1.7930024351477866e-06,1.7586330234455172e-05,2.7072863531969002e-05,24,0,2.818683990100251e-07,2023-04-19 00:00:00+00:00,q95,development,DK1
0.00016053324401603736,0.00014170923272295067,0.00040895476884385523,0.00034647881269986324,24,0,5.2773375590083372e-05,2023-04-20 00:00:00+00:00,q95,development,DK1
0.00031706472631329828,0.00026695600295910567,0.00063034949134867615,0.00060636512572866444,24,0,0.00011883958251960584,2023-04-21 00:00:00+00:00,q95,development,DK1
1.2187993544515337e-11,9.846593480038291e-11,5.1555183661066312e-09,4.3315453785314636e-08,24,0,6.037103826084747e-13,2023-04-22 00:00:00+00:00,q95,development,DK1
4.2340490198494939e-05,3.1733095867473786e-05,0.00013076743423238589,0.0001163137401574762,24,0,1.3488613254967256e-05,2023-04-23 00:00:00+00:00,q95,development,DK1
1.340285743976065e-06,1.2428967138676335e-06,9.1874664369299841e-06,1.1450939365421959e-05,24,0,4.0968010226587152e-07,2023-04-24 00:00:00+00:00,q95,development,DK1
6.4467644015492468e-07,7.3122447352055355e-07,5.1671169108611542e-07,5.9260252524877273e-07,24,0,9.5928982726093304e-08,2023-04-25 00:00:00+00:00,q95,development,DK1
0.0013059494472861897,0.0012664877936727093,0.001775997706092759,0.0017211718135014729,24,0,0.00014435064476577095,2023-04-26 00:00:00+00:00,q95,development,DK1
0.0071442383142569085,0.0045565677280297052,0.0088454145168676626,0.0061094088487936614,24,0,0.0019352937477859951,2023-04-27 00:00:00+00:00,q95,development,DK1
0.0014234709780329062,0.0011572177359519807,0.0032051497442320085,0.0027968138759280133,24,0,0.00036106242496912342,2023-04-28 00:00:00+00:00,q95,development,DK1
1.7440625879607403e-08,3.0775504338028904e-08,2.2473315891458112e-07,2.4466555856020691e-07,24,0,4.6962257948411247e-10,2023-04-29 00:00:00+00:00,q95,development,DK1
3.8995412704069581e-07,5.029949497113552e-07,3.114233330579834e-06,3.4362606676134502e-06,24,0,3.1193766452067922e-08,2023-04-30 00:00:00+00:00,q95,development,DK1
1.0484517552320034e-06,1.0473291865891414e-06,3.6644201974301064e-05,3.4937730522447142e-05,24,0,2.2344588565387254e-07,2023-05-01 00:00:00+00:00,q95,development,DK1
4.3143942946804355e-06,6.5644805688634402e-06,2.249133241771522e-05,2.9245953003821056e-05,24,0,2.6306963286600927e-07,2023-05-02 00:00:00+00:00,q95,development,DK1
0.00049367662250195869,0.00045339607271321523,0.0012215295700217616,0.0011751010490472567,24,0,0.00018737298685743547,2023-05-03 00:00:00+00:00,q95,development,DK1
0.0017183393280489835,0.0015166767378303344,0.0030198252088285125,0.0029319365255017875,24,0,0.00065414931059507714,2023-05-04 00:00:00+00:00,q95,development,DK1
2.2814158072163556e-11,2.8362685725521099e-11,4.1221081701709557e-10,5.324600483775709e-10,24,0,2.5699942085191393e-13,2023-05-05 00:00:00+00:00,q95,development,DK1
1.21090646386858e-14,3.1343891569711258e-14,4.0256555360993072e-12,5.2558801715628728e-12,24,0,4.3925122899203129e-20,2023-05-06 00:00:00+00:00,q95,development,DK1
2.9901021722381307e-07,4.3827792032410371e-07,5.0446815034577227e-06,6.6382275681097131e-06,24,0,2.6558894590077651e-09,2023-05-07 00:00:00+00:00,q95,development,DK1
4.5640910744944802e-05,5.6128655839412274e-05,0.00028064644426291255,0.00032075666258712731,24,0,2.7717201825756413e-06,2023-05-08 00:00:00+00:00,q95,development,DK1
0.0014104501700876839,0.0012576721274639808,0.0030052640944508539,0.0026955496280617508,24,0,0.00055703377536628373,2023-05-09 00:00:00+00:00,q95,development,DK1
0.026634731577236274,0.02165940096798067,0.027505495785919383,0.023037135855237496,24,0,0.012361358914203591,2023-05-10 00:00:00+00:00,q95,development,DK1
2.9860308276179333,3.4122385818198953,3.0258759449911294,3.4833716382257274,24,6,2.9881697477178686,2023-05-11 00:00:00+00:00,q95,development,DK1
0.0047448580579095593,0.0034904050127454304,0.0075888283184495286,0.0054040443041290451,24,0,0.0015299089178656905,2023-05-12 00:00:00+00:00,q95,development,DK1
2.7092558151451316e-09,4.6722179452165572e-09,3.482859030094384e-08,1.1472393745380355e-07,24,0,2.3182087089961111e-10,2023-05-13 00:00:00+00:00,q95,development,DK1
0.00091869129305728386,0.00025904273373119323,0.0016159212204866656,0.00049788242392418617,24,0,0.00026488362686802466,2023-05-14 00:00:00+00:00,q95,development,DK1
0.017622617053179156,0.0094991108916262709,0.019391652038979714,0.012166920809602346,24,0,0.0082171267203441124,2023-05-15 00:00:00+00:00,q95,development,DK1
1.6328555464056617e-05,1.8029594990425845e-05,8.4491909341906937e-05,7.8381438932081268e-05,24,0,4.1925574537842688e-07,2023-05-16 00:00:00+00:00,q95,development,DK1
1.7058896557918101e-05,2.6183202376165742e-05,7.6077326164173873e-05,0.0001147687182442535,24,0,3.4458602214286737e-07,2023-05-17 00:00:00+00:00,q95,development,DK1
0.00093226988966854457,0.00075795083967641365,0.0013622893636326852,0.0014819360101792508,24,0,0.00048809895945144902,2023-05-18 00:00:00+00:00,q95,development,DK1
0.0002890209827479096,0.00029291984284049406,0.00030530772019535696,0.00046906328340642575,24,0,0.00015073160940339459,2023-05-19 00:00:00+00:00,q95,development,DK1
3.8778185688157414e-12,1.4646546369652213e-11,4.750535108930624e-10,2.9803604362673824e-09,24,0,1.0156180544934486e-12,2023-05-20 00:00:00+00:00,q95,development,DK1
6.9534322406184369e-11,1.5264150664576329e-10,2.0027902116819337e-08,4.9676993224963232e-08,24,0,1.4146051007711575e-11,2023-05-21 00:00:00+00:00,q95,development,DK1
5.4771904681032798e-09,2.5766112992133093e-09,4.9368969607919401e-07,3.055254329915894e-07,24,0,7.2008022924861627e-10,2023-05-22 00:00:00+00:00,q95,development,DK1
5.7866648652209379e-09,5.2748200250465754e-09,1.1738867285488075e-06,8.7427808170416267e-07,24,0,2.135725568241122e-09,2023-05-23 00:00:00+00:00,q95,development,DK1
0.00014474536368831687,0.00014433273171314019,0.00044111765698610662,0.00034943582556129965,24,0,2.3044569320494128e-05,2023-05-24 00:00:00+00:00,q95,development,DK1
1.454871273939074e-06,3.0780177484251076e-06,7.9634627774877258e-06,1.4892227167876887e-05,24,0,4.2648215204623227e-08,2023-05-25 00:00:00+00:00,q95,development,DK1
3.4104479922256537e-11,8.9785884899378587e-12,6.8106248730073752e-08,2.9223652742578673e-08,24,0,1.6290656207368952e-11,2023-05-26 00:00:00+00:00,q95,development,DK1
1.1308799079729992e-11,3.1133254766346582e-12,1.5971693138301184e-08,8.4328027485692515e-09,24,0,9.1000791813895737e-13,2023-05-27 00:00:00+00:00,q95,development,DK1
9.3756459742549293e-17,3.6322816101442683e-19,1.5620051211009477e-11,2.5051994259191997e-13,24,0,2.08945310609296e-18,2023-05-28 00:00:00+00:00,q95,development,DK1
1.1720225977178509e-12,1.5924250800614846e-13,1.384244600268507e-08,4.7428152507338718e-09,24,0,4.5084540394335064e-13,2023-05-29 00:00:00+00:00,q95,development,DK1
3.1696908452189399e-05,1.0435441812265605e-05,0.0001677902152367224,8.1414436060983278e-05,24,0,2.4178218067091766e-05,2023-05-30 00:00:00+00:00,q95,development,DK1
5.6511422187585228e-10,3.4669773047957401e-10,6.2795567302854731e-08,4.1451649885423468e-08,24,0,1.1798081869183548e-09,2023-05-31 00:00:00+00:00,q95,development,DK1
6.4166801802615419e-09,1.3893771075876661e-09,8.6861743361269806e-07,3.7547030336040611e-07,24,0,3.4272894760440846e-09,2023-06-01 00:00:00+00:00,q95,development,DK1
1.9053699778879271e-05,3.5813523101543524e-06,3.2737349557444434e-05,1.3085612593719591e-05,24,0,1.800213642066613e-05,2023-06-02 00:00:00+00:00,q95,development,DK1
1.4192024215560242e-09,3.2521058759826269e-10,1.8703464505180323e-07,7.1513218363317587e-08,24,0,1.9555678365039798e-10,2023-06-03 00:00:00+00:00,q95,development,DK1
0.0030361853262267308,0.00041307191585904257,0.0040266639709543063,0.00068450779905099529,24,0,0.0015773552256800462,2023-06-04 00:00:00+00:00,q95,development,DK1
0.00025947068758992074,4.293889913428405e-05,0.00087040597518653329,0.00025373824675092979,24,0,9.0499476501024878e-05,2023-06-05 00:00:00+00:00,q95,development,DK1
1.1520543687294971e-05,8.4406617316758032e-06,6.9196717741312611e-05,6.455480459696183e-05,24,0,2.3400356114531924e-06,2023-06-06 00:00:00+00:00,q95,development,DK1
4.6317007719810438e-05,1.1966522895145935e-05,0.00019695669680799401,0.00010009376794647291,24,0,2.020967121526279e-05,2023-06-07 00:00:00+00:00,q95,development,DK1
4.5940551855062106e-05,8.3761451515219588e-06,0.00024237691404036319,7.8262002102868285e-05,24,0,2.0356536433210358e-05,2023-06-08 00:00:00+00:00,q95,development,DK1
0.00018730788293825354,6.0750353917746712e-05,0.00067187542637376317,0.00033532961387911333,24,0,0.00013790917145698974,2023-06-09 00:00:00+00:00,q95,development,DK1
5.8986537032686166e-10,4.7122142942339371e-10,3.0213852963016577e-07,1.9397606345185807e-07,24,0,5.1906474426913444e-10,2023-06-10 00:00:00+00:00,q95,development,DK1
1.0605477562861723e-11,1.5690227264783239e-11,3.6030511619151266e-08,6.4525915375220284e-08,24,0,1.0822546196831153e-11,2023-06-11 00:00:00+00:00,q95,development,DK1
0.00011815591238851363,0.00010439056772363615,0.0003005726217027458,0.00033514832550784454,24,0,0.00026058692230508321,2023-06-12 00:00:00+00:00,q95,development,DK1
0.000287484338231556,0.00023099703660533873,0.00025910333145323216,0.00032296677386883772,24,0,0.00032928799681602137,2023-06-13 00:00:00+00:00,q95,development,DK1
0.039972062510401106,0.017608952905462272,0.034404002167896769,0.015358156351057932,24,0,0.04132707423193617,2023-06-14 00:00:00+00:00,q95,development,DK1
0.24180501928361881,0.11777775014622567,0.24998468948952099,0.1282000792277235,24,0,0.18172769758716398,2023-06-15 00:00:00+00:00,q95,development,DK1
0.22727881749106327,0.11381751793648603,0.23570401401989863,0.12147572040302493,24,0,0.19862999133428419,2023-06-16 00:00:00+00:00,q95,development,DK1
0.011330521886289177,0.0094746202563004266,0.012363544856372236,0.010705083543197373,24,0,0.006722854293539692,2023-06-17 00:00:00+00:00,q95,development,DK1
0.0012417751232506903,0.00023978690146113366,0.0019797850128353122,0.0004735569295652068,24,0,0.00049279825617737686,2023-06-18 00:00:00+00:00,q95,development,DK1
0.12869623259379939,0.055900953252460743,0.13426466327255196,0.061883393040380826,24,0,0.079971891070376527,2023-06-19 00:00:00+00:00,q95,development,DK1
0.23805474902555523,0.11351072110419089,0.24375049431361631,0.12264513247122538,24,0,0.14871765059564448,2023-06-20 00:00:00+00:00,q95,development,DK1
0.46098551796831677,0.29844275640443896,0.44641695222897587,0.29317482848547777,24,0,0.35008299314236624,2023-06-21 00:00:00+00:00,q95,development,DK1
0.030371501198306658,0.017838018692980264,0.03541953195394458,0.024815877408218993,24,0,0.025555648886802267,2023-06-22 00:00:00+00:00,q95,development,DK1
7.842067376959486e-06,9.7519557631946148e-06,6.2690316070591396e-05,6.0416497216160049e-05,24,0,1.3377223919561405e-06,2023-06-23 00:00:00+00:00,q95,development,DK1
1.2705369406945889e-06,3.9934027903682691e-07,1.9017062295026408e-05,7.659578797182868e-06,24,0,3.3804964956075832e-08,2023-06-24 00:00:00+00:00,q95,development,DK1
0.0006247826555499695,0.00018723962911549214,0.0013036468993338152,0.0005736459802695847,24,0,0.00019783228131336653,2023-06-25 00:00:00+00:00,q95,development,DK1
9.272935809141958e-06,2.3003141008697564e-06,8.6380608025771709e-05,4.3944260333590885e-05,24,0,8.236891260592818e-06,2023-06-26 00:00:00+00:00,q95,development,DK1
1.760072648390379e-06,2.7029690412050447e-06,1.4910368393960095e-05,1.5573212328872276e-05,24,0,9.8683380622342423e-08,2023-06-27 00:00:00+00:00,q95,development,DK1
0.38577404954544614,0.2214909817635905,0.3875890795556734,0.22831089756440745,24,0,0.31963990593188685,2023-06-28 00:00:00+00:00,q95,development,DK1
0.071939741889197592,0.043511292857642582,0.084018728211921898,0.054821981056191613,24,0,0.048359512327364629,2023-06-29 00:00:00+00:00,q95,development,DK1
9.7268311391871928e-05,0.00023682226783776106,0.00013847819735685271,0.00031128856899117243,24,0,3.8535863032593405e-05,2023-06-30 00:00:00+00:00,q95,development,DK1
2.2288714802479282e-08,1.0751590529699623e-08,5.9902109259382427e-07,4.2143580464410918e-07,24,0,1.7270419305040546e-10,2023-07-01 00:00:00+00:00,q95,development,DK1
8.2844148473240599e-22,6.9171243072366974e-21,2.0135663192300571e-15,1.9949566891672778e-15,24,0,8.0197884679383203e-26,2023-07-02 00:00:00+00:00,q95,development,DK1
1.9918141061313683e-14,7.1620131431925046e-14,2.5998484494484938e-10,2.4465429079404439e-10,24,0,3.7139673055123848e-16,2023-07-03 00:00:00+00:00,q95,development,DK1
0.025234389528608337,0.029522974357978696,0.026647309619837741,0.031077674133593022,24,0,0.01541734875019978,2023-07-04 00:00:00+00:00,q95,development,DK1
0.002138364087707957,0.001778255957809441,0.0031495535804091489,0.0024898520857304248,24,0,0.0012077031962670628,2023-07-05 00:00:00+00:00,q95,development,DK1
0.62126071718522202,0.72621157485666865,0.61128878391351449,0.7176826530680811,24,2,0.58834937059552506,2023-07-06 00:00:00+00:00,q95,development,DK1
0.25897053729055408,0.14674265017979823,0.25598850709679721,0.14560903745044376,24,0,0.23441996323492284,2023-07-07 00:00:00+00:00,q95,development,DK1
0.0052421615407660365,0.0029665163109178177,0.0056710937262219032,0.0033844711140547648,24,0,0.0057239057324404213,2023-07-08 00:00:00+00:00,q95,development,DK1
0.015599951839247722,0.0076829236511440323,0.0194304084179691,0.011338381520562987,24,0,0.0084298559863671216,2023-07-09 00:00:00+00:00,q95,development,DK1
0.97768271544808549,1.312330308496392,0.97557360261149917,1.3251306916704537,24,4,0.98926274064820852,2023-07-10 00:00:00+00:00,q95,development,DK1
0.19008488443006485,0.11641376401767277,0.19537737937390964,0.12812891477827784,24,0,0.11946047745030959,2023-07-11 00:00:00+00:00,q95,development,DK1
0.00054821327031681492,0.00055727096772095123,0.0019014685726517907,0.0019346902403103502,24,0,0.00022347989776292149,2023-07-12 00:00:00+00:00,q95,development,DK1
0.91277489390986422,0.9022331862588191,0.90036438533008201,0.88951946474185661,24,1,0.95140248999770582,2023-07-13 00:00:00+00:00,q95,development,DK1
0.058390349135943154,0.035647018059778476,0.060657634117282186,0.041620551455981487,24,0,0.032869133857763584,2023-07-14 00:00:00+00:00,q95,development,DK1
1.165816292180429e-11,2.530473626887193e-11,5.6074338516368154e-09,1.6565870222457172e-08,24,0,1.9104487467746497e-13,2023-07-15 00:00:00+00:00,q95,development,DK1
1.0328866427371261e-07,1.4970324893295753e-07,2.4699989344779559e-06,2.4988938958559449e-06,24,0,2.8539949470210334e-09,2023-07-16 00:00:00+00:00,q95,development,DK1
0.015308004154643153,0.015404610219141891,0.013350064493510201,0.013491911259771269,24,0,0.0097598492114888795,2023-07-17 00:00:00+00:00,q95,development,DK1
1.3108360627586071,1.3550621088661456,1.3292373165238935,1.3746213966179315,24,4,1.4044857728402609,2023-07-18 00:00:00+00:00,q95,development,DK1
2.8196871687686444,2.9136086069896199,2.8982243195252821,2.9959316044610134,24,4,2.9006878552215003,2023-07-19 00:00:00+00:00,q95,development,DK1
2.4916416815065969,2.4794420031965729,2.4898962638812852,2.4783692407985907,24,3,2.595383273601926,2023-07-20 00:00:00+00:00,q95,development,DK1
1.0588502025567528,1.0592659266389843,1.0710144141464701,1.070247767267462,24,2,1.0651182958870227,2023-07-21 00:00:00+00:00,q95,development,DK1
5.0833818740819397e-11,8.0029192355460673e-11,8.4584384550418356e-08,1.2350952573604034e-07,24,0,3.8920118086104587e-11,2023-07-22 00:00:00+00:00,q95,development,DK1
2.4921081167622042e-05,2.2439490437349911e-05,0.0001378035469375661,0.00014726187485017533,24,0,1.1875207695097334e-05,2023-07-23 00:00:00+00:00,q95,development,DK1
0.00070358516177210565,0.00094872175128818468,0.0016733860897078729,0.0019765476444002124,24,0,0.00012146871627047824,2023-07-24 00:00:00+00:00,q95,development,DK1
0.00307087002191346,0.0043047078100589926,0.0051217542193643349,0.0068642181560564786,24,0,0.00049472901575307231,2023-07-25 00:00:00+00:00,q95,development,DK1
0.00066671634225191976,0.00087383858568685073,0.00059329127477619173,0.00077493685428056409,24,0,0.00021742710886058872,2023-07-26 00:00:00+00:00,q95,development,DK1
0.017773108524940504,0.011440624300091993,0.020527492523276784,0.014602053637453484,24,0,0.016344639966938454,2023-07-27 00:00:00+00:00,q95,development,DK1
0.044678360961158937,0.024146838194111207,0.046633364631706441,0.02655214284592064,24,0,0.043529667601431191,2023-07-28 00:00:00+00:00,q95,development,DK1
4.0518565487609622e-06,1.5639211270003823e-06,3.8202348515917641e-05,1.9003811535235362e-05,24,0,1.8090411808948846e-06,2023-07-29 00:00:00+00:00,q95,development,DK1
3.0954763853042294e-16,1.3249265162297247e-15,3.1924831650355455e-11,6.0119723261462689e-11,24,0,2.7732108376125328e-18,2023-07-30 00:00:00+00:00,q95,development,DK1
0.00039448082930067913,0.00052913896055823437,0.00044055555540267733,0.00072524952516575493,24,0,0.00039274695109768701,2023-07-31 00:00:00+00:00,q95,development,DK1
0.00072549886439309452,0.00066252354587707394,0.001796168811107219,0.0019582787782393514,24,0,0.00049033575956977356,2023-08-01 00:00:00+00:00,q95,development,DK1
6.6965477403705415e-06,4.8255528840589778e-06,6.7008826252420859e-05,5.7648180236422508e-05,24,0,3.0975473497783599e-06,2023-08-02 00:00:00+00:00,q95,development,DK1
3.7357491418693828e-07,6.8647834205690813e-07,3.7645097531536516e-06,6.3951332295482863e-06,24,0,7.0348746450889556e-08,2023-08-03 00:00:00+00:00,q95,development,DK1
0.0018829117583045742,0.0027302170660568593,0.0033738050627420174,0.0045907136515796147,24,0,0.00059642055908126822,2023-08-04 00:00:00+00:00,q95,development,DK1
3.5097075059676037e-05,2.4546617679800494e-05,0.0001918170484075507,0.00012134501953651123,24,0,7.3209346823388165e-06,2023-08-05 00:00:00+00:00,q95,development,DK1
3.3245779771269004e-08,1.4389258226573637e-08,3.8290000619276639e-06,1.9932037550931563e-06,24,0,8.1658983080952618e-09,2023-08-06 00:00:00+00:00,q95,development,DK1
6.1940489478264539e-08,3.1744990728408598e-08,1.4395301361833161e-06,6.9865236616494514e-07,24,0,4.4898654585344381e-08,2023-08-07 00:00:00+00:00,q95,development,DK1
1.0618068909815225e-07,1.7739009462594708e-07,1.5381150726724608e-07,1.6313189779208381e-07,24,0,1.3796243874029387e-08,2023-08-08 00:00:00+00:00,q95,development,DK1
0.1994346849899914,0.20708961712349477,0.1925285207285371,0.19972034612632925,24,0,0.13529172429974118,2023-08-09 00:00:00+00:00,q95,development,DK1
0.67348338891461634,0.64604139062654531,0.67474360616291174,0.64749981294974546,24,0,0.49560973534952402,2023-08-10 00:00:00+00:00,q95,development,DK1
0.088617974031417371,0.041708300213414463,0.086876175699525951,0.040563652631641238,24,0,0.064591159751549179,2023-08-11 00:00:00+00:00,q95,development,DK1
4.848306170308851e-06,9.5994248223377379e-06,3.0494315073288335e-05,5.0550205502541683e-05,24,0,1.9146122258783228e-06,2023-08-12 00:00:00+00:00,q95,development,DK1
0.016406819305824594,0.0089658863216513316,0.018864038413039914,0.011024367301012097,24,0,0.005327177007132233,2023-08-13 00:00:00+00:00,q95,development,DK1
0.1463586168177782,0.088563787367112068,0.15473003801991325,0.10139649979481298,24,0,0.075624057343879586,2023-08-14 00:00:00+00:00,q95,development,DK1
0.29284655823225997,0.25595978748311488,0.30348413858138634,0.26644969637501859,24,0,0.15047381795229967,2023-08-15 00:00:00+00:00,q95,development,DK1
0.31165654533072923,0.21162248031777547,0.31652865271982322,0.22102356294511194,24,0,0.1549477963889406,2023-08-16 00:00:00+00:00,q95,development,DK1
0.11052975834344668,0.066140042870333052,0.11588534341543913,0.070667771134213256,24,0,0.074629742350422967,2023-08-17 00:00:00+00:00,q95,development,DK1
0.014268802788504399,0.013986041136001059,0.013168197980245173,0.012481686507595079,24,0,0.0094202364261791738,2023-08-18 00:00:00+00:00,q95,development,DK1
0.00054586041120153756,0.00048484826893965892,0.00050516411737448644,0.00053773498135814958,24,0,0.00041738408573477299,2023-08-19 00:00:00+00:00,q95,development,DK1
0.1709901190114185,0.11226148878541695,0.1700553025731627,0.11260965109953222,24,0,0.10367993786105303,2023-08-20 00:00:00+00:00,q95,development,DK1
3.7984136299155242,4.2580907385355502,3.8009393655721837,4.2849580352263406,24,8,4.1656162869713125,2023-08-21 00:00:00+00:00,q95,development,DK1
5.8949650469577435,6.6937409891864617,5.894835413933186,6.7084253005588552,24,12,6.6480397115355307,2023-08-22 00:00:00+00:00,q95,development,DK1
5.6963431125253212,6.3781500959262889,5.6908990706923062,6.372012318372934,24,13,6.5294032626281329,2023-08-23 00:00:00+00:00,q95,development,DK1
0,0,0,0,0,0,0,2023-08-24 00:00:00+00:00,q95,development,DK1
0,0,0,0,0,0,0,2023-08-25 00:00:00+00:00,q95,development,DK1
9.7797630980831013e-06,8.2242947643066533e-06,4.2366917958140857e-05,4.1722555799688721e-05,24,0,2.8997392306987179e-07,2023-08-26 00:00:00+00:00,q95,development,DK1
0.0011510161086967325,0.00089214536163030622,0.0022422043331990545,0.0018986275254313707,24,0,0.00029551263570220165,2023-08-27 00:00:00+00:00,q95,development,DK1
0.025662062159240669,0.040209928090692536,0.021373823179445466,0.034891973747394563,24,0,0.012620684180473053,2023-08-28 00:00:00+00:00,q95,development,DK1
3.2230690538844002,3.1735295519195574,3.1912496545241096,3.1164586449939056,24,4,3.4929906018929864,2023-08-29 00:00:00+00:00,q95,development,DK1
0.25862522280076644,0.21066962391415303,0.26159752358699118,0.21448641852859618,24,0,0.13857691879979181,2023-08-30 00:00:00+00:00,q95,development,DK1
0,0,0,0,0,0,0,2023-08-31 00:00:00+00:00,q95,development,DK1
0,0,0,0,0,0,0,2023-09-01 00:00:00+00:00,q95,development,DK1
0.00032972259251664893,0.00052681386679273524,0.00057461138265878383,0.00086207856347961177,24,0,3.0851884633809402e-05,2023-09-02 00:00:00+00:00,q95,development,DK1
0.0052963264782258518,0.0087909868524858898,0.0060431430477149786,0.0098717482914753765,24,0,0.0014721587857047785,2023-09-03 00:00:00+00:00,q95,development,DK1
0.031993316687160191,0.030857822792767581,0.042360306897285871,0.040277441970217175,24,0,0.023504579395275619,2023-09-04 00:00:00+00:00,q95,development,DK1
2.4563954825128964,2.3036427697276798,2.4430013751999633,2.2853246580732689,24,2,2.5387384279326426,2023-09-05 00:00:00+00:00,q95,development,DK1
1.9882833176802026,1.9521108862281602,1.9580712290830466,1.9274464383217667,24,2,1.9916884173599838,2023-09-06 00:00:00+00:00,q95,development,DK1
0.47397233039846404,0.39325824851244967,0.43774891304810121,0.35968045953877431,24,0,0.51564106314948621,2023-09-07 00:00:00+00:00,q95,development,DK1
1.5397867001629257,1.5367735370695941,1.5162763460718647,1.5135558847152144,24,2,1.625273967837441,2023-09-08 00:00:00+00:00,q95,development,DK1
0.013033902222979461,0.018137964943002953,0.0155758099275102,0.022123477137049086,24,0,0.007225317021574632,2023-09-09 00:00:00+00:00,q95,development,DK1
0.17101213730048959,0.1424904993602808,0.17342235991925181,0.14387471088237097,24,0,0.1055854143753335,2023-09-10 00:00:00+00:00,q95,development,DK1
3.2823508144443516,3.3224028868698889,3.3209673805253908,3.3610827395547451,24,6,3.4925182962279027,2023-09-11 00:00:00+00:00,q95,development,DK1
5.8140696709444954,5.6629751163597248,5.8315673190190971,5.6474432309015903,24,9,6.2608805483944172,2023-09-12 00:00:00+00:00,q95,development,DK1
0.72841019324376055,0.74220530066759927,0.7194939654892657,0.73124039130365215,24,1,0.71823702439804971,2023-09-13 00:00:00+00:00,q95,development,DK1
4.367270781698311,4.3396488857517008,4.3847392391598436,4.3474124574518314,24,8,4.3603379446534056,2023-09-14 00:00:00+00:00,q95,development,DK1
0.12666504986954161,0.14554967085917947,0.12974340199122475,0.14754362169756599,24,0,0.08175846199591516,2023-09-15 00:00:00+00:00,q95,development,DK1
6.8989994248208462e-05,0.00029908115622722639,0.00030509243770647542,0.00099270972783289209,24,0,1.1764683978559123e-05,2023-09-16 00:00:00+00:00,q95,development,DK1
3.2377019275283387e-06,6.8889167998039121e-06,1.1145160717629054e-05,1.5573934831259957e-05,24,0,4.7519599824685511e-07,2023-09-17 00:00:00+00:00,q95,development,DK1
1.9061408151709294e-08,4.3227863600422317e-08,1.1529523970115241e-06,2.5687817473952047e-06,24,0,1.3218226309640133e-09,2023-09-18 00:00:00+00:00,q95,development,DK1
2.7222104960077877e-11,2.3960197533338951e-11,7.1350665096920723e-09,1.969705600992257e-09,24,0,4.4016126536066575e-13,2023-09-19 00:00:00+00:00,q95,development,DK1
1.1827370496971669e-10,4.0730809479465366e-10,1.1511484822936294e-08,2.1927661716393769e-08,24,0,2.8069274091089765e-12,2023-09-20 00:00:00+00:00,q95,development,DK1
0.14464951511056531,0.14454481580771245,0.16107137630772672,0.15929280521162387,24,0,0.088449483908377452,2023-09-21 00:00:00+00:00,q95,development,DK1
0.012963609217845888,0.011748395107603008,0.018269627826154374,0.01728123885333804,24,0,0.0040850380964229643,2023-09-22 00:00:00+00:00,q95,development,DK1
4.0158864262248851e-08,1.3350750273156078e-07,1.6916903497380417e-06,5.6518507051897594e-06,24,0,3.2266158545764033e-09,2023-09-23 00:00:00+00:00,q95,development,DK1
4.6700168965454758e-10,1.7872448430373389e-09,4.0738277022644304e-09,7.7901537259460833e-09,24,0,1.4538483927262503e-12,2023-09-24 00:00:00+00:00,q95,development,DK1
0,0,0,0,0,0,0,2023-09-25 00:00:00+00:00,q95,development,DK1
0.74585484711716687,0.66295265826020722,0.72756332224720577,0.64645024262444473,24,0,0.51971861928603647,2023-09-26 00:00:00+00:00,q95,development,DK1
2.4153075064267431,2.4503012917383109,2.386795243190059,2.4243398500109041,24,3,2.4970269327835313,2023-09-27 00:00:00+00:00,q95,development,DK1
0.14591266778272105,0.12273051009778843,0.14348647736835626,0.11943993164794159,24,0,0.091101769847255085,2023-09-28 00:00:00+00:00,q95,development,DK1
2.5560554290244579e-05,2.1195050966932551e-05,0.00014574336386762013,0.00013710645494219244,24,0,4.686340214309233e-06,2023-09-29 00:00:00+00:00,q95,development,DK1
1.8238491099830948e-07,2.4505305213622147e-07,3.6647732378378739e-07,4.0899218243520694e-07,24,0,7.6349238422090355e-09,2023-09-30 00:00:00+00:00,q95,development,DK1
7.1068551410706378e-06,4.6488311152071e-05,4.4235803340468047e-05,0.00020713072609948566,24,0,6.7569193628847816e-07,2023-10-01 00:00:00+00:00,q95,development,DK1
0,0,0,0,0,0,0,2023-10-02 00:00:00+00:00,q95,development,DK1
5.978154201802926e-08,3.3385512380901254e-07,9.2281711691248045e-07,2.5756149644699098e-06,24,0,1.7022561453088682e-08,2023-10-03 00:00:00+00:00,q95,development,DK1
1.6757606702675438e-07,4.6040484360290414e-07,1.0610599763141577e-06,2.7082077995147303e-06,24,0,1.7535041504416161e-08,2023-10-04 00:00:00+00:00,q95,development,DK1
0.0067267603414602134,0.017689078629419489,0.0060093381666692985,0.017100423566512153,24,0,0.00322635083456269,2023-10-05 00:00:00+00:00,q95,development,DK1
7.2684585604701977e-06,1.7501040746074118e-05,3.6653191803421896e-05,7.7627680923906934e-05,24,0,1.2829133077854347e-06,2023-10-06 00:00:00+00:00,q95,development,DK1
6.2076081125323914e-10,5.1724950545540782e-09,4.1056798008161967e-08,8.5905703703718053e-08,24,0,3.3660323226722205e-12,2023-10-07 00:00:00+00:00,q95,development,DK1
0.0023557307842743346,0.0080648982954435126,0.0034718664398471822,0.0096713359974648395,24,0,0.00063988571780324065,2023-10-08 00:00:00+00:00,q95,development,DK1
0.34157683410239248,0.59299583173221648,0.32563698337763519,0.56335420138554859,24,0,0.22653772662533136,2023-10-09 00:00:00+00:00,q95,development,DK1
0.20733561392772759,0.41865993367005194,0.21447117598310411,0.41990747041655707,24,0,0.095323404244593818,2023-10-10 00:00:00+00:00,q95,development,DK1
1.7277535552393147e-09,1.1803725051176852e-08,1.6380816718808568e-07,6.1101218593838111e-07,24,0,9.470920340650314e-11,2023-10-11 00:00:00+00:00,q95,development,DK1
0.00014894401397541301,0.00035625648024677052,0.00037504171299456687,0.00068293248299666352,24,0,2.3725716983300737e-05,2023-10-12 00:00:00+00:00,q95,development,DK1
2.9473025129535052e-10,4.5730464709312791e-09,2.0349940135973237e-08,8.5592782907922236e-08,24,0,3.2087553381000034e-13,2023-10-13 00:00:00+00:00,q95,development,DK1
2.7317740238172422e-18,4.7104724929801404e-17,7.9121079498809164e-13,3.7646228286846419e-12,24,0,2.3094011099459823e-18,2023-10-14 00:00:00+00:00,q95,development,DK1
5.4481042253874129e-10,3.3920123547720683e-09,5.1115358145072688e-09,2.04826098994687e-08,24,0,4.2529551297536209e-12,2023-10-15 00:00:00+00:00,q95,development,DK1
0.0042442890494972414,0.0084432783288895946,0.006248234454168531,0.01231925001228356,24,0,0.00038156876536335688,2023-10-16 00:00:00+00:00,q95,development,DK1
0.0017984676355757494,0.0060927017524976881,0.0034042196635982605,0.0096152235377777121,24,0,0.00024420366689647627,2023-10-17 00:00:00+00:00,q95,development,DK1
0.017766958976515951,0.036937948076996255,0.016209063848704967,0.034285413305303804,24,0,0.014665005314688655,2023-10-18 00:00:00+00:00,q95,development,DK1
1.4080949579951238e-10,9.7997573449024425e-10,1.9908911006790969e-08,5.9146753757584519e-08,24,0,1.0530662522188573e-11,2023-10-19 00:00:00+00:00,q95,development,DK1
5.1737570229222708e-09,3.0116668629891463e-08,5.5690057482398516e-07,1.847939097717335e-06,24,0,9.7013174287191027e-11,2023-10-20 00:00:00+00:00,q95,development,DK1
1.1991978106360436e-14,1.2973334389655607e-13,1.3044578162066541e-11,8.5645479046699157e-11,24,0,1.0748475025050867e-19,2023-10-21 00:00:00+00:00,q95,development,DK1
3.5489215997845283e-10,2.5149287329012252e-09,5.5847648723033463e-08,2.037354781259501e-07,24,0,7.0542871604370093e-13,2023-10-22 00:00:00+00:00,q95,development,DK1
1.7749938886471002,1.7129974806658315,1.7979138398942014,1.7333868713253981,24,2,1.7938647672120436,2023-10-23 00:00:00+00:00,q95,development,DK1
8.4680642031646541e-08,3.6959697687406824e-07,9.6490242743216053e-07,3.1940755561982098e-06,24,0,9.6751329348169303e-10,2023-10-24 00:00:00+00:00,q95,development,DK1
0.0032692819264437912,0.0058603648911560585,0.003528223671310731,0.0062264362132108172,24,0,0.0010252313595826513,2023-10-25 00:00:00+00:00,q95,development,DK1
0.0013182871240601829,0.0022639201537475975,0.0013335909123007275,0.0022814970530590458,24,0,0.00022405638494195075,2023-10-26 00:00:00+00:00,q95,development,DK1
0.00053485937833547975,0.0010618975055429157,0.00073243178261420475,0.0014220325575119062,24,0,0.00011439459518545179,2023-10-27 00:00:00+00:00,q95,development,DK1
3.3029936232651103e-11,2.659269103486827e-10,8.3117125382689012e-10,5.1250969246886412e-09,24,0,6.4666248266347542e-15,2023-10-28 00:00:00+00:00,q95,development,DK1
0,0,0,0,0,0,0,2023-10-29 00:00:00+00:00,q95,development,DK1
0.003834442835875999,0.012870660274350861,0.0066107213408009985,0.017765230911751369,24,0,0.00083236197332784193,2023-10-30 00:00:00+00:00,q95,development,DK1
0.00033721397950185869,0.00084425330302241651,0.00073760141211521972,0.0014694364896413526,24,0,7.4161089314244718e-05,2023-10-31 00:00:00+00:00,q95,development,DK1
1.0434913069861035e-06,4.424260085987145e-06,1.090131566307551e-06,4.2593788172004833e-06,24,0,1.7359649389605019e-07,2023-11-01 00:00:00+00:00,q95,development,DK1
6.9436987396396922e-10,5.0581627705682011e-09,1.6682576540167071e-07,6.3792815454101871e-07,24,0,1.3938273678110501e-11,2023-11-02 00:00:00+00:00,q95,development,DK1
1.0922451020527365e-07,5.8494900247965622e-07,6.3047076438251285e-07,2.5285522371602426e-06,24,0,4.4513126426594636e-09,2023-11-03 00:00:00+00:00,q95,development,DK1
2.448014994545355e-21,4.9102313663297162e-19,5.0803786214557136e-21,1.0453065399452901e-18,24,0,4.5070132032698362e-25,2023-11-04 00:00:00+00:00,q95,development,DK1
4.5624815539893998e-17,2.0340688261940429e-15,3.0168560002526789e-17,1.3349130961150703e-15,24,0,7.5657235223332961e-18,2023-11-05 00:00:00+00:00,q95,development,DK1
4.4231230972497912e-09,4.9126659389768571e-08,1.5966183528829176e-08,1.3970785006400801e-07,24,0,3.4516501189726453e-10,2023-11-06 00:00:00+00:00,q95,development,DK1
2.8547793848033573e-05,0.00010111966193488151,6.9482187158633707e-05,0.00019095461080338502,24,0,5.5469702231282565e-06,2023-11-07 00:00:00+00:00,q95,development,DK1
2.1362434246807374e-08,1.9096879607147277e-07,1.0033590057423318e-07,6.6896506636789117e-07,24,0,2.8106232232351235e-09,2023-11-08 00:00:00+00:00,q95,development,DK1
0.00021345541755756525,0.00050464443927638529,0.00017847819539612087,0.00044721969638940421,24,0,0.00019376381300912281,2023-11-09 00:00:00+00:00,q95,development,DK1
1.5554618531533945e-05,6.1148015002445309e-05,4.7759078545074973e-05,0.00014548221209790101,24,0,2.083811825513428e-06,2023-11-10 00:00:00+00:00,q95,development,DK1
9.0194188105436864e-05,0.00011231963875763335,8.5063952668683329e-05,7.2119118721005634e-05,24,0,2.5443756905568058e-05,2023-11-11 00:00:00+00:00,q95,development,DK1
0,0,0,0,0,0,0,2023-11-12 00:00:00+00:00,q95,development,DK1
0.0020604191726488778,0.0048670095626885401,0.001954295304666898,0.0044416181420534346,24,0,0.00074638756920913983,2023-11-13 00:00:00+00:00,q95,development,DK1
4.6215524822465312e-07,3.8390971311511862e-06,1.3979784337308351e-06,8.0730203965039646e-06,24,0,5.8407835194146562e-08,2023-11-14 00:00:00+00:00,q95,development,DK1
7.0042657212538668e-05,0.00027907954026409751,0.00015332251302262599,0.00043669238036773755,24,0,2.8850656647875201e-05,2023-11-15 00:00:00+00:00,q95,development,DK1
0.0074944956485113916,0.017699868775092321,0.010097791560000022,0.022099901699808005,24,0,0.0011654565356430074,2023-11-16 00:00:00+00:00,q95,development,DK1
0.1799947298307201,0.311960809766821,0.15503426115855184,0.27830462832886604,24,0,0.13387958565899019,2023-11-17 00:00:00+00:00,q95,development,DK1
6.8665349812787821e-05,0.00023952358028755553,6.1850623703839429e-05,0.00022411697195337269,24,0,5.1293430881473118e-05,2023-11-18 00:00:00+00:00,q95,development,DK1
0,0,0,0,0,0,0,2023-11-19 00:00:00+00:00,q95,development,DK1
0.00011643575040236529,0.00041008030312778796,0.00040929600375958674,0.001081049555928276,24,0,6.2401042675178244e-06,2023-11-20 00:00:00+00:00,q95,development,DK1
4.0416604882765093,3.9098316116123994,4.0028729950767827,3.8881212441226314,24,5,4.4833960384215592,2023-11-21 00:00:00+00:00,q95,development,DK1
0.40949962171112064,0.6649097223638647,0.40299211025089371,0.6600032511817373,24,0,0.37644713284713099,2023-11-22 00:00:00+00:00,q95,development,DK1
1.0200758348243299e-05,4.739367989773723e-05,3.3454360278691363e-05,0.00012565058768218074,24,0,3.0639864250708484e-06,2023-11-23 00:00:00+00:00,q95,development,DK1
1.1988966603323181e-07,9.0732086974305412e-07,4.0253245646681506e-06,1.4478157468242492e-05,24,0,4.0861560207525531e-08,2023-11-24 00:00:00+00:00,q95,development,DK1
0.19607629787003839,0.51007628735236898,0.18122487003977497,0.49826611155071404,24,0,0.1644935034410539,2023-11-25 00:00:00+00:00,q95,development,DK1
0.042295970551400663,0.24111620505567374,0.040966492330478194,0.2338173591721007,24,0,0.041470907595477703,2023-11-26 00:00:00+00:00,q95,development,DK1
8.2841702475235928e-05,0.00033997832842311846,0.00016451446524938225,0.00057597021972276914,24,0,1.1718293463740967e-05,2023-11-27 00:00:00+00:00,q95,development,DK1
6.1112738370612121,5.6424877971822189,6.1083660367660837,5.658849715311324,24,11,6.1761741163531205,2023-11-28 00:00:00+00:00,q95,development,DK1
6.6547139984244277,6.3685743133054649,6.7202805699786712,6.4339778035386814,24,11,6.8884598586469652,2023-11-29 00:00:00+00:00,q95,development,DK1
4.7930856089195224,4.4728049576681936,4.9143286228814276,4.5694572422605431,24,9,4.9490279495970109,2023-11-30 00:00:00+00:00,q95,development,DK1
2.8950322264520536,3.1703588967268015,2.8464243335984483,3.1408258675547285,24,9,2.7652066100798605,2023-12-01 00:00:00+00:00,q95,development,DK1
5.3325203108099686,5.5900525081776857,5.379608277401787,5.6947137551502207,24,10,5.3967388996996792,2023-12-02 00:00:00+00:00,q95,development,DK1
0.72781574762390955,0.81292481648004067,0.72710081187793141,0.80900967509232313,24,1,0.72927611751221066,2023-12-03 00:00:00+00:00,q95,development,DK1
0.0053943804299030635,0.01432613325174098,0.010368473553892718,0.022227931213500318,24,0,0.0028217413775560203,2023-12-04 00:00:00+00:00,q95,development,DK1
0.00070246618677003965,0.0024225747650185717,0.0018891003980881643,0.0051534095458640053,24,0,9.6827983848716322e-05,2023-12-05 00:00:00+00:00,q95,development,DK1
4.4227257927093078,4.3764473262299237,4.4109008096675231,4.3391360447204974,24,5,4.5384043727148535,2023-12-06 00:00:00+00:00,q95,development,DK1
2.5339282574442072,2.5362712615493472,2.5018229734277919,2.5032606897724006,24,15,2.7680592443862873,2023-12-07 00:00:00+00:00,q95,development,DK1
0.00087337877614707842,0.0027106253520446195,0.0017268361620251759,0.0046221830100679493,24,0,0.00013856089592722309,2023-12-08 00:00:00+00:00,q95,development,DK1
3.0550977371662535e-08,3.2041951515784315e-07,5.1860627877238384e-07,3.612014854086968e-06,24,0,1.9254218776316538e-10,2023-12-09 00:00:00+00:00,q95,development,DK1
5.2858720526901732e-10,1.3405585580686571e-08,2.1316774580668141e-09,3.8903834935221513e-08,24,0,4.6713882902241874e-12,2023-12-10 00:00:00+00:00,q95,development,DK1
4.9708686206281277e-06,2.7535089248678648e-05,6.1784599755811971e-06,3.223240725354498e-05,24,0,4.4223407763605475e-07,2023-12-11 00:00:00+00:00,q95,development,DK1
3.8310010230206979,3.584843065418521,3.8434845174573011,3.5960363829714197,24,5,4.3008140470915537,2023-12-12 00:00:00+00:00,q95,development,DK1
0.0042122480567846256,0.0099318895809596998,0.0061127543459067683,0.012943336662319685,24,0,0.0015755804405516603,2023-12-13 00:00:00+00:00,q95,development,DK1
1.6362192935782667,1.8363627023528397,1.6004778671382052,1.809260742360473,24,10,1.4845811905633051,2023-12-14 00:00:00+00:00,q95,development,DK1
0.12499014659289825,0.3038822883874116,0.13775373682383985,0.31395974507668906,24,0,0.047979741057011804,2023-12-15 00:00:00+00:00,q95,development,DK1
2.3053633856312333e-07,1.8093798589570943e-06,3.2063405576643239e-06,1.561718041273851e-05,24,0,1.0837922529179199e-09,2023-12-16 00:00:00+00:00,q95,development,DK1
1.847172179714189e-09,2.4206015347002826e-08,3.3683632907239044e-08,2.4657154555204675e-07,24,0,1.6811245691224735e-11,2023-12-17 00:00:00+00:00,q95,development,DK1
1.8019403077135584e-05,8.5659392675662468e-05,6.9534203703651076e-05,0.00023957526296772104,24,0,1.297574607062489e-06,2023-12-18 00:00:00+00:00,q95,development,DK1
3.1673548580273899e-05,0.00013592274001706425,0.00019198872147924259,0.00059541581509647682,24,0,8.1982225745971583e-07,2023-12-19 00:00:00+00:00,q95,development,DK1
2.2321720991164179e-08,2.1516111438612941e-07,3.0285997975138196e-06,1.2061424788694908e-05,24,0,3.7579533158927911e-09,2023-12-20 00:00:00+00:00,q95,development,DK1
6.6904480354224029e-14,3.8091514007758209e-12,6.7105234861762614e-12,2.1396075164807981e-10,24,0,1.1279547387008616e-16,2023-12-21 00:00:00+00:00,q95,development,DK1
1.5608926250339271e-13,7.7559091051901929e-12,1.5825553186953344e-12,5.9682075197380826e-11,24,0,3.402089640787318e-16,2023-12-22 00:00:00+00:00,q95,development,DK1
2.624588957563214e-11,7.5051021158228095e-10,5.7738559164106418e-11,1.4865017358334769e-09,24,0,2.9618790668063725e-13,2023-12-23 00:00:00+00:00,q95,development,DK1
1.8264018290806992e-11,4.7483825617773259e-10,7.1867171050854206e-11,1.6613539914799089e-09,24,0,7.0414843673473655e-15,2023-12-24 00:00:00+00:00,q95,development,DK1
1.2525135029783831e-06,7.3609615304745556e-06,1.4510341039007429e-05,5.3690038036392106e-05,24,0,1.5664601254456188e-08,2023-12-25 00:00:00+00:00,q95,development,DK1
4.1247711991275246e-07,2.8449125347799784e-06,7.0325013506395853e-06,2.6259737683464885e-05,24,0,1.825428251220661e-08,2023-12-26 00:00:00+00:00,q95,development,DK1
0.017495073158809479,0.04962493108826823,0.016178459385259743,0.046175532832026946,24,0,0.009177224755025205,2023-12-27 00:00:00+00:00,q95,development,DK1
8.9991523204974286e-14,3.9251379176675083e-12,1.858543554993466e-10,2.9186992543411196e-09,24,0,6.6217347544955372e-16,2023-12-28 00:00:00+00:00,q95,development,DK1
1.4844551642894503e-12,3.9577201091006709e-11,2.3317275224928713e-10,3.3663626834920036e-09,24,0,9.3580536067050609e-16,2023-12-29 00:00:00+00:00,q95,development,DK1
2.1867251294838285e-10,3.5278898550440587e-09,2.8756011098529695e-09,3.2407331199676447e-08,24,0,2.2362912825149505e-13,2023-12-30 00:00:00+00:00,q95,development,DK1
3.0869357477585354e-14,1.7363922001105111e-12,1.4919021577661715e-11,3.2122080353244606e-10,24,0,1.9966459651556661e-16,2023-12-31 00:00:00+00:00,q95,development,DK1
3.6443302881476456e-06,1.2867260928078573e-05,4.0815406046969277e-05,9.6814321190140197e-05,24,0,5.9965118179123142e-08,2024-01-01 00:00:00+00:00,q90,reanalysis,DK1
3.0317483033595795e-09,2.0146885760741384e-08,1.7561687050061517e-07,7.4958619806146855e-07,24,0,1.6291664176159832e-12,2024-01-02 00:00:00+00:00,q90,reanalysis,DK1
6.1789568657190224e-11,1.0223976439722298e-09,1.41303024011257e-09,1.4652169499860722e-08,24,0,1.1936494910275051e-11,2024-01-03 00:00:00+00:00,q90,reanalysis,DK1
0.00049670372146953779,0.001107877773434624,0.0016186811924242491,0.0028656359858261603,24,0,0.00037985968181241406,2024-01-04 00:00:00+00:00,q90,reanalysis,DK1
6.5132912900479856e-07,2.0337455650492365e-06,3.6365842353588779e-05,7.0503805445376586e-05,24,0,1.9230343127717901e-07,2024-01-05 00:00:00+00:00,q90,reanalysis,DK1
0.00020801053939839445,0.00051940051828156897,0.00062927152391622837,0.0012608436087786551,24,0,3.23225683760223e-05,2024-01-06 00:00:00+00:00,q90,reanalysis,DK1
0.00010905111332060848,0.00012576848761425445,0.0001553135517177692,0.00014629970034664536,24,0,8.3149386007775331e-05,2024-01-07 00:00:00+00:00,q90,reanalysis,DK1
3.2826721488666606,3.2885234663388259,3.2992851964928285,3.3100896881674,24,4,3.2542460240501203,2024-01-08 00:00:00+00:00,q90,reanalysis,DK1
8.0172786590225247,7.3708108102433165,8.0797395413689213,7.3734389195057668,24,22,7.7422237282088098,2024-01-09 00:00:00+00:00,q90,reanalysis,DK1
4.7864421717880008,4.5222119149414963,4.8169565115864295,4.551448527039244,24,23,4.6074054747695454,2024-01-10 00:00:00+00:00,q90,reanalysis,DK1
4.7128901869634827,4.7219594355152497,4.7204334213961685,4.746583830848258,24,23,4.6912563460497285,2024-01-11 00:00:00+00:00,q90,reanalysis,DK1
4.7951274449934322,4.6758840317025223,4.8120939561570468,4.7020040832552192,24,12,5.3027031290117366,2024-01-12 00:00:00+00:00,q90,reanalysis,DK1
1.2118892015508512e-06,4.7289150049221347e-06,1.6650231523643856e-06,6.9243074564931916e-06,24,0,1.5991641384089368e-07,2024-01-13 00:00:00+00:00,q90,reanalysis,DK1
1.7021831675000231e-07,3.4733156354708204e-07,1.9978276395383586e-06,4.4441448608010704e-06,24,0,1.2106688585477184e-08,2024-01-14 00:00:00+00:00,q90,reanalysis,DK1
4.7316574431217733,4.7628513683401241,4.751663421110857,4.78605613664421,24,5,4.7442731689961466,2024-01-15 00:00:00+00:00,q90,reanalysis,DK1
12.770329638833029,12.457788671365156,12.7593297701873,12.457299526472681,24,15,12.922347949829247,2024-01-16 00:00:00+00:00,q90,reanalysis,DK1
0.047060529529770273,0.069560759177700021,0.049989899179583956,0.072998712726332238,24,0,0.022440113318168343,2024-01-17 00:00:00+00:00,q90,reanalysis,DK1
0.057679751476305656,0.070351508672593877,0.069244300163384023,0.083651611571760848,24,0,0.032410713475291918,2024-01-18 00:00:00+00:00,q90,reanalysis,DK1
0.010041050620868148,0.017972525935436894,0.0074474091828265112,0.013795876101596608,24,0,0.0078103679641340039,2024-01-19 00:00:00+00:00,q90,reanalysis,DK1
0.00068849246177945557,0.00075664009870439388,0.001702938014658301,0.0017732442068240275,24,0,9.9277385805685432e-05,2024-01-20 00:00:00+00:00,q90,reanalysis,DK1
3.9383592173773012e-17,2.0688555520757513e-15,1.9904066990071162e-14,3.7217053371116269e-13,24,0,2.2809175936375578e-19,2024-01-21 00:00:00+00:00,q90,reanalysis,DK1
5.0400266739654288e-18,8.7972559400868522e-17,1.7450263676588187e-12,8.4682106176234243e-13,24,0,3.3766012317050347e-20,2024-01-22 00:00:00+00:00,q90,reanalysis,DK1
1.9539984641786325e-13,4.4842651239126649e-13,3.8829321612254983e-09,2.2635637875136288e-09,24,0,1.2792248595789738e-14,2024-01-23 00:00:00+00:00,q90,reanalysis,DK1
1.7716093886250223e-15,1.1152981169676985e-15,3.2656998393773742e-10,2.7185049302143312e-10,24,0,1.2952578745444799e-16,2024-01-24 00:00:00+00:00,q90,reanalysis,DK1
0.024861230629572843,0.049710221618326007,0.021852207141231619,0.044617652415946799,24,0,0.013993145735670497,2024-01-25 00:00:00+00:00,q90,reanalysis,DK1
1.7055659024145184e-06,3.856870610938312e-06,2.0471670386090832e-05,3.8606568867709126e-05,24,0,2.1063618675545722e-07,2024-01-26 00:00:00+00:00,q90,reanalysis,DK1
5.5535661565021599e-05,5.7245248920910853e-05,0.00029312756833400552,0.00029930818639277294,24,0,2.3705647898017958e-06,2024-01-27 00:00:00+00:00,q90,reanalysis,DK1
1.3079027492890608e-07,8.5676137257284166e-08,1.0220485242444359e-06,4.9597301369894505e-07,24,0,4.6168963117912047e-10,2024-01-28 00:00:00+00:00,q90,reanalysis,DK1
0.62264531898757802,1.2250315197630612,0.6157188859509104,1.221564125049466,24,0,0.3073261966601385,2024-01-29 00:00:00+00:00,q90,reanalysis,DK1
0.12333768575926717,0.24152981471177626,0.12620511124332565,0.2412987570331121,24,0,0.061401858231566679,2024-01-30 00:00:00+00:00,q90,reanalysis,DK1
0.01099764279583613,0.012725979153611943,0.015823921847948997,0.018382026667797025,24,0,0.0018782830249348644,2024-01-31 00:00:00+00:00,q90,reanalysis,DK1
0.012209975404168603,0.014625942196392851,0.017706809710668046,0.021423541362167602,24,0,0.0023947346944754059,2024-02-01 00:00:00+00:00,q90,reanalysis,DK1
0.00015190084474912865,0.00023845286010177257,0.00044108240728422428,0.00072145856461271641,24,0,1.0406499969169327e-05,2024-02-02 00:00:00+00:00,q90,reanalysis,DK1
6.9717135178004585e-13,1.6579345025666768e-12,9.5696356152120056e-10,2.1180922300005239e-09,24,0,2.1472863267671373e-15,2024-02-03 00:00:00+00:00,q90,reanalysis,DK1
7.041183796329972e-15,1.4669257304082466e-14,4.9651133051930314e-11,4.3075970759520633e-11,24,0,1.2473906503204344e-17,2024-02-04 00:00:00+00:00,q90,reanalysis,DK1
4.410967731983377e-06,2.3691294921759175e-05,9.0725256926911657e-06,4.2143217094592635e-05,24,0,1.3871445215221539e-06,2024-02-05 00:00:00+00:00,q90,reanalysis,DK1
4.7199139696762124e-11,2.0530053754082181e-09,6.8163386730459815e-09,1.444321725560195e-07,24,0,6.5755931322059708e-13,2024-02-06 00:00:00+00:00,q90,reanalysis,DK1
1.8781759913659035,1.8298925597846034,1.8868976117285365,1.841422743033543,24,2,1.9310946929349835,2024-02-07 00:00:00+00:00,q90,reanalysis,DK1
3.1012265907918879,3.0424022177019432,3.1025614039239224,3.0423957698471513,24,8,3.531472577253,2024-02-08 00:00:00+00:00,q90,reanalysis,DK1
1.5269976789821912e-06,6.7807431090783774e-06,1.6649874570350038e-05,4.7112720554803513e-05,24,0,1.1977106922217524e-07,2024-02-09 00:00:00+00:00,q90,reanalysis,DK1
4.7135117473199295e-05,0.00019729980730247182,0.00021108307087042469,0.00061364620674856155,24,0,4.6523477201430645e-06,2024-02-10 00:00:00+00:00,q90,reanalysis,DK1
1.0979212201993449e-08,1.8654960588499954e-07,2.7801320100988578e-07,2.7838736599045897e-06,24,0,3.2956862754157101e-11,2024-02-11 00:00:00+00:00,q90,reanalysis,DK1
0.15996911200677494,0.23441408741717495,0.16620927927168377,0.24156878011945906,24,0,0.11302156030679994,2024-02-12 00:00:00+00:00,q90,reanalysis,DK1
0.0030057659565727968,0.0072858581420777897,0.0057583745810748438,0.012401682901426646,24,0,0.00046378022780146525,2024-02-13 00:00:00+00:00,q90,reanalysis,DK1
0.00748556008118353,0.017691793508688505,0.0060711943812621783,0.014796914974251623,24,0,0.0034982678939137041,2024-02-14 00:00:00+00:00,q90,reanalysis,DK1
0.1452173626400777,0.17141622853280269,0.15318534053968944,0.17932690730522305,24,0,0.071435393376606732,2024-02-15 00:00:00+00:00,q90,reanalysis,DK1
0.00041968208484546399,0.00098528544827335769,0.0010154957463547993,0.001988782403085144,24,0,3.5216483249285379e-05,2024-02-16 00:00:00+00:00,q90,reanalysis,DK1
0.0013259491698957603,0.0063627180804154944,0.002030350083248048,0.0076293873571011087,24,0,8.4784270700059556e-05,2024-02-17 00:00:00+00:00,q90,reanalysis,DK1
2.3072504451739866e-07,2.0293872927208086e-06,2.1862508143931277e-06,1.6390828758720942e-05,24,0,6.2748470495769618e-10,2024-02-18 00:00:00+00:00,q90,reanalysis,DK1
2.4445670254617274e-05,7.7033789477462522e-05,0.00018384323197167702,0.00041050207935789567,24,0,1.828697211747775e-06,2024-02-19 00:00:00+00:00,q90,reanalysis,DK1
1.5163205334512211e-05,6.7946978695599704e-05,0.00011884171661865004,0.00034549233816233454,24,0,5.8288609157953275e-07,2024-02-20 00:00:00+00:00,q90,reanalysis,DK1
3.562081834967833e-07,1.9801504146384121e-06,7.1439752733779936e-06,1.9385260004621235e-05,24,0,6.0487024359889753e-09,2024-02-21 00:00:00+00:00,q90,reanalysis,DK1
1.2510402737505147e-05,2.5112525708638459e-05,5.9143309916664989e-05,9.2788298252960422e-05,24,0,9.5339879450362707e-07,2024-02-22 00:00:00+00:00,q90,reanalysis,DK1
0.00096863037848280559,0.0021962904004897408,0.0020237302785595787,0.00403195069477122,24,0,8.9729662995082385e-05,2024-02-23 00:00:00+00:00,q90,reanalysis,DK1
6.9938890501010747e-05,0.00024514142993470393,0.00035057091879255834,0.00093102836206080189,24,0,4.6713500899459024e-06,2024-02-24 00:00:00+00:00,q90,reanalysis,DK1
0.0079791223661465679,0.015908672424207185,0.0071413780175067255,0.014426891902103367,24,0,0.0027520312282075417,2024-02-25 00:00:00+00:00,q90,reanalysis,DK1
0.025245009893558362,0.046063139451256584,0.028742241766842626,0.049032724869484692,24,0,0.008205818607791137,2024-02-26 00:00:00+00:00,q90,reanalysis,DK1
3.0286885450008021,2.7892700000981225,3.0180777650475168,2.7796423069561942,24,13,3.1364273397116258,2024-02-27 00:00:00+00:00,q90,reanalysis,DK1
1.2953504743660096,1.3200440205734341,1.267810973994749,1.2773019775426584,24,1,1.1973450209404197,2024-02-28 00:00:00+00:00,q90,reanalysis,DK1
6.528811260326913e-06,3.0527218486958182e-05,5.3862334423786163e-05,0.00016845698929961189,24,0,1.8732503697266256e-07,2024-02-29 00:00:00+00:00,q90,reanalysis,DK1
0.00026644164415563765,0.00047482461279266301,0.00085726110302926058,0.0013268731354680466,24,0,5.3996742305033768e-05,2024-03-01 00:00:00+00:00,q90,reanalysis,DK1
3.4498156244963345e-05,7.1155979358565984e-05,0.00017096037609219149,0.00021266193136165501,24,0,5.2557607849817965e-06,2024-03-02 00:00:00+00:00,q90,reanalysis,DK1
0.00015424909469035408,0.00038353670294484396,0.00049366473606283242,0.00093959395900387183,24,0,1.4707410171114328e-05,2024-03-03 00:00:00+00:00,q90,reanalysis,DK1
0.48361474282611461,0.53112105710538426,0.47668199577294584,0.52368446040853356,24,0,0.34176815259833465,2024-03-04 00:00:00+00:00,q90,reanalysis,DK1
1.0359183663214424,1.0728766463334674,1.0357731987652286,1.0727728836878287,24,1,0.96914095760968022,2024-03-05 00:00:00+00:00,q90,reanalysis,DK1
6.7216583671654186,5.9665329257415793,6.7288042165605075,6.0013862029126015,24,20,7.3046385071825055,2024-03-06 00:00:00+00:00,q90,reanalysis,DK1
3.3375975755354155,3.1614036266825831,3.3245205277227456,3.1708139444274854,24,5,3.4794099143654544,2024-03-07 00:00:00+00:00,q90,reanalysis,DK1
0.00026706318200155039,0.00058568076630710999,0.001091828164210392,0.0019863743244233575,24,0,0.0001327849889008789,2024-03-08 00:00:00+00:00,q90,reanalysis,DK1
2.712764935134268e-10,1.2269932713566914e-09,4.9325090301290654e-08,1.4600450127189078e-07,24,0,1.252988657263502e-12,2024-03-09 00:00:00+00:00,q90,reanalysis,DK1
9.5030300006782903e-07,1.8376290893922878e-06,5.7434170771538974e-06,8.2529447599582201e-06,24,0,7.5400257257703202e-08,2024-03-10 00:00:00+00:00,q90,reanalysis,DK1
0.12295453583095056,0.1562229660618131,0.12691361145261137,0.16109516486350128,24,0,0.049119183634038797,2024-03-11 00:00:00+00:00,q90,reanalysis,DK1
7.0894093985994173,6.4409799413156676,7.1773528507415509,6.5296834800153567,24,18,7.8099361183570961,2024-03-12 00:00:00+00:00,q90,reanalysis,DK1
0.05600231700842237,0.10773327116716638,0.05697616998353848,0.10852460669955001,24,0,0.022560690963851056,2024-03-13 00:00:00+00:00,q90,reanalysis,DK1
0.00013509608326538013,0.00032818808866690957,0.00033380580594250756,0.00073616016770224058,24,0,2.1884056215465628e-05,2024-03-14 00:00:00+00:00,q90,reanalysis,DK1
9.3046754943861859e-07,2.5950289042320785e-06,2.6031530710940555e-05,5.048856544861507e-05,24,0,4.9125692107470773e-08,2024-03-15 00:00:00+00:00,q90,reanalysis,DK1
3.0189486656992134e-07,1.3035820849811218e-06,7.6797989540812169e-06,2.0259160534630257e-05,24,0,3.1677822541200881e-09,2024-03-16 00:00:00+00:00,q90,reanalysis,DK1
1.8617791446848442e-05,6.3897758650527099e-05,0.00011576326903847311,0.00023997214524991623,24,0,4.6503646042054954e-07,2024-03-17 00:00:00+00:00,q90,reanalysis,DK1
0.085833596843255935,0.12504672861402003,0.084317251191253564,0.12176460148094551,24,0,0.041855155934596655,2024-03-18 00:00:00+00:00,q90,reanalysis,DK1
0.48362909045670416,0.5138644621503109,0.461514355225773,0.46078531282759694,24,0,0.28158386997362483,2024-03-19 00:00:00+00:00,q90,reanalysis,DK1
4.4563774474660196,4.1493776912468663,4.5123419106058069,4.1559978353574714,24,9,4.6204854641354265,2024-03-20 00:00:00+00:00,q90,reanalysis,DK1
1.1006315534255147,1.7436275378626493,1.0793192682092787,1.7222297818378807,24,0,0.82167713982481105,2024-03-21 00:00:00+00:00,q90,reanalysis,DK1
2.1798818877552698e-05,7.9898826824293087e-05,0.0001125564344446228,0.00031383770687663196,24,0,1.2883683825804735e-06,2024-03-22 00:00:00+00:00,q90,reanalysis,DK1
5.139579846509342e-10,4.3310921749093444e-09,1.1869265433761626e-07,3.8414482121939404e-07,24,0,3.8146321265836901e-12,2024-03-23 00:00:00+00:00,q90,reanalysis,DK1
0.050384565301306528,0.060118250545535795,0.048257872295496579,0.057859328470742141,24,0,0.039686700885642051,2024-03-24 00:00:00+00:00,q90,reanalysis,DK1
2.7915207013202834,2.7895845724311101,2.7710811403898798,2.7810631863211293,24,4,2.8337917832326145,2024-03-25 00:00:00+00:00,q90,reanalysis,DK1
0.36022628632230108,0.39925987334557445,0.34437031571232368,0.37786069764207819,24,0,0.33826927242023835,2024-03-26 00:00:00+00:00,q90,reanalysis,DK1
1.1250103462432632,1.1701210670417566,1.1252698760873037,1.1722970590714821,24,1,0.9987804517963329,2024-03-27 00:00:00+00:00,q90,reanalysis,DK1
0.018610245373108524,0.026998826771919639,0.01546032787521927,0.022744274547224913,24,0,0.014758252080500193,2024-03-28 00:00:00+00:00,q90,reanalysis,DK1
1.9386220865220397e-05,5.3456320517724135e-05,0.00018906335797989622,0.00041068355435426026,24,0,2.1606509684537432e-06,2024-03-29 00:00:00+00:00,q90,reanalysis,DK1
0.00060481184420264423,0.0012186509774458837,0.0013019687781456858,0.0022946339573524832,24,0,0.00031107117360310737,2024-03-30 00:00:00+00:00,q90,reanalysis,DK1
3.5914046403089035e-06,1.3058379324711222e-05,8.591309317553243e-06,1.7135981677626129e-05,24,0,3.7888571469699799e-07,2024-03-31 00:00:00+00:00,q90,reanalysis,DK1
0.0026529682397804133,0.0020007798600628376,0.0049551708761268829,0.0039284880690620217,24,0,0.00078946797368114241,2024-04-01 00:00:00+00:00,q90,reanalysis,DK1
4.8321505612518251e-05,4.8206873538233399e-05,0.0002357243694685741,0.0002781480532557017,24,0,1.7276981927163967e-05,2024-04-02 00:00:00+00:00,q90,reanalysis,DK1
0.90911157226466188,0.91442984984780817,0.8955046327629298,0.90207033619490506,24,1,0.93370912079198998,2024-04-03 00:00:00+00:00,q90,reanalysis,DK1
0.00220808978876475,0.0016921195492822349,0.003460814864087712,0.0028951410177866137,24,0,0.0010860655562760313,2024-04-04 00:00:00+00:00,q90,reanalysis,DK1
0.00033288015499857151,0.00025719010976479791,0.00042379455981866475,0.00036739200488196974,24,0,0.00018331437659716129,2024-04-05 00:00:00+00:00,q90,reanalysis,DK1
5.7415071395078446e-13,4.1446252598368034e-13,3.8150301324010263e-11,3.2877643784424432e-11,24,0,3.0628825514904116e-15,2024-04-06 00:00:00+00:00,q90,reanalysis,DK1
1.3954649361670027e-07,7.2486614498308734e-07,1.1998827434696022e-06,6.0869719702943059e-06,24,0,2.7753140061470827e-09,2024-04-07 00:00:00+00:00,q90,reanalysis,DK1
2.0566007864593825,2.070887863679975,2.0948278925104389,2.1031496936917136,24,3,2.0822403087160377,2024-04-08 00:00:00+00:00,q90,reanalysis,DK1
0.03174367858438594,0.025940728862524697,0.036472721060978548,0.030831026113360908,24,0,0.016916723603417536,2024-04-09 00:00:00+00:00,q90,reanalysis,DK1
0.68913564282114215,0.66517111867893952,0.68504468585992651,0.6613449711081969,24,1,0.75924113588815478,2024-04-10 00:00:00+00:00,q90,reanalysis,DK1
0.84283257228719943,0.8316047155041244,0.83584355535688359,0.82620957289093289,24,1,0.87812184741479427,2024-04-11 00:00:00+00:00,q90,reanalysis,DK1
1.5220276211383406e-05,2.532080697507333e-05,0.00010310774764809728,0.00011949671260079995,24,0,1.600427748050454e-06,2024-04-12 00:00:00+00:00,q90,reanalysis,DK1
4.4901493082558343e-13,4.214302709697022e-12,1.5389122807231708e-09,1.118923520813401e-08,24,0,7.0530547622939346e-15,2024-04-13 00:00:00+00:00,q90,reanalysis,DK1
6.4729105614242364e-06,1.9045567695630859e-05,3.3242676432636214e-05,8.9790596068103749e-05,24,0,2.7191492512316158e-07,2024-04-14 00:00:00+00:00,q90,reanalysis,DK1
9.4435538959038653e-06,6.8963312637091436e-06,8.523001836282299e-05,6.7864068814969347e-05,24,0,4.4807506860699437e-07,2024-04-15 00:00:00+00:00,q90,reanalysis,DK1
0.13678831485383386,0.12558139735723228,0.12755228189255069,0.11498871243024511,24,0,0.11566193406275108,2024-04-16 00:00:00+00:00,q90,reanalysis,DK1
3.1198609412341227,3.1001136806117642,3.1106556960525773,3.0840950275788135,24,9,2.9068197315112001,2024-04-17 00:00:00+00:00,q90,reanalysis,DK1
3.3888191584496359,3.288203493619295,3.3438103632961598,3.2436492984150758,24,11,3.3630814636653996,2024-04-18 00:00:00+00:00,q90,reanalysis,DK1
0.051303135453666743,0.040882390131252118,0.045799895805068436,0.036222264250799795,24,0,0.04650155861394635,2024-04-19 00:00:00+00:00,q90,reanalysis,DK1
0.10512352196103485,0.10613608817416162,0.1032788518538784,0.10450864305799597,24,0,0.083322146796276128,2024-04-20 00:00:00+00:00,q90,reanalysis,DK1
0.52269624895304334,0.48965938511887663,0.51287125278489265,0.47884590275314676,24,0,0.49546707490370023,2024-04-21 00:00:00+00:00,q90,reanalysis,DK1
3.2054191862738048,3.2580411466593073,3.1933943291867406,3.247588814794486,24,14,3.1569413716679358,2024-04-22 00:00:00+00:00,q90,reanalysis,DK1
9.7770106718893377,9.5985663881501626,9.8432731373543412,9.6780891349998655,24,9,9.9611575601072193,2024-04-23 00:00:00+00:00,q90,reanalysis,DK1
5.4287470748272479,5.6015777527823172,5.5159814600822559,5.6975583155756233,24,15,5.3285079805036233,2024-04-24 00:00:00+00:00,q90,reanalysis,DK1
4.0760795352892618,4.0029806427766434,4.0917004321080821,4.0126108768674218,24,17,4.2091722761434038,2024-04-25 00:00:00+00:00,q90,reanalysis,DK1
5.5724268565211847,5.3503051070483432,5.5041375206706231,5.2761361752018603,24,9,5.8855842894766406,2024-04-26 00:00:00+00:00,q90,reanalysis,DK1
1.7498918865065798,1.7527048213255749,1.7270848143023063,1.7313371472059804,24,2,1.838881843542449,2024-04-27 00:00:00+00:00,q90,reanalysis,DK1
0.13632388953655508,0.13666479065687995,0.12894243789450574,0.12929912436528354,24,0,0.098587020962401004,2024-04-28 00:00:00+00:00,q90,reanalysis,DK1
2.3731628882481233,2.368226013818699,2.3437651594396898,2.3306787500174853,24,3,2.1621873079225211,2024-04-29 00:00:00+00:00,q90,reanalysis,DK1
0.015614291521474043,0.016358621086382492,0.015942458287331322,0.016717545484561416,24,0,0.010217279695882556,2024-04-30 00:00:00+00:00,q90,reanalysis,DK1
0.0027594538648160545,0.0027543228279376265,0.002564974643012041,0.002481837791326789,24,0,0.0020883909748750005,2024-05-01 00:00:00+00:00,q90,reanalysis,DK1
0.00037760384121987811,0.00035305717646030355,0.00031781647830933578,0.00028508457215108986,24,0,0.00021717421529921952,2024-05-02 00:00:00+00:00,q90,reanalysis,DK1
1.1692533509971557,1.1625081549254477,1.1454310601806474,1.1352648123388533,24,0,1.104672156279102,2024-05-03 00:00:00+00:00,q90,reanalysis,DK1
6.0899797562468789,6.2488259121172556,6.2327983529514333,6.4105617451690673,24,3,6.427750737640137,2024-05-04 00:00:00+00:00,q90,reanalysis,DK1
0.29243770935605473,0.31737257133262892,0.28763577961654618,0.31248755831705732,24,0,0.23715570458203727,2024-05-05 00:00:00+00:00,q90,reanalysis,DK1
1.97804581962411,2.0246678713391151,1.9510509031921237,1.9948355405530909,24,15,1.8866496832584527,2024-05-06 00:00:00+00:00,q90,reanalysis,DK1
3.5549503268858857,3.5653592616588328,3.5770280525810958,3.5852207575179578,24,21,3.4781936339100605,2024-05-07 00:00:00+00:00,q90,reanalysis,DK1
3.7578956983708762,3.8864557697084985,3.7771449277621332,3.9096867153345203,24,7,3.6387103570040691,2024-05-08 00:00:00+00:00,q90,reanalysis,DK1
0.49179695196875034,0.50673287170335413,0.49687780781869295,0.51097682241988396,24,0,0.31220078078881019,2024-05-09 00:00:00+00:00,q90,reanalysis,DK1
0.23614548989400963,0.28654402184881733,0.2507884377963171,0.30246936896033721,24,0,0.12776717223042511,2024-05-10 00:00:00+00:00,q90,reanalysis,DK1
0.10076575557063457,0.15133282128338074,0.10388951108821839,0.15313279727277845,24,0,0.059808039217043182,2024-05-11 00:00:00+00:00,q90,reanalysis,DK1
0.001344634224887888,0.0031397657333365981,0.0023686952055254214,0.0047869535123375214,24,0,0.00045337294913914641,2024-05-12 00:00:00+00:00,q90,reanalysis,DK1
0.00092841646611158026,0.00079915819153661177,0.00091331214133519507,0.0007303358650498084,24,0,0.00036518527154745707,2024-05-13 00:00:00+00:00,q90,reanalysis,DK1
7.9682189736395744e-05,8.2205939612257212e-05,0.00012889932987780083,0.00010922671110513135,24,0,3.28542069012039e-05,2024-05-14 00:00:00+00:00,q90,reanalysis,DK1
2.5932833002388582e-05,2.1659815966435224e-05,1.751675171933174e-05,1.3707761073356178e-05,24,0,1.3218515981190423e-05,2024-05-15 00:00:00+00:00,q90,reanalysis,DK1
0.00014063101851007268,9.5808266866322418e-05,0.00010339261263196962,6.7542830120617114e-05,24,0,0.00013236673536153016,2024-05-16 00:00:00+00:00,q90,reanalysis,DK1
0.26942185555056647,0.24036956548718991,0.25122686017623225,0.22192338285570146,24,0,0.24739144024421619,2024-05-17 00:00:00+00:00,q90,reanalysis,DK1
0.013891662486428221,0.028321371380251863,0.012017876047313254,0.025443918826320439,24,0,0.0093125473914341707,2024-05-18 00:00:00+00:00,q90,reanalysis,DK1
0.001907228724738334,0.0057504590062611074,0.0043133888680884046,0.010502590010277596,24,0,0.00052034748760017323,2024-05-19 00:00:00+00:00,q90,reanalysis,DK1
0.0013729884838878494,0.0015436352300042691,0.0014942576383377142,0.0017604419379649322,24,0,0.00078890021473486675,2024-05-20 00:00:00+00:00,q90,reanalysis,DK1
0.0021765822012868039,0.0018614864412923068,0.0019993855555759422,0.0016883671803457102,24,0,0.0012852225014023686,2024-05-21 00:00:00+00:00,q90,reanalysis,DK1
1.6186813621887306,1.6595693777893625,1.6456950409010278,1.6918521776440929,24,2,1.6741804213911484,2024-05-22 00:00:00+00:00,q90,reanalysis,DK1
5.6606913837353794,5.3937736653442521,5.6446263202584968,5.360685031157546,24,16,5.55344752993705,2024-05-23 00:00:00+00:00,q90,reanalysis,DK1
5.8076112040619705,5.7618879744238587,5.8139318757671283,5.7535429822493649,24,8,5.7421414709877334,2024-05-24 00:00:00+00:00,q90,reanalysis,DK1
0.24968985309104869,0.28580899216215594,0.24188705796416801,0.27530581581575553,24,0,0.17087636170587567,2024-05-25 00:00:00+00:00,q90,reanalysis,DK1
0.27853737421801006,0.30600257401465791,0.27272926300719791,0.30127586186299032,24,0,0.2565961596950791,2024-05-26 00:00:00+00:00,q90,reanalysis,DK1
3.571887904892237,3.3793890417235768,3.5427922311035038,3.3444270017513951,24,5,3.4612601643929977,2024-05-27 00:00:00+00:00,q90,reanalysis,DK1
4.6231739483452721,4.5515503982969649,4.6777393870551789,4.621505656022272,24,1,4.9715318547533336,2024-05-28 00:00:00+00:00,q90,reanalysis,DK1
2.6236449538475659,2.473079530625752,2.681983653050664,2.5200411804300487,24,0,2.5296115296090926,2024-05-29 00:00:00+00:00,q90,reanalysis,DK1
1.6139032198809313,1.6867099908810292,1.6081168484191224,1.6883784354740372,24,1,1.4853814213574805,2024-05-30 00:00:00+00:00,q90,reanalysis,DK1
2.1643061503751722,2.2059065488436191,2.1898466319805934,2.2431350758738593,24,1,2.1160905959956051,2024-05-31 00:00:00+00:00,q90,reanalysis,DK1
1.2383319265979443e-06,4.4564774133798228e-06,3.2504489961103488e-05,6.1012235536841934e-05,24,0,1.4737696972596073e-07,2024-06-01 00:00:00+00:00,q90,reanalysis,DK1
0.0001755187224252076,0.00011291633384298292,0.00017819218370674321,0.00010369760970310144,24,0,3.709242151446266e-05,2024-06-02 00:00:00+00:00,q90,reanalysis,DK1
6.8588781390013089,6.9872790217896164,6.7775062954979468,6.9179002127377291,24,12,7.0971672483775459,2024-06-03 00:00:00+00:00,q90,reanalysis,DK1
0.9018810485917208,0.87811956716229411,0.85031600562904852,0.82161174256249037,24,8,0.89519216928291756,2024-06-04 00:00:00+00:00,q90,reanalysis,DK1
2.8745919258406403,2.6475398884449008,2.8859261531133242,2.6574282903442414,24,0,2.8452202936851476,2024-06-05 00:00:00+00:00,q90,reanalysis,DK1
1.857604663692511,1.6506104070873679,1.8521770487225124,1.6373660527418048,24,4,1.7452307861409937,2024-06-06 00:00:00+00:00,q90,reanalysis,DK1
1.089621414588098,1.0559100295055865,1.0699266821196691,1.0314155940466052,24,6,1.0658912822842614,2024-06-07 00:00:00+00:00,q90,reanalysis,DK1
8.5954852000442485e-05,9.9310541391580827e-05,0.00022771313937997568,0.00021695238047006574,24,0,1.4158296448536631e-05,2024-06-08 00:00:00+00:00,q90,reanalysis,DK1
0.0011840613862864864,0.00073835421639419779,0.0010989332269814769,0.0006464424031510914,24,0,0.00045800194219222477,2024-06-09 00:00:00+00:00,q90,reanalysis,DK1
0.032925942283006687,0.032710397004457686,0.032469652350351798,0.031072143799161601,24,0,0.022697421993081363,2024-06-10 00:00:00+00:00,q90,reanalysis,DK1
0.048440650619454663,0.038035657625725007,0.042523305945922692,0.032704888228955314,24,0,0.042934001295336727,2024-06-11 00:00:00+00:00,q90,reanalysis,DK1
1.4874793961173058,1.3410849590003413,1.4847310972981096,1.3367909438580055,24,1,1.4527140115262063,2024-06-12 00:00:00+00:00,q90,reanalysis,DK1
3.3258270007594914,3.2313132544673424,3.3386267116834207,3.2433903248835021,24,2,3.2514487554807694,2024-06-13 00:00:00+00:00,q90,reanalysis,DK1
0.016928539190591164,0.020836132548819775,0.026357319903476475,0.032332641089777611,24,0,0.011888731475734573,2024-06-14 00:00:00+00:00,q90,reanalysis,DK1
1.9060160952385935e-12,4.2983849262247301e-11,1.0687752673993962e-09,5.2559201508491334e-09,24,0,3.8511168968489894e-14,2024-06-15 00:00:00+00:00,q90,reanalysis,DK1
0.10193633064094756,0.10093616192985866,0.10074338749676945,0.099392201595582153,24,0,0.076812085538251668,2024-06-16 00:00:00+00:00,q90,reanalysis,DK1
1.6997011134581876,1.6937379946374482,1.6482948639044737,1.6407976151713985,24,8,1.6829529481969361,2024-06-17 00:00:00+00:00,q90,reanalysis,DK1
2.7519893970868496,2.781549631615444,2.7137966020361546,2.73395207760236,24,14,2.722304405887769,2024-06-18 00:00:00+00:00,q90,reanalysis,DK1
3.0861996118147244,3.1256084625937093,3.1002179320061916,3.1394080119720904,24,6,3.0728721677697624,2024-06-19 00:00:00+00:00,q90,reanalysis,DK1
4.8902596992884417,5.2467353945726938,4.9456633809789476,5.3212046668241486,24,12,5.0392312218086257,2024-06-20 00:00:00+00:00,q90,reanalysis,DK1
2.3638794324391568,2.4995511875158107,2.3450179128326867,2.489755697200664,24,12,2.2560558074901937,2024-06-21 00:00:00+00:00,q90,reanalysis,DK1
0.003695610048028479,0.0059196260666822317,0.0054830985257028654,0.0086881968782080016,24,0,0.0021196400978329252,2024-06-22 00:00:00+00:00,q90,reanalysis,DK1
1.06851485716445,1.071862036115327,1.0549505408467272,1.0575020759143312,24,1,1.0499360115441754,2024-06-23 00:00:00+00:00,q90,reanalysis,DK1
4.1417926881552622,4.1353072495342396,4.0775660306672785,4.0724813596752147,24,5,4.2060251208478867,2024-06-24 00:00:00+00:00,q90,reanalysis,DK1
3.7762797388024287,3.6030539046602099,3.7955160226635107,3.615724952939368,24,7,3.9057568917025676,2024-06-25 00:00:00+00:00,q90,reanalysis,DK1
4.0409262774986434,4.084360746851325,4.0485516671310533,4.0873748243727741,24,9,4.0338047974837998,2024-06-26 00:00:00+00:00,q90,reanalysis,DK1
3.1713674866656314,3.3963558090746053,3.2087356468496737,3.4353817372584747,24,9,3.1494363893056083,2024-06-27 00:00:00+00:00,q90,reanalysis,DK1
6.4677026562386137,6.562368127124274,6.4604528828857708,6.5654827209264299,24,8,6.5651524590355619,2024-06-28 00:00:00+00:00,q90,reanalysis,DK1
0.020863915128021833,0.024569857029082796,0.024009936867950697,0.028674441627564183,24,0,0.011635399388331337,2024-06-29 00:00:00+00:00,q90,reanalysis,DK1
0.035871501219644886,0.030350811043632228,0.035757313329354362,0.029803241940001429,24,0,0.020970976044350352,2024-06-30 00:00:00+00:00,q90,reanalysis,DK1
0.15445952959067383,0.15850198948119404,0.15784583598698504,0.16659703439165621,24,0,0.10336412719332602,2024-07-01 00:00:00+00:00,q90,reanalysis,DK1
0.96159693165872939,0.96843727474705421,0.95073476575115057,0.95967979791671343,24,1,0.96407119391482632,2024-07-02 00:00:00+00:00,q90,reanalysis,DK1
0.86715089296920689,0.86160136651537611,0.85949388157564321,0.85721169572023004,24,1,0.86119746665148222,2024-07-03 00:00:00+00:00,q90,reanalysis,DK1
2.1456612860606445e-08,9.758332962296802e-08,1.3309073024930681e-06,2.7892854461576134e-06,24,0,1.9488855589254712e-09,2024-07-04 00:00:00+00:00,q90,reanalysis,DK1
0.00011793995051722326,7.260165211587373e-05,0.00028188069778677316,0.00018103854442398412,24,0,6.4797114715270415e-05,2024-07-05 00:00:00+00:00,q90,reanalysis,DK1
3.7843956377075798e-08,5.6895460362370852e-07,5.6464518195398187e-08,8.1336367214725811e-07,24,0,2.0155371040390501e-08,2024-07-06 00:00:00+00:00,q90,reanalysis,DK1
0.05372062608177311,0.044456822833179685,0.055617873569801975,0.046665118856185323,24,0,0.030565759047507766,2024-07-07 00:00:00+00:00,q90,reanalysis,DK1
2.0351645509404976,2.0356854625267315,2.0225993444823089,2.021894873462049,24,4,1.8406336494504307,2024-07-08 00:00:00+00:00,q90,reanalysis,DK1
3.1935320749081919,3.3056169947447196,3.2858719158489835,3.3980538533057021,24,0,3.2793121181841451,2024-07-09 00:00:00+00:00,q90,reanalysis,DK1
0.80252512882919924,0.79993677079195136,0.79156988313095689,0.79308213005417727,24,4,0.7029241596054796,2024-07-10 00:00:00+00:00,q90,reanalysis,DK1
2.7942394370622718,2.8449797623431325,2.7460400516164816,2.8030519185269478,24,12,2.7733565797434823,2024-07-11 00:00:00+00:00,q90,reanalysis,DK1
4.7513933153226402,4.8394096371334898,4.6779841199821011,4.7753095325335702,24,0,4.5591662006786473,2024-07-12 00:00:00+00:00,q90,reanalysis,DK1
0.00024564825321812155,0.00026091645307808794,0.00066613560346235072,0.00071249735764829052,24,0,0.00023052205079382806,2024-07-13 00:00:00+00:00,q90,reanalysis,DK1
0.25538619896752052,0.22138749850475564,0.25448030173065284,0.21968969546641665,24,0,0.19698425751658211,2024-07-14 00:00:00+00:00,q90,reanalysis,DK1
2.1260122170089919,2.1951626778532765,2.105452174924169,2.1761666231667354,24,0,1.9410947371120271,2024-07-15 00:00:00+00:00,q90,reanalysis,DK1
0.10830429047537542,0.11161587509123674,0.11907018015064469,0.12089888117550346,24,0,0.093271466058335528,2024-07-16 00:00:00+00:00,q90,reanalysis,DK1
1.790966602915719,1.9315990439426693,1.8033335362096059,1.9480988714996752,24,5,1.8930456856908267,2024-07-17 00:00:00+00:00,q90,reanalysis,DK1
1.9687905856174683,1.9439934026811843,1.9337619106328099,1.9113000989562063,24,13,1.8205624639662694,2024-07-18 00:00:00+00:00,q90,reanalysis,DK1
3.2513870224779811,3.1980712401380926,3.1966225912689068,3.1463472622656665,24,9,3.2540981643601259,2024-07-19 00:00:00+00:00,q90,reanalysis,DK1
0.022100335244327106,0.019707342385415584,0.025520378632273417,0.023149126322379494,24,0,0.0082735795069882531,2024-07-20 00:00:00+00:00,q90,reanalysis,DK1
0.00030739744288753827,0.00022398182196769063,0.00040931317727744789,0.0002871368676586047,24,0,0.0001534633103948524,2024-07-21 00:00:00+00:00,q90,reanalysis,DK1
0.91930408098209082,0.91357824053436354,0.89564689033369849,0.89201206543870881,24,1,0.92706892809087993,2024-07-22 00:00:00+00:00,q90,reanalysis,DK1
0.14445290389320448,0.14428249255350037,0.1512626968149168,0.15085680523953884,24,0,0.11008395438980156,2024-07-23 00:00:00+00:00,q90,reanalysis,DK1
1.4853172267624468,1.6290022540850786,1.4875171557114646,1.6374454897622102,24,4,1.6211027172532813,2024-07-24 00:00:00+00:00,q90,reanalysis,DK1
2.5193083805732344,2.4729467422567062,2.5072889745944287,2.4611283232767973,24,9,2.6701666047331911,2024-07-25 00:00:00+00:00,q90,reanalysis,DK1
4.7563083833512838,4.7040551216049531,4.7598729965656874,4.7074889889846734,24,9,4.6511577662304457,2024-07-26 00:00:00+00:00,q90,reanalysis,DK1
2.6302861778621049,2.6399862707805779,2.6286148732418626,2.6346876814291345,24,4,2.8947512980126993,2024-07-27 00:00:00+00:00,q90,reanalysis,DK1
0.0019610032853628473,0.002310868822204399,0.0029990136925264477,0.0035962199659470995,24,0,0.00056245551895795919,2024-07-28 00:00:00+00:00,q90,reanalysis,DK1
2.6828154126766268,2.7335652812345388,2.7239391491158353,2.7749697092404628,24,3,2.7093207052277624,2024-07-29 00:00:00+00:00,q90,reanalysis,DK1
3.1120138833518136,3.058623229093564,3.0940547873424178,3.0410101459690875,24,8,3.0920285717795513,2024-07-30 00:00:00+00:00,q90,reanalysis,DK1
2.5701819499026879,2.6610206734207495,2.5253498304955171,2.6259510210568626,24,12,2.6505177997434592,2024-07-31 00:00:00+00:00,q90,reanalysis,DK1
8.2569175381540116,8.3626546266578039,8.3517096131059709,8.4463888610477458,24,19,9.1515811084318521,2024-08-01 00:00:00+00:00,q90,reanalysis,DK1
4.3721080013254499,4.4460234193728487,4.3509962829347337,4.4290068876128661,24,11,4.3443543373891575,2024-08-02 00:00:00+00:00,q90,reanalysis,DK1
0.036447803156917508,0.033270070005071241,0.040818396912634336,0.037379082363864544,24,0,0.015034673674233185,2024-08-03 00:00:00+00:00,q90,reanalysis,DK1
0.053325836725530942,0.039885875059321362,0.052587779008644614,0.039368956602183411,24,0,0.036080304069103591,2024-08-04 00:00:00+00:00,q90,reanalysis,DK1
1.9282390186677132,1.8558587764062051,1.9433381013028967,1.8754778590110663,24,7,1.5970975074108162,2024-08-05 00:00:00+00:00,q90,reanalysis,DK1
3.0476538774208066,3.0975020819141652,3.0426842798594267,3.0959109738278068,24,10,3.1961151467398792,2024-08-06 00:00:00+00:00,q90,reanalysis,DK1
5.3595990353988503,5.5167633850892823,5.3796965790246674,5.5451069110809357,24,10,5.8049804137128636,2024-08-07 00:00:00+00:00,q90,reanalysis,DK1
3.7823767431300457,3.9095545657927664,3.852690920415951,3.980739365091142,24,6,4.05343796012209,2024-08-08 00:00:00+00:00,q90,reanalysis,DK1
1.4531895649342603e-07,1.8706647601580018e-07,2.6536668846261804e-06,6.8947450329430764e-06,24,0,5.3089067022808431e-08,2024-08-09 00:00:00+00:00,q90,reanalysis,DK1
8.5543342520018842e-08,2.0301979819262719e-07,3.435983657847346e-07,1.7698034086071573e-06,24,0,2.3569775542257413e-08,2024-08-10 00:00:00+00:00,q90,reanalysis,DK1
0.018490325057368587,0.013193213382672056,0.020311242985629446,0.014964497960508461,24,0,0.0091708347326131708,2024-08-11 00:00:00+00:00,q90,reanalysis,DK1
1.2037110231328108,1.1534265231733301,1.1850119578129332,1.1346425609429633,24,1,1.1614761930717132,2024-08-12 00:00:00+00:00,q90,reanalysis,DK1
1.2398490703365013,1.1908242103245317,1.2270028361983085,1.1836466696204904,24,1,1.2093966970046317,2024-08-13 00:00:00+00:00,q90,reanalysis,DK1
6.4950058903355075,6.6751460074422191,6.5349557249096781,6.7030678488741495,24,12,6.8042512098090544,2024-08-14 00:00:00+00:00,q90,reanalysis,DK1
5.9234669755971243,6.1424495275371358,5.8324583590195846,6.0480990399582133,24,8,6.2956041698796801,2024-08-15 00:00:00+00:00,q90,reanalysis,DK1
0.75295556435387345,0.74626364851394034,0.76529595458171706,0.76091068606714674,24,2,0.68840118644845272,2024-08-16 00:00:00+00:00,q90,reanalysis,DK1
0.035733336984176751,0.022652834748737902,0.046783993869224487,0.031201121482769392,24,0,0.009929101373585875,2024-08-17 00:00:00+00:00,q90,reanalysis,DK1
0.027901965212890824,0.033715474382775376,0.028343611729019263,0.033895019706243396,24,0,0.014911971426685509,2024-08-18 00:00:00+00:00,q90,reanalysis,DK1
2.058424851101269,1.9074360953211,2.0437488327980953,1.9005015900083566,24,1,1.7130032103124617,2024-08-19 00:00:00+00:00,q90,reanalysis,DK1
0.016182470445182163,0.012231660331332926,0.021928178889682848,0.017455432043077531,24,0,0.0046963620781561586,2024-08-20 00:00:00+00:00,q90,reanalysis,DK1
0.00067845909499741018,0.00072752760621459616,0.0009647712812708108,0.0013405068034982477,24,0,0.00040812950738012519,2024-08-21 00:00:00+00:00,q90,reanalysis,DK1
2.3893308267267487e-06,2.1256691514356657e-06,4.3185282240191439e-06,8.813878369970473e-06,24,0,4.0826450582594306e-07,2024-08-22 00:00:00+00:00,q90,reanalysis,DK1
0.00014549457486394171,6.7443928403555095e-05,0.0001295429286080563,7.1110590499599537e-05,24,0,0.00011372025821652211,2024-08-23 00:00:00+00:00,q90,reanalysis,DK1
1.4840892744714426e-07,2.6322076619460685e-07,4.2778291595160001e-06,6.0628188186552394e-06,24,0,1.0169890091865657e-07,2024-08-24 00:00:00+00:00,q90,reanalysis,DK1
0.02854002217147996,0.020054647201692699,0.030232682695926598,0.021557824108015544,24,0,0.012915178511225187,2024-08-25 00:00:00+00:00,q90,reanalysis,DK1
1.2769382306233026,1.2356546380389255,1.2682331015021489,1.2271056126906221,24,7,1.2945916162243392,2024-08-26 00:00:00+00:00,q90,reanalysis,DK1
4.7454509872765263,4.7368348526250035,4.8030963981846959,4.7961979397540766,24,5,4.7844852333202104,2024-08-27 00:00:00+00:00,q90,reanalysis,DK1
2.9256341710259344,2.9204182005111159,2.9150894670686807,2.9132577379001603,24,3,2.7645132812582007,2024-08-28 00:00:00+00:00,q90,reanalysis,DK1
4.7910197726806221,4.9812573110783234,4.7989630036727684,4.9923681657295536,24,11,5.3948363647311401,2024-08-29 00:00:00+00:00,q90,reanalysis,DK1
4.463423547099775,4.7017960987573719,4.5503518895868167,4.7953314733288881,24,7,4.8954740654312738,2024-08-30 00:00:00+00:00,q90,reanalysis,DK1
0.033377252468036814,0.026529860578162898,0.035686847582259568,0.02875782481466943,24,0,0.020130370594099389,2024-08-31 00:00:00+00:00,q90,reanalysis,DK1
0.022011992339607586,0.018151262623713568,0.022540887882116098,0.019221974378535671,24,0,0.014955112321146699,2024-09-01 00:00:00+00:00,q90,reanalysis,DK1
4.5065105816963094,4.6114540538400322,4.5102796411833044,4.6172026373228903,24,6,4.6202743206783481,2024-09-02 00:00:00+00:00,q90,reanalysis,DK1
5.6297520238127188,6.0034232908302014,5.668295878910901,6.0479323499997379,24,18,5.879286961805148,2024-09-03 00:00:00+00:00,q90,reanalysis,DK1
2.9781326996661575,3.0716375156394542,3.0101523841300817,3.1057400798344919,24,23,2.8582687382356164,2024-09-04 00:00:00+00:00,q90,reanalysis,DK1
0.0091928204999659792,0.010920974084036594,0.010616984490060094,0.012029925327523136,24,0,0.0061302900516887133,2024-09-05 00:00:00+00:00,q90,reanalysis,DK1
0.015105456049328113,0.016195335351711422,0.012726362800854764,0.013552167045679584,24,0,0.012208265136285739,2024-09-06 00:00:00+00:00,q90,reanalysis,DK1
0.00040727028790802559,0.00065937092381979155,0.0013351341978695942,0.0019198933166637354,24,0,0.00014751629751279108,2024-09-07 00:00:00+00:00,q90,reanalysis,DK1
0.034531651055821927,0.032222035237467798,0.034221895226963256,0.032056113551763632,24,0,0.021202822836003277,2024-09-08 00:00:00+00:00,q90,reanalysis,DK1
1.5695142750754603,1.7087889487640722,1.5385755858733172,1.6771464263929383,24,7,1.6085114598466292,2024-09-09 00:00:00+00:00,q90,reanalysis,DK1
1.4086091013591385e-07,4.5337802575813894e-07,5.4113576462433156e-06,1.1676693028328983e-05,24,0,1.1297782164517502e-08,2024-09-10 00:00:00+00:00,q90,reanalysis,DK1
0.92722528947160432,0.7821416689744678,0.89956803971771437,0.75112807696605854,24,0,0.7025843154429593,2024-09-11 00:00:00+00:00,q90,reanalysis,DK1
3.8313587797879589,3.8316027860650044,3.8519240354760096,3.8594416746178135,24,11,3.7606238569465353,2024-09-12 00:00:00+00:00,q90,reanalysis,DK1
5.372820923275194,5.0714393032266818,5.4084181952608761,5.1190412809294372,24,2,5.3475401056598022,2024-09-13 00:00:00+00:00,q90,reanalysis,DK1
0.036431495263897128,0.044033748273862867,0.040675403907299665,0.048430434150050466,24,0,0.014875943215538768,2024-09-14 00:00:00+00:00,q90,reanalysis,DK1
0.86997010062163782,0.81764890768410159,0.87049271696955932,0.81908836424685449,24,0,0.86467923973377525,2024-09-15 00:00:00+00:00,q90,reanalysis,DK1
2.686094164013638,2.6005045101941398,2.6983901839612989,2.6142433803149125,24,5,2.8463540913494811,2024-09-16 00:00:00+00:00,q90,reanalysis,DK1
0.86210035256313822,0.86615394371496723,0.86070589613354342,0.86619509601346112,24,1,0.87720272109597053,2024-09-17 00:00:00+00:00,q90,reanalysis,DK1
0.77193736302211202,0.7819973994686964,0.78787530354236057,0.79727309403126012,24,1,0.76283770758635405,2024-09-18 00:00:00+00:00,q90,reanalysis,DK1
0.033150038837686073,0.035056513536556005,0.034217244922098933,0.035888907847041365,24,0,0.025207557143305113,2024-09-19 00:00:00+00:00,q90,reanalysis,DK1
0.15074164208723007,0.16718003887561916,0.15165104027952347,0.17023403945041821,24,0,0.11477302908088501,2024-09-20 00:00:00+00:00,q90,reanalysis,DK1
0.00078086852182004582,0.00090904325748532831,0.0024041864899495748,0.0024183155494340034,24,0,0.0002181993536676511,2024-09-21 00:00:00+00:00,q90,reanalysis,DK1
0.47423548231632984,0.35944924439315429,0.49327600559452067,0.37025726976844026,24,0,0.40701699609588515,2024-09-22 00:00:00+00:00,q90,reanalysis,DK1
4.4585611786128823,4.1569597771940678,4.4901158998526105,4.1679583900660893,24,10,4.3411164562115099,2024-09-23 00:00:00+00:00,q90,reanalysis,DK1
3.2301266575158292,3.2175321493070137,3.2562097501956448,3.2287376909098455,24,5,3.3374403606240235,2024-09-24 00:00:00+00:00,q90,reanalysis,DK1
0.075321317852086664,0.079320446481814896,0.077980051523063337,0.083329185485094728,24,0,0.06227439244135205,2024-09-25 00:00:00+00:00,q90,reanalysis,DK1
0.05363807254733282,0.049610259078464676,0.049879406819317726,0.045208803635362581,24,0,0.032796746378828109,2024-09-26 00:00:00+00:00,q90,reanalysis,DK1
1.5268992295377255e-05,3.351551872988536e-05,8.6135830913258948e-05,0.0001473247389578823,24,0,1.1023380808401733e-05,2024-09-27 00:00:00+00:00,q90,reanalysis,DK1
6.4533564253172885e-07,7.9483918805285142e-07,4.1967454219320039e-07,4.9427957652652743e-07,24,0,3.1948973212608016e-07,2024-09-28 00:00:00+00:00,q90,reanalysis,DK1
0.00059213566398871994,0.00090445486621541955,0.00077801143758137934,0.0012926684514493656,24,0,0.00015428673612873355,2024-09-29 00:00:00+00:00,q90,reanalysis,DK1
5.1620751502307137e-12,1.1750116578832594e-11,6.6939206306962082e-09,1.3654613034917555e-08,24,0,1.0693032935543964e-14,2024-09-30 00:00:00+00:00,q90,reanalysis,DK1
1.8313486145561626e-09,9.1981608769763002e-09,8.2459086424636097e-08,2.1960008419670241e-07,24,0,1.1165577659417196e-10,2024-10-01 00:00:00+00:00,q90,reanalysis,DK1
0.03091758710311087,0.039159858191673808,0.034805042207451301,0.043052759592519238,24,0,0.012525495468049529,2024-10-02 00:00:00+00:00,q90,reanalysis,DK1
1.8745476463929918,1.843886731581059,1.8665494832748404,1.8366644168714021,24,2,1.8754074267704592,2024-10-03 00:00:00+00:00,q90,reanalysis,DK1
5.2192755857946587,5.2482913250091272,5.2222486618550699,5.2749251179848136,24,11,5.4167920883353489,2024-10-04 00:00:00+00:00,q90,reanalysis,DK1
0.84201080194843836,1.0307948292365576,0.85569080985676893,1.0344039373676293,24,0,0.69370367870867733,2024-10-05 00:00:00+00:00,q90,reanalysis,DK1
8.8355982845299435e-07,3.7522473230809104e-06,1.8343204855575876e-05,4.7475162046621376e-05,24,0,6.7657794279721178e-07,2024-10-06 00:00:00+00:00,q90,reanalysis,DK1
0.0066336709395030989,0.010467524996612357,0.013467502597499917,0.019187467602905576,24,0,0.0034563745393213306,2024-10-07 00:00:00+00:00,q90,reanalysis,DK1
0.012439106840051081,0.015694326802540425,0.017923166316660272,0.021935286659042472,24,0,0.007605407183791219,2024-10-08 00:00:00+00:00,q90,reanalysis,DK1
0.097431558294329895,0.13097814859764254,0.11877795847924781,0.15415289738006077,24,0,0.071906829380714507,2024-10-09 00:00:00+00:00,q90,reanalysis,DK1
0.0012467342982816743,0.002096059075688125,0.0011624369586019346,0.0019654988418808189,24,0,0.00057245262849693439,2024-10-10 00:00:00+00:00,q90,reanalysis,DK1
0.1027233173029978,0.1328693874912163,0.10137075907836633,0.12978061306427294,24,0,0.06043580004161174,2024-10-11 00:00:00+00:00,q90,reanalysis,DK1
1.9566819091963006e-05,8.0008929229666179e-05,0.00011566015669771015,0.00037189796693682791,24,0,1.1223645907911492e-06,2024-10-12 00:00:00+00:00,q90,reanalysis,DK1
4.5065000930386732e-06,1.2601104895447998e-05,5.2849613621200166e-05,0.00010791283096744413,24,0,5.53006419236691e-07,2024-10-13 00:00:00+00:00,q90,reanalysis,DK1
3.9123874163542744,3.9043339233706775,3.9363780883713191,3.9248990085894784,24,4,3.8281996812502017,2024-10-14 00:00:00+00:00,q90,reanalysis,DK1
2.5078379159543118,3.0505717333594964,2.4956413444802217,3.0689303191031185,24,5,2.5415543306436095,2024-10-15 00:00:00+00:00,q90,reanalysis,DK1
8.2044794518196981e-09,3.3402466414488671e-08,1.0371594608342312e-06,2.3738557351907526e-06,24,0,1.9211242494304685e-10,2024-10-16 00:00:00+00:00,q90,reanalysis,DK1
0.79693256385944544,0.7124278475022956,0.7937763128677735,0.71646023337679365,24,1,0.84735607984118533,2024-10-17 00:00:00+00:00,q90,reanalysis,DK1
4.3763392532202223,3.8918659340401005,4.4495640493191013,3.9374860716690501,24,12,4.3186226213777781,2024-10-18 00:00:00+00:00,q90,reanalysis,DK1
0.017640012903392843,0.030334075880075133,0.014126646003613984,0.024090461867262485,24,0,0.011989319161989144,2024-10-19 00:00:00+00:00,q90,reanalysis,DK1
4.6793947054265696e-12,1.5284188389631078e-10,3.0380646548886953e-09,9.8333616333624678e-09,24,0,2.8245517565699072e-15,2024-10-20 00:00:00+00:00,q90,reanalysis,DK1
0.07725284617115484,0.13180761707759125,0.084781013636189395,0.14118899128874604,24,0,0.05033785690573974,2024-10-21 00:00:00+00:00,q90,reanalysis,DK1
0.34064361364097256,0.48304984032603826,0.34601870932205869,0.48868327331085248,24,0,0.22690794378339926,2024-10-22 00:00:00+00:00,q90,reanalysis,DK1
1.6168170910097914,1.7000497179135943,1.6291966157876292,1.6952957720649828,24,2,1.4902411946227465,2024-10-23 00:00:00+00:00,q90,reanalysis,DK1
0.018448969006507217,0.050622640112410897,0.023911954692091879,0.057371866924040296,24,0,0.0042266899706651876,2024-10-24 00:00:00+00:00,q90,reanalysis,DK1
0.085529501371830949,0.14701952988791353,0.083831916109645327,0.13628045294246804,24,0,0.071982074768486226,2024-10-25 00:00:00+00:00,q90,reanalysis,DK1
0.0059554952720932792,0.011575371573642754,0.0066544640239224115,0.011302101452796802,24,0,0.0051057704236074971,2024-10-26 00:00:00+00:00,q90,reanalysis,DK1
0,0,0,0,0,0,0,2024-10-27 00:00:00+00:00,q90,reanalysis,DK1
0.71963779831947816,1.0625505658187366,0.72347204373289131,1.0619365307799677,24,0,0.65704440423104227,2024-10-28 00:00:00+00:00,q90,reanalysis,DK1
1.1661343624300817,1.6940992012007405,1.1046717770040129,1.6231816555925276,24,0,1.1433245859219694,2024-10-29 00:00:00+00:00,q90,reanalysis,DK1
0.016386560593609271,0.036975744162416647,0.019549912623752327,0.041820180826000294,24,0,0.002373926840781416,2024-10-30 00:00:00+00:00,q90,reanalysis,DK1
0.00094996804657744398,0.0060245666467822704,0.0014290412951281756,0.0065488807186559412,24,0,0.00016328139710608839,2024-10-31 00:00:00+00:00,q90,reanalysis,DK1
9.796596022046005e-07,6.3594351149551242e-06,1.3184088392752635e-05,4.6593605911595636e-05,24,0,9.334628107208316e-09,2024-11-01 00:00:00+00:00,q90,reanalysis,DK1
7.605362608270033e-05,0.00039063566793137418,0.0002105314510904895,0.00087212993853268508,24,0,4.2618657761991003e-06,2024-11-02 00:00:00+00:00,q90,reanalysis,DK1
0.00036910989492593301,0.0011775250789243985,0.00032711712188074045,0.0010693789154854233,24,0,5.5890656624195075e-05,2024-11-03 00:00:00+00:00,q90,reanalysis,DK1
4.91156860049463,4.5497899302248657,4.9059873052010854,4.5260772636374265,24,12,5.3529903022150833,2024-11-04 00:00:00+00:00,q90,reanalysis,DK1
5.1066238407317988,4.7681943826156044,5.0663681000150982,4.739531354530782,24,18,4.4296644887719205,2024-11-05 00:00:00+00:00,q90,reanalysis,DK1
2.4720192057751529,1.9621166427303136,2.4412789129873338,1.9351245981914444,24,24,2.2527125561205077,2024-11-06 00:00:00+00:00,q90,reanalysis,DK1
7.1697724922054782,6.3129618653912507,7.1948620227425462,6.328466225061085,24,23,7.5296037456682354,2024-11-07 00:00:00+00:00,q90,reanalysis,DK1
7.3226699981654457,7.0959730491359743,7.3440291480883895,7.1248167256353563,24,10,7.6246933784093738,2024-11-08 00:00:00+00:00,q90,reanalysis,DK1
2.5088985962273105,2.4392040862076829,2.5078880743413974,2.4521517405303381,24,3,2.7436752522961143,2024-11-09 00:00:00+00:00,q90,reanalysis,DK1
0,0,0,0,0,0,0,2024-11-10 00:00:00+00:00,q90,reanalysis,DK1
6.3331869861510217,5.9653930528705486,6.3025395072363644,5.9287581842670516,24,10,7.0314814189515342,2024-11-11 00:00:00+00:00,q90,reanalysis,DK1
12.602076995759349,12.018525996662431,12.736675362771061,12.163496774093366,24,21,12.854656050922406,2024-11-12 00:00:00+00:00,q90,reanalysis,DK1
4.8766750609380143,5.2701983744156662,4.8112125452089272,5.217925614258502,24,3,4.9128015592649863,2024-11-13 00:00:00+00:00,q90,reanalysis,DK1
0.13068527839311148,0.17345167147594398,0.13908800910543739,0.18254793972321082,24,0,0.046421720173513564,2024-11-14 00:00:00+00:00,q90,reanalysis,DK1
2.5039946878330248,2.4329138497557055,2.4870037627445365,2.4172273003707447,24,3,2.7023233855526323,2024-11-15 00:00:00+00:00,q90,reanalysis,DK1
1.3441266767564458e-09,5.1467023170592212e-09,8.773059280752954e-09,1.6371422352049118e-08,24,0,1.323434638660217e-10,2024-11-16 00:00:00+00:00,q90,reanalysis,DK1
0,0,0,0,0,0,0,2024-11-17 00:00:00+00:00,q90,reanalysis,DK1
4.677501713368321e-05,0.00014278710531302773,0.00017402968675317754,0.00039179981681895939,24,0,4.0165950468007865e-06,2024-11-18 00:00:00+00:00,q90,reanalysis,DK1
0.0040712195186412099,0.0060510497102541682,0.0040469949675881606,0.0060079233167881219,24,0,0.0031743055477989192,2024-11-19 00:00:00+00:00,q90,reanalysis,DK1
1.7185222328305463,1.7598287414511939,1.7274683468974128,1.7699622756895343,24,2,1.7152459151488744,2024-11-20 00:00:00+00:00,q90,reanalysis,DK1
6.963254740387451,6.8948085984520944,6.9006992166565304,6.8364570608301429,24,20,6.7315718615179945,2024-11-21 00:00:00+00:00,q90,reanalysis,DK1
2.3835241250378281,2.375846988347194,2.3888496032042887,2.3813230859540653,24,5,2.3434830684812304,2024-11-22 00:00:00+00:00,q90,reanalysis,DK1
9.5385587082900331e-07,1.042839414726039e-06,4.6958309515349862e-06,4.1605031377907875e-06,24,0,4.329057732230387e-07,2024-11-23 00:00:00+00:00,q90,reanalysis,DK1
2.9840100801918724e-15,8.4378906599502128e-15,3.3159942367451028e-11,1.2342771084999091e-10,24,0,7.4782085389377033e-17,2024-11-24 00:00:00+00:00,q90,reanalysis,DK1
3.7144377947520108e-08,1.0948270665961459e-07,7.2102754173931219e-07,2.6351857635911658e-06,24,0,1.2755876544147327e-10,2024-11-25 00:00:00+00:00,q90,reanalysis,DK1
0.00046669323581816226,0.0012649179421655382,0.0012676834059799583,0.0028117931933747627,24,0,3.0824360489867674e-05,2024-11-26 00:00:00+00:00,q90,reanalysis,DK1
0.02600374283039162,0.034088106168330391,0.026074100212069098,0.035056752117191912,24,0,0.01206237911032201,2024-11-27 00:00:00+00:00,q90,reanalysis,DK1
0.84118292933229322,1.11876886374603,0.8441021283178316,1.1422114965385459,24,0,0.72819352182287211,2024-11-28 00:00:00+00:00,q90,reanalysis,DK1
1.2226374850322681,1.3005845249607426,1.1838131283619617,1.2471913793700755,24,4,1.0236480826325864,2024-11-29 00:00:00+00:00,q90,reanalysis,DK1
0.00082984769335706272,0.0022075892912885226,0.00153454988262314,0.00355051878906871,24,0,2.9845821234712537e-05,2024-11-30 00:00:00+00:00,q90,reanalysis,DK1
6.3971786561031042e-06,3.9726395210237859e-05,1.1702244343685026e-05,7.2293959831017815e-05,24,0,8.6677384792880668e-08,2024-12-01 00:00:00+00:00,q90,reanalysis,DK1
0.00013922531777296084,0.00041490006811494858,0.00025709585932230785,0.00071012980418072493,24,0,1.0472483825724063e-05,2024-12-02 00:00:00+00:00,q90,reanalysis,DK1
2.1036057103255943,2.2958427649649242,2.1085125646888905,2.301802198098768,24,0,1.6882372489932491,2024-12-03 00:00:00+00:00,q90,reanalysis,DK1
4.7049416702480995,4.4166334613864366,4.7242913779780915,4.4342982395827022,24,10,4.2261210892883385,2024-12-04 00:00:00+00:00,q90,reanalysis,DK1
0.050988772741119598,0.07405898641805661,0.052481593035324389,0.076385202937602953,24,0,0.017663806658323011,2024-12-05 00:00:00+00:00,q90,reanalysis,DK1
0.01642394187239439,0.031985950677971525,0.014201520836651877,0.029549305863778078,24,0,0.0078641149593436065,2024-12-06 00:00:00+00:00,q90,reanalysis,DK1
7.7704381041768486e-09,8.9572307159984451e-08,5.7588454577610767e-09,7.3252905012689229e-08,24,0,2.409381290629113e-09,2024-12-07 00:00:00+00:00,q90,reanalysis,DK1
1.0709808167242232e-09,9.3807623781725533e-09,1.5379346368330063e-08,7.0544158035709602e-08,24,0,2.0704513182895564e-11,2024-12-08 00:00:00+00:00,q90,reanalysis,DK1
0.00025108937450823011,0.00080581001295241075,0.00076561026868455812,0.0017710257711376672,24,0,1.7795826496561977e-05,2024-12-09 00:00:00+00:00,q90,reanalysis,DK1
6.5557751463376732,6.2276864200760889,6.6760007101618939,6.3345675955941907,24,12,6.0707183499302522,2024-12-10 00:00:00+00:00,q90,reanalysis,DK1
3.3108716897945301,3.2132543451984779,3.2473329573354195,3.1484666661201666,24,22,3.0679509287943918,2024-12-11 00:00:00+00:00,q90,reanalysis,DK1
0.77873297727521362,0.72037768911468536,0.79343022686212961,0.73281187832679873,24,24,0.56979369901368349,2024-12-12 00:00:00+00:00,q90,reanalysis,DK1
2.7938125711503146,2.7016745402563922,2.7534376292855409,2.6645095604130007,24,18,2.7062890909118216,2024-12-13 00:00:00+00:00,q90,reanalysis,DK1
0.053795275573522067,0.055117740365073456,0.052620676218147061,0.053995166318716321,24,0,0.026816807375225609,2024-12-14 00:00:00+00:00,q90,reanalysis,DK1
1.9221907429934482e-06,4.730735649679956e-06,4.4475222701542825e-05,7.629187477364384e-05,24,0,2.5240330080543735e-07,2024-12-15 00:00:00+00:00,q90,reanalysis,DK1
1.795883405539567e-09,3.039198200059166e-09,3.0457480613683033e-07,3.2208791447473237e-07,24,0,1.0012987282398026e-10,2024-12-16 00:00:00+00:00,q90,reanalysis,DK1
7.0847748322831077e-05,0.00027139032602173705,0.00028053982850805253,0.00074576522324428765,24,0,2.1507478141414452e-06,2024-12-17 00:00:00+00:00,q90,reanalysis,DK1
1.1372377790372818e-12,4.7234304376482691e-11,1.308740395230585e-09,1.0535650005683753e-08,24,0,1.2517635989040174e-15,2024-12-18 00:00:00+00:00,q90,reanalysis,DK1
1.2039397038655743e-05,2.9684885487507248e-05,2.7100394419337371e-05,7.5434069279545815e-05,24,0,3.553720329474802e-07,2024-12-19 00:00:00+00:00,q90,reanalysis,DK1
0.00028003842276928717,0.00066126528249345318,0.00070398077736526471,0.0011524020667959425,24,0,4.0465722892555718e-05,2024-12-20 00:00:00+00:00,q90,reanalysis,DK1
1.6648110136646988e-12,1.9817592688849885e-11,5.7599123276524073e-09,2.6972417186088092e-08,24,0,4.5970351563837315e-14,2024-12-21 00:00:00+00:00,q90,reanalysis,DK1
4.4166859562630909e-10,1.2564039707049994e-09,5.8843657300603159e-08,2.1083210153026217e-07,24,0,1.2469426078824751e-11,2024-12-22 00:00:00+00:00,q90,reanalysis,DK1
0.048297093566925103,0.068753093951411423,0.057209150146776341,0.079947428580866939,24,0,0.034401754701945196,2024-12-23 00:00:00+00:00,q90,reanalysis,DK1
1.0772878619958168,1.4185296160554821,1.0583019203241202,1.3971962489198282,24,0,0.8117558072270632,2024-12-24 00:00:00+00:00,q90,reanalysis,DK1
0.0093200581100857955,0.023000696245651094,0.013839142893800524,0.030875424396110213,24,0,0.00069603822152823679,2024-12-25 00:00:00+00:00,q90,reanalysis,DK1
0.080885082999764393,0.15020983128477305,0.089700507154728076,0.16157694364534256,24,0,0.031907370377963956,2024-12-26 00:00:00+00:00,q90,reanalysis,DK1
3.2320723997490197,4.2088168320601937,3.113351884165001,4.0994387774682188,24,0,2.8760095459315806,2024-12-27 00:00:00+00:00,q90,reanalysis,DK1
1.0404213396812494,1.3477393150642065,1.0144096177577648,1.300550251597167,24,0,0.61010027437395187,2024-12-28 00:00:00+00:00,q90,reanalysis,DK1
0.0037334237244730107,0.0065742633985317626,0.0047166136172733233,0.0081522211902172893,24,0,0.00033884391044188385,2024-12-29 00:00:00+00:00,q90,reanalysis,DK1
0.0090284196456685128,0.015354084462443851,0.0078836919286941962,0.013445211948553115,24,0,0.0033433172659910531,2024-12-30 00:00:00+00:00,q90,reanalysis,DK1
0.0028256373257394391,0.0047026987612800303,0.0056940599070358262,0.0081688147545133025,24,0,0.0010559225336792205,2024-12-31 00:00:00+00:00,q90,reanalysis,DK1
2.1172264171195376e-07,8.8394839213080212e-07,3.3204609510949974e-06,1.3554662804670429e-05,24,0,2.1763579717641875e-08,2025-01-01 00:00:00+00:00,q90,reanalysis,DK1
0.013078658893752737,0.022522418467507924,0.0189740197520551,0.030006481681048577,24,0,0.002947026616865695,2025-01-02 00:00:00+00:00,q90,reanalysis,DK1
0.00091562345376616544,0.0020436036731448603,0.0010393342354306804,0.0021426368369009238,24,0,0.0001895287541758126,2025-01-03 00:00:00+00:00,q90,reanalysis,DK1
0.043424166667383038,0.0634244622539544,0.056141783188654718,0.07713596057661995,24,0,0.021239672932984385,2025-01-04 00:00:00+00:00,q90,reanalysis,DK1
1.2765778580663458e-05,1.6572479524861855e-05,0.0001237436479938847,0.00014060244262417609,24,0,4.5978314368589875e-06,2025-01-05 00:00:00+00:00,q90,reanalysis,DK1
4.6263135583257782e-09,1.1266378412252462e-08,1.8151283601457683e-07,4.0691461587488661e-07,24,0,2.5170570173795143e-12,2025-01-06 00:00:00+00:00,q90,reanalysis,DK1
8.6013377200147528e-08,6.1041203850376094e-07,2.1641320986069067e-06,7.6944240140909481e-06,24,0,1.5097380304622727e-10,2025-01-07 00:00:00+00:00,q90,reanalysis,DK1
6.5546481563358484e-05,0.00023320748137497651,0.00025116237421756869,0.00067110451763086119,24,0,4.9665698528853293e-06,2025-01-08 00:00:00+00:00,q90,reanalysis,DK1
1.0078373859360221,1.1038888369007307,0.98956347950938162,1.0856120132724141,24,1,0.98690712640484168,2025-01-09 00:00:00+00:00,q90,reanalysis,DK1
0.034360700477160146,0.05434607418938834,0.039692873287485907,0.059556065457788132,24,0,0.014403353222759404,2025-01-10 00:00:00+00:00,q90,reanalysis,DK1
0.00013226351883316179,0.00036412805224154428,0.00064059042443337507,0.0012553237410873209,24,0,4.8399084609432736e-05,2025-01-11 00:00:00+00:00,q90,reanalysis,DK1
1.7028646374843577,1.7245927504973908,1.7159842337482574,1.7400062946562691,24,2,1.7516214992219648,2025-01-12 00:00:00+00:00,q90,reanalysis,DK1
3.2462581790040641,3.3457737190915937,3.23815432087099,3.3345674813275892,24,1,3.0928501160125768,2025-01-13 00:00:00+00:00,q90,reanalysis,DK1
0.0053708879889115902,0.013962024453893352,0.0046372416486692861,0.012197749812019988,24,0,0.0028785800621855084,2025-01-14 00:00:00+00:00,q90,reanalysis,DK1
12.410887549494968,11.939449925406123,12.473981083218876,12.032288057940395,24,14,12.934603424006509,2025-01-15 00:00:00+00:00,q90,reanalysis,DK1
6.8960537372058903,6.616497579906194,6.8441241294181729,6.5792875832084956,24,8,7.3385051068108078,2025-01-16 00:00:00+00:00,q90,reanalysis,DK1
11.445183433861272,10.803824672938092,11.447166605655241,10.820169429331827,24,21,13.498585565001708,2025-01-17 00:00:00+00:00,q90,reanalysis,DK1
3.0024731664692337,3.0444444003723721,2.9868844835303165,3.0282163085629814,24,4,3.437121189870715,2025-01-18 00:00:00+00:00,q90,reanalysis,DK1
3.498442512141466,3.5169129989828036,3.4692415819805547,3.4899153262593283,24,4,3.7294046419449698,2025-01-19 00:00:00+00:00,q90,reanalysis,DK1
14.590914966502346,14.086210892489145,14.603051724396163,14.112870784893026,24,21,16.107975007804107,2025-01-20 00:00:00+00:00,q90,reanalysis,DK1
10.431334625915481,10.27445215632531,10.397983662094088,10.258674389159697,24,12,11.040530103214186,2025-01-21 00:00:00+00:00,q90,reanalysis,DK1
0.88146036939990513,0.89104013584447372,0.88120906685968758,0.89554979022455983,24,1,0.92028705008329414,2025-01-22 00:00:00+00:00,q90,reanalysis,DK1
8.9495733421873441e-05,0.00015801578585189746,0.0003909570474720443,0.00061861954116784724,24,0,3.8246205870242592e-05,2025-01-23 00:00:00+00:00,q90,reanalysis,DK1
2.1220233313227935e-12,1.3186450914854303e-11,6.3641944072811999e-10,3.7892440790946728e-09,24,0,5.7683419484955494e-16,2025-01-24 00:00:00+00:00,q90,reanalysis,DK1
2.4088264524017972e-05,7.1943239250302254e-05,0.00013045634565310899,0.00036578916097494306,24,0,4.5419789582750854e-07,2025-01-25 00:00:00+00:00,q90,reanalysis,DK1
0.00039713607966884945,0.00078641840530577103,0.00081956300344542747,0.0016293543956739649,24,0,4.2378259690175058e-05,2025-01-26 00:00:00+00:00,q90,reanalysis,DK1
1.4538825872747675e-12,4.9619866676114681e-12,5.117972298375659e-09,8.2015078476198977e-09,24,0,1.1494027956484051e-14,2025-01-27 00:00:00+00:00,q90,reanalysis,DK1
1.164458321682214e-06,2.4397067724059013e-06,8.0388689446216894e-06,1.7596879497634686e-05,24,0,4.0361937118995276e-08,2025-01-28 00:00:00+00:00,q90,reanalysis,DK1
0.076312477951459928,0.13356876902404052,0.066599326889656391,0.11901793396530816,24,0,0.032913635354040204,2025-01-29 00:00:00+00:00,q90,reanalysis,DK1
0.66718686540664884,0.85788694554859868,0.65978082711781549,0.84880237377932932,24,0,0.48806163600141544,2025-01-30 00:00:00+00:00,q90,reanalysis,DK1
1.425706597348718,1.7160970266060547,1.4299459097941147,1.7238917547281314,24,0,1.1762047287575341,2025-01-31 00:00:00+00:00,q90,reanalysis,DK1
0.28118732565628313,0.392529378689283,0.28286730795093568,0.39835198243059855,24,0,0.1755883176100852,2025-02-01 00:00:00+00:00,q90,reanalysis,DK1
3.0250236850151997,3.0921152038773725,3.0074792647458493,3.0783130778106158,24,3,3.089271250206798,2025-02-02 00:00:00+00:00,q90,reanalysis,DK1
6.1306526474091987,6.1534712999589987,6.1579851992154904,6.1833756224820604,24,8,5.969986776095058,2025-02-03 00:00:00+00:00,q90,reanalysis,DK1
3.4445334288664737,3.2396014150589161,3.4377811920984391,3.2299004868673511,24,5,3.567144964937055,2025-02-04 00:00:00+00:00,q90,reanalysis,DK1
3.5894189547184943,3.5567553042190627,3.5644732929111429,3.5255109841642271,24,4,3.711910759152397,2025-02-05 00:00:00+00:00,q90,reanalysis,DK1
0.23322209719063355,0.32771832880887991,0.21068982400738939,0.29811464408439958,24,0,0.16020074424599173,2025-02-06 00:00:00+00:00,q90,reanalysis,DK1
4.2393764952416364e-05,5.1914251827062212e-05,0.00019050902437853947,0.00020866815110528284,24,0,3.1737338437849297e-05,2025-02-07 00:00:00+00:00,q90,reanalysis,DK1
3.4492234800720139e-06,3.9461022591949023e-06,3.4241149990131859e-05,3.5246888990986431e-05,24,0,2.4108310231891935e-07,2025-02-08 00:00:00+00:00,q90,reanalysis,DK1
9.7100694365471183e-05,0.00013985817736998291,0.00033710397594059082,0.00048654077696891552,24,0,2.4665626406478519e-05,2025-02-09 00:00:00+00:00,q90,reanalysis,DK1
0.0021037557459362907,0.0024505615613404897,0.0031725523403506517,0.003512341056133426,24,0,0.0007619291271237364,2025-02-10 00:00:00+00:00,q90,reanalysis,DK1
0.0020051113459804413,0.0023361092676063449,0.0019090313498913753,0.0021511149122020565,24,0,0.00079934919143872238,2025-02-11 00:00:00+00:00,q90,reanalysis,DK1
1.5912188764514421,1.527035108938106,1.5870038164268634,1.5203522323435543,24,4,1.6939785056651138,2025-02-12 00:00:00+00:00,q90,reanalysis,DK1
2.3012147541074577,2.2434263568942554,2.2990005434788978,2.2454577099422566,24,5,2.5383968001304478,2025-02-13 00:00:00+00:00,q90,reanalysis,DK1
5.2443736686344877,5.2443736686344877,5.2330550375142391,5.2330550375142391,24,24,5.279514609613746,2025-02-14 00:00:00+00:00,q90,reanalysis,DK1
2.143245141676243,2.161318585673738,2.1658541880921756,2.1849161595324076,24,4,2.2029424386578178,2025-02-15 00:00:00+00:00,q90,reanalysis,DK1
0.21680799431345324,0.2168561707306236,0.20873363675192957,0.20888073630693865,24,0,0.27343738123946426,2025-02-16 00:00:00+00:00,q90,reanalysis,DK1
4.3156706455000489,4.3898064975413895,4.2866404923435235,4.360055668056626,24,13,4.2919217939028949,2025-02-17 00:00:00+00:00,q90,reanalysis,DK1
1.6001623636332942,1.6122869626803085,1.5507684222315736,1.5639205835898384,24,8,1.4394250582205699,2025-02-18 00:00:00+00:00,q90,reanalysis,DK1
0.0036917694380347449,0.0038588614561501419,0.0077237614445312148,0.0080924213496365947,24,0,0.0025629348461536777,2025-02-19 00:00:00+00:00,q90,reanalysis,DK1
3.9777385299788783e-08,3.9606291217041096e-08,9.6955968962476895e-07,1.0618483192047596e-06,24,0,3.6250327517392687e-10,2025-02-20 00:00:00+00:00,q90,reanalysis,DK1
7.1515774307523205e-05,9.0159699059798169e-05,0.00032402178239668809,0.00038173208185304699,24,0,6.0995396831050336e-06,2025-02-21 00:00:00+00:00,q90,reanalysis,DK1
3.7366836887751171e-08,1.3895575937946522e-06,2.0175355558022279e-06,1.2820636447719897e-05,24,0,1.5564679756945199e-09,2025-02-22 00:00:00+00:00,q90,reanalysis,DK1
3.3748510446183984e-08,1.2589251179728898e-06,3.880337731736112e-07,6.6015281505893376e-06,24,0,2.3109725789617008e-10,2025-02-23 00:00:00+00:00,q90,reanalysis,DK1
3.2301083051772011e-05,4.6517954842237546e-05,0.00019516968316442003,0.00025292567862098502,24,0,4.7230996671721843e-06,2025-02-24 00:00:00+00:00,q90,reanalysis,DK1
1.2227053397407079,1.5237952840116935,1.187318308604963,1.4861922492326241,24,0,1.1082002847932038,2025-02-25 00:00:00+00:00,q90,reanalysis,DK1
9.1734754406423669,8.7098584218762625,9.2592820976729566,8.8037506288760756,24,14,9.5301255722848577,2025-02-26 00:00:00+00:00,q90,reanalysis,DK1
7.317157574733919,6.3534614094025859,7.2904107199296053,6.3336513605716682,24,15,7.5368769967439659,2025-02-27 00:00:00+00:00,q90,reanalysis,DK1
7.1609158259644694,7.0382539520106073,7.1911452582202235,7.0538231816720742,24,12,7.4932088860950898,2025-02-28 00:00:00+00:00,q90,reanalysis,DK1
1.4795959233056561,1.4810865533460091,1.4807491697507547,1.4831363455163626,24,2,1.5704072597365839,2025-03-01 00:00:00+00:00,q90,reanalysis,DK1
0.03580090753039742,0.042384143625228562,0.033592287977108858,0.039572068719574846,24,0,0.022719210182441912,2025-03-02 00:00:00+00:00,q90,reanalysis,DK1
0.83039064339009694,1.0079577079329962,0.81845677479873302,0.99482409605582389,24,0,0.55722097920686364,2025-03-03 00:00:00+00:00,q90,reanalysis,DK1
1.5406074856613337,1.8602999178844204,1.5341329144547609,1.8549036795269365,24,0,1.0135329988451742,2025-03-04 00:00:00+00:00,q90,reanalysis,DK1
0.0037282299226266105,0.0051992868667625541,0.0048320499543035196,0.00634966507549653,24,0,0.00066479268983627912,2025-03-05 00:00:00+00:00,q90,reanalysis,DK1
0.0008341346081705823,0.0011728283857015548,0.00084548322574435719,0.0011720757955068436,24,0,0.00033865273806971336,2025-03-06 00:00:00+00:00,q90,reanalysis,DK1
0.018726342464068062,0.068762056288870901,0.020933427509361516,0.069432605794352176,24,0,0.0084863700183288957,2025-03-07 00:00:00+00:00,q90,reanalysis,DK1
7.7981027869192926e-05,0.00071566946221718547,0.00033239105756590113,0.00165444141612075,24,0,1.0711246441189836e-05,2025-03-08 00:00:00+00:00,q90,reanalysis,DK1
0.00058084043453790826,0.0024507826007593128,0.00088062828204663567,0.0030020281666626424,24,0,7.3397470471525753e-05,2025-03-09 00:00:00+00:00,q90,reanalysis,DK1
0.41630550514008779,0.78556282027225588,0.43413560044851607,0.79578835758572031,24,0,0.21352567143047699,2025-03-10 00:00:00+00:00,q90,reanalysis,DK1
8.8691628041931292,7.9556464438402488,8.8417406219394703,7.9250791492437243,24,16,9.638587060411524,2025-03-11 00:00:00+00:00,q90,reanalysis,DK1
1.9631747117624669,1.8845175718823437,1.9674834451523435,1.8828345797877473,24,17,2.0038009957774965,2025-03-12 00:00:00+00:00,q90,reanalysis,DK1
3.0420396614407359,3.4315239631043073,3.0031363422159689,3.4272865816764382,24,19,3.1488640341608209,2025-03-13 00:00:00+00:00,q90,reanalysis,DK1
2.1092106012679825,2.1979315152469989,2.0873402408366433,2.1829386161801758,24,19,2.1491804770084215,2025-03-14 00:00:00+00:00,q90,reanalysis,DK1
0.020829994365746268,0.024578773027093954,0.021209140903248928,0.024625682123497545,24,0,0.016032167339551835,2025-03-15 00:00:00+00:00,q90,reanalysis,DK1
0.011335484537874339,0.014621526147623312,0.0092811429950642056,0.01196295669520816,24,0,0.010855481513743707,2025-03-16 00:00:00+00:00,q90,reanalysis,DK1
2.2717499106650094,2.5490418301699895,2.309816951625447,2.5925325932068857,24,2,2.1860469705532592,2025-03-17 00:00:00+00:00,q90,reanalysis,DK1
0.048825059280173715,0.064696108462601626,0.051487554662476467,0.067031421295141752,24,0,0.019780723306594694,2025-03-18 00:00:00+00:00,q90,reanalysis,DK1
4.312428568108662,3.7577969685578747,4.403321142849812,3.8391990663437205,24,7,4.6015361612825325,2025-03-19 00:00:00+00:00,q90,reanalysis,DK1
4.1589014580510275,3.7169200591986669,4.2012465960504279,3.7580722279067729,24,8,4.5036849818412632,2025-03-20 00:00:00+00:00,q90,reanalysis,DK1
1.5795923079579663,1.4783054196442773,1.604070786554495,1.4994217423866159,24,2,1.6395354121642143,2025-03-21 00:00:00+00:00,q90,reanalysis,DK1
1.4693281176044242e-09,2.0869441485946825e-09,3.6037734732357205e-07,3.9515317748095523e-07,24,0,4.5220866695628938e-11,2025-03-22 00:00:00+00:00,q90,reanalysis,DK1
0.0004977908536092908,0.001756064893287151,0.0010487508219796716,0.0030009812118801877,24,0,0.00011157579998016614,2025-03-23 00:00:00+00:00,q90,reanalysis,DK1
2.9276664401817403,3.1554152766632897,2.9074670378147078,3.1170479084370473,24,3,2.6586293174093911,2025-03-24 00:00:00+00:00,q90,reanalysis,DK1
0.91151799729748106,0.88540330053775373,0.91600876863143843,0.89076857951489019,24,1,0.92182905415580796,2025-03-25 00:00:00+00:00,q90,reanalysis,DK1
4.7043579956267658,4.7731854478173741,4.7007952041255994,4.7676565393286863,24,6,4.8622631637541494,2025-03-26 00:00:00+00:00,q90,reanalysis,DK1
0.32639544891985928,0.45341214089471715,0.32923353704561903,0.44785665436517857,24,0,0.17313464854160066,2025-03-27 00:00:00+00:00,q90,reanalysis,DK1
0.023543273322231793,0.020871503751936679,0.025920177955093538,0.023183072666074684,24,0,0.011470271527547289,2025-03-28 00:00:00+00:00,q90,reanalysis,DK1
4.2863341505650713e-06,4.6555906910743891e-06,6.4393870983406497e-05,6.9206798955313883e-05,24,0,8.2019417626763017e-07,2025-03-29 00:00:00+00:00,q90,reanalysis,DK1
6.2457679157638062e-08,5.7045692016141286e-08,3.899153203661025e-06,3.0776988947376867e-06,24,0,4.4032163483948942e-08,2025-03-30 00:00:00+00:00,q90,reanalysis,DK1
0.047592980837398505,0.073744200833307988,0.052622386236772213,0.079721622637398321,24,0,0.032879003765143244,2025-03-31 00:00:00+00:00,q90,reanalysis,DK1
0.92050790339815003,0.90942817837906731,0.91688382646541289,0.90564934118160612,24,1,0.94687207303257326,2025-04-01 00:00:00+00:00,q90,reanalysis,DK1
1.8704596184188891e-06,3.9704081394214498e-06,9.04098943761561e-07,1.9822112280813943e-06,24,0,1.6529528902402432e-06,2025-04-02 00:00:00+00:00,q90,reanalysis,DK1
0.0028127698856252794,0.00290227180436366,0.0050940174727283506,0.0051738354935564352,24,0,0.001052242305027365,2025-04-03 00:00:00+00:00,q90,reanalysis,DK1
0.0017939537853550625,0.0018508743531429337,0.0033579154674187751,0.0034944128935875552,24,0,0.00033322123341039293,2025-04-04 00:00:00+00:00,q90,reanalysis,DK1
6.0754887450232191e-11,9.4594457430257751e-11,1.1660090979040158e-09,1.7023068225832962e-09,24,0,2.7807159306754243e-12,2025-04-05 00:00:00+00:00,q90,reanalysis,DK1
0.0024304956329386901,0.0028727895484897776,0.003807988340320056,0.0046287991411421373,24,0,0.00067266209141757759,2025-04-06 00:00:00+00:00,q90,reanalysis,DK1
0.49053499899831893,0.48653202785150695,0.49663636689094681,0.49414158388560547,24,0,0.36095908740578309,2025-04-07 00:00:00+00:00,q90,reanalysis,DK1
1.2381702715804246,1.2372516133885401,1.2323707617242519,1.2312084466857305,24,4,1.0913700534333546,2025-04-08 00:00:00+00:00,q90,reanalysis,DK1
0.11998801788527075,0.11999241532636355,0.12315777367175992,0.12313992461893256,24,0,0.059826723553578681,2025-04-09 00:00:00+00:00,q90,reanalysis,DK1
2.4080041952000077,2.4080292370389458,2.3638172548538106,2.3638914451271109,24,3,2.5629521481058672,2025-04-10 00:00:00+00:00,q90,reanalysis,DK1
7.0590352334741391e-08,2.5610486202831052e-07,6.8061472028607588e-07,2.0177359030221839e-06,24,0,3.6368692545995725e-08,2025-04-11 00:00:00+00:00,q90,reanalysis,DK1
1.9576601616764578e-08,6.8416570618879896e-08,3.4929806021944007e-07,8.6800128600612277e-07,24,0,1.3833203659242647e-08,2025-04-12 00:00:00+00:00,q90,reanalysis,DK1
0.00023365794757707124,0.00024568291367822617,0.00061153406319139954,0.00065711589584837487,24,0,3.1492259098826381e-05,2025-04-13 00:00:00+00:00,q90,reanalysis,DK1
1.6528054245082495,1.6570790513035729,1.6561312696852863,1.6523785539843336,24,2,1.6846255416137934,2025-04-14 00:00:00+00:00,q90,reanalysis,DK1
0.00018394634937830801,0.00019562746476068523,0.00072607826561409193,0.00077253610831731008,24,0,6.5636765883799922e-05,2025-04-15 00:00:00+00:00,q90,reanalysis,DK1
0.94335088658538435,0.94535206954910078,0.94810736836397991,0.94801714007027371,24,1,0.95040370688445019,2025-04-16 00:00:00+00:00,q90,reanalysis,DK1
1.200795488806828,1.113822704494801,1.1964973720175325,1.1149462542294641,24,0,1.1045518564308641,2025-04-17 00:00:00+00:00,q90,reanalysis,DK1
7.8642149563749132e-05,0.00013342394777575867,0.00028940132018585483,0.00046315039798593675,24,0,2.1705911112177284e-05,2025-04-18 00:00:00+00:00,q90,reanalysis,DK1
9.3676867865023213e-06,1.2104163358135273e-05,2.7014138813319342e-05,3.0070470920157248e-05,24,0,7.5637567691896154e-07,2025-04-19 00:00:00+00:00,q90,reanalysis,DK1
3.3938070744884886e-06,3.4423385402342987e-06,2.2411770218568916e-05,2.2604677504913305e-05,24,0,2.4054469091544068e-07,2025-04-20 00:00:00+00:00,q90,reanalysis,DK1
0.0032619707690589471,0.0033105685807852331,0.0042896720811055385,0.0043539758213663581,24,0,0.0015474998180281226,2025-04-21 00:00:00+00:00,q90,reanalysis,DK1
7.3240870633806585,7.333201630854373,7.3451426668086714,7.349061271809,24,10,7.72452499625052,2025-04-22 00:00:00+00:00,q90,reanalysis,DK1
4.5652676344229484,4.6243380900415634,4.5380616710183865,4.5967672261204422,24,11,4.7789201565474384,2025-04-23 00:00:00+00:00,q90,reanalysis,DK1
5.3295620463541731,5.3873112247967754,5.3475120267333676,5.3987706649844132,24,9,5.5124647433306331,2025-04-24 00:00:00+00:00,q90,reanalysis,DK1
5.0516389026033002,5.0534031126913321,5.0633849610090031,5.0642559059200849,24,7,5.2236850703599194,2025-04-25 00:00:00+00:00,q90,reanalysis,DK1
8.6206878270149428e-06,1.2154514850305254e-05,1.6436460342079943e-05,2.4086570267895869e-05,24,0,2.0982045739866062e-06,2025-04-26 00:00:00+00:00,q90,reanalysis,DK1
0.013285150004782047,0.013285270596493164,0.013974429421171532,0.01397509727289567,24,0,0.005782637737244448,2025-04-27 00:00:00+00:00,q90,reanalysis,DK1
0.063433640046293635,0.051839940481699223,0.061918133395776544,0.052072228509256233,24,0,0.028618456295896478,2025-04-28 00:00:00+00:00,q90,reanalysis,DK1
0.0002189210347831979,0.00021501309214784126,0.00046093102263229966,0.00049255462536963572,24,0,2.550147595259242e-05,2025-04-29 00:00:00+00:00,q90,reanalysis,DK1
0.0018080442881340164,0.00056700089415987159,0.0041017209823149582,0.001783237905488691,24,0,0.00065671374297263563,2025-04-30 00:00:00+00:00,q90,reanalysis,DK1
0.00078942414785002492,0.00024215464500411664,0.0024976032137432724,0.0012101522936913611,24,0,0.00019968478071165569,2025-05-01 00:00:00+00:00,q90,reanalysis,DK1
1.7132348006768071e-06,2.6809872510825114e-06,3.1122811159692263e-05,3.8575736625347067e-05,24,0,4.455445491699175e-07,2025-05-02 00:00:00+00:00,q90,reanalysis,DK1
7.4243922631827594e-09,1.7422562889274261e-08,2.702050035998527e-06,4.01442798979704e-06,24,0,3.9169670463761754e-09,2025-05-03 00:00:00+00:00,q90,reanalysis,DK1
2.0763077928063383e-06,3.3967215113367945e-06,1.9188068307827046e-05,3.0666888401252839e-05,24,0,5.4176186827836515e-08,2025-05-04 00:00:00+00:00,q90,reanalysis,DK1
0.00033826700285446277,0.00044261870099297253,0.001236800013216306,0.0015216586883745411,24,0,0.00010322828371027688,2025-05-05 00:00:00+00:00,q90,reanalysis,DK1
0.028531312061329233,0.018587168141335656,0.033575285482154028,0.023497761446616933,24,0,0.01349683586984738,2025-05-06 00:00:00+00:00,q90,reanalysis,DK1
1.4024414629312274,1.0298918568673991,1.3925391791908552,1.0232533995599318,24,0,1.2775993977607727,2025-05-07 00:00:00+00:00,q90,reanalysis,DK1
1.002036735597601,0.71299192672311906,0.98338245028453231,0.69953927252226078,24,0,0.91022196628513008,2025-05-08 00:00:00+00:00,q90,reanalysis,DK1
0.31519477027958254,0.22139474818747243,0.31943199363262809,0.22772280133066639,24,0,0.22618905268369635,2025-05-09 00:00:00+00:00,q90,reanalysis,DK1
8.9428057581587849e-06,1.2867982484288176e-05,6.5248151857091934e-05,9.3836059130781557e-05,24,0,3.0053559579350398e-07,2025-05-10 00:00:00+00:00,q90,reanalysis,DK1
4.0595038989945075e-05,6.3320699446871404e-05,0.00024106994718351489,0.00032246134028928006,24,0,3.7088954339126172e-05,2025-05-11 00:00:00+00:00,q90,reanalysis,DK1
2.6018804833710467,2.5170192868265517,2.5842787126012499,2.50191709330096,24,4,2.7022558120444669,2025-05-12 00:00:00+00:00,q90,reanalysis,DK1
0.42921467375490358,0.44586219992519133,0.39654682727985979,0.4089326416642502,24,0,0.32717402016836905,2025-05-13 00:00:00+00:00,q90,reanalysis,DK1
1.1999829278564969,1.1778051760415011,1.1777516918589641,1.1550649915648823,24,1,1.1113371241389751,2025-05-14 00:00:00+00:00,q90,reanalysis,DK1
0.00028535116905682506,0.0003823551263834287,0.000813036727093654,0.0010205794921345321,24,0,4.2974525291430334e-05,2025-05-15 00:00:00+00:00,q90,reanalysis,DK1
0.0015472238456200934,0.001940232039154508,0.0035498080722324438,0.0043402259076902793,24,0,0.00035652226295765133,2025-05-16 00:00:00+00:00,q90,reanalysis,DK1
1.3889793369454682e-05,5.0426191789120624e-05,9.7376932013727843e-05,0.00020559043168268489,24,0,1.445454395170376e-06,2025-05-17 00:00:00+00:00,q90,reanalysis,DK1
0.002272048060846459,0.0030925319339486822,0.0026391030400193475,0.0038245066643828886,24,0,0.00069473086560665695,2025-05-18 00:00:00+00:00,q90,reanalysis,DK1
0.052206561482549686,0.050441857586370979,0.060168670145079012,0.060113633607711277,24,0,0.025006541429758181,2025-05-19 00:00:00+00:00,q90,reanalysis,DK1
0.11209800439861414,0.10389143412212801,0.11320112537777113,0.10611091275454607,24,0,0.06266109752173063,2025-05-20 00:00:00+00:00,q90,reanalysis,DK1
0.035139570630656439,0.033895273853863248,0.031207417932799204,0.030199321912400857,24,0,0.021884401879986002,2025-05-21 00:00:00+00:00,q90,reanalysis,DK1
0.00016186619823201561,0.00031538629201053567,0.00017005107338778942,0.00034832787203576971,24,0,0.00011264291734555303,2025-05-22 00:00:00+00:00,q90,reanalysis,DK1
0.0049052145142000399,0.0078132196690538485,0.0037768757516999409,0.0061354116898578812,24,0,0.0042154506083034501,2025-05-23 00:00:00+00:00,q90,reanalysis,DK1
4.0657066414330148e-06,6.7210208838690204e-06,4.9824458307317191e-06,8.2457228777095616e-06,24,0,5.9686907076710881e-07,2025-05-24 00:00:00+00:00,q90,reanalysis,DK1
8.0995956683883954e-06,1.5509473031473197e-05,9.1839946299295406e-05,0.00013669185931496972,24,0,1.3011378539709665e-06,2025-05-25 00:00:00+00:00,q90,reanalysis,DK1
1.8384014623864418e-05,3.3337814822045729e-05,0.00011977152553438535,0.00019160678420586779,24,0,2.0355923767923205e-06,2025-05-26 00:00:00+00:00,q90,reanalysis,DK1
4.078687878109971e-07,9.7344565873833755e-07,1.6247511192237511e-06,3.365124542393756e-06,24,0,1.3952533697472883e-07,2025-05-27 00:00:00+00:00,q90,reanalysis,DK1
0.0026295684091810997,0.0035022276118600697,0.0021008383557283511,0.0027711588642574865,24,0,0.0025490679160571385,2025-05-28 00:00:00+00:00,q90,reanalysis,DK1
1.6133561476830507e-06,4.4289755252335832e-06,4.7671211178799618e-05,9.9195521986217001e-05,24,0,1.6310419645155575e-07,2025-05-29 00:00:00+00:00,q90,reanalysis,DK1
0.001031232704379798,0.0012982440402892503,0.0015016667738126314,0.0018990203040198063,24,0,0.00050107778243465521,2025-05-30 00:00:00+00:00,q90,reanalysis,DK1
0.0008859975171635801,0.00072397203014534436,0.0018583229967578212,0.0017368669117420995,24,0,0.00016062028846007578,2025-05-31 00:00:00+00:00,q90,reanalysis,DK1
3.9827787827823253e-06,7.9818949485826186e-06,3.3114144752522463e-05,5.422722751331283e-05,24,0,1.1527048242803235e-07,2025-06-01 00:00:00+00:00,q90,reanalysis,DK1
1.925026103237613,1.8965853023732346,1.9327065146157372,1.9043634003070657,24,3,1.9657705916646562,2025-06-02 00:00:00+00:00,q90,reanalysis,DK1
0.70942125379885679,0.73901744446700124,0.70949618623875976,0.73867606707233446,24,1,0.74898802545816023,2025-06-03 00:00:00+00:00,q90,reanalysis,DK1
0.10270944323451474,0.11603383167451194,0.11252562805550707,0.12838303367606971,24,0,0.090959915922208118,2025-06-04 00:00:00+00:00,q90,reanalysis,DK1
0.0097733177579735903,0.012760843912370451,0.013919628443533338,0.017976608372394266,24,0,0.0023240958370827772,2025-06-05 00:00:00+00:00,q90,reanalysis,DK1
0.0002254267231796215,0.00051446641776061635,0.00024979290037007378,0.00052604078154372587,24,0,0.00021798835766123474,2025-06-06 00:00:00+00:00,q90,reanalysis,DK1
1.0958101063486161e-06,2.6318544736926049e-06,5.5747321168520281e-06,1.0145602663492516e-05,24,0,7.280290166914103e-07,2025-06-07 00:00:00+00:00,q90,reanalysis,DK1
2.4403398302834897e-14,1.6588013615772636e-13,1.1155237595999729e-11,1.3644686368065222e-10,24,0,3.0386791602356368e-15,2025-06-08 00:00:00+00:00,q90,reanalysis,DK1
5.9491932308691393e-05,3.9250456727359117e-05,0.00027460516350902195,0.00017844597222088074,24,0,5.5347130010364459e-06,2025-06-09 00:00:00+00:00,q90,reanalysis,DK1
3.5399722795442758e-06,7.946466652342988e-06,3.0286928578271934e-05,7.1801640850349362e-05,24,0,2.8414803121830332e-06,2025-06-10 00:00:00+00:00,q90,reanalysis,DK1
0.02731221969443131,0.03286322383238139,0.032182999050231816,0.037700665196704321,24,0,0.018690368907801042,2025-06-11 00:00:00+00:00,q90,reanalysis,DK1
0.03718204580257075,0.041211208472646775,0.034255988398240747,0.039411134603501194,24,0,0.036775887730770826,2025-06-12 00:00:00+00:00,q90,reanalysis,DK1
0.00060895641897240301,0.0016967158225010635,0.00091978681873399219,0.0024405395550712327,24,0,0.00045791695561187294,2025-06-13 00:00:00+00:00,q90,reanalysis,DK1
1.8858115684965769e-05,6.1699481465736644e-05,0.00011398955755622998,0.00027504017422817263,24,0,3.5011034794899156e-06,2025-06-14 00:00:00+00:00,q90,reanalysis,DK1
0.00021773766245381003,0.00034439685364724931,0.00043025780071608515,0.00063419033211141505,24,0,0.00013399678593257501,2025-06-15 00:00:00+00:00,q90,reanalysis,DK1
0.05107051051717576,0.054932590482111771,0.054780657162643416,0.059177978909801088,24,0,0.02368247356142943,2025-06-16 00:00:00+00:00,q90,reanalysis,DK1
0.59544827210421258,0.56145055440460079,0.58721630108542089,0.55281797068941296,24,0,0.36838854083115424,2025-06-17 00:00:00+00:00,q90,reanalysis,DK1
0.33062387834119983,0.30989474119502958,0.32668260161469881,0.30542630645534452,24,0,0.21754558465479287,2025-06-18 00:00:00+00:00,q90,reanalysis,DK1
0.001547191713418973,0.0019192122405725189,0.0024387018399529762,0.0030001299323996877,24,0,0.00055867890112408264,2025-06-19 00:00:00+00:00,q90,reanalysis,DK1
0.056756450757939968,0.050686908835814268,0.055417774329561471,0.051523986175346509,24,0,0.047353216689466952,2025-06-20 00:00:00+00:00,q90,reanalysis,DK1
0.0034143486366968998,0.0022141977271066637,0.0054210821003567366,0.0044548613836159342,24,0,0.0014983190863477258,2025-06-21 00:00:00+00:00,q90,reanalysis,DK1
5.5702927260846084e-06,1.6098541040758616e-05,3.3629369542082013e-05,7.5412894760243235e-05,24,0,2.8196605772305513e-06,2025-06-22 00:00:00+00:00,q90,reanalysis,DK1
3.733532492956215e-09,4.5194487580340125e-08,8.0603922390087171e-07,3.6816637641757281e-06,24,0,5.2550365759666162e-09,2025-06-23 00:00:00+00:00,q90,reanalysis,DK1
0.00027738686602401781,0.00092715024059024083,0.0010066268944665677,0.0024357722102034715,24,0,6.8899514563256579e-05,2025-06-24 00:00:00+00:00,q90,reanalysis,DK1
0.91271037048207471,0.85685301498430455,0.90723756631146912,0.85492656722709515,24,0,0.81374092161429468,2025-06-25 00:00:00+00:00,q90,reanalysis,DK1
0.86107192280857414,0.83461006243354263,0.86090015677686593,0.83625611224269047,24,1,0.85275008083651205,2025-06-26 00:00:00+00:00,q90,reanalysis,DK1
0.00010404460383383942,0.00033426091206935132,0.00035592382083871922,0.00088181442910134557,24,0,0.00022093407071014791,2025-06-27 00:00:00+00:00,q90,reanalysis,DK1
9.8556879093501596e-06,5.2403775794763364e-05,3.8723529158267072e-05,0.00015297909800387937,24,0,5.9491669490322321e-07,2025-06-28 00:00:00+00:00,q90,reanalysis,DK1
0.0041912694316534275,0.0047516993194357902,0.004469009630744241,0.0050841513835080928,24,0,0.0022542038455240815,2025-06-29 00:00:00+00:00,q90,reanalysis,DK1
2.8539962735800359,3.1003301972888382,2.8267552458013254,3.1132867987720063,24,7,2.7159263935707392,2025-06-30 00:00:00+00:00,q90,reanalysis,DK1
3.4972814174635056,3.3735154200857473,3.4803383024934935,3.3620078712178976,24,5,3.4970286194123159,2025-07-01 00:00:00+00:00,q90,reanalysis,DK1
2.2095072033658423,2.060772361679077,2.2062226434300496,2.0437607728955944,24,1,2.3963779758971757,2025-07-02 00:00:00+00:00,q90,reanalysis,DK1
0.0022991776093048769,0.0036475901415211091,0.0034606760305627461,0.0051185661177394178,24,0,0.0014348825569855618,2025-07-03 00:00:00+00:00,q90,reanalysis,DK1
0.96705645098431503,0.96937277555451962,0.96375839808672126,0.96885144860105754,24,1,0.97362756869061151,2025-07-04 00:00:00+00:00,q90,reanalysis,DK1
1.8603079489942532e-07,2.1938028301662467e-06,1.4235581497020081e-06,1.1362952688352534e-05,24,0,1.13495104074947e-08,2025-07-05 00:00:00+00:00,q90,reanalysis,DK1
0.00063727683726109475,0.00076101887368359641,0.00050411842761707024,0.00060065905838252985,24,0,0.00038871085312428927,2025-07-06 00:00:00+00:00,q90,reanalysis,DK1
0.26582223695257406,0.31453191218716176,0.27310057125896092,0.32302515108290847,24,0,0.22932874338690379,2025-07-07 00:00:00+00:00,q90,reanalysis,DK1
0.0066408972322505319,0.013510573701310603,0.011033185477522254,0.019934125731156074,24,0,0.0075592926943309855,2025-07-08 00:00:00+00:00,q90,reanalysis,DK1
0.20016272268316052,0.2473785391110177,0.19288306776729966,0.23614564990759898,24,0,0.16451809278611884,2025-07-09 00:00:00+00:00,q90,reanalysis,DK1
1.4800919051754475,1.4868170395466704,1.4801658855762128,1.4897265474979937,24,1,1.4554753101370799,2025-07-10 00:00:00+00:00,q90,reanalysis,DK1
0.28412473351685447,0.26453250576560311,0.28676767398903819,0.27439375565932889,24,0,0.2515749225694982,2025-07-11 00:00:00+00:00,q90,reanalysis,DK1
2.0131692536950157e-06,1.1665180266149324e-05,3.1797722785032069e-05,0.00010147176034890782,24,0,1.198103557002441e-06,2025-07-12 00:00:00+00:00,q90,reanalysis,DK1
0.022818639124762643,0.033158847629221673,0.026118292772451739,0.038375809100817865,24,0,0.013039813252282123,2025-07-13 00:00:00+00:00,q90,reanalysis,DK1
0.67480511778169217,0.84036097726412229,0.64465537251509386,0.81646951513983812,24,0,0.60745513807999374,2025-07-14 00:00:00+00:00,q90,reanalysis,DK1
0.49569017847815577,0.51694751601992228,0.46659786922821905,0.49427241674287942,24,0,0.49457187918050871,2025-07-15 00:00:00+00:00,q90,reanalysis,DK1
0.28186682799477097,0.4775786746569789,0.27209268464245429,0.46469158470430372,24,0,0.27397182651651814,2025-07-16 00:00:00+00:00,q90,reanalysis,DK1
3.0176265221583258,3.1457662212895494,3.0308797103580551,3.1447418299341714,24,3,3.173168565142233,2025-07-17 00:00:00+00:00,q90,reanalysis,DK1
3.9828622056393956,3.6759995048573293,3.9724059036344381,3.6320600521606998,24,7,4.1401940790372835,2025-07-18 00:00:00+00:00,q90,reanalysis,DK1
0.019065458308984668,0.023466868353813765,0.017780323508468959,0.024867639126855638,24,0,0.013800976213215814,2025-07-19 00:00:00+00:00,q90,reanalysis,DK1
6.3727518398225722e-05,0.00014240921248876185,0.00020706764298219951,0.00048513408270129717,24,0,1.2309901792497979e-05,2025-07-20 00:00:00+00:00,q90,reanalysis,DK1
1.9339931033580828,1.8010807261367461,1.9334289841269621,1.800803038780769,24,0,1.8457470041122475,2025-07-21 00:00:00+00:00,q90,reanalysis,DK1
0.11796141243866166,0.15611072493487654,0.11817494084544369,0.1557601534492582,24,0,0.14115348274756931,2025-07-22 00:00:00+00:00,q90,reanalysis,DK1
1.1157210684489454,1.2378660345122035,1.1240895857696831,1.2423834406107797,24,0,1.0194722906420142,2025-07-23 00:00:00+00:00,q90,reanalysis,DK1
3.0530052779228258,3.0145471808439148,3.0354310159790674,3.0082356861968327,24,0,2.8312510514829095,2025-07-24 00:00:00+00:00,q90,reanalysis,DK1
0.78937784039903125,0.88400417883409554,0.78079776635079057,0.8730674378128529,24,0,0.64972159752681791,2025-07-25 00:00:00+00:00,q90,reanalysis,DK1
1.0393551120964744e-05,2.8029307239458645e-05,5.8362043456678449e-05,0.00012954077104153475,24,0,1.2004345069113871e-06,2025-07-26 00:00:00+00:00,q90,reanalysis,DK1
5.1731793809836389e-05,0.00014942054286936035,0.00037266226214217906,0.00084362634824386386,24,0,1.5979301733141254e-05,2025-07-27 00:00:00+00:00,q90,reanalysis,DK1
0.0014912354360973952,0.0045928131879730003,0.0022411527494176479,0.0063479147867459259,24,0,0.00083504367123770295,2025-07-28 00:00:00+00:00,q90,reanalysis,DK1
0.00036315756848903945,0.0007999977927686142,0.0010499861183314518,0.0017313253274869374,24,0,0.00033407316050465308,2025-07-29 00:00:00+00:00,q90,reanalysis,DK1
0.019433048850601972,0.032180200890305488,0.020574496778913372,0.032518830950213864,24,0,0.026028174445093161,2025-07-30 00:00:00+00:00,q90,reanalysis,DK1
0.017241694129800769,0.030771308877604941,0.02548352052192953,0.041281080082258413,24,0,0.022576722754004522,2025-07-31 00:00:00+00:00,q90,reanalysis,DK1
0.050819648212349015,0.050869640468488124,0.060990556673620036,0.061213628717783478,24,0,0.064503367433294476,2025-08-01 00:00:00+00:00,q90,reanalysis,DK1
3.9408205102863138e-06,2.8659701664734657e-06,5.6341423543931164e-05,6.9541749545371588e-05,24,0,4.9222014443547601e-06,2025-08-02 00:00:00+00:00,q90,reanalysis,DK1
3.669541162495459e-07,1.7207303717342946e-06,1.0876653524965862e-05,3.1933276104971454e-05,24,0,5.8657396882638177e-08,2025-08-03 00:00:00+00:00,q90,reanalysis,DK1
5.3974078747053612e-05,0.00017140974939163062,0.00053509406053168791,0.0010977327826643527,24,0,9.0284999153442212e-05,2025-08-04 00:00:00+00:00,q90,reanalysis,DK1
4.440399809679648e-10,6.5005771726261532e-09,7.467535280769661e-08,3.359532839886399e-07,24,0,8.7988929407009506e-12,2025-08-05 00:00:00+00:00,q90,reanalysis,DK1
0.11832964360014489,0.136305207969316,0.11112796192912891,0.12687766524321079,24,0,0.082443792595503829,2025-08-06 00:00:00+00:00,q90,reanalysis,DK1
0.27145300538577427,0.31926579927664078,0.25245526727668505,0.29583844900910655,24,0,0.20036430258975046,2025-08-07 00:00:00+00:00,q90,reanalysis,DK1
0.20188524598464483,0.22519404307012017,0.19201240864168065,0.21492515312076205,24,0,0.1803034439735785,2025-08-08 00:00:00+00:00,q90,reanalysis,DK1
0.0042391506080279341,0.0057311625287941896,0.0066225300833676077,0.0083587819258899958,24,0,0.00074901967165326986,2025-08-09 00:00:00+00:00,q90,reanalysis,DK1
0.0005760174316411954,0.0011772154009781176,0.00144204219216886,0.002324921492256527,24,0,0.00017033939428328049,2025-08-10 00:00:00+00:00,q90,reanalysis,DK1
0.068107090303394832,0.081422171294212198,0.067910147811521757,0.078995179067052321,24,0,0.043361895225786366,2025-08-11 00:00:00+00:00,q90,reanalysis,DK1
1.7749469778243971,1.7809837679690141,1.7701599260701055,1.7733903895049234,24,2,1.6513834106503904,2025-08-12 00:00:00+00:00,q90,reanalysis,DK1
0.9686100367642031,0.94699088924037378,0.94624660997693222,0.93038983161576849,24,1,0.98333057600012652,2025-08-13 00:00:00+00:00,q90,reanalysis,DK1
2.3674241022201801,2.3355349692005185,2.3725111898656825,2.341327547514771,24,3,2.4080515493092811,2025-08-14 00:00:00+00:00,q90,reanalysis,DK1
0.059306920490930649,0.046767722115927154,0.06814924702132559,0.053953980609085128,24,0,0.022866016883513599,2025-08-15 00:00:00+00:00,q90,reanalysis,DK1
2.444121884014672e-09,2.564585238073717e-08,7.9751353773098876e-07,2.7270645764952516e-06,24,0,2.8314244680274174e-09,2025-08-16 00:00:00+00:00,q90,reanalysis,DK1
0.010283390999144852,0.0083257920487760703,0.010938296334650582,0.010008242321544871,24,0,0.0039529893565889178,2025-08-17 00:00:00+00:00,q90,reanalysis,DK1
0.10696715152083686,0.09550584452008884,0.11691543983195708,0.108094329464994,24,0,0.055635078580999114,2025-08-18 00:00:00+00:00,q90,reanalysis,DK1
0.038460056386872242,0.056443784560769351,0.042736654721900934,0.061383745209109566,24,0,0.01652386122244489,2025-08-19 00:00:00+00:00,q90,reanalysis,DK1
0.0043680262467731476,0.0070577178312809172,0.0063073549701216629,0.009317675697492615,24,0,0.0029707309875544679,2025-08-20 00:00:00+00:00,q90,reanalysis,DK1
0.0073929002802664576,0.012073931269125744,0.010541879325965413,0.015751601963697948,24,0,0.0029920957929749936,2025-08-21 00:00:00+00:00,q90,reanalysis,DK1
3.7956538690272044e-07,7.6104908324959717e-07,4.0439758363787369e-07,8.2160416698396913e-07,24,0,6.2690222704294871e-08,2025-08-22 00:00:00+00:00,q90,reanalysis,DK1
3.5503740891850998e-07,1.5090567893592372e-06,5.4462541743754929e-06,1.4920385794651699e-05,24,0,9.267215462348257e-08,2025-08-23 00:00:00+00:00,q90,reanalysis,DK1
0.00028247766301124129,0.00051117091777304986,0.00058489443224316842,0.00086173100044264778,24,0,6.2447923862257726e-05,2025-08-24 00:00:00+00:00,q90,reanalysis,DK1
2.2154902530560867,2.3093508179869868,2.2469124923845905,2.3589712293847875,24,4,2.2627063706397794,2025-08-25 00:00:00+00:00,q90,reanalysis,DK1
1.7182505579320524,1.7165006822767503,1.7114726295970222,1.7151953673124305,24,2,1.7293234856280757,2025-08-26 00:00:00+00:00,q90,reanalysis,DK1
2.49006017051504,2.5157513836479706,2.4935838920258515,2.5166814650083511,24,4,2.5911797917942478,2025-08-27 00:00:00+00:00,q90,reanalysis,DK1
4.105886960567859,4.3476557969983824,4.1651629513803972,4.4222116809463907,24,6,4.2355616488419034,2025-08-28 00:00:00+00:00,q90,reanalysis,DK1
0.94600132962056549,0.94225772919402262,0.93470924463336447,0.93213690364576574,24,1,0.96102659136599766,2025-08-29 00:00:00+00:00,q90,reanalysis,DK1
3.3888471802525637e-09,6.8404746275383091e-08,5.5626937902377851e-07,4.8544844391058324e-06,24,0,1.2650537813887254e-09,2025-08-30 00:00:00+00:00,q90,reanalysis,DK1
0.00012636387293246215,0.00010147332913065632,0.0002844259408512831,0.00029285924530514384,24,0,2.7251774799902328e-05,2025-08-31 00:00:00+00:00,q90,reanalysis,DK1
0.042792475727298822,0.048721666164438675,0.053438996795397042,0.059723453882405783,24,0,0.023791805077131918,2025-09-01 00:00:00+00:00,q90,reanalysis,DK1
0.20415758634948447,0.25539876461040034,0.20446522035287948,0.25532448872422964,24,0,0.13934460038199498,2025-09-02 00:00:00+00:00,q90,reanalysis,DK1
1.3068985640369119e-10,8.4676979090752504e-10,5.8844772937280286e-08,2.7269953614457302e-07,24,0,4.2080197340840646e-11,2025-09-03 00:00:00+00:00,q90,reanalysis,DK1
0.013848831168060859,0.020861302006352712,0.02339277344331929,0.033328045375401037,24,0,0.0067893477549511123,2025-09-04 00:00:00+00:00,q90,reanalysis,DK1
0.85689426815270986,0.84309256753767214,0.85249170637131355,0.84168514515894299,24,1,0.86357449906654082,2025-09-05 00:00:00+00:00,q90,reanalysis,DK1
3.1656333468202111e-05,1.4517222471858019e-05,8.6205371763278858e-05,4.9797143757443237e-05,24,0,7.2629529902930282e-06,2025-09-06 00:00:00+00:00,q90,reanalysis,DK1
8.1339732194385521e-07,2.5663871280082827e-06,8.7124559998410251e-06,2.0532529165447699e-05,24,0,1.4608968599692898e-07,2025-09-07 00:00:00+00:00,q90,reanalysis,DK1
2.4446197197329043,2.4786173895862511,2.4473952376144723,2.4795572278784515,24,4,2.6064241143553808,2025-09-08 00:00:00+00:00,q90,reanalysis,DK1
4.4268903957753203,4.385251172681059,4.4533759499639727,4.4138095816174898,24,8,4.3723467897746087,2025-09-09 00:00:00+00:00,q90,reanalysis,DK1
0.71951985107960559,0.84002905391729676,0.69138701702526939,0.81268572370653436,24,0,0.60589274614190491,2025-09-10 00:00:00+00:00,q90,reanalysis,DK1
3.4981105609362539e-05,0.00010713362316679871,0.0003518133322668916,0.00082678069148358138,24,0,9.0320352163621692e-06,2025-09-11 00:00:00+00:00,q90,reanalysis,DK1
1.8120665257860879e-07,4.6474806431165349e-07,5.7856096038465577e-07,1.3324419959520724e-06,24,0,6.4881577974585444e-09,2025-09-12 00:00:00+00:00,q90,reanalysis,DK1
1.1495708143621018e-10,2.7248899083003964e-09,1.2612668803199075e-07,7.9925550283516936e-07,24,0,2.2096758646308559e-11,2025-09-13 00:00:00+00:00,q90,reanalysis,DK1
2.453598050443902e-06,1.9784312542270112e-05,1.0790068439358854e-05,6.7112115762191029e-05,24,0,1.0250347298092847e-06,2025-09-14 00:00:00+00:00,q90,reanalysis,DK1
1.0354057202128013e-18,7.395671556129343e-16,1.5861083137680755e-11,4.167390605042843e-10,24,0,1.1210360839043227e-17,2025-09-15 00:00:00+00:00,q90,reanalysis,DK1
5.6330944776433917e-10,9.1907778075450615e-09,6.2559995633879797e-07,3.3075696637040915e-06,24,0,1.3443577112975435e-09,2025-09-16 00:00:00+00:00,q90,reanalysis,DK1
8.393140332269018e-06,2.192810724672021e-05,1.9908045298047261e-05,4.0384098535291971e-05,24,0,1.1205327219863385e-05,2025-09-17 00:00:00+00:00,q90,reanalysis,DK1
3.4444036891881217e-05,7.2130248760149756e-05,4.0042257802840924e-05,8.3696348972126498e-05,24,0,2.7090229133590699e-05,2025-09-18 00:00:00+00:00,q90,reanalysis,DK1
0.0016786562303005015,0.0028718049362906578,0.0026362442419783625,0.0040444923608276787,24,0,0.0008122748456831705,2025-09-19 00:00:00+00:00,q90,reanalysis,DK1
3.9747557101332064e-09,4.137058588921412e-08,4.9740212109910557e-07,2.9478421690423723e-06,24,0,5.8201351990733675e-10,2025-09-20 00:00:00+00:00,q90,reanalysis,DK1
1.0832943027338769e-06,3.3183439728393867e-06,5.5157755705185196e-06,1.1940576381858119e-05,24,0,7.0257845339032764e-07,2025-09-21 00:00:00+00:00,q90,reanalysis,DK1
0.011097402676238478,0.014447058607682261,0.014745366817820425,0.01838385080739938,24,0,0.003587916274325643,2025-09-22 00:00:00+00:00,q90,reanalysis,DK1
1.2976678811236202,1.3082825747136182,1.2393437512392822,1.2473791697923904,24,0,1.2721594233441456,2025-09-23 00:00:00+00:00,q90,reanalysis,DK1
4.6694978801722895,4.5388114881928789,4.7329704488450632,4.6007008938418439,24,2,4.599772728055231,2025-09-24 00:00:00+00:00,q90,reanalysis,DK1
0.94071780655959691,0.92084679487827648,0.90974687100443852,0.88661383003534511,24,0,0.92901608528210078,2025-09-25 00:00:00+00:00,q90,reanalysis,DK1
0.03599499655763435,0.035737681667193578,0.035338381319802763,0.034709650049759865,24,0,0.036034406558542204,2025-09-26 00:00:00+00:00,q90,reanalysis,DK1
4.0713440946320081e-05,6.1737396308744578e-05,6.1313422475445253e-05,8.3370147324439875e-05,24,0,1.1124310474005734e-05,2025-09-27 00:00:00+00:00,q90,reanalysis,DK1
0.048613798808721326,0.038211063536544521,0.048039402676544267,0.037727650492774836,24,0,0.028089255197142816,2025-09-28 00:00:00+00:00,q90,reanalysis,DK1
2.3540791102807588,2.3083317885299786,2.3151964637030704,2.2742837570551435,24,5,2.2422774974208322,2025-09-29 00:00:00+00:00,q90,reanalysis,DK1
2.0594091014016378,2.056489663512346,2.0631029529888312,2.0676244122158698,24,6,1.9985258977273024,2025-09-30 00:00:00+00:00,q90,reanalysis,DK1
2.6715017558387149,3.2435598594271342,2.6550487465130534,3.2590417200424282,24,3,2.4722017689553666,2025-10-01 00:00:00+00:00,q90,reanalysis,DK1
0.80285219509947359,0.93366709049363406,0.78481665437818815,0.90956115486277678,24,2,0.74072230962380303,2025-10-02 00:00:00+00:00,q90,reanalysis,DK1
1.1233680706844464e-06,3.0658478254595206e-06,8.5573786087610982e-07,2.3620062166629728e-06,24,0,2.1238698861544246e-07,2025-10-03 00:00:00+00:00,q90,reanalysis,DK1
7.3750751633113975e-21,1.8884928423556906e-19,1.5126073615735246e-16,1.1000832051439771e-15,24,0,1.4290852212365418e-21,2025-10-04 00:00:00+00:00,q90,reanalysis,DK1
5.8717448838283156e-08,2.6944296161898729e-08,2.0165755684109889e-07,8.5662744931994192e-08,24,0,7.8658474543059624e-09,2025-10-05 00:00:00+00:00,q90,reanalysis,DK1
0.27424353781872424,0.30702007815791554,0.26288098547900413,0.29594282139908812,24,0,0.24446456568130662,2025-10-06 00:00:00+00:00,q90,reanalysis,DK1
2.8604606231448817,2.9085079469015254,2.788367811365116,2.8224972550226277,24,7,2.5888025134495321,2025-10-07 00:00:00+00:00,q90,reanalysis,DK1
4.0476172929534302,3.7406345172962419,4.0422325259130485,3.7130234041324859,24,8,3.9941086547692657,2025-10-08 00:00:00+00:00,q90,reanalysis,DK1
2.8892176006578674,2.7556032364833731,2.9314403932642543,2.7871822095551519,24,6,3.1912119210366927,2025-10-09 00:00:00+00:00,q90,reanalysis,DK1
0.00060458551275269538,0.00096039653172775815,0.00062350678935389184,0.00097569930307334519,24,0,0.00024478261549366409,2025-10-10 00:00:00+00:00,q90,reanalysis,DK1
1.1233646077898692e-10,6.3864283251853043e-10,8.2031488515379432e-09,3.2105285856545978e-08,24,0,2.1653529775318562e-13,2025-10-11 00:00:00+00:00,q90,reanalysis,DK1
0.000722263996610539,0.0025279336936526327,0.0014322517338743886,0.0038206954679090568,24,0,0.00010806717087933594,2025-10-12 00:00:00+00:00,q90,reanalysis,DK1
2.0341997285415259,1.999622204797322,2.0318802369422064,2.0027532010841833,24,4,2.1755715132179883,2025-10-13 00:00:00+00:00,q90,reanalysis,DK1
2.4507104011026501,2.4701749908477577,2.4264930464202008,2.4372550208867416,24,3,2.495024953496249,2025-10-14 00:00:00+00:00,q90,reanalysis,DK1
1.3908470766766079,1.4544878589939056,1.4056486038345974,1.4648804600206968,24,0,1.1249326001088436,2025-10-15 00:00:00+00:00,q90,reanalysis,DK1
0.025506596593303992,0.02880821107703968,0.02524599054482549,0.028416990098588633,24,0,0.016015710141111649,2025-10-16 00:00:00+00:00,q90,reanalysis,DK1
0.93438428872284263,0.88324336283470362,0.95445235447209498,0.91259201647664356,24,1,0.92704477734327173,2025-10-17 00:00:00+00:00,q90,reanalysis,DK1
0.0040478391597099607,0.012248281656686425,0.0047278980893146463,0.014653650632169703,24,0,0.00077100348635105083,2025-10-18 00:00:00+00:00,q90,reanalysis,DK1
1.902112530527563e-09,4.1020037920389641e-08,2.3613884867122901e-07,1.5112937342622066e-06,24,0,4.5671551689805761e-12,2025-10-19 00:00:00+00:00,q90,reanalysis,DK1
5.21838135358857e-10,8.4655325301224369e-10,6.397478909689033e-08,5.892380483418614e-08,24,0,1.7466799123502249e-11,2025-10-20 00:00:00+00:00,q90,reanalysis,DK1
1.1970898146263364e-05,1.2257625901901822e-05,0.00013795088916946583,0.00014318625014810534,24,0,3.3100510615831306e-06,2025-10-21 00:00:00+00:00,q90,reanalysis,DK1
0.33564643712621994,0.28041753583463569,0.334885257681661,0.27958320366021144,24,0,0.28059042553865532,2025-10-22 00:00:00+00:00,q90,reanalysis,DK1
1.8461687111982938e-07,3.0354269140531199e-07,1.4094884831201013e-06,1.4031479024530822e-06,24,0,3.1823880597531745e-08,2025-10-23 00:00:00+00:00,q90,reanalysis,DK1
6.7411105868489463e-10,1.449817902684228e-09,6.6763606297619035e-09,1.6091839175677672e-08,24,0,1.1976879215872789e-10,2025-10-24 00:00:00+00:00,q90,reanalysis,DK1
1.6231377505249008e-09,2.5209109019520503e-09,1.5898556642626746e-07,2.7520504261530459e-07,24,0,1.6072548421231547e-10,2025-10-25 00:00:00+00:00,q90,reanalysis,DK1
0,0,0,0,0,0,0,2025-10-26 00:00:00+00:00,q90,reanalysis,DK1
8.9254886962668332e-07,1.246989526157564e-06,5.2212344636313634e-06,7.0268483500022189e-06,24,0,4.4779223693417046e-08,2025-10-27 00:00:00+00:00,q90,reanalysis,DK1
3.6130656472493243e-05,3.0358841413247561e-05,0.00026028423613870289,0.00023927485861310039,24,0,2.8015189532233541e-05,2025-10-28 00:00:00+00:00,q90,reanalysis,DK1
0.0012348927181124614,0.0010868390647171553,0.0034709370068505829,0.0031529983859454151,24,0,0.00063848105385397379,2025-10-29 00:00:00+00:00,q90,reanalysis,DK1
0.011360587327713376,0.012897943716508429,0.015340100197753019,0.01746949917552448,24,0,0.0065048262820214938,2025-10-30 00:00:00+00:00,q90,reanalysis,DK1
0.00051237061696135402,0.002214188098693338,0.0010544463707262176,0.0033821022449671669,24,0,0.00011375128851117886,2025-10-31 00:00:00+00:00,q90,reanalysis,DK1
1.9007975090363165e-10,1.9748032277168289e-10,3.1138127932487457e-07,3.0681779931607072e-07,24,0,5.8082352616223858e-11,2025-11-01 00:00:00+00:00,q90,reanalysis,DK1
1.3745851723306192e-07,1.6623476484638666e-07,6.2609168343374549e-06,7.0464062620100442e-06,24,0,8.0997771989175728e-09,2025-11-02 00:00:00+00:00,q90,reanalysis,DK1
1.6674559766142997e-05,2.0240069989209279e-05,0.00016620514881798658,0.00019152805508434786,24,0,2.3880763980517802e-06,2025-11-03 00:00:00+00:00,q90,reanalysis,DK1
2.2002911863710323e-10,5.0422236660071353e-10,1.8411473576743556e-08,3.8855054250908838e-08,24,0,1.221991913557253e-13,2025-11-04 00:00:00+00:00,q90,reanalysis,DK1
8.5097890372403819e-05,7.3686860893294815e-05,0.00025282506012643024,0.00020771236978399783,24,0,1.7312507240933565e-05,2025-11-05 00:00:00+00:00,q90,reanalysis,DK1
0.25326168209449296,0.41362240481142126,0.26719195582564292,0.42625435126412964,24,0,0.16162293581701959,2025-11-06 00:00:00+00:00,q90,reanalysis,DK1
7.1080444410121721,6.6054943013522536,7.0394012057289403,6.613731713114996,24,9,7.5940291583950872,2025-11-07 00:00:00+00:00,q90,reanalysis,DK1
4.2184453082713009,3.9958559793847717,4.1492097479847709,3.9563866387382007,24,5,4.3016190303308974,2025-11-08 00:00:00+00:00,q90,reanalysis,DK1
0,0,0,0,0,0,0,2025-11-09 00:00:00+00:00,q90,reanalysis,DK1
0.044558365173104027,0.10626047688357836,0.057420476433256824,0.1186775132236437,24,0,0.014049675136300619,2025-11-10 00:00:00+00:00,q90,reanalysis,DK1
9.5053057577455227e-05,9.6668171382849498e-05,0.00049734229851944583,0.00047848102650247882,24,0,1.2107839323816453e-05,2025-11-11 00:00:00+00:00,q90,reanalysis,DK1
4.0675786941139301e-11,9.4589938370989364e-11,1.852005617017387e-08,4.3911481658350138e-08,24,0,7.368621320456942e-13,2025-11-12 00:00:00+00:00,q90,reanalysis,DK1
0.00019155872003505538,0.00018924717077581067,0.00070459179996651715,0.00069105734317521212,24,0,5.9504643139383917e-05,2025-11-13 00:00:00+00:00,q90,reanalysis,DK1
0.0046617984463118182,0.0043411053053090615,0.0087913207100044754,0.0083903412073592417,24,0,0.0018401188823859952,2025-11-14 00:00:00+00:00,q90,reanalysis,DK1
2.1559661623506192e-06,3.5915573720160827e-05,1.008481213502795e-05,8.9200362576916109e-05,24,0,1.350495773210004e-07,2025-11-15 00:00:00+00:00,q90,reanalysis,DK1
0,0,0,0,0,0,0,2025-11-16 00:00:00+00:00,q90,reanalysis,DK1
0.18506991019280905,0.18426213257992052,0.16785872510223801,0.16597222513958731,24,0,0.16209823941154555,2025-11-17 00:00:00+00:00,q90,reanalysis,DK1
0.92085300512967827,0.92082527312978946,0.92048964164831193,0.92056979947745976,24,1,0.92675789205912174,2025-11-18 00:00:00+00:00,q90,reanalysis,DK1
0.42512824130983884,0.4129060483444249,0.41283435616993641,0.39858185713996958,24,0,0.36754474826467121,2025-11-19 00:00:00+00:00,q90,reanalysis,DK1
3.6882080000640896,3.8329226935147993,3.6922400278901213,3.8372767430482124,24,8,3.6870036350747415,2025-11-20 00:00:00+00:00,q90,reanalysis,DK1
6.4307200497456538,6.5101557212409933,6.4708177066300179,6.5612321778171108,24,12,6.3716930934626737,2025-11-21 00:00:00+00:00,q90,reanalysis,DK1
0.069993450332921564,0.069559818185000455,0.069328615223347406,0.069035634613464888,24,0,0.070504020339731563,2025-11-22 00:00:00+00:00,q90,reanalysis,DK1
4.2436363056563921e-12,7.5148121778975846e-12,3.6558014633284743e-09,3.4834317814496252e-09,24,0,1.5499042669909436e-12,2025-11-23 00:00:00+00:00,q90,reanalysis,DK1
0.0099483836100238473,0.0068205189558687585,0.0090327590135830561,0.006468599648390647,24,0,0.0039955690417259873,2025-11-24 00:00:00+00:00,q90,reanalysis,DK1
2.0536335383174955,1.8305992851544399,2.0411994365287254,1.8442678163492068,24,3,2.1488363928591321,2025-11-25 00:00:00+00:00,q90,reanalysis,DK1
4.0119396496661244,3.6621933256212218,4.0615572206124568,3.690027709742826,24,21,3.860792447533095,2025-11-26 00:00:00+00:00,q90,reanalysis,DK1
0.20869711667842017,0.18734878609192099,0.19733334220568149,0.17624429839478045,24,0,0.15058426636677857,2025-11-27 00:00:00+00:00,q90,reanalysis,DK1
9.1522586085132766e-07,8.6699153809037283e-07,1.2170898148505652e-05,1.1614602354658846e-05,24,0,1.0110671157282992e-08,2025-11-28 00:00:00+00:00,q90,reanalysis,DK1
7.714232907806513e-12,1.3592910150218228e-11,3.4480287694550214e-09,6.7531003668645839e-09,24,0,1.2638348659562833e-13,2025-11-29 00:00:00+00:00,q90,reanalysis,DK1
6.0019193893294916e-07,7.2157593358846528e-07,4.4449191539598492e-06,5.9557261849692112e-06,24,0,1.8150892246200135e-08,2025-11-30 00:00:00+00:00,q90,reanalysis,DK1
4.1098961331386352e-06,1.751101238628323e-06,1.873870562905671e-05,9.3983131760807957e-06,24,0,9.6363166261898161e-08,2025-12-01 00:00:00+00:00,q90,reanalysis,DK1
0.0058118435036688034,0.009020848403495681,0.0091843629563125515,0.012534994095298482,24,0,0.0010822230692002115,2025-12-02 00:00:00+00:00,q90,reanalysis,DK1
7.8925902256831524,7.6653738440361039,7.8551283154516041,7.6904381152303749,24,14,8.8371866294444672,2025-12-03 00:00:00+00:00,q90,reanalysis,DK1
7.1640905576208844,7.1449482828541679,7.0633864795058017,7.0639564611537677,24,8,7.4852292840480512,2025-12-04 00:00:00+00:00,q90,reanalysis,DK1
5.5941275235781776,5.4377605181817632,5.6099543112137589,5.4492426882868541,24,9,6.1967234720556146,2025-12-05 00:00:00+00:00,q90,reanalysis,DK1
1.7866566396296532e-19,1.918906675884693e-20,7.0573243092902745e-15,1.6676851238646998e-15,24,0,1.719693723656153e-20,2025-12-06 00:00:00+00:00,q90,reanalysis,DK1
6.4747202719113567e-12,1.6079688268473132e-12,3.7936324922821053e-10,1.3032383900971924e-10,24,0,9.3884463938165031e-15,2025-12-07 00:00:00+00:00,q90,reanalysis,DK1
1.5785464670884308e-10,3.0955548822042138e-11,8.8005831281265373e-08,3.1537981204688746e-08,24,0,2.0442217267169476e-12,2025-12-08 00:00:00+00:00,q90,reanalysis,DK1
3.1974411034371594e-06,1.1638637014732177e-06,5.0725818318231441e-05,2.6296618532255789e-05,24,0,2.9826040677923253e-07,2025-12-09 00:00:00+00:00,q90,reanalysis,DK1
5.3339225192030532e-07,1.5578723390408121e-07,5.8438831871543372e-06,2.2804526379348606e-06,24,0,7.6796199935788794e-09,2025-12-10 00:00:00+00:00,q90,reanalysis,DK1
0.000239461783333242,9.6264724151746975e-05,0.00081937152055780319,0.00041427657889985713,24,0,1.3695293028328931e-05,2025-12-11 00:00:00+00:00,q90,reanalysis,DK1
0.041276595964866783,0.05909776116428124,0.049873219134011625,0.061950793930324669,24,0,0.010752252110967826,2025-12-12 00:00:00+00:00,q90,reanalysis,DK1
0.0038500188686110674,0.0065250285800584028,0.0077310900160121928,0.011440171807551351,24,0,0.00044669895960216383,2025-12-13 00:00:00+00:00,q90,reanalysis,DK1
1.5678818685908698e-06,5.5923233447915421e-07,4.2599058164442624e-06,1.6924879313340072e-06,24,0,2.8240978577962288e-08,2025-12-14 00:00:00+00:00,q90,reanalysis,DK1
3.2728922737074067e-07,3.3285732797537593e-07,3.0726292041124077e-06,3.7198542633543299e-06,24,0,1.2323307284995305e-09,2025-12-15 00:00:00+00:00,q90,reanalysis,DK1
0.018352838136362237,0.017359396790798592,0.019223014364439777,0.016577362318758612,24,0,0.0062273777648374608,2025-12-16 00:00:00+00:00,q90,reanalysis,DK1
0.059143521037215242,0.098919994322537827,0.072425354809765988,0.10666472967894423,24,0,0.020835609426475037,2025-12-17 00:00:00+00:00,q90,reanalysis,DK1
1.768520021207866e-12,4.5122250838907301e-13,9.4707400164217428e-09,4.370843027650696e-09,24,0,1.0089966214948755e-13,2025-12-18 00:00:00+00:00,q90,reanalysis,DK1
2.8325652474932919e-05,2.2326506345018698e-05,0.00015736790383302773,0.00011533784945325986,24,0,1.6964559528891718e-06,2025-12-19 00:00:00+00:00,q90,reanalysis,DK1
1.9880924096161347e-06,2.7000607785122008e-05,1.8809650347728415e-05,0.00013112237241205051,24,0,4.4685141732248576e-08,2025-12-20 00:00:00+00:00,q90,reanalysis,DK1
2.2633870520385729e-06,1.2121917360985659e-05,2.653904460910343e-05,6.8992237448677304e-05,24,0,8.4998435760829922e-08,2025-12-21 00:00:00+00:00,q90,reanalysis,DK1
0.0060982100808152735,0.0054593866282812613,0.0095176858631215965,0.0084299447899267438,24,0,0.001775606017468711,2025-12-22 00:00:00+00:00,q90,reanalysis,DK1
8.2582368371197522e-05,7.4590968156905695e-05,0.00012116593731669336,0.00010517304260460516,24,0,2.2990406657742479e-05,2025-12-23 00:00:00+00:00,q90,reanalysis,DK1
0.0044169220619141129,0.0055884246971128586,0.0030102273648445954,0.003857467330684801,24,0,0.0042279712854056458,2025-12-24 00:00:00+00:00,q90,reanalysis,DK1
0.028590370485222148,0.036279946996688191,0.0340718501285249,0.040545118375805343,24,0,0.022530317092633433,2025-12-25 00:00:00+00:00,q90,reanalysis,DK1
0.0056517772180566033,0.015846532361128832,0.011642722979125946,0.02386402085006566,24,0,0.0012920748078453712,2025-12-26 00:00:00+00:00,q90,reanalysis,DK1
5.1128239820252326e-06,6.1891828283416769e-05,2.9488205987515917e-05,0.00021224255762485218,24,0,1.9174283128696393e-07,2025-12-27 00:00:00+00:00,q90,reanalysis,DK1
0.00014825545403284978,0.00019842042126059047,0.00026049595984942446,0.00034181269745376026,24,0,1.4906923849534526e-05,2025-12-28 00:00:00+00:00,q90,reanalysis,DK1
0.034396697924806659,0.03113268614087469,0.034927847448653397,0.03131935850975176,24,0,0.013362949179423367,2025-12-29 00:00:00+00:00,q90,reanalysis,DK1
0.032591349667422095,0.027612679407531038,0.042374947953231455,0.036218984049448816,24,0,0.01132838127060524,2025-12-30 00:00:00+00:00,q90,reanalysis,DK1
0.026436730825009733,0.021660183386170876,0.030548709808896898,0.024805181745409636,24,0,0.015710432994139364,2025-12-31 00:00:00+00:00,q90,reanalysis,DK1
2.1875609449791548e-07,9.79084032828647e-07,5.7280750797899152e-06,1.5488924331267219e-05,24,0,1.5970372950942175e-09,2024-01-01 00:00:00+00:00,q95,reanalysis,DK1
5.7247736058551987e-11,5.4781285621136692e-10,9.5626428221024327e-09,5.3844549593779713e-08,24,0,7.4211128814296194e-15,2024-01-02 00:00:00+00:00,q95,reanalysis,DK1
9.8944694848048622e-13,2.4499828482398344e-11,5.2095891011540442e-11,7.9794900966635738e-10,24,0,2.0198888238594263e-13,2024-01-03 00:00:00+00:00,q95,reanalysis,DK1
2.1230542918561052e-05,6.2413113945371273e-05,0.00020197908645361776,0.00040166311381532454,24,0,1.409627290756514e-05,2024-01-04 00:00:00+00:00,q95,reanalysis,DK1
4.3356260408053786e-09,1.819436711069212e-08,1.9897818241336119e-06,4.8231739484534258e-06,24,0,2.7638748459198789e-09,2024-01-05 00:00:00+00:00,q95,reanalysis,DK1
2.2649796846291158e-06,9.0529067428521391e-06,2.1399546914595314e-05,6.0900337416240554e-05,24,0,1.3502253262088505e-07,2024-01-06 00:00:00+00:00,q95,reanalysis,DK1
1.4997925505361374e-06,1.6092002806033108e-06,8.855565196964496e-06,6.9148677827178146e-06,24,0,8.7034448426997392e-07,2024-01-07 00:00:00+00:00,q95,reanalysis,DK1
0.10907352216941207,0.1087265892966672,0.095064635924727761,0.090625205642588177,24,0,0.14057588228852988,2024-01-08 00:00:00+00:00,q95,reanalysis,DK1
12.13463748322274,11.432781571598063,12.259697697657105,11.526563672751973,24,19,11.758673584327656,2024-01-09 00:00:00+00:00,q95,reanalysis,DK1
10.802899571766517,10.15985889664225,10.941205001086001,10.298055219724962,24,23,10.858300965448288,2024-01-10 00:00:00+00:00,q95,reanalysis,DK1
7.8108387029062039,7.6578629476758584,7.9616933750258347,7.8169734693069088,24,17,8.1881335549865319,2024-01-11 00:00:00+00:00,q95,reanalysis,DK1
2.1866321481160127,2.1559491595174127,2.1915105440876439,2.1723702005366747,24,3,2.3526207095655307,2024-01-12 00:00:00+00:00,q95,reanalysis,DK1
7.1167949377588694e-09,3.6451046812889686e-08,3.8296337099029215e-08,2.0136040995646217e-07,24,0,1.8634432029467969e-10,2024-01-13 00:00:00+00:00,q95,reanalysis,DK1
1.6945037058419546e-09,3.6094096319769274e-09,8.5972185294854531e-08,2.0855267266572465e-07,24,0,5.0159582595642803e-11,2024-01-14 00:00:00+00:00,q95,reanalysis,DK1
0.0010225171411713365,0.00074943320436621284,0.00097435134414061014,0.00064349023210399751,24,0,0.00079287847798810939,2024-01-15 00:00:00+00:00,q95,reanalysis,DK1
7.6855269410833458,7.5758620201967197,7.6082716805987278,7.5139905467074355,24,8,7.7151225329616331,2024-01-16 00:00:00+00:00,q95,reanalysis,DK1
0.0025645208733801007,0.0046923769235133195,0.0041758830047395005,0.0071323122423420137,24,0,0.00066361478958681052,2024-01-17 00:00:00+00:00,q95,reanalysis,DK1
0.0021569856045779547,0.0030270167532378831,0.0052272652276640656,0.0069390058739068304,24,0,0.00064718027532890087,2024-01-18 00:00:00+00:00,q95,reanalysis,DK1
0.00024606264982069852,0.00059062523203568451,0.00022068027409571423,0.00054066626287959903,24,0,0.00014239814202831141,2024-01-19 00:00:00+00:00,q95,reanalysis,DK1
2.9719719323453413e-05,3.1246440926774183e-05,0.00016960169888893489,0.00016298008273833332,24,0,1.9196163421674478e-06,2024-01-20 00:00:00+00:00,q95,reanalysis,DK1
2.0533516563042804e-21,2.5145896017109598e-19,1.5307170017284236e-16,2.4678096283687932e-16,24,0,3.7105533358765011e-24,2024-01-21 00:00:00+00:00,q95,reanalysis,DK1
1.4663297453891005e-22,2.2107121452264316e-21,1.024871525301668e-14,1.9837453836625924e-15,24,0,5.0826974809238305e-24,2024-01-22 00:00:00+00:00,q95,reanalysis,DK1
4.6760516283139524e-16,3.3412869682259174e-16,1.4600414390259214e-10,6.415703992638369e-11,24,0,5.1159835372572585e-17,2024-01-23 00:00:00+00:00,q95,reanalysis,DK1
3.9551004020665783e-18,2.1721997077404005e-18,7.764041248926923e-12,5.9002194231096752e-12,24,0,8.5428313872750566e-20,2024-01-24 00:00:00+00:00,q95,reanalysis,DK1
0.001852381488651646,0.0052622147804064611,0.0017275007692670755,0.0047152651907716153,24,0,0.00046343556554532178,2024-01-25 00:00:00+00:00,q95,reanalysis,DK1
4.0685367810453119e-08,9.2499268799002466e-08,1.7553860074944829e-06,3.3557664016990763e-06,24,0,5.2443933669719464e-09,2024-01-26 00:00:00+00:00,q95,reanalysis,DK1
1.037750142011302e-06,1.2599606907753057e-06,1.5595916788722225e-05,1.9568602319965093e-05,24,0,1.3514682480396331e-08,2024-01-27 00:00:00+00:00,q95,reanalysis,DK1
8.4935008445147899e-10,5.4290297859725605e-10,2.2072377612697873e-08,8.9514820680034198e-09,24,0,3.7007277630052391e-13,2024-01-28 00:00:00+00:00,q95,reanalysis,DK1
0.060526528409880445,0.22921534162909973,0.063876032856224146,0.23292936322297841,24,0,0.014384686121400323,2024-01-29 00:00:00+00:00,q95,reanalysis,DK1
0.011115682728167122,0.03619802099126667,0.015462892944007309,0.04050887370348949,24,0,0.0023135773377638705,2024-01-30 00:00:00+00:00,q95,reanalysis,DK1
0.0013259977447739545,0.0017084220166289279,0.0027402416741665265,0.0035355022316921761,24,0,0.00011932258703407012,2024-01-31 00:00:00+00:00,q95,reanalysis,DK1
0.0013183485823446387,0.0017692706827537844,0.0028237464108738686,0.0038299978912107466,24,0,0.00013348131888385846,2024-02-01 00:00:00+00:00,q95,reanalysis,DK1
4.6108663079071588e-06,8.3232227931509609e-06,3.7055439400080804e-05,6.6109399070216123e-05,24,0,1.2899413684311353e-07,2024-02-02 00:00:00+00:00,q95,reanalysis,DK1
1.4823629228844495e-15,4.0991477777134062e-15,1.83381395624223e-11,4.0349467341437704e-11,24,0,1.1187269075765673e-18,2024-02-03 00:00:00+00:00,q95,reanalysis,DK1
6.7561823342905568e-17,1.173011194183804e-16,1.579945573413969e-12,1.2490112733404054e-12,24,0,1.8577679090612458e-20,2024-02-04 00:00:00+00:00,q95,reanalysis,DK1
9.4599639810384149e-08,7.9508830258035091e-07,5.7148098327639532e-07,3.6539266454057303e-06,24,0,1.6313917036402432e-08,2024-02-05 00:00:00+00:00,q95,reanalysis,DK1
7.3644663467848636e-13,4.0817739440921544e-11,5.4454627059653017e-10,1.5175236586743261e-08,24,0,4.2958853978019642e-15,2024-02-06 00:00:00+00:00,q95,reanalysis,DK1
0.00075117847951927034,0.0019909528496447971,0.00081325105363261839,0.002102536354788161,24,0,0.00015023123078900845,2024-02-07 00:00:00+00:00,q95,reanalysis,DK1
2.7552213103148366,2.6767905028633616,2.7502751539987478,2.6736590792873285,24,4,3.0311492900102115,2024-02-08 00:00:00+00:00,q95,reanalysis,DK1
3.4968939833411464e-08,2.3992594907999996e-07,1.486137670675791e-06,4.7971991117144446e-06,24,0,1.1081275390021422e-09,2024-02-09 00:00:00+00:00,q95,reanalysis,DK1
9.174727885357247e-07,7.4345098929245267e-06,1.5634091718745371e-05,6.6396683480755126e-05,24,0,2.9854696671686421e-08,2024-02-10 00:00:00+00:00,q95,reanalysis,DK1
1.6442225690148492e-10,6.4651866899845561e-09,1.436567636250665e-08,2.533377349641991e-07,24,0,1.0554641994125926e-13,2024-02-11 00:00:00+00:00,q95,reanalysis,DK1
0.014390571358696314,0.029076372619297113,0.021018513215530901,0.039082978300409556,24,0,0.006505202889894977,2024-02-12 00:00:00+00:00,q95,reanalysis,DK1
8.7090458191776154e-05,0.00032832563740787759,0.00039328277256094431,0.0011496685368172167,24,0,5.2820524576367066e-06,2024-02-13 00:00:00+00:00,q95,reanalysis,DK1
0.00015041839421762183,0.00069177861529016332,0.00013380096453113983,0.00064012151166779137,24,0,3.4533030504601926e-05,2024-02-14 00:00:00+00:00,q95,reanalysis,DK1
0.010232675849708382,0.015769862151170048,0.015301029167304223,0.021776868019764486,24,0,0.0026601741009690321,2024-02-15 00:00:00+00:00,q95,reanalysis,DK1
1.1593028839764636e-05,4.0343976612344315e-05,7.3643050159864326e-05,0.00017975656506757204,24,0,2.8411444268123735e-07,2024-02-16 00:00:00+00:00,q95,reanalysis,DK1
2.471341241145717e-05,0.00032066191121789527,8.1059955559293419e-05,0.00063448695061220383,24,0,1.5402581706017582e-07,2024-02-17 00:00:00+00:00,q95,reanalysis,DK1
1.3602848486803968e-09,2.6754789760831313e-08,6.2272201055627755e-08,7.7154765865834516e-07,24,0,6.9166279326343716e-13,2024-02-18 00:00:00+00:00,q95,reanalysis,DK1
2.6555934028028277e-07,1.8561058858888653e-06,8.7126386441514777e-06,2.9041942694919828e-05,24,0,4.6724576505875967e-09,2024-02-19 00:00:00+00:00,q95,reanalysis,DK1
4.4551409229630588e-07,3.3679765669664389e-06,8.8518404876997226e-06,3.531356705096786e-05,24,0,5.3445892781689457e-09,2024-02-20 00:00:00+00:00,q95,reanalysis,DK1
2.0907540419648528e-09,3.3736706123057852e-08,9.4994257374225247e-08,5.5680980013185241e-07,24,0,2.7474199370876807e-12,2024-02-21 00:00:00+00:00,q95,reanalysis,DK1
2.9123985934171339e-07,7.9980210968442102e-07,4.1538805342998133e-06,7.3279307560907248e-06,24,0,9.8048989713124979e-09,2024-02-22 00:00:00+00:00,q95,reanalysis,DK1
6.1662830749506628e-05,0.00020619265069925531,0.00021046687195126854,0.00056950883025016282,24,0,2.5431605725191484e-06,2024-02-23 00:00:00+00:00,q95,reanalysis,DK1
1.2500645865846615e-06,7.3526721699708955e-06,1.5478281886340408e-05,5.7798452854831736e-05,24,0,2.929272399918454e-08,2024-02-24 00:00:00+00:00,q95,reanalysis,DK1
0.00039179543239845147,0.001088982256350565,0.00051316620485520074,0.001427009632544194,24,0,4.8944721985922447e-05,2024-02-25 00:00:00+00:00,q95,reanalysis,DK1
0.0002439409949141641,0.0010009639181640783,0.00058998413273567596,0.0015567703556270934,24,0,2.5204957544078921e-05,2024-02-26 00:00:00+00:00,q95,reanalysis,DK1
5.8383876002889981,5.3530755800241154,5.9984930994495329,5.5012230937175035,24,12,6.4388482589794922,2024-02-27 00:00:00+00:00,q95,reanalysis,DK1
0.10759058413668382,0.12050248836772269,0.099162287589464077,0.10630952285886622,24,0,0.060467311569720697,2024-02-28 00:00:00+00:00,q95,reanalysis,DK1
1.2583730284575485e-07,1.0384735151012908e-06,3.4680124794814723e-06,1.5260258131689807e-05,24,0,9.2045935610007118e-10,2024-02-29 00:00:00+00:00,q95,reanalysis,DK1
1.5248701196385838e-06,4.1013869874225819e-06,2.3354110566371468e-05,4.647920209875431e-05,24,0,1.0219029827259172e-07,2024-03-01 00:00:00+00:00,q95,reanalysis,DK1
5.05678487636676e-07,1.5514955985500325e-06,1.0699309089979467e-05,9.557598860064318e-06,24,0,3.333988029732096e-08,2024-03-02 00:00:00+00:00,q95,reanalysis,DK1
4.9380758779810368e-06,1.9713000565007723e-05,3.7241953833807936e-05,9.3202653400709061e-05,24,0,1.3870461415544524e-07,2024-03-03 00:00:00+00:00,q95,reanalysis,DK1
0.05862969480839976,0.078763626938236658,0.06301334705811705,0.083159864383005697,24,0,0.02603025983200221,2024-03-04 00:00:00+00:00,q95,reanalysis,DK1
0.049369946827926434,0.072318814685898763,0.059793692102646401,0.084003756018599871,24,0,0.022395212845676683,2024-03-05 00:00:00+00:00,q95,reanalysis,DK1
5.2739889681016088,4.8489557580617371,5.2489004003724054,4.8475260393081436,24,10,5.6976255486553953,2024-03-06 00:00:00+00:00,q95,reanalysis,DK1
0.88272057267135184,0.86651495427368441,0.87945577698342325,0.86703147835663952,24,1,0.90376807883691812,2024-03-07 00:00:00+00:00,q95,reanalysis,DK1
3.8821596129567986e-06,1.1296269725300925e-05,7.1230369661303894e-05,0.00015096891759156474,24,0,9.6310771139312796e-07,2024-03-08 00:00:00+00:00,q95,reanalysis,DK1
2.3864563438033891e-12,1.2100442506330251e-11,1.7315188419506336e-09,5.0793368846457678e-09,24,0,2.795556779016805e-15,2024-03-09 00:00:00+00:00,q95,reanalysis,DK1
2.11410627744307e-08,4.9619062287012716e-08,4.7558961804436132e-07,7.4967240621998489e-07,24,0,6.6818444842830621e-10,2024-03-10 00:00:00+00:00,q95,reanalysis,DK1
0.008766052933492894,0.01463335631564678,0.012671035245164063,0.020039064586918558,24,0,0.0014224046228974484,2024-03-11 00:00:00+00:00,q95,reanalysis,DK1
9.7512936245967428,9.0658610993669448,9.7585850579350168,9.0867640610811442,24,15,10.653821559129369,2024-03-12 00:00:00+00:00,q95,reanalysis,DK1
0.0036051761950914953,0.011384143786907783,0.0052977708680837995,0.014469863591305325,24,0,0.00064136533225934468,2024-03-13 00:00:00+00:00,q95,reanalysis,DK1
2.085280836833071e-06,7.9446622831268847e-06,1.9266902703253535e-05,5.5782480933254771e-05,24,0,1.3432512690158247e-07,2024-03-14 00:00:00+00:00,q95,reanalysis,DK1
3.9410056780740241e-09,1.8048821897552872e-08,8.0982144821995799e-07,2.1012183075430171e-06,24,0,6.3073117196753443e-11,2024-03-15 00:00:00+00:00,q95,reanalysis,DK1
6.8825469005807559e-09,4.3407540498560151e-08,5.6898125708673613e-07,1.8869903470826201e-06,24,0,2.2889029665279007e-11,2024-03-16 00:00:00+00:00,q95,reanalysis,DK1
3.249458625707221e-07,1.4948740150342097e-06,5.2236081113993876e-06,1.4419583647610236e-05,24,0,3.0784195981234863e-09,2024-03-17 00:00:00+00:00,q95,reanalysis,DK1
0.0083489655945878441,0.015538428774267829,0.011078855089450966,0.0192193716310072,24,0,0.0021276388987849673,2024-03-18 00:00:00+00:00,q95,reanalysis,DK1
0.091693770693022647,0.095152683593179854,0.092212088749127424,0.085413091752932199,24,0,0.032607205701628429,2024-03-19 00:00:00+00:00,q95,reanalysis,DK1
4.0231332006677567,3.4813562903262714,4.1297354579048156,3.5540199552515714,24,6,4.3745160364243629,2024-03-20 00:00:00+00:00,q95,reanalysis,DK1
0.13012799757025853,0.28666373903633963,0.13870205275897854,0.28746687338203519,24,0,0.058428568643818485,2024-03-21 00:00:00+00:00,q95,reanalysis,DK1
5.405148603028261e-07,2.9297458066577486e-06,7.3433189333256897e-06,2.7103170035525354e-05,24,0,4.88269915750405e-09,2024-03-22 00:00:00+00:00,q95,reanalysis,DK1
6.1692509948943686e-12,7.0091991679789506e-11,8.3752267354382687e-09,2.9149594609637243e-08,24,0,2.9268780519429688e-14,2024-03-23 00:00:00+00:00,q95,reanalysis,DK1
0.009304449662241511,0.011965803306557261,0.0090209775856810049,0.011702477924530807,24,0,0.0064967357694819513,2024-03-24 00:00:00+00:00,q95,reanalysis,DK1
1.952482880743672,1.7352687400313651,1.9620929980225337,1.7350333579039665,24,3,2.0649877619044137,2024-03-25 00:00:00+00:00,q95,reanalysis,DK1
0.052080239721381351,0.063099734750436981,0.051272901320155044,0.060378035938101648,24,0,0.04525970125276331,2024-03-26 00:00:00+00:00,q95,reanalysis,DK1
0.12332392530358791,0.15428013202091914,0.13441235334683549,0.1666029831266336,24,0,0.070969945042265031,2024-03-27 00:00:00+00:00,q95,reanalysis,DK1
0.00117908757849229,0.0021784824992554194,0.0010910831925738476,0.0019802457335302108,24,0,0.00073312485601510638,2024-03-28 00:00:00+00:00,q95,reanalysis,DK1
6.2844597809442661e-07,2.2307961888371502e-06,1.8272888081807251e-05,4.7276166712021893e-05,24,0,3.0508119699010524e-08,2024-03-29 00:00:00+00:00,q95,reanalysis,DK1
2.1425807604156577e-05,5.7804925661623725e-05,0.0001010350749031273,0.00022095704910164555,24,0,8.7816600575791312e-06,2024-03-30 00:00:00+00:00,q95,reanalysis,DK1
4.0663934650415542e-08,2.7172376890605458e-07,3.1864850910562459e-07,6.6945505267830241e-07,24,0,1.6593041902907576e-09,2024-03-31 00:00:00+00:00,q95,reanalysis,DK1
0.00012405131876559315,9.0581459673154581e-05,0.00048481508425121808,0.00037795606202579166,24,0,1.9658345158048986e-05,2024-04-01 00:00:00+00:00,q95,reanalysis,DK1
4.481870432620979e-06,3.955187721308146e-06,3.8869404630663933e-05,4.2016204159467176e-05,24,0,1.3915800374125932e-06,2024-04-02 00:00:00+00:00,q95,reanalysis,DK1
0.0036778995249830688,0.0026877220090313226,0.0041350058942945366,0.0030665986627886172,24,0,0.0014046127212308419,2024-04-03 00:00:00+00:00,q95,reanalysis,DK1
3.4606150266307549e-05,2.5381079583184375e-05,0.00016401803198029199,0.00013889002611883243,24,0,1.0401297447143394e-05,2024-04-04 00:00:00+00:00,q95,reanalysis,DK1
4.90796625451941e-06,3.6389600415222051e-06,1.4856440337450427e-05,1.3069012996269079e-05,24,0,1.7757174125237447e-06,2024-04-05 00:00:00+00:00,q95,reanalysis,DK1
1.1546433929251964e-15,8.1173093177902828e-16,6.8841182885997692e-14,5.8799635153937909e-14,24,0,1.6436742878352424e-18,2024-04-06 00:00:00+00:00,q95,reanalysis,DK1
2.3887611491706048e-10,2.6742673222059821e-09,5.5977721307076501e-09,7.1847090384222884e-08,24,0,1.0819717868778623e-12,2024-04-07 00:00:00+00:00,q95,reanalysis,DK1
1.7914033909065925,1.7975488054243878,1.7838067840178957,1.7821847682644332,24,2,1.8244762111150428,2024-04-08 00:00:00+00:00,q95,reanalysis,DK1
0.0012575898668193799,0.00096878996802625547,0.0024787013098574442,0.0020699783109915377,24,0,0.00034447908779865579,2024-04-09 00:00:00+00:00,q95,reanalysis,DK1
0.0022339091856845316,0.0028509285759660856,0.0032035490802718456,0.0037235931523570526,24,0,0.00054580881028198978,2024-04-10 00:00:00+00:00,q95,reanalysis,DK1
0.003557104437472835,0.004455985736720445,0.0053329486705733457,0.0060527379151854768,24,0,0.00074023168388058763,2024-04-11 00:00:00+00:00,q95,reanalysis,DK1
5.7191524410648978e-08,1.4773214015809041e-07,2.2156740279779154e-06,3.6808061409791839e-06,24,0,5.4895577913952383e-09,2024-04-12 00:00:00+00:00,q95,reanalysis,DK1
6.9311470411483991e-17,1.3957902067175536e-15,4.921321714465151e-12,8.2255387425297331e-11,24,0,2.242994853207051e-19,2024-04-13 00:00:00+00:00,q95,reanalysis,DK1
9.479752833622791e-08,4.3580493153699339e-07,1.1858340454697953e-06,5.3847540633059623e-06,24,0,1.2193038293434573e-09,2024-04-14 00:00:00+00:00,q95,reanalysis,DK1
1.6242113735482307e-07,1.1535333651160428e-07,5.3987070192686795e-06,4.2589400853522188e-06,24,0,2.4368267345245268e-09,2024-04-15 00:00:00+00:00,q95,reanalysis,DK1
0.030702153445094187,0.0289461104190201,0.03000588151867873,0.027187520545329025,24,0,0.023012652437194647,2024-04-16 00:00:00+00:00,q95,reanalysis,DK1
1.97608509864892,2.0153018598870323,1.9509191344591519,1.9851053377218495,24,8,1.8807547899438934,2024-04-17 00:00:00+00:00,q95,reanalysis,DK1
3.7494131241778832,3.7168477502895292,3.7362172430619665,3.7058766460907728,24,5,3.6587632135566803,2024-04-18 00:00:00+00:00,q95,reanalysis,DK1
0.004948723738094938,0.0046012196358950026,0.0062171554126337755,0.0054461029514791572,24,0,0.0037874110302872836,2024-04-19 00:00:00+00:00,q95,reanalysis,DK1
0.01405149481973901,0.014148646461808507,0.016806069121473234,0.016874934297791466,24,0,0.0092730581806578644,2024-04-20 00:00:00+00:00,q95,reanalysis,DK1
0.21999340483434138,0.20408105135851118,0.20375566940464718,0.18820038154026186,24,0,0.20123529239691504,2024-04-21 00:00:00+00:00,q95,reanalysis,DK1
3.1652063652352851,3.1507829552594879,3.1613105611021353,3.1479419168317158,24,10,3.1997698970903388,2024-04-22 00:00:00+00:00,q95,reanalysis,DK1
6.7503518089387482,6.6267460707765649,6.8550950928480479,6.7317905394952309,24,7,6.8465926581994649,2024-04-23 00:00:00+00:00,q95,reanalysis,DK1
1.0374090047065789,1.034146411712453,1.0002810232346999,0.99976061881170186,24,5,0.96249749620353819,2024-04-24 00:00:00+00:00,q95,reanalysis,DK1
3.9746511010993193,3.8575799288429198,3.9356947805514855,3.8146005709230524,24,10,4.0651701231468849,2024-04-25 00:00:00+00:00,q95,reanalysis,DK1
4.719760989837213,4.6729922944850051,4.6449006245871418,4.597027798487157,24,8,5.014125335511312,2024-04-26 00:00:00+00:00,q95,reanalysis,DK1
0.0019535753712559322,0.0020539997685579347,0.0036201085920777986,0.0039956046771368482,24,0,0.00036627514845904248,2024-04-27 00:00:00+00:00,q95,reanalysis,DK1
0.034536508523056286,0.03458624585683006,0.03475926598428284,0.03486682640379675,24,0,0.015780859909309133,2024-04-28 00:00:00+00:00,q95,reanalysis,DK1
1.1804471739014377,1.150981437534554,1.1810694066246907,1.1475413219043145,24,1,1.1189356050351706,2024-04-29 00:00:00+00:00,q95,reanalysis,DK1
0.00085651277913370832,0.0010291045104443685,0.0014925885052135067,0.0016520996679681545,24,0,0.00043065285965845619,2024-04-30 00:00:00+00:00,q95,reanalysis,DK1
0.00034550387410518888,0.0003760943246563329,0.00042183513476657471,0.00043747547602085874,24,0,0.00024036639309934528,2024-05-01 00:00:00+00:00,q95,reanalysis,DK1
1.9329359497055921e-05,2.0436795323922011e-05,2.8789176682998193e-05,2.9489041432172741e-05,24,0,8.4057114765432331e-06,2024-05-02 00:00:00+00:00,q95,reanalysis,DK1
0.29749255481973214,0.30608492528309678,0.2780815360869065,0.28416067147352009,24,0,0.25443085016066752,2024-05-03 00:00:00+00:00,q95,reanalysis,DK1
0.76839217698403195,0.95785997698416803,0.75486065867911922,0.94782314537471835,24,0,0.66816324695999241,2024-05-04 00:00:00+00:00,q95,reanalysis,DK1
0.053908168245560849,0.05581065081675543,0.059953327228663589,0.062725550563290183,24,0,0.031405527939489919,2024-05-05 00:00:00+00:00,q95,reanalysis,DK1
4.4877129510184384,4.3982729583555322,4.5444895409354364,4.4468580123080477,24,4,4.4141389610608606,2024-05-06 00:00:00+00:00,q95,reanalysis,DK1
5.9908529837630189,5.9593989538386305,6.0177608031585725,5.9854847058146383,24,13,5.8539169166088048,2024-05-07 00:00:00+00:00,q95,reanalysis,DK1
2.7174850489115205,2.7864919412086775,2.7475293784401904,2.8173235099249969,24,4,2.7199081790462891,2024-05-08 00:00:00+00:00,q95,reanalysis,DK1
0.11191965273186565,0.11485615807257063,0.12049915312726293,0.1239283126944902,24,0,0.046995619065444083,2024-05-09 00:00:00+00:00,q95,reanalysis,DK1
0.020047165925779251,0.028934437440385794,0.026423454647817857,0.037083867692321686,24,0,0.0058598247630247367,2024-05-10 00:00:00+00:00,q95,reanalysis,DK1
0.016391631915394451,0.02972444348082897,0.018153891759114898,0.031255832296425923,24,0,0.008022649358789085,2024-05-11 00:00:00+00:00,q95,reanalysis,DK1
4.9530289071277232e-05,0.00016343269561326361,0.0001698979172956463,0.00042433119417864914,24,0,9.8827709166240232e-06,2024-05-12 00:00:00+00:00,q95,reanalysis,DK1
4.7316592816457624e-05,4.3826432678629142e-05,7.5573452147872951e-05,5.8589158016667118e-05,24,0,1.0506958226007929e-05,2024-05-13 00:00:00+00:00,q95,reanalysis,DK1
3.4782806970440919e-06,4.2247682103573321e-06,9.2603633235196813e-06,7.7291125405272056e-06,24,0,1.3437625003068697e-06,2024-05-14 00:00:00+00:00,q95,reanalysis,DK1
9.335964263204494e-07,8.4821887711941509e-07,8.4430973219945355e-07,6.7146534270108124e-07,24,0,3.1465021903062996e-07,2024-05-15 00:00:00+00:00,q95,reanalysis,DK1
7.6913809897238559e-06,4.9343341018491339e-06,4.5494419795850744e-06,2.82934011631775e-06,24,0,6.1742477754485551e-06,2024-05-16 00:00:00+00:00,q95,reanalysis,DK1
0.035434330315454871,0.031219163770417575,0.031500403367425135,0.027376175920770008,24,0,0.029350449219487523,2024-05-17 00:00:00+00:00,q95,reanalysis,DK1
0.0029984754198535044,0.0080288312597773855,0.0028855843078599533,0.0079525070496741079,24,0,0.0015916136874638272,2024-05-18 00:00:00+00:00,q95,reanalysis,DK1
0.00012781180123583075,0.00053990561879990382,0.00058292140456375004,0.0017190926763600515,24,0,2.1144378911993293e-05,2024-05-19 00:00:00+00:00,q95,reanalysis,DK1
0.00011276785164422826,0.00012191445336960339,0.00018434567152869207,0.00019319867536940363,24,0,4.9088589285582341e-05,2024-05-20 00:00:00+00:00,q95,reanalysis,DK1
9.8984115309929532e-05,9.4216484461806711e-05,0.00013529011677319158,0.00012887886043559123,24,0,4.1115833265315006e-05,2024-05-21 00:00:00+00:00,q95,reanalysis,DK1
0.99849917961417178,1.0207043442329817,1.0021519474975551,1.0251074525848325,24,1,0.99716809316779065,2024-05-22 00:00:00+00:00,q95,reanalysis,DK1
2.8218673509337755,2.8580362037107645,2.8257265876371571,2.8683581416537041,24,6,2.7562890353103278,2024-05-23 00:00:00+00:00,q95,reanalysis,DK1
2.5603503809207266,2.6432413718081853,2.496050018428726,2.5630973737488971,24,5,2.3751322286550351,2024-05-24 00:00:00+00:00,q95,reanalysis,DK1
0.036426134574979514,0.050424449092570919,0.038683755753732105,0.051941594354074139,24,0,0.015927322668954195,2024-05-25 00:00:00+00:00,q95,reanalysis,DK1
0.077844564001901095,0.098282358577590295,0.078725892699418779,0.098294811989407899,24,0,0.060814563896825657,2024-05-26 00:00:00+00:00,q95,reanalysis,DK1
1.8421617448037741,1.7749374173943189,1.813767268939309,1.7470946832891909,24,2,1.793466513776131,2024-05-27 00:00:00+00:00,q95,reanalysis,DK1
2.0593413846337469,2.1044681369626446,2.0808222992979788,2.1370495253617205,24,0,2.1422865776687203,2024-05-28 00:00:00+00:00,q95,reanalysis,DK1
0.43393013332918584,0.43811502329347685,0.44583896825209013,0.44850164202090526,24,0,0.39274738109787027,2024-05-29 00:00:00+00:00,q95,reanalysis,DK1
0.22187197051510543,0.25786434430951938,0.23424206127184141,0.2754687570846856,24,0,0.16469311351517327,2024-05-30 00:00:00+00:00,q95,reanalysis,DK1
0.4428259255014752,0.48622949175490815,0.44455624830111701,0.49369848215559647,24,0,0.41453203764262458,2024-05-31 00:00:00+00:00,q95,reanalysis,DK1
8.6653680198824275e-09,5.9215011058730113e-08,1.0037555380686661e-06,2.7716278340404808e-06,24,0,4.0693821573605618e-10,2024-06-01 00:00:00+00:00,q95,reanalysis,DK1
7.6126600369932718e-06,4.9038141635131065e-06,1.1596967592612785e-05,5.8926257265403389e-06,24,0,6.2469809787773949e-07,2024-06-02 00:00:00+00:00,q95,reanalysis,DK1
3.9258520922557767,4.067004837192413,3.8839676666902738,4.0357803874549925,24,7,4.0743327344234208,2024-06-03 00:00:00+00:00,q95,reanalysis,DK1
1.0812023723877562,1.1525868786617293,1.0456296871938795,1.1167687971907752,24,6,1.140573455403133,2024-06-04 00:00:00+00:00,q95,reanalysis,DK1
1.521052638675702,1.355674899411996,1.5221712989524878,1.3536570799351699,24,0,1.4670331567813739,2024-06-05 00:00:00+00:00,q95,reanalysis,DK1
1.3290875060573768,1.3494805702182933,1.3176632623650324,1.3381768844890534,24,3,1.2561272676637274,2024-06-06 00:00:00+00:00,q95,reanalysis,DK1
1.4388171183946177,1.3567958413505337,1.4224481695118754,1.3431817009011278,24,1,1.3009847352273161,2024-06-07 00:00:00+00:00,q95,reanalysis,DK1
1.2738702132968148e-06,3.0173751558754076e-06,1.1013414776186929e-05,1.6751863545811768e-05,24,0,1.2649976415969839e-07,2024-06-08 00:00:00+00:00,q95,reanalysis,DK1
6.3672046399240674e-05,3.9288461697000849e-05,8.885305922210843e-05,4.6288685500469595e-05,24,0,1.1627481050785412e-05,2024-06-09 00:00:00+00:00,q95,reanalysis,DK1
0.0051250001132933602,0.0059777497047399583,0.0068415308869955085,0.007252078565078369,24,0,0.0027820201634284492,2024-06-10 00:00:00+00:00,q95,reanalysis,DK1
0.004364825964640915,0.0031748819129323305,0.003446321392594512,0.0024164689001803887,24,0,0.0032772723617214231,2024-06-11 00:00:00+00:00,q95,reanalysis,DK1
0.79568200713671899,0.68891696050836637,0.78667064196684122,0.67908476857360889,24,0,0.770666870059175,2024-06-12 00:00:00+00:00,q95,reanalysis,DK1
0.8351609129364207,0.74112336130947942,0.83949744759691491,0.74589608359732085,24,0,0.79116134768598889,2024-06-13 00:00:00+00:00,q95,reanalysis,DK1
0.00034976766167640086,0.00051671897937821286,0.0014521356745775867,0.0019552353313991096,24,0,0.00017798548425350394,2024-06-14 00:00:00+00:00,q95,reanalysis,DK1
2.4325060619415789e-15,3.5618101717463168e-13,5.5580286321544757e-11,5.4640936767964781e-10,24,0,2.0196290384613408e-17,2024-06-15 00:00:00+00:00,q95,reanalysis,DK1
0.018466166944447276,0.019811728373462224,0.022103307943890461,0.023248155349969261,24,0,0.010553026594975371,2024-06-16 00:00:00+00:00,q95,reanalysis,DK1
1.3366164431064655,1.2690839480202387,1.335787956086538,1.2661131528207994,24,3,1.2292679972547589,2024-06-17 00:00:00+00:00,q95,reanalysis,DK1
3.7217756830222122,3.5871637351425885,3.7221605997186034,3.5872428754804053,24,3,3.4721399291021604,2024-06-18 00:00:00+00:00,q95,reanalysis,DK1
0.56441436512010035,0.49349159117436586,0.5560885903532552,0.48403844811147489,24,0,0.46481011898649327,2024-06-19 00:00:00+00:00,q95,reanalysis,DK1
4.302230908633855,4.5030469193570681,4.3576211731367405,4.5665952746732597,24,8,4.5544450446762195,2024-06-20 00:00:00+00:00,q95,reanalysis,DK1
4.0844982315049139,4.2714021733042413,4.0687004665155015,4.2703333201850668,24,10,4.1917134588941058,2024-06-21 00:00:00+00:00,q95,reanalysis,DK1
0.00027129153204730574,0.00060029232479516482,0.00076292454365976673,0.0015175326447038192,24,0,0.00012151694481947952,2024-06-22 00:00:00+00:00,q95,reanalysis,DK1
0.012296794034584085,0.01347440760982445,0.012038099400761549,0.01408639397704883,24,0,0.0057629342773362546,2024-06-23 00:00:00+00:00,q95,reanalysis,DK1
2.3688326032871831,2.1950005025436869,2.3421040856557207,2.1681318918415116,24,1,2.4530310860649216,2024-06-24 00:00:00+00:00,q95,reanalysis,DK1
2.3960308866485165,2.3136715399825771,2.3693286910671145,2.2812245753978697,24,4,2.3890459704799958,2024-06-25 00:00:00+00:00,q95,reanalysis,DK1
3.7836930218008362,3.6520657814759909,3.7920069180108564,3.6531317622725386,24,3,4.0229357292592596,2024-06-26 00:00:00+00:00,q95,reanalysis,DK1
4.967392430767549,5.1732891575850495,5.0027288574629827,5.2100579278619445,24,8,5.0223098788925906,2024-06-27 00:00:00+00:00,q95,reanalysis,DK1
0.064273400692581223,0.047903862296790979,0.061618180419942402,0.045323717233144246,24,0,0.056220890652763873,2024-06-28 00:00:00+00:00,q95,reanalysis,DK1
0.0007209372381891025,0.00095580916787846206,0.0016400630686812156,0.0021315467291495509,24,0,0.00022998000979712282,2024-06-29 00:00:00+00:00,q95,reanalysis,DK1
0.0031131219886848627,0.0028212424499557496,0.0043322965978129097,0.0037212750402924712,24,0,0.0011997583803022216,2024-06-30 00:00:00+00:00,q95,reanalysis,DK1
0.017586053658838471,0.017809829139735563,0.023664731798546775,0.024743483585251459,24,0,0.0084641337853146627,2024-07-01 00:00:00+00:00,q95,reanalysis,DK1
0.00021414626106271083,0.00016588386186518152,0.00070639622567929175,0.00045757677508704902,24,0,7.2122614655743944e-05,2024-07-02 00:00:00+00:00,q95,reanalysis,DK1
0.030396159625004547,0.022577449647672099,0.033865009525200447,0.025519178064009568,24,0,0.02118610389977919,2024-07-03 00:00:00+00:00,q95,reanalysis,DK1
4.9900647138892942e-10,3.3163799933851174e-09,9.1117382028477477e-08,2.4903950938741061e-07,24,0,2.943214842410228e-11,2024-07-04 00:00:00+00:00,q95,reanalysis,DK1
3.098766805213222e-06,2.051824867354635e-06,2.3304180711593089e-05,1.5369853198537094e-05,24,0,1.3202418478463633e-06,2024-07-05 00:00:00+00:00,q95,reanalysis,DK1
3.5092144760446508e-09,7.2319271851349431e-08,7.4703607752737642e-09,1.5877749389634351e-07,24,0,1.3986229243594905e-09,2024-07-06 00:00:00+00:00,q95,reanalysis,DK1
0.0074158820600928304,0.0056692933093355855,0.0096032717509133194,0.0076778344636012751,24,0,0.0027078460702422056,2024-07-07 00:00:00+00:00,q95,reanalysis,DK1
1.9856431031290556,2.047936599640062,2.0308264315714375,2.0927604775943083,24,2,1.9357880610186018,2024-07-08 00:00:00+00:00,q95,reanalysis,DK1
0.85508607069330878,0.88880010001676713,0.87899384311080087,0.91492400396382545,24,0,0.79873708237881313,2024-07-09 00:00:00+00:00,q95,reanalysis,DK1
1.1406158483961932,1.1923158780383696,1.1463616745026415,1.2036248253167185,24,4,1.1347917541541175,2024-07-10 00:00:00+00:00,q95,reanalysis,DK1
3.0807667546972879,3.0983012480032897,3.0647299215088699,3.0837014524205508,24,7,2.9845536784042497,2024-07-11 00:00:00+00:00,q95,reanalysis,DK1
1.236625108307374,1.2483475864171993,1.1689130939305699,1.1805844179363811,24,0,1.0488664000195629,2024-07-12 00:00:00+00:00,q95,reanalysis,DK1
2.4792585833158127e-05,2.6358223100976726e-05,0.00014634662246282575,0.00015726815116551566,24,0,2.4054193057110195e-05,2024-07-13 00:00:00+00:00,q95,reanalysis,DK1
0.076676785998870303,0.063107890719879489,0.075661058297314024,0.061966777221866429,24,0,0.048249527339779469,2024-07-14 00:00:00+00:00,q95,reanalysis,DK1
0.73504132593928795,0.77752361402226589,0.70703172242130996,0.74928308696866663,24,0,0.6370176022775409,2024-07-15 00:00:00+00:00,q95,reanalysis,DK1
0.018411562356563511,0.021572896516068349,0.026542485835271905,0.029212057487763149,24,0,0.014247335924439889,2024-07-16 00:00:00+00:00,q95,reanalysis,DK1
1.2187757131625288,1.3027512709975548,1.213480679784571,1.2997136987321665,24,3,1.285118594297193,2024-07-17 00:00:00+00:00,q95,reanalysis,DK1
2.4192148564832947,2.4686273854756835,2.4059683154706346,2.4577171076082656,24,11,2.5204027317989866,2024-07-18 00:00:00+00:00,q95,reanalysis,DK1
2.4021721664777091,2.3650077917779337,2.3815540379578679,2.3488163317741217,24,4,2.418848748712052,2024-07-19 00:00:00+00:00,q95,reanalysis,DK1
0.0011730486193292518,0.00088992313848260042,0.0023448096013424713,0.0019570411021976059,24,0,0.00017407690599258613,2024-07-20 00:00:00+00:00,q95,reanalysis,DK1
1.0683328296787266e-05,6.8217154350796072e-06,2.0084471540275759e-05,1.2488189321091622e-05,24,0,3.8952392532996705e-06,2024-07-21 00:00:00+00:00,q95,reanalysis,DK1
0.0060378264104145197,0.0056956021376507624,0.0098981218021364191,0.009859713218471771,24,0,0.0036174389830460336,2024-07-22 00:00:00+00:00,q95,reanalysis,DK1
0.010932211757509197,0.01103497578063874,0.016434724164016479,0.016587015266850094,24,0,0.006238553018587902,2024-07-23 00:00:00+00:00,q95,reanalysis,DK1
1.8402212824691744,1.9247252914267525,1.8456952228098755,1.931735215790142,24,3,2.0258989221319328,2024-07-24 00:00:00+00:00,q95,reanalysis,DK1
3.4121084870238345,3.4235858923015385,3.4225983833716591,3.4342636347093851,24,4,3.6358047053014655,2024-07-25 00:00:00+00:00,q95,reanalysis,DK1
2.952070155455794,2.9761896381008759,2.9254853715388252,2.9554433949397074,24,4,2.8008759054569943,2024-07-26 00:00:00+00:00,q95,reanalysis,DK1
0.032059768936996448,0.026306444589472195,0.040045172221306817,0.033119339242589987,24,0,0.0093349233755208906,2024-07-27 00:00:00+00:00,q95,reanalysis,DK1
0.00013913586327429772,0.00016546150827295204,0.00042009073336954144,0.00048928209111324538,24,0,2.0993543521592964e-05,2024-07-28 00:00:00+00:00,q95,reanalysis,DK1
1.2642339657785313,1.2472930792904462,1.2761120700957127,1.2594395151976645,24,0,1.1490770914925508,2024-07-29 00:00:00+00:00,q95,reanalysis,DK1
2.1948588629281738,2.1335414817834812,2.1707928095593463,2.1098489375048279,24,6,1.9556279004586286,2024-07-30 00:00:00+00:00,q95,reanalysis,DK1
2.978235698846361,2.9555221340129507,2.9671242666083915,2.9450431195795153,24,8,3.2375745206551398,2024-07-31 00:00:00+00:00,q95,reanalysis,DK1
4.5952373990654802,4.7064422853080714,4.6124734109666408,4.724771490441352,24,8,5.081291940582342,2024-08-01 00:00:00+00:00,q95,reanalysis,DK1
4.2479287789908042,4.3172552947486613,4.2447363867914696,4.3139448590690606,24,7,4.5095725399075457,2024-08-02 00:00:00+00:00,q95,reanalysis,DK1
0.00078707104333363234,0.00050422631609515307,0.0017223534599458091,0.0012086760016320136,24,0,0.00013715179404365105,2024-08-03 00:00:00+00:00,q95,reanalysis,DK1
0.0095337410019089193,0.0069457378126004856,0.010402501921898405,0.007602238863960384,24,0,0.005027453529693169,2024-08-04 00:00:00+00:00,q95,reanalysis,DK1
1.6188028756089117,1.6274836907300798,1.6352267647286691,1.6456846343662364,24,6,1.6083657281427601,2024-08-05 00:00:00+00:00,q95,reanalysis,DK1
1.1196422319401294,1.0590375561409053,1.1152687177111957,1.0560812644688355,24,1,0.97392971458805921,2024-08-06 00:00:00+00:00,q95,reanalysis,DK1
2.5010257523808748,2.5524735192041597,2.5538886148365911,2.6035251853116774,24,3,2.5231505140643153,2024-08-07 00:00:00+00:00,q95,reanalysis,DK1
0.80163999279154885,0.81501296311023419,0.81878154877774578,0.83203116118621911,24,1,0.802560264282143,2024-08-08 00:00:00+00:00,q95,reanalysis,DK1
2.7564616265376852e-09,9.8563131832147911e-09,3.5885022270814969e-07,1.1941729851904754e-06,24,0,4.8928544997147878e-10,2024-08-09 00:00:00+00:00,q95,reanalysis,DK1
2.4144692133546118e-09,2.0437670692357715e-08,4.1052299358833367e-08,3.1710039394441733e-07,24,0,7.3408418068753779e-11,2024-08-10 00:00:00+00:00,q95,reanalysis,DK1
0.0026077199848659515,0.0017621376091594798,0.003656230326038316,0.002598629493890559,24,0,0.00090548231686136591,2024-08-11 00:00:00+00:00,q95,reanalysis,DK1
0.95399166645480604,0.95825622783418984,0.93095723967835786,0.93449419048652782,24,1,0.98954955339241446,2024-08-12 00:00:00+00:00,q95,reanalysis,DK1
0.18076838080176116,0.14782376763292265,0.1655318447416938,0.13557785355894494,24,0,0.14753325054928129,2024-08-13 00:00:00+00:00,q95,reanalysis,DK1
4.2994596184125351,4.4800002726005079,4.2754555943735157,4.4547396201844354,24,6,4.5767868087684791,2024-08-14 00:00:00+00:00,q95,reanalysis,DK1
3.5241460556706441,3.6064185190907945,3.4625348816956563,3.5456032911912119,24,4,3.6816775932948644,2024-08-15 00:00:00+00:00,q95,reanalysis,DK1
0.21122402612825603,0.17570027801521532,0.21785020802913901,0.18244635175403057,24,0,0.16151706547438197,2024-08-16 00:00:00+00:00,q95,reanalysis,DK1
0.0020969171193900584,0.0010400241470022789,0.0044213534216214949,0.0024892906258262406,24,0,0.0002608592680950118,2024-08-17 00:00:00+00:00,q95,reanalysis,DK1
0.0028125641597597992,0.0032729332373434509,0.004197424088994298,0.0048708892542764929,24,0,0.00081525332932576712,2024-08-18 00:00:00+00:00,q95,reanalysis,DK1
0.30634363226139899,0.24754043768831233,0.31070835228740196,0.25308277734267359,24,0,0.17584953710813289,2024-08-19 00:00:00+00:00,q95,reanalysis,DK1
0.0011245122035360737,0.00084857835860605382,0.0024215290217533291,0.0019794226474905115,24,0,0.00018658560911891968,2024-08-20 00:00:00+00:00,q95,reanalysis,DK1
2.8583154366982996e-05,4.1756244113670485e-05,8.0327399162977308e-05,0.0001714494874596125,24,0,1.321394095259981e-05,2024-08-21 00:00:00+00:00,q95,reanalysis,DK1
3.2690407834890297e-08,1.2907303199338432e-07,5.7813100351186819e-07,2.336334824821196e-06,24,0,4.7616065591465027e-09,2024-08-22 00:00:00+00:00,q95,reanalysis,DK1
6.2779934614261988e-06,2.7198508548363796e-06,8.923837795971086e-06,5.7189500101925208e-06,24,0,4.1956648264100838e-06,2024-08-23 00:00:00+00:00,q95,reanalysis,DK1
2.8419136549780607e-09,1.0320421998354387e-08,2.3180009664793359e-07,5.2256020328460533e-07,24,0,4.3564704740338192e-09,2024-08-24 00:00:00+00:00,q95,reanalysis,DK1
0.0034640427752964777,0.0024135103151381393,0.0049079698896397125,0.0035245539615297744,24,0,0.00090500675954729407,2024-08-25 00:00:00+00:00,q95,reanalysis,DK1
1.0991848927773664,1.0765308178041999,1.0846088994728516,1.0638835897023395,24,4,1.09725987249867,2024-08-26 00:00:00+00:00,q95,reanalysis,DK1
1.8400538112560438,1.7632904756724674,1.8068218500993858,1.7333259579068332,24,1,1.6871905994007976,2024-08-27 00:00:00+00:00,q95,reanalysis,DK1
1.0666213359813481,1.0507244819703752,1.0485844459586051,1.0331408351727631,24,1,1.0100656219773709,2024-08-28 00:00:00+00:00,q95,reanalysis,DK1
4.7306911879947773,4.9052179817784181,4.7510913334412654,4.9256264250133954,24,8,5.2865045738145682,2024-08-29 00:00:00+00:00,q95,reanalysis,DK1
2.4713566445466553,2.5557360569981453,2.4767582841282763,2.5621075856091644,24,3,2.6298625587551054,2024-08-30 00:00:00+00:00,q95,reanalysis,DK1
0.0055576470254398696,0.0037621293067993961,0.0072842599225432843,0.0052185840118142658,24,0,0.0025663225390753475,2024-08-31 00:00:00+00:00,q95,reanalysis,DK1
0.0030365266365263172,0.002190340604398584,0.0040122120591487252,0.0031561172724733013,24,0,0.0015720181385049012,2024-09-01 00:00:00+00:00,q95,reanalysis,DK1
2.6611140410982284,2.6880319656142539,2.649847003999418,2.6758022968619333,24,3,2.7113289467852777,2024-09-02 00:00:00+00:00,q95,reanalysis,DK1
8.6139452482898573,8.8978133404397344,8.6522764785970008,8.9401284614628231,24,17,8.9909895117700778,2024-09-03 00:00:00+00:00,q95,reanalysis,DK1
3.8659423385596225,3.9356524989634667,3.8597649887672323,3.9281570409984186,24,15,4.1034531980723754,2024-09-04 00:00:00+00:00,q95,reanalysis,DK1
0.0004831764598779147,0.00091519348905489783,0.0010041766494293899,0.0014507103269983683,24,0,0.00027139843306400339,2024-09-05 00:00:00+00:00,q95,reanalysis,DK1
0.00080857436615553477,0.001148786510365799,0.0009537028792761216,0.0013923668145473763,24,0,0.00056388208461581829,2024-09-06 00:00:00+00:00,q95,reanalysis,DK1
2.3336564798855757e-05,4.8741710784980725e-05,0.00015953016686629833,0.00026420070973811395,24,0,7.9584110360403015e-06,2024-09-07 00:00:00+00:00,q95,reanalysis,DK1
0.0067743669669022167,0.0064245982773259956,0.0074497330410402181,0.0071564207544574081,24,0,0.0032389354233179337,2024-09-08 00:00:00+00:00,q95,reanalysis,DK1
0.93260306555155936,0.95979908066191655,0.91475355819758508,0.93975598753817347,24,3,0.93384770383370141,2024-09-09 00:00:00+00:00,q95,reanalysis,DK1
2.915728464841881e-09,1.3932594368285068e-08,4.9366401934435813e-07,1.2843265093125726e-06,24,0,1.6519610926915315e-10,2024-09-10 00:00:00+00:00,q95,reanalysis,DK1
0.14721700616214223,0.12456249157538636,0.145895672463904,0.12339818271494526,24,0,0.079374193641730428,2024-09-11 00:00:00+00:00,q95,reanalysis,DK1
2.9015361699228208,2.9666676880979765,2.9172308013373169,2.9858988941008118,24,3,2.8099465568287565,2024-09-12 00:00:00+00:00,q95,reanalysis,DK1
3.8783112466030403,3.5402035253636899,3.9070690202093026,3.5728650483791915,24,2,3.7978540383091541,2024-09-13 00:00:00+00:00,q95,reanalysis,DK1
0.005657206072153623,0.0073377876934689838,0.0081637236079103274,0.010248912531674641,24,0,0.001405492988055891,2024-09-14 00:00:00+00:00,q95,reanalysis,DK1
0.29594753409280905,0.26340464053376211,0.29823633539446825,0.26636846939352837,24,0,0.2635501272744864,2024-09-15 00:00:00+00:00,q95,reanalysis,DK1
1.9358529503673094,1.8148210618206413,1.9484460053686086,1.8211782939599517,24,2,1.993152466179251,2024-09-16 00:00:00+00:00,q95,reanalysis,DK1
0.00062485925696604042,0.00076778940260753016,0.0012247570041886841,0.0013443188717694845,24,0,0.00036478735058855909,2024-09-17 00:00:00+00:00,q95,reanalysis,DK1
0.0078227325291149452,0.0085209858640298876,0.0083211466268731573,0.0088933661480545319,24,0,0.0063914550965012218,2024-09-18 00:00:00+00:00,q95,reanalysis,DK1
0.0030790720444283186,0.0037741943561146181,0.0046185308936833444,0.0053333242136401207,24,0,0.0019612554721218393,2024-09-19 00:00:00+00:00,q95,reanalysis,DK1
0.01191101858811964,0.015640634496597517,0.016682236279712732,0.021741120836688489,24,0,0.0075516615141827826,2024-09-20 00:00:00+00:00,q95,reanalysis,DK1
1.1312187452321953e-05,1.3243520853804191e-05,0.00011654144662642268,0.00011359234945451855,24,0,1.5326681758665175e-06,2024-09-21 00:00:00+00:00,q95,reanalysis,DK1
0.13136725799083698,0.08261053352335429,0.13378984204415023,0.08300006377954966,24,0,0.089575653313699544,2024-09-22 00:00:00+00:00,q95,reanalysis,DK1
2.766873095563164,2.4679647226866548,2.7505063134270382,2.4316295541129813,24,4,2.6125386933488088,2024-09-23 00:00:00+00:00,q95,reanalysis,DK1
2.4670498915253911,2.4335392990400906,2.4592340587611261,2.4168329038304401,24,3,2.5459793454111734,2024-09-24 00:00:00+00:00,q95,reanalysis,DK1
0.0054413661044832532,0.0065369180649669156,0.0081108223871697513,0.0096422114714290411,24,0,0.0041349616805070825,2024-09-25 00:00:00+00:00,q95,reanalysis,DK1
0.0071775673086178137,0.0071008852329615358,0.0073732122372631003,0.006984644981851802,24,0,0.0032803350043569992,2024-09-26 00:00:00+00:00,q95,reanalysis,DK1
2.8856240103438516e-07,8.7598619441482195e-07,5.5221408243872041e-06,1.2698360163194935e-05,24,0,1.2003562921083384e-07,2024-09-27 00:00:00+00:00,q95,reanalysis,DK1
3.562699944720852e-09,7.2632917184523801e-09,2.2399858762629887e-09,4.4680885239514547e-09,24,0,8.5285450361263935e-10,2024-09-28 00:00:00+00:00,q95,reanalysis,DK1
9.3464243206299682e-06,2.3244226777036202e-05,2.1653297353910891e-05,5.9713716118692817e-05,24,0,1.1581917051696478e-06,2024-09-29 00:00:00+00:00,q95,reanalysis,DK1
1.4093004532334467e-15,4.4989313281567954e-15,3.2454669369555853e-11,7.8923845257043261e-11,24,0,3.3914953283203433e-19,2024-09-30 00:00:00+00:00,q95,reanalysis,DK1
4.4617504476602042e-13,4.74233136463674e-12,7.5583676608603976e-10,2.7666504365943722e-09,24,0,4.5527376976196685e-15,2024-10-01 00:00:00+00:00,q95,reanalysis,DK1
0.00061710093318165194,0.0010562102708117523,0.0011909328028629664,0.0018227779564017684,24,0,9.9758515330933528e-05,2024-10-02 00:00:00+00:00,q95,reanalysis,DK1
0.001612363507612156,0.0029146604211605551,0.0020616983823619306,0.003573621098006091,24,0,0.0011972854918827125,2024-10-03 00:00:00+00:00,q95,reanalysis,DK1
3.2203914437844237,3.188548150061874,3.2046126488681699,3.1728313178847265,24,5,3.1881984850090563,2024-10-04 00:00:00+00:00,q95,reanalysis,DK1
0.064024918402118505,0.11061078449732829,0.069806944328545381,0.11582324932009855,24,0,0.024639002066636426,2024-10-05 00:00:00+00:00,q95,reanalysis,DK1
1.5498820205372211e-09,1.0657663561450874e-08,3.9143477391800939e-07,1.2925475488145285e-06,24,0,1.0078549903659423e-09,2024-10-06 00:00:00+00:00,q95,reanalysis,DK1
7.4843016305161677e-05,0.00015053079083290051,0.00052062818354564882,0.00088243080249320049,24,0,2.1757939303974816e-05,2024-10-07 00:00:00+00:00,q95,reanalysis,DK1
0.00041163168215331065,0.00062350698588392291,0.0013923762949119907,0.0018959546365904336,24,0,0.00017792111033109248,2024-10-08 00:00:00+00:00,q95,reanalysis,DK1
0.0090882193820739192,0.014512709502444347,0.01699970030127031,0.024953022028036058,24,0,0.0050092003178835356,2024-10-09 00:00:00+00:00,q95,reanalysis,DK1
7.8755560778496516e-05,0.00015261138659562959,9.0855443456017225e-05,0.00017273922274774501,24,0,3.2526227253487736e-05,2024-10-10 00:00:00+00:00,q95,reanalysis,DK1
0.006625493781091122,0.010387424346952639,0.0085322790728464062,0.012696375800666865,24,0,0.0019045798013359997,2024-10-11 00:00:00+00:00,q95,reanalysis,DK1
1.0691205106149701e-07,7.0693632344060516e-07,3.2287100407093563e-06,1.2568207889807525e-05,24,0,2.8992220500705908e-09,2024-10-12 00:00:00+00:00,q95,reanalysis,DK1
8.0203653011433046e-08,3.1810988918114059e-07,3.4714172969024111e-06,9.170480881536587e-06,24,0,5.2706155405939559e-09,2024-10-13 00:00:00+00:00,q95,reanalysis,DK1
0.56107228204107717,0.6245942000449145,0.55851120224417083,0.62325039843227392,24,0,0.40885020507296083,2024-10-14 00:00:00+00:00,q95,reanalysis,DK1
1.8221281197645882,1.8349239844060545,1.8166162405829724,1.8231608177580614,24,3,1.9492527713120857,2024-10-15 00:00:00+00:00,q95,reanalysis,DK1
6.3075644775287049e-12,5.4286519852258798e-11,1.1325214451785986e-08,4.749161745858905e-08,24,0,6.0933576310847849e-14,2024-10-16 00:00:00+00:00,q95,reanalysis,DK1
0.0015178237226151103,0.0044775005166659892,0.0024033183775701737,0.0054066759592904853,24,0,0.00050681078629782634,2024-10-17 00:00:00+00:00,q95,reanalysis,DK1
2.5685759823634502,2.4589494419878442,2.5514106664885019,2.4418831312906324,24,2,2.7159964890883912,2024-10-18 00:00:00+00:00,q95,reanalysis,DK1
0.00040096471749901562,0.00082243786895091564,0.00034753661150834571,0.00063352537451558967,24,0,0.00015061084149260904,2024-10-19 00:00:00+00:00,q95,reanalysis,DK1
3.8280474983505778e-15,2.6404345305172543e-13,2.2962210509209012e-11,7.3530663188472836e-11,24,0,3.0949873034693229e-19,2024-10-20 00:00:00+00:00,q95,reanalysis,DK1
0.0018822252522447877,0.007401333953448593,0.0041514974079843612,0.012442906129984178,24,0,0.00054431370175436408,2024-10-21 00:00:00+00:00,q95,reanalysis,DK1
0.025965122260213441,0.043924188330784958,0.031270855343165142,0.052288387920748858,24,0,0.01156170172400295,2024-10-22 00:00:00+00:00,q95,reanalysis,DK1
0.10784499393098773,0.18149516678612032,0.11286802206807214,0.18842494205913179,24,0,0.032897596668735041,2024-10-23 00:00:00+00:00,q95,reanalysis,DK1
0.00069308658193637548,0.002833428135779581,0.0016464954010281391,0.0052092718755207814,24,0,4.576638497055345e-05,2024-10-24 00:00:00+00:00,q95,reanalysis,DK1
0.0011166420936693598,0.0035671156308344329,0.0019514801414257867,0.0043592802802134888,24,0,0.00066645511073293556,2024-10-25 00:00:00+00:00,q95,reanalysis,DK1
8.1610342706616584e-05,0.00029230842516925302,0.00018456758251646753,0.00041136420715419153,24,0,6.4217916821709018e-05,2024-10-26 00:00:00+00:00,q95,reanalysis,DK1
0,0,0,0,0,0,0,2024-10-27 00:00:00+00:00,q95,reanalysis,DK1
0.091113567415657834,0.15998325551208545,0.095753271624078873,0.16210291555125195,24,0,0.053470595225278889,2024-10-28 00:00:00+00:00,q95,reanalysis,DK1
0.05869757086269508,0.11752966682211523,0.054763872766858505,0.11038999004230793,24,0,0.03737570989643714,2024-10-29 00:00:00+00:00,q95,reanalysis,DK1
0.00032228457361290549,0.0011627744769943044,0.00076027595759461009,0.0023025636440138185,24,0,1.0187021774898095e-05,2024-10-30 00:00:00+00:00,q95,reanalysis,DK1
1.6674879814741355e-05,0.0001941916617993414,5.9409546311345601e-05,0.00040220417982234384,24,0,8.309079094099351e-07,2024-10-31 00:00:00+00:00,q95,reanalysis,DK1
1.4095612257211776e-08,1.540120754215368e-07,6.7776974333875212e-07,3.2171794897016426e-06,24,0,3.691030352169103e-11,2024-11-01 00:00:00+00:00,q95,reanalysis,DK1
5.8935670335856629e-07,5.5198389299776109e-06,6.2696796479373655e-06,3.2041265455748583e-05,24,0,3.5933023198178321e-09,2024-11-02 00:00:00+00:00,q95,reanalysis,DK1
1.2059548782008852e-05,6.5133926479988866e-05,1.2500548344995203e-05,6.9213571534099456e-05,24,0,3.7202768200004948e-07,2024-11-03 00:00:00+00:00,q95,reanalysis,DK1
2.8194592616960112,2.7378060377505671,2.8348658468534293,2.7580181418830865,24,4,3.1514689919814147,2024-11-04 00:00:00+00:00,q95,reanalysis,DK1
7.4016465506706686,6.8025964948522759,7.4049537215420003,6.7952907453977867,24,14,7.7898879715114422,2024-11-05 00:00:00+00:00,q95,reanalysis,DK1
7.6036736802929488,6.908098249987618,7.6319073327007736,6.9244134075009773,24,22,7.4004040045475676,2024-11-06 00:00:00+00:00,q95,reanalysis,DK1
13.530158193038808,13.1186130541218,13.673164838584187,13.264716912997949,24,20,14.464190254198346,2024-11-07 00:00:00+00:00,q95,reanalysis,DK1
0.07177053301117052,0.095418220860271463,0.07155485465273595,0.090848499123010448,24,0,0.023522855242507062,2024-11-08 00:00:00+00:00,q95,reanalysis,DK1
0.0012042547694853631,0.001754936697626594,0.0016905885350094699,0.001989543454466218,24,0,8.5730914496887824e-05,2024-11-09 00:00:00+00:00,q95,reanalysis,DK1
0,0,0,0,0,0,0,2024-11-10 00:00:00+00:00,q95,reanalysis,DK1
2.9442647302730749,2.8134482839362791,2.9385573300098713,2.8143615314231156,24,4,3.2877972332908483,2024-11-11 00:00:00+00:00,q95,reanalysis,DK1
10.19032215045573,10.033128879326451,10.320287522811878,10.185063746203156,24,12,10.469269083860791,2024-11-12 00:00:00+00:00,q95,reanalysis,DK1
0.3677775781098544,0.57598322710807814,0.33095558933386371,0.52292124880674851,24,0,0.22116659822350521,2024-11-13 00:00:00+00:00,q95,reanalysis,DK1
0.007387831691483368,0.010807909961968148,0.01135539756696002,0.016054607461618294,24,0,0.0010217422981557043,2024-11-14 00:00:00+00:00,q95,reanalysis,DK1
0.01170527142362114,0.019717264915680262,0.016954317029587999,0.026303250737952519,24,0,0.0012195845519981331,2024-11-15 00:00:00+00:00,q95,reanalysis,DK1
1.0046117965407661e-12,3.940346659417572e-12,1.9774872578791747e-10,2.2001472375168295e-10,24,0,1.3678175244701332e-14,2024-11-16 00:00:00+00:00,q95,reanalysis,DK1
0,0,0,0,0,0,0,2024-11-17 00:00:00+00:00,q95,reanalysis,DK1
7.369964663972721e-07,3.8801741045576566e-06,1.0086455850598379e-05,2.7872629226559024e-05,24,0,3.1086148202963956e-08,2024-11-18 00:00:00+00:00,q95,reanalysis,DK1
0.00018740403105614202,0.00034734082196468785,0.00018449149213295356,0.00034301486588094647,24,0,0.00010598541700610218,2024-11-19 00:00:00+00:00,q95,reanalysis,DK1
0.05074760219671573,0.062426992427343467,0.063748133347174413,0.075559133436234605,24,0,0.043852337594571904,2024-11-20 00:00:00+00:00,q95,reanalysis,DK1
5.534656509525961,5.5072228412227435,5.5295467239976883,5.5079017474520988,24,9,5.3827792805953685,2024-11-21 00:00:00+00:00,q95,reanalysis,DK1
0.95620615533142173,1.0095969265758364,0.96552992728620679,1.0223035643194329,24,0,0.97797873108365307,2024-11-22 00:00:00+00:00,q95,reanalysis,DK1
7.1278175697038599e-09,1.0838764878622452e-08,2.6158427881167858e-07,2.1659097608945751e-07,24,0,2.0487946853404849e-09,2024-11-23 00:00:00+00:00,q95,reanalysis,DK1
7.7766043236660783e-18,2.9254246627167471e-17,2.3406027276905317e-13,1.3400862819380944e-12,24,0,2.7915470285722594e-20,2024-11-24 00:00:00+00:00,q95,reanalysis,DK1
6.5300929486439673e-10,2.4567578372513119e-09,2.6291518327367606e-08,1.291777774195562e-07,24,0,5.629431662780565e-13,2024-11-25 00:00:00+00:00,q95,reanalysis,DK1
1.5740138005956447e-05,6.0867059663861903e-05,0.00010617324130846232,0.00029364596157369571,24,0,2.9902631466250287e-07,2024-11-26 00:00:00+00:00,q95,reanalysis,DK1
0.0013822259042516381,0.0021601898717031835,0.0020053863121097665,0.0032978192973401586,24,0,0.00032948246911379775,2024-11-27 00:00:00+00:00,q95,reanalysis,DK1
0.2156298940064062,0.33159416929413721,0.21434293782787336,0.33278825047973465,24,0,0.12632254633519238,2024-11-28 00:00:00+00:00,q95,reanalysis,DK1
0.42758091131423359,0.65245166441847413,0.42246151039282576,0.65040453980126811,24,0,0.332159936330853,2024-11-29 00:00:00+00:00,q95,reanalysis,DK1
1.9205053187332861e-05,8.0544829696411463e-05,7.9082020962955289e-05,0.00025017369392931458,24,0,1.3290886606653706e-07,2024-11-30 00:00:00+00:00,q95,reanalysis,DK1
8.7819321572557453e-08,9.9838142806420575e-07,3.441359411971312e-07,3.7696832107165953e-06,24,0,1.3815621557983982e-10,2024-12-01 00:00:00+00:00,q95,reanalysis,DK1
3.8456595850708133e-06,1.801957318952729e-05,1.318528858705335e-05,5.2623355582156419e-05,24,0,9.2503858845468061e-08,2024-12-02 00:00:00+00:00,q95,reanalysis,DK1
0.48321575995391175,0.60383271800971106,0.48626502301832603,0.60278877386013219,24,0,0.29838927604683529,2024-12-03 00:00:00+00:00,q95,reanalysis,DK1
3.0512168456253224,3.2221180266127387,3.0286895367481161,3.2011995940427749,24,4,2.7321407533514073,2024-12-04 00:00:00+00:00,q95,reanalysis,DK1
0.0026258369635603416,0.0056458077995148468,0.0038147035930575042,0.0075845511864942568,24,0,0.00028041698739863228,2024-12-05 00:00:00+00:00,q95,reanalysis,DK1
0.0010735183908046069,0.0026787629643795991,0.0011392298891213448,0.0031883280995255387,24,0,0.0002059494284035584,2024-12-06 00:00:00+00:00,q95,reanalysis,DK1
6.4458281331891647e-12,1.6393206707619805e-10,7.5952259736203139e-12,2.4388953838650655e-10,24,0,3.320468364341611e-13,2024-12-07 00:00:00+00:00,q95,reanalysis,DK1
1.2334785285988674e-12,1.9698258806747687e-11,1.2647016018581898e-10,3.0282551988419428e-10,24,0,6.2013331561916734e-15,2024-12-08 00:00:00+00:00,q95,reanalysis,DK1
4.2894953415178295e-06,2.4852734603935321e-05,3.5844870579536274e-05,0.00011663597687587876,24,0,6.7040029573002459e-08,2024-12-09 00:00:00+00:00,q95,reanalysis,DK1
3.5715370505937329,3.6351463984921706,3.621471299225222,3.6797039678227965,24,4,3.5585406246058935,2024-12-10 00:00:00+00:00,q95,reanalysis,DK1
5.9067220917817176,5.8148179249173513,5.8975927289554297,5.8029161695014331,24,11,5.92729077031278,2024-12-11 00:00:00+00:00,q95,reanalysis,DK1
3.5530159501874445,3.5188453636738344,3.6433380477449546,3.6110781278757296,24,22,3.2822324647063543,2024-12-12 00:00:00+00:00,q95,reanalysis,DK1
4.8190112208369165,4.841190847154631,4.8128810849494386,4.8328890616571174,24,8,4.4925715665489392,2024-12-13 00:00:00+00:00,q95,reanalysis,DK1
0.0029628874779213028,0.0030572122297212235,0.0035297891077159544,0.0036627179482470232,24,0,0.0007055569490193596,2024-12-14 00:00:00+00:00,q95,reanalysis,DK1
3.6702239618817317e-08,1.101643465569094e-07,3.6363798616852578e-06,7.2755454176022548e-06,24,0,3.135803286811975e-09,2024-12-15 00:00:00+00:00,q95,reanalysis,DK1
8.9311463483885838e-12,2.529479025331844e-11,1.7075572608608243e-08,2.308718837836717e-08,24,0,1.655455652124311e-13,2024-12-16 00:00:00+00:00,q95,reanalysis,DK1
3.9853453101918972e-07,3.2064670517190845e-06,6.1416591800475276e-06,2.573092897561135e-05,24,0,1.6052175064089455e-09,2024-12-17 00:00:00+00:00,q95,reanalysis,DK1
4.901520896175063e-16,5.7913712634316418e-14,3.3387410702645673e-12,8.4418891796806092e-11,24,0,1.6021509700126766e-19,2024-12-18 00:00:00+00:00,q95,reanalysis,DK1
2.3115935043608502e-07,8.386389572931026e-07,7.0585401645758747e-07,3.1522961639887073e-06,24,0,2.0595842516253683e-09,2024-12-19 00:00:00+00:00,q95,reanalysis,DK1
6.6736066524010599e-06,2.2545524778771577e-05,4.5608012230289733e-05,7.4586081566837981e-05,24,0,5.2731969668903366e-07,2024-12-20 00:00:00+00:00,q95,reanalysis,DK1
6.3848741409949469e-15,9.2161779766774627e-14,2.110011807464102e-10,1.3899831118745013e-09,24,0,1.0000064031608659e-16,2024-12-21 00:00:00+00:00,q95,reanalysis,DK1
1.9036071634983022e-12,7.5872198317347268e-12,1.1243022610040338e-09,6.9500700760387161e-09,24,0,2.0344427483486658e-14,2024-12-22 00:00:00+00:00,q95,reanalysis,DK1
0.0021743439359778963,0.0041128823153698691,0.0049622969374486124,0.0083142579619094117,24,0,0.00089855536920884209,2024-12-23 00:00:00+00:00,q95,reanalysis,DK1
0.12363754142554469,0.20314532803599847,0.13805723638950154,0.2150393511433549,24,0,0.056923172743477968,2024-12-24 00:00:00+00:00,q95,reanalysis,DK1
0.00058489226668660037,0.0017503080833116227,0.0014294501563721768,0.0038225408052080597,24,0,1.1852629463934399e-05,2024-12-25 00:00:00+00:00,q95,reanalysis,DK1
0.0066277188268213192,0.017522389665534304,0.0092459846504742565,0.021903613602508809,24,0,0.0010392930545534906,2024-12-26 00:00:00+00:00,q95,reanalysis,DK1
0.69541379719676077,1.1805632942271556,0.64401052981164986,1.0969962781376041,24,0,0.37227109944280545,2024-12-27 00:00:00+00:00,q95,reanalysis,DK1
0.1282871485106046,0.20144424831911176,0.13300092511727407,0.20428956065137585,24,0,0.032768064680147722,2024-12-28 00:00:00+00:00,q95,reanalysis,DK1
7.6847737781977375e-05,0.00017092308753117726,0.00014775359259525055,0.00030449797355653523,24,0,1.8906284024953996e-06,2024-12-29 00:00:00+00:00,q95,reanalysis,DK1
0.00043148033967059231,0.00094981641507320576,0.00044219850535981333,0.00090643491556348247,24,0,0.00010173292652525355,2024-12-30 00:00:00+00:00,q95,reanalysis,DK1
0.00013221458622848372,0.00029306783745262503,0.00060904046591061297,0.0010142222716491046,24,0,3.6207032090782262e-05,2024-12-31 00:00:00+00:00,q95,reanalysis,DK1
1.5590169922632008e-08,8.0579148898188077e-08,4.8338585868223353e-07,2.4308883525505553e-06,24,0,1.2259754668121886e-09,2025-01-01 00:00:00+00:00,q95,reanalysis,DK1
0.0019040515854034793,0.0041485919416583243,0.0039998256247244799,0.007393826663269383,24,0,0.00023728276775336041,2025-01-02 00:00:00+00:00,q95,reanalysis,DK1
3.3991894479326484e-05,0.00011392522681316859,6.5421198769621404e-05,0.00017639881540027581,24,0,2.7519604179702796e-06,2025-01-03 00:00:00+00:00,q95,reanalysis,DK1
0.0024513616596125382,0.0051777552067131839,0.0054114296814471172,0.0095080924733677175,24,0,0.00075090103502287739,2025-01-04 00:00:00+00:00,q95,reanalysis,DK1
1.677755986260869e-08,2.4010928815924646e-08,1.6919420622233606e-06,1.7216612370283365e-06,24,0,2.8098058076277593e-09,2025-01-05 00:00:00+00:00,q95,reanalysis,DK1
9.768849139985394e-11,2.8585016639326633e-10,1.0487689501236075e-08,2.6808771842632967e-08,24,0,1.0669151684353668e-14,2025-01-06 00:00:00+00:00,q95,reanalysis,DK1
1.5748622821221971e-09,1.7833211972493885e-08,1.2923447128924507e-07,5.6949271667178432e-07,24,0,7.4441839362138114e-13,2025-01-07 00:00:00+00:00,q95,reanalysis,DK1
4.0352754938948226e-06,2.1826428312776516e-05,3.278925320985189e-05,0.0001158177098389328,24,0,1.236803710419726e-07,2025-01-08 00:00:00+00:00,q95,reanalysis,DK1
0.13084035363594232,0.17218654603373529,0.13287793009147164,0.17678390887541992,24,0,0.090238023256562688,2025-01-09 00:00:00+00:00,q95,reanalysis,DK1
0.00439645811810429,0.0087908106517546169,0.006627222935995724,0.011686274332628678,24,0,0.0010866371251460367,2025-01-10 00:00:00+00:00,q95,reanalysis,DK1
1.4609548397399411e-06,6.4026722243072999e-06,3.5479258814972665e-05,8.4678558011582909e-05,24,0,4.1976595059469292e-07,2025-01-11 00:00:00+00:00,q95,reanalysis,DK1
0.066628817880795971,0.068763745541540855,0.071839270770444441,0.075390748235907912,24,0,0.040628314137021553,2025-01-12 00:00:00+00:00,q95,reanalysis,DK1
0.74951218425085853,0.7986896699313798,0.72697973724260845,0.77332188910851618,24,0,0.57609088842108735,2025-01-13 00:00:00+00:00,q95,reanalysis,DK1
0.00011571392958412575,0.00053180515453823192,0.00010657174109686915,0.00047932988628716385,24,0,3.3366430707758215e-05,2025-01-14 00:00:00+00:00,q95,reanalysis,DK1
8.7396426537114635,8.6228084769643054,8.691223137739307,8.5830041976003297,24,9,8.9095087452287203,2025-01-15 00:00:00+00:00,q95,reanalysis,DK1
0.0071366802254119663,0.016626392895603324,0.0097790467081517764,0.020632064143275692,24,0,0.0011119622540664757,2025-01-16 00:00:00+00:00,q95,reanalysis,DK1
6.5074413101220774,6.3144309426616667,6.4432967934799041,6.2661326972251699,24,7,6.75063982604137,2025-01-17 00:00:00+00:00,q95,reanalysis,DK1
2.7961489185079604,2.7993127113219205,2.7580343756771755,2.7612902948565448,24,3,2.9431808592714135,2025-01-18 00:00:00+00:00,q95,reanalysis,DK1
0.0025612322550808567,0.0043382548054818693,0.0040726885187803248,0.0065535241047145051,24,0,0.00020930607853110949,2025-01-19 00:00:00+00:00,q95,reanalysis,DK1
8.599602648886993,8.3461969359562733,8.5093146801964377,8.2607003875110436,24,10,9.2239726921039402,2025-01-20 00:00:00+00:00,q95,reanalysis,DK1
3.9122101256838451,3.8919601059572084,3.8968605929282667,3.877598924413534,24,4,3.9651009497358167,2025-01-21 00:00:00+00:00,q95,reanalysis,DK1
0.00020727124252520803,0.00094187394645267922,0.00059987765820088308,0.0020001943550685976,24,0,2.5440030724047584e-05,2025-01-22 00:00:00+00:00,q95,reanalysis,DK1
1.0699017822077171e-06,2.2071452760571412e-06,2.1913325638207105e-05,3.7104658556192302e-05,24,0,1.6254364644029889e-07,2025-01-23 00:00:00+00:00,q95,reanalysis,DK1
5.1522505234987882e-14,2.2971630856448017e-13,2.6570734176338643e-11,7.1221970351926008e-11,24,0,1.626604545264614e-18,2025-01-24 00:00:00+00:00,q95,reanalysis,DK1
4.1088472939090717e-07,1.7987118986190777e-06,6.3301752620818092e-06,2.5133536405808841e-05,24,0,1.5580831231567442e-09,2025-01-25 00:00:00+00:00,q95,reanalysis,DK1
2.9214249351280337e-06,7.1686835025045294e-06,2.373159837452839e-05,5.7911675357649831e-05,24,0,5.7664781829062528e-08,2025-01-26 00:00:00+00:00,q95,reanalysis,DK1
4.37540065347818e-15,2.4867345869567167e-14,1.4253191778252494e-10,4.334077655546026e-10,24,0,1.2778881457707943e-17,2025-01-27 00:00:00+00:00,q95,reanalysis,DK1
1.5572076909887166e-08,6.0786119946768172e-08,2.7764261040660195e-07,1.1083687283001198e-06,24,0,3.8235044252355757e-10,2025-01-28 00:00:00+00:00,q95,reanalysis,DK1
0.012146180065345548,0.026360039649234959,0.011114032203340514,0.024419376813110731,24,0,0.0023123722351231393,2025-01-29 00:00:00+00:00,q95,reanalysis,DK1
0.069961781985495866,0.11628438166748825,0.075556278489835219,0.12245041869605307,24,0,0.033651390501293878,2025-01-30 00:00:00+00:00,q95,reanalysis,DK1
0.19635646594515041,0.28236567116897465,0.19978343838037466,0.2857329441009111,24,0,0.11894923764919692,2025-01-31 00:00:00+00:00,q95,reanalysis,DK1
0.0059793470350510448,0.011917535764663548,0.0082109390596201409,0.015080055880435091,24,0,0.00090515207120494049,2025-02-01 00:00:00+00:00,q95,reanalysis,DK1
0.13038343992984969,0.13554866413326513,0.13478885338881141,0.14121303304588664,24,0,0.062259289376519956,2025-02-02 00:00:00+00:00,q95,reanalysis,DK1
2.0803482776122753,2.1982293169443774,2.0568376861519546,2.1769148314683302,24,2,1.8455034531179753,2025-02-03 00:00:00+00:00,q95,reanalysis,DK1
0.1572786895268207,0.17786034957301575,0.16289413225317889,0.18428821867217193,24,0,0.052719427687185759,2025-02-04 00:00:00+00:00,q95,reanalysis,DK1
0.050455577801363151,0.064367907642488856,0.056897003603383012,0.070396312484155024,24,0,0.016765344920144986,2025-02-05 00:00:00+00:00,q95,reanalysis,DK1
0.011492819467070991,0.027864441037959663,0.012617518491095523,0.027080478521063628,24,0,0.0050868132961560441,2025-02-06 00:00:00+00:00,q95,reanalysis,DK1
4.956189274776709e-07,6.0516632675358168e-07,1.5554460050503014e-05,1.6756216896037762e-05,24,0,3.9743569127057015e-07,2025-02-07 00:00:00+00:00,q95,reanalysis,DK1
8.4900708767909776e-09,8.9950968709118976e-09,7.0544954248721397e-07,7.1490129234272028e-07,24,0,9.7932636591363428e-11,2025-02-08 00:00:00+00:00,q95,reanalysis,DK1
2.1714097526162954e-07,4.1725740139450699e-07,4.0150028016255457e-06,9.080640596233678e-06,24,0,2.1964320997917792e-08,2025-02-09 00:00:00+00:00,q95,reanalysis,DK1
5.22462395506656e-05,6.2746750643151856e-05,0.00021009237821177984,0.00023628874200407027,24,0,8.5622768105927974e-06,2025-02-10 00:00:00+00:00,q95,reanalysis,DK1
2.4496512862907484e-05,3.1302809603301161e-05,4.2801166220792256e-05,5.1813578421736621e-05,24,0,3.6394655250608587e-06,2025-02-11 00:00:00+00:00,q95,reanalysis,DK1
0.056697079821488992,0.062823033240855461,0.061555083901355383,0.068175058960244644,24,0,0.037850096376561372,2025-02-12 00:00:00+00:00,q95,reanalysis,DK1
0.10187098021724356,0.11149621079185211,0.10833274387750681,0.11783063286551379,24,0,0.057118485673396197,2025-02-13 00:00:00+00:00,q95,reanalysis,DK1
8.3161994806955981,8.3161994806955981,8.2825281165335767,8.2825281165335767,24,21,8.484064808645293,2025-02-14 00:00:00+00:00,q95,reanalysis,DK1
0.91598437861370186,0.91661171397030883,0.91160129402303502,0.91284224460059671,24,1,0.93554061212746864,2025-02-15 00:00:00+00:00,q95,reanalysis,DK1
0.043279329532664605,0.043279538609725096,0.037633815316377765,0.037637375175688992,24,0,0.049951793001437893,2025-02-16 00:00:00+00:00,q95,reanalysis,DK1
2.6575334671943058,2.6731049522486359,2.6185997029738397,2.6348444039747694,24,4,2.5690726835859055,2025-02-17 00:00:00+00:00,q95,reanalysis,DK1
3.1977975325016019,3.1980727712291199,3.284513663406099,3.285252445974677,24,5,3.2282216758947291,2025-02-18 00:00:00+00:00,q95,reanalysis,DK1
2.2062415811871442e-05,2.4088000929052845e-05,0.00025649980451791153,0.00027464961098991721,24,0,1.0656711594875326e-05,2025-02-19 00:00:00+00:00,q95,reanalysis,DK1
3.4968492430363266e-11,2.9736750830815254e-11,1.505718696349695e-09,1.551041077759835e-09,24,0,2.5084703436076216e-14,2025-02-20 00:00:00+00:00,q95,reanalysis,DK1
1.1483589807680479e-06,1.5630367798573181e-06,1.428871051545057e-05,1.729487627697601e-05,24,0,3.5157011254581942e-08,2025-02-21 00:00:00+00:00,q95,reanalysis,DK1
6.4480187840981505e-10,6.0286964507362191e-08,4.9898379293852352e-08,7.967057034768323e-07,24,0,1.6846587476956246e-12,2025-02-22 00:00:00+00:00,q95,reanalysis,DK1
2.6471708463191252e-10,2.8085459658303221e-08,1.060360884020576e-08,3.1699137043218191e-07,24,0,2.6310711822843393e-13,2025-02-23 00:00:00+00:00,q95,reanalysis,DK1
2.2575768313409914e-06,3.5355438834004e-06,2.486149253972375e-05,3.3903860470546992e-05,24,0,2.1509481654241057e-07,2025-02-24 00:00:00+00:00,q95,reanalysis,DK1
0.12991803441484517,0.1817988741828111,0.11993581238686005,0.16923016253019066,24,0,0.097860940761323179,2025-02-25 00:00:00+00:00,q95,reanalysis,DK1
2.2136635904761794,2.1888176107624577,2.2216903809534685,2.199450198157876,24,3,2.31840536693446,2025-02-26 00:00:00+00:00,q95,reanalysis,DK1
1.7868824930336848,1.8295204581776001,1.7757205800456322,1.8226043942975039,24,2,1.8106853163285679,2025-02-27 00:00:00+00:00,q95,reanalysis,DK1
2.4966270306194942,2.3959752301258885,2.5279284741993844,2.4358786211394321,24,3,2.5835338414113691,2025-02-28 00:00:00+00:00,q95,reanalysis,DK1
0.0010357667300617231,0.001058949746910742,0.0021375872378259267,0.0022727698659065192,24,0,0.00018880565756057796,2025-03-01 00:00:00+00:00,q95,reanalysis,DK1
0.0039409252834836537,0.0050612395161231854,0.004064765183976634,0.0050130056195501083,24,0,0.0014608984542632268,2025-03-02 00:00:00+00:00,q95,reanalysis,DK1
0.081105460911890415,0.10732546873707705,0.086122033633260098,0.11205659285130976,24,0,0.031362942495134015,2025-03-03 00:00:00+00:00,q95,reanalysis,DK1
0.086923142047476781,0.11630926169596753,0.096122567257559535,0.12575523455945037,24,0,0.026480844106979748,2025-03-04 00:00:00+00:00,q95,reanalysis,DK1
2.9991129807315495e-05,4.7947164472914705e-05,9.2175726737491126e-05,0.00013188242790092484,24,0,9.4308253329762364e-07,2025-03-05 00:00:00+00:00,q95,reanalysis,DK1
5.8356489558628379e-05,8.7250936098672637e-05,0.00012832627098601195,0.00018155129045606267,24,0,1.4826568154297951e-05,2025-03-06 00:00:00+00:00,q95,reanalysis,DK1
0.0020650696394224218,0.012314680872097208,0.003850529676389049,0.016801195816261057,24,0,0.00050626506911339805,2025-03-07 00:00:00+00:00,q95,reanalysis,DK1
2.4138163758646541e-07,9.0602889384325566e-06,6.906846198293777e-06,7.2211333447869377e-05,24,0,8.1789173504462202e-09,2025-03-08 00:00:00+00:00,q95,reanalysis,DK1
3.2587830777706115e-05,0.00023931587179560587,6.7598666376849736e-05,0.00035040601688073844,24,0,1.6688399352655981e-06,2025-03-09 00:00:00+00:00,q95,reanalysis,DK1
0.020841319703039578,0.073551728503198702,0.032438264780282881,0.09524889875386755,24,0,0.0041862333921172416,2025-03-10 00:00:00+00:00,q95,reanalysis,DK1
3.1580549999408483,2.9834552281522799,3.1592537883408527,2.9912732126228438,24,4,3.3859282960604977,2025-03-11 00:00:00+00:00,q95,reanalysis,DK1
2.9768941106057625,3.2703327791720045,2.905814916741198,3.2025449769019132,24,8,2.8370704558507542,2025-03-12 00:00:00+00:00,q95,reanalysis,DK1
4.3776727150097123,4.7363912458330022,4.3321386198107943,4.683373271370991,24,13,4.3987657468337504,2025-03-13 00:00:00+00:00,q95,reanalysis,DK1
2.9293431429225265,2.7627792633308141,2.8430567387515229,2.6594251470107557,24,13,2.9652985667094729,2025-03-14 00:00:00+00:00,q95,reanalysis,DK1
0.00022647551073644119,0.00040114647702459909,0.00067997494141519338,0.00087932587745367669,24,0,0.00010591222651810188,2025-03-15 00:00:00+00:00,q95,reanalysis,DK1
0.0028445206352604203,0.0039626468746191074,0.0026486184008130817,0.0034578933664362876,24,0,0.0025991330219756639,2025-03-16 00:00:00+00:00,q95,reanalysis,DK1
0.5543915538006946,0.67775004960468899,0.5565545513697544,0.67558029864994584,24,1,0.49800311166398337,2025-03-17 00:00:00+00:00,q95,reanalysis,DK1
0.0025382465924699386,0.0038596822486652582,0.0033664529351006248,0.0048678070649370974,24,0,0.00063167231121099166,2025-03-18 00:00:00+00:00,q95,reanalysis,DK1
3.8326334425205517,3.3859173196310612,3.8761900953448163,3.4376299205723297,24,5,4.1002545809385831,2025-03-19 00:00:00+00:00,q95,reanalysis,DK1
5.0390246366167224,4.5823429833960283,5.0465980562898007,4.5946738703603165,24,7,5.3718029752940692,2025-03-20 00:00:00+00:00,q95,reanalysis,DK1
0.0028887085344280086,0.008159329608397263,0.0038471548618065139,0.0096650872003595182,24,0,0.0010385214802000383,2025-03-21 00:00:00+00:00,q95,reanalysis,DK1
3.9955520185860022e-12,7.1285261139032965e-12,1.2291826997016895e-08,1.7679259203505637e-08,24,0,3.6799651854956126e-14,2025-03-22 00:00:00+00:00,q95,reanalysis,DK1
3.2663536995189406e-05,0.00020392241658349257,0.00015937127225857807,0.00061367581408736213,24,0,3.544788080921418e-06,2025-03-23 00:00:00+00:00,q95,reanalysis,DK1
1.8565362099083007,1.9172842892427373,1.869899793726814,1.9228415904005949,24,2,1.8368282332420351,2025-03-24 00:00:00+00:00,q95,reanalysis,DK1
0.002184196287058458,0.0079086080946372869,0.0039151368132687809,0.010922424662715705,24,0,0.00041578155906889361,2025-03-25 00:00:00+00:00,q95,reanalysis,DK1
0.11568742978281209,0.19125694830752193,0.11534180144419701,0.18466650826220538,24,0,0.060502474007238613,2025-03-26 00:00:00+00:00,q95,reanalysis,DK1
0.022452691229118943,0.050022574891740626,0.029056902411812545,0.058946886159766093,24,0,0.0080344595406412148,2025-03-27 00:00:00+00:00,q95,reanalysis,DK1
0.0038056639605329413,0.003102918105247706,0.0061688731504156444,0.0051526710528994914,24,0,0.0012739781732303453,2025-03-28 00:00:00+00:00,q95,reanalysis,DK1
1.6304414485094095e-07,1.4214226012422714e-07,5.6090901462365677e-06,5.2761070695442258e-06,24,0,2.2933962331934414e-08,2025-03-29 00:00:00+00:00,q95,reanalysis,DK1
1.8134759777664338e-09,1.7793899071544145e-09,6.5390862230960392e-07,6.0545127698953262e-07,24,0,1.2232843812343783e-09,2025-03-30 00:00:00+00:00,q95,reanalysis,DK1
0.0049019103012797344,0.010911434949099564,0.0063080503734984535,0.012965697835970409,24,0,0.0025851382259093423,2025-03-31 00:00:00+00:00,q95,reanalysis,DK1
0.03388793820107551,0.034007286239228329,0.032861000385313942,0.033001968339819492,24,0,0.020489575840376181,2025-04-01 00:00:00+00:00,q95,reanalysis,DK1
1.3531527890592344e-08,3.652584445508949e-08,8.3914206640254558e-09,2.2635951010558937e-08,24,0,1.0002218001201596e-08,2025-04-02 00:00:00+00:00,q95,reanalysis,DK1
0.00024159146265552542,0.00024642464461099346,0.00078540735948502216,0.00079006299796280616,24,0,4.874460455138586e-05,2025-04-03 00:00:00+00:00,q95,reanalysis,DK1
0.00013964744608613086,0.00014338095085058883,0.00048933309941493082,0.00050846284691984502,24,0,1.1592869257767231e-05,2025-04-04 00:00:00+00:00,q95,reanalysis,DK1
2.0798916501594702e-12,3.3673766314766774e-12,1.431221005176953e-11,2.1375994881416683e-11,24,0,5.3522576791204319e-14,2025-04-05 00:00:00+00:00,q95,reanalysis,DK1
0.00020052979260452543,0.00027415766555516255,0.00061690322376770686,0.00082523590496070567,24,0,3.1679629971721876e-05,2025-04-06 00:00:00+00:00,q95,reanalysis,DK1
0.094295279742349344,0.09468818368435522,0.10269176333925276,0.10351785538359413,24,0,0.047133457005987908,2025-04-07 00:00:00+00:00,q95,reanalysis,DK1
1.3197059641147963,1.3197047957366599,1.3268703317458821,1.3268553120720625,24,2,1.4191965761018632,2025-04-08 00:00:00+00:00,q95,reanalysis,DK1
0.0067623526476218087,0.0067635268882003698,0.01021615140727,0.010216891791829528,24,0,0.0015091220866419522,2025-04-09 00:00:00+00:00,q95,reanalysis,DK1
0.92956267021105332,0.9295633873914082,0.91430720407407962,0.91431529460889815,24,1,0.95741971635248524,2025-04-10 00:00:00+00:00,q95,reanalysis,DK1
2.0673265052236496e-09,1.0463317898984723e-08,7.6860304187533894e-08,2.894581208173211e-07,24,0,8.6810406142309272e-10,2025-04-11 00:00:00+00:00,q95,reanalysis,DK1
1.8346736902473168e-12,1.4256860800772945e-11,1.682321338431672e-10,8.9654440865933853e-10,24,0,9.5937370579926583e-13,2025-04-12 00:00:00+00:00,q95,reanalysis,DK1
3.6373945423368752e-06,3.6768039142020162e-06,2.3760355964874286e-05,2.4090262252875704e-05,24,0,1.3778610572208704e-07,2025-04-13 00:00:00+00:00,q95,reanalysis,DK1
0.0017575231225941943,0.0014751622043669736,0.0045518469400626215,0.0039148733602637721,24,0,0.00085145834560918746,2025-04-14 00:00:00+00:00,q95,reanalysis,DK1
3.7084226220833824e-06,4.8976663517644796e-06,5.8384163323438001e-05,7.2134928632836776e-05,24,0,7.8122843287633546e-07,2025-04-15 00:00:00+00:00,q95,reanalysis,DK1
0.0092822693779038932,0.01134435795843367,0.012080782034172795,0.015051380173356502,24,0,0.012019001106406829,2025-04-16 00:00:00+00:00,q95,reanalysis,DK1
0.27359870561213173,0.26333985187494696,0.27747076961084105,0.27173949207479364,24,0,0.20390005667943886,2025-04-17 00:00:00+00:00,q95,reanalysis,DK1
2.47502326376793e-06,5.5129429615608845e-06,2.7571108935056811e-05,5.1792190543895591e-05,24,0,2.7636602792702761e-07,2025-04-18 00:00:00+00:00,q95,reanalysis,DK1
5.9970228256387076e-07,8.1581382791442719e-07,2.4753290618325623e-06,2.7245277255478381e-06,24,0,1.1276434279557727e-08,2025-04-19 00:00:00+00:00,q95,reanalysis,DK1
2.0144982007425957e-07,2.0311262939941376e-07,2.1168856734433392e-06,2.1273233986327454e-06,24,0,6.5339616992441093e-09,2025-04-20 00:00:00+00:00,q95,reanalysis,DK1
0.00014329159417530396,0.00014559987700112211,0.00033738504416764458,0.00034338705124069816,24,0,3.4868186969733152e-05,2025-04-21 00:00:00+00:00,q95,reanalysis,DK1
4.1743095668843679,4.1772034450192121,4.1776841710245183,4.1779441148616208,24,5,4.3931051537627175,2025-04-22 00:00:00+00:00,q95,reanalysis,DK1
2.1742877084521313,2.0680128927843016,2.1928004512522747,2.0932445857757727,24,3,2.3365126546168211,2025-04-23 00:00:00+00:00,q95,reanalysis,DK1
0.84919128582281378,0.84645736926794546,0.85675460447133711,0.85595850669967399,24,1,0.86295914289682996,2025-04-24 00:00:00+00:00,q95,reanalysis,DK1
1.8546246374293345,1.851583634847513,1.8228055410578052,1.8181341286653601,24,2,1.8850591229251579,2025-04-25 00:00:00+00:00,q95,reanalysis,DK1
6.6584388713170442e-08,7.6288949082037949e-08,1.9436805766346244e-07,3.3410474494397053e-07,24,0,3.6276549272067647e-09,2025-04-26 00:00:00+00:00,q95,reanalysis,DK1
0.00090671623658784134,0.00090671768908454401,0.0016224816740383838,0.0016224918044316233,24,0,0.00019109262017888602,2025-04-27 00:00:00+00:00,q95,reanalysis,DK1
0.0048063428605501233,0.0042204707330034379,0.005584352152438847,0.0054047075555225376,24,0,0.0010580748821884388,2025-04-28 00:00:00+00:00,q95,reanalysis,DK1
3.4613857318995431e-06,4.006480070080167e-06,1.8547013615374958e-05,2.3786462340603782e-05,24,0,1.4489479007220353e-07,2025-04-29 00:00:00+00:00,q95,reanalysis,DK1
0.00017835117971301995,3.8773112792996381e-05,0.00068336489997271408,0.00025570698185209894,24,0,4.4324857181881903e-05,2025-04-30 00:00:00+00:00,q95,reanalysis,DK1
7.9158658860102059e-05,1.8576764659112365e-05,0.00039320410733702764,0.00018188567752134129,24,0,1.1345661861077626e-05,2025-05-01 00:00:00+00:00,q95,reanalysis,DK1
4.3749811465417493e-08,8.09711898800324e-08,1.7734916946575263e-06,2.2923442187470637e-06,24,0,8.5147231664826233e-09,2025-05-02 00:00:00+00:00,q95,reanalysis,DK1
3.4075217812110136e-11,1.0455105519265326e-10,1.2554241546829889e-07,1.9831468222477366e-07,24,0,1.6602639749067732e-11,2025-05-03 00:00:00+00:00,q95,reanalysis,DK1
8.2878992598542023e-08,1.6451321830892764e-07,2.4826182585307306e-06,4.3079813879411371e-06,24,0,8.2698587275985799e-10,2025-05-04 00:00:00+00:00,q95,reanalysis,DK1
1.2544854143749223e-05,1.84999562661276e-05,0.00011436035826805723,0.00015615093338810113,24,0,1.4437223321049916e-06,2025-05-05 00:00:00+00:00,q95,reanalysis,DK1
0.0032199522694616595,0.0018228789302742337,0.0052820980051727215,0.003345628986575228,24,0,0.00088176546926521486,2025-05-06 00:00:00+00:00,q95,reanalysis,DK1
0.33365166064363461,0.23088301623177412,0.33438220210137704,0.23433667180215267,24,0,0.23231496102841123,2025-05-07 00:00:00+00:00,q95,reanalysis,DK1
0.29819895240367966,0.20377465051865284,0.2948194038120126,0.20419351481651046,24,0,0.21030375861606615,2025-05-08 00:00:00+00:00,q95,reanalysis,DK1
0.075043240141530909,0.049835087610673651,0.083535770719043625,0.057247760424670585,24,0,0.03545498749222796,2025-05-09 00:00:00+00:00,q95,reanalysis,DK1
4.1811808487460575e-07,7.0158375078310833e-07,7.5702391362946002e-06,1.1902802073635096e-05,24,0,5.3529219802621206e-09,2025-05-10 00:00:00+00:00,q95,reanalysis,DK1
2.1787196256202263e-06,4.1795696342645296e-06,4.005692925811456e-05,5.8824778065820626e-05,24,0,2.0993820475261366e-06,2025-05-11 00:00:00+00:00,q95,reanalysis,DK1
0.050382828653303749,0.07541079850282037,0.053386123269238438,0.078374683166025083,24,0,0.03703700800637405,2025-05-12 00:00:00+00:00,q95,reanalysis,DK1
0.098526230967498726,0.11137085106724647,0.091324329337616875,0.10058481468412381,24,0,0.05820718551994012,2025-05-13 00:00:00+00:00,q95,reanalysis,DK1
0.049346006184043278,0.049594746404701621,0.046869869021789565,0.046295241051432345,24,0,0.025981590102356428,2025-05-14 00:00:00+00:00,q95,reanalysis,DK1
9.4404296330684247e-06,1.6406313549839398e-05,7.4104710840418761e-05,0.00011126222122659532,24,0,6.2305420854305509e-07,2025-05-15 00:00:00+00:00,q95,reanalysis,DK1
0.00010667209723824661,0.00015742239908542592,0.00049134192507652749,0.00066558977984256863,24,0,1.5158844826531436e-05,2025-05-16 00:00:00+00:00,q95,reanalysis,DK1
3.5272796752907382e-07,2.6348670284063465e-06,8.4702296742143803e-06,2.8279217443116852e-05,24,0,1.8766316952513264e-08,2025-05-17 00:00:00+00:00,q95,reanalysis,DK1
0.00013401824553415401,0.00022610980611562149,0.0002788829174090265,0.00049441187416966259,24,0,1.9783839769663045e-05,2025-05-18 00:00:00+00:00,q95,reanalysis,DK1
0.0042894205674033807,0.004243336235340775,0.0070154929253587088,0.0069123379733149661,24,0,0.0011284824389106603,2025-05-19 00:00:00+00:00,q95,reanalysis,DK1
0.013254506005811637,0.013616353887460892,0.015627263392243965,0.016421288036383316,24,0,0.0044030011552914448,2025-05-20 00:00:00+00:00,q95,reanalysis,DK1
0.0036975091755756528,0.0039350892308915577,0.003481279028525356,0.0037633080050368849,24,0,0.0016563698410595688,2025-05-21 00:00:00+00:00,q95,reanalysis,DK1
3.8319837757481778e-05,8.0307353650691931e-05,4.7706627353419424e-05,0.00010551050172183862,24,0,2.3465049637908282e-05,2025-05-22 00:00:00+00:00,q95,reanalysis,DK1
0.00079124420761072318,0.0014903489318031694,0.00059060096402179017,0.0011680834988585759,24,0,0.00064204272759689094,2025-05-23 00:00:00+00:00,q95,reanalysis,DK1
6.239369920777786e-08,1.4138444492294138e-07,1.7661078275697021e-07,3.8039699528853229e-07,24,0,2.8484829043562017e-09,2025-05-24 00:00:00+00:00,q95,reanalysis,DK1
7.8633947472209851e-08,1.9542773253470361e-07,4.3287485220623113e-06,7.7769133521907876e-06,24,0,4.2178595069182822e-09,2025-05-25 00:00:00+00:00,q95,reanalysis,DK1
6.1846436465727617e-07,1.42309451403331e-06,1.0864376341301048e-05,2.0085444339639923e-05,24,0,3.0683870381279391e-08,2025-05-26 00:00:00+00:00,q95,reanalysis,DK1
3.0670331401371835e-08,8.3880338352119473e-08,6.6918256709861434e-08,1.7216285417009362e-07,24,0,9.6266613698121845e-09,2025-05-27 00:00:00+00:00,q95,reanalysis,DK1
0.00013359793176094515,0.0002186679310156337,0.00018779024992444059,0.00027920946162074607,24,0,0.00012152810090089986,2025-05-28 00:00:00+00:00,q95,reanalysis,DK1
1.0563302732178155e-07,3.5676911407207372e-07,7.2777277860473403e-06,1.7445213088979225e-05,24,0,5.5430711153755678e-09,2025-05-29 00:00:00+00:00,q95,reanalysis,DK1
6.0071655713782745e-05,9.1558670533742795e-05,0.00014279100624422849,0.00020761707930353436,24,0,2.0885111400669977e-05,2025-05-30 00:00:00+00:00,q95,reanalysis,DK1
3.9209885674160717e-05,3.1214335439903972e-05,0.00015522405474477415,0.00015408901204635707,24,0,3.9824823019908672e-06,2025-05-31 00:00:00+00:00,q95,reanalysis,DK1
6.3440503369551094e-08,1.8168803333033548e-07,1.9524059452280734e-06,4.0768544227867504e-06,24,0,4.9124979390661969e-10,2025-06-01 00:00:00+00:00,q95,reanalysis,DK1
0.14775867202289641,0.15131559502635794,0.14610617463578171,0.14958029405869908,24,0,0.11792824795876283,2025-06-02 00:00:00+00:00,q95,reanalysis,DK1
0.012474456093191701,0.010651025625535319,0.015288363653051164,0.013432570889792385,24,0,0.0048644868038657313,2025-06-03 00:00:00+00:00,q95,reanalysis,DK1
0.0025613209648543099,0.0041109863409964104,0.0061414130690462931,0.0092576664184580611,24,0,0.0016472978964821887,2025-06-04 00:00:00+00:00,q95,reanalysis,DK1
0.0008404383671066142,0.0013365283573138307,0.0018774486192303574,0.0028109890950847156,24,0,9.8119563183184319e-05,2025-06-05 00:00:00+00:00,q95,reanalysis,DK1
4.8541473132839685e-06,1.6644797149721742e-05,9.9374929023114498e-06,2.7856865300012231e-05,24,0,4.7093408790861421e-06,2025-06-06 00:00:00+00:00,q95,reanalysis,DK1
6.8939665343028554e-09,2.4583629562436429e-08,1.6577006532293097e-07,3.79178690059357e-07,24,0,3.6430297775936694e-09,2025-06-07 00:00:00+00:00,q95,reanalysis,DK1
4.0582483683277126e-16,3.6215974243881263e-15,1.4807835911254883e-12,2.2429297712690368e-11,24,0,3.3571405693027736e-17,2025-06-08 00:00:00+00:00,q95,reanalysis,DK1
1.8526191699680302e-06,1.0893078891323671e-06,2.7043606797071335e-05,1.5001328362079854e-05,24,0,7.2741292943761625e-08,2025-06-09 00:00:00+00:00,q95,reanalysis,DK1
5.8554847995058888e-08,2.2320061957991521e-07,4.2464789658617643e-06,1.241639638898461e-05,24,0,7.6756079829474932e-08,2025-06-10 00:00:00+00:00,q95,reanalysis,DK1
0.0024600260801897747,0.0035447306274955619,0.0043854222442551646,0.0058211553320528485,24,0,0.0013343624854445374,2025-06-11 00:00:00+00:00,q95,reanalysis,DK1
0.0048175136983229045,0.0056974714304009327,0.004764186681806757,0.0061607084172376082,24,0,0.0044952702371912918,2025-06-12 00:00:00+00:00,q95,reanalysis,DK1
3.3592489703289617e-05,0.00012219522426918785,0.00012191838597733205,0.00037535048721432855,24,0,3.5070213645613639e-05,2025-06-13 00:00:00+00:00,q95,reanalysis,DK1
1.9148245043852257e-06,8.1210728699977885e-06,2.3226925336337682e-05,6.4266156607560617e-05,24,0,2.612569579615721e-07,2025-06-14 00:00:00+00:00,q95,reanalysis,DK1
5.7093059112599303e-06,1.027806712280644e-05,3.6896775995490556e-05,5.9854221781303561e-05,24,0,2.0733411313784504e-06,2025-06-15 00:00:00+00:00,q95,reanalysis,DK1
0.0052197432316642978,0.0064301925937573197,0.0075814391873658352,0.0091277586375776779,24,0,0.0013849769812565697,2025-06-16 00:00:00+00:00,q95,reanalysis,DK1
0.13137401372340368,0.13037179029794646,0.13428821932265522,0.13274553537058201,24,0,0.058223901073554588,2025-06-17 00:00:00+00:00,q95,reanalysis,DK1
0.084087748523827721,0.082715751832129772,0.085352424017265741,0.083646355455262209,24,0,0.040917658142064793,2025-06-18 00:00:00+00:00,q95,reanalysis,DK1
0.00011053583700915942,0.00015892596581817191,0.00028051060955807338,0.00037914004802601874,24,0,3.1426852628734164e-05,2025-06-19 00:00:00+00:00,q95,reanalysis,DK1
0.01176207956615823,0.0078094881802122824,0.011873426155873947,0.0088075059848748798,24,0,0.0091422881227368677,2025-06-20 00:00:00+00:00,q95,reanalysis,DK1
0.00051501932611715967,0.00019957766849049865,0.0011028119612602502,0.00061204549912671226,24,0,0.00018710575904238002,2025-06-21 00:00:00+00:00,q95,reanalysis,DK1
4.4193888424787257e-07,1.6189654376997136e-06,5.0341216948969214e-06,1.4116134860003185e-05,24,0,2.1019583026115429e-07,2025-06-22 00:00:00+00:00,q95,reanalysis,DK1
1.8013507942600897e-10,3.4374934429600641e-09,1.4613809483945788e-07,8.1579530327832867e-07,24,0,3.2008012662494486e-10,2025-06-23 00:00:00+00:00,q95,reanalysis,DK1
8.4987893034198654e-06,4.7777110175249783e-05,7.878640511814102e-05,0.00026313987883138604,24,0,1.5954320158907508e-06,2025-06-24 00:00:00+00:00,q95,reanalysis,DK1
0.36933726970937769,0.34426536744372144,0.3633461878411392,0.34038812061943041,24,0,0.29086540809499145,2025-06-25 00:00:00+00:00,q95,reanalysis,DK1
0.12360700142240579,0.071164439370062407,0.1161280326776748,0.064639545340496818,24,0,0.079661496365543386,2025-06-26 00:00:00+00:00,q95,reanalysis,DK1
1.1933204182857698e-05,5.2353997927064454e-05,9.3096027977513241e-05,0.00025520871805911796,24,0,3.3424048441877893e-05,2025-06-27 00:00:00+00:00,q95,reanalysis,DK1
4.5014666435543399e-07,3.7100888839738819e-06,1.7461544878255722e-06,1.1627157832760949e-05,24,0,4.0839067249631288e-08,2025-06-28 00:00:00+00:00,q95,reanalysis,DK1
0.00046692181848617936,0.00060560439214991024,0.00067792300420861868,0.00084874691294909311,24,0,0.00018687048743883249,2025-06-29 00:00:00+00:00,q95,reanalysis,DK1
1.6743987856778202,1.8570838458308685,1.6694598513036816,1.8830673491278158,24,4,1.5415599373563185,2025-06-30 00:00:00+00:00,q95,reanalysis,DK1
1.9778804838063611,1.808280411051078,1.9514822606277695,1.7861119647734791,24,2,2.0799716134897315,2025-07-01 00:00:00+00:00,q95,reanalysis,DK1
0.65858796347345727,0.58189849320552511,0.65806809781144515,0.56912989253938151,24,0,0.72770283964823113,2025-07-02 00:00:00+00:00,q95,reanalysis,DK1
0.00027948971839379102,0.00053352764412737102,0.00070361733335501679,0.0011607299482106355,24,0,0.00015125618934816329,2025-07-03 00:00:00+00:00,q95,reanalysis,DK1
0.014123968535908447,0.018545483359291775,0.01653589114694675,0.021168284230460473,24,0,0.0081296795152004317,2025-07-04 00:00:00+00:00,q95,reanalysis,DK1
1.9664594994340256e-08,3.2318950714139657e-07,3.0635242002951399e-07,3.0154895362458381e-06,24,0,6.0162461491732239e-10,2025-07-05 00:00:00+00:00,q95,reanalysis,DK1
0.00013889187977769247,0.00018170585098424536,0.00013060070950008751,0.00016448318066783864,24,0,6.6085971907150858e-05,2025-07-06 00:00:00+00:00,q95,reanalysis,DK1
0.026259852773688596,0.04009567217044438,0.038213269978577831,0.054664014108700441,24,0,0.01813501399074971,2025-07-07 00:00:00+00:00,q95,reanalysis,DK1
0.001149004215461578,0.0028953605467111399,0.0028433203282404364,0.0058183478590671254,24,0,0.0014935722052481046,2025-07-08 00:00:00+00:00,q95,reanalysis,DK1
0.057850683779907972,0.078406461237186642,0.059348595851059484,0.077300063351477655,24,0,0.041655490654765363,2025-07-09 00:00:00+00:00,q95,reanalysis,DK1
0.67563937831840248,0.65151359470440551,0.67060006834915598,0.64563400118572045,24,0,0.6576334426187338,2025-07-10 00:00:00+00:00,q95,reanalysis,DK1
0.10139280522513185,0.091093077363535058,0.10709303688130062,0.10157160771119708,24,0,0.080639947373265838,2025-07-11 00:00:00+00:00,q95,reanalysis,DK1
2.2425913517724803e-07,1.7345209118064796e-06,7.6483910208737428e-06,2.8059638714272454e-05,24,0,1.1980379122722391e-07,2025-07-12 00:00:00+00:00,q95,reanalysis,DK1
0.0076306660449304712,0.012298786231613358,0.010469707082911346,0.016600497327747342,24,0,0.0036878303092219523,2025-07-13 00:00:00+00:00,q95,reanalysis,DK1
0.25781505900922358,0.32269958778411256,0.24948475221810595,0.32595751971380743,24,0,0.20780795145587794,2025-07-14 00:00:00+00:00,q95,reanalysis,DK1
0.182834305796654,0.19015967024586344,0.16699258760947838,0.18119398311102017,24,0,0.16963918765553218,2025-07-15 00:00:00+00:00,q95,reanalysis,DK1
0.055958700926025312,0.11666812929381364,0.065524947067292519,0.12924209892381128,24,0,0.054485501063585455,2025-07-16 00:00:00+00:00,q95,reanalysis,DK1
2.2826462869262398,2.3464232135048082,2.3482129209530753,2.4006855929309521,24,0,2.5668258919821048,2025-07-17 00:00:00+00:00,q95,reanalysis,DK1
3.9262171648591546,3.8807997505124803,3.9889668102616107,3.949258439654924,24,2,4.2271778481180178,2025-07-18 00:00:00+00:00,q95,reanalysis,DK1
0.005122681218799577,0.0061086601091732227,0.0056151903009877052,0.0079868225428194588,24,0,0.0033757776581634716,2025-07-19 00:00:00+00:00,q95,reanalysis,DK1
8.8120974229517144e-06,2.35704612503481e-05,4.6471684433082519e-05,0.00013229309619111184,24,0,1.3070322441930979e-06,2025-07-20 00:00:00+00:00,q95,reanalysis,DK1
0.41633946245375131,0.40713881154718923,0.403218496873329,0.39490848199108614,24,0,0.37078687771251478,2025-07-21 00:00:00+00:00,q95,reanalysis,DK1
0.036898821735829528,0.054232457748832237,0.0397630174714622,0.056693928818790568,24,0,0.04703043247392074,2025-07-22 00:00:00+00:00,q95,reanalysis,DK1
0.41774103886513247,0.49109126699099281,0.42492689468334222,0.49569056668278977,24,0,0.35145649039865873,2025-07-23 00:00:00+00:00,q95,reanalysis,DK1
1.0070443875117339,0.99144795196778501,1.0148663205895296,1.0003396482319273,24,0,0.89885171807327724,2025-07-24 00:00:00+00:00,q95,reanalysis,DK1
0.24929588113806869,0.28898018152229654,0.2525550612532092,0.2874465501667775,24,0,0.18795306260448899,2025-07-25 00:00:00+00:00,q95,reanalysis,DK1
1.1796319835656187e-06,3.8053440312464501e-06,1.0663533562507085e-05,2.7779547853851233e-05,24,0,9.9302109604439743e-08,2025-07-26 00:00:00+00:00,q95,reanalysis,DK1
7.1887158994542321e-07,3.601659214644724e-06,2.7607833247947981e-05,8.8208685143083049e-05,24,0,9.1662106949757349e-08,2025-07-27 00:00:00+00:00,q95,reanalysis,DK1
0.00013753710193032206,0.00051071534499563343,0.0004930663338166577,0.0014194065152500156,24,0,5.8203928313265991e-05,2025-07-28 00:00:00+00:00,q95,reanalysis,DK1
5.6705183645497226e-05,0.00015080103150721841,0.00028461987989673626,0.00051552114842617252,24,0,5.4186470333376832e-05,2025-07-29 00:00:00+00:00,q95,reanalysis,DK1
0.0034196859510725259,0.0067687036016226727,0.0043815174677823109,0.0078431150511459862,24,0,0.0051034093155995462,2025-07-30 00:00:00+00:00,q95,reanalysis,DK1
0.0041407000970513303,0.0084390971017460469,0.007565382237113105,0.013065966054027644,24,0,0.0061593133626350509,2025-07-31 00:00:00+00:00,q95,reanalysis,DK1
0.011919795191370109,0.0095513613769227373,0.01662369146806748,0.01417520071472401,24,0,0.015954894521526462,2025-08-01 00:00:00+00:00,q95,reanalysis,DK1
5.7166145864312895e-07,3.8597770440923201e-07,1.8762297120620521e-05,2.2593529445860805e-05,24,0,7.5644058581948322e-07,2025-08-02 00:00:00+00:00,q95,reanalysis,DK1
3.6331907522419439e-08,2.1456182105035687e-07,2.4699390348775539e-06,9.1719730679788502e-06,24,0,5.5058336251912741e-09,2025-08-03 00:00:00+00:00,q95,reanalysis,DK1
4.408042882400281e-06,1.9157295834979862e-05,9.8335082270581487e-05,0.00021393662999790038,24,0,1.7968159229049347e-05,2025-08-04 00:00:00+00:00,q95,reanalysis,DK1
3.0782109648370729e-11,6.4343296388958002e-10,1.135028885664585e-08,5.8030969744271306e-08,24,0,2.2898634048846418e-13,2025-08-05 00:00:00+00:00,q95,reanalysis,DK1
0.040727828529385959,0.048959743802602762,0.03798517146546037,0.044903871018408481,24,0,0.024809429365384716,2025-08-06 00:00:00+00:00,q95,reanalysis,DK1
0.10841636961268958,0.13273633683829797,0.098302838869389939,0.11943754246842787,24,0,0.073403040579476719,2025-08-07 00:00:00+00:00,q95,reanalysis,DK1
0.093029656921215148,0.10920694059797603,0.086151463097972752,0.10159645722423323,24,0,0.077025667673274678,2025-08-08 00:00:00+00:00,q95,reanalysis,DK1
0.00091091311658438306,0.001284366795576109,0.0018395581254562654,0.0023705119299865908,24,0,0.00010704663933267315,2025-08-09 00:00:00+00:00,q95,reanalysis,DK1
7.5431239941215554e-05,0.0001798417627300285,0.00030629455031677482,0.00051260869112535476,24,0,1.5749486431470913e-05,2025-08-10 00:00:00+00:00,q95,reanalysis,DK1
0.018548430235400697,0.023732251439036095,0.019295560928491218,0.023742314312097425,24,0,0.0097974005243442689,2025-08-11 00:00:00+00:00,q95,reanalysis,DK1
0.20246432693390923,0.12389729021045159,0.19857504248283683,0.11585483135897871,24,0,0.18581442172663101,2025-08-12 00:00:00+00:00,q95,reanalysis,DK1
0.11737983998069874,0.1284908677227091,0.10576302303025886,0.11733094543122967,24,0,0.10168843476354554,2025-08-13 00:00:00+00:00,q95,reanalysis,DK1
0.18354680733869444,0.1789999040832983,0.1888136860509626,0.17834949023078059,24,0,0.1421131576342973,2025-08-14 00:00:00+00:00,q95,reanalysis,DK1
0.020875460076859181,0.016642180920913099,0.027274178340661256,0.021764913287558991,24,0,0.0063036236553327667,2025-08-15 00:00:00+00:00,q95,reanalysis,DK1
1.2071875244371266e-10,1.6701261576597381e-09,9.8983977605086169e-08,4.0134442698316896e-07,24,0,1.5328508780044265e-10,2025-08-16 00:00:00+00:00,q95,reanalysis,DK1
0.0012182005517959592,0.00091488546588698344,0.0019981087081826247,0.0017998644079785105,24,0,0.00024083279652571991,2025-08-17 00:00:00+00:00,q95,reanalysis,DK1
0.022470472150236641,0.020204893113271404,0.027103492328696976,0.025845841837973109,24,0,0.0076281487498651183,2025-08-18 00:00:00+00:00,q95,reanalysis,DK1
0.010229754157497457,0.016470480311808103,0.013055614390204612,0.020029166587464963,24,0,0.0033312575580358101,2025-08-19 00:00:00+00:00,q95,reanalysis,DK1
0.00016188625046762936,0.00032696476158407153,0.00044309106036634154,0.00076149947832330827,24,0,9.2165946028496381e-05,2025-08-20 00:00:00+00:00,q95,reanalysis,DK1
0.00076652591220582639,0.0014897251579231369,0.0017374662683779616,0.0027581162399447543,24,0,0.00019184306662751961,2025-08-21 00:00:00+00:00,q95,reanalysis,DK1
1.1820752281602947e-08,2.7646652972639755e-08,1.4641624050439875e-08,3.919510774294161e-08,24,0,1.3214814593271282e-09,2025-08-22 00:00:00+00:00,q95,reanalysis,DK1
3.3946313138551756e-08,1.8013227398589982e-07,9.2541872625099801e-07,2.7846782191511904e-06,24,0,7.6008863834936703e-09,2025-08-23 00:00:00+00:00,q95,reanalysis,DK1
3.6659029263527618e-05,7.5534632270324556e-05,0.00010321255428584286,0.00015917334087124679,24,0,5.6448947279795995e-06,2025-08-24 00:00:00+00:00,q95,reanalysis,DK1
0.19846228324453846,0.15849516381714673,0.19236410569228954,0.15247322175428954,24,0,0.16775931702764041,2025-08-25 00:00:00+00:00,q95,reanalysis,DK1
0.059414590645211512,0.042494614363033506,0.069048481542059198,0.052898165617408822,24,0,0.055855471716382755,2025-08-26 00:00:00+00:00,q95,reanalysis,DK1
0.18149941217883078,0.18589275139316525,0.1943851994569249,0.19662250234554049,24,0,0.13474848609253109,2025-08-27 00:00:00+00:00,q95,reanalysis,DK1
0.90803958702448129,0.98917141279381926,0.94023165563516775,1.0180032041718916,24,1,0.87705805711184859,2025-08-28 00:00:00+00:00,q95,reanalysis,DK1
0.0011894406850131267,0.0020541729968926001,0.0031898049796956237,0.0051269536747710455,24,0,0.00042812588036643292,2025-08-29 00:00:00+00:00,q95,reanalysis,DK1
2.6670485845362732e-10,8.0473916340890295e-09,1.4384788893991815e-07,1.4105690712044861e-06,24,0,1.0634835556127511e-10,2025-08-30 00:00:00+00:00,q95,reanalysis,DK1
7.6390534527866179e-06,5.2140709199247946e-06,3.7314300178195725e-05,3.5064995685635668e-05,24,0,1.1548695793756909e-06,2025-08-31 00:00:00+00:00,q95,reanalysis,DK1
0.0037854657892447329,0.0045891821915892885,0.007171843651989117,0.0082101016921648316,24,0,0.0014138287417684121,2025-09-01 00:00:00+00:00,q95,reanalysis,DK1
0.022567931501409195,0.031898288882958668,0.028753154622732865,0.040216371730717015,24,0,0.010730255628910999,2025-09-02 00:00:00+00:00,q95,reanalysis,DK1
2.6185456072647427e-12,2.7420793976562597e-11,6.6992025815916168e-09,4.152463865047694e-08,24,0,2.6521138775524802e-12,2025-09-03 00:00:00+00:00,q95,reanalysis,DK1
0.0023791784171038784,0.0040499434835496641,0.0058803716458064358,0.0089454939231221765,24,0,0.0011051152739889403,2025-09-04 00:00:00+00:00,q95,reanalysis,DK1
0.028505906861805895,0.033975240377884915,0.037368464627574031,0.044364578675475171,24,0,0.027438986861311316,2025-09-05 00:00:00+00:00,q95,reanalysis,DK1
1.3118637011970722e-06,4.1648999112456759e-07,5.8692416916562686e-06,2.555475796712554e-06,24,0,2.2705945210762779e-07,2025-09-06 00:00:00+00:00,q95,reanalysis,DK1
3.5742050832940271e-08,1.6215598183690722e-07,1.1429943419117204e-06,3.6610159169576736e-06,24,0,9.5294711395405354e-09,2025-09-07 00:00:00+00:00,q95,reanalysis,DK1
2.4976718655148233,2.5311259815757419,2.4719347541442187,2.5084641423516501,24,3,2.64081553565754,2025-09-08 00:00:00+00:00,q95,reanalysis,DK1
2.2560339398190368,2.1769334320609302,2.278332417484358,2.199584837347849,24,3,2.1896775385178575,2025-09-09 00:00:00+00:00,q95,reanalysis,DK1
0.11447464286732828,0.15425758475964893,0.1185125337576628,0.16011571923027629,24,0,0.082159132844481619,2025-09-10 00:00:00+00:00,q95,reanalysis,DK1
7.0505035629624178e-07,3.1164354585684752e-06,2.9685769452234087e-05,8.6974661598671218e-05,24,0,9.3749510800381561e-08,2025-09-11 00:00:00+00:00,q95,reanalysis,DK1
3.3449761380714747e-09,1.1141003201996202e-08,1.5710921620904276e-08,5.8981577449446249e-08,24,0,9.8735986628301303e-11,2025-09-12 00:00:00+00:00,q95,reanalysis,DK1
9.4415077547314599e-12,3.0410611540810647e-10,2.7269332307522029e-08,1.9245547125926016e-07,24,0,1.5594220037527779e-12,2025-09-13 00:00:00+00:00,q95,reanalysis,DK1
5.2648521024265423e-08,8.3121012631705711e-07,7.2488623063361512e-07,7.4423187555963504e-06,24,0,1.4657814967339202e-08,2025-09-14 00:00:00+00:00,q95,reanalysis,DK1
4.7265909482466052e-21,4.2616526095631311e-18,4.6657640412100291e-12,1.2282339912756642e-10,24,0,7.2709225275600141e-19,2025-09-15 00:00:00+00:00,q95,reanalysis,DK1
6.380614693187818e-12,2.2648104314318439e-10,4.1696075386990738e-08,4.1175669486242105e-07,24,0,1.90921479026147e-11,2025-09-16 00:00:00+00:00,q95,reanalysis,DK1
8.9347511897256371e-07,2.9459493552174838e-06,4.3293331024926066e-06,9.6418252044763672e-06,24,0,1.4359994472890891e-06,2025-09-17 00:00:00+00:00,q95,reanalysis,DK1
1.4904320822955803e-06,4.0213881907190284e-06,3.8853278025481647e-06,1.023493678022667e-05,24,0,1.2608487670917125e-06,2025-09-18 00:00:00+00:00,q95,reanalysis,DK1
0.00010474991592649129,0.00023254934694940819,0.00028159536650005669,0.00053264628945243306,24,0,5.4957488311897146e-05,2025-09-19 00:00:00+00:00,q95,reanalysis,DK1
9.5885899945648046e-11,1.3563635924745891e-09,8.9962244209690649e-08,6.0964404271753976e-07,24,0,5.2833502968245861e-11,2025-09-20 00:00:00+00:00,q95,reanalysis,DK1
1.4721346361047547e-08,7.6925476322605721e-08,3.0558046320206426e-07,8.492747361997956e-07,24,0,6.7477850632713722e-09,2025-09-21 00:00:00+00:00,q95,reanalysis,DK1
0.00075228146324942877,0.0012954521688718428,0.0016687336919303769,0.0025079311949696473,24,0,0.00013061746137057312,2025-09-22 00:00:00+00:00,q95,reanalysis,DK1
0.22121976442513108,0.25480304744248511,0.20423169857032358,0.23508103946779413,24,0,0.19444603231454671,2025-09-23 00:00:00+00:00,q95,reanalysis,DK1
1.439757482003567,1.5000382928727432,1.4273048244021904,1.4904555471946264,24,0,1.3612261167416801,2025-09-24 00:00:00+00:00,q95,reanalysis,DK1
0.28668080117164241,0.29474589839866833,0.26598483861189065,0.27221995172771324,24,0,0.27342430563215453,2025-09-25 00:00:00+00:00,q95,reanalysis,DK1
0.0044255781570292016,0.0047906684875750607,0.0042693198459718843,0.0045108807952479952,24,0,0.0044124223606617566,2025-09-26 00:00:00+00:00,q95,reanalysis,DK1
8.8521494182964347e-07,1.7012212439873274e-06,1.8497893331213102e-06,2.9234402280751404e-06,24,0,1.3786137907015205e-07,2025-09-27 00:00:00+00:00,q95,reanalysis,DK1
0.0086271607925539964,0.0057654443759971603,0.0086917092545072457,0.0058140464560493994,24,0,0.0037692666795599529,2025-09-28 00:00:00+00:00,q95,reanalysis,DK1
1.0486615197907581,1.0098756402218243,1.0471293575473766,1.0089894423465071,24,2,1.0124612630706729,2025-09-29 00:00:00+00:00,q95,reanalysis,DK1
2.2986466577462714,2.3182765526497953,2.3231533212109836,2.3486893904622583,24,4,2.351976181058808,2025-09-30 00:00:00+00:00,q95,reanalysis,DK1
0.97375515132274659,1.3131774510764189,0.95423401353071691,1.2959871721696108,24,1,0.8703794265143211,2025-10-01 00:00:00+00:00,q95,reanalysis,DK1
0.19264075497384484,0.36061581923453273,0.1801313101867878,0.33834407064063604,24,0,0.16144298547321317,2025-10-02 00:00:00+00:00,q95,reanalysis,DK1
1.125429003318695e-08,4.6724361771731468e-08,9.9632719014128595e-09,4.1563171228218229e-08,24,0,6.2404592084300908e-10,2025-10-03 00:00:00+00:00,q95,reanalysis,DK1
9.6834073052956877e-23,3.6168804278458288e-22,3.486557001885678e-17,2.7187934106465443e-16,24,0,4.4737048321850328e-24,2025-10-04 00:00:00+00:00,q95,reanalysis,DK1
1.8576515832771009e-08,8.2488203214368196e-09,7.8205264239385787e-08,3.1156359275194642e-08,24,0,2.0062570561908835e-09,2025-10-05 00:00:00+00:00,q95,reanalysis,DK1
0.098408792372768145,0.12346866262007769,0.094256484028979806,0.11989434989015774,24,0,0.080127422730136691,2025-10-06 00:00:00+00:00,q95,reanalysis,DK1
2.0870128491546414,1.9746826650025036,2.0926954611629203,1.9571805222990601,24,4,1.9543860292932651,2025-10-07 00:00:00+00:00,q95,reanalysis,DK1
2.7775510795609848,2.487380949632485,2.8315410792362354,2.5399789624039402,24,4,2.8090252883638187,2025-10-08 00:00:00+00:00,q95,reanalysis,DK1
3.1797218177838471,3.0118443467505478,3.2069817165999859,3.0368311646484245,24,4,3.3939500832754876,2025-10-09 00:00:00+00:00,q95,reanalysis,DK1
5.1582848633382593e-06,1.1719018982672804e-05,9.1673932290264473e-06,1.8637626957598333e-05,24,0,7.3384700814310772e-07,2025-10-10 00:00:00+00:00,q95,reanalysis,DK1
3.5604604620898564e-13,3.3198646286232524e-12,1.8834632608445527e-11,1.3286224254603056e-10,24,0,1.2170475512731726e-16,2025-10-11 00:00:00+00:00,q95,reanalysis,DK1
5.1781228094408457e-05,0.00030112543383815958,0.00020164464701963956,0.00073671183933925167,24,0,3.5239288130312399e-06,2025-10-12 00:00:00+00:00,q95,reanalysis,DK1
1.5810846242145609,1.4923609577514132,1.5621234639158363,1.4865726558688388,24,2,1.7124388506974819,2025-10-13 00:00:00+00:00,q95,reanalysis,DK1
0.029967245300591604,0.069738175570287261,0.040204456172001878,0.082500360742939871,24,0,0.0071354548993585913,2025-10-14 00:00:00+00:00,q95,reanalysis,DK1
0.28473844958333444,0.35079120466509434,0.28683024782860861,0.35192984255656706,24,0,0.15629569002656474,2025-10-15 00:00:00+00:00,q95,reanalysis,DK1
0.00049280335344119427,0.00078355792009230751,0.00067333973473752691,0.0010009439195460444,24,0,0.00017384166695574673,2025-10-16 00:00:00+00:00,q95,reanalysis,DK1
0.0020061972147931415,0.0058498374942897282,0.0032845726899352551,0.0084051358834187039,24,0,0.00076956634011962524,2025-10-17 00:00:00+00:00,q95,reanalysis,DK1
8.2051758599162658e-05,0.00047592257777186197,0.00017811384350247355,0.00093862554336684404,24,0,6.5522252000576352e-06,2025-10-18 00:00:00+00:00,q95,reanalysis,DK1
5.9402387037498745e-12,2.7404154897843747e-10,5.5315391066113707e-09,3.6395079206637768e-08,24,0,7.8533153877990312e-15,2025-10-19 00:00:00+00:00,q95,reanalysis,DK1
2.6383102610715685e-13,3.8582229779934256e-13,1.4205130896838995e-09,1.0725904609789888e-09,24,0,5.2242184670728707e-15,2025-10-20 00:00:00+00:00,q95,reanalysis,DK1
1.036726805564448e-07,1.2545794755010775e-07,5.1273071348300989e-06,6.6507347963699054e-06,24,0,1.7745290412455746e-08,2025-10-21 00:00:00+00:00,q95,reanalysis,DK1
0.024694293986035121,0.022333107001340342,0.030875989320546644,0.028067212115304958,24,0,0.015614178452761106,2025-10-22 00:00:00+00:00,q95,reanalysis,DK1
2.3349319592036835e-10,4.8612227677145771e-10,5.2076995925846563e-08,4.9449383695988101e-08,24,0,1.1706124316426054e-11,2025-10-23 00:00:00+00:00,q95,reanalysis,DK1
2.3435856728517276e-12,5.9726917608088348e-12,9.7827626525285525e-11,2.8404584029126771e-10,24,0,1.5970501090401855e-13,2025-10-24 00:00:00+00:00,q95,reanalysis,DK1
1.4827105743560632e-10,2.1881633153304879e-10,3.3804898876617437e-08,6.0891482885787207e-08,24,0,1.7921212488118626e-11,2025-10-25 00:00:00+00:00,q95,reanalysis,DK1
0,0,0,0,0,0,0,2025-10-26 00:00:00+00:00,q95,reanalysis,DK1
4.4323459810634955e-09,8.2549651055638209e-09,2.841674851662782e-07,2.7006841264850875e-07,24,0,1.8504564739831807e-10,2025-10-27 00:00:00+00:00,q95,reanalysis,DK1
3.5398230541237489e-06,2.9059847407427686e-06,6.0602538310690782e-05,5.5600347836854795e-05,24,0,2.4393545507366171e-06,2025-10-28 00:00:00+00:00,q95,reanalysis,DK1
0.00013340286710088498,0.00011968834531791232,0.00069661790556717795,0.00064738073974795183,24,0,4.520503812411595e-05,2025-10-29 00:00:00+00:00,q95,reanalysis,DK1
0.00066323433364905984,0.0010256745077240228,0.0012842964618464186,0.0018326237126351636,24,0,0.00028718805525835048,2025-10-30 00:00:00+00:00,q95,reanalysis,DK1
8.9838430099299582e-06,8.0236756153151184e-05,4.9890875036384102e-05,0.00022155766047521669,24,0,9.1718007035378703e-07,2025-10-31 00:00:00+00:00,q95,reanalysis,DK1
3.819249320201299e-12,3.1277456248150478e-12,3.6656413070402331e-08,3.4067219119370074e-08,24,0,8.3627550971487125e-13,2025-11-01 00:00:00+00:00,q95,reanalysis,DK1
5.3434093642914113e-09,6.7256977600096644e-09,7.5479458726859257e-07,8.3003473768998934e-07,24,0,4.6892951112755723e-10,2025-11-02 00:00:00+00:00,q95,reanalysis,DK1
2.1778715026857944e-07,2.4975155406916505e-07,1.0807734973913588e-05,1.1260828292525565e-05,24,0,2.2191806946454107e-08,2025-11-03 00:00:00+00:00,q95,reanalysis,DK1
1.9588668141998871e-12,5.0183117510299211e-12,7.9083798459475372e-10,1.3300833795059327e-09,24,0,1.3043981667133624e-16,2025-11-04 00:00:00+00:00,q95,reanalysis,DK1
3.4884035357012435e-06,3.3977816533466052e-06,2.8295385061156622e-05,2.373852711138794e-05,24,0,3.7930754036443507e-07,2025-11-05 00:00:00+00:00,q95,reanalysis,DK1
0.021093064236289091,0.048925015796807296,0.03062843764563173,0.064114845500702816,24,0,0.0066997498191803811,2025-11-06 00:00:00+00:00,q95,reanalysis,DK1
1.0050286117167424,1.0117011567077705,0.99812573750305911,1.0025086665878475,24,1,0.99916851061721013,2025-11-07 00:00:00+00:00,q95,reanalysis,DK1
0.0014161921423173898,0.0054498941494113317,0.0048213032738874994,0.012313311234068314,24,0,0.00071297501561478618,2025-11-08 00:00:00+00:00,q95,reanalysis,DK1
0,0,0,0,0,0,0,2025-11-09 00:00:00+00:00,q95,reanalysis,DK1
0.0017765531179962798,0.0086492296640324762,0.004308393702007968,0.014487896461138969,24,0,0.00020784021217889077,2025-11-10 00:00:00+00:00,q95,reanalysis,DK1
7.7442277492966554e-07,1.0318574828076745e-06,2.1606490369807087e-05,2.5457939961070476e-05,24,0,3.1476741263055814e-08,2025-11-11 00:00:00+00:00,q95,reanalysis,DK1
6.1020333578577771e-13,2.0000886209138758e-12,5.9470980485787121e-10,2.4979342399699553e-09,24,0,5.492310610018656e-15,2025-11-12 00:00:00+00:00,q95,reanalysis,DK1
2.0911028066956877e-05,2.3408069356357016e-05,0.00015798311563687063,0.00017104154796524087,24,0,4.7657816003539085e-06,2025-11-13 00:00:00+00:00,q95,reanalysis,DK1
0.00015120172293410326,0.00016750990419051506,0.00069739869373406955,0.00078427847616541094,24,0,3.6089751410616894e-05,2025-11-14 00:00:00+00:00,q95,reanalysis,DK1
4.3022840273317821e-08,1.5781635746327222e-06,2.8396297757478238e-07,5.6877046072036903e-06,24,0,1.1184561752716435e-09,2025-11-15 00:00:00+00:00,q95,reanalysis,DK1
0,0,0,0,0,0,0,2025-11-16 00:00:00+00:00,q95,reanalysis,DK1
0.061833605758262494,0.059214797386732382,0.055996985545863395,0.053014930878461042,24,0,0.04940985639777825,2025-11-17 00:00:00+00:00,q95,reanalysis,DK1
0.022881771956435926,0.021308659566206839,0.01882628964365915,0.017173865264781533,24,0,0.019296906081870336,2025-11-18 00:00:00+00:00,q95,reanalysis,DK1
0.027488521810480712,0.027094224737498385,0.034319390694134075,0.033410372174497049,24,0,0.017899600068357967,2025-11-19 00:00:00+00:00,q95,reanalysis,DK1
3.6600087658549776,3.7141345663612366,3.6934214738707243,3.7454107745718264,24,6,3.7108767243076755,2025-11-20 00:00:00+00:00,q95,reanalysis,DK1
6.1555888895395556,6.697763460827125,6.1538634286986298,6.720213796751441,24,5,6.1147433443531272,2025-11-21 00:00:00+00:00,q95,reanalysis,DK1
0.0027568459203030299,0.0035085698957805695,0.0026456659866252361,0.0034105045308623016,24,0,0.0027663054209541914,2025-11-22 00:00:00+00:00,q95,reanalysis,DK1
1.052228613528103e-14,5.0500211865952579e-15,1.2068462755274825e-10,5.9337037995170152e-11,24,0,8.0003925730031707e-15,2025-11-23 00:00:00+00:00,q95,reanalysis,DK1
0.0012268601349410568,0.00079096934838837824,0.0014589299188898317,0.00099931618786936512,24,0,0.00035397868969338158,2025-11-24 00:00:00+00:00,q95,reanalysis,DK1
0.87951552459853322,0.83952569777923713,0.87031237856783339,0.83927828699848128,24,1,0.90300878524177219,2025-11-25 00:00:00+00:00,q95,reanalysis,DK1
4.6916517645521525,4.5190864992746524,4.7441039153158115,4.5423731619787588,24,12,4.4981098009506368,2025-11-26 00:00:00+00:00,q95,reanalysis,DK1
0.015343458030372847,0.015571799136056377,0.013452082000056813,0.013654451420747102,24,0,0.0070981227776269968,2025-11-27 00:00:00+00:00,q95,reanalysis,DK1
3.0989841089695261e-10,3.1365341820403681e-10,4.808209834310009e-08,4.4059433696232641e-08,24,0,1.8716999380659618e-13,2025-11-28 00:00:00+00:00,q95,reanalysis,DK1
8.7167122248291783e-14,2.0795620744514624e-13,3.3040984862204444e-11,1.2835776401467401e-10,24,0,1.0745296940632608e-15,2025-11-29 00:00:00+00:00,q95,reanalysis,DK1
2.0410449034735534e-08,2.6465277822421192e-08,3.7865012215158405e-07,5.7704147386309982e-07,24,0,2.2743594690820504e-10,2025-11-30 00:00:00+00:00,q95,reanalysis,DK1
1.9704641743619881e-08,6.4012855969396102e-09,3.3946548262607485e-07,1.4614591693504793e-07,24,0,7.3267354659840508e-11,2025-12-01 00:00:00+00:00,q95,reanalysis,DK1
0.00031919747962627241,0.00074390457098674713,0.00091103239986633827,0.0018873313481757008,24,0,2.5723785622293146e-05,2025-12-02 00:00:00+00:00,q95,reanalysis,DK1
3.1489430322023568,3.0591819353140655,3.125251833737472,3.0486122321963749,24,4,3.4504843594878363,2025-12-03 00:00:00+00:00,q95,reanalysis,DK1
0.99993184670529178,0.99434366464567403,0.99427050317841781,0.9888086747816015,24,1,0.99911209611254315,2025-12-04 00:00:00+00:00,q95,reanalysis,DK1
2.724889093170848,2.7365775693924488,2.712971343939663,2.7435362869266249,24,3,2.8221313437234841,2025-12-05 00:00:00+00:00,q95,reanalysis,DK1
1.2397259493010598e-24,4.2619812778278864e-26,3.1138236095392898e-18,2.4348856115631892e-19,24,0,2.5304944092763949e-26,2025-12-06 00:00:00+00:00,q95,reanalysis,DK1
1.6601462739678929e-15,2.805471928459515e-16,3.4246487918349672e-13,8.9406740903255974e-14,24,0,2.7742140517763798e-19,2025-12-07 00:00:00+00:00,q95,reanalysis,DK1
6.7342702784566043e-13,9.5421051890944396e-14,2.1056861503499235e-09,6.0284566502177518e-10,24,0,2.9653058176507959e-15,2025-12-08 00:00:00+00:00,q95,reanalysis,DK1
1.2587324175232717e-08,3.274677551973998e-09,1.4370076938597779e-06,6.0542409654888012e-07,24,0,3.7382279633603736e-10,2025-12-09 00:00:00+00:00,q95,reanalysis,DK1
6.9868803150807655e-09,1.7124748153240389e-09,8.2573212817895896e-08,2.5149089518384601e-08,24,0,5.317275214118852e-11,2025-12-10 00:00:00+00:00,q95,reanalysis,DK1
1.1091995819267181e-05,3.8260694304052891e-06,6.4046389655948163e-05,2.8226508270798998e-05,24,0,1.5958966145616287e-07,2025-12-11 00:00:00+00:00,q95,reanalysis,DK1
0.0028130471165435447,0.0045175647878437494,0.0055098051724873382,0.0071017559744965316,24,0,0.0002791025610194363,2025-12-12 00:00:00+00:00,q95,reanalysis,DK1
0.00017930360540921537,0.00039246089423740214,0.00073259859148753603,0.0013316498892626276,24,0,7.047417042937498e-06,2025-12-13 00:00:00+00:00,q95,reanalysis,DK1
2.8143709944653018e-08,8.0568921686687502e-09,1.4400563589725522e-07,4.8521709063633177e-08,24,0,1.1392083973621725e-10,2025-12-14 00:00:00+00:00,q95,reanalysis,DK1
6.6157779819611677e-09,7.212721953126007e-09,1.3248711116057229e-07,1.7915237385082839e-07,24,0,9.036271640404385e-12,2025-12-15 00:00:00+00:00,q95,reanalysis,DK1
0.0016753724356140885,0.0018037347083533334,0.0024061636390193489,0.0021039010426769354,24,0,0.00031384317283939575,2025-12-16 00:00:00+00:00,q95,reanalysis,DK1
0.0015760200315790708,0.0040349169586882923,0.0039965792992742088,0.0077236601664056777,24,0,0.00016686443900519328,2025-12-17 00:00:00+00:00,q95,reanalysis,DK1
3.6570328232783516e-16,1.6496694393171298e-16,2.0356921001614903e-11,1.0380883599307052e-11,24,0,6.4609859110357766e-18,2025-12-18 00:00:00+00:00,q95,reanalysis,DK1
7.8281907596793896e-07,6.9927040089473362e-07,1.0231882266801806e-05,7.8088653699099861e-06,24,0,1.2329170645163961e-08,2025-12-19 00:00:00+00:00,q95,reanalysis,DK1
1.4647169737512883e-09,7.7783474642945098e-08,1.445910358191037e-07,2.8020360387091217e-06,24,0,2.7579649930520348e-12,2025-12-20 00:00:00+00:00,q95,reanalysis,DK1
1.6825466802421498e-08,2.0307528420884112e-07,8.4052479911196166e-07,3.9954316639965123e-06,24,0,1.5059195881852592e-10,2025-12-21 00:00:00+00:00,q95,reanalysis,DK1
0.00020651552707943925,0.0002028834138905383,0.0006687403517968252,0.00063174626463592253,24,0,2.8492242482193624e-05,2025-12-22 00:00:00+00:00,q95,reanalysis,DK1
1.0336387782995515e-06,9.6826909328485879e-07,4.4509028116917398e-06,3.798304618352963e-06,24,0,1.7481182322120452e-07,2025-12-23 00:00:00+00:00,q95,reanalysis,DK1
0.00033866640962425796,0.00045945404995675492,0.00036973000882535838,0.00050002798658315523,24,0,0.00027909647272039852,2025-12-24 00:00:00+00:00,q95,reanalysis,DK1
0.0025062162176596333,0.0038498535792153513,0.0058622968738465848,0.0074807297372138856,24,0,0.0015944068867036524,2025-12-25 00:00:00+00:00,q95,reanalysis,DK1
0.00022690616239774553,0.0010521959890302207,0.0010862172374521699,0.0032423049445567949,24,0,1.6736575527830031e-05,2025-12-26 00:00:00+00:00,q95,reanalysis,DK1
1.1135198966208785e-07,3.0614855803462023e-06,2.0492272687637802e-06,2.6633606910278948e-05,24,0,1.6136318891782714e-09,2025-12-27 00:00:00+00:00,q95,reanalysis,DK1
9.8659747177059653e-06,1.0815635970623609e-05,2.3436189032897409e-05,2.6281787913796187e-05,24,0,3.7668099538017064e-07,2025-12-28 00:00:00+00:00,q95,reanalysis,DK1
0.001031911051508205,0.0010772737653489614,0.0017240730766882406,0.00175477094574501,24,0,0.00016575625545434881,2025-12-29 00:00:00+00:00,q95,reanalysis,DK1
0.002909295773681801,0.0025584227704583953,0.0056077100487953342,0.0049052372099079007,24,0,0.00052495293499017662,2025-12-30 00:00:00+00:00,q95,reanalysis,DK1
0.0017757588449180805,0.0013900924078617837,0.0030919324257674013,0.0024312035940533502,24,0,0.0010351739951348306,2025-12-31 00:00:00+00:00,q95,reanalysis,DK1
