zone,model,level,period,policy,N,hits,C,processes,coverage,complete_days,slots_per_day,zero_review_days,zero_day_fraction,daily_cap_days,daily_cap_fraction,target_slots_per_day
DE_LU_FR_BE,M0,q90,all,none,0,0,0,28,0.0,353,0.0,353,1.0,0,0.0,0.5
DE_LU_FR_BE,M0,q90,all,top1,353,45,18,28,0.6428571428571429,353,1.0,0,0.0,0,0.0,0.5
DE_LU_FR_BE,M0,q90,all,top2,706,86,19,28,0.6785714285714286,353,2.0,0,0.0,353,1.0,0.5
DE_LU_FR_BE,M0,q90,all,gate025,159,74,13,28,0.4642857142857143,353,0.45042492917847027,268,0.7592067988668555,74,0.2096317280453258,0.5
DE_LU_FR_BE,M0,q90,all,inherited_priority019,144,58,17,28,0.6071428571428571,353,0.40793201133144474,259,0.7337110481586402,50,0.141643059490085,0.5
DE_LU_FR_BE,M0,q90,all,gate025_cool6,118,54,16,28,0.5714285714285714,353,0.3342776203966006,271,0.7677053824362606,36,0.10198300283286119,0.5
DE_LU_FR_BE,M0,q90,all,gate025_rise,159,73,16,28,0.5714285714285714,353,0.45042492917847027,268,0.7592067988668555,74,0.2096317280453258,0.5
DE_LU_FR_BE,M0,q90,all,gate025_rise_cool6,122,57,16,28,0.5714285714285714,353,0.34560906515580736,269,0.7620396600566572,38,0.10764872521246459,0.5
DE_LU_FR_BE,M0,q90,all,rolling90_target05,193,65,12,28,0.42857142857142855,353,0.546742209631728,250,0.7082152974504249,90,0.254957507082153,0.5
DE_LU_FR_BE,M0,q90,all,development_count_gate,159,74,13,28,0.4642857142857143,353,0.45042492917847027,268,0.7592067988668555,74,0.2096317280453258,0.5
DE_LU_FR_BE,M0,q90,all,gate019,182,76,15,28,0.5357142857142857,353,0.5155807365439093,258,0.7308781869688386,87,0.24645892351274787,0.5
DE_LU_FR_BE,M0,q90,all,gate019_cool6,142,57,19,28,0.6785714285714286,353,0.40226628895184136,258,0.7308781869688386,47,0.13314447592067988,0.5
DE_LU_FR_BE,M0,q90,all,gate019_rise,182,72,17,28,0.6071428571428571,353,0.5155807365439093,258,0.7308781869688386,87,0.24645892351274787,0.5
DE_LU_FR_BE,M0,q90,2023,none,0,0,0,28,0.0,353,0.0,353,1.0,0,0.0,0.5
DE_LU_FR_BE,M0,q90,2023,top1,353,45,18,28,0.6428571428571429,353,1.0,0,0.0,0,0.0,0.5
DE_LU_FR_BE,M0,q90,2023,top2,706,86,19,28,0.6785714285714286,353,2.0,0,0.0,353,1.0,0.5
DE_LU_FR_BE,M0,q90,2023,gate025,159,74,13,28,0.4642857142857143,353,0.45042492917847027,268,0.7592067988668555,74,0.2096317280453258,0.5
DE_LU_FR_BE,M0,q90,2023,inherited_priority019,144,58,17,28,0.6071428571428571,353,0.40793201133144474,259,0.7337110481586402,50,0.141643059490085,0.5
DE_LU_FR_BE,M0,q90,2023,gate025_cool6,118,54,16,28,0.5714285714285714,353,0.3342776203966006,271,0.7677053824362606,36,0.10198300283286119,0.5
DE_LU_FR_BE,M0,q90,2023,gate025_rise,159,73,16,28,0.5714285714285714,353,0.45042492917847027,268,0.7592067988668555,74,0.2096317280453258,0.5
DE_LU_FR_BE,M0,q90,2023,gate025_rise_cool6,122,57,16,28,0.5714285714285714,353,0.34560906515580736,269,0.7620396600566572,38,0.10764872521246459,0.5
DE_LU_FR_BE,M0,q90,2023,rolling90_target05,193,65,12,28,0.42857142857142855,353,0.546742209631728,250,0.7082152974504249,90,0.254957507082153,0.5
DE_LU_FR_BE,M0,q90,2023,development_count_gate,159,74,13,28,0.4642857142857143,353,0.45042492917847027,268,0.7592067988668555,74,0.2096317280453258,0.5
DE_LU_FR_BE,M0,q90,2023,gate019,182,76,15,28,0.5357142857142857,353,0.5155807365439093,258,0.7308781869688386,87,0.24645892351274787,0.5
DE_LU_FR_BE,M0,q90,2023,gate019_cool6,142,57,19,28,0.6785714285714286,353,0.40226628895184136,258,0.7308781869688386,47,0.13314447592067988,0.5
DE_LU_FR_BE,M0,q90,2023,gate019_rise,182,72,17,28,0.6071428571428571,353,0.5155807365439093,258,0.7308781869688386,87,0.24645892351274787,0.5
DE_LU_FR_BE,M0,q90,2023Q1,none,0,0,0,5,0.0,90,0.0,90,1.0,0,0.0,0.5
DE_LU_FR_BE,M0,q90,2023Q1,top1,90,6,4,5,0.8,90,1.0,0,0.0,0,0.0,0.5
DE_LU_FR_BE,M0,q90,2023Q1,top2,180,12,4,5,0.8,90,2.0,0,0.0,90,1.0,0.5
DE_LU_FR_BE,M0,q90,2023Q1,gate025,14,6,1,5,0.2,90,0.15555555555555556,83,0.9222222222222223,7,0.07777777777777778,0.5
DE_LU_FR_BE,M0,q90,2023Q1,inherited_priority019,13,4,1,5,0.2,90,0.14444444444444443,81,0.9,4,0.044444444444444446,0.5
DE_LU_FR_BE,M0,q90,2023Q1,gate025_cool6,11,4,1,5,0.2,90,0.12222222222222222,83,0.9222222222222223,4,0.044444444444444446,0.5
DE_LU_FR_BE,M0,q90,2023Q1,gate025_rise,14,6,1,5,0.2,90,0.15555555555555556,83,0.9222222222222223,7,0.07777777777777778,0.5
DE_LU_FR_BE,M0,q90,2023Q1,gate025_rise_cool6,11,4,1,5,0.2,90,0.12222222222222222,83,0.9222222222222223,4,0.044444444444444446,0.5
DE_LU_FR_BE,M0,q90,2023Q1,rolling90_target05,46,8,2,5,0.4,90,0.5111111111111111,65,0.7222222222222222,21,0.23333333333333334,0.5
DE_LU_FR_BE,M0,q90,2023Q1,development_count_gate,14,6,1,5,0.2,90,0.15555555555555556,83,0.9222222222222223,7,0.07777777777777778,0.5
DE_LU_FR_BE,M0,q90,2023Q1,gate019,16,6,1,5,0.2,90,0.17777777777777778,81,0.9,7,0.07777777777777778,0.5
DE_LU_FR_BE,M0,q90,2023Q1,gate019_cool6,13,4,1,5,0.2,90,0.14444444444444443,81,0.9,4,0.044444444444444446,0.5
DE_LU_FR_BE,M0,q90,2023Q1,gate019_rise,16,6,1,5,0.2,90,0.17777777777777778,81,0.9,7,0.07777777777777778,0.5
DE_LU_FR_BE,M0,q90,2023Q2,none,0,0,0,6,0.0,91,0.0,91,1.0,0,0.0,0.5
DE_LU_FR_BE,M0,q90,2023Q2,top1,91,6,4,6,0.6666666666666666,91,1.0,0,0.0,0,0.0,0.5
DE_LU_FR_BE,M0,q90,2023Q2,top2,182,9,4,6,0.6666666666666666,91,2.0,0,0.0,91,1.0,0.5
DE_LU_FR_BE,M0,q90,2023Q2,gate025,28,9,4,6,0.6666666666666666,91,0.3076923076923077,74,0.8131868131868132,11,0.12087912087912088,0.5
DE_LU_FR_BE,M0,q90,2023Q2,inherited_priority019,31,7,5,6,0.8333333333333334,91,0.34065934065934067,71,0.7802197802197802,11,0.12087912087912088,0.5
DE_LU_FR_BE,M0,q90,2023Q2,gate025_cool6,24,8,4,6,0.6666666666666666,91,0.26373626373626374,74,0.8131868131868132,7,0.07692307692307693,0.5
DE_LU_FR_BE,M0,q90,2023Q2,gate025_rise,28,7,5,6,0.8333333333333334,91,0.3076923076923077,74,0.8131868131868132,11,0.12087912087912088,0.5
DE_LU_FR_BE,M0,q90,2023Q2,gate025_rise_cool6,24,7,5,6,0.8333333333333334,91,0.26373626373626374,74,0.8131868131868132,7,0.07692307692307693,0.5
DE_LU_FR_BE,M0,q90,2023Q2,rolling90_target05,51,9,4,6,0.6666666666666666,91,0.5604395604395604,64,0.7032967032967034,24,0.26373626373626374,0.5
DE_LU_FR_BE,M0,q90,2023Q2,development_count_gate,28,9,4,6,0.6666666666666666,91,0.3076923076923077,74,0.8131868131868132,11,0.12087912087912088,0.5
DE_LU_FR_BE,M0,q90,2023Q2,gate019,38,9,4,6,0.6666666666666666,91,0.4175824175824176,71,0.7802197802197802,18,0.1978021978021978,0.5
DE_LU_FR_BE,M0,q90,2023Q2,gate019_cool6,32,8,4,6,0.6666666666666666,91,0.3516483516483517,71,0.7802197802197802,12,0.13186813186813187,0.5
DE_LU_FR_BE,M0,q90,2023Q2,gate019_rise,38,7,5,6,0.8333333333333334,91,0.4175824175824176,71,0.7802197802197802,18,0.1978021978021978,0.5
DE_LU_FR_BE,M0,q90,2023Q3,none,0,0,0,10,0.0,84,0.0,84,1.0,0,0.0,0.5
DE_LU_FR_BE,M0,q90,2023Q3,top1,84,19,5,10,0.5,84,1.0,0,0.0,0,0.0,0.5
DE_LU_FR_BE,M0,q90,2023Q3,top2,168,37,6,10,0.6,84,2.0,0,0.0,84,1.0,0.5
DE_LU_FR_BE,M0,q90,2023Q3,gate025,72,35,5,10,0.5,84,0.8571428571428571,46,0.5476190476190477,34,0.40476190476190477,0.5
DE_LU_FR_BE,M0,q90,2023Q3,inherited_priority019,63,27,6,10,0.6,84,0.75,43,0.5119047619047619,22,0.2619047619047619,0.5
DE_LU_FR_BE,M0,q90,2023Q3,gate025_cool6,50,25,7,10,0.7,84,0.5952380952380952,48,0.5714285714285714,14,0.16666666666666666,0.5
DE_LU_FR_BE,M0,q90,2023Q3,gate025_rise,72,35,6,10,0.6,84,0.8571428571428571,46,0.5476190476190477,34,0.40476190476190477,0.5
DE_LU_FR_BE,M0,q90,2023Q3,gate025_rise_cool6,54,27,6,10,0.6,84,0.6428571428571429,46,0.5476190476190477,16,0.19047619047619047,0.5
DE_LU_FR_BE,M0,q90,2023Q3,rolling90_target05,72,34,5,10,0.5,84,0.8571428571428571,46,0.5476190476190477,34,0.40476190476190477,0.5
DE_LU_FR_BE,M0,q90,2023Q3,development_count_gate,72,35,5,10,0.5,84,0.8571428571428571,46,0.5476190476190477,34,0.40476190476190477,0.5
DE_LU_FR_BE,M0,q90,2023Q3,gate019,79,35,5,10,0.5,84,0.9404761904761905,43,0.5119047619047619,38,0.4523809523809524,0.5
DE_LU_FR_BE,M0,q90,2023Q3,gate019_cool6,59,26,8,10,0.8,84,0.7023809523809523,43,0.5119047619047619,18,0.21428571428571427,0.5
DE_LU_FR_BE,M0,q90,2023Q3,gate019_rise,79,34,6,10,0.6,84,0.9404761904761905,43,0.5119047619047619,38,0.4523809523809524,0.5
DE_LU_FR_BE,M0,q90,2023Q4,none,0,0,0,7,0.0,88,0.0,88,1.0,0,0.0,0.5
DE_LU_FR_BE,M0,q90,2023Q4,top1,88,14,5,7,0.7142857142857143,88,1.0,0,0.0,0,0.0,0.5
DE_LU_FR_BE,M0,q90,2023Q4,top2,176,28,5,7,0.7142857142857143,88,2.0,0,0.0,88,1.0,0.5
DE_LU_FR_BE,M0,q90,2023Q4,gate025,45,24,3,7,0.42857142857142855,88,0.5113636363636364,65,0.7386363636363636,22,0.25,0.5
DE_LU_FR_BE,M0,q90,2023Q4,inherited_priority019,37,20,5,7,0.7142857142857143,88,0.42045454545454547,64,0.7272727272727273,13,0.14772727272727273,0.5
DE_LU_FR_BE,M0,q90,2023Q4,gate025_cool6,33,17,4,7,0.5714285714285714,88,0.375,66,0.75,11,0.125,0.5
DE_LU_FR_BE,M0,q90,2023Q4,gate025_rise,45,25,4,7,0.5714285714285714,88,0.5113636363636364,65,0.7386363636363636,22,0.25,0.5
DE_LU_FR_BE,M0,q90,2023Q4,gate025_rise_cool6,33,19,4,7,0.5714285714285714,88,0.375,66,0.75,11,0.125,0.5
DE_LU_FR_BE,M0,q90,2023Q4,rolling90_target05,24,14,1,7,0.14285714285714285,88,0.2727272727272727,75,0.8522727272727273,11,0.125,0.5
DE_LU_FR_BE,M0,q90,2023Q4,development_count_gate,45,24,3,7,0.42857142857142855,88,0.5113636363636364,65,0.7386363636363636,22,0.25,0.5
DE_LU_FR_BE,M0,q90,2023Q4,gate019,49,26,5,7,0.7142857142857143,88,0.5568181818181818,63,0.7159090909090909,24,0.2727272727272727,0.5
DE_LU_FR_BE,M0,q90,2023Q4,gate019_cool6,38,19,6,7,0.8571428571428571,88,0.4318181818181818,63,0.7159090909090909,13,0.14772727272727273,0.5
DE_LU_FR_BE,M0,q90,2023Q4,gate019_rise,49,25,5,7,0.7142857142857143,88,0.5568181818181818,63,0.7159090909090909,24,0.2727272727272727,0.5
DE_LU_FR_BE,M1,q90,all,none,0,0,0,28,0.0,353,0.0,353,1.0,0,0.0,0.5
DE_LU_FR_BE,M1,q90,all,top1,353,46,17,28,0.6071428571428571,353,1.0,0,0.0,0,0.0,0.5
DE_LU_FR_BE,M1,q90,all,top2,706,87,17,28,0.6071428571428571,353,2.0,0,0.0,353,1.0,0.5
DE_LU_FR_BE,M1,q90,all,gate025,159,75,12,28,0.42857142857142855,353,0.45042492917847027,269,0.7620396600566572,75,0.21246458923512748,0.5
DE_LU_FR_BE,M1,q90,all,inherited_priority019,144,57,15,28,0.5357142857142857,353,0.40793201133144474,259,0.7337110481586402,50,0.141643059490085,0.5
DE_LU_FR_BE,M1,q90,all,gate025_cool6,117,55,16,28,0.5714285714285714,353,0.3314447592067989,271,0.7677053824362606,35,0.09915014164305949,0.5
DE_LU_FR_BE,M1,q90,all,gate025_rise,159,73,15,28,0.5357142857142857,353,0.45042492917847027,269,0.7620396600566572,75,0.21246458923512748,0.5
DE_LU_FR_BE,M1,q90,all,gate025_rise_cool6,119,57,15,28,0.5357142857142857,353,0.3371104815864023,270,0.7648725212464589,36,0.10198300283286119,0.5
DE_LU_FR_BE,M1,q90,all,rolling90_target05,197,67,11,28,0.39285714285714285,353,0.5580736543909348,250,0.7082152974504249,94,0.26628895184135976,0.5
DE_LU_FR_BE,M1,q90,all,development_count_gate,159,75,12,28,0.42857142857142855,353,0.45042492917847027,269,0.7620396600566572,75,0.21246458923512748,0.5
DE_LU_FR_BE,M1,q90,all,gate019,184,76,12,28,0.42857142857142855,353,0.5212464589235127,258,0.7308781869688386,89,0.2521246458923513,0.5
DE_LU_FR_BE,M1,q90,all,gate019_cool6,142,57,17,28,0.6071428571428571,353,0.40226628895184136,258,0.7308781869688386,47,0.13314447592067988,0.5
DE_LU_FR_BE,M1,q90,all,gate019_rise,184,74,15,28,0.5357142857142857,353,0.5212464589235127,258,0.7308781869688386,89,0.2521246458923513,0.5
DE_LU_FR_BE,M1,q90,2023,none,0,0,0,28,0.0,353,0.0,353,1.0,0,0.0,0.5
DE_LU_FR_BE,M1,q90,2023,top1,353,46,17,28,0.6071428571428571,353,1.0,0,0.0,0,0.0,0.5
DE_LU_FR_BE,M1,q90,2023,top2,706,87,17,28,0.6071428571428571,353,2.0,0,0.0,353,1.0,0.5
DE_LU_FR_BE,M1,q90,2023,gate025,159,75,12,28,0.42857142857142855,353,0.45042492917847027,269,0.7620396600566572,75,0.21246458923512748,0.5
DE_LU_FR_BE,M1,q90,2023,inherited_priority019,144,57,15,28,0.5357142857142857,353,0.40793201133144474,259,0.7337110481586402,50,0.141643059490085,0.5
DE_LU_FR_BE,M1,q90,2023,gate025_cool6,117,55,16,28,0.5714285714285714,353,0.3314447592067989,271,0.7677053824362606,35,0.09915014164305949,0.5
DE_LU_FR_BE,M1,q90,2023,gate025_rise,159,73,15,28,0.5357142857142857,353,0.45042492917847027,269,0.7620396600566572,75,0.21246458923512748,0.5
DE_LU_FR_BE,M1,q90,2023,gate025_rise_cool6,119,57,15,28,0.5357142857142857,353,0.3371104815864023,270,0.7648725212464589,36,0.10198300283286119,0.5
DE_LU_FR_BE,M1,q90,2023,rolling90_target05,197,67,11,28,0.39285714285714285,353,0.5580736543909348,250,0.7082152974504249,94,0.26628895184135976,0.5
DE_LU_FR_BE,M1,q90,2023,development_count_gate,159,75,12,28,0.42857142857142855,353,0.45042492917847027,269,0.7620396600566572,75,0.21246458923512748,0.5
DE_LU_FR_BE,M1,q90,2023,gate019,184,76,12,28,0.42857142857142855,353,0.5212464589235127,258,0.7308781869688386,89,0.2521246458923513,0.5
DE_LU_FR_BE,M1,q90,2023,gate019_cool6,142,57,17,28,0.6071428571428571,353,0.40226628895184136,258,0.7308781869688386,47,0.13314447592067988,0.5
DE_LU_FR_BE,M1,q90,2023,gate019_rise,184,74,15,28,0.5357142857142857,353,0.5212464589235127,258,0.7308781869688386,89,0.2521246458923513,0.5
DE_LU_FR_BE,M1,q90,2023Q1,none,0,0,0,5,0.0,90,0.0,90,1.0,0,0.0,0.5
DE_LU_FR_BE,M1,q90,2023Q1,top1,90,6,4,5,0.8,90,1.0,0,0.0,0,0.0,0.5
DE_LU_FR_BE,M1,q90,2023Q1,top2,180,12,4,5,0.8,90,2.0,0,0.0,90,1.0,0.5
DE_LU_FR_BE,M1,q90,2023Q1,gate025,18,6,1,5,0.2,90,0.2,81,0.9,9,0.1,0.5
DE_LU_FR_BE,M1,q90,2023Q1,inherited_priority019,16,3,1,5,0.2,90,0.17777777777777778,80,0.8888888888888888,6,0.06666666666666667,0.5
DE_LU_FR_BE,M1,q90,2023Q1,gate025_cool6,13,4,1,5,0.2,90,0.14444444444444443,81,0.9,4,0.044444444444444446,0.5
DE_LU_FR_BE,M1,q90,2023Q1,gate025_rise,18,6,1,5,0.2,90,0.2,81,0.9,9,0.1,0.5
DE_LU_FR_BE,M1,q90,2023Q1,gate025_rise_cool6,13,4,1,5,0.2,90,0.14444444444444443,81,0.9,4,0.044444444444444446,0.5
DE_LU_FR_BE,M1,q90,2023Q1,rolling90_target05,46,8,2,5,0.4,90,0.5111111111111111,66,0.7333333333333333,22,0.24444444444444444,0.5
DE_LU_FR_BE,M1,q90,2023Q1,development_count_gate,18,6,1,5,0.2,90,0.2,81,0.9,9,0.1,0.5
DE_LU_FR_BE,M1,q90,2023Q1,gate019,20,6,1,5,0.2,90,0.2222222222222222,80,0.8888888888888888,10,0.1111111111111111,0.5
DE_LU_FR_BE,M1,q90,2023Q1,gate019_cool6,16,5,1,5,0.2,90,0.17777777777777778,80,0.8888888888888888,6,0.06666666666666667,0.5
DE_LU_FR_BE,M1,q90,2023Q1,gate019_rise,20,6,1,5,0.2,90,0.2222222222222222,80,0.8888888888888888,10,0.1111111111111111,0.5
DE_LU_FR_BE,M1,q90,2023Q2,none,0,0,0,6,0.0,91,0.0,91,1.0,0,0.0,0.5
DE_LU_FR_BE,M1,q90,2023Q2,top1,91,5,3,6,0.5,91,1.0,0,0.0,0,0.0,0.5
DE_LU_FR_BE,M1,q90,2023Q2,top2,182,9,3,6,0.5,91,2.0,0,0.0,91,1.0,0.5
DE_LU_FR_BE,M1,q90,2023Q2,gate025,25,9,3,6,0.5,91,0.27472527472527475,77,0.8461538461538461,11,0.12087912087912088,0.5
DE_LU_FR_BE,M1,q90,2023Q2,inherited_priority019,29,6,3,6,0.5,91,0.31868131868131866,72,0.7912087912087912,10,0.10989010989010989,0.5
DE_LU_FR_BE,M1,q90,2023Q2,gate025_cool6,20,7,3,6,0.5,91,0.21978021978021978,77,0.8461538461538461,6,0.06593406593406594,0.5
DE_LU_FR_BE,M1,q90,2023Q2,gate025_rise,25,5,3,6,0.5,91,0.27472527472527475,77,0.8461538461538461,11,0.12087912087912088,0.5
DE_LU_FR_BE,M1,q90,2023Q2,gate025_rise_cool6,20,6,3,6,0.5,91,0.21978021978021978,77,0.8461538461538461,6,0.06593406593406594,0.5
DE_LU_FR_BE,M1,q90,2023Q2,rolling90_target05,49,9,3,6,0.5,91,0.5384615384615384,66,0.7252747252747253,24,0.26373626373626374,0.5
DE_LU_FR_BE,M1,q90,2023Q2,development_count_gate,25,9,3,6,0.5,91,0.27472527472527475,77,0.8461538461538461,11,0.12087912087912088,0.5
DE_LU_FR_BE,M1,q90,2023Q2,gate019,35,9,3,6,0.5,91,0.38461538461538464,72,0.7912087912087912,16,0.17582417582417584,0.5
DE_LU_FR_BE,M1,q90,2023Q2,gate019_cool6,29,7,3,6,0.5,91,0.31868131868131866,72,0.7912087912087912,10,0.10989010989010989,0.5
DE_LU_FR_BE,M1,q90,2023Q2,gate019_rise,35,5,3,6,0.5,91,0.38461538461538464,72,0.7912087912087912,16,0.17582417582417584,0.5
DE_LU_FR_BE,M1,q90,2023Q3,none,0,0,0,10,0.0,84,0.0,84,1.0,0,0.0,0.5
DE_LU_FR_BE,M1,q90,2023Q3,top1,84,20,5,10,0.5,84,1.0,0,0.0,0,0.0,0.5
DE_LU_FR_BE,M1,q90,2023Q3,top2,168,37,5,10,0.5,84,2.0,0,0.0,84,1.0,0.5
DE_LU_FR_BE,M1,q90,2023Q3,gate025,68,35,4,10,0.4,84,0.8095238095238095,47,0.5595238095238095,31,0.36904761904761907,0.5
DE_LU_FR_BE,M1,q90,2023Q3,inherited_priority019,62,27,6,10,0.6,84,0.7380952380952381,43,0.5119047619047619,21,0.25,0.5
DE_LU_FR_BE,M1,q90,2023Q3,gate025_cool6,47,25,7,10,0.7,84,0.5595238095238095,49,0.5833333333333334,12,0.14285714285714285,0.5
DE_LU_FR_BE,M1,q90,2023Q3,gate025_rise,68,36,6,10,0.6,84,0.8095238095238095,47,0.5595238095238095,31,0.36904761904761907,0.5
DE_LU_FR_BE,M1,q90,2023Q3,gate025_rise_cool6,50,27,6,10,0.6,84,0.5952380952380952,47,0.5595238095238095,13,0.15476190476190477,0.5
DE_LU_FR_BE,M1,q90,2023Q3,rolling90_target05,72,34,4,10,0.4,84,0.8571428571428571,45,0.5357142857142857,33,0.39285714285714285,0.5
DE_LU_FR_BE,M1,q90,2023Q3,development_count_gate,68,35,4,10,0.4,84,0.8095238095238095,47,0.5595238095238095,31,0.36904761904761907,0.5
DE_LU_FR_BE,M1,q90,2023Q3,gate019,79,35,4,10,0.4,84,0.9404761904761905,43,0.5119047619047619,38,0.4523809523809524,0.5
DE_LU_FR_BE,M1,q90,2023Q3,gate019_cool6,59,26,8,10,0.8,84,0.7023809523809523,43,0.5119047619047619,18,0.21428571428571427,0.5
DE_LU_FR_BE,M1,q90,2023Q3,gate019_rise,79,36,6,10,0.6,84,0.9404761904761905,43,0.5119047619047619,38,0.4523809523809524,0.5
DE_LU_FR_BE,M1,q90,2023Q4,none,0,0,0,7,0.0,88,0.0,88,1.0,0,0.0,0.5
DE_LU_FR_BE,M1,q90,2023Q4,top1,88,15,5,7,0.7142857142857143,88,1.0,0,0.0,0,0.0,0.5
DE_LU_FR_BE,M1,q90,2023Q4,top2,176,29,5,7,0.7142857142857143,88,2.0,0,0.0,88,1.0,0.5
DE_LU_FR_BE,M1,q90,2023Q4,gate025,48,25,4,7,0.5714285714285714,88,0.5454545454545454,64,0.7272727272727273,24,0.2727272727272727,0.5
DE_LU_FR_BE,M1,q90,2023Q4,inherited_priority019,37,21,5,7,0.7142857142857143,88,0.42045454545454547,64,0.7272727272727273,13,0.14772727272727273,0.5
DE_LU_FR_BE,M1,q90,2023Q4,gate025_cool6,37,19,5,7,0.7142857142857143,88,0.42045454545454547,64,0.7272727272727273,13,0.14772727272727273,0.5
DE_LU_FR_BE,M1,q90,2023Q4,gate025_rise,48,26,5,7,0.7142857142857143,88,0.5454545454545454,64,0.7272727272727273,24,0.2727272727272727,0.5
DE_LU_FR_BE,M1,q90,2023Q4,gate025_rise_cool6,36,20,5,7,0.7142857142857143,88,0.4090909090909091,65,0.7386363636363636,13,0.14772727272727273,0.5
DE_LU_FR_BE,M1,q90,2023Q4,rolling90_target05,30,16,2,7,0.2857142857142857,88,0.3409090909090909,73,0.8295454545454546,15,0.17045454545454544,0.5
DE_LU_FR_BE,M1,q90,2023Q4,development_count_gate,48,25,4,7,0.5714285714285714,88,0.5454545454545454,64,0.7272727272727273,24,0.2727272727272727,0.5
DE_LU_FR_BE,M1,q90,2023Q4,gate019,50,26,4,7,0.5714285714285714,88,0.5681818181818182,63,0.7159090909090909,25,0.2840909090909091,0.5
DE_LU_FR_BE,M1,q90,2023Q4,gate019_cool6,38,19,5,7,0.7142857142857143,88,0.4318181818181818,63,0.7159090909090909,13,0.14772727272727273,0.5
DE_LU_FR_BE,M1,q90,2023Q4,gate019_rise,50,27,5,7,0.7142857142857143,88,0.5681818181818182,63,0.7159090909090909,25,0.2840909090909091,0.5
DE_LU_FR_BE,M2,q90,all,none,0,0,0,28,0.0,353,0.0,353,1.0,0,0.0,0.5
DE_LU_FR_BE,M2,q90,all,top1,353,45,18,28,0.6428571428571429,353,1.0,0,0.0,0,0.0,0.5
DE_LU_FR_BE,M2,q90,all,top2,706,86,19,28,0.6785714285714286,353,2.0,0,0.0,353,1.0,0.5
DE_LU_FR_BE,M2,q90,all,gate025,159,74,13,28,0.4642857142857143,353,0.45042492917847027,268,0.7592067988668555,74,0.2096317280453258,0.5
DE_LU_FR_BE,M2,q90,all,inherited_priority019,144,58,17,28,0.6071428571428571,353,0.40793201133144474,259,0.7337110481586402,50,0.141643059490085,0.5
DE_LU_FR_BE,M2,q90,all,gate025_cool6,118,54,16,28,0.5714285714285714,353,0.3342776203966006,271,0.7677053824362606,36,0.10198300283286119,0.5
DE_LU_FR_BE,M2,q90,all,gate025_rise,159,73,16,28,0.5714285714285714,353,0.45042492917847027,268,0.7592067988668555,74,0.2096317280453258,0.5
DE_LU_FR_BE,M2,q90,all,gate025_rise_cool6,122,57,16,28,0.5714285714285714,353,0.34560906515580736,269,0.7620396600566572,38,0.10764872521246459,0.5
DE_LU_FR_BE,M2,q90,all,rolling90_target05,193,65,12,28,0.42857142857142855,353,0.546742209631728,250,0.7082152974504249,90,0.254957507082153,0.5
DE_LU_FR_BE,M2,q90,all,development_count_gate,159,74,13,28,0.4642857142857143,353,0.45042492917847027,268,0.7592067988668555,74,0.2096317280453258,0.5
DE_LU_FR_BE,M2,q90,all,gate019,182,76,15,28,0.5357142857142857,353,0.5155807365439093,258,0.7308781869688386,87,0.24645892351274787,0.5
DE_LU_FR_BE,M2,q90,all,gate019_cool6,142,57,19,28,0.6785714285714286,353,0.40226628895184136,258,0.7308781869688386,47,0.13314447592067988,0.5
DE_LU_FR_BE,M2,q90,all,gate019_rise,182,72,17,28,0.6071428571428571,353,0.5155807365439093,258,0.7308781869688386,87,0.24645892351274787,0.5
DE_LU_FR_BE,M2,q90,2023,none,0,0,0,28,0.0,353,0.0,353,1.0,0,0.0,0.5
DE_LU_FR_BE,M2,q90,2023,top1,353,45,18,28,0.6428571428571429,353,1.0,0,0.0,0,0.0,0.5
DE_LU_FR_BE,M2,q90,2023,top2,706,86,19,28,0.6785714285714286,353,2.0,0,0.0,353,1.0,0.5
DE_LU_FR_BE,M2,q90,2023,gate025,159,74,13,28,0.4642857142857143,353,0.45042492917847027,268,0.7592067988668555,74,0.2096317280453258,0.5
DE_LU_FR_BE,M2,q90,2023,inherited_priority019,144,58,17,28,0.6071428571428571,353,0.40793201133144474,259,0.7337110481586402,50,0.141643059490085,0.5
DE_LU_FR_BE,M2,q90,2023,gate025_cool6,118,54,16,28,0.5714285714285714,353,0.3342776203966006,271,0.7677053824362606,36,0.10198300283286119,0.5
DE_LU_FR_BE,M2,q90,2023,gate025_rise,159,73,16,28,0.5714285714285714,353,0.45042492917847027,268,0.7592067988668555,74,0.2096317280453258,0.5
DE_LU_FR_BE,M2,q90,2023,gate025_rise_cool6,122,57,16,28,0.5714285714285714,353,0.34560906515580736,269,0.7620396600566572,38,0.10764872521246459,0.5
DE_LU_FR_BE,M2,q90,2023,rolling90_target05,193,65,12,28,0.42857142857142855,353,0.546742209631728,250,0.7082152974504249,90,0.254957507082153,0.5
DE_LU_FR_BE,M2,q90,2023,development_count_gate,159,74,13,28,0.4642857142857143,353,0.45042492917847027,268,0.7592067988668555,74,0.2096317280453258,0.5
DE_LU_FR_BE,M2,q90,2023,gate019,182,76,15,28,0.5357142857142857,353,0.5155807365439093,258,0.7308781869688386,87,0.24645892351274787,0.5
DE_LU_FR_BE,M2,q90,2023,gate019_cool6,142,57,19,28,0.6785714285714286,353,0.40226628895184136,258,0.7308781869688386,47,0.13314447592067988,0.5
DE_LU_FR_BE,M2,q90,2023,gate019_rise,182,72,17,28,0.6071428571428571,353,0.5155807365439093,258,0.7308781869688386,87,0.24645892351274787,0.5
DE_LU_FR_BE,M2,q90,2023Q1,none,0,0,0,5,0.0,90,0.0,90,1.0,0,0.0,0.5
DE_LU_FR_BE,M2,q90,2023Q1,top1,90,6,4,5,0.8,90,1.0,0,0.0,0,0.0,0.5
DE_LU_FR_BE,M2,q90,2023Q1,top2,180,12,4,5,0.8,90,2.0,0,0.0,90,1.0,0.5
DE_LU_FR_BE,M2,q90,2023Q1,gate025,14,6,1,5,0.2,90,0.15555555555555556,83,0.9222222222222223,7,0.07777777777777778,0.5
DE_LU_FR_BE,M2,q90,2023Q1,inherited_priority019,13,4,1,5,0.2,90,0.14444444444444443,81,0.9,4,0.044444444444444446,0.5
DE_LU_FR_BE,M2,q90,2023Q1,gate025_cool6,11,4,1,5,0.2,90,0.12222222222222222,83,0.9222222222222223,4,0.044444444444444446,0.5
DE_LU_FR_BE,M2,q90,2023Q1,gate025_rise,14,6,1,5,0.2,90,0.15555555555555556,83,0.9222222222222223,7,0.07777777777777778,0.5
DE_LU_FR_BE,M2,q90,2023Q1,gate025_rise_cool6,11,4,1,5,0.2,90,0.12222222222222222,83,0.9222222222222223,4,0.044444444444444446,0.5
DE_LU_FR_BE,M2,q90,2023Q1,rolling90_target05,46,8,2,5,0.4,90,0.5111111111111111,65,0.7222222222222222,21,0.23333333333333334,0.5
DE_LU_FR_BE,M2,q90,2023Q1,development_count_gate,14,6,1,5,0.2,90,0.15555555555555556,83,0.9222222222222223,7,0.07777777777777778,0.5
DE_LU_FR_BE,M2,q90,2023Q1,gate019,16,6,1,5,0.2,90,0.17777777777777778,81,0.9,7,0.07777777777777778,0.5
DE_LU_FR_BE,M2,q90,2023Q1,gate019_cool6,13,4,1,5,0.2,90,0.14444444444444443,81,0.9,4,0.044444444444444446,0.5
DE_LU_FR_BE,M2,q90,2023Q1,gate019_rise,16,6,1,5,0.2,90,0.17777777777777778,81,0.9,7,0.07777777777777778,0.5
DE_LU_FR_BE,M2,q90,2023Q2,none,0,0,0,6,0.0,91,0.0,91,1.0,0,0.0,0.5
DE_LU_FR_BE,M2,q90,2023Q2,top1,91,6,4,6,0.6666666666666666,91,1.0,0,0.0,0,0.0,0.5
DE_LU_FR_BE,M2,q90,2023Q2,top2,182,9,4,6,0.6666666666666666,91,2.0,0,0.0,91,1.0,0.5
DE_LU_FR_BE,M2,q90,2023Q2,gate025,28,9,4,6,0.6666666666666666,91,0.3076923076923077,74,0.8131868131868132,11,0.12087912087912088,0.5
DE_LU_FR_BE,M2,q90,2023Q2,inherited_priority019,31,7,5,6,0.8333333333333334,91,0.34065934065934067,71,0.7802197802197802,11,0.12087912087912088,0.5
DE_LU_FR_BE,M2,q90,2023Q2,gate025_cool6,24,8,4,6,0.6666666666666666,91,0.26373626373626374,74,0.8131868131868132,7,0.07692307692307693,0.5
DE_LU_FR_BE,M2,q90,2023Q2,gate025_rise,28,7,5,6,0.8333333333333334,91,0.3076923076923077,74,0.8131868131868132,11,0.12087912087912088,0.5
DE_LU_FR_BE,M2,q90,2023Q2,gate025_rise_cool6,24,7,5,6,0.8333333333333334,91,0.26373626373626374,74,0.8131868131868132,7,0.07692307692307693,0.5
DE_LU_FR_BE,M2,q90,2023Q2,rolling90_target05,51,9,4,6,0.6666666666666666,91,0.5604395604395604,64,0.7032967032967034,24,0.26373626373626374,0.5
DE_LU_FR_BE,M2,q90,2023Q2,development_count_gate,28,9,4,6,0.6666666666666666,91,0.3076923076923077,74,0.8131868131868132,11,0.12087912087912088,0.5
DE_LU_FR_BE,M2,q90,2023Q2,gate019,38,9,4,6,0.6666666666666666,91,0.4175824175824176,71,0.7802197802197802,18,0.1978021978021978,0.5
DE_LU_FR_BE,M2,q90,2023Q2,gate019_cool6,32,8,4,6,0.6666666666666666,91,0.3516483516483517,71,0.7802197802197802,12,0.13186813186813187,0.5
DE_LU_FR_BE,M2,q90,2023Q2,gate019_rise,38,7,5,6,0.8333333333333334,91,0.4175824175824176,71,0.7802197802197802,18,0.1978021978021978,0.5
DE_LU_FR_BE,M2,q90,2023Q3,none,0,0,0,10,0.0,84,0.0,84,1.0,0,0.0,0.5
DE_LU_FR_BE,M2,q90,2023Q3,top1,84,19,5,10,0.5,84,1.0,0,0.0,0,0.0,0.5
DE_LU_FR_BE,M2,q90,2023Q3,top2,168,37,6,10,0.6,84,2.0,0,0.0,84,1.0,0.5
DE_LU_FR_BE,M2,q90,2023Q3,gate025,72,35,5,10,0.5,84,0.8571428571428571,46,0.5476190476190477,34,0.40476190476190477,0.5
DE_LU_FR_BE,M2,q90,2023Q3,inherited_priority019,63,27,6,10,0.6,84,0.75,43,0.5119047619047619,22,0.2619047619047619,0.5
DE_LU_FR_BE,M2,q90,2023Q3,gate025_cool6,50,25,7,10,0.7,84,0.5952380952380952,48,0.5714285714285714,14,0.16666666666666666,0.5
DE_LU_FR_BE,M2,q90,2023Q3,gate025_rise,72,35,6,10,0.6,84,0.8571428571428571,46,0.5476190476190477,34,0.40476190476190477,0.5
DE_LU_FR_BE,M2,q90,2023Q3,gate025_rise_cool6,54,27,6,10,0.6,84,0.6428571428571429,46,0.5476190476190477,16,0.19047619047619047,0.5
DE_LU_FR_BE,M2,q90,2023Q3,rolling90_target05,72,34,5,10,0.5,84,0.8571428571428571,46,0.5476190476190477,34,0.40476190476190477,0.5
DE_LU_FR_BE,M2,q90,2023Q3,development_count_gate,72,35,5,10,0.5,84,0.8571428571428571,46,0.5476190476190477,34,0.40476190476190477,0.5
DE_LU_FR_BE,M2,q90,2023Q3,gate019,79,35,5,10,0.5,84,0.9404761904761905,43,0.5119047619047619,38,0.4523809523809524,0.5
DE_LU_FR_BE,M2,q90,2023Q3,gate019_cool6,59,26,8,10,0.8,84,0.7023809523809523,43,0.5119047619047619,18,0.21428571428571427,0.5
DE_LU_FR_BE,M2,q90,2023Q3,gate019_rise,79,34,6,10,0.6,84,0.9404761904761905,43,0.5119047619047619,38,0.4523809523809524,0.5
DE_LU_FR_BE,M2,q90,2023Q4,none,0,0,0,7,0.0,88,0.0,88,1.0,0,0.0,0.5
DE_LU_FR_BE,M2,q90,2023Q4,top1,88,14,5,7,0.7142857142857143,88,1.0,0,0.0,0,0.0,0.5
DE_LU_FR_BE,M2,q90,2023Q4,top2,176,28,5,7,0.7142857142857143,88,2.0,0,0.0,88,1.0,0.5
DE_LU_FR_BE,M2,q90,2023Q4,gate025,45,24,3,7,0.42857142857142855,88,0.5113636363636364,65,0.7386363636363636,22,0.25,0.5
DE_LU_FR_BE,M2,q90,2023Q4,inherited_priority019,37,20,5,7,0.7142857142857143,88,0.42045454545454547,64,0.7272727272727273,13,0.14772727272727273,0.5
DE_LU_FR_BE,M2,q90,2023Q4,gate025_cool6,33,17,4,7,0.5714285714285714,88,0.375,66,0.75,11,0.125,0.5
DE_LU_FR_BE,M2,q90,2023Q4,gate025_rise,45,25,4,7,0.5714285714285714,88,0.5113636363636364,65,0.7386363636363636,22,0.25,0.5
DE_LU_FR_BE,M2,q90,2023Q4,gate025_rise_cool6,33,19,4,7,0.5714285714285714,88,0.375,66,0.75,11,0.125,0.5
DE_LU_FR_BE,M2,q90,2023Q4,rolling90_target05,24,14,1,7,0.14285714285714285,88,0.2727272727272727,75,0.8522727272727273,11,0.125,0.5
DE_LU_FR_BE,M2,q90,2023Q4,development_count_gate,45,24,3,7,0.42857142857142855,88,0.5113636363636364,65,0.7386363636363636,22,0.25,0.5
DE_LU_FR_BE,M2,q90,2023Q4,gate019,49,26,5,7,0.7142857142857143,88,0.5568181818181818,63,0.7159090909090909,24,0.2727272727272727,0.5
DE_LU_FR_BE,M2,q90,2023Q4,gate019_cool6,38,19,6,7,0.8571428571428571,88,0.4318181818181818,63,0.7159090909090909,13,0.14772727272727273,0.5
DE_LU_FR_BE,M2,q90,2023Q4,gate019_rise,49,25,5,7,0.7142857142857143,88,0.5568181818181818,63,0.7159090909090909,24,0.2727272727272727,0.5
DE_LU_FR_BE,M3,q90,all,none,0,0,0,28,0.0,353,0.0,353,1.0,0,0.0,0.5
DE_LU_FR_BE,M3,q90,all,top1,353,46,17,28,0.6071428571428571,353,1.0,0,0.0,0,0.0,0.5
DE_LU_FR_BE,M3,q90,all,top2,706,87,17,28,0.6071428571428571,353,2.0,0,0.0,353,1.0,0.5
DE_LU_FR_BE,M3,q90,all,gate025,159,75,12,28,0.42857142857142855,353,0.45042492917847027,269,0.7620396600566572,75,0.21246458923512748,0.5
DE_LU_FR_BE,M3,q90,all,inherited_priority019,144,57,15,28,0.5357142857142857,353,0.40793201133144474,259,0.7337110481586402,50,0.141643059490085,0.5
DE_LU_FR_BE,M3,q90,all,gate025_cool6,117,55,16,28,0.5714285714285714,353,0.3314447592067989,271,0.7677053824362606,35,0.09915014164305949,0.5
DE_LU_FR_BE,M3,q90,all,gate025_rise,159,73,15,28,0.5357142857142857,353,0.45042492917847027,269,0.7620396600566572,75,0.21246458923512748,0.5
DE_LU_FR_BE,M3,q90,all,gate025_rise_cool6,119,57,15,28,0.5357142857142857,353,0.3371104815864023,270,0.7648725212464589,36,0.10198300283286119,0.5
DE_LU_FR_BE,M3,q90,all,rolling90_target05,197,67,11,28,0.39285714285714285,353,0.5580736543909348,250,0.7082152974504249,94,0.26628895184135976,0.5
DE_LU_FR_BE,M3,q90,all,development_count_gate,159,75,12,28,0.42857142857142855,353,0.45042492917847027,269,0.7620396600566572,75,0.21246458923512748,0.5
DE_LU_FR_BE,M3,q90,all,gate019,184,76,12,28,0.42857142857142855,353,0.5212464589235127,258,0.7308781869688386,89,0.2521246458923513,0.5
DE_LU_FR_BE,M3,q90,all,gate019_cool6,142,57,17,28,0.6071428571428571,353,0.40226628895184136,258,0.7308781869688386,47,0.13314447592067988,0.5
DE_LU_FR_BE,M3,q90,all,gate019_rise,184,74,15,28,0.5357142857142857,353,0.5212464589235127,258,0.7308781869688386,89,0.2521246458923513,0.5
DE_LU_FR_BE,M3,q90,2023,none,0,0,0,28,0.0,353,0.0,353,1.0,0,0.0,0.5
DE_LU_FR_BE,M3,q90,2023,top1,353,46,17,28,0.6071428571428571,353,1.0,0,0.0,0,0.0,0.5
DE_LU_FR_BE,M3,q90,2023,top2,706,87,17,28,0.6071428571428571,353,2.0,0,0.0,353,1.0,0.5
DE_LU_FR_BE,M3,q90,2023,gate025,159,75,12,28,0.42857142857142855,353,0.45042492917847027,269,0.7620396600566572,75,0.21246458923512748,0.5
DE_LU_FR_BE,M3,q90,2023,inherited_priority019,144,57,15,28,0.5357142857142857,353,0.40793201133144474,259,0.7337110481586402,50,0.141643059490085,0.5
DE_LU_FR_BE,M3,q90,2023,gate025_cool6,117,55,16,28,0.5714285714285714,353,0.3314447592067989,271,0.7677053824362606,35,0.09915014164305949,0.5
DE_LU_FR_BE,M3,q90,2023,gate025_rise,159,73,15,28,0.5357142857142857,353,0.45042492917847027,269,0.7620396600566572,75,0.21246458923512748,0.5
DE_LU_FR_BE,M3,q90,2023,gate025_rise_cool6,119,57,15,28,0.5357142857142857,353,0.3371104815864023,270,0.7648725212464589,36,0.10198300283286119,0.5
DE_LU_FR_BE,M3,q90,2023,rolling90_target05,197,67,11,28,0.39285714285714285,353,0.5580736543909348,250,0.7082152974504249,94,0.26628895184135976,0.5
DE_LU_FR_BE,M3,q90,2023,development_count_gate,159,75,12,28,0.42857142857142855,353,0.45042492917847027,269,0.7620396600566572,75,0.21246458923512748,0.5
DE_LU_FR_BE,M3,q90,2023,gate019,184,76,12,28,0.42857142857142855,353,0.5212464589235127,258,0.7308781869688386,89,0.2521246458923513,0.5
DE_LU_FR_BE,M3,q90,2023,gate019_cool6,142,57,17,28,0.6071428571428571,353,0.40226628895184136,258,0.7308781869688386,47,0.13314447592067988,0.5
DE_LU_FR_BE,M3,q90,2023,gate019_rise,184,74,15,28,0.5357142857142857,353,0.5212464589235127,258,0.7308781869688386,89,0.2521246458923513,0.5
DE_LU_FR_BE,M3,q90,2023Q1,none,0,0,0,5,0.0,90,0.0,90,1.0,0,0.0,0.5
DE_LU_FR_BE,M3,q90,2023Q1,top1,90,6,4,5,0.8,90,1.0,0,0.0,0,0.0,0.5
DE_LU_FR_BE,M3,q90,2023Q1,top2,180,12,4,5,0.8,90,2.0,0,0.0,90,1.0,0.5
DE_LU_FR_BE,M3,q90,2023Q1,gate025,18,6,1,5,0.2,90,0.2,81,0.9,9,0.1,0.5
DE_LU_FR_BE,M3,q90,2023Q1,inherited_priority019,16,3,1,5,0.2,90,0.17777777777777778,80,0.8888888888888888,6,0.06666666666666667,0.5
DE_LU_FR_BE,M3,q90,2023Q1,gate025_cool6,13,4,1,5,0.2,90,0.14444444444444443,81,0.9,4,0.044444444444444446,0.5
DE_LU_FR_BE,M3,q90,2023Q1,gate025_rise,18,6,1,5,0.2,90,0.2,81,0.9,9,0.1,0.5
DE_LU_FR_BE,M3,q90,2023Q1,gate025_rise_cool6,13,4,1,5,0.2,90,0.14444444444444443,81,0.9,4,0.044444444444444446,0.5
DE_LU_FR_BE,M3,q90,2023Q1,rolling90_target05,46,8,2,5,0.4,90,0.5111111111111111,66,0.7333333333333333,22,0.24444444444444444,0.5
DE_LU_FR_BE,M3,q90,2023Q1,development_count_gate,18,6,1,5,0.2,90,0.2,81,0.9,9,0.1,0.5
DE_LU_FR_BE,M3,q90,2023Q1,gate019,20,6,1,5,0.2,90,0.2222222222222222,80,0.8888888888888888,10,0.1111111111111111,0.5
DE_LU_FR_BE,M3,q90,2023Q1,gate019_cool6,16,5,1,5,0.2,90,0.17777777777777778,80,0.8888888888888888,6,0.06666666666666667,0.5
DE_LU_FR_BE,M3,q90,2023Q1,gate019_rise,20,6,1,5,0.2,90,0.2222222222222222,80,0.8888888888888888,10,0.1111111111111111,0.5
DE_LU_FR_BE,M3,q90,2023Q2,none,0,0,0,6,0.0,91,0.0,91,1.0,0,0.0,0.5
DE_LU_FR_BE,M3,q90,2023Q2,top1,91,5,3,6,0.5,91,1.0,0,0.0,0,0.0,0.5
DE_LU_FR_BE,M3,q90,2023Q2,top2,182,9,3,6,0.5,91,2.0,0,0.0,91,1.0,0.5
DE_LU_FR_BE,M3,q90,2023Q2,gate025,25,9,3,6,0.5,91,0.27472527472527475,77,0.8461538461538461,11,0.12087912087912088,0.5
DE_LU_FR_BE,M3,q90,2023Q2,inherited_priority019,29,6,3,6,0.5,91,0.31868131868131866,72,0.7912087912087912,10,0.10989010989010989,0.5
DE_LU_FR_BE,M3,q90,2023Q2,gate025_cool6,20,7,3,6,0.5,91,0.21978021978021978,77,0.8461538461538461,6,0.06593406593406594,0.5
DE_LU_FR_BE,M3,q90,2023Q2,gate025_rise,25,5,3,6,0.5,91,0.27472527472527475,77,0.8461538461538461,11,0.12087912087912088,0.5
DE_LU_FR_BE,M3,q90,2023Q2,gate025_rise_cool6,20,6,3,6,0.5,91,0.21978021978021978,77,0.8461538461538461,6,0.06593406593406594,0.5
DE_LU_FR_BE,M3,q90,2023Q2,rolling90_target05,49,9,3,6,0.5,91,0.5384615384615384,66,0.7252747252747253,24,0.26373626373626374,0.5
DE_LU_FR_BE,M3,q90,2023Q2,development_count_gate,25,9,3,6,0.5,91,0.27472527472527475,77,0.8461538461538461,11,0.12087912087912088,0.5
DE_LU_FR_BE,M3,q90,2023Q2,gate019,35,9,3,6,0.5,91,0.38461538461538464,72,0.7912087912087912,16,0.17582417582417584,0.5
DE_LU_FR_BE,M3,q90,2023Q2,gate019_cool6,29,7,3,6,0.5,91,0.31868131868131866,72,0.7912087912087912,10,0.10989010989010989,0.5
DE_LU_FR_BE,M3,q90,2023Q2,gate019_rise,35,5,3,6,0.5,91,0.38461538461538464,72,0.7912087912087912,16,0.17582417582417584,0.5
DE_LU_FR_BE,M3,q90,2023Q3,none,0,0,0,10,0.0,84,0.0,84,1.0,0,0.0,0.5
DE_LU_FR_BE,M3,q90,2023Q3,top1,84,20,5,10,0.5,84,1.0,0,0.0,0,0.0,0.5
DE_LU_FR_BE,M3,q90,2023Q3,top2,168,37,5,10,0.5,84,2.0,0,0.0,84,1.0,0.5
DE_LU_FR_BE,M3,q90,2023Q3,gate025,68,35,4,10,0.4,84,0.8095238095238095,47,0.5595238095238095,31,0.36904761904761907,0.5
DE_LU_FR_BE,M3,q90,2023Q3,inherited_priority019,62,27,6,10,0.6,84,0.7380952380952381,43,0.5119047619047619,21,0.25,0.5
DE_LU_FR_BE,M3,q90,2023Q3,gate025_cool6,47,25,7,10,0.7,84,0.5595238095238095,49,0.5833333333333334,12,0.14285714285714285,0.5
DE_LU_FR_BE,M3,q90,2023Q3,gate025_rise,68,36,6,10,0.6,84,0.8095238095238095,47,0.5595238095238095,31,0.36904761904761907,0.5
DE_LU_FR_BE,M3,q90,2023Q3,gate025_rise_cool6,50,27,6,10,0.6,84,0.5952380952380952,47,0.5595238095238095,13,0.15476190476190477,0.5
DE_LU_FR_BE,M3,q90,2023Q3,rolling90_target05,72,34,4,10,0.4,84,0.8571428571428571,45,0.5357142857142857,33,0.39285714285714285,0.5
DE_LU_FR_BE,M3,q90,2023Q3,development_count_gate,68,35,4,10,0.4,84,0.8095238095238095,47,0.5595238095238095,31,0.36904761904761907,0.5
DE_LU_FR_BE,M3,q90,2023Q3,gate019,79,35,4,10,0.4,84,0.9404761904761905,43,0.5119047619047619,38,0.4523809523809524,0.5
DE_LU_FR_BE,M3,q90,2023Q3,gate019_cool6,59,26,8,10,0.8,84,0.7023809523809523,43,0.5119047619047619,18,0.21428571428571427,0.5
DE_LU_FR_BE,M3,q90,2023Q3,gate019_rise,79,36,6,10,0.6,84,0.9404761904761905,43,0.5119047619047619,38,0.4523809523809524,0.5
DE_LU_FR_BE,M3,q90,2023Q4,none,0,0,0,7,0.0,88,0.0,88,1.0,0,0.0,0.5
DE_LU_FR_BE,M3,q90,2023Q4,top1,88,15,5,7,0.7142857142857143,88,1.0,0,0.0,0,0.0,0.5
DE_LU_FR_BE,M3,q90,2023Q4,top2,176,29,5,7,0.7142857142857143,88,2.0,0,0.0,88,1.0,0.5
DE_LU_FR_BE,M3,q90,2023Q4,gate025,48,25,4,7,0.5714285714285714,88,0.5454545454545454,64,0.7272727272727273,24,0.2727272727272727,0.5
DE_LU_FR_BE,M3,q90,2023Q4,inherited_priority019,37,21,5,7,0.7142857142857143,88,0.42045454545454547,64,0.7272727272727273,13,0.14772727272727273,0.5
DE_LU_FR_BE,M3,q90,2023Q4,gate025_cool6,37,19,5,7,0.7142857142857143,88,0.42045454545454547,64,0.7272727272727273,13,0.14772727272727273,0.5
DE_LU_FR_BE,M3,q90,2023Q4,gate025_rise,48,26,5,7,0.7142857142857143,88,0.5454545454545454,64,0.7272727272727273,24,0.2727272727272727,0.5
DE_LU_FR_BE,M3,q90,2023Q4,gate025_rise_cool6,36,20,5,7,0.7142857142857143,88,0.4090909090909091,65,0.7386363636363636,13,0.14772727272727273,0.5
DE_LU_FR_BE,M3,q90,2023Q4,rolling90_target05,30,16,2,7,0.2857142857142857,88,0.3409090909090909,73,0.8295454545454546,15,0.17045454545454544,0.5
DE_LU_FR_BE,M3,q90,2023Q4,development_count_gate,48,25,4,7,0.5714285714285714,88,0.5454545454545454,64,0.7272727272727273,24,0.2727272727272727,0.5
DE_LU_FR_BE,M3,q90,2023Q4,gate019,50,26,4,7,0.5714285714285714,88,0.5681818181818182,63,0.7159090909090909,25,0.2840909090909091,0.5
DE_LU_FR_BE,M3,q90,2023Q4,gate019_cool6,38,19,5,7,0.7142857142857143,88,0.4318181818181818,63,0.7159090909090909,13,0.14772727272727273,0.5
DE_LU_FR_BE,M3,q90,2023Q4,gate019_rise,50,27,5,7,0.7142857142857143,88,0.5681818181818182,63,0.7159090909090909,25,0.2840909090909091,0.5
DE_LU_FR_BE,M0,q95,all,none,0,0,0,22,0.0,353,0.0,353,1.0,0,0.0,0.5
DE_LU_FR_BE,M0,q95,all,top1,353,27,11,22,0.5,353,1.0,0,0.0,0,0.0,0.5
DE_LU_FR_BE,M0,q95,all,top2,706,49,13,22,0.5909090909090909,353,2.0,0,0.0,353,1.0,0.5
DE_LU_FR_BE,M0,q95,all,gate025,97,43,8,22,0.36363636363636365,353,0.2747875354107649,298,0.8441926345609065,42,0.11898016997167139,0.5
DE_LU_FR_BE,M0,q95,all,inherited_priority019,89,33,9,22,0.4090909090909091,353,0.2521246458923513,286,0.8101983002832861,22,0.06232294617563739,0.5
DE_LU_FR_BE,M0,q95,all,gate025_cool6,69,31,8,22,0.36363636363636365,353,0.1954674220963173,299,0.8470254957507082,15,0.042492917847025496,0.5
DE_LU_FR_BE,M0,q95,all,gate025_rise,97,41,11,22,0.5,353,0.2747875354107649,298,0.8441926345609065,42,0.11898016997167139,0.5
DE_LU_FR_BE,M0,q95,all,gate025_rise_cool6,71,32,9,22,0.4090909090909091,353,0.20113314447592068,299,0.8470254957507082,17,0.04815864022662889,0.5
DE_LU_FR_BE,M0,q95,all,rolling90_target05,186,44,9,22,0.4090909090909091,353,0.5269121813031161,251,0.7110481586402266,84,0.23796033994334279,0.5
DE_LU_FR_BE,M0,q95,all,development_count_gate,151,45,10,22,0.45454545454545453,353,0.42776203966005666,274,0.7762039660056658,72,0.20396600566572237,0.5
DE_LU_FR_BE,M0,q95,all,gate019,125,43,8,22,0.36363636363636365,353,0.35410764872521244,285,0.8073654390934845,57,0.16147308781869688,0.5
DE_LU_FR_BE,M0,q95,all,gate019_cool6,85,30,8,22,0.36363636363636365,353,0.24079320113314448,287,0.8130311614730878,19,0.053824362606232294,0.5
DE_LU_FR_BE,M0,q95,all,gate019_rise,125,42,11,22,0.5,353,0.35410764872521244,285,0.8073654390934845,57,0.16147308781869688,0.5
DE_LU_FR_BE,M0,q95,2023,none,0,0,0,22,0.0,353,0.0,353,1.0,0,0.0,0.5
DE_LU_FR_BE,M0,q95,2023,top1,353,27,11,22,0.5,353,1.0,0,0.0,0,0.0,0.5
DE_LU_FR_BE,M0,q95,2023,top2,706,49,13,22,0.5909090909090909,353,2.0,0,0.0,353,1.0,0.5
DE_LU_FR_BE,M0,q95,2023,gate025,97,43,8,22,0.36363636363636365,353,0.2747875354107649,298,0.8441926345609065,42,0.11898016997167139,0.5
DE_LU_FR_BE,M0,q95,2023,inherited_priority019,89,33,9,22,0.4090909090909091,353,0.2521246458923513,286,0.8101983002832861,22,0.06232294617563739,0.5
DE_LU_FR_BE,M0,q95,2023,gate025_cool6,69,31,8,22,0.36363636363636365,353,0.1954674220963173,299,0.8470254957507082,15,0.042492917847025496,0.5
DE_LU_FR_BE,M0,q95,2023,gate025_rise,97,41,11,22,0.5,353,0.2747875354107649,298,0.8441926345609065,42,0.11898016997167139,0.5
DE_LU_FR_BE,M0,q95,2023,gate025_rise_cool6,71,32,9,22,0.4090909090909091,353,0.20113314447592068,299,0.8470254957507082,17,0.04815864022662889,0.5
DE_LU_FR_BE,M0,q95,2023,rolling90_target05,186,44,9,22,0.4090909090909091,353,0.5269121813031161,251,0.7110481586402266,84,0.23796033994334279,0.5
DE_LU_FR_BE,M0,q95,2023,development_count_gate,151,45,10,22,0.45454545454545453,353,0.42776203966005666,274,0.7762039660056658,72,0.20396600566572237,0.5
DE_LU_FR_BE,M0,q95,2023,gate019,125,43,8,22,0.36363636363636365,353,0.35410764872521244,285,0.8073654390934845,57,0.16147308781869688,0.5
DE_LU_FR_BE,M0,q95,2023,gate019_cool6,85,30,8,22,0.36363636363636365,353,0.24079320113314448,287,0.8130311614730878,19,0.053824362606232294,0.5
DE_LU_FR_BE,M0,q95,2023,gate019_rise,125,42,11,22,0.5,353,0.35410764872521244,285,0.8073654390934845,57,0.16147308781869688,0.5
DE_LU_FR_BE,M0,q95,2023Q1,none,0,0,0,2,0.0,90,0.0,90,1.0,0,0.0,0.5
DE_LU_FR_BE,M0,q95,2023Q1,top1,90,1,0,2,0.0,90,1.0,0,0.0,0,0.0,0.5
DE_LU_FR_BE,M0,q95,2023Q1,top2,180,2,1,2,0.5,90,2.0,0,0.0,90,1.0,0.5
DE_LU_FR_BE,M0,q95,2023Q1,gate025,8,1,0,2,0.0,90,0.08888888888888889,86,0.9555555555555556,4,0.044444444444444446,0.5
DE_LU_FR_BE,M0,q95,2023Q1,inherited_priority019,6,1,0,2,0.0,90,0.06666666666666667,85,0.9444444444444444,1,0.011111111111111112,0.5
DE_LU_FR_BE,M0,q95,2023Q1,gate025_cool6,5,1,0,2,0.0,90,0.05555555555555555,86,0.9555555555555556,1,0.011111111111111112,0.5
DE_LU_FR_BE,M0,q95,2023Q1,gate025_rise,8,1,0,2,0.0,90,0.08888888888888889,86,0.9555555555555556,4,0.044444444444444446,0.5
DE_LU_FR_BE,M0,q95,2023Q1,gate025_rise_cool6,5,1,0,2,0.0,90,0.05555555555555555,86,0.9555555555555556,1,0.011111111111111112,0.5
DE_LU_FR_BE,M0,q95,2023Q1,rolling90_target05,40,2,1,2,0.5,90,0.4444444444444444,68,0.7555555555555555,18,0.2,0.5
DE_LU_FR_BE,M0,q95,2023Q1,development_count_gate,10,1,0,2,0.0,90,0.1111111111111111,85,0.9444444444444444,5,0.05555555555555555,0.5
DE_LU_FR_BE,M0,q95,2023Q1,gate019,10,1,0,2,0.0,90,0.1111111111111111,85,0.9444444444444444,5,0.05555555555555555,0.5
DE_LU_FR_BE,M0,q95,2023Q1,gate019_cool6,6,1,0,2,0.0,90,0.06666666666666667,85,0.9444444444444444,1,0.011111111111111112,0.5
DE_LU_FR_BE,M0,q95,2023Q1,gate019_rise,10,1,0,2,0.0,90,0.1111111111111111,85,0.9444444444444444,5,0.05555555555555555,0.5
DE_LU_FR_BE,M0,q95,2023Q2,none,0,0,0,3,0.0,91,0.0,91,1.0,0,0.0,0.5
DE_LU_FR_BE,M0,q95,2023Q2,top1,91,3,3,3,1.0,91,1.0,0,0.0,0,0.0,0.5
DE_LU_FR_BE,M0,q95,2023Q2,top2,182,4,3,3,1.0,91,2.0,0,0.0,91,1.0,0.5
DE_LU_FR_BE,M0,q95,2023Q2,gate025,17,4,3,3,1.0,91,0.18681318681318682,80,0.8791208791208791,6,0.06593406593406594,0.5
DE_LU_FR_BE,M0,q95,2023Q2,inherited_priority019,18,3,2,3,0.6666666666666666,91,0.1978021978021978,77,0.8461538461538461,4,0.04395604395604396,0.5
DE_LU_FR_BE,M0,q95,2023Q2,gate025_cool6,14,2,2,3,0.6666666666666666,91,0.15384615384615385,80,0.8791208791208791,3,0.03296703296703297,0.5
DE_LU_FR_BE,M0,q95,2023Q2,gate025_rise,17,3,2,3,0.6666666666666666,91,0.18681318681318682,80,0.8791208791208791,6,0.06593406593406594,0.5
DE_LU_FR_BE,M0,q95,2023Q2,gate025_rise_cool6,15,3,2,3,0.6666666666666666,91,0.16483516483516483,80,0.8791208791208791,4,0.04395604395604396,0.5
DE_LU_FR_BE,M0,q95,2023Q2,rolling90_target05,52,4,3,3,1.0,91,0.5714285714285714,63,0.6923076923076923,24,0.26373626373626374,0.5
DE_LU_FR_BE,M0,q95,2023Q2,development_count_gate,27,4,3,3,1.0,91,0.2967032967032967,76,0.8351648351648352,12,0.13186813186813187,0.5
DE_LU_FR_BE,M0,q95,2023Q2,gate019,24,4,3,3,1.0,91,0.26373626373626374,77,0.8461538461538461,10,0.10989010989010989,0.5
DE_LU_FR_BE,M0,q95,2023Q2,gate019_cool6,17,2,2,3,0.6666666666666666,91,0.18681318681318682,77,0.8461538461538461,3,0.03296703296703297,0.5
DE_LU_FR_BE,M0,q95,2023Q2,gate019_rise,24,3,2,3,0.6666666666666666,91,0.26373626373626374,77,0.8461538461538461,10,0.10989010989010989,0.5
DE_LU_FR_BE,M0,q95,2023Q3,none,0,0,0,10,0.0,84,0.0,84,1.0,0,0.0,0.5
DE_LU_FR_BE,M0,q95,2023Q3,top1,84,15,5,10,0.5,84,1.0,0,0.0,0,0.0,0.5
DE_LU_FR_BE,M0,q95,2023Q3,top2,168,28,6,10,0.6,84,2.0,0,0.0,84,1.0,0.5
DE_LU_FR_BE,M0,q95,2023Q3,gate025,52,27,5,10,0.5,84,0.6190476190476191,55,0.6547619047619048,23,0.27380952380952384,0.5
DE_LU_FR_BE,M0,q95,2023Q3,inherited_priority019,42,18,4,10,0.4,84,0.5,50,0.5952380952380952,8,0.09523809523809523,0.5
DE_LU_FR_BE,M0,q95,2023Q3,gate025_cool6,32,19,5,10,0.5,84,0.38095238095238093,56,0.6666666666666666,4,0.047619047619047616,0.5
DE_LU_FR_BE,M0,q95,2023Q3,gate025_rise,52,25,6,10,0.6,84,0.6190476190476191,55,0.6547619047619048,23,0.27380952380952384,0.5
DE_LU_FR_BE,M0,q95,2023Q3,gate025_rise_cool6,33,17,4,10,0.4,84,0.39285714285714285,56,0.6666666666666666,5,0.05952380952380952,0.5
DE_LU_FR_BE,M0,q95,2023Q3,rolling90_target05,73,27,5,10,0.5,84,0.8690476190476191,43,0.5119047619047619,32,0.38095238095238093,0.5
DE_LU_FR_BE,M0,q95,2023Q3,development_count_gate,76,27,5,10,0.5,84,0.9047619047619048,44,0.5238095238095238,36,0.42857142857142855,0.5
DE_LU_FR_BE,M0,q95,2023Q3,gate019,63,27,5,10,0.5,84,0.75,49,0.5833333333333334,28,0.3333333333333333,0.5
DE_LU_FR_BE,M0,q95,2023Q3,gate019_cool6,40,18,5,10,0.5,84,0.47619047619047616,51,0.6071428571428571,7,0.08333333333333333,0.5
DE_LU_FR_BE,M0,q95,2023Q3,gate019_rise,63,26,6,10,0.6,84,0.75,49,0.5833333333333334,28,0.3333333333333333,0.5
DE_LU_FR_BE,M0,q95,2023Q4,none,0,0,0,7,0.0,88,0.0,88,1.0,0,0.0,0.5
DE_LU_FR_BE,M0,q95,2023Q4,top1,88,8,3,7,0.42857142857142855,88,1.0,0,0.0,0,0.0,0.5
DE_LU_FR_BE,M0,q95,2023Q4,top2,176,15,3,7,0.42857142857142855,88,2.0,0,0.0,88,1.0,0.5
DE_LU_FR_BE,M0,q95,2023Q4,gate025,20,11,0,7,0.0,88,0.22727272727272727,77,0.875,9,0.10227272727272728,0.5
DE_LU_FR_BE,M0,q95,2023Q4,inherited_priority019,23,11,3,7,0.42857142857142855,88,0.26136363636363635,74,0.8409090909090909,9,0.10227272727272728,0.5
DE_LU_FR_BE,M0,q95,2023Q4,gate025_cool6,18,9,1,7,0.14285714285714285,88,0.20454545454545456,77,0.875,7,0.07954545454545454,0.5
DE_LU_FR_BE,M0,q95,2023Q4,gate025_rise,20,12,3,7,0.42857142857142855,88,0.22727272727272727,77,0.875,9,0.10227272727272728,0.5
DE_LU_FR_BE,M0,q95,2023Q4,gate025_rise_cool6,18,11,3,7,0.42857142857142855,88,0.20454545454545456,77,0.875,7,0.07954545454545454,0.5
DE_LU_FR_BE,M0,q95,2023Q4,rolling90_target05,21,11,0,7,0.0,88,0.23863636363636365,77,0.875,10,0.11363636363636363,0.5
DE_LU_FR_BE,M0,q95,2023Q4,development_count_gate,38,13,2,7,0.2857142857142857,88,0.4318181818181818,69,0.7840909090909091,19,0.2159090909090909,0.5
DE_LU_FR_BE,M0,q95,2023Q4,gate019,28,11,0,7,0.0,88,0.3181818181818182,74,0.8409090909090909,14,0.1590909090909091,0.5
DE_LU_FR_BE,M0,q95,2023Q4,gate019_cool6,22,9,1,7,0.14285714285714285,88,0.25,74,0.8409090909090909,8,0.09090909090909091,0.5
DE_LU_FR_BE,M0,q95,2023Q4,gate019_rise,28,12,3,7,0.42857142857142855,88,0.3181818181818182,74,0.8409090909090909,14,0.1590909090909091,0.5
DE_LU_FR_BE,M1,q95,all,none,0,0,0,22,0.0,353,0.0,353,1.0,0,0.0,0.5
DE_LU_FR_BE,M1,q95,all,top1,353,27,11,22,0.5,353,1.0,0,0.0,0,0.0,0.5
DE_LU_FR_BE,M1,q95,all,top2,706,49,14,22,0.6363636363636364,353,2.0,0,0.0,353,1.0,0.5
DE_LU_FR_BE,M1,q95,all,gate025,94,40,7,22,0.3181818181818182,353,0.26628895184135976,300,0.8498583569405099,41,0.11614730878186968,0.5
DE_LU_FR_BE,M1,q95,all,inherited_priority019,88,32,11,22,0.5,353,0.24929178470254956,287,0.8130311614730878,22,0.06232294617563739,0.5
DE_LU_FR_BE,M1,q95,all,gate025_cool6,67,29,6,22,0.2727272727272727,353,0.18980169971671387,301,0.8526912181303116,15,0.042492917847025496,0.5
DE_LU_FR_BE,M1,q95,all,gate025_rise,94,38,10,22,0.45454545454545453,353,0.26628895184135976,300,0.8498583569405099,41,0.11614730878186968,0.5
DE_LU_FR_BE,M1,q95,all,gate025_rise_cool6,68,31,9,22,0.4090909090909091,353,0.19263456090651557,301,0.8526912181303116,16,0.0453257790368272,0.5
DE_LU_FR_BE,M1,q95,all,rolling90_target05,185,44,10,22,0.45454545454545453,353,0.5240793201133145,250,0.7082152974504249,82,0.23229461756373937,0.5
DE_LU_FR_BE,M1,q95,all,development_count_gate,153,44,10,22,0.45454545454545453,353,0.43342776203966005,269,0.7620396600566572,69,0.1954674220963173,0.5
DE_LU_FR_BE,M1,q95,all,gate019,122,43,9,22,0.4090909090909091,353,0.34560906515580736,285,0.8073654390934845,54,0.1529745042492918,0.5
DE_LU_FR_BE,M1,q95,all,gate019_cool6,87,30,8,22,0.36363636363636365,353,0.24645892351274787,287,0.8130311614730878,21,0.059490084985835696,0.5
DE_LU_FR_BE,M1,q95,all,gate019_rise,122,41,12,22,0.5454545454545454,353,0.34560906515580736,285,0.8073654390934845,54,0.1529745042492918,0.5
DE_LU_FR_BE,M1,q95,2023,none,0,0,0,22,0.0,353,0.0,353,1.0,0,0.0,0.5
DE_LU_FR_BE,M1,q95,2023,top1,353,27,11,22,0.5,353,1.0,0,0.0,0,0.0,0.5
DE_LU_FR_BE,M1,q95,2023,top2,706,49,14,22,0.6363636363636364,353,2.0,0,0.0,353,1.0,0.5
DE_LU_FR_BE,M1,q95,2023,gate025,94,40,7,22,0.3181818181818182,353,0.26628895184135976,300,0.8498583569405099,41,0.11614730878186968,0.5
DE_LU_FR_BE,M1,q95,2023,inherited_priority019,88,32,11,22,0.5,353,0.24929178470254956,287,0.8130311614730878,22,0.06232294617563739,0.5
DE_LU_FR_BE,M1,q95,2023,gate025_cool6,67,29,6,22,0.2727272727272727,353,0.18980169971671387,301,0.8526912181303116,15,0.042492917847025496,0.5
DE_LU_FR_BE,M1,q95,2023,gate025_rise,94,38,10,22,0.45454545454545453,353,0.26628895184135976,300,0.8498583569405099,41,0.11614730878186968,0.5
DE_LU_FR_BE,M1,q95,2023,gate025_rise_cool6,68,31,9,22,0.4090909090909091,353,0.19263456090651557,301,0.8526912181303116,16,0.0453257790368272,0.5
DE_LU_FR_BE,M1,q95,2023,rolling90_target05,185,44,10,22,0.45454545454545453,353,0.5240793201133145,250,0.7082152974504249,82,0.23229461756373937,0.5
DE_LU_FR_BE,M1,q95,2023,development_count_gate,153,44,10,22,0.45454545454545453,353,0.43342776203966005,269,0.7620396600566572,69,0.1954674220963173,0.5
DE_LU_FR_BE,M1,q95,2023,gate019,122,43,9,22,0.4090909090909091,353,0.34560906515580736,285,0.8073654390934845,54,0.1529745042492918,0.5
DE_LU_FR_BE,M1,q95,2023,gate019_cool6,87,30,8,22,0.36363636363636365,353,0.24645892351274787,287,0.8130311614730878,21,0.059490084985835696,0.5
DE_LU_FR_BE,M1,q95,2023,gate019_rise,122,41,12,22,0.5454545454545454,353,0.34560906515580736,285,0.8073654390934845,54,0.1529745042492918,0.5
DE_LU_FR_BE,M1,q95,2023Q1,none,0,0,0,2,0.0,90,0.0,90,1.0,0,0.0,0.5
DE_LU_FR_BE,M1,q95,2023Q1,top1,90,1,0,2,0.0,90,1.0,0,0.0,0,0.0,0.5
DE_LU_FR_BE,M1,q95,2023Q1,top2,180,3,2,2,1.0,90,2.0,0,0.0,90,1.0,0.5
DE_LU_FR_BE,M1,q95,2023Q1,gate025,9,1,0,2,0.0,90,0.1,85,0.9444444444444444,4,0.044444444444444446,0.5
DE_LU_FR_BE,M1,q95,2023Q1,inherited_priority019,8,1,0,2,0.0,90,0.08888888888888889,85,0.9444444444444444,3,0.03333333333333333,0.5
DE_LU_FR_BE,M1,q95,2023Q1,gate025_cool6,6,1,0,2,0.0,90,0.06666666666666667,85,0.9444444444444444,1,0.011111111111111112,0.5
DE_LU_FR_BE,M1,q95,2023Q1,gate025_rise,9,1,0,2,0.0,90,0.1,85,0.9444444444444444,4,0.044444444444444446,0.5
DE_LU_FR_BE,M1,q95,2023Q1,gate025_rise_cool6,6,1,0,2,0.0,90,0.06666666666666667,85,0.9444444444444444,1,0.011111111111111112,0.5
DE_LU_FR_BE,M1,q95,2023Q1,rolling90_target05,38,2,1,2,0.5,90,0.4222222222222222,68,0.7555555555555555,16,0.17777777777777778,0.5
DE_LU_FR_BE,M1,q95,2023Q1,development_count_gate,13,1,0,2,0.0,90,0.14444444444444443,83,0.9222222222222223,6,0.06666666666666667,0.5
DE_LU_FR_BE,M1,q95,2023Q1,gate019,10,1,0,2,0.0,90,0.1111111111111111,85,0.9444444444444444,5,0.05555555555555555,0.5
DE_LU_FR_BE,M1,q95,2023Q1,gate019_cool6,8,1,0,2,0.0,90,0.08888888888888889,85,0.9444444444444444,3,0.03333333333333333,0.5
DE_LU_FR_BE,M1,q95,2023Q1,gate019_rise,10,1,0,2,0.0,90,0.1111111111111111,85,0.9444444444444444,5,0.05555555555555555,0.5
DE_LU_FR_BE,M1,q95,2023Q2,none,0,0,0,3,0.0,91,0.0,91,1.0,0,0.0,0.5
DE_LU_FR_BE,M1,q95,2023Q2,top1,91,3,3,3,1.0,91,1.0,0,0.0,0,0.0,0.5
DE_LU_FR_BE,M1,q95,2023Q2,top2,182,4,3,3,1.0,91,2.0,0,0.0,91,1.0,0.5
DE_LU_FR_BE,M1,q95,2023Q2,gate025,13,3,2,3,0.6666666666666666,91,0.14285714285714285,83,0.9120879120879121,5,0.054945054945054944,0.5
DE_LU_FR_BE,M1,q95,2023Q2,inherited_priority019,15,3,2,3,0.6666666666666666,91,0.16483516483516483,78,0.8571428571428571,2,0.02197802197802198,0.5
DE_LU_FR_BE,M1,q95,2023Q2,gate025_cool6,10,1,1,3,0.3333333333333333,91,0.10989010989010989,83,0.9120879120879121,2,0.02197802197802198,0.5
DE_LU_FR_BE,M1,q95,2023Q2,gate025_rise,13,2,1,3,0.3333333333333333,91,0.14285714285714285,83,0.9120879120879121,5,0.054945054945054944,0.5
DE_LU_FR_BE,M1,q95,2023Q2,gate025_rise_cool6,10,2,1,3,0.3333333333333333,91,0.10989010989010989,83,0.9120879120879121,2,0.02197802197802198,0.5
DE_LU_FR_BE,M1,q95,2023Q2,rolling90_target05,48,4,3,3,1.0,91,0.5274725274725275,66,0.7252747252747253,23,0.25274725274725274,0.5
DE_LU_FR_BE,M1,q95,2023Q2,development_count_gate,24,4,3,3,1.0,91,0.26373626373626374,77,0.8461538461538461,10,0.10989010989010989,0.5
DE_LU_FR_BE,M1,q95,2023Q2,gate019,20,4,3,3,1.0,91,0.21978021978021978,78,0.8571428571428571,7,0.07692307692307693,0.5
DE_LU_FR_BE,M1,q95,2023Q2,gate019_cool6,15,2,2,3,0.6666666666666666,91,0.16483516483516483,78,0.8571428571428571,2,0.02197802197802198,0.5
DE_LU_FR_BE,M1,q95,2023Q2,gate019_rise,20,3,2,3,0.6666666666666666,91,0.21978021978021978,78,0.8571428571428571,7,0.07692307692307693,0.5
DE_LU_FR_BE,M1,q95,2023Q3,none,0,0,0,10,0.0,84,0.0,84,1.0,0,0.0,0.5
DE_LU_FR_BE,M1,q95,2023Q3,top1,84,15,5,10,0.5,84,1.0,0,0.0,0,0.0,0.5
DE_LU_FR_BE,M1,q95,2023Q3,top2,168,28,6,10,0.6,84,2.0,0,0.0,84,1.0,0.5
DE_LU_FR_BE,M1,q95,2023Q3,gate025,50,26,5,10,0.5,84,0.5952380952380952,56,0.6666666666666666,22,0.2619047619047619,0.5
DE_LU_FR_BE,M1,q95,2023Q3,inherited_priority019,39,17,5,10,0.5,84,0.4642857142857143,53,0.6309523809523809,8,0.09523809523809523,0.5
DE_LU_FR_BE,M1,q95,2023Q3,gate025_cool6,31,19,5,10,0.5,84,0.36904761904761907,57,0.6785714285714286,4,0.047619047619047616,0.5
DE_LU_FR_BE,M1,q95,2023Q3,gate025_rise,50,24,6,10,0.6,84,0.5952380952380952,56,0.6666666666666666,22,0.2619047619047619,0.5
DE_LU_FR_BE,M1,q95,2023Q3,gate025_rise_cool6,32,18,5,10,0.5,84,0.38095238095238093,57,0.6785714285714286,5,0.05952380952380952,0.5
DE_LU_FR_BE,M1,q95,2023Q3,rolling90_target05,74,27,5,10,0.5,84,0.8809523809523809,42,0.5,32,0.38095238095238093,0.5
DE_LU_FR_BE,M1,q95,2023Q3,development_count_gate,70,27,5,10,0.5,84,0.8333333333333334,45,0.5357142857142857,31,0.36904761904761907,0.5
DE_LU_FR_BE,M1,q95,2023Q3,gate019,61,27,5,10,0.5,84,0.7261904761904762,51,0.6071428571428571,28,0.3333333333333333,0.5
DE_LU_FR_BE,M1,q95,2023Q3,gate019_cool6,38,18,5,10,0.5,84,0.4523809523809524,53,0.6309523809523809,7,0.08333333333333333,0.5
DE_LU_FR_BE,M1,q95,2023Q3,gate019_rise,61,25,6,10,0.6,84,0.7261904761904762,51,0.6071428571428571,28,0.3333333333333333,0.5
DE_LU_FR_BE,M1,q95,2023Q4,none,0,0,0,7,0.0,88,0.0,88,1.0,0,0.0,0.5
DE_LU_FR_BE,M1,q95,2023Q4,top1,88,8,3,7,0.42857142857142855,88,1.0,0,0.0,0,0.0,0.5
DE_LU_FR_BE,M1,q95,2023Q4,top2,176,14,3,7,0.42857142857142855,88,2.0,0,0.0,88,1.0,0.5
DE_LU_FR_BE,M1,q95,2023Q4,gate025,22,10,0,7,0.0,88,0.25,76,0.8636363636363636,10,0.11363636363636363,0.5
DE_LU_FR_BE,M1,q95,2023Q4,inherited_priority019,26,11,4,7,0.5714285714285714,88,0.29545454545454547,71,0.8068181818181818,9,0.10227272727272728,0.5
DE_LU_FR_BE,M1,q95,2023Q4,gate025_cool6,20,8,0,7,0.0,88,0.22727272727272727,76,0.8636363636363636,8,0.09090909090909091,0.5
DE_LU_FR_BE,M1,q95,2023Q4,gate025_rise,22,11,3,7,0.42857142857142855,88,0.25,76,0.8636363636363636,10,0.11363636363636363,0.5
DE_LU_FR_BE,M1,q95,2023Q4,gate025_rise_cool6,20,10,3,7,0.42857142857142855,88,0.22727272727272727,76,0.8636363636363636,8,0.09090909090909091,0.5
DE_LU_FR_BE,M1,q95,2023Q4,rolling90_target05,25,11,1,7,0.14285714285714285,88,0.2840909090909091,74,0.8409090909090909,11,0.125,0.5
DE_LU_FR_BE,M1,q95,2023Q4,development_count_gate,46,12,2,7,0.2857142857142857,88,0.5227272727272727,64,0.7272727272727273,22,0.25,0.5
DE_LU_FR_BE,M1,q95,2023Q4,gate019,31,11,1,7,0.14285714285714285,88,0.3522727272727273,71,0.8068181818181818,14,0.1590909090909091,0.5
DE_LU_FR_BE,M1,q95,2023Q4,gate019_cool6,26,9,1,7,0.14285714285714285,88,0.29545454545454547,71,0.8068181818181818,9,0.10227272727272728,0.5
DE_LU_FR_BE,M1,q95,2023Q4,gate019_rise,31,12,4,7,0.5714285714285714,88,0.3522727272727273,71,0.8068181818181818,14,0.1590909090909091,0.5
DE_LU_FR_BE,M2,q95,all,none,0,0,0,22,0.0,353,0.0,353,1.0,0,0.0,0.5
DE_LU_FR_BE,M2,q95,all,top1,353,27,11,22,0.5,353,1.0,0,0.0,0,0.0,0.5
DE_LU_FR_BE,M2,q95,all,top2,706,49,13,22,0.5909090909090909,353,2.0,0,0.0,353,1.0,0.5
DE_LU_FR_BE,M2,q95,all,gate025,97,43,8,22,0.36363636363636365,353,0.2747875354107649,298,0.8441926345609065,42,0.11898016997167139,0.5
DE_LU_FR_BE,M2,q95,all,inherited_priority019,89,33,9,22,0.4090909090909091,353,0.2521246458923513,286,0.8101983002832861,22,0.06232294617563739,0.5
DE_LU_FR_BE,M2,q95,all,gate025_cool6,69,31,8,22,0.36363636363636365,353,0.1954674220963173,299,0.8470254957507082,15,0.042492917847025496,0.5
DE_LU_FR_BE,M2,q95,all,gate025_rise,97,41,11,22,0.5,353,0.2747875354107649,298,0.8441926345609065,42,0.11898016997167139,0.5
DE_LU_FR_BE,M2,q95,all,gate025_rise_cool6,71,32,9,22,0.4090909090909091,353,0.20113314447592068,299,0.8470254957507082,17,0.04815864022662889,0.5
DE_LU_FR_BE,M2,q95,all,rolling90_target05,186,44,9,22,0.4090909090909091,353,0.5269121813031161,251,0.7110481586402266,84,0.23796033994334279,0.5
DE_LU_FR_BE,M2,q95,all,development_count_gate,151,45,10,22,0.45454545454545453,353,0.42776203966005666,274,0.7762039660056658,72,0.20396600566572237,0.5
DE_LU_FR_BE,M2,q95,all,gate019,125,43,8,22,0.36363636363636365,353,0.35410764872521244,285,0.8073654390934845,57,0.16147308781869688,0.5
DE_LU_FR_BE,M2,q95,all,gate019_cool6,85,30,8,22,0.36363636363636365,353,0.24079320113314448,287,0.8130311614730878,19,0.053824362606232294,0.5
DE_LU_FR_BE,M2,q95,all,gate019_rise,125,42,11,22,0.5,353,0.35410764872521244,285,0.8073654390934845,57,0.16147308781869688,0.5
DE_LU_FR_BE,M2,q95,2023,none,0,0,0,22,0.0,353,0.0,353,1.0,0,0.0,0.5
DE_LU_FR_BE,M2,q95,2023,top1,353,27,11,22,0.5,353,1.0,0,0.0,0,0.0,0.5
DE_LU_FR_BE,M2,q95,2023,top2,706,49,13,22,0.5909090909090909,353,2.0,0,0.0,353,1.0,0.5
DE_LU_FR_BE,M2,q95,2023,gate025,97,43,8,22,0.36363636363636365,353,0.2747875354107649,298,0.8441926345609065,42,0.11898016997167139,0.5
DE_LU_FR_BE,M2,q95,2023,inherited_priority019,89,33,9,22,0.4090909090909091,353,0.2521246458923513,286,0.8101983002832861,22,0.06232294617563739,0.5
DE_LU_FR_BE,M2,q95,2023,gate025_cool6,69,31,8,22,0.36363636363636365,353,0.1954674220963173,299,0.8470254957507082,15,0.042492917847025496,0.5
DE_LU_FR_BE,M2,q95,2023,gate025_rise,97,41,11,22,0.5,353,0.2747875354107649,298,0.8441926345609065,42,0.11898016997167139,0.5
DE_LU_FR_BE,M2,q95,2023,gate025_rise_cool6,71,32,9,22,0.4090909090909091,353,0.20113314447592068,299,0.8470254957507082,17,0.04815864022662889,0.5
DE_LU_FR_BE,M2,q95,2023,rolling90_target05,186,44,9,22,0.4090909090909091,353,0.5269121813031161,251,0.7110481586402266,84,0.23796033994334279,0.5
DE_LU_FR_BE,M2,q95,2023,development_count_gate,151,45,10,22,0.45454545454545453,353,0.42776203966005666,274,0.7762039660056658,72,0.20396600566572237,0.5
DE_LU_FR_BE,M2,q95,2023,gate019,125,43,8,22,0.36363636363636365,353,0.35410764872521244,285,0.8073654390934845,57,0.16147308781869688,0.5
DE_LU_FR_BE,M2,q95,2023,gate019_cool6,85,30,8,22,0.36363636363636365,353,0.24079320113314448,287,0.8130311614730878,19,0.053824362606232294,0.5
DE_LU_FR_BE,M2,q95,2023,gate019_rise,125,42,11,22,0.5,353,0.35410764872521244,285,0.8073654390934845,57,0.16147308781869688,0.5
DE_LU_FR_BE,M2,q95,2023Q1,none,0,0,0,2,0.0,90,0.0,90,1.0,0,0.0,0.5
DE_LU_FR_BE,M2,q95,2023Q1,top1,90,1,0,2,0.0,90,1.0,0,0.0,0,0.0,0.5
DE_LU_FR_BE,M2,q95,2023Q1,top2,180,2,1,2,0.5,90,2.0,0,0.0,90,1.0,0.5
DE_LU_FR_BE,M2,q95,2023Q1,gate025,8,1,0,2,0.0,90,0.08888888888888889,86,0.9555555555555556,4,0.044444444444444446,0.5
DE_LU_FR_BE,M2,q95,2023Q1,inherited_priority019,6,1,0,2,0.0,90,0.06666666666666667,85,0.9444444444444444,1,0.011111111111111112,0.5
DE_LU_FR_BE,M2,q95,2023Q1,gate025_cool6,5,1,0,2,0.0,90,0.05555555555555555,86,0.9555555555555556,1,0.011111111111111112,0.5
DE_LU_FR_BE,M2,q95,2023Q1,gate025_rise,8,1,0,2,0.0,90,0.08888888888888889,86,0.9555555555555556,4,0.044444444444444446,0.5
DE_LU_FR_BE,M2,q95,2023Q1,gate025_rise_cool6,5,1,0,2,0.0,90,0.05555555555555555,86,0.9555555555555556,1,0.011111111111111112,0.5
DE_LU_FR_BE,M2,q95,2023Q1,rolling90_target05,40,2,1,2,0.5,90,0.4444444444444444,68,0.7555555555555555,18,0.2,0.5
DE_LU_FR_BE,M2,q95,2023Q1,development_count_gate,10,1,0,2,0.0,90,0.1111111111111111,85,0.9444444444444444,5,0.05555555555555555,0.5
DE_LU_FR_BE,M2,q95,2023Q1,gate019,10,1,0,2,0.0,90,0.1111111111111111,85,0.9444444444444444,5,0.05555555555555555,0.5
DE_LU_FR_BE,M2,q95,2023Q1,gate019_cool6,6,1,0,2,0.0,90,0.06666666666666667,85,0.9444444444444444,1,0.011111111111111112,0.5
DE_LU_FR_BE,M2,q95,2023Q1,gate019_rise,10,1,0,2,0.0,90,0.1111111111111111,85,0.9444444444444444,5,0.05555555555555555,0.5
DE_LU_FR_BE,M2,q95,2023Q2,none,0,0,0,3,0.0,91,0.0,91,1.0,0,0.0,0.5
DE_LU_FR_BE,M2,q95,2023Q2,top1,91,3,3,3,1.0,91,1.0,0,0.0,0,0.0,0.5
DE_LU_FR_BE,M2,q95,2023Q2,top2,182,4,3,3,1.0,91,2.0,0,0.0,91,1.0,0.5
DE_LU_FR_BE,M2,q95,2023Q2,gate025,17,4,3,3,1.0,91,0.18681318681318682,80,0.8791208791208791,6,0.06593406593406594,0.5
DE_LU_FR_BE,M2,q95,2023Q2,inherited_priority019,18,3,2,3,0.6666666666666666,91,0.1978021978021978,77,0.8461538461538461,4,0.04395604395604396,0.5
DE_LU_FR_BE,M2,q95,2023Q2,gate025_cool6,14,2,2,3,0.6666666666666666,91,0.15384615384615385,80,0.8791208791208791,3,0.03296703296703297,0.5
DE_LU_FR_BE,M2,q95,2023Q2,gate025_rise,17,3,2,3,0.6666666666666666,91,0.18681318681318682,80,0.8791208791208791,6,0.06593406593406594,0.5
DE_LU_FR_BE,M2,q95,2023Q2,gate025_rise_cool6,15,3,2,3,0.6666666666666666,91,0.16483516483516483,80,0.8791208791208791,4,0.04395604395604396,0.5
DE_LU_FR_BE,M2,q95,2023Q2,rolling90_target05,52,4,3,3,1.0,91,0.5714285714285714,63,0.6923076923076923,24,0.26373626373626374,0.5
DE_LU_FR_BE,M2,q95,2023Q2,development_count_gate,27,4,3,3,1.0,91,0.2967032967032967,76,0.8351648351648352,12,0.13186813186813187,0.5
DE_LU_FR_BE,M2,q95,2023Q2,gate019,24,4,3,3,1.0,91,0.26373626373626374,77,0.8461538461538461,10,0.10989010989010989,0.5
DE_LU_FR_BE,M2,q95,2023Q2,gate019_cool6,17,2,2,3,0.6666666666666666,91,0.18681318681318682,77,0.8461538461538461,3,0.03296703296703297,0.5
DE_LU_FR_BE,M2,q95,2023Q2,gate019_rise,24,3,2,3,0.6666666666666666,91,0.26373626373626374,77,0.8461538461538461,10,0.10989010989010989,0.5
DE_LU_FR_BE,M2,q95,2023Q3,none,0,0,0,10,0.0,84,0.0,84,1.0,0,0.0,0.5
DE_LU_FR_BE,M2,q95,2023Q3,top1,84,15,5,10,0.5,84,1.0,0,0.0,0,0.0,0.5
DE_LU_FR_BE,M2,q95,2023Q3,top2,168,28,6,10,0.6,84,2.0,0,0.0,84,1.0,0.5
DE_LU_FR_BE,M2,q95,2023Q3,gate025,52,27,5,10,0.5,84,0.6190476190476191,55,0.6547619047619048,23,0.27380952380952384,0.5
DE_LU_FR_BE,M2,q95,2023Q3,inherited_priority019,42,18,4,10,0.4,84,0.5,50,0.5952380952380952,8,0.09523809523809523,0.5
DE_LU_FR_BE,M2,q95,2023Q3,gate025_cool6,32,19,5,10,0.5,84,0.38095238095238093,56,0.6666666666666666,4,0.047619047619047616,0.5
DE_LU_FR_BE,M2,q95,2023Q3,gate025_rise,52,25,6,10,0.6,84,0.6190476190476191,55,0.6547619047619048,23,0.27380952380952384,0.5
DE_LU_FR_BE,M2,q95,2023Q3,gate025_rise_cool6,33,17,4,10,0.4,84,0.39285714285714285,56,0.6666666666666666,5,0.05952380952380952,0.5
DE_LU_FR_BE,M2,q95,2023Q3,rolling90_target05,73,27,5,10,0.5,84,0.8690476190476191,43,0.5119047619047619,32,0.38095238095238093,0.5
DE_LU_FR_BE,M2,q95,2023Q3,development_count_gate,76,27,5,10,0.5,84,0.9047619047619048,44,0.5238095238095238,36,0.42857142857142855,0.5
DE_LU_FR_BE,M2,q95,2023Q3,gate019,63,27,5,10,0.5,84,0.75,49,0.5833333333333334,28,0.3333333333333333,0.5
DE_LU_FR_BE,M2,q95,2023Q3,gate019_cool6,40,18,5,10,0.5,84,0.47619047619047616,51,0.6071428571428571,7,0.08333333333333333,0.5
DE_LU_FR_BE,M2,q95,2023Q3,gate019_rise,63,26,6,10,0.6,84,0.75,49,0.5833333333333334,28,0.3333333333333333,0.5
DE_LU_FR_BE,M2,q95,2023Q4,none,0,0,0,7,0.0,88,0.0,88,1.0,0,0.0,0.5
DE_LU_FR_BE,M2,q95,2023Q4,top1,88,8,3,7,0.42857142857142855,88,1.0,0,0.0,0,0.0,0.5
DE_LU_FR_BE,M2,q95,2023Q4,top2,176,15,3,7,0.42857142857142855,88,2.0,0,0.0,88,1.0,0.5
DE_LU_FR_BE,M2,q95,2023Q4,gate025,20,11,0,7,0.0,88,0.22727272727272727,77,0.875,9,0.10227272727272728,0.5
DE_LU_FR_BE,M2,q95,2023Q4,inherited_priority019,23,11,3,7,0.42857142857142855,88,0.26136363636363635,74,0.8409090909090909,9,0.10227272727272728,0.5
DE_LU_FR_BE,M2,q95,2023Q4,gate025_cool6,18,9,1,7,0.14285714285714285,88,0.20454545454545456,77,0.875,7,0.07954545454545454,0.5
DE_LU_FR_BE,M2,q95,2023Q4,gate025_rise,20,12,3,7,0.42857142857142855,88,0.22727272727272727,77,0.875,9,0.10227272727272728,0.5
DE_LU_FR_BE,M2,q95,2023Q4,gate025_rise_cool6,18,11,3,7,0.42857142857142855,88,0.20454545454545456,77,0.875,7,0.07954545454545454,0.5
DE_LU_FR_BE,M2,q95,2023Q4,rolling90_target05,21,11,0,7,0.0,88,0.23863636363636365,77,0.875,10,0.11363636363636363,0.5
DE_LU_FR_BE,M2,q95,2023Q4,development_count_gate,38,13,2,7,0.2857142857142857,88,0.4318181818181818,69,0.7840909090909091,19,0.2159090909090909,0.5
DE_LU_FR_BE,M2,q95,2023Q4,gate019,28,11,0,7,0.0,88,0.3181818181818182,74,0.8409090909090909,14,0.1590909090909091,0.5
DE_LU_FR_BE,M2,q95,2023Q4,gate019_cool6,22,9,1,7,0.14285714285714285,88,0.25,74,0.8409090909090909,8,0.09090909090909091,0.5
DE_LU_FR_BE,M2,q95,2023Q4,gate019_rise,28,12,3,7,0.42857142857142855,88,0.3181818181818182,74,0.8409090909090909,14,0.1590909090909091,0.5
DE_LU_FR_BE,M3,q95,all,none,0,0,0,22,0.0,353,0.0,353,1.0,0,0.0,0.5
DE_LU_FR_BE,M3,q95,all,top1,353,27,11,22,0.5,353,1.0,0,0.0,0,0.0,0.5
DE_LU_FR_BE,M3,q95,all,top2,706,49,14,22,0.6363636363636364,353,2.0,0,0.0,353,1.0,0.5
DE_LU_FR_BE,M3,q95,all,gate025,94,40,7,22,0.3181818181818182,353,0.26628895184135976,300,0.8498583569405099,41,0.11614730878186968,0.5
DE_LU_FR_BE,M3,q95,all,inherited_priority019,88,32,11,22,0.5,353,0.24929178470254956,287,0.8130311614730878,22,0.06232294617563739,0.5
DE_LU_FR_BE,M3,q95,all,gate025_cool6,67,29,6,22,0.2727272727272727,353,0.18980169971671387,301,0.8526912181303116,15,0.042492917847025496,0.5
DE_LU_FR_BE,M3,q95,all,gate025_rise,94,38,10,22,0.45454545454545453,353,0.26628895184135976,300,0.8498583569405099,41,0.11614730878186968,0.5
DE_LU_FR_BE,M3,q95,all,gate025_rise_cool6,68,31,9,22,0.4090909090909091,353,0.19263456090651557,301,0.8526912181303116,16,0.0453257790368272,0.5
DE_LU_FR_BE,M3,q95,all,rolling90_target05,185,44,10,22,0.45454545454545453,353,0.5240793201133145,250,0.7082152974504249,82,0.23229461756373937,0.5
DE_LU_FR_BE,M3,q95,all,development_count_gate,153,44,10,22,0.45454545454545453,353,0.43342776203966005,269,0.7620396600566572,69,0.1954674220963173,0.5
DE_LU_FR_BE,M3,q95,all,gate019,122,43,9,22,0.4090909090909091,353,0.34560906515580736,285,0.8073654390934845,54,0.1529745042492918,0.5
DE_LU_FR_BE,M3,q95,all,gate019_cool6,87,30,8,22,0.36363636363636365,353,0.24645892351274787,287,0.8130311614730878,21,0.059490084985835696,0.5
DE_LU_FR_BE,M3,q95,all,gate019_rise,122,41,12,22,0.5454545454545454,353,0.34560906515580736,285,0.8073654390934845,54,0.1529745042492918,0.5
DE_LU_FR_BE,M3,q95,2023,none,0,0,0,22,0.0,353,0.0,353,1.0,0,0.0,0.5
DE_LU_FR_BE,M3,q95,2023,top1,353,27,11,22,0.5,353,1.0,0,0.0,0,0.0,0.5
DE_LU_FR_BE,M3,q95,2023,top2,706,49,14,22,0.6363636363636364,353,2.0,0,0.0,353,1.0,0.5
DE_LU_FR_BE,M3,q95,2023,gate025,94,40,7,22,0.3181818181818182,353,0.26628895184135976,300,0.8498583569405099,41,0.11614730878186968,0.5
DE_LU_FR_BE,M3,q95,2023,inherited_priority019,88,32,11,22,0.5,353,0.24929178470254956,287,0.8130311614730878,22,0.06232294617563739,0.5
DE_LU_FR_BE,M3,q95,2023,gate025_cool6,67,29,6,22,0.2727272727272727,353,0.18980169971671387,301,0.8526912181303116,15,0.042492917847025496,0.5
DE_LU_FR_BE,M3,q95,2023,gate025_rise,94,38,10,22,0.45454545454545453,353,0.26628895184135976,300,0.8498583569405099,41,0.11614730878186968,0.5
DE_LU_FR_BE,M3,q95,2023,gate025_rise_cool6,68,31,9,22,0.4090909090909091,353,0.19263456090651557,301,0.8526912181303116,16,0.0453257790368272,0.5
DE_LU_FR_BE,M3,q95,2023,rolling90_target05,185,44,10,22,0.45454545454545453,353,0.5240793201133145,250,0.7082152974504249,82,0.23229461756373937,0.5
DE_LU_FR_BE,M3,q95,2023,development_count_gate,153,44,10,22,0.45454545454545453,353,0.43342776203966005,269,0.7620396600566572,69,0.1954674220963173,0.5
DE_LU_FR_BE,M3,q95,2023,gate019,122,43,9,22,0.4090909090909091,353,0.34560906515580736,285,0.8073654390934845,54,0.1529745042492918,0.5
DE_LU_FR_BE,M3,q95,2023,gate019_cool6,87,30,8,22,0.36363636363636365,353,0.24645892351274787,287,0.8130311614730878,21,0.059490084985835696,0.5
DE_LU_FR_BE,M3,q95,2023,gate019_rise,122,41,12,22,0.5454545454545454,353,0.34560906515580736,285,0.8073654390934845,54,0.1529745042492918,0.5
DE_LU_FR_BE,M3,q95,2023Q1,none,0,0,0,2,0.0,90,0.0,90,1.0,0,0.0,0.5
DE_LU_FR_BE,M3,q95,2023Q1,top1,90,1,0,2,0.0,90,1.0,0,0.0,0,0.0,0.5
DE_LU_FR_BE,M3,q95,2023Q1,top2,180,3,2,2,1.0,90,2.0,0,0.0,90,1.0,0.5
DE_LU_FR_BE,M3,q95,2023Q1,gate025,9,1,0,2,0.0,90,0.1,85,0.9444444444444444,4,0.044444444444444446,0.5
DE_LU_FR_BE,M3,q95,2023Q1,inherited_priority019,8,1,0,2,0.0,90,0.08888888888888889,85,0.9444444444444444,3,0.03333333333333333,0.5
DE_LU_FR_BE,M3,q95,2023Q1,gate025_cool6,6,1,0,2,0.0,90,0.06666666666666667,85,0.9444444444444444,1,0.011111111111111112,0.5
DE_LU_FR_BE,M3,q95,2023Q1,gate025_rise,9,1,0,2,0.0,90,0.1,85,0.9444444444444444,4,0.044444444444444446,0.5
DE_LU_FR_BE,M3,q95,2023Q1,gate025_rise_cool6,6,1,0,2,0.0,90,0.06666666666666667,85,0.9444444444444444,1,0.011111111111111112,0.5
DE_LU_FR_BE,M3,q95,2023Q1,rolling90_target05,38,2,1,2,0.5,90,0.4222222222222222,68,0.7555555555555555,16,0.17777777777777778,0.5
DE_LU_FR_BE,M3,q95,2023Q1,development_count_gate,13,1,0,2,0.0,90,0.14444444444444443,83,0.9222222222222223,6,0.06666666666666667,0.5
DE_LU_FR_BE,M3,q95,2023Q1,gate019,10,1,0,2,0.0,90,0.1111111111111111,85,0.9444444444444444,5,0.05555555555555555,0.5
DE_LU_FR_BE,M3,q95,2023Q1,gate019_cool6,8,1,0,2,0.0,90,0.08888888888888889,85,0.9444444444444444,3,0.03333333333333333,0.5
DE_LU_FR_BE,M3,q95,2023Q1,gate019_rise,10,1,0,2,0.0,90,0.1111111111111111,85,0.9444444444444444,5,0.05555555555555555,0.5
DE_LU_FR_BE,M3,q95,2023Q2,none,0,0,0,3,0.0,91,0.0,91,1.0,0,0.0,0.5
DE_LU_FR_BE,M3,q95,2023Q2,top1,91,3,3,3,1.0,91,1.0,0,0.0,0,0.0,0.5
DE_LU_FR_BE,M3,q95,2023Q2,top2,182,4,3,3,1.0,91,2.0,0,0.0,91,1.0,0.5
DE_LU_FR_BE,M3,q95,2023Q2,gate025,13,3,2,3,0.6666666666666666,91,0.14285714285714285,83,0.9120879120879121,5,0.054945054945054944,0.5
DE_LU_FR_BE,M3,q95,2023Q2,inherited_priority019,15,3,2,3,0.6666666666666666,91,0.16483516483516483,78,0.8571428571428571,2,0.02197802197802198,0.5
DE_LU_FR_BE,M3,q95,2023Q2,gate025_cool6,10,1,1,3,0.3333333333333333,91,0.10989010989010989,83,0.9120879120879121,2,0.02197802197802198,0.5
DE_LU_FR_BE,M3,q95,2023Q2,gate025_rise,13,2,1,3,0.3333333333333333,91,0.14285714285714285,83,0.9120879120879121,5,0.054945054945054944,0.5
DE_LU_FR_BE,M3,q95,2023Q2,gate025_rise_cool6,10,2,1,3,0.3333333333333333,91,0.10989010989010989,83,0.9120879120879121,2,0.02197802197802198,0.5
DE_LU_FR_BE,M3,q95,2023Q2,rolling90_target05,48,4,3,3,1.0,91,0.5274725274725275,66,0.7252747252747253,23,0.25274725274725274,0.5
DE_LU_FR_BE,M3,q95,2023Q2,development_count_gate,24,4,3,3,1.0,91,0.26373626373626374,77,0.8461538461538461,10,0.10989010989010989,0.5
DE_LU_FR_BE,M3,q95,2023Q2,gate019,20,4,3,3,1.0,91,0.21978021978021978,78,0.8571428571428571,7,0.07692307692307693,0.5
DE_LU_FR_BE,M3,q95,2023Q2,gate019_cool6,15,2,2,3,0.6666666666666666,91,0.16483516483516483,78,0.8571428571428571,2,0.02197802197802198,0.5
DE_LU_FR_BE,M3,q95,2023Q2,gate019_rise,20,3,2,3,0.6666666666666666,91,0.21978021978021978,78,0.8571428571428571,7,0.07692307692307693,0.5
DE_LU_FR_BE,M3,q95,2023Q3,none,0,0,0,10,0.0,84,0.0,84,1.0,0,0.0,0.5
DE_LU_FR_BE,M3,q95,2023Q3,top1,84,15,5,10,0.5,84,1.0,0,0.0,0,0.0,0.5
DE_LU_FR_BE,M3,q95,2023Q3,top2,168,28,6,10,0.6,84,2.0,0,0.0,84,1.0,0.5
DE_LU_FR_BE,M3,q95,2023Q3,gate025,50,26,5,10,0.5,84,0.5952380952380952,56,0.6666666666666666,22,0.2619047619047619,0.5
DE_LU_FR_BE,M3,q95,2023Q3,inherited_priority019,39,17,5,10,0.5,84,0.4642857142857143,53,0.6309523809523809,8,0.09523809523809523,0.5
DE_LU_FR_BE,M3,q95,2023Q3,gate025_cool6,31,19,5,10,0.5,84,0.36904761904761907,57,0.6785714285714286,4,0.047619047619047616,0.5
DE_LU_FR_BE,M3,q95,2023Q3,gate025_rise,50,24,6,10,0.6,84,0.5952380952380952,56,0.6666666666666666,22,0.2619047619047619,0.5
DE_LU_FR_BE,M3,q95,2023Q3,gate025_rise_cool6,32,18,5,10,0.5,84,0.38095238095238093,57,0.6785714285714286,5,0.05952380952380952,0.5
DE_LU_FR_BE,M3,q95,2023Q3,rolling90_target05,74,27,5,10,0.5,84,0.8809523809523809,42,0.5,32,0.38095238095238093,0.5
DE_LU_FR_BE,M3,q95,2023Q3,development_count_gate,70,27,5,10,0.5,84,0.8333333333333334,45,0.5357142857142857,31,0.36904761904761907,0.5
DE_LU_FR_BE,M3,q95,2023Q3,gate019,61,27,5,10,0.5,84,0.7261904761904762,51,0.6071428571428571,28,0.3333333333333333,0.5
DE_LU_FR_BE,M3,q95,2023Q3,gate019_cool6,38,18,5,10,0.5,84,0.4523809523809524,53,0.6309523809523809,7,0.08333333333333333,0.5
DE_LU_FR_BE,M3,q95,2023Q3,gate019_rise,61,25,6,10,0.6,84,0.7261904761904762,51,0.6071428571428571,28,0.3333333333333333,0.5
DE_LU_FR_BE,M3,q95,2023Q4,none,0,0,0,7,0.0,88,0.0,88,1.0,0,0.0,0.5
DE_LU_FR_BE,M3,q95,2023Q4,top1,88,8,3,7,0.42857142857142855,88,1.0,0,0.0,0,0.0,0.5
DE_LU_FR_BE,M3,q95,2023Q4,top2,176,14,3,7,0.42857142857142855,88,2.0,0,0.0,88,1.0,0.5
DE_LU_FR_BE,M3,q95,2023Q4,gate025,22,10,0,7,0.0,88,0.25,76,0.8636363636363636,10,0.11363636363636363,0.5
DE_LU_FR_BE,M3,q95,2023Q4,inherited_priority019,26,11,4,7,0.5714285714285714,88,0.29545454545454547,71,0.8068181818181818,9,0.10227272727272728,0.5
DE_LU_FR_BE,M3,q95,2023Q4,gate025_cool6,20,8,0,7,0.0,88,0.22727272727272727,76,0.8636363636363636,8,0.09090909090909091,0.5
DE_LU_FR_BE,M3,q95,2023Q4,gate025_rise,22,11,3,7,0.42857142857142855,88,0.25,76,0.8636363636363636,10,0.11363636363636363,0.5
DE_LU_FR_BE,M3,q95,2023Q4,gate025_rise_cool6,20,10,3,7,0.42857142857142855,88,0.22727272727272727,76,0.8636363636363636,8,0.09090909090909091,0.5
DE_LU_FR_BE,M3,q95,2023Q4,rolling90_target05,25,11,1,7,0.14285714285714285,88,0.2840909090909091,74,0.8409090909090909,11,0.125,0.5
DE_LU_FR_BE,M3,q95,2023Q4,development_count_gate,46,12,2,7,0.2857142857142857,88,0.5227272727272727,64,0.7272727272727273,22,0.25,0.5
DE_LU_FR_BE,M3,q95,2023Q4,gate019,31,11,1,7,0.14285714285714285,88,0.3522727272727273,71,0.8068181818181818,14,0.1590909090909091,0.5
DE_LU_FR_BE,M3,q95,2023Q4,gate019_cool6,26,9,1,7,0.14285714285714285,88,0.29545454545454547,71,0.8068181818181818,9,0.10227272727272728,0.5
DE_LU_FR_BE,M3,q95,2023Q4,gate019_rise,31,12,4,7,0.5714285714285714,88,0.3522727272727273,71,0.8068181818181818,14,0.1590909090909091,0.5
DK1,M0,q90,all,none,0,0,0,31,0.0,356,0.0,356,1.0,0,0.0,0.5
DK1,M0,q90,all,top1,356,42,9,31,0.2903225806451613,356,1.0,0,0.0,0,0.0,0.5
DK1,M0,q90,all,top2,712,79,11,31,0.3548387096774194,356,2.0,0,0.0,356,1.0,0.5
DK1,M0,q90,all,gate025,151,69,9,31,0.2903225806451613,356,0.4241573033707865,276,0.7752808988764045,71,0.199438202247191,0.5
DK1,M0,q90,all,inherited_priority019,139,55,19,31,0.6129032258064516,356,0.3904494382022472,266,0.7471910112359551,49,0.13764044943820225,0.5
DK1,M0,q90,all,gate025_cool6,117,59,15,31,0.4838709677419355,356,0.32865168539325845,278,0.7808988764044944,39,0.10955056179775281,0.5
DK1,M0,q90,all,gate025_rise,151,70,15,31,0.4838709677419355,356,0.4241573033707865,276,0.7752808988764045,71,0.199438202247191,0.5
DK1,M0,q90,all,gate025_rise_cool6,119,55,19,31,0.6129032258064516,356,0.3342696629213483,277,0.7780898876404494,40,0.11235955056179775,0.5
DK1,M0,q90,all,rolling90_target05,203,69,10,31,0.3225806451612903,356,0.5702247191011236,247,0.6938202247191011,94,0.2640449438202247,0.5
DK1,M0,q90,all,development_count_gate,200,72,10,31,0.3225806451612903,356,0.5617977528089888,251,0.7050561797752809,95,0.26685393258426965,0.5
DK1,M0,q90,all,gate019,174,70,10,31,0.3225806451612903,356,0.4887640449438202,265,0.7443820224719101,83,0.23314606741573032,0.5
DK1,M0,q90,all,gate019_cool6,138,60,15,31,0.4838709677419355,356,0.38764044943820225,266,0.7471910112359551,48,0.1348314606741573,0.5
DK1,M0,q90,all,gate019_rise,174,69,15,31,0.4838709677419355,356,0.4887640449438202,265,0.7443820224719101,83,0.23314606741573032,0.5
DK1,M0,q90,2023,none,0,0,0,31,0.0,356,0.0,356,1.0,0,0.0,0.5
DK1,M0,q90,2023,top1,356,42,9,31,0.2903225806451613,356,1.0,0,0.0,0,0.0,0.5
DK1,M0,q90,2023,top2,712,79,11,31,0.3548387096774194,356,2.0,0,0.0,356,1.0,0.5
DK1,M0,q90,2023,gate025,151,69,9,31,0.2903225806451613,356,0.4241573033707865,276,0.7752808988764045,71,0.199438202247191,0.5
DK1,M0,q90,2023,inherited_priority019,139,55,19,31,0.6129032258064516,356,0.3904494382022472,266,0.7471910112359551,49,0.13764044943820225,0.5
DK1,M0,q90,2023,gate025_cool6,117,59,15,31,0.4838709677419355,356,0.32865168539325845,278,0.7808988764044944,39,0.10955056179775281,0.5
DK1,M0,q90,2023,gate025_rise,151,70,15,31,0.4838709677419355,356,0.4241573033707865,276,0.7752808988764045,71,0.199438202247191,0.5
DK1,M0,q90,2023,gate025_rise_cool6,119,55,19,31,0.6129032258064516,356,0.3342696629213483,277,0.7780898876404494,40,0.11235955056179775,0.5
DK1,M0,q90,2023,rolling90_target05,203,69,10,31,0.3225806451612903,356,0.5702247191011236,247,0.6938202247191011,94,0.2640449438202247,0.5
DK1,M0,q90,2023,development_count_gate,200,72,10,31,0.3225806451612903,356,0.5617977528089888,251,0.7050561797752809,95,0.26685393258426965,0.5
DK1,M0,q90,2023,gate019,174,70,10,31,0.3225806451612903,356,0.4887640449438202,265,0.7443820224719101,83,0.23314606741573032,0.5
DK1,M0,q90,2023,gate019_cool6,138,60,15,31,0.4838709677419355,356,0.38764044943820225,266,0.7471910112359551,48,0.1348314606741573,0.5
DK1,M0,q90,2023,gate019_rise,174,69,15,31,0.4838709677419355,356,0.4887640449438202,265,0.7443820224719101,83,0.23314606741573032,0.5
DK1,M0,q90,2023Q1,none,0,0,0,6,0.0,90,0.0,90,1.0,0,0.0,0.5
DK1,M0,q90,2023Q1,top1,90,6,1,6,0.16666666666666666,90,1.0,0,0.0,0,0.0,0.5
DK1,M0,q90,2023Q1,top2,180,11,1,6,0.16666666666666666,90,2.0,0,0.0,90,1.0,0.5
DK1,M0,q90,2023Q1,gate025,18,8,1,6,0.16666666666666666,90,0.2,80,0.8888888888888888,8,0.08888888888888889,0.5
DK1,M0,q90,2023Q1,inherited_priority019,17,5,2,6,0.3333333333333333,90,0.18888888888888888,78,0.8666666666666667,5,0.05555555555555555,0.5
DK1,M0,q90,2023Q1,gate025_cool6,13,5,2,6,0.3333333333333333,90,0.14444444444444443,80,0.8888888888888888,3,0.03333333333333333,0.5
DK1,M0,q90,2023Q1,gate025_rise,18,9,2,6,0.3333333333333333,90,0.2,80,0.8888888888888888,8,0.08888888888888889,0.5
DK1,M0,q90,2023Q1,gate025_rise_cool6,13,5,2,6,0.3333333333333333,90,0.14444444444444443,80,0.8888888888888888,3,0.03333333333333333,0.5
DK1,M0,q90,2023Q1,rolling90_target05,44,8,1,6,0.16666666666666666,90,0.4888888888888889,66,0.7333333333333333,20,0.2222222222222222,0.5
DK1,M0,q90,2023Q1,development_count_gate,28,8,1,6,0.16666666666666666,90,0.3111111111111111,75,0.8333333333333334,13,0.14444444444444443,0.5
DK1,M0,q90,2023Q1,gate019,23,8,1,6,0.16666666666666666,90,0.25555555555555554,78,0.8666666666666667,11,0.12222222222222222,0.5
DK1,M0,q90,2023Q1,gate019_cool6,17,6,2,6,0.3333333333333333,90,0.18888888888888888,78,0.8666666666666667,5,0.05555555555555555,0.5
DK1,M0,q90,2023Q1,gate019_rise,23,9,2,6,0.3333333333333333,90,0.25555555555555554,78,0.8666666666666667,11,0.12222222222222222,0.5
DK1,M0,q90,2023Q2,none,0,0,0,6,0.0,91,0.0,91,1.0,0,0.0,0.5
DK1,M0,q90,2023Q2,top1,91,4,2,6,0.3333333333333333,91,1.0,0,0.0,0,0.0,0.5
DK1,M0,q90,2023Q2,top2,182,8,3,6,0.5,91,2.0,0,0.0,91,1.0,0.5
DK1,M0,q90,2023Q2,gate025,28,7,2,6,0.3333333333333333,91,0.3076923076923077,75,0.8241758241758241,12,0.13186813186813187,0.5
DK1,M0,q90,2023Q2,inherited_priority019,26,6,4,6,0.6666666666666666,91,0.2857142857142857,73,0.8021978021978022,8,0.08791208791208792,0.5
DK1,M0,q90,2023Q2,gate025_cool6,24,7,3,6,0.5,91,0.26373626373626374,75,0.8241758241758241,8,0.08791208791208792,0.5
DK1,M0,q90,2023Q2,gate025_rise,28,6,3,6,0.5,91,0.3076923076923077,75,0.8241758241758241,12,0.13186813186813187,0.5
DK1,M0,q90,2023Q2,gate025_rise_cool6,24,6,4,6,0.6666666666666666,91,0.26373626373626374,75,0.8241758241758241,8,0.08791208791208792,0.5
DK1,M0,q90,2023Q2,rolling90_target05,54,8,3,6,0.5,91,0.5934065934065934,62,0.6813186813186813,25,0.27472527472527475,0.5
DK1,M0,q90,2023Q2,development_count_gate,38,8,3,6,0.5,91,0.4175824175824176,71,0.7802197802197802,18,0.1978021978021978,0.5
DK1,M0,q90,2023Q2,gate019,34,8,3,6,0.5,91,0.37362637362637363,73,0.8021978021978022,16,0.17582417582417584,0.5
DK1,M0,q90,2023Q2,gate019_cool6,26,7,3,6,0.5,91,0.2857142857142857,73,0.8021978021978022,8,0.08791208791208792,0.5
DK1,M0,q90,2023Q2,gate019_rise,34,7,4,6,0.6666666666666666,91,0.37362637362637363,73,0.8021978021978022,16,0.17582417582417584,0.5
DK1,M0,q90,2023Q3,none,0,0,0,12,0.0,87,0.0,87,1.0,0,0.0,0.5
DK1,M0,q90,2023Q3,top1,87,19,5,12,0.4166666666666667,87,1.0,0,0.0,0,0.0,0.5
DK1,M0,q90,2023Q3,top2,174,35,5,12,0.4166666666666667,87,2.0,0,0.0,87,1.0,0.5
DK1,M0,q90,2023Q3,gate025,67,33,4,12,0.3333333333333333,87,0.7701149425287356,52,0.5977011494252874,32,0.367816091954023,0.5
DK1,M0,q90,2023Q3,inherited_priority019,64,24,8,12,0.6666666666666666,87,0.735632183908046,45,0.5172413793103449,22,0.25287356321839083,0.5
DK1,M0,q90,2023Q3,gate025_cool6,49,24,6,12,0.5,87,0.5632183908045977,53,0.6091954022988506,15,0.1724137931034483,0.5
DK1,M0,q90,2023Q3,gate025_rise,67,33,6,12,0.5,87,0.7701149425287356,52,0.5977011494252874,32,0.367816091954023,0.5
DK1,M0,q90,2023Q3,gate025_rise_cool6,51,24,8,12,0.6666666666666666,87,0.5862068965517241,52,0.5977011494252874,16,0.1839080459770115,0.5
DK1,M0,q90,2023Q3,rolling90_target05,74,33,5,12,0.4166666666666667,87,0.8505747126436781,47,0.5402298850574713,34,0.39080459770114945,0.5
DK1,M0,q90,2023Q3,development_count_gate,87,33,4,12,0.3333333333333333,87,1.0,41,0.47126436781609193,41,0.47126436781609193,0.5
DK1,M0,q90,2023Q3,gate019,79,33,4,12,0.3333333333333333,87,0.9080459770114943,45,0.5172413793103449,37,0.42528735632183906,0.5
DK1,M0,q90,2023Q3,gate019_cool6,63,24,6,12,0.5,87,0.7241379310344828,45,0.5172413793103449,21,0.2413793103448276,0.5
DK1,M0,q90,2023Q3,gate019_rise,79,32,6,12,0.5,87,0.9080459770114943,45,0.5172413793103449,37,0.42528735632183906,0.5
DK1,M0,q90,2023Q4,none,0,0,0,7,0.0,88,0.0,88,1.0,0,0.0,0.5
DK1,M0,q90,2023Q4,top1,88,13,1,7,0.14285714285714285,88,1.0,0,0.0,0,0.0,0.5
DK1,M0,q90,2023Q4,top2,176,25,2,7,0.2857142857142857,88,2.0,0,0.0,88,1.0,0.5
DK1,M0,q90,2023Q4,gate025,38,21,2,7,0.2857142857142857,88,0.4318181818181818,69,0.7840909090909091,19,0.2159090909090909,0.5
DK1,M0,q90,2023Q4,inherited_priority019,32,20,5,7,0.7142857142857143,88,0.36363636363636365,70,0.7954545454545454,14,0.1590909090909091,0.5
DK1,M0,q90,2023Q4,gate025_cool6,31,23,4,7,0.5714285714285714,88,0.3522727272727273,70,0.7954545454545454,13,0.14772727272727273,0.5
DK1,M0,q90,2023Q4,gate025_rise,38,22,4,7,0.5714285714285714,88,0.4318181818181818,69,0.7840909090909091,19,0.2159090909090909,0.5
DK1,M0,q90,2023Q4,gate025_rise_cool6,31,20,5,7,0.7142857142857143,88,0.3522727272727273,70,0.7954545454545454,13,0.14772727272727273,0.5
DK1,M0,q90,2023Q4,rolling90_target05,31,20,1,7,0.14285714285714285,88,0.3522727272727273,72,0.8181818181818182,15,0.17045454545454544,0.5
DK1,M0,q90,2023Q4,development_count_gate,47,23,2,7,0.2857142857142857,88,0.5340909090909091,64,0.7272727272727273,23,0.26136363636363635,0.5
DK1,M0,q90,2023Q4,gate019,38,21,2,7,0.2857142857142857,88,0.4318181818181818,69,0.7840909090909091,19,0.2159090909090909,0.5
DK1,M0,q90,2023Q4,gate019_cool6,32,23,4,7,0.5714285714285714,88,0.36363636363636365,70,0.7954545454545454,14,0.1590909090909091,0.5
DK1,M0,q90,2023Q4,gate019_rise,38,21,3,7,0.42857142857142855,88,0.4318181818181818,69,0.7840909090909091,19,0.2159090909090909,0.5
DK1,M1,q90,all,none,0,0,0,31,0.0,356,0.0,356,1.0,0,0.0,0.5
DK1,M1,q90,all,top1,356,44,10,31,0.3225806451612903,356,1.0,0,0.0,0,0.0,0.5
DK1,M1,q90,all,top2,712,79,12,31,0.3870967741935484,356,2.0,0,0.0,356,1.0,0.5
DK1,M1,q90,all,gate025,150,68,9,31,0.2903225806451613,356,0.42134831460674155,276,0.7752808988764045,70,0.19662921348314608,0.5
DK1,M1,q90,all,inherited_priority019,138,56,16,31,0.5161290322580645,356,0.38764044943820225,265,0.7443820224719101,47,0.13202247191011235,0.5
DK1,M1,q90,all,gate025_cool6,114,59,14,31,0.45161290322580644,356,0.3202247191011236,279,0.7837078651685393,37,0.10393258426966293,0.5
DK1,M1,q90,all,gate025_rise,150,68,15,31,0.4838709677419355,356,0.42134831460674155,276,0.7752808988764045,70,0.19662921348314608,0.5
DK1,M1,q90,all,gate025_rise_cool6,115,55,16,31,0.5161290322580645,356,0.32303370786516855,277,0.7780898876404494,36,0.10112359550561797,0.5
DK1,M1,q90,all,rolling90_target05,211,71,11,31,0.3548387096774194,356,0.5926966292134831,245,0.6882022471910112,100,0.2808988764044944,0.5
DK1,M1,q90,all,development_count_gate,202,72,11,31,0.3548387096774194,356,0.5674157303370787,251,0.7050561797752809,97,0.27247191011235955,0.5
DK1,M1,q90,all,gate019,171,70,10,31,0.3225806451612903,356,0.4803370786516854,263,0.7387640449438202,78,0.21910112359550563,0.5
DK1,M1,q90,all,gate019_cool6,137,60,14,31,0.45161290322580644,356,0.3848314606741573,265,0.7443820224719101,46,0.12921348314606743,0.5
DK1,M1,q90,all,gate019_rise,171,69,16,31,0.5161290322580645,356,0.4803370786516854,263,0.7387640449438202,78,0.21910112359550563,0.5
DK1,M1,q90,2023,none,0,0,0,31,0.0,356,0.0,356,1.0,0,0.0,0.5
DK1,M1,q90,2023,top1,356,44,10,31,0.3225806451612903,356,1.0,0,0.0,0,0.0,0.5
DK1,M1,q90,2023,top2,712,79,12,31,0.3870967741935484,356,2.0,0,0.0,356,1.0,0.5
DK1,M1,q90,2023,gate025,150,68,9,31,0.2903225806451613,356,0.42134831460674155,276,0.7752808988764045,70,0.19662921348314608,0.5
DK1,M1,q90,2023,inherited_priority019,138,56,16,31,0.5161290322580645,356,0.38764044943820225,265,0.7443820224719101,47,0.13202247191011235,0.5
DK1,M1,q90,2023,gate025_cool6,114,59,14,31,0.45161290322580644,356,0.3202247191011236,279,0.7837078651685393,37,0.10393258426966293,0.5
DK1,M1,q90,2023,gate025_rise,150,68,15,31,0.4838709677419355,356,0.42134831460674155,276,0.7752808988764045,70,0.19662921348314608,0.5
DK1,M1,q90,2023,gate025_rise_cool6,115,55,16,31,0.5161290322580645,356,0.32303370786516855,277,0.7780898876404494,36,0.10112359550561797,0.5
DK1,M1,q90,2023,rolling90_target05,211,71,11,31,0.3548387096774194,356,0.5926966292134831,245,0.6882022471910112,100,0.2808988764044944,0.5
DK1,M1,q90,2023,development_count_gate,202,72,11,31,0.3548387096774194,356,0.5674157303370787,251,0.7050561797752809,97,0.27247191011235955,0.5
DK1,M1,q90,2023,gate019,171,70,10,31,0.3225806451612903,356,0.4803370786516854,263,0.7387640449438202,78,0.21910112359550563,0.5
DK1,M1,q90,2023,gate019_cool6,137,60,14,31,0.45161290322580644,356,0.3848314606741573,265,0.7443820224719101,46,0.12921348314606743,0.5
DK1,M1,q90,2023,gate019_rise,171,69,16,31,0.5161290322580645,356,0.4803370786516854,263,0.7387640449438202,78,0.21910112359550563,0.5
DK1,M1,q90,2023Q1,none,0,0,0,6,0.0,90,0.0,90,1.0,0,0.0,0.5
DK1,M1,q90,2023Q1,top1,90,6,1,6,0.16666666666666666,90,1.0,0,0.0,0,0.0,0.5
DK1,M1,q90,2023Q1,top2,180,11,1,6,0.16666666666666666,90,2.0,0,0.0,90,1.0,0.5
DK1,M1,q90,2023Q1,gate025,22,8,1,6,0.16666666666666666,90,0.24444444444444444,78,0.8666666666666667,10,0.1111111111111111,0.5
DK1,M1,q90,2023Q1,inherited_priority019,21,5,1,6,0.16666666666666666,90,0.23333333333333334,76,0.8444444444444444,7,0.07777777777777778,0.5
DK1,M1,q90,2023Q1,gate025_cool6,15,5,2,6,0.3333333333333333,90,0.16666666666666666,78,0.8666666666666667,3,0.03333333333333333,0.5
DK1,M1,q90,2023Q1,gate025_rise,22,8,2,6,0.3333333333333333,90,0.24444444444444444,78,0.8666666666666667,10,0.1111111111111111,0.5
DK1,M1,q90,2023Q1,gate025_rise_cool6,16,5,1,6,0.16666666666666666,90,0.17777777777777778,78,0.8666666666666667,4,0.044444444444444446,0.5
DK1,M1,q90,2023Q1,rolling90_target05,45,8,1,6,0.16666666666666666,90,0.5,67,0.7444444444444445,22,0.24444444444444444,0.5
DK1,M1,q90,2023Q1,development_count_gate,30,8,1,6,0.16666666666666666,90,0.3333333333333333,75,0.8333333333333334,15,0.16666666666666666,0.5
DK1,M1,q90,2023Q1,gate019,26,8,1,6,0.16666666666666666,90,0.28888888888888886,75,0.8333333333333334,11,0.12222222222222222,0.5
DK1,M1,q90,2023Q1,gate019_cool6,19,5,2,6,0.3333333333333333,90,0.2111111111111111,76,0.8444444444444444,5,0.05555555555555555,0.5
DK1,M1,q90,2023Q1,gate019_rise,26,8,2,6,0.3333333333333333,90,0.28888888888888886,75,0.8333333333333334,11,0.12222222222222222,0.5
DK1,M1,q90,2023Q2,none,0,0,0,6,0.0,91,0.0,91,1.0,0,0.0,0.5
DK1,M1,q90,2023Q2,top1,91,4,2,6,0.3333333333333333,91,1.0,0,0.0,0,0.0,0.5
DK1,M1,q90,2023Q2,top2,182,8,3,6,0.5,91,2.0,0,0.0,91,1.0,0.5
DK1,M1,q90,2023Q2,gate025,24,7,2,6,0.3333333333333333,91,0.26373626373626374,76,0.8351648351648352,9,0.0989010989010989,0.5
DK1,M1,q90,2023Q2,inherited_priority019,24,8,4,6,0.6666666666666666,91,0.26373626373626374,74,0.8131868131868132,7,0.07692307692307693,0.5
DK1,M1,q90,2023Q2,gate025_cool6,22,7,2,6,0.3333333333333333,91,0.24175824175824176,76,0.8351648351648352,7,0.07692307692307693,0.5
DK1,M1,q90,2023Q2,gate025_rise,24,7,4,6,0.6666666666666666,91,0.26373626373626374,76,0.8351648351648352,9,0.0989010989010989,0.5
DK1,M1,q90,2023Q2,gate025_rise_cool6,22,8,4,6,0.6666666666666666,91,0.24175824175824176,76,0.8351648351648352,7,0.07692307692307693,0.5
DK1,M1,q90,2023Q2,rolling90_target05,48,8,3,6,0.5,91,0.5274725274725275,65,0.7142857142857143,22,0.24175824175824176,0.5
DK1,M1,q90,2023Q2,development_count_gate,35,8,3,6,0.5,91,0.38461538461538464,73,0.8021978021978022,17,0.18681318681318682,0.5
DK1,M1,q90,2023Q2,gate019,31,8,3,6,0.5,91,0.34065934065934067,74,0.8131868131868132,14,0.15384615384615385,0.5
DK1,M1,q90,2023Q2,gate019_cool6,24,7,2,6,0.3333333333333333,91,0.26373626373626374,74,0.8131868131868132,7,0.07692307692307693,0.5
DK1,M1,q90,2023Q2,gate019_rise,31,8,5,6,0.8333333333333334,91,0.34065934065934067,74,0.8131868131868132,14,0.15384615384615385,0.5
DK1,M1,q90,2023Q3,none,0,0,0,12,0.0,87,0.0,87,1.0,0,0.0,0.5
DK1,M1,q90,2023Q3,top1,87,20,5,12,0.4166666666666667,87,1.0,0,0.0,0,0.0,0.5
DK1,M1,q90,2023Q3,top2,174,35,6,12,0.5,87,2.0,0,0.0,87,1.0,0.5
DK1,M1,q90,2023Q3,gate025,66,32,4,12,0.3333333333333333,87,0.7586206896551724,53,0.6091954022988506,32,0.367816091954023,0.5
DK1,M1,q90,2023Q3,inherited_priority019,55,23,6,12,0.5,87,0.632183908045977,51,0.5862068965517241,19,0.21839080459770116,0.5
DK1,M1,q90,2023Q3,gate025_cool6,46,25,6,12,0.5,87,0.5287356321839081,55,0.632183908045977,14,0.16091954022988506,0.5
DK1,M1,q90,2023Q3,gate025_rise,66,31,5,12,0.4166666666666667,87,0.7586206896551724,53,0.6091954022988506,32,0.367816091954023,0.5
DK1,M1,q90,2023Q3,gate025_rise_cool6,46,23,6,12,0.5,87,0.5287356321839081,54,0.6206896551724138,13,0.14942528735632185,0.5
DK1,M1,q90,2023Q3,rolling90_target05,79,34,5,12,0.4166666666666667,87,0.9080459770114943,45,0.5172413793103449,37,0.42528735632183906,0.5
DK1,M1,q90,2023Q3,development_count_gate,84,33,5,12,0.4166666666666667,87,0.9655172413793104,43,0.4942528735632184,40,0.45977011494252873,0.5
DK1,M1,q90,2023Q3,gate019,69,32,4,12,0.3333333333333333,87,0.7931034482758621,50,0.5747126436781609,32,0.367816091954023,0.5
DK1,M1,q90,2023Q3,gate019_cool6,55,25,6,12,0.5,87,0.632183908045977,51,0.5862068965517241,19,0.21839080459770116,0.5
DK1,M1,q90,2023Q3,gate019_rise,69,30,5,12,0.4166666666666667,87,0.7931034482758621,50,0.5747126436781609,32,0.367816091954023,0.5
DK1,M1,q90,2023Q4,none,0,0,0,7,0.0,88,0.0,88,1.0,0,0.0,0.5
DK1,M1,q90,2023Q4,top1,88,14,2,7,0.2857142857142857,88,1.0,0,0.0,0,0.0,0.5
DK1,M1,q90,2023Q4,top2,176,25,2,7,0.2857142857142857,88,2.0,0,0.0,88,1.0,0.5
DK1,M1,q90,2023Q4,gate025,38,21,2,7,0.2857142857142857,88,0.4318181818181818,69,0.7840909090909091,19,0.2159090909090909,0.5
DK1,M1,q90,2023Q4,inherited_priority019,38,20,5,7,0.7142857142857143,88,0.4318181818181818,64,0.7272727272727273,14,0.1590909090909091,0.5
DK1,M1,q90,2023Q4,gate025_cool6,31,22,4,7,0.5714285714285714,88,0.3522727272727273,70,0.7954545454545454,13,0.14772727272727273,0.5
DK1,M1,q90,2023Q4,gate025_rise,38,22,4,7,0.5714285714285714,88,0.4318181818181818,69,0.7840909090909091,19,0.2159090909090909,0.5
DK1,M1,q90,2023Q4,gate025_rise_cool6,31,19,5,7,0.7142857142857143,88,0.3522727272727273,69,0.7840909090909091,12,0.13636363636363635,0.5
DK1,M1,q90,2023Q4,rolling90_target05,39,21,2,7,0.2857142857142857,88,0.4431818181818182,68,0.7727272727272727,19,0.2159090909090909,0.5
DK1,M1,q90,2023Q4,development_count_gate,53,23,2,7,0.2857142857142857,88,0.6022727272727273,60,0.6818181818181818,25,0.2840909090909091,0.5
DK1,M1,q90,2023Q4,gate019,45,22,2,7,0.2857142857142857,88,0.5113636363636364,64,0.7272727272727273,21,0.23863636363636365,0.5
DK1,M1,q90,2023Q4,gate019_cool6,39,23,4,7,0.5714285714285714,88,0.4431818181818182,64,0.7272727272727273,15,0.17045454545454544,0.5
DK1,M1,q90,2023Q4,gate019_rise,45,23,4,7,0.5714285714285714,88,0.5113636363636364,64,0.7272727272727273,21,0.23863636363636365,0.5
DK1,M2,q90,all,none,0,0,0,31,0.0,356,0.0,356,1.0,0,0.0,0.5
DK1,M2,q90,all,top1,356,42,9,31,0.2903225806451613,356,1.0,0,0.0,0,0.0,0.5
DK1,M2,q90,all,top2,712,79,11,31,0.3548387096774194,356,2.0,0,0.0,356,1.0,0.5
DK1,M2,q90,all,gate025,151,69,9,31,0.2903225806451613,356,0.4241573033707865,276,0.7752808988764045,71,0.199438202247191,0.5
DK1,M2,q90,all,inherited_priority019,140,56,19,31,0.6129032258064516,356,0.39325842696629215,265,0.7443820224719101,49,0.13764044943820225,0.5
DK1,M2,q90,all,gate025_cool6,116,58,15,31,0.4838709677419355,356,0.3258426966292135,278,0.7808988764044944,38,0.10674157303370786,0.5
DK1,M2,q90,all,gate025_rise,151,70,15,31,0.4838709677419355,356,0.4241573033707865,276,0.7752808988764045,71,0.199438202247191,0.5
DK1,M2,q90,all,gate025_rise_cool6,119,56,18,31,0.5806451612903226,356,0.3342696629213483,276,0.7752808988764045,39,0.10955056179775281,0.5
DK1,M2,q90,all,rolling90_target05,203,68,9,31,0.2903225806451613,356,0.5702247191011236,246,0.6910112359550562,93,0.2612359550561798,0.5
DK1,M2,q90,all,development_count_gate,193,71,10,31,0.3225806451612903,356,0.5421348314606742,254,0.7134831460674157,91,0.2556179775280899,0.5
DK1,M2,q90,all,gate019,173,70,10,31,0.3225806451612903,356,0.4859550561797753,265,0.7443820224719101,82,0.2303370786516854,0.5
DK1,M2,q90,all,gate019_cool6,138,59,15,31,0.4838709677419355,356,0.38764044943820225,266,0.7471910112359551,48,0.1348314606741573,0.5
DK1,M2,q90,all,gate019_rise,173,69,15,31,0.4838709677419355,356,0.4859550561797753,265,0.7443820224719101,82,0.2303370786516854,0.5
DK1,M2,q90,2023,none,0,0,0,31,0.0,356,0.0,356,1.0,0,0.0,0.5
DK1,M2,q90,2023,top1,356,42,9,31,0.2903225806451613,356,1.0,0,0.0,0,0.0,0.5
DK1,M2,q90,2023,top2,712,79,11,31,0.3548387096774194,356,2.0,0,0.0,356,1.0,0.5
DK1,M2,q90,2023,gate025,151,69,9,31,0.2903225806451613,356,0.4241573033707865,276,0.7752808988764045,71,0.199438202247191,0.5
DK1,M2,q90,2023,inherited_priority019,140,56,19,31,0.6129032258064516,356,0.39325842696629215,265,0.7443820224719101,49,0.13764044943820225,0.5
DK1,M2,q90,2023,gate025_cool6,116,58,15,31,0.4838709677419355,356,0.3258426966292135,278,0.7808988764044944,38,0.10674157303370786,0.5
DK1,M2,q90,2023,gate025_rise,151,70,15,31,0.4838709677419355,356,0.4241573033707865,276,0.7752808988764045,71,0.199438202247191,0.5
DK1,M2,q90,2023,gate025_rise_cool6,119,56,18,31,0.5806451612903226,356,0.3342696629213483,276,0.7752808988764045,39,0.10955056179775281,0.5
DK1,M2,q90,2023,rolling90_target05,203,68,9,31,0.2903225806451613,356,0.5702247191011236,246,0.6910112359550562,93,0.2612359550561798,0.5
DK1,M2,q90,2023,development_count_gate,193,71,10,31,0.3225806451612903,356,0.5421348314606742,254,0.7134831460674157,91,0.2556179775280899,0.5
DK1,M2,q90,2023,gate019,173,70,10,31,0.3225806451612903,356,0.4859550561797753,265,0.7443820224719101,82,0.2303370786516854,0.5
DK1,M2,q90,2023,gate019_cool6,138,59,15,31,0.4838709677419355,356,0.38764044943820225,266,0.7471910112359551,48,0.1348314606741573,0.5
DK1,M2,q90,2023,gate019_rise,173,69,15,31,0.4838709677419355,356,0.4859550561797753,265,0.7443820224719101,82,0.2303370786516854,0.5
DK1,M2,q90,2023Q1,none,0,0,0,6,0.0,90,0.0,90,1.0,0,0.0,0.5
DK1,M2,q90,2023Q1,top1,90,6,1,6,0.16666666666666666,90,1.0,0,0.0,0,0.0,0.5
DK1,M2,q90,2023Q1,top2,180,11,1,6,0.16666666666666666,90,2.0,0,0.0,90,1.0,0.5
DK1,M2,q90,2023Q1,gate025,18,8,1,6,0.16666666666666666,90,0.2,80,0.8888888888888888,8,0.08888888888888889,0.5
DK1,M2,q90,2023Q1,inherited_priority019,17,5,2,6,0.3333333333333333,90,0.18888888888888888,78,0.8666666666666667,5,0.05555555555555555,0.5
DK1,M2,q90,2023Q1,gate025_cool6,13,5,2,6,0.3333333333333333,90,0.14444444444444443,80,0.8888888888888888,3,0.03333333333333333,0.5
DK1,M2,q90,2023Q1,gate025_rise,18,9,2,6,0.3333333333333333,90,0.2,80,0.8888888888888888,8,0.08888888888888889,0.5
DK1,M2,q90,2023Q1,gate025_rise_cool6,13,5,2,6,0.3333333333333333,90,0.14444444444444443,80,0.8888888888888888,3,0.03333333333333333,0.5
DK1,M2,q90,2023Q1,rolling90_target05,44,8,1,6,0.16666666666666666,90,0.4888888888888889,67,0.7444444444444445,21,0.23333333333333334,0.5
DK1,M2,q90,2023Q1,development_count_gate,27,8,1,6,0.16666666666666666,90,0.3,75,0.8333333333333334,12,0.13333333333333333,0.5
DK1,M2,q90,2023Q1,gate019,22,8,1,6,0.16666666666666666,90,0.24444444444444444,78,0.8666666666666667,10,0.1111111111111111,0.5
DK1,M2,q90,2023Q1,gate019_cool6,17,6,2,6,0.3333333333333333,90,0.18888888888888888,78,0.8666666666666667,5,0.05555555555555555,0.5
DK1,M2,q90,2023Q1,gate019_rise,22,9,2,6,0.3333333333333333,90,0.24444444444444444,78,0.8666666666666667,10,0.1111111111111111,0.5
DK1,M2,q90,2023Q2,none,0,0,0,6,0.0,91,0.0,91,1.0,0,0.0,0.5
DK1,M2,q90,2023Q2,top1,91,4,2,6,0.3333333333333333,91,1.0,0,0.0,0,0.0,0.5
DK1,M2,q90,2023Q2,top2,182,8,3,6,0.5,91,2.0,0,0.0,91,1.0,0.5
DK1,M2,q90,2023Q2,gate025,28,7,2,6,0.3333333333333333,91,0.3076923076923077,75,0.8241758241758241,12,0.13186813186813187,0.5
DK1,M2,q90,2023Q2,inherited_priority019,26,6,4,6,0.6666666666666666,91,0.2857142857142857,73,0.8021978021978022,8,0.08791208791208792,0.5
DK1,M2,q90,2023Q2,gate025_cool6,24,7,3,6,0.5,91,0.26373626373626374,75,0.8241758241758241,8,0.08791208791208792,0.5
DK1,M2,q90,2023Q2,gate025_rise,28,6,3,6,0.5,91,0.3076923076923077,75,0.8241758241758241,12,0.13186813186813187,0.5
DK1,M2,q90,2023Q2,gate025_rise_cool6,24,6,4,6,0.6666666666666666,91,0.26373626373626374,75,0.8241758241758241,8,0.08791208791208792,0.5
DK1,M2,q90,2023Q2,rolling90_target05,54,8,3,6,0.5,91,0.5934065934065934,60,0.6593406593406593,23,0.25274725274725274,0.5
DK1,M2,q90,2023Q2,development_count_gate,37,8,3,6,0.5,91,0.4065934065934066,72,0.7912087912087912,18,0.1978021978021978,0.5
DK1,M2,q90,2023Q2,gate019,34,8,3,6,0.5,91,0.37362637362637363,73,0.8021978021978022,16,0.17582417582417584,0.5
DK1,M2,q90,2023Q2,gate019_cool6,26,7,3,6,0.5,91,0.2857142857142857,73,0.8021978021978022,8,0.08791208791208792,0.5
DK1,M2,q90,2023Q2,gate019_rise,34,7,4,6,0.6666666666666666,91,0.37362637362637363,73,0.8021978021978022,16,0.17582417582417584,0.5
DK1,M2,q90,2023Q3,none,0,0,0,12,0.0,87,0.0,87,1.0,0,0.0,0.5
DK1,M2,q90,2023Q3,top1,87,19,5,12,0.4166666666666667,87,1.0,0,0.0,0,0.0,0.5
DK1,M2,q90,2023Q3,top2,174,35,5,12,0.4166666666666667,87,2.0,0,0.0,87,1.0,0.5
DK1,M2,q90,2023Q3,gate025,67,33,4,12,0.3333333333333333,87,0.7701149425287356,52,0.5977011494252874,32,0.367816091954023,0.5
DK1,M2,q90,2023Q3,inherited_priority019,64,24,8,12,0.6666666666666666,87,0.735632183908046,45,0.5172413793103449,22,0.25287356321839083,0.5
DK1,M2,q90,2023Q3,gate025_cool6,48,24,6,12,0.5,87,0.5517241379310345,53,0.6091954022988506,14,0.16091954022988506,0.5
DK1,M2,q90,2023Q3,gate025_rise,67,33,6,12,0.5,87,0.7701149425287356,52,0.5977011494252874,32,0.367816091954023,0.5
DK1,M2,q90,2023Q3,gate025_rise_cool6,50,24,7,12,0.5833333333333334,87,0.5747126436781609,52,0.5977011494252874,15,0.1724137931034483,0.5
DK1,M2,q90,2023Q3,rolling90_target05,73,32,4,12,0.3333333333333333,87,0.8390804597701149,48,0.5517241379310345,34,0.39080459770114945,0.5
DK1,M2,q90,2023Q3,development_count_gate,85,33,4,12,0.3333333333333333,87,0.9770114942528736,42,0.4827586206896552,40,0.45977011494252873,0.5
DK1,M2,q90,2023Q3,gate019,79,33,4,12,0.3333333333333333,87,0.9080459770114943,45,0.5172413793103449,37,0.42528735632183906,0.5
DK1,M2,q90,2023Q3,gate019_cool6,63,24,6,12,0.5,87,0.7241379310344828,45,0.5172413793103449,21,0.2413793103448276,0.5
DK1,M2,q90,2023Q3,gate019_rise,79,32,6,12,0.5,87,0.9080459770114943,45,0.5172413793103449,37,0.42528735632183906,0.5
DK1,M2,q90,2023Q4,none,0,0,0,7,0.0,88,0.0,88,1.0,0,0.0,0.5
DK1,M2,q90,2023Q4,top1,88,13,1,7,0.14285714285714285,88,1.0,0,0.0,0,0.0,0.5
DK1,M2,q90,2023Q4,top2,176,25,2,7,0.2857142857142857,88,2.0,0,0.0,88,1.0,0.5
DK1,M2,q90,2023Q4,gate025,38,21,2,7,0.2857142857142857,88,0.4318181818181818,69,0.7840909090909091,19,0.2159090909090909,0.5
DK1,M2,q90,2023Q4,inherited_priority019,33,21,5,7,0.7142857142857143,88,0.375,69,0.7840909090909091,14,0.1590909090909091,0.5
DK1,M2,q90,2023Q4,gate025_cool6,31,22,4,7,0.5714285714285714,88,0.3522727272727273,70,0.7954545454545454,13,0.14772727272727273,0.5
DK1,M2,q90,2023Q4,gate025_rise,38,22,4,7,0.5714285714285714,88,0.4318181818181818,69,0.7840909090909091,19,0.2159090909090909,0.5
DK1,M2,q90,2023Q4,gate025_rise_cool6,32,21,5,7,0.7142857142857143,88,0.36363636363636365,69,0.7840909090909091,13,0.14772727272727273,0.5
DK1,M2,q90,2023Q4,rolling90_target05,32,20,1,7,0.14285714285714285,88,0.36363636363636365,71,0.8068181818181818,15,0.17045454545454544,0.5
DK1,M2,q90,2023Q4,development_count_gate,44,22,2,7,0.2857142857142857,88,0.5,65,0.7386363636363636,21,0.23863636363636365,0.5
DK1,M2,q90,2023Q4,gate019,38,21,2,7,0.2857142857142857,88,0.4318181818181818,69,0.7840909090909091,19,0.2159090909090909,0.5
DK1,M2,q90,2023Q4,gate019_cool6,32,22,4,7,0.5714285714285714,88,0.36363636363636365,70,0.7954545454545454,14,0.1590909090909091,0.5
DK1,M2,q90,2023Q4,gate019_rise,38,21,3,7,0.42857142857142855,88,0.4318181818181818,69,0.7840909090909091,19,0.2159090909090909,0.5
DK1,M3,q90,all,none,0,0,0,31,0.0,356,0.0,356,1.0,0,0.0,0.5
DK1,M3,q90,all,top1,356,43,10,31,0.3225806451612903,356,1.0,0,0.0,0,0.0,0.5
DK1,M3,q90,all,top2,712,78,11,31,0.3548387096774194,356,2.0,0,0.0,356,1.0,0.5
DK1,M3,q90,all,gate025,148,68,9,31,0.2903225806451613,356,0.4157303370786517,278,0.7808988764044944,70,0.19662921348314608,0.5
DK1,M3,q90,all,inherited_priority019,136,54,16,31,0.5161290322580645,356,0.38202247191011235,266,0.7471910112359551,46,0.12921348314606743,0.5
DK1,M3,q90,all,gate025_cool6,112,57,13,31,0.41935483870967744,356,0.3146067415730337,281,0.7893258426966292,37,0.10393258426966293,0.5
DK1,M3,q90,all,gate025_rise,148,68,15,31,0.4838709677419355,356,0.4157303370786517,278,0.7808988764044944,70,0.19662921348314608,0.5
DK1,M3,q90,all,gate025_rise_cool6,114,53,16,31,0.5161290322580645,356,0.3202247191011236,279,0.7837078651685393,37,0.10393258426966293,0.5
DK1,M3,q90,all,rolling90_target05,213,70,10,31,0.3225806451612903,356,0.598314606741573,244,0.6853932584269663,101,0.28370786516853935,0.5
DK1,M3,q90,all,development_count_gate,200,71,10,31,0.3225806451612903,356,0.5617977528089888,252,0.7078651685393258,96,0.2696629213483146,0.5
DK1,M3,q90,all,gate019,171,70,10,31,0.3225806451612903,356,0.4803370786516854,264,0.7415730337078652,79,0.22191011235955055,0.5
DK1,M3,q90,all,gate019_cool6,135,58,13,31,0.41935483870967744,356,0.3792134831460674,266,0.7471910112359551,45,0.12640449438202248,0.5
DK1,M3,q90,all,gate019_rise,171,69,16,31,0.5161290322580645,356,0.4803370786516854,264,0.7415730337078652,79,0.22191011235955055,0.5
DK1,M3,q90,2023,none,0,0,0,31,0.0,356,0.0,356,1.0,0,0.0,0.5
DK1,M3,q90,2023,top1,356,43,10,31,0.3225806451612903,356,1.0,0,0.0,0,0.0,0.5
DK1,M3,q90,2023,top2,712,78,11,31,0.3548387096774194,356,2.0,0,0.0,356,1.0,0.5
DK1,M3,q90,2023,gate025,148,68,9,31,0.2903225806451613,356,0.4157303370786517,278,0.7808988764044944,70,0.19662921348314608,0.5
DK1,M3,q90,2023,inherited_priority019,136,54,16,31,0.5161290322580645,356,0.38202247191011235,266,0.7471910112359551,46,0.12921348314606743,0.5
DK1,M3,q90,2023,gate025_cool6,112,57,13,31,0.41935483870967744,356,0.3146067415730337,281,0.7893258426966292,37,0.10393258426966293,0.5
DK1,M3,q90,2023,gate025_rise,148,68,15,31,0.4838709677419355,356,0.4157303370786517,278,0.7808988764044944,70,0.19662921348314608,0.5
DK1,M3,q90,2023,gate025_rise_cool6,114,53,16,31,0.5161290322580645,356,0.3202247191011236,279,0.7837078651685393,37,0.10393258426966293,0.5
DK1,M3,q90,2023,rolling90_target05,213,70,10,31,0.3225806451612903,356,0.598314606741573,244,0.6853932584269663,101,0.28370786516853935,0.5
DK1,M3,q90,2023,development_count_gate,200,71,10,31,0.3225806451612903,356,0.5617977528089888,252,0.7078651685393258,96,0.2696629213483146,0.5
DK1,M3,q90,2023,gate019,171,70,10,31,0.3225806451612903,356,0.4803370786516854,264,0.7415730337078652,79,0.22191011235955055,0.5
DK1,M3,q90,2023,gate019_cool6,135,58,13,31,0.41935483870967744,356,0.3792134831460674,266,0.7471910112359551,45,0.12640449438202248,0.5
DK1,M3,q90,2023,gate019_rise,171,69,16,31,0.5161290322580645,356,0.4803370786516854,264,0.7415730337078652,79,0.22191011235955055,0.5
DK1,M3,q90,2023Q1,none,0,0,0,6,0.0,90,0.0,90,1.0,0,0.0,0.5
DK1,M3,q90,2023Q1,top1,90,6,1,6,0.16666666666666666,90,1.0,0,0.0,0,0.0,0.5
DK1,M3,q90,2023Q1,top2,180,11,1,6,0.16666666666666666,90,2.0,0,0.0,90,1.0,0.5
DK1,M3,q90,2023Q1,gate025,21,8,1,6,0.16666666666666666,90,0.23333333333333334,79,0.8777777777777778,10,0.1111111111111111,0.5
DK1,M3,q90,2023Q1,inherited_priority019,21,5,1,6,0.16666666666666666,90,0.23333333333333334,76,0.8444444444444444,7,0.07777777777777778,0.5
DK1,M3,q90,2023Q1,gate025_cool6,14,5,2,6,0.3333333333333333,90,0.15555555555555556,79,0.8777777777777778,3,0.03333333333333333,0.5
DK1,M3,q90,2023Q1,gate025_rise,21,8,2,6,0.3333333333333333,90,0.23333333333333334,79,0.8777777777777778,10,0.1111111111111111,0.5
DK1,M3,q90,2023Q1,gate025_rise_cool6,15,5,1,6,0.16666666666666666,90,0.16666666666666666,79,0.8777777777777778,4,0.044444444444444446,0.5
DK1,M3,q90,2023Q1,rolling90_target05,50,8,1,6,0.16666666666666666,90,0.5555555555555556,63,0.7,23,0.25555555555555554,0.5
DK1,M3,q90,2023Q1,development_count_gate,30,8,1,6,0.16666666666666666,90,0.3333333333333333,75,0.8333333333333334,15,0.16666666666666666,0.5
DK1,M3,q90,2023Q1,gate019,26,8,1,6,0.16666666666666666,90,0.28888888888888886,75,0.8333333333333334,11,0.12222222222222222,0.5
DK1,M3,q90,2023Q1,gate019_cool6,19,5,2,6,0.3333333333333333,90,0.2111111111111111,76,0.8444444444444444,5,0.05555555555555555,0.5
DK1,M3,q90,2023Q1,gate019_rise,26,8,2,6,0.3333333333333333,90,0.28888888888888886,75,0.8333333333333334,11,0.12222222222222222,0.5
DK1,M3,q90,2023Q2,none,0,0,0,6,0.0,91,0.0,91,1.0,0,0.0,0.5
DK1,M3,q90,2023Q2,top1,91,4,2,6,0.3333333333333333,91,1.0,0,0.0,0,0.0,0.5
DK1,M3,q90,2023Q2,top2,182,8,3,6,0.5,91,2.0,0,0.0,91,1.0,0.5
DK1,M3,q90,2023Q2,gate025,24,7,2,6,0.3333333333333333,91,0.26373626373626374,76,0.8351648351648352,9,0.0989010989010989,0.5
DK1,M3,q90,2023Q2,inherited_priority019,24,6,4,6,0.6666666666666666,91,0.26373626373626374,74,0.8131868131868132,7,0.07692307692307693,0.5
DK1,M3,q90,2023Q2,gate025_cool6,22,7,2,6,0.3333333333333333,91,0.24175824175824176,76,0.8351648351648352,7,0.07692307692307693,0.5
DK1,M3,q90,2023Q2,gate025_rise,24,7,4,6,0.6666666666666666,91,0.26373626373626374,76,0.8351648351648352,9,0.0989010989010989,0.5
DK1,M3,q90,2023Q2,gate025_rise_cool6,22,6,4,6,0.6666666666666666,91,0.24175824175824176,76,0.8351648351648352,7,0.07692307692307693,0.5
DK1,M3,q90,2023Q2,rolling90_target05,48,8,3,6,0.5,91,0.5274725274725275,65,0.7142857142857143,22,0.24175824175824176,0.5
DK1,M3,q90,2023Q2,development_count_gate,35,8,3,6,0.5,91,0.38461538461538464,73,0.8021978021978022,17,0.18681318681318682,0.5
DK1,M3,q90,2023Q2,gate019,31,8,3,6,0.5,91,0.34065934065934067,74,0.8131868131868132,14,0.15384615384615385,0.5
DK1,M3,q90,2023Q2,gate019_cool6,24,7,2,6,0.3333333333333333,91,0.26373626373626374,74,0.8131868131868132,7,0.07692307692307693,0.5
DK1,M3,q90,2023Q2,gate019_rise,31,8,5,6,0.8333333333333334,91,0.34065934065934067,74,0.8131868131868132,14,0.15384615384615385,0.5
DK1,M3,q90,2023Q3,none,0,0,0,12,0.0,87,0.0,87,1.0,0,0.0,0.5
DK1,M3,q90,2023Q3,top1,87,19,5,12,0.4166666666666667,87,1.0,0,0.0,0,0.0,0.5
DK1,M3,q90,2023Q3,top2,174,34,5,12,0.4166666666666667,87,2.0,0,0.0,87,1.0,0.5
DK1,M3,q90,2023Q3,gate025,65,32,4,12,0.3333333333333333,87,0.7471264367816092,54,0.6206896551724138,32,0.367816091954023,0.5
DK1,M3,q90,2023Q3,inherited_priority019,54,23,6,12,0.5,87,0.6206896551724138,51,0.5862068965517241,18,0.20689655172413793,0.5
DK1,M3,q90,2023Q3,gate025_cool6,45,23,5,12,0.4166666666666667,87,0.5172413793103449,56,0.6436781609195402,14,0.16091954022988506,0.5
DK1,M3,q90,2023Q3,gate025_rise,65,31,5,12,0.4166666666666667,87,0.7471264367816092,54,0.6206896551724138,32,0.367816091954023,0.5
DK1,M3,q90,2023Q3,gate025_rise_cool6,46,23,6,12,0.5,87,0.5287356321839081,55,0.632183908045977,14,0.16091954022988506,0.5
DK1,M3,q90,2023Q3,rolling90_target05,78,34,5,12,0.4166666666666667,87,0.896551724137931,47,0.5402298850574713,38,0.4367816091954023,0.5
DK1,M3,q90,2023Q3,development_count_gate,83,32,4,12,0.3333333333333333,87,0.9540229885057471,43,0.4942528735632184,39,0.4482758620689655,0.5
DK1,M3,q90,2023Q3,gate019,70,32,4,12,0.3333333333333333,87,0.8045977011494253,50,0.5747126436781609,33,0.3793103448275862,0.5
DK1,M3,q90,2023Q3,gate019_cool6,54,23,5,12,0.4166666666666667,87,0.6206896551724138,51,0.5862068965517241,18,0.20689655172413793,0.5
DK1,M3,q90,2023Q3,gate019_rise,70,30,5,12,0.4166666666666667,87,0.8045977011494253,50,0.5747126436781609,33,0.3793103448275862,0.5
DK1,M3,q90,2023Q4,none,0,0,0,7,0.0,88,0.0,88,1.0,0,0.0,0.5
DK1,M3,q90,2023Q4,top1,88,14,2,7,0.2857142857142857,88,1.0,0,0.0,0,0.0,0.5
DK1,M3,q90,2023Q4,top2,176,25,2,7,0.2857142857142857,88,2.0,0,0.0,88,1.0,0.5
DK1,M3,q90,2023Q4,gate025,38,21,2,7,0.2857142857142857,88,0.4318181818181818,69,0.7840909090909091,19,0.2159090909090909,0.5
DK1,M3,q90,2023Q4,inherited_priority019,37,20,5,7,0.7142857142857143,88,0.42045454545454547,65,0.7386363636363636,14,0.1590909090909091,0.5
DK1,M3,q90,2023Q4,gate025_cool6,31,22,4,7,0.5714285714285714,88,0.3522727272727273,70,0.7954545454545454,13,0.14772727272727273,0.5
DK1,M3,q90,2023Q4,gate025_rise,38,22,4,7,0.5714285714285714,88,0.4318181818181818,69,0.7840909090909091,19,0.2159090909090909,0.5
DK1,M3,q90,2023Q4,gate025_rise_cool6,31,19,5,7,0.7142857142857143,88,0.3522727272727273,69,0.7840909090909091,12,0.13636363636363635,0.5
DK1,M3,q90,2023Q4,rolling90_target05,37,20,1,7,0.14285714285714285,88,0.42045454545454547,69,0.7840909090909091,18,0.20454545454545456,0.5
DK1,M3,q90,2023Q4,development_count_gate,52,23,2,7,0.2857142857142857,88,0.5909090909090909,61,0.6931818181818182,25,0.2840909090909091,0.5
DK1,M3,q90,2023Q4,gate019,44,22,2,7,0.2857142857142857,88,0.5,65,0.7386363636363636,21,0.23863636363636365,0.5
DK1,M3,q90,2023Q4,gate019_cool6,38,23,4,7,0.5714285714285714,88,0.4318181818181818,65,0.7386363636363636,15,0.17045454545454544,0.5
DK1,M3,q90,2023Q4,gate019_rise,44,23,4,7,0.5714285714285714,88,0.5,65,0.7386363636363636,21,0.23863636363636365,0.5
DK1,M0,q95,all,none,0,0,0,18,0.0,356,0.0,356,1.0,0,0.0,0.5
DK1,M0,q95,all,top1,356,21,7,18,0.3888888888888889,356,1.0,0,0.0,0,0.0,0.5
DK1,M0,q95,all,top2,712,42,8,18,0.4444444444444444,356,2.0,0,0.0,356,1.0,0.5
DK1,M0,q95,all,gate025,80,34,5,18,0.2777777777777778,356,0.2247191011235955,311,0.8735955056179775,35,0.09831460674157304,0.5
DK1,M0,q95,all,inherited_priority019,77,29,9,18,0.5,356,0.21629213483146068,301,0.8455056179775281,22,0.06179775280898876,0.5
DK1,M0,q95,all,gate025_cool6,60,31,8,18,0.4444444444444444,356,0.16853932584269662,312,0.8764044943820225,16,0.0449438202247191,0.5
DK1,M0,q95,all,gate025_rise,80,33,7,18,0.3888888888888889,356,0.2247191011235955,311,0.8735955056179775,35,0.09831460674157304,0.5
DK1,M0,q95,all,gate025_rise_cool6,60,29,8,18,0.4444444444444444,356,0.16853932584269662,312,0.8764044943820225,16,0.0449438202247191,0.5
DK1,M0,q95,all,rolling90_target05,191,40,7,18,0.3888888888888889,356,0.5365168539325843,257,0.7219101123595506,92,0.25842696629213485,0.5
DK1,M0,q95,all,development_count_gate,192,42,8,18,0.4444444444444444,356,0.5393258426966292,254,0.7134831460674157,90,0.25280898876404495,0.5
DK1,M0,q95,all,gate019,107,35,6,18,0.3333333333333333,356,0.300561797752809,299,0.8398876404494382,50,0.1404494382022472,0.5
DK1,M0,q95,all,gate019_cool6,75,32,9,18,0.5,356,0.21067415730337077,302,0.848314606741573,21,0.05898876404494382,0.5
DK1,M0,q95,all,gate019_rise,107,35,8,18,0.4444444444444444,356,0.300561797752809,299,0.8398876404494382,50,0.1404494382022472,0.5
DK1,M0,q95,2023,none,0,0,0,18,0.0,356,0.0,356,1.0,0,0.0,0.5
DK1,M0,q95,2023,top1,356,21,7,18,0.3888888888888889,356,1.0,0,0.0,0,0.0,0.5
DK1,M0,q95,2023,top2,712,42,8,18,0.4444444444444444,356,2.0,0,0.0,356,1.0,0.5
DK1,M0,q95,2023,gate025,80,34,5,18,0.2777777777777778,356,0.2247191011235955,311,0.8735955056179775,35,0.09831460674157304,0.5
DK1,M0,q95,2023,inherited_priority019,77,29,9,18,0.5,356,0.21629213483146068,301,0.8455056179775281,22,0.06179775280898876,0.5
DK1,M0,q95,2023,gate025_cool6,60,31,8,18,0.4444444444444444,356,0.16853932584269662,312,0.8764044943820225,16,0.0449438202247191,0.5
DK1,M0,q95,2023,gate025_rise,80,33,7,18,0.3888888888888889,356,0.2247191011235955,311,0.8735955056179775,35,0.09831460674157304,0.5
DK1,M0,q95,2023,gate025_rise_cool6,60,29,8,18,0.4444444444444444,356,0.16853932584269662,312,0.8764044943820225,16,0.0449438202247191,0.5
DK1,M0,q95,2023,rolling90_target05,191,40,7,18,0.3888888888888889,356,0.5365168539325843,257,0.7219101123595506,92,0.25842696629213485,0.5
DK1,M0,q95,2023,development_count_gate,192,42,8,18,0.4444444444444444,356,0.5393258426966292,254,0.7134831460674157,90,0.25280898876404495,0.5
DK1,M0,q95,2023,gate019,107,35,6,18,0.3333333333333333,356,0.300561797752809,299,0.8398876404494382,50,0.1404494382022472,0.5
DK1,M0,q95,2023,gate019_cool6,75,32,9,18,0.5,356,0.21067415730337077,302,0.848314606741573,21,0.05898876404494382,0.5
DK1,M0,q95,2023,gate019_rise,107,35,8,18,0.4444444444444444,356,0.300561797752809,299,0.8398876404494382,50,0.1404494382022472,0.5
DK1,M0,q95,2023Q1,none,0,0,0,2,0.0,90,0.0,90,1.0,0,0.0,0.5
DK1,M0,q95,2023Q1,top1,90,1,0,2,0.0,90,1.0,0,0.0,0,0.0,0.5
DK1,M0,q95,2023Q1,top2,180,3,1,2,0.5,90,2.0,0,0.0,90,1.0,0.5
DK1,M0,q95,2023Q1,gate025,1,0,0,2,0.0,90,0.011111111111111112,89,0.9888888888888889,0,0.0,0.5
DK1,M0,q95,2023Q1,inherited_priority019,1,0,0,2,0.0,90,0.011111111111111112,89,0.9888888888888889,0,0.0,0.5
DK1,M0,q95,2023Q1,gate025_cool6,1,0,0,2,0.0,90,0.011111111111111112,89,0.9888888888888889,0,0.0,0.5
DK1,M0,q95,2023Q1,gate025_rise,1,0,0,2,0.0,90,0.011111111111111112,89,0.9888888888888889,0,0.0,0.5
DK1,M0,q95,2023Q1,gate025_rise_cool6,1,0,0,2,0.0,90,0.011111111111111112,89,0.9888888888888889,0,0.0,0.5
DK1,M0,q95,2023Q1,rolling90_target05,34,3,1,2,0.5,90,0.37777777777777777,73,0.8111111111111111,17,0.18888888888888888,0.5
DK1,M0,q95,2023Q1,development_count_gate,21,3,1,2,0.5,90,0.23333333333333334,77,0.8555555555555555,8,0.08888888888888889,0.5
DK1,M0,q95,2023Q1,gate019,2,0,0,2,0.0,90,0.022222222222222223,89,0.9888888888888889,1,0.011111111111111112,0.5
DK1,M0,q95,2023Q1,gate019_cool6,1,0,0,2,0.0,90,0.011111111111111112,89,0.9888888888888889,0,0.0,0.5
DK1,M0,q95,2023Q1,gate019_rise,2,0,0,2,0.0,90,0.022222222222222223,89,0.9888888888888889,1,0.011111111111111112,0.5
DK1,M0,q95,2023Q2,none,0,0,0,2,0.0,91,0.0,91,1.0,0,0.0,0.5
DK1,M0,q95,2023Q2,top1,91,3,2,2,1.0,91,1.0,0,0.0,0,0.0,0.5
DK1,M0,q95,2023Q2,top2,182,5,2,2,1.0,91,2.0,0,0.0,91,1.0,0.5
DK1,M0,q95,2023Q2,gate025,14,5,2,2,1.0,91,0.15384615384615385,82,0.9010989010989011,5,0.054945054945054944,0.5
DK1,M0,q95,2023Q2,inherited_priority019,18,2,1,2,0.5,91,0.1978021978021978,80,0.8791208791208791,7,0.07692307692307693,0.5
DK1,M0,q95,2023Q2,gate025_cool6,12,4,2,2,1.0,91,0.13186813186813187,82,0.9010989010989011,3,0.03296703296703297,0.5
DK1,M0,q95,2023Q2,gate025_rise,14,2,1,2,0.5,91,0.15384615384615385,82,0.9010989010989011,5,0.054945054945054944,0.5
DK1,M0,q95,2023Q2,gate025_rise_cool6,12,3,1,2,0.5,91,0.13186813186813187,82,0.9010989010989011,3,0.03296703296703297,0.5
DK1,M0,q95,2023Q2,rolling90_target05,54,5,2,2,1.0,91,0.5934065934065934,62,0.6813186813186813,25,0.27472527472527475,0.5
DK1,M0,q95,2023Q2,development_count_gate,37,5,2,2,1.0,91,0.4065934065934066,72,0.7912087912087912,18,0.1978021978021978,0.5
DK1,M0,q95,2023Q2,gate019,20,5,2,2,1.0,91,0.21978021978021978,80,0.8791208791208791,9,0.0989010989010989,0.5
DK1,M0,q95,2023Q2,gate019_cool6,18,4,2,2,1.0,91,0.1978021978021978,80,0.8791208791208791,7,0.07692307692307693,0.5
DK1,M0,q95,2023Q2,gate019_rise,20,2,1,2,0.5,91,0.21978021978021978,80,0.8791208791208791,9,0.0989010989010989,0.5
DK1,M0,q95,2023Q3,none,0,0,0,9,0.0,87,0.0,87,1.0,0,0.0,0.5
DK1,M0,q95,2023Q3,top1,87,11,4,9,0.4444444444444444,87,1.0,0,0.0,0,0.0,0.5
DK1,M0,q95,2023Q3,top2,174,21,4,9,0.4444444444444444,87,2.0,0,0.0,87,1.0,0.5
DK1,M0,q95,2023Q3,gate025,44,18,3,9,0.3333333333333333,87,0.5057471264367817,63,0.7241379310344828,20,0.22988505747126436,0.5
DK1,M0,q95,2023Q3,inherited_priority019,37,15,6,9,0.6666666666666666,87,0.42528735632183906,57,0.6551724137931034,7,0.08045977011494253,0.5
DK1,M0,q95,2023Q3,gate025_cool6,29,16,5,9,0.5555555555555556,87,0.3333333333333333,64,0.735632183908046,6,0.06896551724137931,0.5
DK1,M0,q95,2023Q3,gate025_rise,44,19,5,9,0.5555555555555556,87,0.5057471264367817,63,0.7241379310344828,20,0.22988505747126436,0.5
DK1,M0,q95,2023Q3,gate025_rise_cool6,29,15,5,9,0.5555555555555556,87,0.3333333333333333,64,0.735632183908046,6,0.06896551724137931,0.5
DK1,M0,q95,2023Q3,rolling90_target05,75,19,3,9,0.3333333333333333,87,0.8620689655172413,49,0.5632183908045977,37,0.42528735632183906,0.5
DK1,M0,q95,2023Q3,development_count_gate,92,21,4,9,0.4444444444444444,87,1.0574712643678161,38,0.4367816091954023,43,0.4942528735632184,0.5
DK1,M0,q95,2023Q3,gate019,58,19,4,9,0.4444444444444444,87,0.6666666666666666,56,0.6436781609195402,27,0.3103448275862069,0.5
DK1,M0,q95,2023Q3,gate019_cool6,36,17,6,9,0.6666666666666666,87,0.41379310344827586,58,0.6666666666666666,7,0.08045977011494253,0.5
DK1,M0,q95,2023Q3,gate019_rise,58,21,6,9,0.6666666666666666,87,0.6666666666666666,56,0.6436781609195402,27,0.3103448275862069,0.5
DK1,M0,q95,2023Q4,none,0,0,0,5,0.0,88,0.0,88,1.0,0,0.0,0.5
DK1,M0,q95,2023Q4,top1,88,6,1,5,0.2,88,1.0,0,0.0,0,0.0,0.5
DK1,M0,q95,2023Q4,top2,176,13,1,5,0.2,88,2.0,0,0.0,88,1.0,0.5
DK1,M0,q95,2023Q4,gate025,21,11,0,5,0.0,88,0.23863636363636365,77,0.875,10,0.11363636363636363,0.5
DK1,M0,q95,2023Q4,inherited_priority019,21,12,2,5,0.4,88,0.23863636363636365,75,0.8522727272727273,8,0.09090909090909091,0.5
DK1,M0,q95,2023Q4,gate025_cool6,18,11,1,5,0.2,88,0.20454545454545456,77,0.875,7,0.07954545454545454,0.5
DK1,M0,q95,2023Q4,gate025_rise,21,12,1,5,0.2,88,0.23863636363636365,77,0.875,10,0.11363636363636363,0.5
DK1,M0,q95,2023Q4,gate025_rise_cool6,18,11,2,5,0.4,88,0.20454545454545456,77,0.875,7,0.07954545454545454,0.5
DK1,M0,q95,2023Q4,rolling90_target05,28,13,1,5,0.2,88,0.3181818181818182,73,0.8295454545454546,13,0.14772727272727273,0.5
DK1,M0,q95,2023Q4,development_count_gate,42,13,1,5,0.2,88,0.4772727272727273,67,0.7613636363636364,21,0.23863636363636365,0.5
DK1,M0,q95,2023Q4,gate019,27,11,0,5,0.0,88,0.3068181818181818,74,0.8409090909090909,13,0.14772727272727273,0.5
DK1,M0,q95,2023Q4,gate019_cool6,20,11,1,5,0.2,88,0.22727272727272727,75,0.8522727272727273,7,0.07954545454545454,0.5
DK1,M0,q95,2023Q4,gate019_rise,27,12,1,5,0.2,88,0.3068181818181818,74,0.8409090909090909,13,0.14772727272727273,0.5
DK1,M1,q95,all,none,0,0,0,18,0.0,356,0.0,356,1.0,0,0.0,0.5
DK1,M1,q95,all,top1,356,21,8,18,0.4444444444444444,356,1.0,0,0.0,0,0.0,0.5
DK1,M1,q95,all,top2,712,41,9,18,0.5,356,2.0,0,0.0,356,1.0,0.5
DK1,M1,q95,all,gate025,78,33,5,18,0.2777777777777778,356,0.21910112359550563,314,0.8820224719101124,36,0.10112359550561797,0.5
DK1,M1,q95,all,inherited_priority019,72,27,7,18,0.3888888888888889,356,0.20224719101123595,301,0.8455056179775281,17,0.047752808988764044,0.5
DK1,M1,q95,all,gate025_cool6,53,26,7,18,0.3888888888888889,356,0.14887640449438203,316,0.8876404494382022,13,0.03651685393258427,0.5
DK1,M1,q95,all,gate025_rise,78,33,7,18,0.3888888888888889,356,0.21910112359550563,314,0.8820224719101124,36,0.10112359550561797,0.5
DK1,M1,q95,all,gate025_rise_cool6,53,24,6,18,0.3333333333333333,356,0.14887640449438203,316,0.8876404494382022,13,0.03651685393258427,0.5
DK1,M1,q95,all,rolling90_target05,196,38,7,18,0.3888888888888889,356,0.550561797752809,254,0.7134831460674157,94,0.2640449438202247,0.5
DK1,M1,q95,all,development_count_gate,187,41,9,18,0.5,356,0.5252808988764045,255,0.7162921348314607,86,0.24157303370786518,0.5
DK1,M1,q95,all,gate019,104,36,7,18,0.3888888888888889,356,0.29213483146067415,299,0.8398876404494382,47,0.13202247191011235,0.5
DK1,M1,q95,all,gate019_cool6,72,30,8,18,0.4444444444444444,356,0.20224719101123595,301,0.8455056179775281,17,0.047752808988764044,0.5
DK1,M1,q95,all,gate019_rise,104,36,9,18,0.5,356,0.29213483146067415,299,0.8398876404494382,47,0.13202247191011235,0.5
DK1,M1,q95,2023,none,0,0,0,18,0.0,356,0.0,356,1.0,0,0.0,0.5
DK1,M1,q95,2023,top1,356,21,8,18,0.4444444444444444,356,1.0,0,0.0,0,0.0,0.5
DK1,M1,q95,2023,top2,712,41,9,18,0.5,356,2.0,0,0.0,356,1.0,0.5
DK1,M1,q95,2023,gate025,78,33,5,18,0.2777777777777778,356,0.21910112359550563,314,0.8820224719101124,36,0.10112359550561797,0.5
DK1,M1,q95,2023,inherited_priority019,72,27,7,18,0.3888888888888889,356,0.20224719101123595,301,0.8455056179775281,17,0.047752808988764044,0.5
DK1,M1,q95,2023,gate025_cool6,53,26,7,18,0.3888888888888889,356,0.14887640449438203,316,0.8876404494382022,13,0.03651685393258427,0.5
DK1,M1,q95,2023,gate025_rise,78,33,7,18,0.3888888888888889,356,0.21910112359550563,314,0.8820224719101124,36,0.10112359550561797,0.5
DK1,M1,q95,2023,gate025_rise_cool6,53,24,6,18,0.3333333333333333,356,0.14887640449438203,316,0.8876404494382022,13,0.03651685393258427,0.5
DK1,M1,q95,2023,rolling90_target05,196,38,7,18,0.3888888888888889,356,0.550561797752809,254,0.7134831460674157,94,0.2640449438202247,0.5
DK1,M1,q95,2023,development_count_gate,187,41,9,18,0.5,356,0.5252808988764045,255,0.7162921348314607,86,0.24157303370786518,0.5
DK1,M1,q95,2023,gate019,104,36,7,18,0.3888888888888889,356,0.29213483146067415,299,0.8398876404494382,47,0.13202247191011235,0.5
DK1,M1,q95,2023,gate019_cool6,72,30,8,18,0.4444444444444444,356,0.20224719101123595,301,0.8455056179775281,17,0.047752808988764044,0.5
DK1,M1,q95,2023,gate019_rise,104,36,9,18,0.5,356,0.29213483146067415,299,0.8398876404494382,47,0.13202247191011235,0.5
DK1,M1,q95,2023Q1,none,0,0,0,2,0.0,90,0.0,90,1.0,0,0.0,0.5
DK1,M1,q95,2023Q1,top1,90,1,1,2,0.5,90,1.0,0,0.0,0,0.0,0.5
DK1,M1,q95,2023Q1,top2,180,2,1,2,0.5,90,2.0,0,0.0,90,1.0,0.5
DK1,M1,q95,2023Q1,gate025,2,0,0,2,0.0,90,0.022222222222222223,89,0.9888888888888889,1,0.011111111111111112,0.5
DK1,M1,q95,2023Q1,inherited_priority019,2,0,0,2,0.0,90,0.022222222222222223,88,0.9777777777777777,0,0.0,0.5
DK1,M1,q95,2023Q1,gate025_cool6,1,0,0,2,0.0,90,0.011111111111111112,89,0.9888888888888889,0,0.0,0.5
DK1,M1,q95,2023Q1,gate025_rise,2,0,0,2,0.0,90,0.022222222222222223,89,0.9888888888888889,1,0.011111111111111112,0.5
DK1,M1,q95,2023Q1,gate025_rise_cool6,1,0,0,2,0.0,90,0.011111111111111112,89,0.9888888888888889,0,0.0,0.5
DK1,M1,q95,2023Q1,rolling90_target05,38,2,1,2,0.5,90,0.4222222222222222,70,0.7777777777777778,18,0.2,0.5
DK1,M1,q95,2023Q1,development_count_gate,23,2,1,2,0.5,90,0.25555555555555554,77,0.8555555555555555,10,0.1111111111111111,0.5
DK1,M1,q95,2023Q1,gate019,3,0,0,2,0.0,90,0.03333333333333333,88,0.9777777777777777,1,0.011111111111111112,0.5
DK1,M1,q95,2023Q1,gate019_cool6,2,0,0,2,0.0,90,0.022222222222222223,88,0.9777777777777777,0,0.0,0.5
DK1,M1,q95,2023Q1,gate019_rise,3,0,0,2,0.0,90,0.03333333333333333,88,0.9777777777777777,1,0.011111111111111112,0.5
DK1,M1,q95,2023Q2,none,0,0,0,2,0.0,91,0.0,91,1.0,0,0.0,0.5
DK1,M1,q95,2023Q2,top1,91,3,2,2,1.0,91,1.0,0,0.0,0,0.0,0.5
DK1,M1,q95,2023Q2,top2,182,5,2,2,1.0,91,2.0,0,0.0,91,1.0,0.5
DK1,M1,q95,2023Q2,gate025,10,5,2,2,1.0,91,0.10989010989010989,85,0.9340659340659341,4,0.04395604395604396,0.5
DK1,M1,q95,2023Q2,inherited_priority019,13,3,1,2,0.5,91,0.14285714285714285,81,0.8901098901098901,3,0.03296703296703297,0.5
DK1,M1,q95,2023Q2,gate025_cool6,8,4,2,2,1.0,91,0.08791208791208792,85,0.9340659340659341,2,0.02197802197802198,0.5
DK1,M1,q95,2023Q2,gate025_rise,10,3,1,2,0.5,91,0.10989010989010989,85,0.9340659340659341,4,0.04395604395604396,0.5
DK1,M1,q95,2023Q2,gate025_rise_cool6,8,3,1,2,0.5,91,0.08791208791208792,85,0.9340659340659341,2,0.02197802197802198,0.5
DK1,M1,q95,2023Q2,rolling90_target05,47,5,2,2,1.0,91,0.5164835164835165,66,0.7252747252747253,22,0.24175824175824176,0.5
DK1,M1,q95,2023Q2,development_count_gate,33,5,2,2,1.0,91,0.3626373626373626,73,0.8021978021978022,15,0.16483516483516483,0.5
DK1,M1,q95,2023Q2,gate019,16,5,2,2,1.0,91,0.17582417582417584,81,0.8901098901098901,6,0.06593406593406594,0.5
DK1,M1,q95,2023Q2,gate019_cool6,13,4,2,2,1.0,91,0.14285714285714285,81,0.8901098901098901,3,0.03296703296703297,0.5
DK1,M1,q95,2023Q2,gate019_rise,16,3,1,2,0.5,91,0.17582417582417584,81,0.8901098901098901,6,0.06593406593406594,0.5
DK1,M1,q95,2023Q3,none,0,0,0,9,0.0,87,0.0,87,1.0,0,0.0,0.5
DK1,M1,q95,2023Q3,top1,87,11,4,9,0.4444444444444444,87,1.0,0,0.0,0,0.0,0.5
DK1,M1,q95,2023Q3,top2,174,21,5,9,0.5555555555555556,87,2.0,0,0.0,87,1.0,0.5
DK1,M1,q95,2023Q3,gate025,37,17,3,9,0.3333333333333333,87,0.42528735632183906,67,0.7701149425287356,17,0.19540229885057472,0.5
DK1,M1,q95,2023Q3,inherited_priority019,32,14,4,9,0.4444444444444444,87,0.367816091954023,60,0.6896551724137931,5,0.05747126436781609,0.5
DK1,M1,q95,2023Q3,gate025_cool6,23,12,4,9,0.4444444444444444,87,0.26436781609195403,67,0.7701149425287356,3,0.034482758620689655,0.5
DK1,M1,q95,2023Q3,gate025_rise,37,18,5,9,0.5555555555555556,87,0.42528735632183906,67,0.7701149425287356,17,0.19540229885057472,0.5
DK1,M1,q95,2023Q3,gate025_rise_cool6,23,11,3,9,0.3333333333333333,87,0.26436781609195403,67,0.7701149425287356,3,0.034482758620689655,0.5
DK1,M1,q95,2023Q3,rolling90_target05,75,20,4,9,0.4444444444444444,87,0.8620689655172413,48,0.5517241379310345,36,0.41379310344827586,0.5
DK1,M1,q95,2023Q3,development_count_gate,87,21,5,9,0.5555555555555556,87,1.0,40,0.45977011494252873,40,0.45977011494252873,0.5
DK1,M1,q95,2023Q3,gate019,52,20,5,9,0.5555555555555556,87,0.5977011494252874,59,0.6781609195402298,24,0.27586206896551724,0.5
DK1,M1,q95,2023Q3,gate019_cool6,32,16,5,9,0.5555555555555556,87,0.367816091954023,60,0.6896551724137931,5,0.05747126436781609,0.5
DK1,M1,q95,2023Q3,gate019_rise,52,21,7,9,0.7777777777777778,87,0.5977011494252874,59,0.6781609195402298,24,0.27586206896551724,0.5
DK1,M1,q95,2023Q4,none,0,0,0,5,0.0,88,0.0,88,1.0,0,0.0,0.5
DK1,M1,q95,2023Q4,top1,88,6,1,5,0.2,88,1.0,0,0.0,0,0.0,0.5
DK1,M1,q95,2023Q4,top2,176,13,1,5,0.2,88,2.0,0,0.0,88,1.0,0.5
DK1,M1,q95,2023Q4,gate025,29,11,0,5,0.0,88,0.32954545454545453,73,0.8295454545454546,14,0.1590909090909091,0.5
DK1,M1,q95,2023Q4,inherited_priority019,25,10,2,5,0.4,88,0.2840909090909091,72,0.8181818181818182,9,0.10227272727272728,0.5
DK1,M1,q95,2023Q4,gate025_cool6,21,10,1,5,0.2,88,0.23863636363636365,75,0.8522727272727273,8,0.09090909090909091,0.5
DK1,M1,q95,2023Q4,gate025_rise,29,12,1,5,0.2,88,0.32954545454545453,73,0.8295454545454546,14,0.1590909090909091,0.5
DK1,M1,q95,2023Q4,gate025_rise_cool6,21,10,2,5,0.4,88,0.23863636363636365,75,0.8522727272727273,8,0.09090909090909091,0.5
DK1,M1,q95,2023Q4,rolling90_target05,36,11,0,5,0.0,88,0.4090909090909091,70,0.7954545454545454,18,0.20454545454545456,0.5
DK1,M1,q95,2023Q4,development_count_gate,44,13,1,5,0.2,88,0.5,65,0.7386363636363636,21,0.23863636363636365,0.5
DK1,M1,q95,2023Q4,gate019,33,11,0,5,0.0,88,0.375,71,0.8068181818181818,16,0.18181818181818182,0.5
DK1,M1,q95,2023Q4,gate019_cool6,25,10,1,5,0.2,88,0.2840909090909091,72,0.8181818181818182,9,0.10227272727272728,0.5
DK1,M1,q95,2023Q4,gate019_rise,33,12,1,5,0.2,88,0.375,71,0.8068181818181818,16,0.18181818181818182,0.5
DK1,M2,q95,all,none,0,0,0,18,0.0,356,0.0,356,1.0,0,0.0,0.5
DK1,M2,q95,all,top1,356,20,7,18,0.3888888888888889,356,1.0,0,0.0,0,0.0,0.5
DK1,M2,q95,all,top2,712,41,8,18,0.4444444444444444,356,2.0,0,0.0,356,1.0,0.5
DK1,M2,q95,all,gate025,80,33,5,18,0.2777777777777778,356,0.2247191011235955,311,0.8735955056179775,35,0.09831460674157304,0.5
DK1,M2,q95,all,inherited_priority019,76,31,9,18,0.5,356,0.21348314606741572,302,0.848314606741573,22,0.06179775280898876,0.5
DK1,M2,q95,all,gate025_cool6,60,30,9,18,0.5,356,0.16853932584269662,312,0.8764044943820225,16,0.0449438202247191,0.5
DK1,M2,q95,all,gate025_rise,80,33,7,18,0.3888888888888889,356,0.2247191011235955,311,0.8735955056179775,35,0.09831460674157304,0.5
DK1,M2,q95,all,gate025_rise_cool6,60,31,8,18,0.4444444444444444,356,0.16853932584269662,312,0.8764044943820225,16,0.0449438202247191,0.5
DK1,M2,q95,all,rolling90_target05,197,39,7,18,0.3888888888888889,356,0.5533707865168539,253,0.7106741573033708,94,0.2640449438202247,0.5
DK1,M2,q95,all,development_count_gate,181,41,8,18,0.4444444444444444,356,0.5084269662921348,261,0.7331460674157303,86,0.24157303370786518,0.5
DK1,M2,q95,all,gate019,106,34,6,18,0.3333333333333333,356,0.29775280898876405,300,0.8426966292134831,50,0.1404494382022472,0.5
DK1,M2,q95,all,gate019_cool6,74,31,10,18,0.5555555555555556,356,0.20786516853932585,303,0.851123595505618,21,0.05898876404494382,0.5
DK1,M2,q95,all,gate019_rise,106,35,8,18,0.4444444444444444,356,0.29775280898876405,300,0.8426966292134831,50,0.1404494382022472,0.5
DK1,M2,q95,2023,none,0,0,0,18,0.0,356,0.0,356,1.0,0,0.0,0.5
DK1,M2,q95,2023,top1,356,20,7,18,0.3888888888888889,356,1.0,0,0.0,0,0.0,0.5
DK1,M2,q95,2023,top2,712,41,8,18,0.4444444444444444,356,2.0,0,0.0,356,1.0,0.5
DK1,M2,q95,2023,gate025,80,33,5,18,0.2777777777777778,356,0.2247191011235955,311,0.8735955056179775,35,0.09831460674157304,0.5
DK1,M2,q95,2023,inherited_priority019,76,31,9,18,0.5,356,0.21348314606741572,302,0.848314606741573,22,0.06179775280898876,0.5
DK1,M2,q95,2023,gate025_cool6,60,30,9,18,0.5,356,0.16853932584269662,312,0.8764044943820225,16,0.0449438202247191,0.5
DK1,M2,q95,2023,gate025_rise,80,33,7,18,0.3888888888888889,356,0.2247191011235955,311,0.8735955056179775,35,0.09831460674157304,0.5
DK1,M2,q95,2023,gate025_rise_cool6,60,31,8,18,0.4444444444444444,356,0.16853932584269662,312,0.8764044943820225,16,0.0449438202247191,0.5
DK1,M2,q95,2023,rolling90_target05,197,39,7,18,0.3888888888888889,356,0.5533707865168539,253,0.7106741573033708,94,0.2640449438202247,0.5
DK1,M2,q95,2023,development_count_gate,181,41,8,18,0.4444444444444444,356,0.5084269662921348,261,0.7331460674157303,86,0.24157303370786518,0.5
DK1,M2,q95,2023,gate019,106,34,6,18,0.3333333333333333,356,0.29775280898876405,300,0.8426966292134831,50,0.1404494382022472,0.5
DK1,M2,q95,2023,gate019_cool6,74,31,10,18,0.5555555555555556,356,0.20786516853932585,303,0.851123595505618,21,0.05898876404494382,0.5
DK1,M2,q95,2023,gate019_rise,106,35,8,18,0.4444444444444444,356,0.29775280898876405,300,0.8426966292134831,50,0.1404494382022472,0.5
DK1,M2,q95,2023Q1,none,0,0,0,2,0.0,90,0.0,90,1.0,0,0.0,0.5
DK1,M2,q95,2023Q1,top1,90,1,0,2,0.0,90,1.0,0,0.0,0,0.0,0.5
DK1,M2,q95,2023Q1,top2,180,3,1,2,0.5,90,2.0,0,0.0,90,1.0,0.5
DK1,M2,q95,2023Q1,gate025,1,0,0,2,0.0,90,0.011111111111111112,89,0.9888888888888889,0,0.0,0.5
DK1,M2,q95,2023Q1,inherited_priority019,1,0,0,2,0.0,90,0.011111111111111112,89,0.9888888888888889,0,0.0,0.5
DK1,M2,q95,2023Q1,gate025_cool6,1,0,0,2,0.0,90,0.011111111111111112,89,0.9888888888888889,0,0.0,0.5
DK1,M2,q95,2023Q1,gate025_rise,1,0,0,2,0.0,90,0.011111111111111112,89,0.9888888888888889,0,0.0,0.5
DK1,M2,q95,2023Q1,gate025_rise_cool6,1,0,0,2,0.0,90,0.011111111111111112,89,0.9888888888888889,0,0.0,0.5
DK1,M2,q95,2023Q1,rolling90_target05,41,3,1,2,0.5,90,0.45555555555555555,69,0.7666666666666667,20,0.2222222222222222,0.5
DK1,M2,q95,2023Q1,development_count_gate,19,3,1,2,0.5,90,0.2111111111111111,79,0.8777777777777778,8,0.08888888888888889,0.5
DK1,M2,q95,2023Q1,gate019,2,0,0,2,0.0,90,0.022222222222222223,89,0.9888888888888889,1,0.011111111111111112,0.5
DK1,M2,q95,2023Q1,gate019_cool6,1,0,0,2,0.0,90,0.011111111111111112,89,0.9888888888888889,0,0.0,0.5
DK1,M2,q95,2023Q1,gate019_rise,2,0,0,2,0.0,90,0.022222222222222223,89,0.9888888888888889,1,0.011111111111111112,0.5
DK1,M2,q95,2023Q2,none,0,0,0,2,0.0,91,0.0,91,1.0,0,0.0,0.5
DK1,M2,q95,2023Q2,top1,91,3,2,2,1.0,91,1.0,0,0.0,0,0.0,0.5
DK1,M2,q95,2023Q2,top2,182,5,2,2,1.0,91,2.0,0,0.0,91,1.0,0.5
DK1,M2,q95,2023Q2,gate025,14,5,2,2,1.0,91,0.15384615384615385,82,0.9010989010989011,5,0.054945054945054944,0.5
DK1,M2,q95,2023Q2,inherited_priority019,17,3,1,2,0.5,91,0.18681318681318682,81,0.8901098901098901,7,0.07692307692307693,0.5
DK1,M2,q95,2023Q2,gate025_cool6,12,4,2,2,1.0,91,0.13186813186813187,82,0.9010989010989011,3,0.03296703296703297,0.5
DK1,M2,q95,2023Q2,gate025_rise,14,2,1,2,0.5,91,0.15384615384615385,82,0.9010989010989011,5,0.054945054945054944,0.5
DK1,M2,q95,2023Q2,gate025_rise_cool6,12,3,1,2,0.5,91,0.13186813186813187,82,0.9010989010989011,3,0.03296703296703297,0.5
DK1,M2,q95,2023Q2,rolling90_target05,55,5,2,2,1.0,91,0.6043956043956044,61,0.6703296703296703,25,0.27472527472527475,0.5
DK1,M2,q95,2023Q2,development_count_gate,37,5,2,2,1.0,91,0.4065934065934066,72,0.7912087912087912,18,0.1978021978021978,0.5
DK1,M2,q95,2023Q2,gate019,19,5,2,2,1.0,91,0.2087912087912088,81,0.8901098901098901,9,0.0989010989010989,0.5
DK1,M2,q95,2023Q2,gate019_cool6,17,4,2,2,1.0,91,0.18681318681318682,81,0.8901098901098901,7,0.07692307692307693,0.5
DK1,M2,q95,2023Q2,gate019_rise,19,2,1,2,0.5,91,0.2087912087912088,81,0.8901098901098901,9,0.0989010989010989,0.5
DK1,M2,q95,2023Q3,none,0,0,0,9,0.0,87,0.0,87,1.0,0,0.0,0.5
DK1,M2,q95,2023Q3,top1,87,10,4,9,0.4444444444444444,87,1.0,0,0.0,0,0.0,0.5
DK1,M2,q95,2023Q3,top2,174,21,4,9,0.4444444444444444,87,2.0,0,0.0,87,1.0,0.5
DK1,M2,q95,2023Q3,gate025,44,18,3,9,0.3333333333333333,87,0.5057471264367817,63,0.7241379310344828,20,0.22988505747126436,0.5
DK1,M2,q95,2023Q3,inherited_priority019,37,16,6,9,0.6666666666666666,87,0.42528735632183906,57,0.6551724137931034,7,0.08045977011494253,0.5
DK1,M2,q95,2023Q3,gate025_cool6,29,15,5,9,0.5555555555555556,87,0.3333333333333333,64,0.735632183908046,6,0.06896551724137931,0.5
DK1,M2,q95,2023Q3,gate025_rise,44,19,5,9,0.5555555555555556,87,0.5057471264367817,63,0.7241379310344828,20,0.22988505747126436,0.5
DK1,M2,q95,2023Q3,gate025_rise_cool6,29,16,5,9,0.5555555555555556,87,0.3333333333333333,64,0.735632183908046,6,0.06896551724137931,0.5
DK1,M2,q95,2023Q3,rolling90_target05,72,19,3,9,0.3333333333333333,87,0.8275862068965517,50,0.5747126436781609,35,0.40229885057471265,0.5
DK1,M2,q95,2023Q3,development_count_gate,86,21,4,9,0.4444444444444444,87,0.9885057471264368,42,0.4827586206896552,41,0.47126436781609193,0.5
DK1,M2,q95,2023Q3,gate019,58,19,4,9,0.4444444444444444,87,0.6666666666666666,56,0.6436781609195402,27,0.3103448275862069,0.5
DK1,M2,q95,2023Q3,gate019_cool6,36,16,6,9,0.6666666666666666,87,0.41379310344827586,58,0.6666666666666666,7,0.08045977011494253,0.5
DK1,M2,q95,2023Q3,gate019_rise,58,21,6,9,0.6666666666666666,87,0.6666666666666666,56,0.6436781609195402,27,0.3103448275862069,0.5
DK1,M2,q95,2023Q4,none,0,0,0,5,0.0,88,0.0,88,1.0,0,0.0,0.5
DK1,M2,q95,2023Q4,top1,88,6,1,5,0.2,88,1.0,0,0.0,0,0.0,0.5
DK1,M2,q95,2023Q4,top2,176,12,1,5,0.2,88,2.0,0,0.0,88,1.0,0.5
DK1,M2,q95,2023Q4,gate025,21,10,0,5,0.0,88,0.23863636363636365,77,0.875,10,0.11363636363636363,0.5
DK1,M2,q95,2023Q4,inherited_priority019,21,12,2,5,0.4,88,0.23863636363636365,75,0.8522727272727273,8,0.09090909090909091,0.5
DK1,M2,q95,2023Q4,gate025_cool6,18,11,2,5,0.4,88,0.20454545454545456,77,0.875,7,0.07954545454545454,0.5
DK1,M2,q95,2023Q4,gate025_rise,21,12,1,5,0.2,88,0.23863636363636365,77,0.875,10,0.11363636363636363,0.5
DK1,M2,q95,2023Q4,gate025_rise_cool6,18,12,2,5,0.4,88,0.20454545454545456,77,0.875,7,0.07954545454545454,0.5
DK1,M2,q95,2023Q4,rolling90_target05,29,12,1,5,0.2,88,0.32954545454545453,73,0.8295454545454546,14,0.1590909090909091,0.5
DK1,M2,q95,2023Q4,development_count_gate,39,12,1,5,0.2,88,0.4431818181818182,68,0.7727272727272727,19,0.2159090909090909,0.5
DK1,M2,q95,2023Q4,gate019,27,10,0,5,0.0,88,0.3068181818181818,74,0.8409090909090909,13,0.14772727272727273,0.5
DK1,M2,q95,2023Q4,gate019_cool6,20,11,2,5,0.4,88,0.22727272727272727,75,0.8522727272727273,7,0.07954545454545454,0.5
DK1,M2,q95,2023Q4,gate019_rise,27,12,1,5,0.2,88,0.3068181818181818,74,0.8409090909090909,13,0.14772727272727273,0.5
DK1,M3,q95,all,none,0,0,0,18,0.0,356,0.0,356,1.0,0,0.0,0.5
DK1,M3,q95,all,top1,356,22,9,18,0.5,356,1.0,0,0.0,0,0.0,0.5
DK1,M3,q95,all,top2,712,41,10,18,0.5555555555555556,356,2.0,0,0.0,356,1.0,0.5
DK1,M3,q95,all,gate025,78,31,5,18,0.2777777777777778,356,0.21910112359550563,314,0.8820224719101124,36,0.10112359550561797,0.5
DK1,M3,q95,all,inherited_priority019,72,27,7,18,0.3888888888888889,356,0.20224719101123595,302,0.848314606741573,18,0.05056179775280899,0.5
DK1,M3,q95,all,gate025_cool6,53,25,7,18,0.3888888888888889,356,0.14887640449438203,316,0.8876404494382022,13,0.03651685393258427,0.5
DK1,M3,q95,all,gate025_rise,78,32,7,18,0.3888888888888889,356,0.21910112359550563,314,0.8820224719101124,36,0.10112359550561797,0.5
DK1,M3,q95,all,gate025_rise_cool6,54,24,6,18,0.3333333333333333,356,0.15168539325842698,316,0.8876404494382022,14,0.03932584269662921,0.5
DK1,M3,q95,all,rolling90_target05,201,39,9,18,0.5,356,0.5646067415730337,252,0.7078651685393258,97,0.27247191011235955,0.5
DK1,M3,q95,all,development_count_gate,188,40,9,18,0.5,356,0.5280898876404494,254,0.7134831460674157,86,0.24157303370786518,0.5
DK1,M3,q95,all,gate019,103,34,7,18,0.3888888888888889,356,0.2893258426966292,300,0.8426966292134831,47,0.13202247191011235,0.5
DK1,M3,q95,all,gate019_cool6,71,29,9,18,0.5,356,0.199438202247191,302,0.848314606741573,17,0.047752808988764044,0.5
DK1,M3,q95,all,gate019_rise,103,36,9,18,0.5,356,0.2893258426966292,300,0.8426966292134831,47,0.13202247191011235,0.5
DK1,M3,q95,2023,none,0,0,0,18,0.0,356,0.0,356,1.0,0,0.0,0.5
DK1,M3,q95,2023,top1,356,22,9,18,0.5,356,1.0,0,0.0,0,0.0,0.5
DK1,M3,q95,2023,top2,712,41,10,18,0.5555555555555556,356,2.0,0,0.0,356,1.0,0.5
DK1,M3,q95,2023,gate025,78,31,5,18,0.2777777777777778,356,0.21910112359550563,314,0.8820224719101124,36,0.10112359550561797,0.5
DK1,M3,q95,2023,inherited_priority019,72,27,7,18,0.3888888888888889,356,0.20224719101123595,302,0.848314606741573,18,0.05056179775280899,0.5
DK1,M3,q95,2023,gate025_cool6,53,25,7,18,0.3888888888888889,356,0.14887640449438203,316,0.8876404494382022,13,0.03651685393258427,0.5
DK1,M3,q95,2023,gate025_rise,78,32,7,18,0.3888888888888889,356,0.21910112359550563,314,0.8820224719101124,36,0.10112359550561797,0.5
DK1,M3,q95,2023,gate025_rise_cool6,54,24,6,18,0.3333333333333333,356,0.15168539325842698,316,0.8876404494382022,14,0.03932584269662921,0.5
DK1,M3,q95,2023,rolling90_target05,201,39,9,18,0.5,356,0.5646067415730337,252,0.7078651685393258,97,0.27247191011235955,0.5
DK1,M3,q95,2023,development_count_gate,188,40,9,18,0.5,356,0.5280898876404494,254,0.7134831460674157,86,0.24157303370786518,0.5
DK1,M3,q95,2023,gate019,103,34,7,18,0.3888888888888889,356,0.2893258426966292,300,0.8426966292134831,47,0.13202247191011235,0.5
DK1,M3,q95,2023,gate019_cool6,71,29,9,18,0.5,356,0.199438202247191,302,0.848314606741573,17,0.047752808988764044,0.5
DK1,M3,q95,2023,gate019_rise,103,36,9,18,0.5,356,0.2893258426966292,300,0.8426966292134831,47,0.13202247191011235,0.5
DK1,M3,q95,2023Q1,none,0,0,0,2,0.0,90,0.0,90,1.0,0,0.0,0.5
DK1,M3,q95,2023Q1,top1,90,1,1,2,0.5,90,1.0,0,0.0,0,0.0,0.5
DK1,M3,q95,2023Q1,top2,180,2,1,2,0.5,90,2.0,0,0.0,90,1.0,0.5
DK1,M3,q95,2023Q1,gate025,2,0,0,2,0.0,90,0.022222222222222223,89,0.9888888888888889,1,0.011111111111111112,0.5
DK1,M3,q95,2023Q1,inherited_priority019,2,0,0,2,0.0,90,0.022222222222222223,88,0.9777777777777777,0,0.0,0.5
DK1,M3,q95,2023Q1,gate025_cool6,1,0,0,2,0.0,90,0.011111111111111112,89,0.9888888888888889,0,0.0,0.5
DK1,M3,q95,2023Q1,gate025_rise,2,0,0,2,0.0,90,0.022222222222222223,89,0.9888888888888889,1,0.011111111111111112,0.5
DK1,M3,q95,2023Q1,gate025_rise_cool6,1,0,0,2,0.0,90,0.011111111111111112,89,0.9888888888888889,0,0.0,0.5
DK1,M3,q95,2023Q1,rolling90_target05,44,2,1,2,0.5,90,0.4888888888888889,67,0.7444444444444445,21,0.23333333333333334,0.5
DK1,M3,q95,2023Q1,development_count_gate,23,2,1,2,0.5,90,0.25555555555555554,77,0.8555555555555555,10,0.1111111111111111,0.5
DK1,M3,q95,2023Q1,gate019,3,0,0,2,0.0,90,0.03333333333333333,88,0.9777777777777777,1,0.011111111111111112,0.5
DK1,M3,q95,2023Q1,gate019_cool6,2,0,0,2,0.0,90,0.022222222222222223,88,0.9777777777777777,0,0.0,0.5
DK1,M3,q95,2023Q1,gate019_rise,3,0,0,2,0.0,90,0.03333333333333333,88,0.9777777777777777,1,0.011111111111111112,0.5
DK1,M3,q95,2023Q2,none,0,0,0,2,0.0,91,0.0,91,1.0,0,0.0,0.5
DK1,M3,q95,2023Q2,top1,91,3,2,2,1.0,91,1.0,0,0.0,0,0.0,0.5
DK1,M3,q95,2023Q2,top2,182,5,2,2,1.0,91,2.0,0,0.0,91,1.0,0.5
DK1,M3,q95,2023Q2,gate025,10,5,2,2,1.0,91,0.10989010989010989,85,0.9340659340659341,4,0.04395604395604396,0.5
DK1,M3,q95,2023Q2,inherited_priority019,13,3,1,2,0.5,91,0.14285714285714285,81,0.8901098901098901,3,0.03296703296703297,0.5
DK1,M3,q95,2023Q2,gate025_cool6,8,4,2,2,1.0,91,0.08791208791208792,85,0.9340659340659341,2,0.02197802197802198,0.5
DK1,M3,q95,2023Q2,gate025_rise,10,2,1,2,0.5,91,0.10989010989010989,85,0.9340659340659341,4,0.04395604395604396,0.5
DK1,M3,q95,2023Q2,gate025_rise_cool6,8,3,1,2,0.5,91,0.08791208791208792,85,0.9340659340659341,2,0.02197802197802198,0.5
DK1,M3,q95,2023Q2,rolling90_target05,44,5,2,2,1.0,91,0.4835164835164835,67,0.7362637362637363,20,0.21978021978021978,0.5
DK1,M3,q95,2023Q2,development_count_gate,33,5,2,2,1.0,91,0.3626373626373626,73,0.8021978021978022,15,0.16483516483516483,0.5
DK1,M3,q95,2023Q2,gate019,16,5,2,2,1.0,91,0.17582417582417584,81,0.8901098901098901,6,0.06593406593406594,0.5
DK1,M3,q95,2023Q2,gate019_cool6,13,4,2,2,1.0,91,0.14285714285714285,81,0.8901098901098901,3,0.03296703296703297,0.5
DK1,M3,q95,2023Q2,gate019_rise,16,2,1,2,0.5,91,0.17582417582417584,81,0.8901098901098901,6,0.06593406593406594,0.5
DK1,M3,q95,2023Q3,none,0,0,0,9,0.0,87,0.0,87,1.0,0,0.0,0.5
DK1,M3,q95,2023Q3,top1,87,12,5,9,0.5555555555555556,87,1.0,0,0.0,0,0.0,0.5
DK1,M3,q95,2023Q3,top2,174,22,6,9,0.6666666666666666,87,2.0,0,0.0,87,1.0,0.5
DK1,M3,q95,2023Q3,gate025,37,16,3,9,0.3333333333333333,87,0.42528735632183906,67,0.7701149425287356,17,0.19540229885057472,0.5
DK1,M3,q95,2023Q3,inherited_priority019,33,14,4,9,0.4444444444444444,87,0.3793103448275862,60,0.6896551724137931,6,0.06896551724137931,0.5
DK1,M3,q95,2023Q3,gate025_cool6,23,12,4,9,0.4444444444444444,87,0.26436781609195403,67,0.7701149425287356,3,0.034482758620689655,0.5
DK1,M3,q95,2023Q3,gate025_rise,37,18,5,9,0.5555555555555556,87,0.42528735632183906,67,0.7701149425287356,17,0.19540229885057472,0.5
DK1,M3,q95,2023Q3,gate025_rise_cool6,24,11,3,9,0.3333333333333333,87,0.27586206896551724,67,0.7701149425287356,4,0.04597701149425287,0.5
DK1,M3,q95,2023Q3,rolling90_target05,75,20,5,9,0.5555555555555556,87,0.8620689655172413,49,0.5632183908045977,37,0.42528735632183906,0.5
DK1,M3,q95,2023Q3,development_count_gate,87,21,5,9,0.5555555555555556,87,1.0,40,0.45977011494252873,40,0.45977011494252873,0.5
DK1,M3,q95,2023Q3,gate019,52,19,5,9,0.5555555555555556,87,0.5977011494252874,59,0.6781609195402298,24,0.27586206896551724,0.5
DK1,M3,q95,2023Q3,gate019_cool6,32,16,6,9,0.6666666666666666,87,0.367816091954023,60,0.6896551724137931,5,0.05747126436781609,0.5
DK1,M3,q95,2023Q3,gate019_rise,52,22,7,9,0.7777777777777778,87,0.5977011494252874,59,0.6781609195402298,24,0.27586206896551724,0.5
DK1,M3,q95,2023Q4,none,0,0,0,5,0.0,88,0.0,88,1.0,0,0.0,0.5
DK1,M3,q95,2023Q4,top1,88,6,1,5,0.2,88,1.0,0,0.0,0,0.0,0.5
DK1,M3,q95,2023Q4,top2,176,12,1,5,0.2,88,2.0,0,0.0,88,1.0,0.5
DK1,M3,q95,2023Q4,gate025,29,10,0,5,0.0,88,0.32954545454545453,73,0.8295454545454546,14,0.1590909090909091,0.5
DK1,M3,q95,2023Q4,inherited_priority019,24,10,2,5,0.4,88,0.2727272727272727,73,0.8295454545454546,9,0.10227272727272728,0.5
DK1,M3,q95,2023Q4,gate025_cool6,21,9,1,5,0.2,88,0.23863636363636365,75,0.8522727272727273,8,0.09090909090909091,0.5
DK1,M3,q95,2023Q4,gate025_rise,29,12,1,5,0.2,88,0.32954545454545453,73,0.8295454545454546,14,0.1590909090909091,0.5
DK1,M3,q95,2023Q4,gate025_rise_cool6,21,10,2,5,0.4,88,0.23863636363636365,75,0.8522727272727273,8,0.09090909090909091,0.5
DK1,M3,q95,2023Q4,rolling90_target05,38,12,1,5,0.2,88,0.4318181818181818,69,0.7840909090909091,19,0.2159090909090909,0.5
DK1,M3,q95,2023Q4,development_count_gate,45,12,1,5,0.2,88,0.5113636363636364,64,0.7272727272727273,21,0.23863636363636365,0.5
DK1,M3,q95,2023Q4,gate019,32,10,0,5,0.0,88,0.36363636363636365,72,0.8181818181818182,16,0.18181818181818182,0.5
DK1,M3,q95,2023Q4,gate019_cool6,24,9,1,5,0.2,88,0.2727272727272727,73,0.8295454545454546,9,0.10227272727272728,0.5
DK1,M3,q95,2023Q4,gate019_rise,32,12,1,5,0.2,88,0.36363636363636365,72,0.8181818181818182,16,0.18181818181818182,0.5
DK2,M0,q90,all,none,0,0,0,26,0.0,356,0.0,356,1.0,0,0.0,0.5
DK2,M0,q90,all,top1,356,48,10,26,0.38461538461538464,356,1.0,0,0.0,0,0.0,0.5
DK2,M0,q90,all,top2,712,94,14,26,0.5384615384615384,356,2.0,0,0.0,356,1.0,0.5
DK2,M0,q90,all,gate025,159,83,10,26,0.38461538461538464,356,0.44662921348314605,270,0.7584269662921348,73,0.2050561797752809,0.5
DK2,M0,q90,all,inherited_priority019,148,58,14,26,0.5384615384615384,356,0.4157303370786517,261,0.7331460674157303,53,0.14887640449438203,0.5
DK2,M0,q90,all,gate025_cool6,125,65,13,26,0.5,356,0.351123595505618,271,0.7612359550561798,40,0.11235955056179775,0.5
DK2,M0,q90,all,gate025_rise,159,73,14,26,0.5384615384615384,356,0.44662921348314605,270,0.7584269662921348,73,0.2050561797752809,0.5
DK2,M0,q90,all,gate025_rise_cool6,126,57,13,26,0.5,356,0.3539325842696629,272,0.7640449438202247,42,0.11797752808988764,0.5
DK2,M0,q90,all,rolling90_target05,213,82,11,26,0.4230769230769231,356,0.598314606741573,244,0.6853932584269663,101,0.28370786516853935,0.5
DK2,M0,q90,all,development_count_gate,192,88,13,26,0.5,356,0.5393258426966292,255,0.7162921348314607,91,0.2556179775280899,0.5
DK2,M0,q90,all,gate019,183,85,11,26,0.4230769230769231,356,0.5140449438202247,258,0.7247191011235955,85,0.23876404494382023,0.5
DK2,M0,q90,all,gate019_cool6,149,69,15,26,0.5769230769230769,356,0.41853932584269665,260,0.7303370786516854,53,0.14887640449438203,0.5
DK2,M0,q90,all,gate019_rise,183,75,15,26,0.5769230769230769,356,0.5140449438202247,258,0.7247191011235955,85,0.23876404494382023,0.5
DK2,M0,q90,2023,none,0,0,0,26,0.0,356,0.0,356,1.0,0,0.0,0.5
DK2,M0,q90,2023,top1,356,48,10,26,0.38461538461538464,356,1.0,0,0.0,0,0.0,0.5
DK2,M0,q90,2023,top2,712,94,14,26,0.5384615384615384,356,2.0,0,0.0,356,1.0,0.5
DK2,M0,q90,2023,gate025,159,83,10,26,0.38461538461538464,356,0.44662921348314605,270,0.7584269662921348,73,0.2050561797752809,0.5
DK2,M0,q90,2023,inherited_priority019,148,58,14,26,0.5384615384615384,356,0.4157303370786517,261,0.7331460674157303,53,0.14887640449438203,0.5
DK2,M0,q90,2023,gate025_cool6,125,65,13,26,0.5,356,0.351123595505618,271,0.7612359550561798,40,0.11235955056179775,0.5
DK2,M0,q90,2023,gate025_rise,159,73,14,26,0.5384615384615384,356,0.44662921348314605,270,0.7584269662921348,73,0.2050561797752809,0.5
DK2,M0,q90,2023,gate025_rise_cool6,126,57,13,26,0.5,356,0.3539325842696629,272,0.7640449438202247,42,0.11797752808988764,0.5
DK2,M0,q90,2023,rolling90_target05,213,82,11,26,0.4230769230769231,356,0.598314606741573,244,0.6853932584269663,101,0.28370786516853935,0.5
DK2,M0,q90,2023,development_count_gate,192,88,13,26,0.5,356,0.5393258426966292,255,0.7162921348314607,91,0.2556179775280899,0.5
DK2,M0,q90,2023,gate019,183,85,11,26,0.4230769230769231,356,0.5140449438202247,258,0.7247191011235955,85,0.23876404494382023,0.5
DK2,M0,q90,2023,gate019_cool6,149,69,15,26,0.5769230769230769,356,0.41853932584269665,260,0.7303370786516854,53,0.14887640449438203,0.5
DK2,M0,q90,2023,gate019_rise,183,75,15,26,0.5769230769230769,356,0.5140449438202247,258,0.7247191011235955,85,0.23876404494382023,0.5
DK2,M0,q90,2023Q1,none,0,0,0,4,0.0,90,0.0,90,1.0,0,0.0,0.5
DK2,M0,q90,2023Q1,top1,90,7,2,4,0.5,90,1.0,0,0.0,0,0.0,0.5
DK2,M0,q90,2023Q1,top2,180,14,3,4,0.75,90,2.0,0,0.0,90,1.0,0.5
DK2,M0,q90,2023Q1,gate025,20,10,2,4,0.5,90,0.2222222222222222,79,0.8777777777777778,9,0.1,0.5
DK2,M0,q90,2023Q1,inherited_priority019,18,6,2,4,0.5,90,0.2,78,0.8666666666666667,6,0.06666666666666667,0.5
DK2,M0,q90,2023Q1,gate025_cool6,15,7,3,4,0.75,90,0.16666666666666666,79,0.8777777777777778,4,0.044444444444444446,0.5
DK2,M0,q90,2023Q1,gate025_rise,20,9,3,4,0.75,90,0.2222222222222222,79,0.8777777777777778,9,0.1,0.5
DK2,M0,q90,2023Q1,gate025_rise_cool6,16,6,2,4,0.5,90,0.17777777777777778,79,0.8777777777777778,5,0.05555555555555555,0.5
DK2,M0,q90,2023Q1,rolling90_target05,46,14,3,4,0.75,90,0.5111111111111111,67,0.7444444444444445,23,0.25555555555555554,0.5
DK2,M0,q90,2023Q1,development_count_gate,27,12,3,4,0.75,90,0.3,75,0.8333333333333334,12,0.13333333333333333,0.5
DK2,M0,q90,2023Q1,gate019,23,10,2,4,0.5,90,0.25555555555555554,77,0.8555555555555555,10,0.1111111111111111,0.5
DK2,M0,q90,2023Q1,gate019_cool6,17,8,3,4,0.75,90,0.18888888888888888,78,0.8666666666666667,5,0.05555555555555555,0.5
DK2,M0,q90,2023Q1,gate019_rise,23,10,3,4,0.75,90,0.25555555555555554,77,0.8555555555555555,10,0.1111111111111111,0.5
DK2,M0,q90,2023Q2,none,0,0,0,5,0.0,91,0.0,91,1.0,0,0.0,0.5
DK2,M0,q90,2023Q2,top1,91,4,2,5,0.4,91,1.0,0,0.0,0,0.0,0.5
DK2,M0,q90,2023Q2,top2,182,6,2,5,0.4,91,2.0,0,0.0,91,1.0,0.5
DK2,M0,q90,2023Q2,gate025,25,5,1,5,0.2,91,0.27472527472527475,77,0.8461538461538461,11,0.12087912087912088,0.5
DK2,M0,q90,2023Q2,inherited_priority019,27,4,4,5,0.8,91,0.2967032967032967,73,0.8021978021978022,9,0.0989010989010989,0.5
DK2,M0,q90,2023Q2,gate025_cool6,21,5,1,5,0.2,91,0.23076923076923078,77,0.8461538461538461,7,0.07692307692307693,0.5
DK2,M0,q90,2023Q2,gate025_rise,25,2,2,5,0.4,91,0.27472527472527475,77,0.8461538461538461,11,0.12087912087912088,0.5
DK2,M0,q90,2023Q2,gate025_rise_cool6,21,3,3,5,0.6,91,0.23076923076923078,77,0.8461538461538461,7,0.07692307692307693,0.5
DK2,M0,q90,2023Q2,rolling90_target05,65,6,2,5,0.4,91,0.7142857142857143,56,0.6153846153846154,30,0.32967032967032966,0.5
DK2,M0,q90,2023Q2,development_count_gate,35,6,2,5,0.4,91,0.38461538461538464,72,0.7912087912087912,16,0.17582417582417584,0.5
DK2,M0,q90,2023Q2,gate019,32,6,2,5,0.4,91,0.3516483516483517,73,0.8021978021978022,14,0.15384615384615385,0.5
DK2,M0,q90,2023Q2,gate019_cool6,27,6,2,5,0.4,91,0.2967032967032967,73,0.8021978021978022,9,0.0989010989010989,0.5
DK2,M0,q90,2023Q2,gate019_rise,32,3,3,5,0.6,91,0.3516483516483517,73,0.8021978021978022,14,0.15384615384615385,0.5
DK2,M0,q90,2023Q3,none,0,0,0,10,0.0,87,0.0,87,1.0,0,0.0,0.5
DK2,M0,q90,2023Q3,top1,87,22,4,10,0.4,87,1.0,0,0.0,0,0.0,0.5
DK2,M0,q90,2023Q3,top2,174,44,5,10,0.5,87,2.0,0,0.0,87,1.0,0.5
DK2,M0,q90,2023Q3,gate025,75,42,4,10,0.4,87,0.8620689655172413,47,0.5402298850574713,35,0.40229885057471265,0.5
DK2,M0,q90,2023Q3,inherited_priority019,69,27,4,10,0.4,87,0.7931034482758621,43,0.4942528735632184,25,0.28735632183908044,0.5
DK2,M0,q90,2023Q3,gate025_cool6,59,31,5,10,0.5,87,0.6781609195402298,47,0.5402298850574713,19,0.21839080459770116,0.5
DK2,M0,q90,2023Q3,gate025_rise,75,37,5,10,0.5,87,0.8620689655172413,47,0.5402298850574713,35,0.40229885057471265,0.5
DK2,M0,q90,2023Q3,gate025_rise_cool6,60,27,4,10,0.4,87,0.6896551724137931,47,0.5402298850574713,20,0.22988505747126436,0.5
DK2,M0,q90,2023Q3,rolling90_target05,77,41,4,10,0.4,87,0.8850574712643678,46,0.5287356321839081,36,0.41379310344827586,0.5
DK2,M0,q90,2023Q3,development_count_gate,85,42,4,10,0.4,87,0.9770114942528736,43,0.4942528735632184,41,0.47126436781609193,0.5
DK2,M0,q90,2023Q3,gate019,84,42,4,10,0.4,87,0.9655172413793104,43,0.4942528735632184,40,0.45977011494252873,0.5
DK2,M0,q90,2023Q3,gate019_cool6,70,32,5,10,0.5,87,0.8045977011494253,43,0.4942528735632184,26,0.2988505747126437,0.5
DK2,M0,q90,2023Q3,gate019_rise,84,37,5,10,0.5,87,0.9655172413793104,43,0.4942528735632184,40,0.45977011494252873,0.5
DK2,M0,q90,2023Q4,none,0,0,0,7,0.0,88,0.0,88,1.0,0,0.0,0.5
DK2,M0,q90,2023Q4,top1,88,15,2,7,0.2857142857142857,88,1.0,0,0.0,0,0.0,0.5
DK2,M0,q90,2023Q4,top2,176,30,4,7,0.5714285714285714,88,2.0,0,0.0,88,1.0,0.5
DK2,M0,q90,2023Q4,gate025,39,26,3,7,0.42857142857142855,88,0.4431818181818182,67,0.7613636363636364,18,0.20454545454545456,0.5
DK2,M0,q90,2023Q4,inherited_priority019,34,21,4,7,0.5714285714285714,88,0.38636363636363635,67,0.7613636363636364,13,0.14772727272727273,0.5
DK2,M0,q90,2023Q4,gate025_cool6,30,22,4,7,0.5714285714285714,88,0.3409090909090909,68,0.7727272727272727,10,0.11363636363636363,0.5
DK2,M0,q90,2023Q4,gate025_rise,39,25,4,7,0.5714285714285714,88,0.4431818181818182,67,0.7613636363636364,18,0.20454545454545456,0.5
DK2,M0,q90,2023Q4,gate025_rise_cool6,29,21,4,7,0.5714285714285714,88,0.32954545454545453,69,0.7840909090909091,10,0.11363636363636363,0.5
DK2,M0,q90,2023Q4,rolling90_target05,25,21,2,7,0.2857142857142857,88,0.2840909090909091,75,0.8522727272727273,12,0.13636363636363635,0.5
DK2,M0,q90,2023Q4,development_count_gate,45,28,4,7,0.5714285714285714,88,0.5113636363636364,65,0.7386363636363636,22,0.25,0.5
DK2,M0,q90,2023Q4,gate019,44,27,3,7,0.42857142857142855,88,0.5,65,0.7386363636363636,21,0.23863636363636365,0.5
DK2,M0,q90,2023Q4,gate019_cool6,35,23,5,7,0.7142857142857143,88,0.3977272727272727,66,0.75,13,0.14772727272727273,0.5
DK2,M0,q90,2023Q4,gate019_rise,44,25,4,7,0.5714285714285714,88,0.5,65,0.7386363636363636,21,0.23863636363636365,0.5
DK2,M1,q90,all,none,0,0,0,26,0.0,356,0.0,356,1.0,0,0.0,0.5
DK2,M1,q90,all,top1,356,50,12,26,0.46153846153846156,356,1.0,0,0.0,0,0.0,0.5
DK2,M1,q90,all,top2,712,95,13,26,0.5,356,2.0,0,0.0,356,1.0,0.5
DK2,M1,q90,all,gate025,162,83,9,26,0.34615384615384615,356,0.4550561797752809,271,0.7612359550561798,77,0.21629213483146068,0.5
DK2,M1,q90,all,inherited_priority019,152,58,13,26,0.5,356,0.42696629213483145,257,0.7219101123595506,53,0.14887640449438203,0.5
DK2,M1,q90,all,gate025_cool6,124,65,15,26,0.5769230769230769,356,0.34831460674157305,273,0.7668539325842697,41,0.1151685393258427,0.5
DK2,M1,q90,all,gate025_rise,162,71,13,26,0.5,356,0.4550561797752809,271,0.7612359550561798,77,0.21629213483146068,0.5
DK2,M1,q90,all,gate025_rise_cool6,126,55,12,26,0.46153846153846156,356,0.3539325842696629,273,0.7668539325842697,43,0.12078651685393259,0.5
DK2,M1,q90,all,rolling90_target05,202,83,11,26,0.4230769230769231,356,0.5674157303370787,248,0.6966292134831461,94,0.2640449438202247,0.5
DK2,M1,q90,all,development_count_gate,188,87,11,26,0.4230769230769231,356,0.5280898876404494,256,0.7191011235955056,88,0.24719101123595505,0.5
DK2,M1,q90,all,gate019,188,87,11,26,0.4230769230769231,356,0.5280898876404494,256,0.7191011235955056,88,0.24719101123595505,0.5
DK2,M1,q90,all,gate019_cool6,152,69,16,26,0.6153846153846154,356,0.42696629213483145,257,0.7219101123595506,53,0.14887640449438203,0.5
DK2,M1,q90,all,gate019_rise,188,75,15,26,0.5769230769230769,356,0.5280898876404494,256,0.7191011235955056,88,0.24719101123595505,0.5
DK2,M1,q90,2023,none,0,0,0,26,0.0,356,0.0,356,1.0,0,0.0,0.5
DK2,M1,q90,2023,top1,356,50,12,26,0.46153846153846156,356,1.0,0,0.0,0,0.0,0.5
DK2,M1,q90,2023,top2,712,95,13,26,0.5,356,2.0,0,0.0,356,1.0,0.5
DK2,M1,q90,2023,gate025,162,83,9,26,0.34615384615384615,356,0.4550561797752809,271,0.7612359550561798,77,0.21629213483146068,0.5
DK2,M1,q90,2023,inherited_priority019,152,58,13,26,0.5,356,0.42696629213483145,257,0.7219101123595506,53,0.14887640449438203,0.5
DK2,M1,q90,2023,gate025_cool6,124,65,15,26,0.5769230769230769,356,0.34831460674157305,273,0.7668539325842697,41,0.1151685393258427,0.5
DK2,M1,q90,2023,gate025_rise,162,71,13,26,0.5,356,0.4550561797752809,271,0.7612359550561798,77,0.21629213483146068,0.5
DK2,M1,q90,2023,gate025_rise_cool6,126,55,12,26,0.46153846153846156,356,0.3539325842696629,273,0.7668539325842697,43,0.12078651685393259,0.5
DK2,M1,q90,2023,rolling90_target05,202,83,11,26,0.4230769230769231,356,0.5674157303370787,248,0.6966292134831461,94,0.2640449438202247,0.5
DK2,M1,q90,2023,development_count_gate,188,87,11,26,0.4230769230769231,356,0.5280898876404494,256,0.7191011235955056,88,0.24719101123595505,0.5
DK2,M1,q90,2023,gate019,188,87,11,26,0.4230769230769231,356,0.5280898876404494,256,0.7191011235955056,88,0.24719101123595505,0.5
DK2,M1,q90,2023,gate019_cool6,152,69,16,26,0.6153846153846154,356,0.42696629213483145,257,0.7219101123595506,53,0.14887640449438203,0.5
DK2,M1,q90,2023,gate019_rise,188,75,15,26,0.5769230769230769,356,0.5280898876404494,256,0.7191011235955056,88,0.24719101123595505,0.5
DK2,M1,q90,2023Q1,none,0,0,0,4,0.0,90,0.0,90,1.0,0,0.0,0.5
DK2,M1,q90,2023Q1,top1,90,8,2,4,0.5,90,1.0,0,0.0,0,0.0,0.5
DK2,M1,q90,2023Q1,top2,180,17,2,4,0.5,90,2.0,0,0.0,90,1.0,0.5
DK2,M1,q90,2023Q1,gate025,22,11,1,4,0.25,90,0.24444444444444444,78,0.8666666666666667,10,0.1111111111111111,0.5
DK2,M1,q90,2023Q1,inherited_priority019,26,8,2,4,0.5,90,0.28888888888888886,74,0.8222222222222222,10,0.1111111111111111,0.5
DK2,M1,q90,2023Q1,gate025_cool6,19,8,3,4,0.75,90,0.2111111111111111,78,0.8666666666666667,7,0.07777777777777778,0.5
DK2,M1,q90,2023Q1,gate025_rise,22,9,2,4,0.5,90,0.24444444444444444,78,0.8666666666666667,10,0.1111111111111111,0.5
DK2,M1,q90,2023Q1,gate025_rise_cool6,20,6,1,4,0.25,90,0.2222222222222222,78,0.8666666666666667,8,0.08888888888888889,0.5
DK2,M1,q90,2023Q1,rolling90_target05,39,15,2,4,0.5,90,0.43333333333333335,70,0.7777777777777778,19,0.2111111111111111,0.5
DK2,M1,q90,2023Q1,development_count_gate,31,14,2,4,0.5,90,0.34444444444444444,73,0.8111111111111111,14,0.15555555555555556,0.5
DK2,M1,q90,2023Q1,gate019,31,14,2,4,0.5,90,0.34444444444444444,73,0.8111111111111111,14,0.15555555555555556,0.5
DK2,M1,q90,2023Q1,gate019_cool6,25,10,4,4,1.0,90,0.2777777777777778,74,0.8222222222222222,9,0.1,0.5
DK2,M1,q90,2023Q1,gate019_rise,31,12,3,4,0.75,90,0.34444444444444444,73,0.8111111111111111,14,0.15555555555555556,0.5
DK2,M1,q90,2023Q2,none,0,0,0,5,0.0,91,0.0,91,1.0,0,0.0,0.5
DK2,M1,q90,2023Q2,top1,91,4,2,5,0.4,91,1.0,0,0.0,0,0.0,0.5
DK2,M1,q90,2023Q2,top2,182,6,2,5,0.4,91,2.0,0,0.0,91,1.0,0.5
DK2,M1,q90,2023Q2,gate025,22,5,1,5,0.2,91,0.24175824175824176,79,0.8681318681318682,10,0.10989010989010989,0.5
DK2,M1,q90,2023Q2,inherited_priority019,22,3,3,5,0.6,91,0.24175824175824176,76,0.8351648351648352,7,0.07692307692307693,0.5
DK2,M1,q90,2023Q2,gate025_cool6,17,5,2,5,0.4,91,0.18681318681318682,79,0.8681318681318682,5,0.054945054945054944,0.5
DK2,M1,q90,2023Q2,gate025_rise,22,3,3,5,0.6,91,0.24175824175824176,79,0.8681318681318682,10,0.10989010989010989,0.5
DK2,M1,q90,2023Q2,gate025_rise_cool6,17,3,3,5,0.6,91,0.18681318681318682,79,0.8681318681318682,5,0.054945054945054944,0.5
DK2,M1,q90,2023Q2,rolling90_target05,55,6,2,5,0.4,91,0.6043956043956044,59,0.6483516483516484,23,0.25274725274725274,0.5
DK2,M1,q90,2023Q2,development_count_gate,27,5,1,5,0.2,91,0.2967032967032967,76,0.8351648351648352,12,0.13186813186813187,0.5
DK2,M1,q90,2023Q2,gate019,27,5,1,5,0.2,91,0.2967032967032967,76,0.8351648351648352,12,0.13186813186813187,0.5
DK2,M1,q90,2023Q2,gate019_cool6,22,5,2,5,0.4,91,0.24175824175824176,76,0.8351648351648352,7,0.07692307692307693,0.5
DK2,M1,q90,2023Q2,gate019_rise,27,3,3,5,0.6,91,0.2967032967032967,76,0.8351648351648352,12,0.13186813186813187,0.5
DK2,M1,q90,2023Q3,none,0,0,0,10,0.0,87,0.0,87,1.0,0,0.0,0.5
DK2,M1,q90,2023Q3,top1,87,23,5,10,0.5,87,1.0,0,0.0,0,0.0,0.5
DK2,M1,q90,2023Q3,top2,174,42,5,10,0.5,87,2.0,0,0.0,87,1.0,0.5
DK2,M1,q90,2023Q3,gate025,75,40,4,10,0.4,87,0.8620689655172413,48,0.5517241379310345,36,0.41379310344827586,0.5
DK2,M1,q90,2023Q3,inherited_priority019,63,27,4,10,0.4,87,0.7241379310344828,45,0.5172413793103449,21,0.2413793103448276,0.5
DK2,M1,q90,2023Q3,gate025_cool6,54,30,5,10,0.5,87,0.6206896551724138,50,0.5747126436781609,17,0.19540229885057472,0.5
DK2,M1,q90,2023Q3,gate025_rise,75,35,5,10,0.5,87,0.8620689655172413,48,0.5517241379310345,36,0.41379310344827586,0.5
DK2,M1,q90,2023Q3,gate025_rise_cool6,56,26,4,10,0.4,87,0.6436781609195402,49,0.5632183908045977,18,0.20689655172413793,0.5
DK2,M1,q90,2023Q3,rolling90_target05,80,41,5,10,0.5,87,0.9195402298850575,45,0.5172413793103449,38,0.4367816091954023,0.5
DK2,M1,q90,2023Q3,development_count_gate,79,40,4,10,0.4,87,0.9080459770114943,45,0.5172413793103449,37,0.42528735632183906,0.5
DK2,M1,q90,2023Q3,gate019,79,40,4,10,0.4,87,0.9080459770114943,45,0.5172413793103449,37,0.42528735632183906,0.5
DK2,M1,q90,2023Q3,gate019_cool6,64,32,5,10,0.5,87,0.735632183908046,45,0.5172413793103449,22,0.25287356321839083,0.5
DK2,M1,q90,2023Q3,gate019_rise,79,35,5,10,0.5,87,0.9080459770114943,45,0.5172413793103449,37,0.42528735632183906,0.5
DK2,M1,q90,2023Q4,none,0,0,0,7,0.0,88,0.0,88,1.0,0,0.0,0.5
DK2,M1,q90,2023Q4,top1,88,15,3,7,0.42857142857142855,88,1.0,0,0.0,0,0.0,0.5
DK2,M1,q90,2023Q4,top2,176,30,4,7,0.5714285714285714,88,2.0,0,0.0,88,1.0,0.5
DK2,M1,q90,2023Q4,gate025,43,27,3,7,0.42857142857142855,88,0.48863636363636365,66,0.75,21,0.23863636363636365,0.5
DK2,M1,q90,2023Q4,inherited_priority019,41,20,4,7,0.5714285714285714,88,0.4659090909090909,62,0.7045454545454546,15,0.17045454545454544,0.5
DK2,M1,q90,2023Q4,gate025_cool6,34,22,5,7,0.7142857142857143,88,0.38636363636363635,66,0.75,12,0.13636363636363635,0.5
DK2,M1,q90,2023Q4,gate025_rise,43,24,3,7,0.42857142857142855,88,0.48863636363636365,66,0.75,21,0.23863636363636365,0.5
DK2,M1,q90,2023Q4,gate025_rise_cool6,33,20,4,7,0.5714285714285714,88,0.375,67,0.7613636363636364,12,0.13636363636363635,0.5
DK2,M1,q90,2023Q4,rolling90_target05,28,21,2,7,0.2857142857142857,88,0.3181818181818182,74,0.8409090909090909,14,0.1590909090909091,0.5
DK2,M1,q90,2023Q4,development_count_gate,51,28,4,7,0.5714285714285714,88,0.5795454545454546,62,0.7045454545454546,25,0.2840909090909091,0.5
DK2,M1,q90,2023Q4,gate019,51,28,4,7,0.5714285714285714,88,0.5795454545454546,62,0.7045454545454546,25,0.2840909090909091,0.5
DK2,M1,q90,2023Q4,gate019_cool6,41,22,5,7,0.7142857142857143,88,0.4659090909090909,62,0.7045454545454546,15,0.17045454545454544,0.5
DK2,M1,q90,2023Q4,gate019_rise,51,25,4,7,0.5714285714285714,88,0.5795454545454546,62,0.7045454545454546,25,0.2840909090909091,0.5
DK2,M2,q90,all,none,0,0,0,26,0.0,356,0.0,356,1.0,0,0.0,0.5
DK2,M2,q90,all,top1,356,48,10,26,0.38461538461538464,356,1.0,0,0.0,0,0.0,0.5
DK2,M2,q90,all,top2,712,94,14,26,0.5384615384615384,356,2.0,0,0.0,356,1.0,0.5
DK2,M2,q90,all,gate025,157,82,10,26,0.38461538461538464,356,0.4410112359550562,272,0.7640449438202247,73,0.2050561797752809,0.5
DK2,M2,q90,all,inherited_priority019,148,58,14,26,0.5384615384615384,356,0.4157303370786517,261,0.7331460674157303,53,0.14887640449438203,0.5
DK2,M2,q90,all,gate025_cool6,123,65,13,26,0.5,356,0.3455056179775281,273,0.7668539325842697,40,0.11235955056179775,0.5
DK2,M2,q90,all,gate025_rise,157,73,13,26,0.5,356,0.4410112359550562,272,0.7640449438202247,73,0.2050561797752809,0.5
DK2,M2,q90,all,gate025_rise_cool6,124,57,13,26,0.5,356,0.34831460674157305,274,0.7696629213483146,42,0.11797752808988764,0.5
DK2,M2,q90,all,rolling90_target05,210,82,11,26,0.4230769230769231,356,0.5898876404494382,245,0.6882022471910112,99,0.27808988764044945,0.5
DK2,M2,q90,all,development_count_gate,191,87,12,26,0.46153846153846156,356,0.5365168539325843,255,0.7162921348314607,90,0.25280898876404495,0.5
DK2,M2,q90,all,gate019,184,85,11,26,0.4230769230769231,356,0.5168539325842697,258,0.7247191011235955,86,0.24157303370786518,0.5
DK2,M2,q90,all,gate019_cool6,148,68,15,26,0.5769230769230769,356,0.4157303370786517,260,0.7303370786516854,52,0.14606741573033707,0.5
DK2,M2,q90,all,gate019_rise,184,75,14,26,0.5384615384615384,356,0.5168539325842697,258,0.7247191011235955,86,0.24157303370786518,0.5
DK2,M2,q90,2023,none,0,0,0,26,0.0,356,0.0,356,1.0,0,0.0,0.5
DK2,M2,q90,2023,top1,356,48,10,26,0.38461538461538464,356,1.0,0,0.0,0,0.0,0.5
DK2,M2,q90,2023,top2,712,94,14,26,0.5384615384615384,356,2.0,0,0.0,356,1.0,0.5
DK2,M2,q90,2023,gate025,157,82,10,26,0.38461538461538464,356,0.4410112359550562,272,0.7640449438202247,73,0.2050561797752809,0.5
DK2,M2,q90,2023,inherited_priority019,148,58,14,26,0.5384615384615384,356,0.4157303370786517,261,0.7331460674157303,53,0.14887640449438203,0.5
DK2,M2,q90,2023,gate025_cool6,123,65,13,26,0.5,356,0.3455056179775281,273,0.7668539325842697,40,0.11235955056179775,0.5
DK2,M2,q90,2023,gate025_rise,157,73,13,26,0.5,356,0.4410112359550562,272,0.7640449438202247,73,0.2050561797752809,0.5
DK2,M2,q90,2023,gate025_rise_cool6,124,57,13,26,0.5,356,0.34831460674157305,274,0.7696629213483146,42,0.11797752808988764,0.5
DK2,M2,q90,2023,rolling90_target05,210,82,11,26,0.4230769230769231,356,0.5898876404494382,245,0.6882022471910112,99,0.27808988764044945,0.5
DK2,M2,q90,2023,development_count_gate,191,87,12,26,0.46153846153846156,356,0.5365168539325843,255,0.7162921348314607,90,0.25280898876404495,0.5
DK2,M2,q90,2023,gate019,184,85,11,26,0.4230769230769231,356,0.5168539325842697,258,0.7247191011235955,86,0.24157303370786518,0.5
DK2,M2,q90,2023,gate019_cool6,148,68,15,26,0.5769230769230769,356,0.4157303370786517,260,0.7303370786516854,52,0.14606741573033707,0.5
DK2,M2,q90,2023,gate019_rise,184,75,14,26,0.5384615384615384,356,0.5168539325842697,258,0.7247191011235955,86,0.24157303370786518,0.5
DK2,M2,q90,2023Q1,none,0,0,0,4,0.0,90,0.0,90,1.0,0,0.0,0.5
DK2,M2,q90,2023Q1,top1,90,7,2,4,0.5,90,1.0,0,0.0,0,0.0,0.5
DK2,M2,q90,2023Q1,top2,180,15,3,4,0.75,90,2.0,0,0.0,90,1.0,0.5
DK2,M2,q90,2023Q1,gate025,19,10,2,4,0.5,90,0.2111111111111111,80,0.8888888888888888,9,0.1,0.5
DK2,M2,q90,2023Q1,inherited_priority019,18,6,2,4,0.5,90,0.2,78,0.8666666666666667,6,0.06666666666666667,0.5
DK2,M2,q90,2023Q1,gate025_cool6,14,7,3,4,0.75,90,0.15555555555555556,80,0.8888888888888888,4,0.044444444444444446,0.5
DK2,M2,q90,2023Q1,gate025_rise,19,9,3,4,0.75,90,0.2111111111111111,80,0.8888888888888888,9,0.1,0.5
DK2,M2,q90,2023Q1,gate025_rise_cool6,15,6,2,4,0.5,90,0.16666666666666666,80,0.8888888888888888,5,0.05555555555555555,0.5
DK2,M2,q90,2023Q1,rolling90_target05,44,15,3,4,0.75,90,0.4888888888888889,67,0.7444444444444445,21,0.23333333333333334,0.5
DK2,M2,q90,2023Q1,development_count_gate,27,13,3,4,0.75,90,0.3,75,0.8333333333333334,12,0.13333333333333333,0.5
DK2,M2,q90,2023Q1,gate019,23,11,2,4,0.5,90,0.25555555555555554,77,0.8555555555555555,10,0.1111111111111111,0.5
DK2,M2,q90,2023Q1,gate019_cool6,16,7,3,4,0.75,90,0.17777777777777778,78,0.8666666666666667,4,0.044444444444444446,0.5
DK2,M2,q90,2023Q1,gate019_rise,23,10,3,4,0.75,90,0.25555555555555554,77,0.8555555555555555,10,0.1111111111111111,0.5
DK2,M2,q90,2023Q2,none,0,0,0,5,0.0,91,0.0,91,1.0,0,0.0,0.5
DK2,M2,q90,2023Q2,top1,91,4,2,5,0.4,91,1.0,0,0.0,0,0.0,0.5
DK2,M2,q90,2023Q2,top2,182,6,2,5,0.4,91,2.0,0,0.0,91,1.0,0.5
DK2,M2,q90,2023Q2,gate025,25,5,1,5,0.2,91,0.27472527472527475,77,0.8461538461538461,11,0.12087912087912088,0.5
DK2,M2,q90,2023Q2,inherited_priority019,27,4,4,5,0.8,91,0.2967032967032967,73,0.8021978021978022,9,0.0989010989010989,0.5
DK2,M2,q90,2023Q2,gate025_cool6,21,5,1,5,0.2,91,0.23076923076923078,77,0.8461538461538461,7,0.07692307692307693,0.5
DK2,M2,q90,2023Q2,gate025_rise,25,2,2,5,0.4,91,0.27472527472527475,77,0.8461538461538461,11,0.12087912087912088,0.5
DK2,M2,q90,2023Q2,gate025_rise_cool6,21,3,3,5,0.6,91,0.23076923076923078,77,0.8461538461538461,7,0.07692307692307693,0.5
DK2,M2,q90,2023Q2,rolling90_target05,65,6,2,5,0.4,91,0.7142857142857143,56,0.6153846153846154,30,0.32967032967032966,0.5
DK2,M2,q90,2023Q2,development_count_gate,35,6,2,5,0.4,91,0.38461538461538464,72,0.7912087912087912,16,0.17582417582417584,0.5
DK2,M2,q90,2023Q2,gate019,33,6,2,5,0.4,91,0.3626373626373626,73,0.8021978021978022,15,0.16483516483516483,0.5
DK2,M2,q90,2023Q2,gate019_cool6,27,6,2,5,0.4,91,0.2967032967032967,73,0.8021978021978022,9,0.0989010989010989,0.5
DK2,M2,q90,2023Q2,gate019_rise,33,3,3,5,0.6,91,0.3626373626373626,73,0.8021978021978022,15,0.16483516483516483,0.5
DK2,M2,q90,2023Q3,none,0,0,0,10,0.0,87,0.0,87,1.0,0,0.0,0.5
DK2,M2,q90,2023Q3,top1,87,22,4,10,0.4,87,1.0,0,0.0,0,0.0,0.5
DK2,M2,q90,2023Q3,top2,174,43,5,10,0.5,87,2.0,0,0.0,87,1.0,0.5
DK2,M2,q90,2023Q3,gate025,74,41,4,10,0.4,87,0.8505747126436781,48,0.5517241379310345,35,0.40229885057471265,0.5
DK2,M2,q90,2023Q3,inherited_priority019,69,28,4,10,0.4,87,0.7931034482758621,43,0.4942528735632184,25,0.28735632183908044,0.5
DK2,M2,q90,2023Q3,gate025_cool6,58,31,5,10,0.5,87,0.6666666666666666,48,0.5517241379310345,19,0.21839080459770116,0.5
DK2,M2,q90,2023Q3,gate025_rise,74,37,4,10,0.4,87,0.8505747126436781,48,0.5517241379310345,35,0.40229885057471265,0.5
DK2,M2,q90,2023Q3,gate025_rise_cool6,59,28,4,10,0.4,87,0.6781609195402298,48,0.5517241379310345,20,0.22988505747126436,0.5
DK2,M2,q90,2023Q3,rolling90_target05,76,40,4,10,0.4,87,0.8735632183908046,47,0.5402298850574713,36,0.41379310344827586,0.5
DK2,M2,q90,2023Q3,development_count_gate,85,41,4,10,0.4,87,0.9770114942528736,43,0.4942528735632184,41,0.47126436781609193,0.5
DK2,M2,q90,2023Q3,gate019,84,41,4,10,0.4,87,0.9655172413793104,43,0.4942528735632184,40,0.45977011494252873,0.5
DK2,M2,q90,2023Q3,gate019_cool6,70,32,5,10,0.5,87,0.8045977011494253,43,0.4942528735632184,26,0.2988505747126437,0.5
DK2,M2,q90,2023Q3,gate019_rise,84,37,4,10,0.4,87,0.9655172413793104,43,0.4942528735632184,40,0.45977011494252873,0.5
DK2,M2,q90,2023Q4,none,0,0,0,7,0.0,88,0.0,88,1.0,0,0.0,0.5
DK2,M2,q90,2023Q4,top1,88,15,2,7,0.2857142857142857,88,1.0,0,0.0,0,0.0,0.5
DK2,M2,q90,2023Q4,top2,176,30,4,7,0.5714285714285714,88,2.0,0,0.0,88,1.0,0.5
DK2,M2,q90,2023Q4,gate025,39,26,3,7,0.42857142857142855,88,0.4431818181818182,67,0.7613636363636364,18,0.20454545454545456,0.5
DK2,M2,q90,2023Q4,inherited_priority019,34,20,4,7,0.5714285714285714,88,0.38636363636363635,67,0.7613636363636364,13,0.14772727272727273,0.5
DK2,M2,q90,2023Q4,gate025_cool6,30,22,4,7,0.5714285714285714,88,0.3409090909090909,68,0.7727272727272727,10,0.11363636363636363,0.5
DK2,M2,q90,2023Q4,gate025_rise,39,25,4,7,0.5714285714285714,88,0.4431818181818182,67,0.7613636363636364,18,0.20454545454545456,0.5
DK2,M2,q90,2023Q4,gate025_rise_cool6,29,20,4,7,0.5714285714285714,88,0.32954545454545453,69,0.7840909090909091,10,0.11363636363636363,0.5
DK2,M2,q90,2023Q4,rolling90_target05,25,21,2,7,0.2857142857142857,88,0.2840909090909091,75,0.8522727272727273,12,0.13636363636363635,0.5
DK2,M2,q90,2023Q4,development_count_gate,44,27,3,7,0.42857142857142855,88,0.5,65,0.7386363636363636,21,0.23863636363636365,0.5
DK2,M2,q90,2023Q4,gate019,44,27,3,7,0.42857142857142855,88,0.5,65,0.7386363636363636,21,0.23863636363636365,0.5
DK2,M2,q90,2023Q4,gate019_cool6,35,23,5,7,0.7142857142857143,88,0.3977272727272727,66,0.75,13,0.14772727272727273,0.5
DK2,M2,q90,2023Q4,gate019_rise,44,25,4,7,0.5714285714285714,88,0.5,65,0.7386363636363636,21,0.23863636363636365,0.5
DK2,M3,q90,all,none,0,0,0,26,0.0,356,0.0,356,1.0,0,0.0,0.5
DK2,M3,q90,all,top1,356,50,12,26,0.46153846153846156,356,1.0,0,0.0,0,0.0,0.5
DK2,M3,q90,all,top2,712,95,13,26,0.5,356,2.0,0,0.0,356,1.0,0.5
DK2,M3,q90,all,gate025,161,83,9,26,0.34615384615384615,356,0.45224719101123595,272,0.7640449438202247,77,0.21629213483146068,0.5
DK2,M3,q90,all,inherited_priority019,148,58,13,26,0.5,356,0.4157303370786517,259,0.7275280898876404,51,0.14325842696629212,0.5
DK2,M3,q90,all,gate025_cool6,121,65,14,26,0.5384615384615384,356,0.3398876404494382,275,0.7724719101123596,40,0.11235955056179775,0.5
DK2,M3,q90,all,gate025_rise,161,72,13,26,0.5,356,0.45224719101123595,272,0.7640449438202247,77,0.21629213483146068,0.5
DK2,M3,q90,all,gate025_rise_cool6,122,56,12,26,0.46153846153846156,356,0.34269662921348315,275,0.7724719101123596,41,0.1151685393258427,0.5
DK2,M3,q90,all,rolling90_target05,207,83,11,26,0.4230769230769231,356,0.5814606741573034,245,0.6882022471910112,96,0.2696629213483146,0.5
DK2,M3,q90,all,development_count_gate,190,88,12,26,0.46153846153846156,356,0.5337078651685393,255,0.7162921348314607,89,0.25,0.5
DK2,M3,q90,all,gate019,186,85,10,26,0.38461538461538464,356,0.5224719101123596,258,0.7247191011235955,88,0.24719101123595505,0.5
DK2,M3,q90,all,gate019_cool6,149,68,15,26,0.5769230769230769,356,0.41853932584269665,259,0.7275280898876404,52,0.14606741573033707,0.5
DK2,M3,q90,all,gate019_rise,186,73,14,26,0.5384615384615384,356,0.5224719101123596,258,0.7247191011235955,88,0.24719101123595505,0.5
DK2,M3,q90,2023,none,0,0,0,26,0.0,356,0.0,356,1.0,0,0.0,0.5
DK2,M3,q90,2023,top1,356,50,12,26,0.46153846153846156,356,1.0,0,0.0,0,0.0,0.5
DK2,M3,q90,2023,top2,712,95,13,26,0.5,356,2.0,0,0.0,356,1.0,0.5
DK2,M3,q90,2023,gate025,161,83,9,26,0.34615384615384615,356,0.45224719101123595,272,0.7640449438202247,77,0.21629213483146068,0.5
DK2,M3,q90,2023,inherited_priority019,148,58,13,26,0.5,356,0.4157303370786517,259,0.7275280898876404,51,0.14325842696629212,0.5
DK2,M3,q90,2023,gate025_cool6,121,65,14,26,0.5384615384615384,356,0.3398876404494382,275,0.7724719101123596,40,0.11235955056179775,0.5
DK2,M3,q90,2023,gate025_rise,161,72,13,26,0.5,356,0.45224719101123595,272,0.7640449438202247,77,0.21629213483146068,0.5
DK2,M3,q90,2023,gate025_rise_cool6,122,56,12,26,0.46153846153846156,356,0.34269662921348315,275,0.7724719101123596,41,0.1151685393258427,0.5
DK2,M3,q90,2023,rolling90_target05,207,83,11,26,0.4230769230769231,356,0.5814606741573034,245,0.6882022471910112,96,0.2696629213483146,0.5
DK2,M3,q90,2023,development_count_gate,190,88,12,26,0.46153846153846156,356,0.5337078651685393,255,0.7162921348314607,89,0.25,0.5
DK2,M3,q90,2023,gate019,186,85,10,26,0.38461538461538464,356,0.5224719101123596,258,0.7247191011235955,88,0.24719101123595505,0.5
DK2,M3,q90,2023,gate019_cool6,149,68,15,26,0.5769230769230769,356,0.41853932584269665,259,0.7275280898876404,52,0.14606741573033707,0.5
DK2,M3,q90,2023,gate019_rise,186,73,14,26,0.5384615384615384,356,0.5224719101123596,258,0.7247191011235955,88,0.24719101123595505,0.5
DK2,M3,q90,2023Q1,none,0,0,0,4,0.0,90,0.0,90,1.0,0,0.0,0.5
DK2,M3,q90,2023Q1,top1,90,8,2,4,0.5,90,1.0,0,0.0,0,0.0,0.5
DK2,M3,q90,2023Q1,top2,180,17,2,4,0.5,90,2.0,0,0.0,90,1.0,0.5
DK2,M3,q90,2023Q1,gate025,22,11,1,4,0.25,90,0.24444444444444444,78,0.8666666666666667,10,0.1111111111111111,0.5
DK2,M3,q90,2023Q1,inherited_priority019,24,7,2,4,0.5,90,0.26666666666666666,75,0.8333333333333334,9,0.1,0.5
DK2,M3,q90,2023Q1,gate025_cool6,19,8,3,4,0.75,90,0.2111111111111111,78,0.8666666666666667,7,0.07777777777777778,0.5
DK2,M3,q90,2023Q1,gate025_rise,22,9,2,4,0.5,90,0.24444444444444444,78,0.8666666666666667,10,0.1111111111111111,0.5
DK2,M3,q90,2023Q1,gate025_rise_cool6,20,6,1,4,0.25,90,0.2222222222222222,78,0.8666666666666667,8,0.08888888888888889,0.5
DK2,M3,q90,2023Q1,rolling90_target05,43,15,2,4,0.5,90,0.4777777777777778,68,0.7555555555555555,21,0.23333333333333334,0.5
DK2,M3,q90,2023Q1,development_count_gate,31,14,2,4,0.5,90,0.34444444444444444,73,0.8111111111111111,14,0.15555555555555556,0.5
DK2,M3,q90,2023Q1,gate019,30,13,2,4,0.5,90,0.3333333333333333,74,0.8222222222222222,14,0.15555555555555556,0.5
DK2,M3,q90,2023Q1,gate019_cool6,23,9,4,4,1.0,90,0.25555555555555554,75,0.8333333333333334,8,0.08888888888888889,0.5
DK2,M3,q90,2023Q1,gate019_rise,30,11,3,4,0.75,90,0.3333333333333333,74,0.8222222222222222,14,0.15555555555555556,0.5
DK2,M3,q90,2023Q2,none,0,0,0,5,0.0,91,0.0,91,1.0,0,0.0,0.5
DK2,M3,q90,2023Q2,top1,91,4,2,5,0.4,91,1.0,0,0.0,0,0.0,0.5
DK2,M3,q90,2023Q2,top2,182,6,2,5,0.4,91,2.0,0,0.0,91,1.0,0.5
DK2,M3,q90,2023Q2,gate025,22,5,1,5,0.2,91,0.24175824175824176,79,0.8681318681318682,10,0.10989010989010989,0.5
DK2,M3,q90,2023Q2,inherited_priority019,22,4,3,5,0.6,91,0.24175824175824176,76,0.8351648351648352,7,0.07692307692307693,0.5
DK2,M3,q90,2023Q2,gate025_cool6,17,5,1,5,0.2,91,0.18681318681318682,79,0.8681318681318682,5,0.054945054945054944,0.5
DK2,M3,q90,2023Q2,gate025_rise,22,3,3,5,0.6,91,0.24175824175824176,79,0.8681318681318682,10,0.10989010989010989,0.5
DK2,M3,q90,2023Q2,gate025_rise_cool6,17,4,3,5,0.6,91,0.18681318681318682,79,0.8681318681318682,5,0.054945054945054944,0.5
DK2,M3,q90,2023Q2,rolling90_target05,55,6,2,5,0.4,91,0.6043956043956044,59,0.6483516483516484,23,0.25274725274725274,0.5
DK2,M3,q90,2023Q2,development_count_gate,28,6,2,5,0.4,91,0.3076923076923077,75,0.8241758241758241,12,0.13186813186813187,0.5
DK2,M3,q90,2023Q2,gate019,27,5,1,5,0.2,91,0.2967032967032967,76,0.8351648351648352,12,0.13186813186813187,0.5
DK2,M3,q90,2023Q2,gate019_cool6,22,5,1,5,0.2,91,0.24175824175824176,76,0.8351648351648352,7,0.07692307692307693,0.5
DK2,M3,q90,2023Q2,gate019_rise,27,3,3,5,0.6,91,0.2967032967032967,76,0.8351648351648352,12,0.13186813186813187,0.5
DK2,M3,q90,2023Q3,none,0,0,0,10,0.0,87,0.0,87,1.0,0,0.0,0.5
DK2,M3,q90,2023Q3,top1,87,23,5,10,0.5,87,1.0,0,0.0,0,0.0,0.5
DK2,M3,q90,2023Q3,top2,174,42,5,10,0.5,87,2.0,0,0.0,87,1.0,0.5
DK2,M3,q90,2023Q3,gate025,74,40,4,10,0.4,87,0.8505747126436781,49,0.5632183908045977,36,0.41379310344827586,0.5
DK2,M3,q90,2023Q3,inherited_priority019,63,27,4,10,0.4,87,0.7241379310344828,45,0.5172413793103449,21,0.2413793103448276,0.5
DK2,M3,q90,2023Q3,gate025_cool6,52,30,5,10,0.5,87,0.5977011494252874,51,0.5862068965517241,16,0.1839080459770115,0.5
DK2,M3,q90,2023Q3,gate025_rise,74,36,5,10,0.5,87,0.8505747126436781,49,0.5632183908045977,36,0.41379310344827586,0.5
DK2,M3,q90,2023Q3,gate025_rise_cool6,53,26,4,10,0.4,87,0.6091954022988506,50,0.5747126436781609,16,0.1839080459770115,0.5
DK2,M3,q90,2023Q3,rolling90_target05,81,41,5,10,0.5,87,0.9310344827586207,44,0.5057471264367817,38,0.4367816091954023,0.5
DK2,M3,q90,2023Q3,development_count_gate,80,40,4,10,0.4,87,0.9195402298850575,45,0.5172413793103449,38,0.4367816091954023,0.5
DK2,M3,q90,2023Q3,gate019,80,40,4,10,0.4,87,0.9195402298850575,45,0.5172413793103449,38,0.4367816091954023,0.5
DK2,M3,q90,2023Q3,gate019_cool6,65,32,5,10,0.5,87,0.7471264367816092,45,0.5172413793103449,23,0.26436781609195403,0.5
DK2,M3,q90,2023Q3,gate019_rise,80,35,5,10,0.5,87,0.9195402298850575,45,0.5172413793103449,38,0.4367816091954023,0.5
DK2,M3,q90,2023Q4,none,0,0,0,7,0.0,88,0.0,88,1.0,0,0.0,0.5
DK2,M3,q90,2023Q4,top1,88,15,3,7,0.42857142857142855,88,1.0,0,0.0,0,0.0,0.5
DK2,M3,q90,2023Q4,top2,176,30,4,7,0.5714285714285714,88,2.0,0,0.0,88,1.0,0.5
DK2,M3,q90,2023Q4,gate025,43,27,3,7,0.42857142857142855,88,0.48863636363636365,66,0.75,21,0.23863636363636365,0.5
DK2,M3,q90,2023Q4,inherited_priority019,39,20,4,7,0.5714285714285714,88,0.4431818181818182,63,0.7159090909090909,14,0.1590909090909091,0.5
DK2,M3,q90,2023Q4,gate025_cool6,33,22,5,7,0.7142857142857143,88,0.375,67,0.7613636363636364,12,0.13636363636363635,0.5
DK2,M3,q90,2023Q4,gate025_rise,43,24,3,7,0.42857142857142855,88,0.48863636363636365,66,0.75,21,0.23863636363636365,0.5
DK2,M3,q90,2023Q4,gate025_rise_cool6,32,20,4,7,0.5714285714285714,88,0.36363636363636365,68,0.7727272727272727,12,0.13636363636363635,0.5
DK2,M3,q90,2023Q4,rolling90_target05,28,21,2,7,0.2857142857142857,88,0.3181818181818182,74,0.8409090909090909,14,0.1590909090909091,0.5
DK2,M3,q90,2023Q4,development_count_gate,51,28,4,7,0.5714285714285714,88,0.5795454545454546,62,0.7045454545454546,25,0.2840909090909091,0.5
DK2,M3,q90,2023Q4,gate019,49,27,3,7,0.42857142857142855,88,0.5568181818181818,63,0.7159090909090909,24,0.2727272727272727,0.5
DK2,M3,q90,2023Q4,gate019_cool6,39,22,5,7,0.7142857142857143,88,0.4431818181818182,63,0.7159090909090909,14,0.1590909090909091,0.5
DK2,M3,q90,2023Q4,gate019_rise,49,24,3,7,0.42857142857142855,88,0.5568181818181818,63,0.7159090909090909,24,0.2727272727272727,0.5
DK2,M0,q95,all,none,0,0,0,20,0.0,356,0.0,356,1.0,0,0.0,0.5
DK2,M0,q95,all,top1,356,26,10,20,0.5,356,1.0,0,0.0,0,0.0,0.5
DK2,M0,q95,all,top2,712,49,11,20,0.55,356,2.0,0,0.0,356,1.0,0.5
DK2,M0,q95,all,gate025,93,43,7,20,0.35,356,0.2612359550561798,303,0.851123595505618,40,0.11235955056179775,0.5
DK2,M0,q95,all,inherited_priority019,90,35,10,20,0.5,356,0.25280898876404495,294,0.8258426966292135,28,0.07865168539325842,0.5
DK2,M0,q95,all,gate025_cool6,73,34,9,20,0.45,356,0.2050561797752809,305,0.8567415730337079,22,0.06179775280898876,0.5
DK2,M0,q95,all,gate025_rise,93,40,7,20,0.35,356,0.2612359550561798,303,0.851123595505618,40,0.11235955056179775,0.5
DK2,M0,q95,all,gate025_rise_cool6,76,34,9,20,0.45,356,0.21348314606741572,304,0.8539325842696629,24,0.06741573033707865,0.5
DK2,M0,q95,all,rolling90_target05,201,47,9,20,0.45,356,0.5646067415730337,247,0.6938202247191011,92,0.25842696629213485,0.5
DK2,M0,q95,all,development_count_gate,173,47,9,20,0.45,356,0.4859550561797753,263,0.7387640449438202,80,0.2247191011235955,0.5
DK2,M0,q95,all,gate019,117,44,8,20,0.4,356,0.32865168539325845,294,0.8258426966292135,55,0.1544943820224719,0.5
DK2,M0,q95,all,gate019_cool6,87,35,10,20,0.5,356,0.2443820224719101,295,0.8286516853932584,26,0.07303370786516854,0.5
DK2,M0,q95,all,gate019_rise,117,42,8,20,0.4,356,0.32865168539325845,294,0.8258426966292135,55,0.1544943820224719,0.5
DK2,M0,q95,2023,none,0,0,0,20,0.0,356,0.0,356,1.0,0,0.0,0.5
DK2,M0,q95,2023,top1,356,26,10,20,0.5,356,1.0,0,0.0,0,0.0,0.5
DK2,M0,q95,2023,top2,712,49,11,20,0.55,356,2.0,0,0.0,356,1.0,0.5
DK2,M0,q95,2023,gate025,93,43,7,20,0.35,356,0.2612359550561798,303,0.851123595505618,40,0.11235955056179775,0.5
DK2,M0,q95,2023,inherited_priority019,90,35,10,20,0.5,356,0.25280898876404495,294,0.8258426966292135,28,0.07865168539325842,0.5
DK2,M0,q95,2023,gate025_cool6,73,34,9,20,0.45,356,0.2050561797752809,305,0.8567415730337079,22,0.06179775280898876,0.5
DK2,M0,q95,2023,gate025_rise,93,40,7,20,0.35,356,0.2612359550561798,303,0.851123595505618,40,0.11235955056179775,0.5
DK2,M0,q95,2023,gate025_rise_cool6,76,34,9,20,0.45,356,0.21348314606741572,304,0.8539325842696629,24,0.06741573033707865,0.5
DK2,M0,q95,2023,rolling90_target05,201,47,9,20,0.45,356,0.5646067415730337,247,0.6938202247191011,92,0.25842696629213485,0.5
DK2,M0,q95,2023,development_count_gate,173,47,9,20,0.45,356,0.4859550561797753,263,0.7387640449438202,80,0.2247191011235955,0.5
DK2,M0,q95,2023,gate019,117,44,8,20,0.4,356,0.32865168539325845,294,0.8258426966292135,55,0.1544943820224719,0.5
DK2,M0,q95,2023,gate019_cool6,87,35,10,20,0.5,356,0.2443820224719101,295,0.8286516853932584,26,0.07303370786516854,0.5
DK2,M0,q95,2023,gate019_rise,117,42,8,20,0.4,356,0.32865168539325845,294,0.8258426966292135,55,0.1544943820224719,0.5
DK2,M0,q95,2023Q1,none,0,0,0,3,0.0,90,0.0,90,1.0,0,0.0,0.5
DK2,M0,q95,2023Q1,top1,90,1,1,3,0.3333333333333333,90,1.0,0,0.0,0,0.0,0.5
DK2,M0,q95,2023Q1,top2,180,3,2,3,0.6666666666666666,90,2.0,0,0.0,90,1.0,0.5
DK2,M0,q95,2023Q1,gate025,2,0,0,3,0.0,90,0.022222222222222223,88,0.9777777777777777,0,0.0,0.5
DK2,M0,q95,2023Q1,inherited_priority019,4,1,1,3,0.3333333333333333,90,0.044444444444444446,87,0.9666666666666667,1,0.011111111111111112,0.5
DK2,M0,q95,2023Q1,gate025_cool6,2,0,0,3,0.0,90,0.022222222222222223,88,0.9777777777777777,0,0.0,0.5
DK2,M0,q95,2023Q1,gate025_rise,2,0,0,3,0.0,90,0.022222222222222223,88,0.9777777777777777,0,0.0,0.5
DK2,M0,q95,2023Q1,gate025_rise_cool6,2,0,0,3,0.0,90,0.022222222222222223,88,0.9777777777777777,0,0.0,0.5
DK2,M0,q95,2023Q1,rolling90_target05,35,3,2,3,0.6666666666666666,90,0.3888888888888889,72,0.8,17,0.18888888888888888,0.5
DK2,M0,q95,2023Q1,development_count_gate,13,2,1,3,0.3333333333333333,90,0.14444444444444443,83,0.9222222222222223,6,0.06666666666666667,0.5
DK2,M0,q95,2023Q1,gate019,6,1,1,3,0.3333333333333333,90,0.06666666666666667,87,0.9666666666666667,3,0.03333333333333333,0.5
DK2,M0,q95,2023Q1,gate019_cool6,4,1,1,3,0.3333333333333333,90,0.044444444444444446,87,0.9666666666666667,1,0.011111111111111112,0.5
DK2,M0,q95,2023Q1,gate019_rise,6,1,1,3,0.3333333333333333,90,0.06666666666666667,87,0.9666666666666667,3,0.03333333333333333,0.5
DK2,M0,q95,2023Q2,none,0,0,0,2,0.0,91,0.0,91,1.0,0,0.0,0.5
DK2,M0,q95,2023Q2,top1,91,1,1,2,0.5,91,1.0,0,0.0,0,0.0,0.5
DK2,M0,q95,2023Q2,top2,182,2,1,2,0.5,91,2.0,0,0.0,91,1.0,0.5
DK2,M0,q95,2023Q2,gate025,11,2,1,2,0.5,91,0.12087912087912088,83,0.9120879120879121,3,0.03296703296703297,0.5
DK2,M0,q95,2023Q2,inherited_priority019,13,2,1,2,0.5,91,0.14285714285714285,81,0.8901098901098901,3,0.03296703296703297,0.5
DK2,M0,q95,2023Q2,gate025_cool6,10,2,1,2,0.5,91,0.10989010989010989,83,0.9120879120879121,2,0.02197802197802198,0.5
DK2,M0,q95,2023Q2,gate025_rise,11,1,0,2,0.0,91,0.12087912087912088,83,0.9120879120879121,3,0.03296703296703297,0.5
DK2,M0,q95,2023Q2,gate025_rise_cool6,10,2,1,2,0.5,91,0.10989010989010989,83,0.9120879120879121,2,0.02197802197802198,0.5
DK2,M0,q95,2023Q2,rolling90_target05,65,2,1,2,0.5,91,0.7142857142857143,55,0.6043956043956044,29,0.31868131868131866,0.5
DK2,M0,q95,2023Q2,development_count_gate,32,2,1,2,0.5,91,0.3516483516483517,72,0.7912087912087912,13,0.14285714285714285,0.5
DK2,M0,q95,2023Q2,gate019,16,2,1,2,0.5,91,0.17582417582417584,81,0.8901098901098901,6,0.06593406593406594,0.5
DK2,M0,q95,2023Q2,gate019_cool6,13,2,1,2,0.5,91,0.14285714285714285,81,0.8901098901098901,3,0.03296703296703297,0.5
DK2,M0,q95,2023Q2,gate019_rise,16,1,0,2,0.0,91,0.17582417582417584,81,0.8901098901098901,6,0.06593406593406594,0.5
DK2,M0,q95,2023Q3,none,0,0,0,10,0.0,87,0.0,87,1.0,0,0.0,0.5
DK2,M0,q95,2023Q3,top1,87,14,5,10,0.5,87,1.0,0,0.0,0,0.0,0.5
DK2,M0,q95,2023Q3,top2,174,27,5,10,0.5,87,2.0,0,0.0,87,1.0,0.5
DK2,M0,q95,2023Q3,gate025,60,26,5,10,0.5,87,0.6896551724137931,54,0.6206896551724138,27,0.3103448275862069,0.5
DK2,M0,q95,2023Q3,inherited_priority019,50,18,5,10,0.5,87,0.5747126436781609,51,0.5862068965517241,14,0.16091954022988506,0.5
DK2,M0,q95,2023Q3,gate025_cool6,42,19,6,10,0.6,87,0.4827586206896552,56,0.6436781609195402,11,0.12643678160919541,0.5
DK2,M0,q95,2023Q3,gate025_rise,60,23,5,10,0.5,87,0.6896551724137931,54,0.6206896551724138,27,0.3103448275862069,0.5
DK2,M0,q95,2023Q3,gate025_rise_cool6,44,18,5,10,0.5,87,0.5057471264367817,55,0.632183908045977,12,0.13793103448275862,0.5
DK2,M0,q95,2023Q3,rolling90_target05,78,27,5,10,0.5,87,0.896551724137931,44,0.5057471264367817,35,0.40229885057471265,0.5
DK2,M0,q95,2023Q3,development_count_gate,86,27,5,10,0.5,87,0.9885057471264368,42,0.4827586206896552,41,0.47126436781609193,0.5
DK2,M0,q95,2023Q3,gate019,69,26,5,10,0.5,87,0.7931034482758621,51,0.5862068965517241,33,0.3793103448275862,0.5
DK2,M0,q95,2023Q3,gate019_cool6,48,19,6,10,0.6,87,0.5517241379310345,52,0.5977011494252874,13,0.14942528735632185,0.5
DK2,M0,q95,2023Q3,gate019_rise,69,24,5,10,0.5,87,0.7931034482758621,51,0.5862068965517241,33,0.3793103448275862,0.5
DK2,M0,q95,2023Q4,none,0,0,0,5,0.0,88,0.0,88,1.0,0,0.0,0.5
DK2,M0,q95,2023Q4,top1,88,10,3,5,0.6,88,1.0,0,0.0,0,0.0,0.5
DK2,M0,q95,2023Q4,top2,176,17,3,5,0.6,88,2.0,0,0.0,88,1.0,0.5
DK2,M0,q95,2023Q4,gate025,20,15,1,5,0.2,88,0.22727272727272727,78,0.8863636363636364,10,0.11363636363636363,0.5
DK2,M0,q95,2023Q4,inherited_priority019,23,14,3,5,0.6,88,0.26136363636363635,75,0.8522727272727273,10,0.11363636363636363,0.5
DK2,M0,q95,2023Q4,gate025_cool6,19,13,2,5,0.4,88,0.2159090909090909,78,0.8863636363636364,9,0.10227272727272728,0.5
DK2,M0,q95,2023Q4,gate025_rise,20,16,2,5,0.4,88,0.22727272727272727,78,0.8863636363636364,10,0.11363636363636363,0.5
DK2,M0,q95,2023Q4,gate025_rise_cool6,20,14,3,5,0.6,88,0.22727272727272727,78,0.8863636363636364,10,0.11363636363636363,0.5
DK2,M0,q95,2023Q4,rolling90_target05,23,15,1,5,0.2,88,0.26136363636363635,76,0.8636363636363636,11,0.125,0.5
DK2,M0,q95,2023Q4,development_count_gate,42,16,2,5,0.4,88,0.4772727272727273,66,0.75,20,0.22727272727272727,0.5
DK2,M0,q95,2023Q4,gate019,26,15,1,5,0.2,88,0.29545454545454547,75,0.8522727272727273,13,0.14772727272727273,0.5
DK2,M0,q95,2023Q4,gate019_cool6,22,13,2,5,0.4,88,0.25,75,0.8522727272727273,9,0.10227272727272728,0.5
DK2,M0,q95,2023Q4,gate019_rise,26,16,2,5,0.4,88,0.29545454545454547,75,0.8522727272727273,13,0.14772727272727273,0.5
DK2,M1,q95,all,none,0,0,0,20,0.0,356,0.0,356,1.0,0,0.0,0.5
DK2,M1,q95,all,top1,356,25,10,20,0.5,356,1.0,0,0.0,0,0.0,0.5
DK2,M1,q95,all,top2,712,47,11,20,0.55,356,2.0,0,0.0,356,1.0,0.5
DK2,M1,q95,all,gate025,95,42,8,20,0.4,356,0.26685393258426965,303,0.851123595505618,42,0.11797752808988764,0.5
DK2,M1,q95,all,inherited_priority019,91,33,9,20,0.45,356,0.2556179775280899,293,0.8230337078651685,28,0.07865168539325842,0.5
DK2,M1,q95,all,gate025_cool6,75,34,10,20,0.5,356,0.21067415730337077,304,0.8539325842696629,23,0.06460674157303371,0.5
DK2,M1,q95,all,gate025_rise,95,42,9,20,0.45,356,0.26685393258426965,303,0.851123595505618,42,0.11797752808988764,0.5
DK2,M1,q95,all,gate025_rise_cool6,77,33,9,20,0.45,356,0.21629213483146068,304,0.8539325842696629,25,0.0702247191011236,0.5
DK2,M1,q95,all,rolling90_target05,202,45,9,20,0.45,356,0.5674157303370787,251,0.7050561797752809,97,0.27247191011235955,0.5
DK2,M1,q95,all,development_count_gate,166,46,10,20,0.5,356,0.46629213483146065,268,0.7528089887640449,78,0.21910112359550563,0.5
DK2,M1,q95,all,gate019,118,43,9,20,0.45,356,0.33146067415730335,291,0.8174157303370787,53,0.14887640449438203,0.5
DK2,M1,q95,all,gate019_cool6,89,34,10,20,0.5,356,0.25,293,0.8230337078651685,26,0.07303370786516854,0.5
DK2,M1,q95,all,gate019_rise,118,44,10,20,0.5,356,0.33146067415730335,291,0.8174157303370787,53,0.14887640449438203,0.5
DK2,M1,q95,2023,none,0,0,0,20,0.0,356,0.0,356,1.0,0,0.0,0.5
DK2,M1,q95,2023,top1,356,25,10,20,0.5,356,1.0,0,0.0,0,0.0,0.5
DK2,M1,q95,2023,top2,712,47,11,20,0.55,356,2.0,0,0.0,356,1.0,0.5
DK2,M1,q95,2023,gate025,95,42,8,20,0.4,356,0.26685393258426965,303,0.851123595505618,42,0.11797752808988764,0.5
DK2,M1,q95,2023,inherited_priority019,91,33,9,20,0.45,356,0.2556179775280899,293,0.8230337078651685,28,0.07865168539325842,0.5
DK2,M1,q95,2023,gate025_cool6,75,34,10,20,0.5,356,0.21067415730337077,304,0.8539325842696629,23,0.06460674157303371,0.5
DK2,M1,q95,2023,gate025_rise,95,42,9,20,0.45,356,0.26685393258426965,303,0.851123595505618,42,0.11797752808988764,0.5
DK2,M1,q95,2023,gate025_rise_cool6,77,33,9,20,0.45,356,0.21629213483146068,304,0.8539325842696629,25,0.0702247191011236,0.5
DK2,M1,q95,2023,rolling90_target05,202,45,9,20,0.45,356,0.5674157303370787,251,0.7050561797752809,97,0.27247191011235955,0.5
DK2,M1,q95,2023,development_count_gate,166,46,10,20,0.5,356,0.46629213483146065,268,0.7528089887640449,78,0.21910112359550563,0.5
DK2,M1,q95,2023,gate019,118,43,9,20,0.45,356,0.33146067415730335,291,0.8174157303370787,53,0.14887640449438203,0.5
DK2,M1,q95,2023,gate019_cool6,89,34,10,20,0.5,356,0.25,293,0.8230337078651685,26,0.07303370786516854,0.5
DK2,M1,q95,2023,gate019_rise,118,44,10,20,0.5,356,0.33146067415730335,291,0.8174157303370787,53,0.14887640449438203,0.5
DK2,M1,q95,2023Q1,none,0,0,0,3,0.0,90,0.0,90,1.0,0,0.0,0.5
DK2,M1,q95,2023Q1,top1,90,2,2,3,0.6666666666666666,90,1.0,0,0.0,0,0.0,0.5
DK2,M1,q95,2023Q1,top2,180,3,2,3,0.6666666666666666,90,2.0,0,0.0,90,1.0,0.5
DK2,M1,q95,2023Q1,gate025,6,1,1,3,0.3333333333333333,90,0.06666666666666667,87,0.9666666666666667,3,0.03333333333333333,0.5
DK2,M1,q95,2023Q1,inherited_priority019,7,1,1,3,0.3333333333333333,90,0.07777777777777778,84,0.9333333333333333,1,0.011111111111111112,0.5
DK2,M1,q95,2023Q1,gate025_cool6,4,1,1,3,0.3333333333333333,90,0.044444444444444446,87,0.9666666666666667,1,0.011111111111111112,0.5
DK2,M1,q95,2023Q1,gate025_rise,6,1,1,3,0.3333333333333333,90,0.06666666666666667,87,0.9666666666666667,3,0.03333333333333333,0.5
DK2,M1,q95,2023Q1,gate025_rise_cool6,4,1,1,3,0.3333333333333333,90,0.044444444444444446,87,0.9666666666666667,1,0.011111111111111112,0.5
DK2,M1,q95,2023Q1,rolling90_target05,37,3,2,3,0.6666666666666666,90,0.4111111111111111,71,0.7888888888888889,18,0.2,0.5
DK2,M1,q95,2023Q1,development_count_gate,17,3,2,3,0.6666666666666666,90,0.18888888888888888,81,0.9,8,0.08888888888888889,0.5
DK2,M1,q95,2023Q1,gate019,10,1,1,3,0.3333333333333333,90,0.1111111111111111,84,0.9333333333333333,4,0.044444444444444446,0.5
DK2,M1,q95,2023Q1,gate019_cool6,7,1,1,3,0.3333333333333333,90,0.07777777777777778,84,0.9333333333333333,1,0.011111111111111112,0.5
DK2,M1,q95,2023Q1,gate019_rise,10,1,1,3,0.3333333333333333,90,0.1111111111111111,84,0.9333333333333333,4,0.044444444444444446,0.5
DK2,M1,q95,2023Q2,none,0,0,0,2,0.0,91,0.0,91,1.0,0,0.0,0.5
DK2,M1,q95,2023Q2,top1,91,1,1,2,0.5,91,1.0,0,0.0,0,0.0,0.5
DK2,M1,q95,2023Q2,top2,182,2,1,2,0.5,91,2.0,0,0.0,91,1.0,0.5
DK2,M1,q95,2023Q2,gate025,9,2,1,2,0.5,91,0.0989010989010989,84,0.9230769230769231,2,0.02197802197802198,0.5
DK2,M1,q95,2023Q2,inherited_priority019,10,1,0,2,0.0,91,0.10989010989010989,83,0.9120879120879121,2,0.02197802197802198,0.5
DK2,M1,q95,2023Q2,gate025_cool6,9,2,1,2,0.5,91,0.0989010989010989,84,0.9230769230769231,2,0.02197802197802198,0.5
DK2,M1,q95,2023Q2,gate025_rise,9,1,0,2,0.0,91,0.0989010989010989,84,0.9230769230769231,2,0.02197802197802198,0.5
DK2,M1,q95,2023Q2,gate025_rise_cool6,9,1,0,2,0.0,91,0.0989010989010989,84,0.9230769230769231,2,0.02197802197802198,0.5
DK2,M1,q95,2023Q2,rolling90_target05,58,2,1,2,0.5,91,0.6373626373626373,60,0.6593406593406593,27,0.2967032967032967,0.5
DK2,M1,q95,2023Q2,development_count_gate,22,2,1,2,0.5,91,0.24175824175824176,79,0.8681318681318682,10,0.10989010989010989,0.5
DK2,M1,q95,2023Q2,gate019,12,2,1,2,0.5,91,0.13186813186813187,83,0.9120879120879121,4,0.04395604395604396,0.5
DK2,M1,q95,2023Q2,gate019_cool6,10,2,1,2,0.5,91,0.10989010989010989,83,0.9120879120879121,2,0.02197802197802198,0.5
DK2,M1,q95,2023Q2,gate019_rise,12,1,0,2,0.0,91,0.13186813186813187,83,0.9120879120879121,4,0.04395604395604396,0.5
DK2,M1,q95,2023Q3,none,0,0,0,10,0.0,87,0.0,87,1.0,0,0.0,0.5
DK2,M1,q95,2023Q3,top1,87,14,5,10,0.5,87,1.0,0,0.0,0,0.0,0.5
DK2,M1,q95,2023Q3,top2,174,26,5,10,0.5,87,2.0,0,0.0,87,1.0,0.5
DK2,M1,q95,2023Q3,gate025,54,25,5,10,0.5,87,0.6206896551724138,57,0.6551724137931034,24,0.27586206896551724,0.5
DK2,M1,q95,2023Q3,inherited_priority019,47,17,5,10,0.5,87,0.5402298850574713,54,0.6206896551724138,14,0.16091954022988506,0.5
DK2,M1,q95,2023Q3,gate025_cool6,40,18,6,10,0.6,87,0.45977011494252873,58,0.6666666666666666,11,0.12643678160919541,0.5
DK2,M1,q95,2023Q3,gate025_rise,54,24,5,10,0.5,87,0.6206896551724138,57,0.6551724137931034,24,0.27586206896551724,0.5
DK2,M1,q95,2023Q3,gate025_rise_cool6,41,17,5,10,0.5,87,0.47126436781609193,58,0.6666666666666666,12,0.13793103448275862,0.5
DK2,M1,q95,2023Q3,rolling90_target05,83,26,5,10,0.5,87,0.9540229885057471,44,0.5057471264367817,40,0.45977011494252873,0.5
DK2,M1,q95,2023Q3,development_count_gate,83,26,5,10,0.5,87,0.9540229885057471,43,0.4942528735632184,39,0.4482758620689655,0.5
DK2,M1,q95,2023Q3,gate019,66,25,5,10,0.5,87,0.7586206896551724,52,0.5977011494252874,31,0.3563218390804598,0.5
DK2,M1,q95,2023Q3,gate019_cool6,46,18,6,10,0.6,87,0.5287356321839081,54,0.6206896551724138,13,0.14942528735632185,0.5
DK2,M1,q95,2023Q3,gate019_rise,66,25,5,10,0.5,87,0.7586206896551724,52,0.5977011494252874,31,0.3563218390804598,0.5
DK2,M1,q95,2023Q4,none,0,0,0,5,0.0,88,0.0,88,1.0,0,0.0,0.5
DK2,M1,q95,2023Q4,top1,88,8,2,5,0.4,88,1.0,0,0.0,0,0.0,0.5
DK2,M1,q95,2023Q4,top2,176,16,3,5,0.6,88,2.0,0,0.0,88,1.0,0.5
DK2,M1,q95,2023Q4,gate025,26,14,1,5,0.2,88,0.29545454545454547,75,0.8522727272727273,13,0.14772727272727273,0.5
DK2,M1,q95,2023Q4,inherited_priority019,27,14,3,5,0.6,88,0.3068181818181818,72,0.8181818181818182,11,0.125,0.5
DK2,M1,q95,2023Q4,gate025_cool6,22,13,2,5,0.4,88,0.25,75,0.8522727272727273,9,0.10227272727272728,0.5
DK2,M1,q95,2023Q4,gate025_rise,26,16,3,5,0.6,88,0.29545454545454547,75,0.8522727272727273,13,0.14772727272727273,0.5
DK2,M1,q95,2023Q4,gate025_rise_cool6,23,14,3,5,0.6,88,0.26136363636363635,75,0.8522727272727273,10,0.11363636363636363,0.5
DK2,M1,q95,2023Q4,rolling90_target05,24,14,1,5,0.2,88,0.2727272727272727,76,0.8636363636363636,12,0.13636363636363635,0.5
DK2,M1,q95,2023Q4,development_count_gate,44,15,2,5,0.4,88,0.5,65,0.7386363636363636,21,0.23863636363636365,0.5
DK2,M1,q95,2023Q4,gate019,30,15,2,5,0.4,88,0.3409090909090909,72,0.8181818181818182,14,0.1590909090909091,0.5
DK2,M1,q95,2023Q4,gate019_cool6,26,13,2,5,0.4,88,0.29545454545454547,72,0.8181818181818182,10,0.11363636363636363,0.5
DK2,M1,q95,2023Q4,gate019_rise,30,17,4,5,0.8,88,0.3409090909090909,72,0.8181818181818182,14,0.1590909090909091,0.5
DK2,M2,q95,all,none,0,0,0,20,0.0,356,0.0,356,1.0,0,0.0,0.5
DK2,M2,q95,all,top1,356,26,10,20,0.5,356,1.0,0,0.0,0,0.0,0.5
DK2,M2,q95,all,top2,712,49,11,20,0.55,356,2.0,0,0.0,356,1.0,0.5
DK2,M2,q95,all,gate025,92,42,7,20,0.35,356,0.25842696629213485,304,0.8539325842696629,40,0.11235955056179775,0.5
DK2,M2,q95,all,inherited_priority019,91,34,9,20,0.45,356,0.2556179775280899,294,0.8258426966292135,29,0.08146067415730338,0.5
DK2,M2,q95,all,gate025_cool6,72,34,9,20,0.45,356,0.20224719101123595,306,0.8595505617977528,22,0.06179775280898876,0.5
DK2,M2,q95,all,gate025_rise,92,40,7,20,0.35,356,0.25842696629213485,304,0.8539325842696629,40,0.11235955056179775,0.5
DK2,M2,q95,all,gate025_rise_cool6,75,33,8,20,0.4,356,0.21067415730337077,305,0.8567415730337079,24,0.06741573033707865,0.5
DK2,M2,q95,all,rolling90_target05,201,47,9,20,0.45,356,0.5646067415730337,248,0.6966292134831461,93,0.2612359550561798,0.5
DK2,M2,q95,all,development_count_gate,166,46,9,20,0.45,356,0.46629213483146065,267,0.75,77,0.21629213483146068,0.5
DK2,M2,q95,all,gate019,116,43,8,20,0.4,356,0.3258426966292135,294,0.8258426966292135,54,0.15168539325842698,0.5
DK2,M2,q95,all,gate019_cool6,88,35,10,20,0.5,356,0.24719101123595505,295,0.8286516853932584,27,0.07584269662921349,0.5
DK2,M2,q95,all,gate019_rise,116,42,8,20,0.4,356,0.3258426966292135,294,0.8258426966292135,54,0.15168539325842698,0.5
DK2,M2,q95,2023,none,0,0,0,20,0.0,356,0.0,356,1.0,0,0.0,0.5
DK2,M2,q95,2023,top1,356,26,10,20,0.5,356,1.0,0,0.0,0,0.0,0.5
DK2,M2,q95,2023,top2,712,49,11,20,0.55,356,2.0,0,0.0,356,1.0,0.5
DK2,M2,q95,2023,gate025,92,42,7,20,0.35,356,0.25842696629213485,304,0.8539325842696629,40,0.11235955056179775,0.5
DK2,M2,q95,2023,inherited_priority019,91,34,9,20,0.45,356,0.2556179775280899,294,0.8258426966292135,29,0.08146067415730338,0.5
DK2,M2,q95,2023,gate025_cool6,72,34,9,20,0.45,356,0.20224719101123595,306,0.8595505617977528,22,0.06179775280898876,0.5
DK2,M2,q95,2023,gate025_rise,92,40,7,20,0.35,356,0.25842696629213485,304,0.8539325842696629,40,0.11235955056179775,0.5
DK2,M2,q95,2023,gate025_rise_cool6,75,33,8,20,0.4,356,0.21067415730337077,305,0.8567415730337079,24,0.06741573033707865,0.5
DK2,M2,q95,2023,rolling90_target05,201,47,9,20,0.45,356,0.5646067415730337,248,0.6966292134831461,93,0.2612359550561798,0.5
DK2,M2,q95,2023,development_count_gate,166,46,9,20,0.45,356,0.46629213483146065,267,0.75,77,0.21629213483146068,0.5
DK2,M2,q95,2023,gate019,116,43,8,20,0.4,356,0.3258426966292135,294,0.8258426966292135,54,0.15168539325842698,0.5
DK2,M2,q95,2023,gate019_cool6,88,35,10,20,0.5,356,0.24719101123595505,295,0.8286516853932584,27,0.07584269662921349,0.5
DK2,M2,q95,2023,gate019_rise,116,42,8,20,0.4,356,0.3258426966292135,294,0.8258426966292135,54,0.15168539325842698,0.5
DK2,M2,q95,2023Q1,none,0,0,0,3,0.0,90,0.0,90,1.0,0,0.0,0.5
DK2,M2,q95,2023Q1,top1,90,2,2,3,0.6666666666666666,90,1.0,0,0.0,0,0.0,0.5
DK2,M2,q95,2023Q1,top2,180,4,2,3,0.6666666666666666,90,2.0,0,0.0,90,1.0,0.5
DK2,M2,q95,2023Q1,gate025,2,0,0,3,0.0,90,0.022222222222222223,88,0.9777777777777777,0,0.0,0.5
DK2,M2,q95,2023Q1,inherited_priority019,4,1,1,3,0.3333333333333333,90,0.044444444444444446,87,0.9666666666666667,1,0.011111111111111112,0.5
DK2,M2,q95,2023Q1,gate025_cool6,2,0,0,3,0.0,90,0.022222222222222223,88,0.9777777777777777,0,0.0,0.5
DK2,M2,q95,2023Q1,gate025_rise,2,0,0,3,0.0,90,0.022222222222222223,88,0.9777777777777777,0,0.0,0.5
DK2,M2,q95,2023Q1,gate025_rise_cool6,2,0,0,3,0.0,90,0.022222222222222223,88,0.9777777777777777,0,0.0,0.5
DK2,M2,q95,2023Q1,rolling90_target05,38,4,2,3,0.6666666666666666,90,0.4222222222222222,70,0.7777777777777778,18,0.2,0.5
DK2,M2,q95,2023Q1,development_count_gate,13,2,1,3,0.3333333333333333,90,0.14444444444444443,83,0.9222222222222223,6,0.06666666666666667,0.5
DK2,M2,q95,2023Q1,gate019,6,1,1,3,0.3333333333333333,90,0.06666666666666667,87,0.9666666666666667,3,0.03333333333333333,0.5
DK2,M2,q95,2023Q1,gate019_cool6,4,1,1,3,0.3333333333333333,90,0.044444444444444446,87,0.9666666666666667,1,0.011111111111111112,0.5
DK2,M2,q95,2023Q1,gate019_rise,6,1,1,3,0.3333333333333333,90,0.06666666666666667,87,0.9666666666666667,3,0.03333333333333333,0.5
DK2,M2,q95,2023Q2,none,0,0,0,2,0.0,91,0.0,91,1.0,0,0.0,0.5
DK2,M2,q95,2023Q2,top1,91,1,1,2,0.5,91,1.0,0,0.0,0,0.0,0.5
DK2,M2,q95,2023Q2,top2,182,2,1,2,0.5,91,2.0,0,0.0,91,1.0,0.5
DK2,M2,q95,2023Q2,gate025,11,2,1,2,0.5,91,0.12087912087912088,83,0.9120879120879121,3,0.03296703296703297,0.5
DK2,M2,q95,2023Q2,inherited_priority019,13,1,0,2,0.0,91,0.14285714285714285,81,0.8901098901098901,3,0.03296703296703297,0.5
DK2,M2,q95,2023Q2,gate025_cool6,10,2,1,2,0.5,91,0.10989010989010989,83,0.9120879120879121,2,0.02197802197802198,0.5
DK2,M2,q95,2023Q2,gate025_rise,11,1,0,2,0.0,91,0.12087912087912088,83,0.9120879120879121,3,0.03296703296703297,0.5
DK2,M2,q95,2023Q2,gate025_rise_cool6,10,1,0,2,0.0,91,0.10989010989010989,83,0.9120879120879121,2,0.02197802197802198,0.5
DK2,M2,q95,2023Q2,rolling90_target05,61,2,1,2,0.5,91,0.6703296703296703,58,0.6373626373626373,28,0.3076923076923077,0.5
DK2,M2,q95,2023Q2,development_count_gate,28,2,1,2,0.5,91,0.3076923076923077,75,0.8241758241758241,12,0.13186813186813187,0.5
DK2,M2,q95,2023Q2,gate019,16,2,1,2,0.5,91,0.17582417582417584,81,0.8901098901098901,6,0.06593406593406594,0.5
DK2,M2,q95,2023Q2,gate019_cool6,13,2,1,2,0.5,91,0.14285714285714285,81,0.8901098901098901,3,0.03296703296703297,0.5
DK2,M2,q95,2023Q2,gate019_rise,16,1,0,2,0.0,91,0.17582417582417584,81,0.8901098901098901,6,0.06593406593406594,0.5
DK2,M2,q95,2023Q3,none,0,0,0,10,0.0,87,0.0,87,1.0,0,0.0,0.5
DK2,M2,q95,2023Q3,top1,87,14,5,10,0.5,87,1.0,0,0.0,0,0.0,0.5
DK2,M2,q95,2023Q3,top2,174,26,5,10,0.5,87,2.0,0,0.0,87,1.0,0.5
DK2,M2,q95,2023Q3,gate025,59,25,5,10,0.5,87,0.6781609195402298,55,0.632183908045977,27,0.3103448275862069,0.5
DK2,M2,q95,2023Q3,inherited_priority019,51,18,5,10,0.5,87,0.5862068965517241,51,0.5862068965517241,15,0.1724137931034483,0.5
DK2,M2,q95,2023Q3,gate025_cool6,41,19,6,10,0.6,87,0.47126436781609193,57,0.6551724137931034,11,0.12643678160919541,0.5
DK2,M2,q95,2023Q3,gate025_rise,59,23,5,10,0.5,87,0.6781609195402298,55,0.632183908045977,27,0.3103448275862069,0.5
DK2,M2,q95,2023Q3,gate025_rise_cool6,43,18,5,10,0.5,87,0.4942528735632184,56,0.6436781609195402,12,0.13793103448275862,0.5
DK2,M2,q95,2023Q3,rolling90_target05,79,26,5,10,0.5,87,0.9080459770114943,44,0.5057471264367817,36,0.41379310344827586,0.5
DK2,M2,q95,2023Q3,development_count_gate,84,26,5,10,0.5,87,0.9655172413793104,43,0.4942528735632184,40,0.45977011494252873,0.5
DK2,M2,q95,2023Q3,gate019,69,25,5,10,0.5,87,0.7931034482758621,51,0.5862068965517241,33,0.3793103448275862,0.5
DK2,M2,q95,2023Q3,gate019_cool6,49,19,6,10,0.6,87,0.5632183908045977,52,0.5977011494252874,14,0.16091954022988506,0.5
DK2,M2,q95,2023Q3,gate019_rise,69,24,5,10,0.5,87,0.7931034482758621,51,0.5862068965517241,33,0.3793103448275862,0.5
DK2,M2,q95,2023Q4,none,0,0,0,5,0.0,88,0.0,88,1.0,0,0.0,0.5
DK2,M2,q95,2023Q4,top1,88,9,2,5,0.4,88,1.0,0,0.0,0,0.0,0.5
DK2,M2,q95,2023Q4,top2,176,17,3,5,0.6,88,2.0,0,0.0,88,1.0,0.5
DK2,M2,q95,2023Q4,gate025,20,15,1,5,0.2,88,0.22727272727272727,78,0.8863636363636364,10,0.11363636363636363,0.5
DK2,M2,q95,2023Q4,inherited_priority019,23,14,3,5,0.6,88,0.26136363636363635,75,0.8522727272727273,10,0.11363636363636363,0.5
DK2,M2,q95,2023Q4,gate025_cool6,19,13,2,5,0.4,88,0.2159090909090909,78,0.8863636363636364,9,0.10227272727272728,0.5
DK2,M2,q95,2023Q4,gate025_rise,20,16,2,5,0.4,88,0.22727272727272727,78,0.8863636363636364,10,0.11363636363636363,0.5
DK2,M2,q95,2023Q4,gate025_rise_cool6,20,14,3,5,0.6,88,0.22727272727272727,78,0.8863636363636364,10,0.11363636363636363,0.5
DK2,M2,q95,2023Q4,rolling90_target05,23,15,1,5,0.2,88,0.26136363636363635,76,0.8636363636363636,11,0.125,0.5
DK2,M2,q95,2023Q4,development_count_gate,41,16,2,5,0.4,88,0.4659090909090909,66,0.75,19,0.2159090909090909,0.5
DK2,M2,q95,2023Q4,gate019,25,15,1,5,0.2,88,0.2840909090909091,75,0.8522727272727273,12,0.13636363636363635,0.5
DK2,M2,q95,2023Q4,gate019_cool6,22,13,2,5,0.4,88,0.25,75,0.8522727272727273,9,0.10227272727272728,0.5
DK2,M2,q95,2023Q4,gate019_rise,25,16,2,5,0.4,88,0.2840909090909091,75,0.8522727272727273,12,0.13636363636363635,0.5
DK2,M3,q95,all,none,0,0,0,20,0.0,356,0.0,356,1.0,0,0.0,0.5
DK2,M3,q95,all,top1,356,24,10,20,0.5,356,1.0,0,0.0,0,0.0,0.5
DK2,M3,q95,all,top2,712,47,11,20,0.55,356,2.0,0,0.0,356,1.0,0.5
DK2,M3,q95,all,gate025,93,42,8,20,0.4,356,0.2612359550561798,305,0.8567415730337079,42,0.11797752808988764,0.5
DK2,M3,q95,all,inherited_priority019,91,33,9,20,0.45,356,0.2556179775280899,294,0.8258426966292135,29,0.08146067415730338,0.5
DK2,M3,q95,all,gate025_cool6,73,34,10,20,0.5,356,0.2050561797752809,306,0.8595505617977528,23,0.06460674157303371,0.5
DK2,M3,q95,all,gate025_rise,93,42,9,20,0.45,356,0.2612359550561798,305,0.8567415730337079,42,0.11797752808988764,0.5
DK2,M3,q95,all,gate025_rise_cool6,75,34,9,20,0.45,356,0.21067415730337077,306,0.8595505617977528,25,0.0702247191011236,0.5
DK2,M3,q95,all,rolling90_target05,202,45,9,20,0.45,356,0.5674157303370787,247,0.6938202247191011,93,0.2612359550561798,0.5
DK2,M3,q95,all,development_count_gate,165,46,10,20,0.5,356,0.46348314606741575,269,0.7556179775280899,78,0.21910112359550563,0.5
DK2,M3,q95,all,gate019,117,43,9,20,0.45,356,0.32865168539325845,292,0.8202247191011236,53,0.14887640449438203,0.5
DK2,M3,q95,all,gate019_cool6,90,35,10,20,0.5,356,0.25280898876404495,294,0.8258426966292135,28,0.07865168539325842,0.5
DK2,M3,q95,all,gate019_rise,117,44,10,20,0.5,356,0.32865168539325845,292,0.8202247191011236,53,0.14887640449438203,0.5
DK2,M3,q95,2023,none,0,0,0,20,0.0,356,0.0,356,1.0,0,0.0,0.5
DK2,M3,q95,2023,top1,356,24,10,20,0.5,356,1.0,0,0.0,0,0.0,0.5
DK2,M3,q95,2023,top2,712,47,11,20,0.55,356,2.0,0,0.0,356,1.0,0.5
DK2,M3,q95,2023,gate025,93,42,8,20,0.4,356,0.2612359550561798,305,0.8567415730337079,42,0.11797752808988764,0.5
DK2,M3,q95,2023,inherited_priority019,91,33,9,20,0.45,356,0.2556179775280899,294,0.8258426966292135,29,0.08146067415730338,0.5
DK2,M3,q95,2023,gate025_cool6,73,34,10,20,0.5,356,0.2050561797752809,306,0.8595505617977528,23,0.06460674157303371,0.5
DK2,M3,q95,2023,gate025_rise,93,42,9,20,0.45,356,0.2612359550561798,305,0.8567415730337079,42,0.11797752808988764,0.5
DK2,M3,q95,2023,gate025_rise_cool6,75,34,9,20,0.45,356,0.21067415730337077,306,0.8595505617977528,25,0.0702247191011236,0.5
DK2,M3,q95,2023,rolling90_target05,202,45,9,20,0.45,356,0.5674157303370787,247,0.6938202247191011,93,0.2612359550561798,0.5
DK2,M3,q95,2023,development_count_gate,165,46,10,20,0.5,356,0.46348314606741575,269,0.7556179775280899,78,0.21910112359550563,0.5
DK2,M3,q95,2023,gate019,117,43,9,20,0.45,356,0.32865168539325845,292,0.8202247191011236,53,0.14887640449438203,0.5
DK2,M3,q95,2023,gate019_cool6,90,35,10,20,0.5,356,0.25280898876404495,294,0.8258426966292135,28,0.07865168539325842,0.5
DK2,M3,q95,2023,gate019_rise,117,44,10,20,0.5,356,0.32865168539325845,292,0.8202247191011236,53,0.14887640449438203,0.5
DK2,M3,q95,2023Q1,none,0,0,0,3,0.0,90,0.0,90,1.0,0,0.0,0.5
DK2,M3,q95,2023Q1,top1,90,2,2,3,0.6666666666666666,90,1.0,0,0.0,0,0.0,0.5
DK2,M3,q95,2023Q1,top2,180,3,2,3,0.6666666666666666,90,2.0,0,0.0,90,1.0,0.5
DK2,M3,q95,2023Q1,gate025,6,1,1,3,0.3333333333333333,90,0.06666666666666667,87,0.9666666666666667,3,0.03333333333333333,0.5
DK2,M3,q95,2023Q1,inherited_priority019,7,1,1,3,0.3333333333333333,90,0.07777777777777778,84,0.9333333333333333,1,0.011111111111111112,0.5
DK2,M3,q95,2023Q1,gate025_cool6,4,1,1,3,0.3333333333333333,90,0.044444444444444446,87,0.9666666666666667,1,0.011111111111111112,0.5
DK2,M3,q95,2023Q1,gate025_rise,6,1,1,3,0.3333333333333333,90,0.06666666666666667,87,0.9666666666666667,3,0.03333333333333333,0.5
DK2,M3,q95,2023Q1,gate025_rise_cool6,4,1,1,3,0.3333333333333333,90,0.044444444444444446,87,0.9666666666666667,1,0.011111111111111112,0.5
DK2,M3,q95,2023Q1,rolling90_target05,42,3,2,3,0.6666666666666666,90,0.4666666666666667,68,0.7555555555555555,20,0.2222222222222222,0.5
DK2,M3,q95,2023Q1,development_count_gate,17,3,2,3,0.6666666666666666,90,0.18888888888888888,81,0.9,8,0.08888888888888889,0.5
DK2,M3,q95,2023Q1,gate019,10,1,1,3,0.3333333333333333,90,0.1111111111111111,84,0.9333333333333333,4,0.044444444444444446,0.5
DK2,M3,q95,2023Q1,gate019_cool6,7,1,1,3,0.3333333333333333,90,0.07777777777777778,84,0.9333333333333333,1,0.011111111111111112,0.5
DK2,M3,q95,2023Q1,gate019_rise,10,1,1,3,0.3333333333333333,90,0.1111111111111111,84,0.9333333333333333,4,0.044444444444444446,0.5
DK2,M3,q95,2023Q2,none,0,0,0,2,0.0,91,0.0,91,1.0,0,0.0,0.5
DK2,M3,q95,2023Q2,top1,91,1,1,2,0.5,91,1.0,0,0.0,0,0.0,0.5
DK2,M3,q95,2023Q2,top2,182,2,1,2,0.5,91,2.0,0,0.0,91,1.0,0.5
DK2,M3,q95,2023Q2,gate025,7,2,1,2,0.5,91,0.07692307692307693,86,0.945054945054945,2,0.02197802197802198,0.5
DK2,M3,q95,2023Q2,inherited_priority019,10,1,0,2,0.0,91,0.10989010989010989,83,0.9120879120879121,2,0.02197802197802198,0.5
DK2,M3,q95,2023Q2,gate025_cool6,7,2,1,2,0.5,91,0.07692307692307693,86,0.945054945054945,2,0.02197802197802198,0.5
DK2,M3,q95,2023Q2,gate025_rise,7,1,0,2,0.0,91,0.07692307692307693,86,0.945054945054945,2,0.02197802197802198,0.5
DK2,M3,q95,2023Q2,gate025_rise_cool6,7,1,0,2,0.0,91,0.07692307692307693,86,0.945054945054945,2,0.02197802197802198,0.5
DK2,M3,q95,2023Q2,rolling90_target05,56,2,1,2,0.5,91,0.6153846153846154,59,0.6483516483516484,24,0.26373626373626374,0.5
DK2,M3,q95,2023Q2,development_count_gate,23,2,1,2,0.5,91,0.25274725274725274,79,0.8681318681318682,11,0.12087912087912088,0.5
DK2,M3,q95,2023Q2,gate019,12,2,1,2,0.5,91,0.13186813186813187,83,0.9120879120879121,4,0.04395604395604396,0.5
DK2,M3,q95,2023Q2,gate019_cool6,10,2,1,2,0.5,91,0.10989010989010989,83,0.9120879120879121,2,0.02197802197802198,0.5
DK2,M3,q95,2023Q2,gate019_rise,12,1,0,2,0.0,91,0.13186813186813187,83,0.9120879120879121,4,0.04395604395604396,0.5
DK2,M3,q95,2023Q3,none,0,0,0,10,0.0,87,0.0,87,1.0,0,0.0,0.5
DK2,M3,q95,2023Q3,top1,87,13,5,10,0.5,87,1.0,0,0.0,0,0.0,0.5
DK2,M3,q95,2023Q3,top2,174,26,5,10,0.5,87,2.0,0,0.0,87,1.0,0.5
DK2,M3,q95,2023Q3,gate025,54,25,5,10,0.5,87,0.6206896551724138,57,0.6551724137931034,24,0.27586206896551724,0.5
DK2,M3,q95,2023Q3,inherited_priority019,47,17,5,10,0.5,87,0.5402298850574713,54,0.6206896551724138,14,0.16091954022988506,0.5
DK2,M3,q95,2023Q3,gate025_cool6,40,18,6,10,0.6,87,0.45977011494252873,58,0.6666666666666666,11,0.12643678160919541,0.5
DK2,M3,q95,2023Q3,gate025_rise,54,24,5,10,0.5,87,0.6206896551724138,57,0.6551724137931034,24,0.27586206896551724,0.5
DK2,M3,q95,2023Q3,gate025_rise_cool6,41,18,5,10,0.5,87,0.47126436781609193,58,0.6666666666666666,12,0.13793103448275862,0.5
DK2,M3,q95,2023Q3,rolling90_target05,80,26,5,10,0.5,87,0.9195402298850575,44,0.5057471264367817,37,0.42528735632183906,0.5
DK2,M3,q95,2023Q3,development_count_gate,82,26,5,10,0.5,87,0.9425287356321839,43,0.4942528735632184,38,0.4367816091954023,0.5
DK2,M3,q95,2023Q3,gate019,66,25,5,10,0.5,87,0.7586206896551724,52,0.5977011494252874,31,0.3563218390804598,0.5
DK2,M3,q95,2023Q3,gate019_cool6,47,19,6,10,0.6,87,0.5402298850574713,54,0.6206896551724138,14,0.16091954022988506,0.5
DK2,M3,q95,2023Q3,gate019_rise,66,25,5,10,0.5,87,0.7586206896551724,52,0.5977011494252874,31,0.3563218390804598,0.5
DK2,M3,q95,2023Q4,none,0,0,0,5,0.0,88,0.0,88,1.0,0,0.0,0.5
DK2,M3,q95,2023Q4,top1,88,8,2,5,0.4,88,1.0,0,0.0,0,0.0,0.5
DK2,M3,q95,2023Q4,top2,176,16,3,5,0.6,88,2.0,0,0.0,88,1.0,0.5
DK2,M3,q95,2023Q4,gate025,26,14,1,5,0.2,88,0.29545454545454547,75,0.8522727272727273,13,0.14772727272727273,0.5
DK2,M3,q95,2023Q4,inherited_priority019,27,14,3,5,0.6,88,0.3068181818181818,73,0.8295454545454546,12,0.13636363636363635,0.5
DK2,M3,q95,2023Q4,gate025_cool6,22,13,2,5,0.4,88,0.25,75,0.8522727272727273,9,0.10227272727272728,0.5
DK2,M3,q95,2023Q4,gate025_rise,26,16,3,5,0.6,88,0.29545454545454547,75,0.8522727272727273,13,0.14772727272727273,0.5
DK2,M3,q95,2023Q4,gate025_rise_cool6,23,14,3,5,0.6,88,0.26136363636363635,75,0.8522727272727273,10,0.11363636363636363,0.5
DK2,M3,q95,2023Q4,rolling90_target05,24,14,1,5,0.2,88,0.2727272727272727,76,0.8636363636363636,12,0.13636363636363635,0.5
DK2,M3,q95,2023Q4,development_count_gate,43,15,2,5,0.4,88,0.48863636363636365,66,0.75,21,0.23863636363636365,0.5
DK2,M3,q95,2023Q4,gate019,29,15,2,5,0.4,88,0.32954545454545453,73,0.8295454545454546,14,0.1590909090909091,0.5
DK2,M3,q95,2023Q4,gate019_cool6,26,13,2,5,0.4,88,0.29545454545454547,73,0.8295454545454546,11,0.125,0.5
DK2,M3,q95,2023Q4,gate019_rise,29,17,4,5,0.8,88,0.32954545454545453,73,0.8295454545454546,14,0.1590909090909091,0.5
