zone,model,rule,endpoint,cost_ratio,reference,difference,lower,upper
DE_LU_FR_BE,original_M0,top1,process,0.0,original_M0__top2,-9.0,-14.024999999999999,-4.0
DE_LU_FR_BE,original_M0,top1,process,0.0005,original_M0__top2,-8.6375,-13.663899999999998,-3.638
DE_LU_FR_BE,original_M0,top1,process,0.001,original_M0__top2,-8.275,-13.3028,-3.276
DE_LU_FR_BE,original_M0,top1,process,0.0015,original_M0__top2,-7.9125,-12.941699999999999,-2.9139999999999997
DE_LU_FR_BE,original_M0,top1,process,0.002,original_M0__top2,-7.55,-12.580599999999999,-2.552
DE_LU_FR_BE,original_M0,top1,process,0.0025,original_M0__top2,-7.1875,-12.219499999999998,-2.19
DE_LU_FR_BE,original_M0,top1,process,0.003,original_M0__top2,-6.824999999999999,-11.858399999999998,-1.8279999999999998
DE_LU_FR_BE,original_M0,top1,process,0.0035,original_M0__top2,-6.4625,-11.497299999999997,-1.4659999999999997
DE_LU_FR_BE,original_M0,top1,process,0.004,original_M0__top2,-6.1,-11.136199999999999,-1.104
DE_LU_FR_BE,original_M0,top1,process,0.0045000000000000005,original_M0__top2,-5.7375,-10.775099999999998,-0.7419999999999995
DE_LU_FR_BE,original_M0,top1,process,0.005000000000000001,original_M0__top2,-5.374999999999999,-10.413999999999998,-0.37999999999999945
DE_LU_FR_BE,original_M0,top1,process,0.0055,original_M0__top2,-5.0125,-10.0529,-0.018000000000000238
DE_LU_FR_BE,original_M0,top1,process,0.006,original_M0__top2,-4.6499999999999995,-9.691799999999997,0.3440000000000003
DE_LU_FR_BE,original_M0,top1,process,0.006500000000000001,original_M0__top2,-4.2875,-9.330699999999997,0.7060000000000004
DE_LU_FR_BE,original_M0,top1,process,0.007000000000000001,original_M0__top2,-3.924999999999999,-8.969599999999996,1.0680000000000005
DE_LU_FR_BE,original_M0,top1,process,0.0075,original_M0__top2,-3.5625,-8.6085,1.4299999999999997
DE_LU_FR_BE,original_M0,top1,process,0.008,original_M0__top2,-3.2,-8.247399999999999,1.7919999999999998
DE_LU_FR_BE,original_M0,top1,process,0.0085,original_M0__top2,-2.8374999999999995,-7.8862999999999985,2.154000000000001
DE_LU_FR_BE,original_M0,top1,process,0.009000000000000001,original_M0__top2,-2.4749999999999996,-7.525199999999997,2.516000000000001
DE_LU_FR_BE,original_M0,top1,process,0.009500000000000001,original_M0__top2,-2.112499999999999,-7.164099999999998,2.878000000000001
DE_LU_FR_BE,original_M0,top1,process,0.01,original_M0__top2,-1.75,-6.802999999999999,3.24
DE_LU_FR_BE,original_M0,top1,process,0.0105,original_M0__top2,-1.3874999999999993,-6.441899999999999,3.6020000000000003
DE_LU_FR_BE,original_M0,top1,process,0.011000000000000001,original_M0__top2,-1.0249999999999995,-6.080799999999997,3.9640000000000004
DE_LU_FR_BE,original_M0,top1,process,0.0115,original_M0__top2,-0.6624999999999996,-5.7197,4.3260000000000005
DE_LU_FR_BE,original_M0,top1,process,0.012,original_M0__top2,-0.29999999999999893,-5.358599999999999,4.688000000000001
DE_LU_FR_BE,original_M0,top1,process,0.0125,original_M0__top2,0.0625,-4.997499999999999,5.050000000000001
DE_LU_FR_BE,original_M0,top1,process,0.013000000000000001,original_M0__top2,0.4250000000000007,-4.636399999999997,5.412000000000001
DE_LU_FR_BE,original_M0,top1,process,0.013500000000000002,original_M0__top2,0.7875000000000014,-4.275299999999997,5.774000000000001
DE_LU_FR_BE,original_M0,top1,process,0.014,original_M0__top2,1.1500000000000004,-3.9141999999999983,6.136000000000001
DE_LU_FR_BE,original_M0,top1,process,0.0145,original_M0__top2,1.512500000000001,-3.5530999999999975,6.498000000000001
DE_LU_FR_BE,original_M0,top1,process,0.015,original_M0__top2,1.875,-3.191999999999999,6.859999999999999
DE_LU_FR_BE,original_M0,top1,process,0.02,original_M0__top2,5.5,0.4190000000000007,10.48
DE_LU_FR_BE,original_M0,top1,process,0.03,original_M0__top2,12.75,7.641000000000001,17.72
DE_LU_FR_BE,original_M0,top1,process,0.05,original_M0__top2,27.25,22.085,32.2
DE_LU_FR_BE,original_M0,top1,process,0.1,original_M0__top2,63.5,58.195,68.4
DE_LU_FR_BE,original_M0,top1,process,0.2,original_M0__top2,136.0,130.6,140.8
DE_LU_FR_BE,original_M0,top1,process,0.25,original_M0__top2,172.25,166.74375,177.0
DE_LU_FR_BE,original_M0,top1,process,0.5,original_M0__top2,353.5,347.5,358.5
DE_LU_FR_BE,original_M0,top1,process,1.0,original_M0__top2,716.0,708.0,722.0
DE_LU_FR_BE,original_M0,top1,hour,0.0,original_M0__top2,-162.0,-197.0,-144.0
DE_LU_FR_BE,original_M0,top1,hour,0.0005,original_M0__top2,-161.6375,-196.63751249999999,-143.64146250000002
DE_LU_FR_BE,original_M0,top1,hour,0.001,original_M0__top2,-161.275,-196.275025,-143.28292499999998
DE_LU_FR_BE,original_M0,top1,hour,0.0015,original_M0__top2,-160.9125,-195.91253749999998,-142.9243875
DE_LU_FR_BE,original_M0,top1,hour,0.002,original_M0__top2,-160.55,-195.55005,-142.56585
DE_LU_FR_BE,original_M0,top1,hour,0.0025,original_M0__top2,-160.1875,-195.1875625,-142.2073125
DE_LU_FR_BE,original_M0,top1,hour,0.003,original_M0__top2,-159.825,-194.825075,-141.848775
DE_LU_FR_BE,original_M0,top1,hour,0.0035,original_M0__top2,-159.4625,-194.4625875,-141.4902375
DE_LU_FR_BE,original_M0,top1,hour,0.004,original_M0__top2,-159.1,-194.1001,-141.1317
DE_LU_FR_BE,original_M0,top1,hour,0.0045000000000000005,original_M0__top2,-158.7375,-193.7376125,-140.7731625
DE_LU_FR_BE,original_M0,top1,hour,0.005000000000000001,original_M0__top2,-158.375,-193.375125,-140.414625
DE_LU_FR_BE,original_M0,top1,hour,0.0055,original_M0__top2,-158.0125,-193.01263749999998,-140.0560875
DE_LU_FR_BE,original_M0,top1,hour,0.006,original_M0__top2,-157.65,-192.65015,-139.69755
DE_LU_FR_BE,original_M0,top1,hour,0.006500000000000001,original_M0__top2,-157.2875,-192.28766249999998,-139.3390125
DE_LU_FR_BE,original_M0,top1,hour,0.007000000000000001,original_M0__top2,-156.925,-191.92517500000002,-138.98047499999998
DE_LU_FR_BE,original_M0,top1,hour,0.0075,original_M0__top2,-156.5625,-191.5626875,-138.6219375
DE_LU_FR_BE,original_M0,top1,hour,0.008,original_M0__top2,-156.2,-191.2002,-138.26340000000002
DE_LU_FR_BE,original_M0,top1,hour,0.0085,original_M0__top2,-155.8375,-190.8377125,-137.90486249999998
DE_LU_FR_BE,original_M0,top1,hour,0.009000000000000001,original_M0__top2,-155.475,-190.475225,-137.546325
DE_LU_FR_BE,original_M0,top1,hour,0.009500000000000001,original_M0__top2,-155.1125,-190.1127375,-137.1877875
DE_LU_FR_BE,original_M0,top1,hour,0.01,original_M0__top2,-154.75,-189.75025,-136.82925
DE_LU_FR_BE,original_M0,top1,hour,0.0105,original_M0__top2,-154.3875,-189.38776249999998,-136.4707125
DE_LU_FR_BE,original_M0,top1,hour,0.011000000000000001,original_M0__top2,-154.025,-189.025275,-136.112175
DE_LU_FR_BE,original_M0,top1,hour,0.0115,original_M0__top2,-153.6625,-188.6627875,-135.7536375
DE_LU_FR_BE,original_M0,top1,hour,0.012,original_M0__top2,-153.3,-188.30030000000002,-135.39509999999999
DE_LU_FR_BE,original_M0,top1,hour,0.0125,original_M0__top2,-152.9375,-187.9378125,-135.0365625
DE_LU_FR_BE,original_M0,top1,hour,0.013000000000000001,original_M0__top2,-152.575,-187.575325,-134.678025
DE_LU_FR_BE,original_M0,top1,hour,0.013500000000000002,original_M0__top2,-152.2125,-187.2128375,-134.3194875
DE_LU_FR_BE,original_M0,top1,hour,0.014,original_M0__top2,-151.85,-186.85035,-133.96095
DE_LU_FR_BE,original_M0,top1,hour,0.0145,original_M0__top2,-151.4875,-186.4878625,-133.60241249999999
DE_LU_FR_BE,original_M0,top1,hour,0.015,original_M0__top2,-151.125,-186.125375,-133.243875
DE_LU_FR_BE,original_M0,top1,hour,0.02,original_M0__top2,-147.5,-182.5005,-129.6585
DE_LU_FR_BE,original_M0,top1,hour,0.03,original_M0__top2,-140.25,-175.25075,-122.48775
DE_LU_FR_BE,original_M0,top1,hour,0.05,original_M0__top2,-125.75,-160.75125,-108.14625000000001
DE_LU_FR_BE,original_M0,top1,hour,0.1,original_M0__top2,-89.5,-124.5025,-72.2925
DE_LU_FR_BE,original_M0,top1,hour,0.2,original_M0__top2,-17.0,-52.19999999999999,0.0
DE_LU_FR_BE,original_M0,top1,hour,0.25,original_M0__top2,19.25,-16.00625,36.25
DE_LU_FR_BE,original_M0,top1,hour,0.5,original_M0__top2,200.5,164.9875,217.0125
DE_LU_FR_BE,original_M0,top1,hour,1.0,original_M0__top2,563.0,527.0,579.0
DE_LU_FR_BE,original_M0,count2022_target05,process,0.0,original_M0__top2,-3.0,-5.0,0.0
DE_LU_FR_BE,original_M0,count2022_target05,process,0.0005,original_M0__top2,-2.584,-4.592512500000001,0.4155375
DE_LU_FR_BE,original_M0,count2022_target05,process,0.001,original_M0__top2,-2.168,-4.1850249999999996,0.831075
DE_LU_FR_BE,original_M0,count2022_target05,process,0.0015,original_M0__top2,-1.752,-3.7775374999999998,1.2466125
DE_LU_FR_BE,original_M0,count2022_target05,process,0.002,original_M0__top2,-1.3359999999999999,-3.37005,1.66215
DE_LU_FR_BE,original_M0,count2022_target05,process,0.0025,original_M0__top2,-0.9199999999999999,-2.9625624999999998,2.0776875
DE_LU_FR_BE,original_M0,count2022_target05,process,0.003,original_M0__top2,-0.504,-2.555075,2.493225
DE_LU_FR_BE,original_M0,count2022_target05,process,0.0035,original_M0__top2,-0.08800000000000008,-2.1475874999999998,2.9087625
DE_LU_FR_BE,original_M0,count2022_target05,process,0.004,original_M0__top2,0.3280000000000003,-1.7400999999999998,3.3243
DE_LU_FR_BE,original_M0,count2022_target05,process,0.0045000000000000005,original_M0__top2,0.7440000000000007,-1.3326124999999995,3.7398375
DE_LU_FR_BE,original_M0,count2022_target05,process,0.005000000000000001,original_M0__top2,1.160000000000001,-0.925124999999999,4.155375000000001
DE_LU_FR_BE,original_M0,count2022_target05,process,0.0055,original_M0__top2,1.5759999999999996,-0.5176375000000001,4.5709124999999995
DE_LU_FR_BE,original_M0,count2022_target05,process,0.006,original_M0__top2,1.992,-0.11015000000000029,4.98645
DE_LU_FR_BE,original_M0,count2022_target05,process,0.006500000000000001,original_M0__top2,2.4080000000000004,0.2973375000000003,5.4019875
DE_LU_FR_BE,original_M0,count2022_target05,process,0.007000000000000001,original_M0__top2,2.8240000000000007,0.7048250000000009,5.817525000000001
DE_LU_FR_BE,original_M0,count2022_target05,process,0.0075,original_M0__top2,3.24,1.1123124999999998,6.233062499999999
DE_LU_FR_BE,original_M0,count2022_target05,process,0.008,original_M0__top2,3.6560000000000006,1.5198000000000005,6.6486
DE_LU_FR_BE,original_M0,count2022_target05,process,0.0085,original_M0__top2,4.072000000000001,1.9272875000000003,7.0641375
DE_LU_FR_BE,original_M0,count2022_target05,process,0.009000000000000001,original_M0__top2,4.488000000000001,2.334775000000001,7.479675
DE_LU_FR_BE,original_M0,count2022_target05,process,0.009500000000000001,original_M0__top2,4.904000000000002,2.7422625000000016,7.895212500000001
DE_LU_FR_BE,original_M0,count2022_target05,process,0.01,original_M0__top2,5.32,3.1497500000000005,8.31075
DE_LU_FR_BE,original_M0,count2022_target05,process,0.0105,original_M0__top2,5.736000000000001,3.557237500000001,8.7262875
DE_LU_FR_BE,original_M0,count2022_target05,process,0.011000000000000001,original_M0__top2,6.152000000000001,3.964725000000002,9.141825
DE_LU_FR_BE,original_M0,count2022_target05,process,0.0115,original_M0__top2,6.568,4.372212500000001,9.557362499999998
DE_LU_FR_BE,original_M0,count2022_target05,process,0.012,original_M0__top2,6.984,4.779699999999999,9.9729
DE_LU_FR_BE,original_M0,count2022_target05,process,0.0125,original_M0__top2,7.4,5.1871875,10.3884375
DE_LU_FR_BE,original_M0,count2022_target05,process,0.013000000000000001,original_M0__top2,7.816000000000001,5.5946750000000005,10.842025000000001
DE_LU_FR_BE,original_M0,count2022_target05,process,0.013500000000000002,original_M0__top2,8.232000000000001,6.002162500000002,11.259337500000003
DE_LU_FR_BE,original_M0,count2022_target05,process,0.014,original_M0__top2,8.648,6.40965,11.67635
DE_LU_FR_BE,original_M0,count2022_target05,process,0.0145,original_M0__top2,9.064,6.817150000000001,12.0933625
DE_LU_FR_BE,original_M0,count2022_target05,process,0.015,original_M0__top2,9.48,7.239625,12.510375
DE_LU_FR_BE,original_M0,count2022_target05,process,0.02,original_M0__top2,13.64,11.2995,16.7
DE_LU_FR_BE,original_M0,count2022_target05,process,0.03,original_M0__top2,21.96,19.4695,25.1115
DE_LU_FR_BE,original_M0,count2022_target05,process,0.05,original_M0__top2,38.6,35.400000000000006,42.25125
DE_LU_FR_BE,original_M0,count2022_target05,process,0.1,original_M0__top2,80.2,74.6975,85.80000000000001
DE_LU_FR_BE,original_M0,count2022_target05,process,0.2,original_M0__top2,163.4,151.8,173.0
DE_LU_FR_BE,original_M0,count2022_target05,process,0.25,original_M0__top2,205.0,190.25,217.0
DE_LU_FR_BE,original_M0,count2022_target05,process,0.5,original_M0__top2,413.0,382.5,437.0
DE_LU_FR_BE,original_M0,count2022_target05,process,1.0,original_M0__top2,829.0,766.975,877.0
DE_LU_FR_BE,original_M0,count2022_target05,hour,0.0,original_M0__top2,-19.0,-34.0,-8.975000000000023
DE_LU_FR_BE,original_M0,count2022_target05,hour,0.0005,original_M0__top2,-18.584,-33.591550000000005,-8.543850000000022
DE_LU_FR_BE,original_M0,count2022_target05,hour,0.001,original_M0__top2,-18.168,-33.1831,-8.11270000000002
DE_LU_FR_BE,original_M0,count2022_target05,hour,0.0015,original_M0__top2,-17.752,-32.77465,-7.681550000000018
DE_LU_FR_BE,original_M0,count2022_target05,hour,0.002,original_M0__top2,-17.336,-32.3662,-7.250400000000018
DE_LU_FR_BE,original_M0,count2022_target05,hour,0.0025,original_M0__top2,-16.92,-31.95775,-6.819250000000017
DE_LU_FR_BE,original_M0,count2022_target05,hour,0.003,original_M0__top2,-16.504,-31.5493,-6.388100000000015
DE_LU_FR_BE,original_M0,count2022_target05,hour,0.0035,original_M0__top2,-16.088,-31.14085,-5.956950000000014
DE_LU_FR_BE,original_M0,count2022_target05,hour,0.004,original_M0__top2,-15.672,-30.7324,-5.525800000000013
DE_LU_FR_BE,original_M0,count2022_target05,hour,0.0045000000000000005,original_M0__top2,-15.256,-30.32395,-5.094650000000011
DE_LU_FR_BE,original_M0,count2022_target05,hour,0.005000000000000001,original_M0__top2,-14.84,-29.915499999999998,-4.66350000000001
DE_LU_FR_BE,original_M0,count2022_target05,hour,0.0055,original_M0__top2,-14.424,-29.50705,-4.23235000000001
DE_LU_FR_BE,original_M0,count2022_target05,hour,0.006,original_M0__top2,-14.008,-29.098599999999998,-3.8012000000000077
DE_LU_FR_BE,original_M0,count2022_target05,hour,0.006500000000000001,original_M0__top2,-13.591999999999999,-28.69015,-3.370050000000006
DE_LU_FR_BE,original_M0,count2022_target05,hour,0.007000000000000001,original_M0__top2,-13.175999999999998,-28.281699999999997,-2.9389000000000047
DE_LU_FR_BE,original_M0,count2022_target05,hour,0.0075,original_M0__top2,-12.76,-27.873250000000002,-2.5077500000000046
DE_LU_FR_BE,original_M0,count2022_target05,hour,0.008,original_M0__top2,-12.344,-27.4648,-2.076600000000003
DE_LU_FR_BE,original_M0,count2022_target05,hour,0.0085,original_M0__top2,-11.927999999999999,-27.05635,-1.645450000000001
DE_LU_FR_BE,original_M0,count2022_target05,hour,0.009000000000000001,original_M0__top2,-11.511999999999999,-26.6479,-1.2142999999999997
DE_LU_FR_BE,original_M0,count2022_target05,hour,0.009500000000000001,original_M0__top2,-11.095999999999998,-26.239449999999998,-0.8078499999999993
DE_LU_FR_BE,original_M0,count2022_target05,hour,0.01,original_M0__top2,-10.68,-25.831,-0.4182500000000015
DE_LU_FR_BE,original_M0,count2022_target05,hour,0.0105,original_M0__top2,-10.264,-25.42255,0.010837499999998695
DE_LU_FR_BE,original_M0,count2022_target05,hour,0.011000000000000001,original_M0__top2,-9.847999999999999,-25.0141,0.43992499999999884
DE_LU_FR_BE,original_M0,count2022_target05,hour,0.0115,original_M0__top2,-9.432,-24.60565,0.8690124999999973
DE_LU_FR_BE,original_M0,count2022_target05,hour,0.012,original_M0__top2,-9.016,-24.1972,1.2975999999999979
DE_LU_FR_BE,original_M0,count2022_target05,hour,0.0125,original_M0__top2,-8.6,-23.78875,1.7256250000000009
DE_LU_FR_BE,original_M0,count2022_target05,hour,0.013000000000000001,original_M0__top2,-8.184,-23.3803,2.1400250000000005
DE_LU_FR_BE,original_M0,count2022_target05,hour,0.013500000000000002,original_M0__top2,-7.767999999999999,-22.97185,2.5563375000000006
DE_LU_FR_BE,original_M0,count2022_target05,hour,0.014,original_M0__top2,-7.352,-22.562499999999996,2.9843499999999996
DE_LU_FR_BE,original_M0,count2022_target05,hour,0.0145,original_M0__top2,-6.936,-22.138875,3.4123625000000004
DE_LU_FR_BE,original_M0,count2022_target05,hour,0.015,original_M0__top2,-6.52,-21.69625,3.8403749999999994
DE_LU_FR_BE,original_M0,count2022_target05,hour,0.02,original_M0__top2,-2.3599999999999994,-17.6005,8.1205
DE_LU_FR_BE,original_M0,count2022_target05,hour,0.03,original_M0__top2,5.960000000000001,-9.34375,16.530999999999995
DE_LU_FR_BE,original_M0,count2022_target05,hour,0.05,original_M0__top2,22.6,6.99875,33.20125
DE_LU_FR_BE,original_M0,count2022_target05,hour,0.1,original_M0__top2,64.2,47.400000000000006,74.7025
DE_LU_FR_BE,original_M0,count2022_target05,hour,0.2,original_M0__top2,147.4,127.20000000000002,159.60000000000002
DE_LU_FR_BE,original_M0,count2022_target05,hour,0.25,original_M0__top2,189.0,166.4875,202.75
DE_LU_FR_BE,original_M0,count2022_target05,hour,0.5,original_M0__top2,397.0,362.4875,419.5125
DE_LU_FR_BE,original_M0,count2022_target05,hour,1.0,original_M0__top2,813.0,750.0,857.0
DE_LU_FR_BE,original_M0,count2023_target05,process,0.0,original_M0__top2,-3.0,-5.0,0.0
DE_LU_FR_BE,original_M0,count2023_target05,process,0.0005,original_M0__top2,-2.596,-4.6045125,0.4055125
DE_LU_FR_BE,original_M0,count2023_target05,process,0.001,original_M0__top2,-2.192,-4.209025,0.811025
DE_LU_FR_BE,original_M0,count2023_target05,process,0.0015,original_M0__top2,-1.788,-3.8135375,1.2165374999999998
DE_LU_FR_BE,original_M0,count2023_target05,process,0.002,original_M0__top2,-1.384,-3.41805,1.62205
DE_LU_FR_BE,original_M0,count2023_target05,process,0.0025,original_M0__top2,-0.98,-3.0225625,2.0275624999999997
DE_LU_FR_BE,original_M0,count2023_target05,process,0.003,original_M0__top2,-0.5760000000000001,-2.6270749999999996,2.4330749999999997
DE_LU_FR_BE,original_M0,count2023_target05,process,0.0035,original_M0__top2,-0.17200000000000015,-2.2315875,2.8385875
DE_LU_FR_BE,original_M0,count2023_target05,process,0.004,original_M0__top2,0.2320000000000002,-1.8360999999999998,3.2441
DE_LU_FR_BE,original_M0,count2023_target05,process,0.0045000000000000005,original_M0__top2,0.6360000000000006,-1.4406124999999996,3.6496125000000004
DE_LU_FR_BE,original_M0,count2023_target05,process,0.005000000000000001,original_M0__top2,1.040000000000001,-1.045124999999999,4.055125
DE_LU_FR_BE,original_M0,count2023_target05,process,0.0055,original_M0__top2,1.444,-0.6496375000000006,4.4606375
DE_LU_FR_BE,original_M0,count2023_target05,process,0.006,original_M0__top2,1.8479999999999999,-0.25414999999999954,4.866149999999999
DE_LU_FR_BE,original_M0,count2023_target05,process,0.006500000000000001,original_M0__top2,2.2520000000000007,0.14133750000000064,5.271662500000001
DE_LU_FR_BE,original_M0,count2023_target05,process,0.007000000000000001,original_M0__top2,2.6560000000000006,0.5368250000000008,5.677175
DE_LU_FR_BE,original_M0,count2023_target05,process,0.0075,original_M0__top2,3.0599999999999996,0.9323125000000001,6.0826875
DE_LU_FR_BE,original_M0,count2023_target05,process,0.008,original_M0__top2,3.4640000000000004,1.3278000000000003,6.4882
DE_LU_FR_BE,original_M0,count2023_target05,process,0.0085,original_M0__top2,3.8680000000000003,1.7232875000000005,6.8937125
DE_LU_FR_BE,original_M0,count2023_target05,process,0.009000000000000001,original_M0__top2,4.272000000000001,2.1187750000000007,7.299225000000001
DE_LU_FR_BE,original_M0,count2023_target05,process,0.009500000000000001,original_M0__top2,4.676000000000001,2.514262500000001,7.704737500000001
DE_LU_FR_BE,original_M0,count2023_target05,process,0.01,original_M0__top2,5.08,2.9097500000000003,8.110249999999999
DE_LU_FR_BE,original_M0,count2023_target05,process,0.0105,original_M0__top2,5.484,3.3052375000000005,8.515762500000001
DE_LU_FR_BE,original_M0,count2023_target05,process,0.011000000000000001,original_M0__top2,5.888000000000002,3.7007250000000007,8.921275000000001
DE_LU_FR_BE,original_M0,count2023_target05,process,0.0115,original_M0__top2,6.292,4.096212500000001,9.326787499999998
DE_LU_FR_BE,original_M0,count2023_target05,process,0.012,original_M0__top2,6.696,4.491700000000001,9.732299999999999
DE_LU_FR_BE,original_M0,count2023_target05,process,0.0125,original_M0__top2,7.100000000000001,4.887187500000001,10.1378125
DE_LU_FR_BE,original_M0,count2023_target05,process,0.013000000000000001,original_M0__top2,7.504000000000001,5.283975000000001,10.543325000000001
DE_LU_FR_BE,original_M0,count2023_target05,process,0.013500000000000002,original_M0__top2,7.908000000000001,5.717012500000002,10.961025000000003
DE_LU_FR_BE,original_M0,count2023_target05,process,0.014,original_M0__top2,8.312,6.1286000000000005,11.36835
DE_LU_FR_BE,original_M0,count2023_target05,process,0.0145,original_M0__top2,8.716000000000001,6.52605,11.7885
DE_LU_FR_BE,original_M0,count2023_target05,process,0.015,original_M0__top2,9.12,6.923499999999999,12.195
DE_LU_FR_BE,original_M0,count2023_target05,process,0.02,original_M0__top2,13.16,10.8195,16.26
DE_LU_FR_BE,original_M0,count2023_target05,process,0.03,original_M0__top2,21.24,18.769,24.54
DE_LU_FR_BE,original_M0,count2023_target05,process,0.05,original_M0__top2,37.400000000000006,34.34875,41.25
DE_LU_FR_BE,original_M0,count2023_target05,process,0.1,original_M0__top2,77.80000000000001,72.2,83.6025
DE_LU_FR_BE,original_M0,count2023_target05,process,0.2,original_M0__top2,158.60000000000002,147.595,169.405
DE_LU_FR_BE,original_M0,count2023_target05,process,0.25,original_M0__top2,199.0,184.99375,212.2625
DE_LU_FR_BE,original_M0,count2023_target05,process,0.5,original_M0__top2,401.0,371.5,426.5125
DE_LU_FR_BE,original_M0,count2023_target05,process,1.0,original_M0__top2,805.0,744.975,857.025
DE_LU_FR_BE,original_M0,count2023_target05,hour,0.0,original_M0__top2,-17.0,-31.0,-7.0
DE_LU_FR_BE,original_M0,count2023_target05,hour,0.0005,original_M0__top2,-16.596,-30.5852,-6.592
DE_LU_FR_BE,original_M0,count2023_target05,hour,0.001,original_M0__top2,-16.192,-30.1704,-6.184
DE_LU_FR_BE,original_M0,count2023_target05,hour,0.0015,original_M0__top2,-15.788,-29.755599999999998,-5.776
DE_LU_FR_BE,original_M0,count2023_target05,hour,0.002,original_M0__top2,-15.384,-29.3408,-5.368
DE_LU_FR_BE,original_M0,count2023_target05,hour,0.0025,original_M0__top2,-14.98,-28.926000000000002,-4.96
DE_LU_FR_BE,original_M0,count2023_target05,hour,0.003,original_M0__top2,-14.576,-28.5112,-4.552
DE_LU_FR_BE,original_M0,count2023_target05,hour,0.0035,original_M0__top2,-14.172,-28.0964,-4.144
DE_LU_FR_BE,original_M0,count2023_target05,hour,0.004,original_M0__top2,-13.768,-27.6816,-3.7359999999999998
DE_LU_FR_BE,original_M0,count2023_target05,hour,0.0045000000000000005,original_M0__top2,-13.363999999999999,-27.2668,-3.3279999999999994
DE_LU_FR_BE,original_M0,count2023_target05,hour,0.005000000000000001,original_M0__top2,-12.959999999999999,-26.851999999999997,-2.919999999999999
DE_LU_FR_BE,original_M0,count2023_target05,hour,0.0055,original_M0__top2,-12.556000000000001,-26.4372,-2.5120000000000005
DE_LU_FR_BE,original_M0,count2023_target05,hour,0.006,original_M0__top2,-12.152000000000001,-26.0224,-2.104
DE_LU_FR_BE,original_M0,count2023_target05,hour,0.006500000000000001,original_M0__top2,-11.748,-25.6076,-1.6959999999999997
DE_LU_FR_BE,original_M0,count2023_target05,hour,0.007000000000000001,original_M0__top2,-11.344,-25.1928,-1.2879999999999994
DE_LU_FR_BE,original_M0,count2023_target05,hour,0.0075,original_M0__top2,-10.940000000000001,-24.778,-0.8799999999999999
DE_LU_FR_BE,original_M0,count2023_target05,hour,0.008,original_M0__top2,-10.536,-24.3632,-0.47199999999999953
DE_LU_FR_BE,original_M0,count2023_target05,hour,0.0085,original_M0__top2,-10.132,-23.9484,-0.06399999999999917
DE_LU_FR_BE,original_M0,count2023_target05,hour,0.009000000000000001,original_M0__top2,-9.727999999999998,-23.5336,0.3440000000000012
DE_LU_FR_BE,original_M0,count2023_target05,hour,0.009500000000000001,original_M0__top2,-9.323999999999998,-23.118799999999997,0.7520000000000016
DE_LU_FR_BE,original_M0,count2023_target05,hour,0.01,original_M0__top2,-8.92,-22.704,1.1600000000000001
DE_LU_FR_BE,original_M0,count2023_target05,hour,0.0105,original_M0__top2,-8.516,-22.2892,1.5602000000000003
DE_LU_FR_BE,original_M0,count2023_target05,hour,0.011000000000000001,original_M0__top2,-8.111999999999998,-21.874399999999998,1.9438250000000006
DE_LU_FR_BE,original_M0,count2023_target05,hour,0.0115,original_M0__top2,-7.708,-21.4596,2.3503624999999984
DE_LU_FR_BE,original_M0,count2023_target05,hour,0.012,original_M0__top2,-7.304,-21.0448,2.7568999999999995
DE_LU_FR_BE,original_M0,count2023_target05,hour,0.0125,original_M0__top2,-6.899999999999999,-20.63,3.1634375000000006
DE_LU_FR_BE,original_M0,count2023_target05,hour,0.013000000000000001,original_M0__top2,-6.495999999999999,-20.2152,3.569000000000001
DE_LU_FR_BE,original_M0,count2023_target05,hour,0.013500000000000002,original_M0__top2,-6.091999999999999,-19.800399999999996,3.975500000000002
DE_LU_FR_BE,original_M0,count2023_target05,hour,0.014,original_M0__top2,-5.688000000000001,-19.3856,4.382
DE_LU_FR_BE,original_M0,count2023_target05,hour,0.0145,original_M0__top2,-5.283999999999999,-18.9708,4.760225
DE_LU_FR_BE,original_M0,count2023_target05,hour,0.015,original_M0__top2,-4.880000000000001,-18.556,5.165749999999998
DE_LU_FR_BE,original_M0,count2023_target05,hour,0.02,original_M0__top2,-0.8399999999999999,-14.403499999999998,9.220999999999998
DE_LU_FR_BE,original_M0,count2023_target05,hour,0.03,original_M0__top2,7.239999999999998,-6.114749999999999,17.330999999999996
DE_LU_FR_BE,original_M0,count2023_target05,hour,0.05,original_M0__top2,23.400000000000006,10.046250000000004,33.55125
DE_LU_FR_BE,original_M0,count2023_target05,hour,0.1,original_M0__top2,63.80000000000001,49.39000000000001,74.1025
DE_LU_FR_BE,original_M0,count2023_target05,hour,0.2,original_M0__top2,144.60000000000002,126.79500000000002,156.4
DE_LU_FR_BE,original_M0,count2023_target05,hour,0.25,original_M0__top2,185.0,165.2375,198.75625
DE_LU_FR_BE,original_M0,count2023_target05,hour,0.5,original_M0__top2,387.0,354.5,411.5
DE_LU_FR_BE,original_M0,count2023_target05,hour,1.0,original_M0__top2,791.0,730.0,840.0
DE_LU_FR_BE,original_M0,fixed025,process,0.0,original_M0__top2,-3.0,-5.0,0.0
DE_LU_FR_BE,original_M0,fixed025,process,0.0005,original_M0__top2,-2.584,-4.592512500000001,0.4155375
DE_LU_FR_BE,original_M0,fixed025,process,0.001,original_M0__top2,-2.168,-4.1850249999999996,0.831075
DE_LU_FR_BE,original_M0,fixed025,process,0.0015,original_M0__top2,-1.752,-3.7775374999999998,1.2466125
DE_LU_FR_BE,original_M0,fixed025,process,0.002,original_M0__top2,-1.3359999999999999,-3.37005,1.66215
DE_LU_FR_BE,original_M0,fixed025,process,0.0025,original_M0__top2,-0.9199999999999999,-2.9625624999999998,2.0776875
DE_LU_FR_BE,original_M0,fixed025,process,0.003,original_M0__top2,-0.504,-2.555075,2.493225
DE_LU_FR_BE,original_M0,fixed025,process,0.0035,original_M0__top2,-0.08800000000000008,-2.1475874999999998,2.9087625
DE_LU_FR_BE,original_M0,fixed025,process,0.004,original_M0__top2,0.3280000000000003,-1.7400999999999998,3.3243
DE_LU_FR_BE,original_M0,fixed025,process,0.0045000000000000005,original_M0__top2,0.7440000000000007,-1.3326124999999995,3.7398375
DE_LU_FR_BE,original_M0,fixed025,process,0.005000000000000001,original_M0__top2,1.160000000000001,-0.925124999999999,4.155375000000001
DE_LU_FR_BE,original_M0,fixed025,process,0.0055,original_M0__top2,1.5759999999999996,-0.5176375000000001,4.5709124999999995
DE_LU_FR_BE,original_M0,fixed025,process,0.006,original_M0__top2,1.992,-0.11015000000000029,4.98645
DE_LU_FR_BE,original_M0,fixed025,process,0.006500000000000001,original_M0__top2,2.4080000000000004,0.2973375000000003,5.4019875
DE_LU_FR_BE,original_M0,fixed025,process,0.007000000000000001,original_M0__top2,2.8240000000000007,0.7048250000000009,5.817525000000001
DE_LU_FR_BE,original_M0,fixed025,process,0.0075,original_M0__top2,3.24,1.1123124999999998,6.233062499999999
DE_LU_FR_BE,original_M0,fixed025,process,0.008,original_M0__top2,3.6560000000000006,1.5198000000000005,6.6486
DE_LU_FR_BE,original_M0,fixed025,process,0.0085,original_M0__top2,4.072000000000001,1.9272875000000003,7.0641375
DE_LU_FR_BE,original_M0,fixed025,process,0.009000000000000001,original_M0__top2,4.488000000000001,2.334775000000001,7.479675
DE_LU_FR_BE,original_M0,fixed025,process,0.009500000000000001,original_M0__top2,4.904000000000002,2.7422625000000016,7.895212500000001
DE_LU_FR_BE,original_M0,fixed025,process,0.01,original_M0__top2,5.32,3.1497500000000005,8.31075
DE_LU_FR_BE,original_M0,fixed025,process,0.0105,original_M0__top2,5.736000000000001,3.557237500000001,8.7262875
DE_LU_FR_BE,original_M0,fixed025,process,0.011000000000000001,original_M0__top2,6.152000000000001,3.964725000000002,9.141825
DE_LU_FR_BE,original_M0,fixed025,process,0.0115,original_M0__top2,6.568,4.372212500000001,9.557362499999998
DE_LU_FR_BE,original_M0,fixed025,process,0.012,original_M0__top2,6.984,4.779699999999999,9.9729
DE_LU_FR_BE,original_M0,fixed025,process,0.0125,original_M0__top2,7.4,5.1871875,10.3884375
DE_LU_FR_BE,original_M0,fixed025,process,0.013000000000000001,original_M0__top2,7.816000000000001,5.5946750000000005,10.842025000000001
DE_LU_FR_BE,original_M0,fixed025,process,0.013500000000000002,original_M0__top2,8.232000000000001,6.002162500000002,11.259337500000003
DE_LU_FR_BE,original_M0,fixed025,process,0.014,original_M0__top2,8.648,6.40965,11.67635
DE_LU_FR_BE,original_M0,fixed025,process,0.0145,original_M0__top2,9.064,6.817150000000001,12.0933625
DE_LU_FR_BE,original_M0,fixed025,process,0.015,original_M0__top2,9.48,7.239625,12.510375
DE_LU_FR_BE,original_M0,fixed025,process,0.02,original_M0__top2,13.64,11.2995,16.7
DE_LU_FR_BE,original_M0,fixed025,process,0.03,original_M0__top2,21.96,19.4695,25.1115
DE_LU_FR_BE,original_M0,fixed025,process,0.05,original_M0__top2,38.6,35.400000000000006,42.25125
DE_LU_FR_BE,original_M0,fixed025,process,0.1,original_M0__top2,80.2,74.6975,85.80000000000001
DE_LU_FR_BE,original_M0,fixed025,process,0.2,original_M0__top2,163.4,151.8,173.0
DE_LU_FR_BE,original_M0,fixed025,process,0.25,original_M0__top2,205.0,190.25,217.0
DE_LU_FR_BE,original_M0,fixed025,process,0.5,original_M0__top2,413.0,382.5,437.0
DE_LU_FR_BE,original_M0,fixed025,process,1.0,original_M0__top2,829.0,766.975,877.0
DE_LU_FR_BE,original_M0,fixed025,hour,0.0,original_M0__top2,-19.0,-34.0,-8.975000000000023
DE_LU_FR_BE,original_M0,fixed025,hour,0.0005,original_M0__top2,-18.584,-33.591550000000005,-8.543850000000022
DE_LU_FR_BE,original_M0,fixed025,hour,0.001,original_M0__top2,-18.168,-33.1831,-8.11270000000002
DE_LU_FR_BE,original_M0,fixed025,hour,0.0015,original_M0__top2,-17.752,-32.77465,-7.681550000000018
DE_LU_FR_BE,original_M0,fixed025,hour,0.002,original_M0__top2,-17.336,-32.3662,-7.250400000000018
DE_LU_FR_BE,original_M0,fixed025,hour,0.0025,original_M0__top2,-16.92,-31.95775,-6.819250000000017
DE_LU_FR_BE,original_M0,fixed025,hour,0.003,original_M0__top2,-16.504,-31.5493,-6.388100000000015
DE_LU_FR_BE,original_M0,fixed025,hour,0.0035,original_M0__top2,-16.088,-31.14085,-5.956950000000014
DE_LU_FR_BE,original_M0,fixed025,hour,0.004,original_M0__top2,-15.672,-30.7324,-5.525800000000013
DE_LU_FR_BE,original_M0,fixed025,hour,0.0045000000000000005,original_M0__top2,-15.256,-30.32395,-5.094650000000011
DE_LU_FR_BE,original_M0,fixed025,hour,0.005000000000000001,original_M0__top2,-14.84,-29.915499999999998,-4.66350000000001
DE_LU_FR_BE,original_M0,fixed025,hour,0.0055,original_M0__top2,-14.424,-29.50705,-4.23235000000001
DE_LU_FR_BE,original_M0,fixed025,hour,0.006,original_M0__top2,-14.008,-29.098599999999998,-3.8012000000000077
DE_LU_FR_BE,original_M0,fixed025,hour,0.006500000000000001,original_M0__top2,-13.591999999999999,-28.69015,-3.370050000000006
DE_LU_FR_BE,original_M0,fixed025,hour,0.007000000000000001,original_M0__top2,-13.175999999999998,-28.281699999999997,-2.9389000000000047
DE_LU_FR_BE,original_M0,fixed025,hour,0.0075,original_M0__top2,-12.76,-27.873250000000002,-2.5077500000000046
DE_LU_FR_BE,original_M0,fixed025,hour,0.008,original_M0__top2,-12.344,-27.4648,-2.076600000000003
DE_LU_FR_BE,original_M0,fixed025,hour,0.0085,original_M0__top2,-11.927999999999999,-27.05635,-1.645450000000001
DE_LU_FR_BE,original_M0,fixed025,hour,0.009000000000000001,original_M0__top2,-11.511999999999999,-26.6479,-1.2142999999999997
DE_LU_FR_BE,original_M0,fixed025,hour,0.009500000000000001,original_M0__top2,-11.095999999999998,-26.239449999999998,-0.8078499999999993
DE_LU_FR_BE,original_M0,fixed025,hour,0.01,original_M0__top2,-10.68,-25.831,-0.4182500000000015
DE_LU_FR_BE,original_M0,fixed025,hour,0.0105,original_M0__top2,-10.264,-25.42255,0.010837499999998695
DE_LU_FR_BE,original_M0,fixed025,hour,0.011000000000000001,original_M0__top2,-9.847999999999999,-25.0141,0.43992499999999884
DE_LU_FR_BE,original_M0,fixed025,hour,0.0115,original_M0__top2,-9.432,-24.60565,0.8690124999999973
DE_LU_FR_BE,original_M0,fixed025,hour,0.012,original_M0__top2,-9.016,-24.1972,1.2975999999999979
DE_LU_FR_BE,original_M0,fixed025,hour,0.0125,original_M0__top2,-8.6,-23.78875,1.7256250000000009
DE_LU_FR_BE,original_M0,fixed025,hour,0.013000000000000001,original_M0__top2,-8.184,-23.3803,2.1400250000000005
DE_LU_FR_BE,original_M0,fixed025,hour,0.013500000000000002,original_M0__top2,-7.767999999999999,-22.97185,2.5563375000000006
DE_LU_FR_BE,original_M0,fixed025,hour,0.014,original_M0__top2,-7.352,-22.562499999999996,2.9843499999999996
DE_LU_FR_BE,original_M0,fixed025,hour,0.0145,original_M0__top2,-6.936,-22.138875,3.4123625000000004
DE_LU_FR_BE,original_M0,fixed025,hour,0.015,original_M0__top2,-6.52,-21.69625,3.8403749999999994
DE_LU_FR_BE,original_M0,fixed025,hour,0.02,original_M0__top2,-2.3599999999999994,-17.6005,8.1205
DE_LU_FR_BE,original_M0,fixed025,hour,0.03,original_M0__top2,5.960000000000001,-9.34375,16.530999999999995
DE_LU_FR_BE,original_M0,fixed025,hour,0.05,original_M0__top2,22.6,6.99875,33.20125
DE_LU_FR_BE,original_M0,fixed025,hour,0.1,original_M0__top2,64.2,47.400000000000006,74.7025
DE_LU_FR_BE,original_M0,fixed025,hour,0.2,original_M0__top2,147.4,127.20000000000002,159.60000000000002
DE_LU_FR_BE,original_M0,fixed025,hour,0.25,original_M0__top2,189.0,166.4875,202.75
DE_LU_FR_BE,original_M0,fixed025,hour,0.5,original_M0__top2,397.0,362.4875,419.5125
DE_LU_FR_BE,original_M0,fixed025,hour,1.0,original_M0__top2,813.0,750.0,857.0
DE_LU_FR_BE,original_M0,count2022_cool6,process,0.0,original_M0__top2,-4.0,-10.0,4.0
DE_LU_FR_BE,original_M0,count2022_cool6,process,0.0005,original_M0__top2,-3.525,-9.5361,4.4510125
DE_LU_FR_BE,original_M0,count2022_cool6,process,0.001,original_M0__top2,-3.05,-9.072199999999999,4.902025
DE_LU_FR_BE,original_M0,count2022_cool6,process,0.0015,original_M0__top2,-2.575,-8.6083,5.3530375
DE_LU_FR_BE,original_M0,count2022_cool6,process,0.002,original_M0__top2,-2.0999999999999996,-8.144400000000001,5.80405
DE_LU_FR_BE,original_M0,count2022_cool6,process,0.0025,original_M0__top2,-1.625,-7.680499999999999,6.2550625
DE_LU_FR_BE,original_M0,count2022_cool6,process,0.003,original_M0__top2,-1.15,-7.2166,6.706074999999999
DE_LU_FR_BE,original_M0,count2022_cool6,process,0.0035,original_M0__top2,-0.6749999999999998,-6.7527,7.1570875
DE_LU_FR_BE,original_M0,count2022_cool6,process,0.004,original_M0__top2,-0.19999999999999973,-6.2888,7.6081
DE_LU_FR_BE,original_M0,count2022_cool6,process,0.0045000000000000005,original_M0__top2,0.27500000000000036,-5.8248999999999995,8.059112500000001
DE_LU_FR_BE,original_M0,count2022_cool6,process,0.005000000000000001,original_M0__top2,0.7500000000000009,-5.361,8.510125000000002
DE_LU_FR_BE,original_M0,count2022_cool6,process,0.0055,original_M0__top2,1.2249999999999996,-4.8971,8.961137499999998
DE_LU_FR_BE,original_M0,count2022_cool6,process,0.006,original_M0__top2,1.7000000000000002,-4.433199999999999,9.412149999999999
DE_LU_FR_BE,original_M0,count2022_cool6,process,0.006500000000000001,original_M0__top2,2.1750000000000007,-3.969299999999999,9.8631625
DE_LU_FR_BE,original_M0,count2022_cool6,process,0.007000000000000001,original_M0__top2,2.6500000000000012,-3.5053999999999985,10.314175
DE_LU_FR_BE,original_M0,count2022_cool6,process,0.0075,original_M0__top2,3.125,-3.0415,10.7651875
DE_LU_FR_BE,original_M0,count2022_cool6,process,0.008,original_M0__top2,3.6000000000000005,-2.5775999999999994,11.2162
DE_LU_FR_BE,original_M0,count2022_cool6,process,0.0085,original_M0__top2,4.075000000000001,-2.1136999999999992,11.667212500000002
DE_LU_FR_BE,original_M0,count2022_cool6,process,0.009000000000000001,original_M0__top2,4.550000000000001,-1.6497999999999995,12.118225
DE_LU_FR_BE,original_M0,count2022_cool6,process,0.009500000000000001,original_M0__top2,5.025000000000002,-1.185899999999999,12.5692375
DE_LU_FR_BE,original_M0,count2022_cool6,process,0.01,original_M0__top2,5.5,-0.7220000000000005,13.020249999999999
DE_LU_FR_BE,original_M0,count2022_cool6,process,0.0105,original_M0__top2,5.975000000000001,-0.2581000000000001,13.4712625
DE_LU_FR_BE,original_M0,count2022_cool6,process,0.011000000000000001,original_M0__top2,6.450000000000001,0.20580000000000032,13.922275
DE_LU_FR_BE,original_M0,count2022_cool6,process,0.0115,original_M0__top2,6.924999999999999,0.6697000000000007,14.373287499999998
DE_LU_FR_BE,original_M0,count2022_cool6,process,0.012,original_M0__top2,7.4,1.133600000000001,14.8243
DE_LU_FR_BE,original_M0,count2022_cool6,process,0.0125,original_M0__top2,7.875,1.5975000000000015,15.2753125
DE_LU_FR_BE,original_M0,count2022_cool6,process,0.013000000000000001,original_M0__top2,8.350000000000001,2.061400000000002,15.726325000000001
DE_LU_FR_BE,original_M0,count2022_cool6,process,0.013500000000000002,original_M0__top2,8.825000000000001,2.5253000000000023,16.1773375
DE_LU_FR_BE,original_M0,count2022_cool6,process,0.014,original_M0__top2,9.3,2.989200000000001,16.62835
DE_LU_FR_BE,original_M0,count2022_cool6,process,0.0145,original_M0__top2,9.775,3.4531000000000014,17.079362500000002
DE_LU_FR_BE,original_M0,count2022_cool6,process,0.015,original_M0__top2,10.25,3.9170000000000003,17.530375
DE_LU_FR_BE,original_M0,count2022_cool6,process,0.02,original_M0__top2,15.0,8.639000000000001,22.06
DE_LU_FR_BE,original_M0,count2022_cool6,process,0.03,original_M0__top2,24.5,18.0875,31.210999999999995
DE_LU_FR_BE,original_M0,count2022_cool6,process,0.05,original_M0__top2,43.5,36.64875000000001,50.05125
DE_LU_FR_BE,original_M0,count2022_cool6,process,0.1,original_M0__top2,91.0,82.79750000000001,97.0
DE_LU_FR_BE,original_M0,count2022_cool6,process,0.2,original_M0__top2,186.0,172.99,193.60000000000002
DE_LU_FR_BE,original_M0,count2022_cool6,process,0.25,original_M0__top2,233.5,217.74375,242.5
DE_LU_FR_BE,original_M0,count2022_cool6,process,0.5,original_M0__top2,471.0,441.0,488.0125
DE_LU_FR_BE,original_M0,count2022_cool6,process,1.0,original_M0__top2,946.0,884.0,979.05
DE_LU_FR_BE,original_M0,count2022_cool6,hour,0.0,original_M0__top2,-77.0,-102.0,-56.0
DE_LU_FR_BE,original_M0,count2022_cool6,hour,0.0005,original_M0__top2,-76.525,-101.5465,-55.5328125
DE_LU_FR_BE,original_M0,count2022_cool6,hour,0.001,original_M0__top2,-76.05,-101.093,-55.065625000000004
DE_LU_FR_BE,original_M0,count2022_cool6,hour,0.0015,original_M0__top2,-75.575,-100.6395,-54.598437499999996
DE_LU_FR_BE,original_M0,count2022_cool6,hour,0.002,original_M0__top2,-75.1,-100.186,-54.13125
DE_LU_FR_BE,original_M0,count2022_cool6,hour,0.0025,original_M0__top2,-74.625,-99.7325,-53.6640625
DE_LU_FR_BE,original_M0,count2022_cool6,hour,0.003,original_M0__top2,-74.15,-99.279,-53.196875
DE_LU_FR_BE,original_M0,count2022_cool6,hour,0.0035,original_M0__top2,-73.675,-98.8255,-52.729687500000004
DE_LU_FR_BE,original_M0,count2022_cool6,hour,0.004,original_M0__top2,-73.2,-98.372,-52.2625
DE_LU_FR_BE,original_M0,count2022_cool6,hour,0.0045000000000000005,original_M0__top2,-72.725,-97.9185,-51.7953125
DE_LU_FR_BE,original_M0,count2022_cool6,hour,0.005000000000000001,original_M0__top2,-72.25,-97.465,-51.328125
DE_LU_FR_BE,original_M0,count2022_cool6,hour,0.0055,original_M0__top2,-71.775,-97.0115,-50.8609375
DE_LU_FR_BE,original_M0,count2022_cool6,hour,0.006,original_M0__top2,-71.3,-96.55799999999999,-50.393750000000004
DE_LU_FR_BE,original_M0,count2022_cool6,hour,0.006500000000000001,original_M0__top2,-70.825,-96.1045,-49.9265625
DE_LU_FR_BE,original_M0,count2022_cool6,hour,0.007000000000000001,original_M0__top2,-70.35,-95.651,-49.459375
DE_LU_FR_BE,original_M0,count2022_cool6,hour,0.0075,original_M0__top2,-69.875,-95.1975,-48.9921875
DE_LU_FR_BE,original_M0,count2022_cool6,hour,0.008,original_M0__top2,-69.4,-94.744,-48.525
DE_LU_FR_BE,original_M0,count2022_cool6,hour,0.0085,original_M0__top2,-68.925,-94.2905,-48.057812500000004
DE_LU_FR_BE,original_M0,count2022_cool6,hour,0.009000000000000001,original_M0__top2,-68.45,-93.837,-47.590625
DE_LU_FR_BE,original_M0,count2022_cool6,hour,0.009500000000000001,original_M0__top2,-67.975,-93.3835,-47.1234375
DE_LU_FR_BE,original_M0,count2022_cool6,hour,0.01,original_M0__top2,-67.5,-92.93,-46.65625
DE_LU_FR_BE,original_M0,count2022_cool6,hour,0.0105,original_M0__top2,-67.025,-92.4765,-46.1890625
DE_LU_FR_BE,original_M0,count2022_cool6,hour,0.011000000000000001,original_M0__top2,-66.55,-92.023,-45.721875000000004
DE_LU_FR_BE,original_M0,count2022_cool6,hour,0.0115,original_M0__top2,-66.075,-91.5695,-45.2546875
DE_LU_FR_BE,original_M0,count2022_cool6,hour,0.012,original_M0__top2,-65.6,-91.116,-44.78750000000001
DE_LU_FR_BE,original_M0,count2022_cool6,hour,0.0125,original_M0__top2,-65.125,-90.6625,-44.32031250000001
DE_LU_FR_BE,original_M0,count2022_cool6,hour,0.013000000000000001,original_M0__top2,-64.65,-90.209,-43.853125
DE_LU_FR_BE,original_M0,count2022_cool6,hour,0.013500000000000002,original_M0__top2,-64.175,-89.7555,-43.385937500000004
DE_LU_FR_BE,original_M0,count2022_cool6,hour,0.014,original_M0__top2,-63.7,-89.30199999999999,-42.91875
DE_LU_FR_BE,original_M0,count2022_cool6,hour,0.0145,original_M0__top2,-63.225,-88.8485,-42.45156250000001
DE_LU_FR_BE,original_M0,count2022_cool6,hour,0.015,original_M0__top2,-62.75,-88.395,-41.98437500000001
DE_LU_FR_BE,original_M0,count2022_cool6,hour,0.02,original_M0__top2,-58.0,-83.86,-37.3145
DE_LU_FR_BE,original_M0,count2022_cool6,hour,0.03,original_M0__top2,-48.5,-74.7115,-28.038500000000003
DE_LU_FR_BE,original_M0,count2022_cool6,hour,0.05,original_M0__top2,-29.5,-55.95374999999999,-9.3975
DE_LU_FR_BE,original_M0,count2022_cool6,hour,0.1,original_M0__top2,18.0,-10.207499999999989,38.0025
DE_LU_FR_BE,original_M0,count2022_cool6,hour,0.2,original_M0__top2,113.0,81.59500000000003,133.60500000000002
DE_LU_FR_BE,original_M0,count2022_cool6,hour,0.25,original_M0__top2,160.5,127.49375,181.5
DE_LU_FR_BE,original_M0,count2022_cool6,hour,0.5,original_M0__top2,398.0,354.975,423.0
DE_LU_FR_BE,original_M0,count2022_cool6,hour,1.0,original_M0__top2,873.0,803.0,913.025
DE_LU_FR_BE,original_M0,count2023_cool6,process,0.0,original_M0__top2,-4.0,-11.0,4.0
DE_LU_FR_BE,original_M0,count2023_cool6,process,0.0005,original_M0__top2,-3.5335,-10.5350125,4.456062500000001
DE_LU_FR_BE,original_M0,count2023_cool6,process,0.001,original_M0__top2,-3.067,-10.070025000000001,4.912125
DE_LU_FR_BE,original_M0,count2023_cool6,process,0.0015,original_M0__top2,-2.6005000000000003,-9.6050375,5.3681875
DE_LU_FR_BE,original_M0,count2023_cool6,process,0.002,original_M0__top2,-2.134,-9.14005,5.824249999999999
DE_LU_FR_BE,original_M0,count2023_cool6,process,0.0025,original_M0__top2,-1.6675,-8.675062500000001,6.2803125
DE_LU_FR_BE,original_M0,count2023_cool6,process,0.003,original_M0__top2,-1.201,-8.210075000000002,6.736375000000001
DE_LU_FR_BE,original_M0,count2023_cool6,process,0.0035,original_M0__top2,-0.7345000000000002,-7.7450875,7.1924375
DE_LU_FR_BE,original_M0,count2023_cool6,process,0.004,original_M0__top2,-0.2679999999999998,-7.280099999999999,7.648499999999999
DE_LU_FR_BE,original_M0,count2023_cool6,process,0.0045000000000000005,original_M0__top2,0.19850000000000012,-6.8151125,8.104562499999998
DE_LU_FR_BE,original_M0,count2023_cool6,process,0.005000000000000001,original_M0__top2,0.6650000000000009,-6.3501249999999985,8.560625
DE_LU_FR_BE,original_M0,count2023_cool6,process,0.0055,original_M0__top2,1.1315,-5.885137500000001,9.0166875
DE_LU_FR_BE,original_M0,count2023_cool6,process,0.006,original_M0__top2,1.5979999999999999,-5.42015,9.472750000000001
DE_LU_FR_BE,original_M0,count2023_cool6,process,0.006500000000000001,original_M0__top2,2.0645000000000007,-4.955162499999999,9.9288125
DE_LU_FR_BE,original_M0,count2023_cool6,process,0.007000000000000001,original_M0__top2,2.5310000000000006,-4.490174999999999,10.384875
DE_LU_FR_BE,original_M0,count2023_cool6,process,0.0075,original_M0__top2,2.9974999999999996,-4.0251875,10.840937499999999
DE_LU_FR_BE,original_M0,count2023_cool6,process,0.008,original_M0__top2,3.4640000000000004,-3.5601999999999996,11.296999999999999
DE_LU_FR_BE,original_M0,count2023_cool6,process,0.0085,original_M0__top2,3.9305000000000003,-3.0952124999999997,11.7530625
DE_LU_FR_BE,original_M0,count2023_cool6,process,0.009000000000000001,original_M0__top2,4.397,-2.630224999999999,12.209124999999998
DE_LU_FR_BE,original_M0,count2023_cool6,process,0.009500000000000001,original_M0__top2,4.863500000000002,-2.165237499999999,12.6651875
DE_LU_FR_BE,original_M0,count2023_cool6,process,0.01,original_M0__top2,5.33,-1.7002499999999994,13.12125
DE_LU_FR_BE,original_M0,count2023_cool6,process,0.0105,original_M0__top2,5.7965,-1.2352624999999995,13.5773125
DE_LU_FR_BE,original_M0,count2023_cool6,process,0.011000000000000001,original_M0__top2,6.263000000000002,-0.7702749999999995,14.033375000000001
DE_LU_FR_BE,original_M0,count2023_cool6,process,0.0115,original_M0__top2,6.7295,-0.3052874999999997,14.489437499999998
DE_LU_FR_BE,original_M0,count2023_cool6,process,0.012,original_M0__top2,7.196,0.15970000000000015,14.9455
DE_LU_FR_BE,original_M0,count2023_cool6,process,0.0125,original_M0__top2,7.662500000000001,0.6246875000000001,15.401562499999999
DE_LU_FR_BE,original_M0,count2023_cool6,process,0.013000000000000001,original_M0__top2,8.129000000000001,1.0896750000000017,15.857625
DE_LU_FR_BE,original_M0,count2023_cool6,process,0.013500000000000002,original_M0__top2,8.595500000000001,1.5546625000000014,16.3136875
DE_LU_FR_BE,original_M0,count2023_cool6,process,0.014,original_M0__top2,9.062,2.0196499999999995,16.76975
DE_LU_FR_BE,original_M0,count2023_cool6,process,0.0145,original_M0__top2,9.528500000000001,2.484650000000001,17.2258125
DE_LU_FR_BE,original_M0,count2023_cool6,process,0.015,original_M0__top2,9.995,2.9694999999999987,17.681874999999998
DE_LU_FR_BE,original_M0,count2023_cool6,process,0.02,original_M0__top2,14.66,7.6975,22.200999999999997
DE_LU_FR_BE,original_M0,count2023_cool6,process,0.03,original_M0__top2,23.99,17.009249999999998,31.402749999999997
DE_LU_FR_BE,original_M0,count2023_cool6,process,0.05,original_M0__top2,42.650000000000006,35.35,49.800000000000004
DE_LU_FR_BE,original_M0,count2023_cool6,process,0.1,original_M0__top2,89.30000000000001,80.6975,96.2
DE_LU_FR_BE,original_M0,count2023_cool6,process,0.2,original_M0__top2,182.60000000000002,168.995,191.0
DE_LU_FR_BE,original_M0,count2023_cool6,process,0.25,original_M0__top2,229.25,212.99375,239.0
DE_LU_FR_BE,original_M0,count2023_cool6,process,0.5,original_M0__top2,462.5,432.9875,480.0
DE_LU_FR_BE,original_M0,count2023_cool6,process,1.0,original_M0__top2,929.0,867.0,963.0
DE_LU_FR_BE,original_M0,count2023_cool6,hour,0.0,original_M0__top2,-75.0,-101.0,-53.0
DE_LU_FR_BE,original_M0,count2023_cool6,hour,0.0005,original_M0__top2,-74.5335,-100.548525,-52.545899999999996
DE_LU_FR_BE,original_M0,count2023_cool6,hour,0.001,original_M0__top2,-74.067,-100.09705,-52.0918
DE_LU_FR_BE,original_M0,count2023_cool6,hour,0.0015,original_M0__top2,-73.6005,-99.645575,-51.637699999999995
DE_LU_FR_BE,original_M0,count2023_cool6,hour,0.002,original_M0__top2,-73.134,-99.1941,-51.1836
DE_LU_FR_BE,original_M0,count2023_cool6,hour,0.0025,original_M0__top2,-72.6675,-98.742625,-50.729499999999994
DE_LU_FR_BE,original_M0,count2023_cool6,hour,0.003,original_M0__top2,-72.201,-98.29115,-50.2754
DE_LU_FR_BE,original_M0,count2023_cool6,hour,0.0035,original_M0__top2,-71.7345,-97.839675,-49.8213
DE_LU_FR_BE,original_M0,count2023_cool6,hour,0.004,original_M0__top2,-71.268,-97.38820000000001,-49.367200000000004
DE_LU_FR_BE,original_M0,count2023_cool6,hour,0.0045000000000000005,original_M0__top2,-70.8015,-96.936725,-48.9131
DE_LU_FR_BE,original_M0,count2023_cool6,hour,0.005000000000000001,original_M0__top2,-70.335,-96.48525,-48.459
DE_LU_FR_BE,original_M0,count2023_cool6,hour,0.0055,original_M0__top2,-69.8685,-96.033775,-48.0049
DE_LU_FR_BE,original_M0,count2023_cool6,hour,0.006,original_M0__top2,-69.402,-95.58229999999999,-47.5508
DE_LU_FR_BE,original_M0,count2023_cool6,hour,0.006500000000000001,original_M0__top2,-68.9355,-95.130825,-47.0967
DE_LU_FR_BE,original_M0,count2023_cool6,hour,0.007000000000000001,original_M0__top2,-68.469,-94.67935,-46.6426
DE_LU_FR_BE,original_M0,count2023_cool6,hour,0.0075,original_M0__top2,-68.0025,-94.22787500000001,-46.1885
DE_LU_FR_BE,original_M0,count2023_cool6,hour,0.008,original_M0__top2,-67.536,-93.7764,-45.7344
DE_LU_FR_BE,original_M0,count2023_cool6,hour,0.0085,original_M0__top2,-67.0695,-93.324925,-45.2803
DE_LU_FR_BE,original_M0,count2023_cool6,hour,0.009000000000000001,original_M0__top2,-66.603,-92.87345,-44.82620000000001
DE_LU_FR_BE,original_M0,count2023_cool6,hour,0.009500000000000001,original_M0__top2,-66.1365,-92.42197499999999,-44.372099999999996
DE_LU_FR_BE,original_M0,count2023_cool6,hour,0.01,original_M0__top2,-65.67,-91.9705,-43.918000000000006
DE_LU_FR_BE,original_M0,count2023_cool6,hour,0.0105,original_M0__top2,-65.2035,-91.519025,-43.4639
DE_LU_FR_BE,original_M0,count2023_cool6,hour,0.011000000000000001,original_M0__top2,-64.737,-91.06755,-43.009800000000006
DE_LU_FR_BE,original_M0,count2023_cool6,hour,0.0115,original_M0__top2,-64.2705,-90.616075,-42.5557
DE_LU_FR_BE,original_M0,count2023_cool6,hour,0.012,original_M0__top2,-63.804,-90.16460000000001,-42.101600000000005
DE_LU_FR_BE,original_M0,count2023_cool6,hour,0.0125,original_M0__top2,-63.3375,-89.713125,-41.6475
DE_LU_FR_BE,original_M0,count2023_cool6,hour,0.013000000000000001,original_M0__top2,-62.870999999999995,-89.26164999999999,-41.1934
DE_LU_FR_BE,original_M0,count2023_cool6,hour,0.013500000000000002,original_M0__top2,-62.4045,-88.810175,-40.7393
DE_LU_FR_BE,original_M0,count2023_cool6,hour,0.014,original_M0__top2,-61.938,-88.3587,-40.285199999999996
DE_LU_FR_BE,original_M0,count2023_cool6,hour,0.0145,original_M0__top2,-61.4715,-87.907225,-39.831100000000006
DE_LU_FR_BE,original_M0,count2023_cool6,hour,0.015,original_M0__top2,-61.005,-87.45575,-39.377
DE_LU_FR_BE,original_M0,count2023_cool6,hour,0.02,original_M0__top2,-56.34,-82.941,-34.836000000000006
DE_LU_FR_BE,original_M0,count2023_cool6,hour,0.03,original_M0__top2,-47.010000000000005,-73.91024999999999,-25.516500000000004
DE_LU_FR_BE,original_M0,count2023_cool6,hour,0.05,original_M0__top2,-28.349999999999994,-55.31375,-7.045000000000002
DE_LU_FR_BE,original_M0,count2023_cool6,hour,0.1,original_M0__top2,18.30000000000001,-10.504999999999999,39.80250000000001
DE_LU_FR_BE,original_M0,count2023_cool6,hour,0.2,original_M0__top2,111.60000000000002,79.79500000000002,133.005
DE_LU_FR_BE,original_M0,count2023_cool6,hour,0.25,original_M0__top2,158.25,125.0,180.25
DE_LU_FR_BE,original_M0,count2023_cool6,hour,0.5,original_M0__top2,391.5,347.9875,417.5
DE_LU_FR_BE,original_M0,count2023_cool6,hour,1.0,original_M0__top2,858.0,789.0,900.0
DE_LU_FR_BE,forecast_early_logit,top1,process,0.0,original_M0__top2,-4.0,-12.0,5.0
DE_LU_FR_BE,forecast_early_logit,top1,process,0.0005,original_M0__top2,-3.6375,-11.639,5.3625
DE_LU_FR_BE,forecast_early_logit,top1,process,0.001,original_M0__top2,-3.275,-11.278,5.725
DE_LU_FR_BE,forecast_early_logit,top1,process,0.0015,original_M0__top2,-2.9124999999999996,-10.917,6.0875
DE_LU_FR_BE,forecast_early_logit,top1,process,0.002,original_M0__top2,-2.55,-10.556000000000001,6.45
DE_LU_FR_BE,forecast_early_logit,top1,process,0.0025,original_M0__top2,-2.1875,-10.195,6.8125
DE_LU_FR_BE,forecast_early_logit,top1,process,0.003,original_M0__top2,-1.8249999999999997,-9.834,7.175000000000001
DE_LU_FR_BE,forecast_early_logit,top1,process,0.0035,original_M0__top2,-1.4625,-9.472999999999999,7.5375
DE_LU_FR_BE,forecast_early_logit,top1,process,0.004,original_M0__top2,-1.1,-9.112,7.9
DE_LU_FR_BE,forecast_early_logit,top1,process,0.0045000000000000005,original_M0__top2,-0.7374999999999998,-8.751,8.2625
DE_LU_FR_BE,forecast_early_logit,top1,process,0.005000000000000001,original_M0__top2,-0.3749999999999991,-8.389999999999999,8.625
DE_LU_FR_BE,forecast_early_logit,top1,process,0.0055,original_M0__top2,-0.012500000000000178,-8.029,8.9875
DE_LU_FR_BE,forecast_early_logit,top1,process,0.006,original_M0__top2,0.35000000000000053,-7.668,9.350000000000001
DE_LU_FR_BE,forecast_early_logit,top1,process,0.006500000000000001,original_M0__top2,0.7125000000000004,-7.3069999999999995,9.7125
DE_LU_FR_BE,forecast_early_logit,top1,process,0.007000000000000001,original_M0__top2,1.075000000000001,-6.945999999999999,10.075000000000001
DE_LU_FR_BE,forecast_early_logit,top1,process,0.0075,original_M0__top2,1.4375,-6.585,10.4375
DE_LU_FR_BE,forecast_early_logit,top1,process,0.008,original_M0__top2,1.7999999999999998,-6.224,10.8
DE_LU_FR_BE,forecast_early_logit,top1,process,0.0085,original_M0__top2,2.1625000000000005,-5.8629999999999995,11.162500000000001
DE_LU_FR_BE,forecast_early_logit,top1,process,0.009000000000000001,original_M0__top2,2.5250000000000004,-5.501999999999999,11.525
DE_LU_FR_BE,forecast_early_logit,top1,process,0.009500000000000001,original_M0__top2,2.887500000000001,-5.140999999999999,11.887500000000001
DE_LU_FR_BE,forecast_early_logit,top1,process,0.01,original_M0__top2,3.25,-4.78,12.25
DE_LU_FR_BE,forecast_early_logit,top1,process,0.0105,original_M0__top2,3.6125000000000007,-4.419,12.6125
DE_LU_FR_BE,forecast_early_logit,top1,process,0.011000000000000001,original_M0__top2,3.9750000000000005,-4.057999999999999,12.975000000000001
DE_LU_FR_BE,forecast_early_logit,top1,process,0.0115,original_M0__top2,4.3375,-3.697000000000001,13.3375
DE_LU_FR_BE,forecast_early_logit,top1,process,0.012,original_M0__top2,4.700000000000001,-3.3360000000000003,13.700000000000001
DE_LU_FR_BE,forecast_early_logit,top1,process,0.0125,original_M0__top2,5.0625,-2.9749999999999996,14.0625
DE_LU_FR_BE,forecast_early_logit,top1,process,0.013000000000000001,original_M0__top2,5.425000000000001,-2.613999999999999,14.425
DE_LU_FR_BE,forecast_early_logit,top1,process,0.013500000000000002,original_M0__top2,5.787500000000001,-2.2529999999999983,14.787500000000001
DE_LU_FR_BE,forecast_early_logit,top1,process,0.014,original_M0__top2,6.15,-1.8919999999999995,15.15
DE_LU_FR_BE,forecast_early_logit,top1,process,0.0145,original_M0__top2,6.512500000000001,-1.5309999999999988,15.512500000000001
DE_LU_FR_BE,forecast_early_logit,top1,process,0.015,original_M0__top2,6.875,-1.17,15.875
DE_LU_FR_BE,forecast_early_logit,top1,process,0.02,original_M0__top2,10.5,2.4399999999999995,19.5
DE_LU_FR_BE,forecast_early_logit,top1,process,0.03,original_M0__top2,17.75,9.66,26.75
DE_LU_FR_BE,forecast_early_logit,top1,process,0.05,original_M0__top2,32.25,24.1,41.25
DE_LU_FR_BE,forecast_early_logit,top1,process,0.1,original_M0__top2,68.5,60.2,77.5
DE_LU_FR_BE,forecast_early_logit,top1,process,0.2,original_M0__top2,141.0,132.6,150.0
DE_LU_FR_BE,forecast_early_logit,top1,process,0.25,original_M0__top2,177.25,168.75,186.25
DE_LU_FR_BE,forecast_early_logit,top1,process,0.5,original_M0__top2,358.5,349.5,367.5
DE_LU_FR_BE,forecast_early_logit,top1,process,1.0,original_M0__top2,721.0,711.0,730.0
DE_LU_FR_BE,forecast_early_logit,top1,hour,0.0,original_M0__top2,-166.0,-208.0,-147.0
DE_LU_FR_BE,forecast_early_logit,top1,hour,0.0005,original_M0__top2,-165.6375,-207.637025,-146.6385
DE_LU_FR_BE,forecast_early_logit,top1,hour,0.001,original_M0__top2,-165.275,-207.27405,-146.277
DE_LU_FR_BE,forecast_early_logit,top1,hour,0.0015,original_M0__top2,-164.9125,-206.911075,-145.9155
DE_LU_FR_BE,forecast_early_logit,top1,hour,0.002,original_M0__top2,-164.55,-206.5481,-145.554
DE_LU_FR_BE,forecast_early_logit,top1,hour,0.0025,original_M0__top2,-164.1875,-206.185125,-145.1925
DE_LU_FR_BE,forecast_early_logit,top1,hour,0.003,original_M0__top2,-163.825,-205.82215,-144.831
DE_LU_FR_BE,forecast_early_logit,top1,hour,0.0035,original_M0__top2,-163.4625,-205.45917500000002,-144.4695
DE_LU_FR_BE,forecast_early_logit,top1,hour,0.004,original_M0__top2,-163.1,-205.0962,-144.108
DE_LU_FR_BE,forecast_early_logit,top1,hour,0.0045000000000000005,original_M0__top2,-162.7375,-204.733225,-143.7465
DE_LU_FR_BE,forecast_early_logit,top1,hour,0.005000000000000001,original_M0__top2,-162.375,-204.37025,-143.385
DE_LU_FR_BE,forecast_early_logit,top1,hour,0.0055,original_M0__top2,-162.0125,-204.007275,-143.0235
DE_LU_FR_BE,forecast_early_logit,top1,hour,0.006,original_M0__top2,-161.65,-203.64430000000002,-142.662
DE_LU_FR_BE,forecast_early_logit,top1,hour,0.006500000000000001,original_M0__top2,-161.2875,-203.281325,-142.3005
DE_LU_FR_BE,forecast_early_logit,top1,hour,0.007000000000000001,original_M0__top2,-160.925,-202.91835,-141.939
DE_LU_FR_BE,forecast_early_logit,top1,hour,0.0075,original_M0__top2,-160.5625,-202.555375,-141.5775
DE_LU_FR_BE,forecast_early_logit,top1,hour,0.008,original_M0__top2,-160.2,-202.19240000000002,-141.216
DE_LU_FR_BE,forecast_early_logit,top1,hour,0.0085,original_M0__top2,-159.8375,-201.82942500000001,-140.8545
DE_LU_FR_BE,forecast_early_logit,top1,hour,0.009000000000000001,original_M0__top2,-159.475,-201.46645,-140.493
DE_LU_FR_BE,forecast_early_logit,top1,hour,0.009500000000000001,original_M0__top2,-159.1125,-201.103475,-140.1315
DE_LU_FR_BE,forecast_early_logit,top1,hour,0.01,original_M0__top2,-158.75,-200.7405,-139.77
DE_LU_FR_BE,forecast_early_logit,top1,hour,0.0105,original_M0__top2,-158.3875,-200.37752500000002,-139.4085
DE_LU_FR_BE,forecast_early_logit,top1,hour,0.011000000000000001,original_M0__top2,-158.025,-200.01455,-139.047
DE_LU_FR_BE,forecast_early_logit,top1,hour,0.0115,original_M0__top2,-157.6625,-199.651575,-138.6855
DE_LU_FR_BE,forecast_early_logit,top1,hour,0.012,original_M0__top2,-157.3,-199.2886,-138.324
DE_LU_FR_BE,forecast_early_logit,top1,hour,0.0125,original_M0__top2,-156.9375,-198.925625,-137.9625
DE_LU_FR_BE,forecast_early_logit,top1,hour,0.013000000000000001,original_M0__top2,-156.575,-198.56265000000002,-137.601
DE_LU_FR_BE,forecast_early_logit,top1,hour,0.013500000000000002,original_M0__top2,-156.2125,-198.199675,-137.2395
DE_LU_FR_BE,forecast_early_logit,top1,hour,0.014,original_M0__top2,-155.85,-197.8367,-136.878
DE_LU_FR_BE,forecast_early_logit,top1,hour,0.0145,original_M0__top2,-155.4875,-197.473725,-136.5165
DE_LU_FR_BE,forecast_early_logit,top1,hour,0.015,original_M0__top2,-155.125,-197.11075000000002,-136.155
DE_LU_FR_BE,forecast_early_logit,top1,hour,0.02,original_M0__top2,-151.5,-193.481,-132.54
DE_LU_FR_BE,forecast_early_logit,top1,hour,0.03,original_M0__top2,-144.25,-186.2215,-125.31
DE_LU_FR_BE,forecast_early_logit,top1,hour,0.05,original_M0__top2,-129.75,-171.7025,-110.85
DE_LU_FR_BE,forecast_early_logit,top1,hour,0.1,original_M0__top2,-93.5,-135.40499999999997,-74.7
DE_LU_FR_BE,forecast_early_logit,top1,hour,0.2,original_M0__top2,-21.0,-63.19999999999999,-2.4000000000000057
DE_LU_FR_BE,forecast_early_logit,top1,hour,0.25,original_M0__top2,15.25,-26.75625,33.75
DE_LU_FR_BE,forecast_early_logit,top1,hour,0.5,original_M0__top2,196.5,154.4875,214.5
DE_LU_FR_BE,forecast_early_logit,top1,hour,1.0,original_M0__top2,559.0,516.0,577.0
DE_LU_FR_BE,forecast_early_logit,top2,process,0.0,original_M0__top2,8.0,-2.0,17.024999999999977
DE_LU_FR_BE,forecast_early_logit,top2,process,0.0005,original_M0__top2,8.0,-2.0,17.024999999999977
DE_LU_FR_BE,forecast_early_logit,top2,process,0.001,original_M0__top2,8.0,-2.0,17.024999999999977
DE_LU_FR_BE,forecast_early_logit,top2,process,0.0015,original_M0__top2,8.0,-2.0,17.024999999999977
DE_LU_FR_BE,forecast_early_logit,top2,process,0.002,original_M0__top2,8.0,-2.0,17.024999999999977
DE_LU_FR_BE,forecast_early_logit,top2,process,0.0025,original_M0__top2,8.0,-2.0,17.024999999999977
DE_LU_FR_BE,forecast_early_logit,top2,process,0.003,original_M0__top2,8.0,-2.0,17.024999999999977
DE_LU_FR_BE,forecast_early_logit,top2,process,0.0035,original_M0__top2,8.0,-2.0,17.024999999999977
DE_LU_FR_BE,forecast_early_logit,top2,process,0.004,original_M0__top2,8.0,-2.0,17.024999999999977
DE_LU_FR_BE,forecast_early_logit,top2,process,0.0045000000000000005,original_M0__top2,8.0,-2.0,17.024999999999977
DE_LU_FR_BE,forecast_early_logit,top2,process,0.005000000000000001,original_M0__top2,8.0,-2.0,17.024999999999977
DE_LU_FR_BE,forecast_early_logit,top2,process,0.0055,original_M0__top2,8.0,-2.0,17.024999999999977
DE_LU_FR_BE,forecast_early_logit,top2,process,0.006,original_M0__top2,8.0,-2.0,17.024999999999977
DE_LU_FR_BE,forecast_early_logit,top2,process,0.006500000000000001,original_M0__top2,8.0,-2.0,17.024999999999977
DE_LU_FR_BE,forecast_early_logit,top2,process,0.007000000000000001,original_M0__top2,8.0,-2.0,17.024999999999977
DE_LU_FR_BE,forecast_early_logit,top2,process,0.0075,original_M0__top2,8.0,-2.0,17.024999999999977
DE_LU_FR_BE,forecast_early_logit,top2,process,0.008,original_M0__top2,8.0,-2.0,17.024999999999977
DE_LU_FR_BE,forecast_early_logit,top2,process,0.0085,original_M0__top2,8.0,-2.0,17.024999999999977
DE_LU_FR_BE,forecast_early_logit,top2,process,0.009000000000000001,original_M0__top2,8.0,-2.0,17.024999999999977
DE_LU_FR_BE,forecast_early_logit,top2,process,0.009500000000000001,original_M0__top2,8.0,-2.0,17.024999999999977
DE_LU_FR_BE,forecast_early_logit,top2,process,0.01,original_M0__top2,8.0,-2.0,17.024999999999977
DE_LU_FR_BE,forecast_early_logit,top2,process,0.0105,original_M0__top2,8.0,-2.0,17.024999999999977
DE_LU_FR_BE,forecast_early_logit,top2,process,0.011000000000000001,original_M0__top2,8.0,-2.0,17.024999999999977
DE_LU_FR_BE,forecast_early_logit,top2,process,0.0115,original_M0__top2,8.0,-2.0,17.024999999999977
DE_LU_FR_BE,forecast_early_logit,top2,process,0.012,original_M0__top2,8.0,-2.0,17.024999999999977
DE_LU_FR_BE,forecast_early_logit,top2,process,0.0125,original_M0__top2,8.0,-2.0,17.024999999999977
DE_LU_FR_BE,forecast_early_logit,top2,process,0.013000000000000001,original_M0__top2,8.0,-2.0,17.024999999999977
DE_LU_FR_BE,forecast_early_logit,top2,process,0.013500000000000002,original_M0__top2,8.0,-2.0,17.024999999999977
DE_LU_FR_BE,forecast_early_logit,top2,process,0.014,original_M0__top2,8.0,-2.0,17.024999999999977
DE_LU_FR_BE,forecast_early_logit,top2,process,0.0145,original_M0__top2,8.0,-2.0,17.024999999999977
DE_LU_FR_BE,forecast_early_logit,top2,process,0.015,original_M0__top2,8.0,-2.0,17.024999999999977
DE_LU_FR_BE,forecast_early_logit,top2,process,0.02,original_M0__top2,8.0,-2.0,17.024999999999977
DE_LU_FR_BE,forecast_early_logit,top2,process,0.03,original_M0__top2,8.0,-2.0,17.024999999999977
DE_LU_FR_BE,forecast_early_logit,top2,process,0.05,original_M0__top2,8.0,-2.0,17.024999999999977
DE_LU_FR_BE,forecast_early_logit,top2,process,0.1,original_M0__top2,8.0,-2.0,17.024999999999977
DE_LU_FR_BE,forecast_early_logit,top2,process,0.2,original_M0__top2,8.0,-2.0,17.024999999999977
DE_LU_FR_BE,forecast_early_logit,top2,process,0.25,original_M0__top2,8.0,-2.0,17.024999999999977
DE_LU_FR_BE,forecast_early_logit,top2,process,0.5,original_M0__top2,8.0,-2.0,17.024999999999977
DE_LU_FR_BE,forecast_early_logit,top2,process,1.0,original_M0__top2,8.0,-2.0,17.024999999999977
DE_LU_FR_BE,forecast_early_logit,top2,hour,0.0,original_M0__top2,-1.0,-26.0,14.0
DE_LU_FR_BE,forecast_early_logit,top2,hour,0.0005,original_M0__top2,-1.0,-26.0,14.0
DE_LU_FR_BE,forecast_early_logit,top2,hour,0.001,original_M0__top2,-1.0,-26.0,14.0
DE_LU_FR_BE,forecast_early_logit,top2,hour,0.0015,original_M0__top2,-1.0,-26.0,14.0
DE_LU_FR_BE,forecast_early_logit,top2,hour,0.002,original_M0__top2,-1.0,-26.0,14.0
DE_LU_FR_BE,forecast_early_logit,top2,hour,0.0025,original_M0__top2,-1.0,-26.0,14.0
DE_LU_FR_BE,forecast_early_logit,top2,hour,0.003,original_M0__top2,-1.0,-26.0,14.0
DE_LU_FR_BE,forecast_early_logit,top2,hour,0.0035,original_M0__top2,-1.0,-26.0,14.0
DE_LU_FR_BE,forecast_early_logit,top2,hour,0.004,original_M0__top2,-1.0,-26.0,14.0
DE_LU_FR_BE,forecast_early_logit,top2,hour,0.0045000000000000005,original_M0__top2,-1.0,-26.0,14.0
DE_LU_FR_BE,forecast_early_logit,top2,hour,0.005000000000000001,original_M0__top2,-1.0,-26.0,14.0
DE_LU_FR_BE,forecast_early_logit,top2,hour,0.0055,original_M0__top2,-1.0,-26.0,14.0
DE_LU_FR_BE,forecast_early_logit,top2,hour,0.006,original_M0__top2,-1.0,-26.0,14.0
DE_LU_FR_BE,forecast_early_logit,top2,hour,0.006500000000000001,original_M0__top2,-1.0,-26.0,14.0
DE_LU_FR_BE,forecast_early_logit,top2,hour,0.007000000000000001,original_M0__top2,-1.0,-26.0,14.0
DE_LU_FR_BE,forecast_early_logit,top2,hour,0.0075,original_M0__top2,-1.0,-26.0,14.0
DE_LU_FR_BE,forecast_early_logit,top2,hour,0.008,original_M0__top2,-1.0,-26.0,14.0
DE_LU_FR_BE,forecast_early_logit,top2,hour,0.0085,original_M0__top2,-1.0,-26.0,14.0
DE_LU_FR_BE,forecast_early_logit,top2,hour,0.009000000000000001,original_M0__top2,-1.0,-26.0,14.0
DE_LU_FR_BE,forecast_early_logit,top2,hour,0.009500000000000001,original_M0__top2,-1.0,-26.0,14.0
DE_LU_FR_BE,forecast_early_logit,top2,hour,0.01,original_M0__top2,-1.0,-26.0,14.0
DE_LU_FR_BE,forecast_early_logit,top2,hour,0.0105,original_M0__top2,-1.0,-26.0,14.0
DE_LU_FR_BE,forecast_early_logit,top2,hour,0.011000000000000001,original_M0__top2,-1.0,-26.0,14.0
DE_LU_FR_BE,forecast_early_logit,top2,hour,0.0115,original_M0__top2,-1.0,-26.0,14.0
DE_LU_FR_BE,forecast_early_logit,top2,hour,0.012,original_M0__top2,-1.0,-26.0,14.0
DE_LU_FR_BE,forecast_early_logit,top2,hour,0.0125,original_M0__top2,-1.0,-26.0,14.0
DE_LU_FR_BE,forecast_early_logit,top2,hour,0.013000000000000001,original_M0__top2,-1.0,-26.0,14.0
DE_LU_FR_BE,forecast_early_logit,top2,hour,0.013500000000000002,original_M0__top2,-1.0,-26.0,14.0
DE_LU_FR_BE,forecast_early_logit,top2,hour,0.014,original_M0__top2,-1.0,-26.0,14.0
DE_LU_FR_BE,forecast_early_logit,top2,hour,0.0145,original_M0__top2,-1.0,-26.0,14.0
DE_LU_FR_BE,forecast_early_logit,top2,hour,0.015,original_M0__top2,-1.0,-26.0,14.0
DE_LU_FR_BE,forecast_early_logit,top2,hour,0.02,original_M0__top2,-1.0,-26.0,14.0
DE_LU_FR_BE,forecast_early_logit,top2,hour,0.03,original_M0__top2,-1.0,-26.0,14.0
DE_LU_FR_BE,forecast_early_logit,top2,hour,0.05,original_M0__top2,-1.0,-26.0,14.0
DE_LU_FR_BE,forecast_early_logit,top2,hour,0.1,original_M0__top2,-1.0,-26.0,14.0
DE_LU_FR_BE,forecast_early_logit,top2,hour,0.2,original_M0__top2,-1.0,-26.0,14.0
DE_LU_FR_BE,forecast_early_logit,top2,hour,0.25,original_M0__top2,-1.0,-26.0,14.0
DE_LU_FR_BE,forecast_early_logit,top2,hour,0.5,original_M0__top2,-1.0,-26.0,14.0
DE_LU_FR_BE,forecast_early_logit,top2,hour,1.0,original_M0__top2,-1.0,-26.0,14.0
DE_LU_FR_BE,forecast_early_logit,count2022_target05,process,0.0,original_M0__top2,5.0,-4.0,15.0
DE_LU_FR_BE,forecast_early_logit,count2022_target05,process,0.0005,original_M0__top2,5.4095,-3.5900125,15.4040125
DE_LU_FR_BE,forecast_early_logit,count2022_target05,process,0.001,original_M0__top2,5.819,-3.1800249999999997,15.808025
DE_LU_FR_BE,forecast_early_logit,count2022_target05,process,0.0015,original_M0__top2,6.2285,-2.7700375,16.2120375
DE_LU_FR_BE,forecast_early_logit,count2022_target05,process,0.002,original_M0__top2,6.638,-2.3600499999999998,16.61605
DE_LU_FR_BE,forecast_early_logit,count2022_target05,process,0.0025,original_M0__top2,7.047499999999999,-1.9500625000000003,17.020062499999998
DE_LU_FR_BE,forecast_early_logit,count2022_target05,process,0.003,original_M0__top2,7.457,-1.540075,17.424075
DE_LU_FR_BE,forecast_early_logit,count2022_target05,process,0.0035,original_M0__top2,7.8665,-1.1300875,17.8280875
DE_LU_FR_BE,forecast_early_logit,count2022_target05,process,0.004,original_M0__top2,8.276,-0.7200999999999997,18.2321
DE_LU_FR_BE,forecast_early_logit,count2022_target05,process,0.0045000000000000005,original_M0__top2,8.685500000000001,-0.3101124999999996,18.6361125
DE_LU_FR_BE,forecast_early_logit,count2022_target05,process,0.005000000000000001,original_M0__top2,9.095,0.09987500000000055,19.040125
DE_LU_FR_BE,forecast_early_logit,count2022_target05,process,0.0055,original_M0__top2,9.5045,0.5098624999999998,19.4441375
DE_LU_FR_BE,forecast_early_logit,count2022_target05,process,0.006,original_M0__top2,9.914,0.91985,19.84815
DE_LU_FR_BE,forecast_early_logit,count2022_target05,process,0.006500000000000001,original_M0__top2,10.3235,1.3298375,20.2521625
DE_LU_FR_BE,forecast_early_logit,count2022_target05,process,0.007000000000000001,original_M0__top2,10.733,1.739825000000001,20.656174999999998
DE_LU_FR_BE,forecast_early_logit,count2022_target05,process,0.0075,original_M0__top2,11.1425,2.1498124999999995,21.060187499999998
DE_LU_FR_BE,forecast_early_logit,count2022_target05,process,0.008,original_M0__top2,11.552,2.5598000000000005,21.464199999999998
DE_LU_FR_BE,forecast_early_logit,count2022_target05,process,0.0085,original_M0__top2,11.961500000000001,2.9697875000000007,21.868212500000002
DE_LU_FR_BE,forecast_early_logit,count2022_target05,process,0.009000000000000001,original_M0__top2,12.371,3.379775000000001,22.272225000000002
DE_LU_FR_BE,forecast_early_logit,count2022_target05,process,0.009500000000000001,original_M0__top2,12.7805,3.789762500000001,22.676237500000003
DE_LU_FR_BE,forecast_early_logit,count2022_target05,process,0.01,original_M0__top2,13.19,4.199749999999999,23.08025
DE_LU_FR_BE,forecast_early_logit,count2022_target05,process,0.0105,original_M0__top2,13.5995,4.609737500000001,23.4842625
DE_LU_FR_BE,forecast_early_logit,count2022_target05,process,0.011000000000000001,original_M0__top2,14.009,5.019725000000001,23.888275
DE_LU_FR_BE,forecast_early_logit,count2022_target05,process,0.0115,original_M0__top2,14.4185,5.4297125,24.2922875
DE_LU_FR_BE,forecast_early_logit,count2022_target05,process,0.012,original_M0__top2,14.828,5.8397,24.696299999999997
DE_LU_FR_BE,forecast_early_logit,count2022_target05,process,0.0125,original_M0__top2,15.2375,6.2496875,25.1003125
DE_LU_FR_BE,forecast_early_logit,count2022_target05,process,0.013000000000000001,original_M0__top2,15.647,6.659675,25.504325
DE_LU_FR_BE,forecast_early_logit,count2022_target05,process,0.013500000000000002,original_M0__top2,16.0565,7.069662500000002,25.908337500000002
DE_LU_FR_BE,forecast_early_logit,count2022_target05,process,0.014,original_M0__top2,16.466,7.47965,26.31235
DE_LU_FR_BE,forecast_early_logit,count2022_target05,process,0.0145,original_M0__top2,16.875500000000002,7.889637500000001,26.716362500000002
DE_LU_FR_BE,forecast_early_logit,count2022_target05,process,0.015,original_M0__top2,17.285,8.299624999999999,27.120374999999996
DE_LU_FR_BE,forecast_early_logit,count2022_target05,process,0.02,original_M0__top2,21.38,12.399499999999998,31.1605
DE_LU_FR_BE,forecast_early_logit,count2022_target05,process,0.03,original_M0__top2,29.57,20.599249999999998,39.24074999999999
DE_LU_FR_BE,forecast_early_logit,count2022_target05,process,0.05,original_M0__top2,45.95,36.9375,55.55125
DE_LU_FR_BE,forecast_early_logit,count2022_target05,process,0.1,original_M0__top2,86.9,76.79500000000002,96.9025
DE_LU_FR_BE,forecast_early_logit,count2022_target05,process,0.2,original_M0__top2,168.8,155.60000000000002,180.8
DE_LU_FR_BE,forecast_early_logit,count2022_target05,process,0.25,original_M0__top2,209.75,194.25,222.75625
DE_LU_FR_BE,forecast_early_logit,count2022_target05,process,0.5,original_M0__top2,414.5,388.4875,434.5
DE_LU_FR_BE,forecast_early_logit,count2022_target05,process,1.0,original_M0__top2,824.0,773.975,861.0
DE_LU_FR_BE,forecast_early_logit,count2022_target05,hour,0.0,original_M0__top2,-28.0,-55.0,-8.0
DE_LU_FR_BE,forecast_early_logit,count2022_target05,hour,0.0005,original_M0__top2,-27.5905,-54.591800000000006,-7.603975
DE_LU_FR_BE,forecast_early_logit,count2022_target05,hour,0.001,original_M0__top2,-27.181,-54.1836,-7.20795
DE_LU_FR_BE,forecast_early_logit,count2022_target05,hour,0.0015,original_M0__top2,-26.7715,-53.775400000000005,-6.8119250000000005
DE_LU_FR_BE,forecast_early_logit,count2022_target05,hour,0.002,original_M0__top2,-26.362,-53.3672,-6.415900000000001
DE_LU_FR_BE,forecast_early_logit,count2022_target05,hour,0.0025,original_M0__top2,-25.9525,-52.959,-6.019875
DE_LU_FR_BE,forecast_early_logit,count2022_target05,hour,0.003,original_M0__top2,-25.543,-52.5508,-5.623850000000001
DE_LU_FR_BE,forecast_early_logit,count2022_target05,hour,0.0035,original_M0__top2,-25.133499999999998,-52.1426,-5.227825
DE_LU_FR_BE,forecast_early_logit,count2022_target05,hour,0.004,original_M0__top2,-24.724,-51.7344,-4.8318
DE_LU_FR_BE,forecast_early_logit,count2022_target05,hour,0.0045000000000000005,original_M0__top2,-24.3145,-51.3262,-4.4357750000000005
DE_LU_FR_BE,forecast_early_logit,count2022_target05,hour,0.005000000000000001,original_M0__top2,-23.905,-50.918,-4.03975
DE_LU_FR_BE,forecast_early_logit,count2022_target05,hour,0.0055,original_M0__top2,-23.4955,-50.509800000000006,-3.6437250000000003
DE_LU_FR_BE,forecast_early_logit,count2022_target05,hour,0.006,original_M0__top2,-23.086,-50.1016,-3.2477000000000005
DE_LU_FR_BE,forecast_early_logit,count2022_target05,hour,0.006500000000000001,original_M0__top2,-22.6765,-49.693400000000004,-2.8516749999999997
DE_LU_FR_BE,forecast_early_logit,count2022_target05,hour,0.007000000000000001,original_M0__top2,-22.267,-49.285199999999996,-2.45565
DE_LU_FR_BE,forecast_early_logit,count2022_target05,hour,0.0075,original_M0__top2,-21.8575,-48.877,-2.059625000000001
DE_LU_FR_BE,forecast_early_logit,count2022_target05,hour,0.008,original_M0__top2,-21.448,-48.4688,-1.6636
DE_LU_FR_BE,forecast_early_logit,count2022_target05,hour,0.0085,original_M0__top2,-21.0385,-48.0606,-1.2675750000000001
DE_LU_FR_BE,forecast_early_logit,count2022_target05,hour,0.009000000000000001,original_M0__top2,-20.628999999999998,-47.6524,-0.8715499999999994
DE_LU_FR_BE,forecast_early_logit,count2022_target05,hour,0.009500000000000001,original_M0__top2,-20.2195,-47.2442,-0.47552499999999953
DE_LU_FR_BE,forecast_early_logit,count2022_target05,hour,0.01,original_M0__top2,-19.810000000000002,-46.836,-0.07950000000000051
DE_LU_FR_BE,forecast_early_logit,count2022_target05,hour,0.0105,original_M0__top2,-19.4005,-46.4278,0.3165250000000002
DE_LU_FR_BE,forecast_early_logit,count2022_target05,hour,0.011000000000000001,original_M0__top2,-18.991,-46.0196,0.712550000000001
DE_LU_FR_BE,forecast_early_logit,count2022_target05,hour,0.0115,original_M0__top2,-18.5815,-45.6114,1.108575
DE_LU_FR_BE,forecast_early_logit,count2022_target05,hour,0.012,original_M0__top2,-18.172,-45.203199999999995,1.504599999999999
DE_LU_FR_BE,forecast_early_logit,count2022_target05,hour,0.0125,original_M0__top2,-17.7625,-44.795,1.9006249999999998
DE_LU_FR_BE,forecast_early_logit,count2022_target05,hour,0.013000000000000001,original_M0__top2,-17.353,-44.3868,2.2966500000000005
DE_LU_FR_BE,forecast_early_logit,count2022_target05,hour,0.013500000000000002,original_M0__top2,-16.9435,-43.9786,2.6926750000000013
DE_LU_FR_BE,forecast_early_logit,count2022_target05,hour,0.014,original_M0__top2,-16.534,-43.5704,3.0887000000000002
DE_LU_FR_BE,forecast_early_logit,count2022_target05,hour,0.0145,original_M0__top2,-16.124499999999998,-43.1622,3.484724999999999
DE_LU_FR_BE,forecast_early_logit,count2022_target05,hour,0.015,original_M0__top2,-15.715,-42.754000000000005,3.880749999999998
DE_LU_FR_BE,forecast_early_logit,count2022_target05,hour,0.02,original_M0__top2,-11.620000000000001,-38.745000000000005,7.840999999999999
DE_LU_FR_BE,forecast_early_logit,count2022_target05,hour,0.03,original_M0__top2,-3.4299999999999997,-30.5055,15.810249999999998
DE_LU_FR_BE,forecast_early_logit,count2022_target05,hour,0.05,original_M0__top2,12.950000000000003,-14.652499999999998,31.8525
DE_LU_FR_BE,forecast_early_logit,count2022_target05,hour,0.1,original_M0__top2,53.900000000000006,26.09250000000001,71.815
DE_LU_FR_BE,forecast_early_logit,count2022_target05,hour,0.2,original_M0__top2,135.8,106.19500000000002,153.0
DE_LU_FR_BE,forecast_early_logit,count2022_target05,hour,0.25,original_M0__top2,176.75,146.0,193.75625
DE_LU_FR_BE,forecast_early_logit,count2022_target05,hour,0.5,original_M0__top2,381.5,342.9875,404.0
DE_LU_FR_BE,forecast_early_logit,count2022_target05,hour,1.0,original_M0__top2,791.0,730.0,827.025
DE_LU_FR_BE,forecast_early_logit,count2023_target05,process,0.0,original_M0__top2,6.0,-3.0,15.0
DE_LU_FR_BE,forecast_early_logit,count2023_target05,process,0.0005,original_M0__top2,6.3575,-2.6470875,15.366575000000001
DE_LU_FR_BE,forecast_early_logit,count2023_target05,process,0.001,original_M0__top2,6.715,-2.294175,15.73315
DE_LU_FR_BE,forecast_early_logit,count2023_target05,process,0.0015,original_M0__top2,7.0725,-1.9412625000000001,16.099725
DE_LU_FR_BE,forecast_early_logit,count2023_target05,process,0.002,original_M0__top2,7.43,-1.5883500000000002,16.4663
DE_LU_FR_BE,forecast_early_logit,count2023_target05,process,0.0025,original_M0__top2,7.7875,-1.2354374999999997,16.832874999999998
DE_LU_FR_BE,forecast_early_logit,count2023_target05,process,0.003,original_M0__top2,8.145,-0.8825250000000001,17.19945
DE_LU_FR_BE,forecast_early_logit,count2023_target05,process,0.0035,original_M0__top2,8.5025,-0.5296124999999999,17.566025
DE_LU_FR_BE,forecast_early_logit,count2023_target05,process,0.004,original_M0__top2,8.86,-0.1767000000000001,17.932599999999997
DE_LU_FR_BE,forecast_early_logit,count2023_target05,process,0.0045000000000000005,original_M0__top2,9.217500000000001,0.17621250000000052,18.299175
DE_LU_FR_BE,forecast_early_logit,count2023_target05,process,0.005000000000000001,original_M0__top2,9.575000000000001,0.5291250000000007,18.66575
DE_LU_FR_BE,forecast_early_logit,count2023_target05,process,0.0055,original_M0__top2,9.9325,0.8820374999999996,19.032325
DE_LU_FR_BE,forecast_early_logit,count2023_target05,process,0.006,original_M0__top2,10.29,1.2349499999999998,19.398899999999998
DE_LU_FR_BE,forecast_early_logit,count2023_target05,process,0.006500000000000001,original_M0__top2,10.6475,1.5878625000000004,19.765475000000002
DE_LU_FR_BE,forecast_early_logit,count2023_target05,process,0.007000000000000001,original_M0__top2,11.005,1.940775000000001,20.13205
DE_LU_FR_BE,forecast_early_logit,count2023_target05,process,0.0075,original_M0__top2,11.3625,2.2936875,20.498624999999997
DE_LU_FR_BE,forecast_early_logit,count2023_target05,process,0.008,original_M0__top2,11.719999999999999,2.6466,20.865199999999998
DE_LU_FR_BE,forecast_early_logit,count2023_target05,process,0.0085,original_M0__top2,12.0775,2.9995125000000002,21.231775
DE_LU_FR_BE,forecast_early_logit,count2023_target05,process,0.009000000000000001,original_M0__top2,12.435,3.352425000000001,21.59835
DE_LU_FR_BE,forecast_early_logit,count2023_target05,process,0.009500000000000001,original_M0__top2,12.7925,3.705337500000001,21.964924999999997
DE_LU_FR_BE,forecast_early_logit,count2023_target05,process,0.01,original_M0__top2,13.15,4.058250000000001,22.3315
DE_LU_FR_BE,forecast_early_logit,count2023_target05,process,0.0105,original_M0__top2,13.5075,4.4111625000000005,22.698075
DE_LU_FR_BE,forecast_early_logit,count2023_target05,process,0.011000000000000001,original_M0__top2,13.865000000000002,4.764075000000001,23.06465
DE_LU_FR_BE,forecast_early_logit,count2023_target05,process,0.0115,original_M0__top2,14.2225,5.1169875,23.431224999999994
DE_LU_FR_BE,forecast_early_logit,count2023_target05,process,0.012,original_M0__top2,14.58,5.4699,23.7978
DE_LU_FR_BE,forecast_early_logit,count2023_target05,process,0.0125,original_M0__top2,14.9375,5.822812500000001,24.164375
DE_LU_FR_BE,forecast_early_logit,count2023_target05,process,0.013000000000000001,original_M0__top2,15.295,6.175725000000001,24.530275000000003
DE_LU_FR_BE,forecast_early_logit,count2023_target05,process,0.013500000000000002,original_M0__top2,15.652500000000002,6.5286375,24.895862500000003
DE_LU_FR_BE,forecast_early_logit,count2023_target05,process,0.014,original_M0__top2,16.009999999999998,6.881550000000001,25.240550000000002
DE_LU_FR_BE,forecast_early_logit,count2023_target05,process,0.0145,original_M0__top2,16.3675,7.2344625,25.600225
DE_LU_FR_BE,forecast_early_logit,count2023_target05,process,0.015,original_M0__top2,16.725,7.587375,25.96575
DE_LU_FR_BE,forecast_early_logit,count2023_target05,process,0.02,original_M0__top2,20.3,11.116500000000002,29.621
DE_LU_FR_BE,forecast_early_logit,count2023_target05,process,0.03,original_M0__top2,27.45,18.0675,36.730500000000006
DE_LU_FR_BE,forecast_early_logit,count2023_target05,process,0.05,original_M0__top2,41.75,31.948750000000004,51.35375
DE_LU_FR_BE,forecast_early_logit,count2023_target05,process,0.1,original_M0__top2,77.5,66.8,87.5
DE_LU_FR_BE,forecast_early_logit,count2023_target05,process,0.2,original_M0__top2,149.0,135.395,161.20000000000002
DE_LU_FR_BE,forecast_early_logit,count2023_target05,process,0.25,original_M0__top2,184.75,169.25,198.0
DE_LU_FR_BE,forecast_early_logit,count2023_target05,process,0.5,original_M0__top2,363.5,335.9875,385.0
DE_LU_FR_BE,forecast_early_logit,count2023_target05,process,1.0,original_M0__top2,721.0,666.975,761.0
DE_LU_FR_BE,forecast_early_logit,count2023_target05,hour,0.0,original_M0__top2,-17.0,-43.0,0.0
DE_LU_FR_BE,forecast_early_logit,count2023_target05,hour,0.0005,original_M0__top2,-16.6425,-42.627649999999996,0.34907499999999997
DE_LU_FR_BE,forecast_early_logit,count2023_target05,hour,0.001,original_M0__top2,-16.285,-42.255300000000005,0.6981499999999999
DE_LU_FR_BE,forecast_early_logit,count2023_target05,hour,0.0015,original_M0__top2,-15.9275,-41.88295,1.0472249999999996
DE_LU_FR_BE,forecast_early_logit,count2023_target05,hour,0.002,original_M0__top2,-15.57,-41.5106,1.3962999999999999
DE_LU_FR_BE,forecast_early_logit,count2023_target05,hour,0.0025,original_M0__top2,-15.2125,-41.13825,1.7453749999999997
DE_LU_FR_BE,forecast_early_logit,count2023_target05,hour,0.003,original_M0__top2,-14.855,-40.7659,2.0944499999999993
DE_LU_FR_BE,forecast_early_logit,count2023_target05,hour,0.0035,original_M0__top2,-14.4975,-40.39355,2.4435249999999997
DE_LU_FR_BE,forecast_early_logit,count2023_target05,hour,0.004,original_M0__top2,-14.14,-40.0212,2.7925999999999997
DE_LU_FR_BE,forecast_early_logit,count2023_target05,hour,0.0045000000000000005,original_M0__top2,-13.782499999999999,-39.64885,3.1416749999999998
DE_LU_FR_BE,forecast_early_logit,count2023_target05,hour,0.005000000000000001,original_M0__top2,-13.424999999999999,-39.2765,3.49075
DE_LU_FR_BE,forecast_early_logit,count2023_target05,hour,0.0055,original_M0__top2,-13.0675,-38.90415,3.8398249999999994
DE_LU_FR_BE,forecast_early_logit,count2023_target05,hour,0.006,original_M0__top2,-12.71,-38.531800000000004,4.1888999999999985
DE_LU_FR_BE,forecast_early_logit,count2023_target05,hour,0.006500000000000001,original_M0__top2,-12.3525,-38.15945,4.537975
DE_LU_FR_BE,forecast_early_logit,count2023_target05,hour,0.007000000000000001,original_M0__top2,-11.995,-37.787099999999995,4.88705
DE_LU_FR_BE,forecast_early_logit,count2023_target05,hour,0.0075,original_M0__top2,-11.6375,-37.41475,5.236124999999999
DE_LU_FR_BE,forecast_early_logit,count2023_target05,hour,0.008,original_M0__top2,-11.280000000000001,-37.0424,5.5851999999999995
DE_LU_FR_BE,forecast_early_logit,count2023_target05,hour,0.0085,original_M0__top2,-10.9225,-36.670049999999996,5.9342749999999995
DE_LU_FR_BE,forecast_early_logit,count2023_target05,hour,0.009000000000000001,original_M0__top2,-10.565,-36.2977,6.2833499999999995
DE_LU_FR_BE,forecast_early_logit,count2023_target05,hour,0.009500000000000001,original_M0__top2,-10.2075,-35.92535,6.632425
DE_LU_FR_BE,forecast_early_logit,count2023_target05,hour,0.01,original_M0__top2,-9.85,-35.553,6.981499999999999
DE_LU_FR_BE,forecast_early_logit,count2023_target05,hour,0.0105,original_M0__top2,-9.4925,-35.18065,7.330575
DE_LU_FR_BE,forecast_early_logit,count2023_target05,hour,0.011000000000000001,original_M0__top2,-9.134999999999998,-34.8083,7.67965
DE_LU_FR_BE,forecast_early_logit,count2023_target05,hour,0.0115,original_M0__top2,-8.7775,-34.435950000000005,8.028724999999998
DE_LU_FR_BE,forecast_early_logit,count2023_target05,hour,0.012,original_M0__top2,-8.42,-34.0636,8.377799999999997
DE_LU_FR_BE,forecast_early_logit,count2023_target05,hour,0.0125,original_M0__top2,-8.0625,-33.69125,8.726874999999998
DE_LU_FR_BE,forecast_early_logit,count2023_target05,hour,0.013000000000000001,original_M0__top2,-7.705,-33.3189,9.07595
DE_LU_FR_BE,forecast_early_logit,count2023_target05,hour,0.013500000000000002,original_M0__top2,-7.347499999999998,-32.946549999999995,9.425025
DE_LU_FR_BE,forecast_early_logit,count2023_target05,hour,0.014,original_M0__top2,-6.99,-32.5742,9.774099999999999
DE_LU_FR_BE,forecast_early_logit,count2023_target05,hour,0.0145,original_M0__top2,-6.6325,-32.20185,10.123174999999998
DE_LU_FR_BE,forecast_early_logit,count2023_target05,hour,0.015,original_M0__top2,-6.275,-31.829500000000003,10.472249999999997
DE_LU_FR_BE,forecast_early_logit,count2023_target05,hour,0.02,original_M0__top2,-2.6999999999999993,-28.3415,13.962999999999997
DE_LU_FR_BE,forecast_early_logit,count2023_target05,hour,0.03,original_M0__top2,4.449999999999999,-21.035500000000003,21.121249999999996
DE_LU_FR_BE,forecast_early_logit,count2023_target05,hour,0.05,original_M0__top2,18.75,-7.107500000000001,35.357499999999995
DE_LU_FR_BE,forecast_early_logit,count2023_target05,hour,0.1,original_M0__top2,54.5,27.1975,70.7025
DE_LU_FR_BE,forecast_early_logit,count2023_target05,hour,0.2,original_M0__top2,126.0,97.6,142.805
DE_LU_FR_BE,forecast_early_logit,count2023_target05,hour,0.25,original_M0__top2,161.75,131.98125,179.75
DE_LU_FR_BE,forecast_early_logit,count2023_target05,hour,0.5,original_M0__top2,340.5,302.0,365.0
DE_LU_FR_BE,forecast_early_logit,count2023_target05,hour,1.0,original_M0__top2,698.0,638.0,738.025
DE_LU_FR_BE,forecast_early_logit,fixed025,process,0.0,original_M0__top2,-25.0,-35.0,-16.0
DE_LU_FR_BE,forecast_early_logit,fixed025,process,0.0005,original_M0__top2,-24.3125,-34.306012499999994,-15.305924999999998
DE_LU_FR_BE,forecast_early_logit,fixed025,process,0.001,original_M0__top2,-23.625,-33.612025,-14.61185
DE_LU_FR_BE,forecast_early_logit,fixed025,process,0.0015,original_M0__top2,-22.9375,-32.9180375,-13.917774999999999
DE_LU_FR_BE,forecast_early_logit,fixed025,process,0.002,original_M0__top2,-22.25,-32.22405,-13.223700000000001
DE_LU_FR_BE,forecast_early_logit,fixed025,process,0.0025,original_M0__top2,-21.5625,-31.5300625,-12.529625
DE_LU_FR_BE,forecast_early_logit,fixed025,process,0.003,original_M0__top2,-20.875,-30.836074999999997,-11.835550000000001
DE_LU_FR_BE,forecast_early_logit,fixed025,process,0.0035,original_M0__top2,-20.1875,-30.1420875,-11.141475
DE_LU_FR_BE,forecast_early_logit,fixed025,process,0.004,original_M0__top2,-19.5,-29.4481,-10.447400000000002
DE_LU_FR_BE,forecast_early_logit,fixed025,process,0.0045000000000000005,original_M0__top2,-18.8125,-28.754112499999998,-9.753325
DE_LU_FR_BE,forecast_early_logit,fixed025,process,0.005000000000000001,original_M0__top2,-18.125,-28.060125,-9.059249999999999
DE_LU_FR_BE,forecast_early_logit,fixed025,process,0.0055,original_M0__top2,-17.4375,-27.3661375,-8.365175
DE_LU_FR_BE,forecast_early_logit,fixed025,process,0.006,original_M0__top2,-16.75,-26.672150000000002,-7.671100000000002
DE_LU_FR_BE,forecast_early_logit,fixed025,process,0.006500000000000001,original_M0__top2,-16.0625,-25.9781625,-6.977025
DE_LU_FR_BE,forecast_early_logit,fixed025,process,0.007000000000000001,original_M0__top2,-15.374999999999998,-25.284174999999998,-6.28295
DE_LU_FR_BE,forecast_early_logit,fixed025,process,0.0075,original_M0__top2,-14.6875,-24.5901875,-5.588875000000001
DE_LU_FR_BE,forecast_early_logit,fixed025,process,0.008,original_M0__top2,-14.0,-23.8962,-4.8948
DE_LU_FR_BE,forecast_early_logit,fixed025,process,0.0085,original_M0__top2,-13.3125,-23.202212499999998,-4.200725000000001
DE_LU_FR_BE,forecast_early_logit,fixed025,process,0.009000000000000001,original_M0__top2,-12.624999999999998,-22.508225,-3.5066500000000005
DE_LU_FR_BE,forecast_early_logit,fixed025,process,0.009500000000000001,original_M0__top2,-11.937499999999998,-21.8142375,-2.8125749999999994
DE_LU_FR_BE,forecast_early_logit,fixed025,process,0.01,original_M0__top2,-11.25,-21.12025,-2.1185000000000005
DE_LU_FR_BE,forecast_early_logit,fixed025,process,0.0105,original_M0__top2,-10.562499999999998,-20.4262625,-1.4244249999999998
DE_LU_FR_BE,forecast_early_logit,fixed025,process,0.011000000000000001,original_M0__top2,-9.874999999999998,-19.732274999999998,-0.7303500000000008
DE_LU_FR_BE,forecast_early_logit,fixed025,process,0.0115,original_M0__top2,-9.1875,-19.0382875,-0.03627500000000185
DE_LU_FR_BE,forecast_early_logit,fixed025,process,0.012,original_M0__top2,-8.5,-18.3443,0.6577999999999973
DE_LU_FR_BE,forecast_early_logit,fixed025,process,0.0125,original_M0__top2,-7.8125,-17.6503125,1.3518749999999997
DE_LU_FR_BE,forecast_early_logit,fixed025,process,0.013000000000000001,original_M0__top2,-7.125,-16.956325,2.0459499999999986
DE_LU_FR_BE,forecast_early_logit,fixed025,process,0.013500000000000002,original_M0__top2,-6.4374999999999964,-16.262337499999997,2.740025000000001
DE_LU_FR_BE,forecast_early_logit,fixed025,process,0.014,original_M0__top2,-5.75,-15.568349999999997,3.4341000000000004
DE_LU_FR_BE,forecast_early_logit,fixed025,process,0.0145,original_M0__top2,-5.0625,-14.874362499999998,4.128174999999999
DE_LU_FR_BE,forecast_early_logit,fixed025,process,0.015,original_M0__top2,-4.375,-14.180375,4.822249999999999
DE_LU_FR_BE,forecast_early_logit,fixed025,process,0.02,original_M0__top2,2.5,-7.240499999999998,11.762999999999998
DE_LU_FR_BE,forecast_early_logit,fixed025,process,0.03,original_M0__top2,16.25,6.619749999999997,25.6425
DE_LU_FR_BE,forecast_early_logit,fixed025,process,0.05,original_M0__top2,43.75,34.14875000000001,53.302499999999995
DE_LU_FR_BE,forecast_early_logit,fixed025,process,0.1,original_M0__top2,112.5,102.79500000000002,122.5025
DE_LU_FR_BE,forecast_early_logit,fixed025,process,0.2,original_M0__top2,250.0,239.2,261.6
DE_LU_FR_BE,forecast_early_logit,fixed025,process,0.25,original_M0__top2,318.75,308.0,331.75
DE_LU_FR_BE,forecast_early_logit,fixed025,process,0.5,original_M0__top2,662.5,648.0,682.0
DE_LU_FR_BE,forecast_early_logit,fixed025,process,1.0,original_M0__top2,1350.0,1325.975,1384.0
DE_LU_FR_BE,forecast_early_logit,fixed025,hour,0.0,original_M0__top2,-282.0,-357.025,-257.975
DE_LU_FR_BE,forecast_early_logit,fixed025,hour,0.0005,original_M0__top2,-281.3125,-356.339775,-257.2851625
DE_LU_FR_BE,forecast_early_logit,fixed025,hour,0.001,original_M0__top2,-280.625,-355.65455,-256.595325
DE_LU_FR_BE,forecast_early_logit,fixed025,hour,0.0015,original_M0__top2,-279.9375,-354.96932499999997,-255.90548750000002
DE_LU_FR_BE,forecast_early_logit,fixed025,hour,0.002,original_M0__top2,-279.25,-354.28409999999997,-255.21565000000004
DE_LU_FR_BE,forecast_early_logit,fixed025,hour,0.0025,original_M0__top2,-278.5625,-353.59887499999996,-254.52581250000003
DE_LU_FR_BE,forecast_early_logit,fixed025,hour,0.003,original_M0__top2,-277.875,-352.91364999999996,-253.83597500000005
DE_LU_FR_BE,forecast_early_logit,fixed025,hour,0.0035,original_M0__top2,-277.1875,-352.22842499999996,-253.1461375
DE_LU_FR_BE,forecast_early_logit,fixed025,hour,0.004,original_M0__top2,-276.5,-351.54319999999996,-252.4563
DE_LU_FR_BE,forecast_early_logit,fixed025,hour,0.0045000000000000005,original_M0__top2,-275.8125,-350.85797499999995,-251.76646250000002
DE_LU_FR_BE,forecast_early_logit,fixed025,hour,0.005000000000000001,original_M0__top2,-275.125,-350.17274999999995,-251.076625
DE_LU_FR_BE,forecast_early_logit,fixed025,hour,0.0055,original_M0__top2,-274.4375,-349.48752499999995,-250.38678750000003
DE_LU_FR_BE,forecast_early_logit,fixed025,hour,0.006,original_M0__top2,-273.75,-348.80229999999995,-249.69695000000002
DE_LU_FR_BE,forecast_early_logit,fixed025,hour,0.006500000000000001,original_M0__top2,-273.0625,-348.117075,-249.00711250000003
DE_LU_FR_BE,forecast_early_logit,fixed025,hour,0.007000000000000001,original_M0__top2,-272.375,-347.43185,-248.31727500000002
DE_LU_FR_BE,forecast_early_logit,fixed025,hour,0.0075,original_M0__top2,-271.6875,-346.746625,-247.6274375
DE_LU_FR_BE,forecast_early_logit,fixed025,hour,0.008,original_M0__top2,-271.0,-346.0614,-246.93760000000003
DE_LU_FR_BE,forecast_early_logit,fixed025,hour,0.0085,original_M0__top2,-270.3125,-345.376175,-246.24776250000002
DE_LU_FR_BE,forecast_early_logit,fixed025,hour,0.009000000000000001,original_M0__top2,-269.625,-344.69095,-245.557925
DE_LU_FR_BE,forecast_early_logit,fixed025,hour,0.009500000000000001,original_M0__top2,-268.9375,-344.00572500000004,-244.8680875
DE_LU_FR_BE,forecast_early_logit,fixed025,hour,0.01,original_M0__top2,-268.25,-343.32050000000004,-244.17825000000002
DE_LU_FR_BE,forecast_early_logit,fixed025,hour,0.0105,original_M0__top2,-267.5625,-342.63527500000004,-243.4884125
DE_LU_FR_BE,forecast_early_logit,fixed025,hour,0.011000000000000001,original_M0__top2,-266.875,-341.95005000000003,-242.798575
DE_LU_FR_BE,forecast_early_logit,fixed025,hour,0.0115,original_M0__top2,-266.1875,-341.26482500000003,-242.10873750000002
DE_LU_FR_BE,forecast_early_logit,fixed025,hour,0.012,original_M0__top2,-265.5,-340.5796,-241.4189
DE_LU_FR_BE,forecast_early_logit,fixed025,hour,0.0125,original_M0__top2,-264.8125,-339.894375,-240.72906250000003
DE_LU_FR_BE,forecast_early_logit,fixed025,hour,0.013000000000000001,original_M0__top2,-264.125,-339.20915,-240.03922500000002
DE_LU_FR_BE,forecast_early_logit,fixed025,hour,0.013500000000000002,original_M0__top2,-263.4375,-338.523925,-239.34938750000003
DE_LU_FR_BE,forecast_early_logit,fixed025,hour,0.014,original_M0__top2,-262.75,-337.8387,-238.65955000000002
DE_LU_FR_BE,forecast_early_logit,fixed025,hour,0.0145,original_M0__top2,-262.0625,-337.153475,-237.9697125
DE_LU_FR_BE,forecast_early_logit,fixed025,hour,0.015,original_M0__top2,-261.375,-336.46825,-237.27987500000003
DE_LU_FR_BE,forecast_early_logit,fixed025,hour,0.02,original_M0__top2,-254.5,-329.61600000000004,-230.38150000000002
DE_LU_FR_BE,forecast_early_logit,fixed025,hour,0.03,original_M0__top2,-240.75,-315.9115,-216.58475
DE_LU_FR_BE,forecast_early_logit,fixed025,hour,0.05,original_M0__top2,-213.25,-288.5025,-188.99125
DE_LU_FR_BE,forecast_early_logit,fixed025,hour,0.1,original_M0__top2,-144.5,-219.51,-120.0
DE_LU_FR_BE,forecast_early_logit,fixed025,hour,0.2,original_M0__top2,-7.0,-81.805,18.0
DE_LU_FR_BE,forecast_early_logit,fixed025,hour,0.25,original_M0__top2,61.75,-12.50625,86.25625
DE_LU_FR_BE,forecast_early_logit,fixed025,hour,0.5,original_M0__top2,405.5,334.475,431.5125
DE_LU_FR_BE,forecast_early_logit,fixed025,hour,1.0,original_M0__top2,1093.0,1022.975,1126.0
DE_LU_FR_BE,forecast_early_logit,count2022_cool6,process,0.0,original_M0__top2,-3.0,-11.0,7.024999999999977
DE_LU_FR_BE,forecast_early_logit,count2022_cool6,process,0.0005,original_M0__top2,-2.515,-10.516512500000001,7.518624999999979
DE_LU_FR_BE,forecast_early_logit,count2022_cool6,process,0.001,original_M0__top2,-2.0300000000000002,-10.033025,8.012249999999979
DE_LU_FR_BE,forecast_early_logit,count2022_cool6,process,0.0015,original_M0__top2,-1.545,-9.5495375,8.505874999999978
DE_LU_FR_BE,forecast_early_logit,count2022_cool6,process,0.002,original_M0__top2,-1.06,-9.06605,8.99949999999998
DE_LU_FR_BE,forecast_early_logit,count2022_cool6,process,0.0025,original_M0__top2,-0.5749999999999997,-8.5825625,9.493124999999981
DE_LU_FR_BE,forecast_early_logit,count2022_cool6,process,0.003,original_M0__top2,-0.08999999999999986,-8.099075000000001,9.986749999999983
DE_LU_FR_BE,forecast_early_logit,count2022_cool6,process,0.0035,original_M0__top2,0.395,-7.6155875,10.480374999999984
DE_LU_FR_BE,forecast_early_logit,count2022_cool6,process,0.004,original_M0__top2,0.8799999999999999,-7.132099999999999,10.973999999999982
DE_LU_FR_BE,forecast_early_logit,count2022_cool6,process,0.0045000000000000005,original_M0__top2,1.3650000000000002,-6.6486125,11.467624999999986
DE_LU_FR_BE,forecast_early_logit,count2022_cool6,process,0.005000000000000001,original_M0__top2,1.8500000000000005,-6.165124999999999,11.961249999999986
DE_LU_FR_BE,forecast_early_logit,count2022_cool6,process,0.0055,original_M0__top2,2.335,-5.681637500000001,12.454874999999985
DE_LU_FR_BE,forecast_early_logit,count2022_cool6,process,0.006,original_M0__top2,2.8200000000000003,-5.198149999999999,12.948499999999989
DE_LU_FR_BE,forecast_early_logit,count2022_cool6,process,0.006500000000000001,original_M0__top2,3.3050000000000006,-4.714662499999999,13.442124999999987
DE_LU_FR_BE,forecast_early_logit,count2022_cool6,process,0.007000000000000001,original_M0__top2,3.790000000000001,-4.231174999999999,13.93574999999999
DE_LU_FR_BE,forecast_early_logit,count2022_cool6,process,0.0075,original_M0__top2,4.2749999999999995,-3.7476875000000005,14.42937499999999
DE_LU_FR_BE,forecast_early_logit,count2022_cool6,process,0.008,original_M0__top2,4.76,-3.2642,14.92299999999999
DE_LU_FR_BE,forecast_early_logit,count2022_cool6,process,0.0085,original_M0__top2,5.245000000000001,-2.7807125,15.416624999999993
DE_LU_FR_BE,forecast_early_logit,count2022_cool6,process,0.009000000000000001,original_M0__top2,5.73,-2.2972249999999987,15.910249999999992
DE_LU_FR_BE,forecast_early_logit,count2022_cool6,process,0.009500000000000001,original_M0__top2,6.215000000000002,-1.8137374999999978,16.403874999999996
DE_LU_FR_BE,forecast_early_logit,count2022_cool6,process,0.01,original_M0__top2,6.700000000000001,-1.3302500000000002,16.897499999999994
DE_LU_FR_BE,forecast_early_logit,count2022_cool6,process,0.0105,original_M0__top2,7.1850000000000005,-0.8467624999999989,17.391124999999995
DE_LU_FR_BE,forecast_early_logit,count2022_cool6,process,0.011000000000000001,original_M0__top2,7.670000000000002,-0.3632749999999995,17.884749999999997
DE_LU_FR_BE,forecast_early_logit,count2022_cool6,process,0.0115,original_M0__top2,8.155,0.12021249999999985,18.378374999999995
DE_LU_FR_BE,forecast_early_logit,count2022_cool6,process,0.012,original_M0__top2,8.64,0.603700000000001,18.872
DE_LU_FR_BE,forecast_early_logit,count2022_cool6,process,0.0125,original_M0__top2,9.125,1.0871875000000004,19.365624999999998
DE_LU_FR_BE,forecast_early_logit,count2022_cool6,process,0.013000000000000001,original_M0__top2,9.610000000000001,1.5706750000000016,19.859249999999996
DE_LU_FR_BE,forecast_early_logit,count2022_cool6,process,0.013500000000000002,original_M0__top2,10.095000000000002,2.054162500000001,20.352875
DE_LU_FR_BE,forecast_early_logit,count2022_cool6,process,0.014,original_M0__top2,10.58,2.53765,20.8465
DE_LU_FR_BE,forecast_early_logit,count2022_cool6,process,0.0145,original_M0__top2,11.065000000000001,3.0211375000000014,21.325874999999996
DE_LU_FR_BE,forecast_early_logit,count2022_cool6,process,0.015,original_M0__top2,11.549999999999999,3.504624999999999,21.78625
DE_LU_FR_BE,forecast_early_logit,count2022_cool6,process,0.02,original_M0__top2,16.400000000000002,8.3395,26.601
DE_LU_FR_BE,forecast_early_logit,count2022_cool6,process,0.03,original_M0__top2,26.099999999999998,18.009249999999998,36.281
DE_LU_FR_BE,forecast_early_logit,count2022_cool6,process,0.05,original_M0__top2,45.5,37.29750000000001,55.4025
DE_LU_FR_BE,forecast_early_logit,count2022_cool6,process,0.1,original_M0__top2,94.0,84.6975,103.5025
DE_LU_FR_BE,forecast_early_logit,count2022_cool6,process,0.2,original_M0__top2,191.0,179.19500000000002,201.0
DE_LU_FR_BE,forecast_early_logit,count2022_cool6,process,0.25,original_M0__top2,239.5,225.25,250.50625
DE_LU_FR_BE,forecast_early_logit,count2022_cool6,process,0.5,original_M0__top2,482.0,457.5,498.0
DE_LU_FR_BE,forecast_early_logit,count2022_cool6,process,1.0,original_M0__top2,967.0,918.0,996.0
DE_LU_FR_BE,forecast_early_logit,count2022_cool6,hour,0.0,original_M0__top2,-96.0,-129.0,-77.0
DE_LU_FR_BE,forecast_early_logit,count2022_cool6,hour,0.0005,original_M0__top2,-95.515,-128.52367500000003,-76.514475
DE_LU_FR_BE,forecast_early_logit,count2022_cool6,hour,0.001,original_M0__top2,-95.03,-128.04735,-76.02895
DE_LU_FR_BE,forecast_early_logit,count2022_cool6,hour,0.0015,original_M0__top2,-94.545,-127.57102499999999,-75.543425
DE_LU_FR_BE,forecast_early_logit,count2022_cool6,hour,0.002,original_M0__top2,-94.06,-127.09469999999999,-75.0579
DE_LU_FR_BE,forecast_early_logit,count2022_cool6,hour,0.0025,original_M0__top2,-93.575,-126.618375,-74.57237500000001
DE_LU_FR_BE,forecast_early_logit,count2022_cool6,hour,0.003,original_M0__top2,-93.09,-126.14205000000001,-74.08685
DE_LU_FR_BE,forecast_early_logit,count2022_cool6,hour,0.0035,original_M0__top2,-92.605,-125.66572500000001,-73.601325
DE_LU_FR_BE,forecast_early_logit,count2022_cool6,hour,0.004,original_M0__top2,-92.12,-125.1894,-73.1158
DE_LU_FR_BE,forecast_early_logit,count2022_cool6,hour,0.0045000000000000005,original_M0__top2,-91.635,-124.713075,-72.630275
DE_LU_FR_BE,forecast_early_logit,count2022_cool6,hour,0.005000000000000001,original_M0__top2,-91.15,-124.23675,-72.14475
DE_LU_FR_BE,forecast_early_logit,count2022_cool6,hour,0.0055,original_M0__top2,-90.665,-123.760425,-71.65922499999999
DE_LU_FR_BE,forecast_early_logit,count2022_cool6,hour,0.006,original_M0__top2,-90.18,-123.2841,-71.17370000000001
DE_LU_FR_BE,forecast_early_logit,count2022_cool6,hour,0.006500000000000001,original_M0__top2,-89.695,-122.80777499999999,-70.688175
DE_LU_FR_BE,forecast_early_logit,count2022_cool6,hour,0.007000000000000001,original_M0__top2,-89.21,-122.33144999999999,-70.20265
DE_LU_FR_BE,forecast_early_logit,count2022_cool6,hour,0.0075,original_M0__top2,-88.725,-121.855125,-69.717125
DE_LU_FR_BE,forecast_early_logit,count2022_cool6,hour,0.008,original_M0__top2,-88.24,-121.3788,-69.2316
DE_LU_FR_BE,forecast_early_logit,count2022_cool6,hour,0.0085,original_M0__top2,-87.755,-120.90247500000001,-68.746075
DE_LU_FR_BE,forecast_early_logit,count2022_cool6,hour,0.009000000000000001,original_M0__top2,-87.27,-120.42615,-68.26055
DE_LU_FR_BE,forecast_early_logit,count2022_cool6,hour,0.009500000000000001,original_M0__top2,-86.785,-119.949825,-67.775025
DE_LU_FR_BE,forecast_early_logit,count2022_cool6,hour,0.01,original_M0__top2,-86.3,-119.4735,-67.28949999999999
DE_LU_FR_BE,forecast_early_logit,count2022_cool6,hour,0.0105,original_M0__top2,-85.815,-118.997175,-66.80397500000001
DE_LU_FR_BE,forecast_early_logit,count2022_cool6,hour,0.011000000000000001,original_M0__top2,-85.33,-118.52085,-66.31845
DE_LU_FR_BE,forecast_early_logit,count2022_cool6,hour,0.0115,original_M0__top2,-84.845,-118.044525,-65.832925
DE_LU_FR_BE,forecast_early_logit,count2022_cool6,hour,0.012,original_M0__top2,-84.36,-117.56819999999999,-65.3474
DE_LU_FR_BE,forecast_early_logit,count2022_cool6,hour,0.0125,original_M0__top2,-83.875,-117.091875,-64.861875
DE_LU_FR_BE,forecast_early_logit,count2022_cool6,hour,0.013000000000000001,original_M0__top2,-83.39,-116.61555,-64.37635
DE_LU_FR_BE,forecast_early_logit,count2022_cool6,hour,0.013500000000000002,original_M0__top2,-82.905,-116.139225,-63.890825
DE_LU_FR_BE,forecast_early_logit,count2022_cool6,hour,0.014,original_M0__top2,-82.42,-115.66290000000001,-63.4053
DE_LU_FR_BE,forecast_early_logit,count2022_cool6,hour,0.0145,original_M0__top2,-81.935,-115.186575,-62.919774999999994
DE_LU_FR_BE,forecast_early_logit,count2022_cool6,hour,0.015,original_M0__top2,-81.45,-114.71025,-62.434250000000006
DE_LU_FR_BE,forecast_early_logit,count2022_cool6,hour,0.02,original_M0__top2,-76.6,-109.9435,-57.6775
DE_LU_FR_BE,forecast_early_logit,count2022_cool6,hour,0.03,original_M0__top2,-66.9,-100.12725,-48.50375000000001
DE_LU_FR_BE,forecast_early_logit,count2022_cool6,hour,0.05,original_M0__top2,-47.5,-81.60499999999999,-29.327500000000015
DE_LU_FR_BE,forecast_early_logit,count2022_cool6,hour,0.1,original_M0__top2,1.0,-34.31999999999999,19.602500000000006
DE_LU_FR_BE,forecast_early_logit,count2022_cool6,hour,0.2,original_M0__top2,98.0,59.385000000000005,116.01499999999999
DE_LU_FR_BE,forecast_early_logit,count2022_cool6,hour,0.25,original_M0__top2,146.5,107.225,164.75625
DE_LU_FR_BE,forecast_early_logit,count2022_cool6,hour,0.5,original_M0__top2,389.0,340.5,409.5
DE_LU_FR_BE,forecast_early_logit,count2022_cool6,hour,1.0,original_M0__top2,874.0,805.975,906.0
DE_LU_FR_BE,forecast_early_logit,count2023_cool6,process,0.0,original_M0__top2,1.0,-7.0,12.0
DE_LU_FR_BE,forecast_early_logit,count2023_cool6,process,0.0005,original_M0__top2,1.4315,-6.5690125,12.415037499999999
DE_LU_FR_BE,forecast_early_logit,count2023_cool6,process,0.001,original_M0__top2,1.863,-6.138025,12.830075
DE_LU_FR_BE,forecast_early_logit,count2023_cool6,process,0.0015,original_M0__top2,2.2945,-5.7070375,13.245112500000001
DE_LU_FR_BE,forecast_early_logit,count2023_cool6,process,0.002,original_M0__top2,2.726,-5.27605,13.66015
DE_LU_FR_BE,forecast_early_logit,count2023_cool6,process,0.0025,original_M0__top2,3.1575,-4.8450625,14.075187499999998
DE_LU_FR_BE,forecast_early_logit,count2023_cool6,process,0.003,original_M0__top2,3.589,-4.4140749999999995,14.490225
DE_LU_FR_BE,forecast_early_logit,count2023_cool6,process,0.0035,original_M0__top2,4.0205,-3.9830875,14.905262500000001
DE_LU_FR_BE,forecast_early_logit,count2023_cool6,process,0.004,original_M0__top2,4.452,-3.5521000000000003,15.3203
DE_LU_FR_BE,forecast_early_logit,count2023_cool6,process,0.0045000000000000005,original_M0__top2,4.883500000000001,-3.1211124999999997,15.7353375
DE_LU_FR_BE,forecast_early_logit,count2023_cool6,process,0.005000000000000001,original_M0__top2,5.315000000000001,-2.6901249999999997,16.150375
DE_LU_FR_BE,forecast_early_logit,count2023_cool6,process,0.0055,original_M0__top2,5.7465,-2.2591375000000005,16.565412499999997
DE_LU_FR_BE,forecast_early_logit,count2023_cool6,process,0.006,original_M0__top2,6.178,-1.8281500000000002,16.98045
DE_LU_FR_BE,forecast_early_logit,count2023_cool6,process,0.006500000000000001,original_M0__top2,6.609500000000001,-1.3971624999999994,17.395487499999998
DE_LU_FR_BE,forecast_early_logit,count2023_cool6,process,0.007000000000000001,original_M0__top2,7.041000000000001,-0.9661749999999993,17.810525000000002
DE_LU_FR_BE,forecast_early_logit,count2023_cool6,process,0.0075,original_M0__top2,7.4725,-0.5351875000000001,18.225562500000002
DE_LU_FR_BE,forecast_early_logit,count2023_cool6,process,0.008,original_M0__top2,7.904,-0.10420000000000008,18.6406
DE_LU_FR_BE,forecast_early_logit,count2023_cool6,process,0.0085,original_M0__top2,8.3355,0.32678750000000084,19.0556375
DE_LU_FR_BE,forecast_early_logit,count2023_cool6,process,0.009000000000000001,original_M0__top2,8.767000000000001,0.7577750000000009,19.470675
DE_LU_FR_BE,forecast_early_logit,count2023_cool6,process,0.009500000000000001,original_M0__top2,9.198500000000001,1.1887625000000017,19.8857125
DE_LU_FR_BE,forecast_early_logit,count2023_cool6,process,0.01,original_M0__top2,9.63,1.619750000000001,20.30075
DE_LU_FR_BE,forecast_early_logit,count2023_cool6,process,0.0105,original_M0__top2,10.0615,2.0507375000000003,20.715787499999998
DE_LU_FR_BE,forecast_early_logit,count2023_cool6,process,0.011000000000000001,original_M0__top2,10.493,2.4817250000000013,21.130825
DE_LU_FR_BE,forecast_early_logit,count2023_cool6,process,0.0115,original_M0__top2,10.9245,2.9127125000000005,21.545862500000002
DE_LU_FR_BE,forecast_early_logit,count2023_cool6,process,0.012,original_M0__top2,11.356,3.3436999999999997,21.9609
DE_LU_FR_BE,forecast_early_logit,count2023_cool6,process,0.0125,original_M0__top2,11.787500000000001,3.7746875,22.3759375
DE_LU_FR_BE,forecast_early_logit,count2023_cool6,process,0.013000000000000001,original_M0__top2,12.219000000000001,4.205675000000001,22.790975
DE_LU_FR_BE,forecast_early_logit,count2023_cool6,process,0.013500000000000002,original_M0__top2,12.650500000000001,4.636662500000003,23.2060125
DE_LU_FR_BE,forecast_early_logit,count2023_cool6,process,0.014,original_M0__top2,13.082,5.0676499999999995,23.62105
DE_LU_FR_BE,forecast_early_logit,count2023_cool6,process,0.0145,original_M0__top2,13.5135,5.498637500000001,24.0360875
DE_LU_FR_BE,forecast_early_logit,count2023_cool6,process,0.015,original_M0__top2,13.945,5.929625,24.451124999999998
DE_LU_FR_BE,forecast_early_logit,count2023_cool6,process,0.02,original_M0__top2,18.26,10.279000000000002,28.6015
DE_LU_FR_BE,forecast_early_logit,count2023_cool6,process,0.03,original_M0__top2,26.89,18.869749999999996,36.951
DE_LU_FR_BE,forecast_early_logit,count2023_cool6,process,0.05,original_M0__top2,44.150000000000006,35.89875000000001,54.10125
DE_LU_FR_BE,forecast_early_logit,count2023_cool6,process,0.1,original_M0__top2,87.30000000000001,78.29750000000001,97.6075
DE_LU_FR_BE,forecast_early_logit,count2023_cool6,process,0.2,original_M0__top2,173.60000000000002,161.20000000000002,185.4
DE_LU_FR_BE,forecast_early_logit,count2023_cool6,process,0.25,original_M0__top2,216.75,202.5,229.75625
DE_LU_FR_BE,forecast_early_logit,count2023_cool6,process,0.5,original_M0__top2,432.5,407.4875,452.5
DE_LU_FR_BE,forecast_early_logit,count2023_cool6,process,1.0,original_M0__top2,864.0,812.975,900.0
DE_LU_FR_BE,forecast_early_logit,count2023_cool6,hour,0.0,original_M0__top2,-79.0,-110.0,-59.97500000000002
DE_LU_FR_BE,forecast_early_logit,count2023_cool6,hour,0.0005,original_M0__top2,-78.5685,-109.5820875,-59.53592500000003
DE_LU_FR_BE,forecast_early_logit,count2023_cool6,hour,0.001,original_M0__top2,-78.137,-109.164175,-59.09685000000002
DE_LU_FR_BE,forecast_early_logit,count2023_cool6,hour,0.0015,original_M0__top2,-77.7055,-108.7462625,-58.65777500000002
DE_LU_FR_BE,forecast_early_logit,count2023_cool6,hour,0.002,original_M0__top2,-77.274,-108.32835,-58.21870000000002
DE_LU_FR_BE,forecast_early_logit,count2023_cool6,hour,0.0025,original_M0__top2,-76.8425,-107.9104375,-57.77962500000002
DE_LU_FR_BE,forecast_early_logit,count2023_cool6,hour,0.003,original_M0__top2,-76.411,-107.492525,-57.340550000000015
DE_LU_FR_BE,forecast_early_logit,count2023_cool6,hour,0.0035,original_M0__top2,-75.9795,-107.0746125,-56.90147500000002
DE_LU_FR_BE,forecast_early_logit,count2023_cool6,hour,0.004,original_M0__top2,-75.548,-106.6567,-56.46240000000001
DE_LU_FR_BE,forecast_early_logit,count2023_cool6,hour,0.0045000000000000005,original_M0__top2,-75.1165,-106.2387875,-56.023325000000014
DE_LU_FR_BE,forecast_early_logit,count2023_cool6,hour,0.005000000000000001,original_M0__top2,-74.685,-105.82087499999999,-55.58425000000002
DE_LU_FR_BE,forecast_early_logit,count2023_cool6,hour,0.0055,original_M0__top2,-74.2535,-105.4029625,-55.14517500000001
DE_LU_FR_BE,forecast_early_logit,count2023_cool6,hour,0.006,original_M0__top2,-73.822,-104.98505,-54.70610000000001
DE_LU_FR_BE,forecast_early_logit,count2023_cool6,hour,0.006500000000000001,original_M0__top2,-73.3905,-104.5671375,-54.26702500000001
DE_LU_FR_BE,forecast_early_logit,count2023_cool6,hour,0.007000000000000001,original_M0__top2,-72.959,-104.149225,-53.82795000000001
DE_LU_FR_BE,forecast_early_logit,count2023_cool6,hour,0.0075,original_M0__top2,-72.5275,-103.7313125,-53.388875000000006
DE_LU_FR_BE,forecast_early_logit,count2023_cool6,hour,0.008,original_M0__top2,-72.096,-103.3134,-52.94980000000001
DE_LU_FR_BE,forecast_early_logit,count2023_cool6,hour,0.0085,original_M0__top2,-71.6645,-102.8954875,-52.51072500000001
DE_LU_FR_BE,forecast_early_logit,count2023_cool6,hour,0.009000000000000001,original_M0__top2,-71.233,-102.477575,-52.071650000000005
DE_LU_FR_BE,forecast_early_logit,count2023_cool6,hour,0.009500000000000001,original_M0__top2,-70.8015,-102.05966249999999,-51.63257500000001
DE_LU_FR_BE,forecast_early_logit,count2023_cool6,hour,0.01,original_M0__top2,-70.37,-101.64175,-51.19350000000001
DE_LU_FR_BE,forecast_early_logit,count2023_cool6,hour,0.0105,original_M0__top2,-69.9385,-101.22383749999999,-50.754425000000005
DE_LU_FR_BE,forecast_early_logit,count2023_cool6,hour,0.011000000000000001,original_M0__top2,-69.507,-100.805925,-50.31535
DE_LU_FR_BE,forecast_early_logit,count2023_cool6,hour,0.0115,original_M0__top2,-69.0755,-100.3880125,-49.87627500000001
DE_LU_FR_BE,forecast_early_logit,count2023_cool6,hour,0.012,original_M0__top2,-68.644,-99.9701,-49.4372
DE_LU_FR_BE,forecast_early_logit,count2023_cool6,hour,0.0125,original_M0__top2,-68.2125,-99.5521875,-48.998125
DE_LU_FR_BE,forecast_early_logit,count2023_cool6,hour,0.013000000000000001,original_M0__top2,-67.781,-99.134275,-48.559050000000006
DE_LU_FR_BE,forecast_early_logit,count2023_cool6,hour,0.013500000000000002,original_M0__top2,-67.3495,-98.7163625,-48.119975
DE_LU_FR_BE,forecast_early_logit,count2023_cool6,hour,0.014,original_M0__top2,-66.918,-98.29844999999999,-47.7151
DE_LU_FR_BE,forecast_early_logit,count2023_cool6,hour,0.0145,original_M0__top2,-66.4865,-97.8805375,-47.3106875
DE_LU_FR_BE,forecast_early_logit,count2023_cool6,hour,0.015,original_M0__top2,-66.055,-97.462625,-46.873125
DE_LU_FR_BE,forecast_early_logit,count2023_cool6,hour,0.02,original_M0__top2,-61.739999999999995,-93.2835,-42.4975
DE_LU_FR_BE,forecast_early_logit,count2023_cool6,hour,0.03,original_M0__top2,-53.11,-84.63225,-33.828
DE_LU_FR_BE,forecast_early_logit,count2023_cool6,hour,0.05,original_M0__top2,-35.849999999999994,-67.44999999999999,-16.646250000000002
DE_LU_FR_BE,forecast_early_logit,count2023_cool6,hour,0.1,original_M0__top2,7.300000000000011,-25.40999999999999,25.9075
DE_LU_FR_BE,forecast_early_logit,count2023_cool6,hour,0.2,original_M0__top2,93.60000000000002,58.995,112.20500000000001
DE_LU_FR_BE,forecast_early_logit,count2023_cool6,hour,0.25,original_M0__top2,136.75,100.5,155.50625
DE_LU_FR_BE,forecast_early_logit,count2023_cool6,hour,0.5,original_M0__top2,352.5,307.4875,377.5
DE_LU_FR_BE,forecast_early_logit,count2023_cool6,hour,1.0,original_M0__top2,784.0,718.0,825.0
DE_LU_FR_BE,forecast_hour_logit,top1,process,0.0,original_M0__top2,-7.0,-15.0,0.0
DE_LU_FR_BE,forecast_hour_logit,top1,process,0.0005,original_M0__top2,-6.6375,-14.638,0.362
DE_LU_FR_BE,forecast_hour_logit,top1,process,0.001,original_M0__top2,-6.275,-14.276,0.724
DE_LU_FR_BE,forecast_hour_logit,top1,process,0.0015,original_M0__top2,-5.9125,-13.914,1.086
DE_LU_FR_BE,forecast_hour_logit,top1,process,0.002,original_M0__top2,-5.55,-13.552,1.448
DE_LU_FR_BE,forecast_hour_logit,top1,process,0.0025,original_M0__top2,-5.1875,-13.19,1.81
DE_LU_FR_BE,forecast_hour_logit,top1,process,0.003,original_M0__top2,-4.824999999999999,-12.828,2.172
DE_LU_FR_BE,forecast_hour_logit,top1,process,0.0035,original_M0__top2,-4.4625,-12.466,2.5340000000000003
DE_LU_FR_BE,forecast_hour_logit,top1,process,0.004,original_M0__top2,-4.1,-12.104,2.896
DE_LU_FR_BE,forecast_hour_logit,top1,process,0.0045000000000000005,original_M0__top2,-3.7375,-11.741999999999999,3.2580000000000005
DE_LU_FR_BE,forecast_hour_logit,top1,process,0.005000000000000001,original_M0__top2,-3.374999999999999,-11.379999999999999,3.6200000000000006
DE_LU_FR_BE,forecast_hour_logit,top1,process,0.0055,original_M0__top2,-3.0125,-11.018,3.9819999999999998
DE_LU_FR_BE,forecast_hour_logit,top1,process,0.006,original_M0__top2,-2.6499999999999995,-10.655999999999999,4.344
DE_LU_FR_BE,forecast_hour_logit,top1,process,0.006500000000000001,original_M0__top2,-2.2874999999999996,-10.294,4.706
DE_LU_FR_BE,forecast_hour_logit,top1,process,0.007000000000000001,original_M0__top2,-1.924999999999999,-9.931999999999999,5.0680000000000005
DE_LU_FR_BE,forecast_hour_logit,top1,process,0.0075,original_M0__top2,-1.5625,-9.57,5.43
DE_LU_FR_BE,forecast_hour_logit,top1,process,0.008,original_M0__top2,-1.2000000000000002,-9.208,5.792
DE_LU_FR_BE,forecast_hour_logit,top1,process,0.0085,original_M0__top2,-0.8374999999999995,-8.846,6.154000000000001
DE_LU_FR_BE,forecast_hour_logit,top1,process,0.009000000000000001,original_M0__top2,-0.47499999999999964,-8.483999999999998,6.516000000000001
DE_LU_FR_BE,forecast_hour_logit,top1,process,0.009500000000000001,original_M0__top2,-0.11249999999999893,-8.122,6.878000000000001
DE_LU_FR_BE,forecast_hour_logit,top1,process,0.01,original_M0__top2,0.25,-7.76,7.24
DE_LU_FR_BE,forecast_hour_logit,top1,process,0.0105,original_M0__top2,0.6125000000000007,-7.398,7.602
DE_LU_FR_BE,forecast_hour_logit,top1,process,0.011000000000000001,original_M0__top2,0.9750000000000005,-7.036,7.964
DE_LU_FR_BE,forecast_hour_logit,top1,process,0.0115,original_M0__top2,1.3375000000000004,-6.6739999999999995,8.326
DE_LU_FR_BE,forecast_hour_logit,top1,process,0.012,original_M0__top2,1.700000000000001,-6.311999999999999,8.688
DE_LU_FR_BE,forecast_hour_logit,top1,process,0.0125,original_M0__top2,2.0625,-5.949999999999999,9.05
DE_LU_FR_BE,forecast_hour_logit,top1,process,0.013000000000000001,original_M0__top2,2.4250000000000007,-5.587999999999999,9.412
DE_LU_FR_BE,forecast_hour_logit,top1,process,0.013500000000000002,original_M0__top2,2.7875000000000014,-5.225999999999999,9.774000000000001
DE_LU_FR_BE,forecast_hour_logit,top1,process,0.014,original_M0__top2,3.1500000000000004,-4.863999999999999,10.136000000000001
DE_LU_FR_BE,forecast_hour_logit,top1,process,0.0145,original_M0__top2,3.512500000000001,-4.501999999999999,10.498000000000001
DE_LU_FR_BE,forecast_hour_logit,top1,process,0.015,original_M0__top2,3.875,-4.140000000000001,10.86
DE_LU_FR_BE,forecast_hour_logit,top1,process,0.02,original_M0__top2,7.5,-0.5199999999999996,14.48
DE_LU_FR_BE,forecast_hour_logit,top1,process,0.03,original_M0__top2,14.75,6.719999999999999,21.72
DE_LU_FR_BE,forecast_hour_logit,top1,process,0.05,original_M0__top2,29.25,21.200000000000003,36.2
DE_LU_FR_BE,forecast_hour_logit,top1,process,0.1,original_M0__top2,65.5,57.400000000000006,72.4
DE_LU_FR_BE,forecast_hour_logit,top1,process,0.2,original_M0__top2,138.0,129.6,144.8
DE_LU_FR_BE,forecast_hour_logit,top1,process,0.25,original_M0__top2,174.25,165.75,181.0
DE_LU_FR_BE,forecast_hour_logit,top1,process,0.5,original_M0__top2,355.5,346.5,362.5
DE_LU_FR_BE,forecast_hour_logit,top1,process,1.0,original_M0__top2,718.0,708.0,725.0
DE_LU_FR_BE,forecast_hour_logit,top1,hour,0.0,original_M0__top2,-159.0,-195.0,-142.0
DE_LU_FR_BE,forecast_hour_logit,top1,hour,0.0005,original_M0__top2,-158.6375,-194.6390125,-141.63897500000002
DE_LU_FR_BE,forecast_hour_logit,top1,hour,0.001,original_M0__top2,-158.275,-194.27802499999999,-141.27795
DE_LU_FR_BE,forecast_hour_logit,top1,hour,0.0015,original_M0__top2,-157.9125,-193.9170375,-140.916925
DE_LU_FR_BE,forecast_hour_logit,top1,hour,0.002,original_M0__top2,-157.55,-193.55605,-140.5559
DE_LU_FR_BE,forecast_hour_logit,top1,hour,0.0025,original_M0__top2,-157.1875,-193.1950625,-140.194875
DE_LU_FR_BE,forecast_hour_logit,top1,hour,0.003,original_M0__top2,-156.825,-192.834075,-139.83385
DE_LU_FR_BE,forecast_hour_logit,top1,hour,0.0035,original_M0__top2,-156.4625,-192.47308750000002,-139.472825
DE_LU_FR_BE,forecast_hour_logit,top1,hour,0.004,original_M0__top2,-156.1,-192.1121,-139.1118
DE_LU_FR_BE,forecast_hour_logit,top1,hour,0.0045000000000000005,original_M0__top2,-155.7375,-191.7511125,-138.750775
DE_LU_FR_BE,forecast_hour_logit,top1,hour,0.005000000000000001,original_M0__top2,-155.375,-191.39012499999998,-138.38975
DE_LU_FR_BE,forecast_hour_logit,top1,hour,0.0055,original_M0__top2,-155.0125,-191.0291375,-138.028725
DE_LU_FR_BE,forecast_hour_logit,top1,hour,0.006,original_M0__top2,-154.65,-190.66815,-137.6677
DE_LU_FR_BE,forecast_hour_logit,top1,hour,0.006500000000000001,original_M0__top2,-154.2875,-190.30716249999998,-137.30667499999998
DE_LU_FR_BE,forecast_hour_logit,top1,hour,0.007000000000000001,original_M0__top2,-153.925,-189.946175,-136.94565
DE_LU_FR_BE,forecast_hour_logit,top1,hour,0.0075,original_M0__top2,-153.5625,-189.58518750000002,-136.58462500000002
DE_LU_FR_BE,forecast_hour_logit,top1,hour,0.008,original_M0__top2,-153.2,-189.2242,-136.22359999999998
DE_LU_FR_BE,forecast_hour_logit,top1,hour,0.0085,original_M0__top2,-152.8375,-188.8632125,-135.862575
DE_LU_FR_BE,forecast_hour_logit,top1,hour,0.009000000000000001,original_M0__top2,-152.475,-188.502225,-135.50155
DE_LU_FR_BE,forecast_hour_logit,top1,hour,0.009500000000000001,original_M0__top2,-152.1125,-188.1412375,-135.140525
DE_LU_FR_BE,forecast_hour_logit,top1,hour,0.01,original_M0__top2,-151.75,-187.78025,-134.7795
DE_LU_FR_BE,forecast_hour_logit,top1,hour,0.0105,original_M0__top2,-151.3875,-187.4192625,-134.418475
DE_LU_FR_BE,forecast_hour_logit,top1,hour,0.011000000000000001,original_M0__top2,-151.025,-187.05827499999998,-134.05745
DE_LU_FR_BE,forecast_hour_logit,top1,hour,0.0115,original_M0__top2,-150.6625,-186.69728750000002,-133.696425
DE_LU_FR_BE,forecast_hour_logit,top1,hour,0.012,original_M0__top2,-150.3,-186.33630000000002,-133.33540000000002
DE_LU_FR_BE,forecast_hour_logit,top1,hour,0.0125,original_M0__top2,-149.9375,-185.9753125,-132.97437499999998
DE_LU_FR_BE,forecast_hour_logit,top1,hour,0.013000000000000001,original_M0__top2,-149.575,-185.614325,-132.61335
DE_LU_FR_BE,forecast_hour_logit,top1,hour,0.013500000000000002,original_M0__top2,-149.2125,-185.2533375,-132.25232499999998
DE_LU_FR_BE,forecast_hour_logit,top1,hour,0.014,original_M0__top2,-148.85,-184.89235,-131.8913
DE_LU_FR_BE,forecast_hour_logit,top1,hour,0.0145,original_M0__top2,-148.4875,-184.5313625,-131.53027500000002
DE_LU_FR_BE,forecast_hour_logit,top1,hour,0.015,original_M0__top2,-148.125,-184.17037499999998,-131.16924999999998
DE_LU_FR_BE,forecast_hour_logit,top1,hour,0.02,original_M0__top2,-144.5,-180.5605,-127.559
DE_LU_FR_BE,forecast_hour_logit,top1,hour,0.03,original_M0__top2,-137.25,-173.34075,-120.33850000000001
DE_LU_FR_BE,forecast_hour_logit,top1,hour,0.05,original_M0__top2,-122.75,-158.90125,-105.89750000000001
DE_LU_FR_BE,forecast_hour_logit,top1,hour,0.1,original_M0__top2,-86.5,-122.8025,-69.795
DE_LU_FR_BE,forecast_hour_logit,top1,hour,0.2,original_M0__top2,-14.0,-50.599999999999994,2.4099999999999966
DE_LU_FR_BE,forecast_hour_logit,top1,hour,0.25,original_M0__top2,22.25,-14.25,38.51249999999999
DE_LU_FR_BE,forecast_hour_logit,top1,hour,0.5,original_M0__top2,203.5,167.4875,220.0
DE_LU_FR_BE,forecast_hour_logit,top1,hour,1.0,original_M0__top2,566.0,528.975,581.0
DE_LU_FR_BE,forecast_hour_logit,top2,process,0.0,original_M0__top2,3.0,-3.0,9.0
DE_LU_FR_BE,forecast_hour_logit,top2,process,0.0005,original_M0__top2,3.0,-3.0,9.0
DE_LU_FR_BE,forecast_hour_logit,top2,process,0.001,original_M0__top2,3.0,-3.0,9.0
DE_LU_FR_BE,forecast_hour_logit,top2,process,0.0015,original_M0__top2,3.0,-3.0,9.0
DE_LU_FR_BE,forecast_hour_logit,top2,process,0.002,original_M0__top2,3.0,-3.0,9.0
DE_LU_FR_BE,forecast_hour_logit,top2,process,0.0025,original_M0__top2,3.0,-3.0,9.0
DE_LU_FR_BE,forecast_hour_logit,top2,process,0.003,original_M0__top2,3.0,-3.0,9.0
DE_LU_FR_BE,forecast_hour_logit,top2,process,0.0035,original_M0__top2,3.0,-3.0,9.0
DE_LU_FR_BE,forecast_hour_logit,top2,process,0.004,original_M0__top2,3.0,-3.0,9.0
DE_LU_FR_BE,forecast_hour_logit,top2,process,0.0045000000000000005,original_M0__top2,3.0,-3.0,9.0
DE_LU_FR_BE,forecast_hour_logit,top2,process,0.005000000000000001,original_M0__top2,3.0,-3.0,9.0
DE_LU_FR_BE,forecast_hour_logit,top2,process,0.0055,original_M0__top2,3.0,-3.0,9.0
DE_LU_FR_BE,forecast_hour_logit,top2,process,0.006,original_M0__top2,3.0,-3.0,9.0
DE_LU_FR_BE,forecast_hour_logit,top2,process,0.006500000000000001,original_M0__top2,3.0,-3.0,9.0
DE_LU_FR_BE,forecast_hour_logit,top2,process,0.007000000000000001,original_M0__top2,3.0,-3.0,9.0
DE_LU_FR_BE,forecast_hour_logit,top2,process,0.0075,original_M0__top2,3.0,-3.0,9.0
DE_LU_FR_BE,forecast_hour_logit,top2,process,0.008,original_M0__top2,3.0,-3.0,9.0
DE_LU_FR_BE,forecast_hour_logit,top2,process,0.0085,original_M0__top2,3.0,-3.0,9.0
DE_LU_FR_BE,forecast_hour_logit,top2,process,0.009000000000000001,original_M0__top2,3.0,-3.0,9.0
DE_LU_FR_BE,forecast_hour_logit,top2,process,0.009500000000000001,original_M0__top2,3.0,-3.0,9.0
DE_LU_FR_BE,forecast_hour_logit,top2,process,0.01,original_M0__top2,3.0,-3.0,9.0
DE_LU_FR_BE,forecast_hour_logit,top2,process,0.0105,original_M0__top2,3.0,-3.0,9.0
DE_LU_FR_BE,forecast_hour_logit,top2,process,0.011000000000000001,original_M0__top2,3.0,-3.0,9.0
DE_LU_FR_BE,forecast_hour_logit,top2,process,0.0115,original_M0__top2,3.0,-3.0,9.0
DE_LU_FR_BE,forecast_hour_logit,top2,process,0.012,original_M0__top2,3.0,-3.0,9.0
DE_LU_FR_BE,forecast_hour_logit,top2,process,0.0125,original_M0__top2,3.0,-3.0,9.0
DE_LU_FR_BE,forecast_hour_logit,top2,process,0.013000000000000001,original_M0__top2,3.0,-3.0,9.0
DE_LU_FR_BE,forecast_hour_logit,top2,process,0.013500000000000002,original_M0__top2,3.0,-3.0,9.0
DE_LU_FR_BE,forecast_hour_logit,top2,process,0.014,original_M0__top2,3.0,-3.0,9.0
DE_LU_FR_BE,forecast_hour_logit,top2,process,0.0145,original_M0__top2,3.0,-3.0,9.0
DE_LU_FR_BE,forecast_hour_logit,top2,process,0.015,original_M0__top2,3.0,-3.0,9.0
DE_LU_FR_BE,forecast_hour_logit,top2,process,0.02,original_M0__top2,3.0,-3.0,9.0
DE_LU_FR_BE,forecast_hour_logit,top2,process,0.03,original_M0__top2,3.0,-3.0,9.0
DE_LU_FR_BE,forecast_hour_logit,top2,process,0.05,original_M0__top2,3.0,-3.0,9.0
DE_LU_FR_BE,forecast_hour_logit,top2,process,0.1,original_M0__top2,3.0,-3.0,9.0
DE_LU_FR_BE,forecast_hour_logit,top2,process,0.2,original_M0__top2,3.0,-3.0,9.0
DE_LU_FR_BE,forecast_hour_logit,top2,process,0.25,original_M0__top2,3.0,-3.0,9.0
DE_LU_FR_BE,forecast_hour_logit,top2,process,0.5,original_M0__top2,3.0,-3.0,9.0
DE_LU_FR_BE,forecast_hour_logit,top2,process,1.0,original_M0__top2,3.0,-3.0,9.0
DE_LU_FR_BE,forecast_hour_logit,top2,hour,0.0,original_M0__top2,8.0,-6.0,23.024999999999977
DE_LU_FR_BE,forecast_hour_logit,top2,hour,0.0005,original_M0__top2,8.0,-6.0,23.024999999999977
DE_LU_FR_BE,forecast_hour_logit,top2,hour,0.001,original_M0__top2,8.0,-6.0,23.024999999999977
DE_LU_FR_BE,forecast_hour_logit,top2,hour,0.0015,original_M0__top2,8.0,-6.0,23.024999999999977
DE_LU_FR_BE,forecast_hour_logit,top2,hour,0.002,original_M0__top2,8.0,-6.0,23.024999999999977
DE_LU_FR_BE,forecast_hour_logit,top2,hour,0.0025,original_M0__top2,8.0,-6.0,23.024999999999977
DE_LU_FR_BE,forecast_hour_logit,top2,hour,0.003,original_M0__top2,8.0,-6.0,23.024999999999977
DE_LU_FR_BE,forecast_hour_logit,top2,hour,0.0035,original_M0__top2,8.0,-6.0,23.024999999999977
DE_LU_FR_BE,forecast_hour_logit,top2,hour,0.004,original_M0__top2,8.0,-6.0,23.024999999999977
DE_LU_FR_BE,forecast_hour_logit,top2,hour,0.0045000000000000005,original_M0__top2,8.0,-6.0,23.024999999999977
DE_LU_FR_BE,forecast_hour_logit,top2,hour,0.005000000000000001,original_M0__top2,8.0,-6.0,23.024999999999977
DE_LU_FR_BE,forecast_hour_logit,top2,hour,0.0055,original_M0__top2,8.0,-6.0,23.024999999999977
DE_LU_FR_BE,forecast_hour_logit,top2,hour,0.006,original_M0__top2,8.0,-6.0,23.024999999999977
DE_LU_FR_BE,forecast_hour_logit,top2,hour,0.006500000000000001,original_M0__top2,8.0,-6.0,23.024999999999977
DE_LU_FR_BE,forecast_hour_logit,top2,hour,0.007000000000000001,original_M0__top2,8.0,-6.0,23.024999999999977
DE_LU_FR_BE,forecast_hour_logit,top2,hour,0.0075,original_M0__top2,8.0,-6.0,23.024999999999977
DE_LU_FR_BE,forecast_hour_logit,top2,hour,0.008,original_M0__top2,8.0,-6.0,23.024999999999977
DE_LU_FR_BE,forecast_hour_logit,top2,hour,0.0085,original_M0__top2,8.0,-6.0,23.024999999999977
DE_LU_FR_BE,forecast_hour_logit,top2,hour,0.009000000000000001,original_M0__top2,8.0,-6.0,23.024999999999977
DE_LU_FR_BE,forecast_hour_logit,top2,hour,0.009500000000000001,original_M0__top2,8.0,-6.0,23.024999999999977
DE_LU_FR_BE,forecast_hour_logit,top2,hour,0.01,original_M0__top2,8.0,-6.0,23.024999999999977
DE_LU_FR_BE,forecast_hour_logit,top2,hour,0.0105,original_M0__top2,8.0,-6.0,23.024999999999977
DE_LU_FR_BE,forecast_hour_logit,top2,hour,0.011000000000000001,original_M0__top2,8.0,-6.0,23.024999999999977
DE_LU_FR_BE,forecast_hour_logit,top2,hour,0.0115,original_M0__top2,8.0,-6.0,23.024999999999977
DE_LU_FR_BE,forecast_hour_logit,top2,hour,0.012,original_M0__top2,8.0,-6.0,23.024999999999977
DE_LU_FR_BE,forecast_hour_logit,top2,hour,0.0125,original_M0__top2,8.0,-6.0,23.024999999999977
DE_LU_FR_BE,forecast_hour_logit,top2,hour,0.013000000000000001,original_M0__top2,8.0,-6.0,23.024999999999977
DE_LU_FR_BE,forecast_hour_logit,top2,hour,0.013500000000000002,original_M0__top2,8.0,-6.0,23.024999999999977
DE_LU_FR_BE,forecast_hour_logit,top2,hour,0.014,original_M0__top2,8.0,-6.0,23.024999999999977
DE_LU_FR_BE,forecast_hour_logit,top2,hour,0.0145,original_M0__top2,8.0,-6.0,23.024999999999977
DE_LU_FR_BE,forecast_hour_logit,top2,hour,0.015,original_M0__top2,8.0,-6.0,23.024999999999977
DE_LU_FR_BE,forecast_hour_logit,top2,hour,0.02,original_M0__top2,8.0,-6.0,23.024999999999977
DE_LU_FR_BE,forecast_hour_logit,top2,hour,0.03,original_M0__top2,8.0,-6.0,23.024999999999977
DE_LU_FR_BE,forecast_hour_logit,top2,hour,0.05,original_M0__top2,8.0,-6.0,23.024999999999977
DE_LU_FR_BE,forecast_hour_logit,top2,hour,0.1,original_M0__top2,8.0,-6.0,23.024999999999977
DE_LU_FR_BE,forecast_hour_logit,top2,hour,0.2,original_M0__top2,8.0,-6.0,23.024999999999977
DE_LU_FR_BE,forecast_hour_logit,top2,hour,0.25,original_M0__top2,8.0,-6.0,23.024999999999977
DE_LU_FR_BE,forecast_hour_logit,top2,hour,0.5,original_M0__top2,8.0,-6.0,23.024999999999977
DE_LU_FR_BE,forecast_hour_logit,top2,hour,1.0,original_M0__top2,8.0,-6.0,23.024999999999977
DE_LU_FR_BE,forecast_hour_logit,count2022_target05,process,0.0,original_M0__top2,1.0,-5.0,8.0
DE_LU_FR_BE,forecast_hour_logit,count2022_target05,process,0.0005,original_M0__top2,1.3559999999999999,-4.666062500000001,8.352
DE_LU_FR_BE,forecast_hour_logit,count2022_target05,process,0.001,original_M0__top2,1.712,-4.332125,8.704
DE_LU_FR_BE,forecast_hour_logit,count2022_target05,process,0.0015,original_M0__top2,2.068,-3.9981875000000002,9.056000000000001
DE_LU_FR_BE,forecast_hour_logit,count2022_target05,process,0.002,original_M0__top2,2.424,-3.6642499999999996,9.408
DE_LU_FR_BE,forecast_hour_logit,count2022_target05,process,0.0025,original_M0__top2,2.7800000000000002,-3.3303125000000002,9.76
DE_LU_FR_BE,forecast_hour_logit,count2022_target05,process,0.003,original_M0__top2,3.136,-2.996375,10.112
DE_LU_FR_BE,forecast_hour_logit,count2022_target05,process,0.0035,original_M0__top2,3.492,-2.6624375,10.464
DE_LU_FR_BE,forecast_hour_logit,count2022_target05,process,0.004,original_M0__top2,3.848,-2.3285,10.815999999999999
DE_LU_FR_BE,forecast_hour_logit,count2022_target05,process,0.0045000000000000005,original_M0__top2,4.204000000000001,-1.9945624999999998,11.168
DE_LU_FR_BE,forecast_hour_logit,count2022_target05,process,0.005000000000000001,original_M0__top2,4.5600000000000005,-1.6606249999999991,11.52
DE_LU_FR_BE,forecast_hour_logit,count2022_target05,process,0.0055,original_M0__top2,4.916,-1.3266875,11.872
DE_LU_FR_BE,forecast_hour_logit,count2022_target05,process,0.006,original_M0__top2,5.272,-0.9927499999999999,12.224
DE_LU_FR_BE,forecast_hour_logit,count2022_target05,process,0.006500000000000001,original_M0__top2,5.628,-0.6588124999999995,12.576
DE_LU_FR_BE,forecast_hour_logit,count2022_target05,process,0.007000000000000001,original_M0__top2,5.984000000000001,-0.3248749999999989,12.928
DE_LU_FR_BE,forecast_hour_logit,count2022_target05,process,0.0075,original_M0__top2,6.34,0.009062499999999848,13.28
DE_LU_FR_BE,forecast_hour_logit,count2022_target05,process,0.008,original_M0__top2,6.696,0.34300000000000036,13.632
DE_LU_FR_BE,forecast_hour_logit,count2022_target05,process,0.0085,original_M0__top2,7.0520000000000005,0.6769375000000009,13.984
DE_LU_FR_BE,forecast_hour_logit,count2022_target05,process,0.009000000000000001,original_M0__top2,7.408,1.0108750000000004,14.336
DE_LU_FR_BE,forecast_hour_logit,count2022_target05,process,0.009500000000000001,original_M0__top2,7.764000000000001,1.344812500000001,14.688
DE_LU_FR_BE,forecast_hour_logit,count2022_target05,process,0.01,original_M0__top2,8.120000000000001,1.6787499999999997,15.04
DE_LU_FR_BE,forecast_hour_logit,count2022_target05,process,0.0105,original_M0__top2,8.476,2.0126875,15.392
DE_LU_FR_BE,forecast_hour_logit,count2022_target05,process,0.011000000000000001,original_M0__top2,8.832,2.346625000000001,15.744
DE_LU_FR_BE,forecast_hour_logit,count2022_target05,process,0.0115,original_M0__top2,9.188,2.6805624999999997,16.096
DE_LU_FR_BE,forecast_hour_logit,count2022_target05,process,0.012,original_M0__top2,9.544,3.0153,16.448
DE_LU_FR_BE,forecast_hour_logit,count2022_target05,process,0.0125,original_M0__top2,9.9,3.3621875000000006,16.8
DE_LU_FR_BE,forecast_hour_logit,count2022_target05,process,0.013000000000000001,original_M0__top2,10.256,3.735675,17.152
DE_LU_FR_BE,forecast_hour_logit,count2022_target05,process,0.013500000000000002,original_M0__top2,10.612000000000002,4.083812500000001,17.504
DE_LU_FR_BE,forecast_hour_logit,count2022_target05,process,0.014,original_M0__top2,10.968,4.420250000000001,17.856
DE_LU_FR_BE,forecast_hour_logit,count2022_target05,process,0.0145,original_M0__top2,11.324,4.7566875,18.207512500000004
DE_LU_FR_BE,forecast_hour_logit,count2022_target05,process,0.015,original_M0__top2,11.68,5.093124999999999,18.53075
DE_LU_FR_BE,forecast_hour_logit,count2022_target05,process,0.02,original_M0__top2,15.24,8.4585,22.0205
DE_LU_FR_BE,forecast_hour_logit,count2022_target05,process,0.03,original_M0__top2,22.36,15.509249999999998,29.040499999999998
DE_LU_FR_BE,forecast_hour_logit,count2022_target05,process,0.05,original_M0__top2,36.6,29.450000000000003,43.20375
DE_LU_FR_BE,forecast_hour_logit,count2022_target05,process,0.1,original_M0__top2,72.2,63.89750000000001,79.7
DE_LU_FR_BE,forecast_hour_logit,count2022_target05,process,0.2,original_M0__top2,143.4,131.8,153.005
DE_LU_FR_BE,forecast_hour_logit,count2022_target05,process,0.25,original_M0__top2,179.0,165.25,190.5
DE_LU_FR_BE,forecast_hour_logit,count2022_target05,process,0.5,original_M0__top2,357.0,331.4875,378.0
DE_LU_FR_BE,forecast_hour_logit,count2022_target05,process,1.0,original_M0__top2,713.0,659.975,754.0
DE_LU_FR_BE,forecast_hour_logit,count2022_target05,hour,0.0,original_M0__top2,-6.0,-25.0,12.0
DE_LU_FR_BE,forecast_hour_logit,count2022_target05,hour,0.0005,original_M0__top2,-5.644,-24.6375375,12.3550375
DE_LU_FR_BE,forecast_hour_logit,count2022_target05,hour,0.001,original_M0__top2,-5.288,-24.275074999999998,12.710075000000002
DE_LU_FR_BE,forecast_hour_logit,count2022_target05,hour,0.0015,original_M0__top2,-4.932,-23.9126125,13.0651125
DE_LU_FR_BE,forecast_hour_logit,count2022_target05,hour,0.002,original_M0__top2,-4.5760000000000005,-23.550150000000002,13.42015
DE_LU_FR_BE,forecast_hour_logit,count2022_target05,hour,0.0025,original_M0__top2,-4.22,-23.1876875,13.7751875
DE_LU_FR_BE,forecast_hour_logit,count2022_target05,hour,0.003,original_M0__top2,-3.864,-22.825225,14.130225
DE_LU_FR_BE,forecast_hour_logit,count2022_target05,hour,0.0035,original_M0__top2,-3.508,-22.4627625,14.4852625
DE_LU_FR_BE,forecast_hour_logit,count2022_target05,hour,0.004,original_M0__top2,-3.152,-22.1003,14.8403
DE_LU_FR_BE,forecast_hour_logit,count2022_target05,hour,0.0045000000000000005,original_M0__top2,-2.796,-21.7378375,15.1953375
DE_LU_FR_BE,forecast_hour_logit,count2022_target05,hour,0.005000000000000001,original_M0__top2,-2.4399999999999995,-21.375375,15.550375
DE_LU_FR_BE,forecast_hour_logit,count2022_target05,hour,0.0055,original_M0__top2,-2.084,-21.0129125,15.905412499999999
DE_LU_FR_BE,forecast_hour_logit,count2022_target05,hour,0.006,original_M0__top2,-1.7279999999999998,-20.65045,16.26045
DE_LU_FR_BE,forecast_hour_logit,count2022_target05,hour,0.006500000000000001,original_M0__top2,-1.3719999999999999,-20.2879875,16.6154875
DE_LU_FR_BE,forecast_hour_logit,count2022_target05,hour,0.007000000000000001,original_M0__top2,-1.0159999999999991,-19.925524999999997,16.970525
DE_LU_FR_BE,forecast_hour_logit,count2022_target05,hour,0.0075,original_M0__top2,-0.6600000000000001,-19.5630625,17.3255625
DE_LU_FR_BE,forecast_hour_logit,count2022_target05,hour,0.008,original_M0__top2,-0.30400000000000027,-19.200599999999998,17.6806
DE_LU_FR_BE,forecast_hour_logit,count2022_target05,hour,0.0085,original_M0__top2,0.05200000000000049,-18.8381375,18.0356375
DE_LU_FR_BE,forecast_hour_logit,count2022_target05,hour,0.009000000000000001,original_M0__top2,0.40800000000000036,-18.475675000000003,18.390675
DE_LU_FR_BE,forecast_hour_logit,count2022_target05,hour,0.009500000000000001,original_M0__top2,0.7640000000000011,-18.113212499999996,18.7457125
DE_LU_FR_BE,forecast_hour_logit,count2022_target05,hour,0.01,original_M0__top2,1.12,-17.75075,19.10075
DE_LU_FR_BE,forecast_hour_logit,count2022_target05,hour,0.0105,original_M0__top2,1.4760000000000009,-17.3882875,19.455787499999996
DE_LU_FR_BE,forecast_hour_logit,count2022_target05,hour,0.011000000000000001,original_M0__top2,1.8320000000000007,-17.025824999999998,19.810825
DE_LU_FR_BE,forecast_hour_logit,count2022_target05,hour,0.0115,original_M0__top2,2.1880000000000006,-16.6633625,20.1658625
DE_LU_FR_BE,forecast_hour_logit,count2022_target05,hour,0.012,original_M0__top2,2.5440000000000005,-16.3009,20.520899999999997
DE_LU_FR_BE,forecast_hour_logit,count2022_target05,hour,0.0125,original_M0__top2,2.9000000000000004,-15.9384375,20.8759375
DE_LU_FR_BE,forecast_hour_logit,count2022_target05,hour,0.013000000000000001,original_M0__top2,3.2560000000000002,-15.602299999999998,21.230975
DE_LU_FR_BE,forecast_hour_logit,count2022_target05,hour,0.013500000000000002,original_M0__top2,3.612000000000002,-15.253649999999999,21.5860125
DE_LU_FR_BE,forecast_hour_logit,count2022_target05,hour,0.014,original_M0__top2,3.968,-14.8936,21.941049999999997
DE_LU_FR_BE,forecast_hour_logit,count2022_target05,hour,0.0145,original_M0__top2,4.324,-14.5335375,22.296087500000002
DE_LU_FR_BE,forecast_hour_logit,count2022_target05,hour,0.015,original_M0__top2,4.68,-14.172625,22.651124999999997
DE_LU_FR_BE,forecast_hour_logit,count2022_target05,hour,0.02,original_M0__top2,8.24,-10.5635,26.201500000000003
DE_LU_FR_BE,forecast_hour_logit,count2022_target05,hour,0.03,original_M0__top2,15.36,-3.364749999999999,33.302249999999994
DE_LU_FR_BE,forecast_hour_logit,count2022_target05,hour,0.05,original_M0__top2,29.6,10.448750000000002,47.15125
DE_LU_FR_BE,forecast_hour_logit,count2022_target05,hour,0.1,original_M0__top2,65.2,45.1925,82.0
DE_LU_FR_BE,forecast_hour_logit,count2022_target05,hour,0.2,original_M0__top2,136.4,114.39500000000001,154.005
DE_LU_FR_BE,forecast_hour_logit,count2022_target05,hour,0.25,original_M0__top2,172.0,149.0,190.75
DE_LU_FR_BE,forecast_hour_logit,count2022_target05,hour,0.5,original_M0__top2,350.0,317.4875,375.025
DE_LU_FR_BE,forecast_hour_logit,count2022_target05,hour,1.0,original_M0__top2,706.0,650.95,749.025
DE_LU_FR_BE,forecast_hour_logit,count2023_target05,process,0.0,original_M0__top2,2.0,-4.0,8.0
DE_LU_FR_BE,forecast_hour_logit,count2023_target05,process,0.0005,original_M0__top2,2.3135,-3.6935875,8.313587499999999
DE_LU_FR_BE,forecast_hour_logit,count2023_target05,process,0.001,original_M0__top2,2.627,-3.387175,8.627175000000001
DE_LU_FR_BE,forecast_hour_logit,count2023_target05,process,0.0015,original_M0__top2,2.9405,-3.0807624999999996,8.9407625
DE_LU_FR_BE,forecast_hour_logit,count2023_target05,process,0.002,original_M0__top2,3.254,-2.77435,9.254349999999999
DE_LU_FR_BE,forecast_hour_logit,count2023_target05,process,0.0025,original_M0__top2,3.5675,-2.4679375,9.567937500000001
DE_LU_FR_BE,forecast_hour_logit,count2023_target05,process,0.003,original_M0__top2,3.8810000000000002,-2.161525,9.881525
DE_LU_FR_BE,forecast_hour_logit,count2023_target05,process,0.0035,original_M0__top2,4.1945,-1.8551124999999997,10.195112499999999
DE_LU_FR_BE,forecast_hour_logit,count2023_target05,process,0.004,original_M0__top2,4.508,-1.5487,10.5087
DE_LU_FR_BE,forecast_hour_logit,count2023_target05,process,0.0045000000000000005,original_M0__top2,4.8215,-1.2422874999999998,10.8222875
DE_LU_FR_BE,forecast_hour_logit,count2023_target05,process,0.005000000000000001,original_M0__top2,5.135000000000001,-0.9358749999999996,11.135875
DE_LU_FR_BE,forecast_hour_logit,count2023_target05,process,0.0055,original_M0__top2,5.448499999999999,-0.6294625000000003,11.4494625
DE_LU_FR_BE,forecast_hour_logit,count2023_target05,process,0.006,original_M0__top2,5.7620000000000005,-0.32305,11.76305
DE_LU_FR_BE,forecast_hour_logit,count2023_target05,process,0.006500000000000001,original_M0__top2,6.075500000000001,-0.016637499999999774,12.0766375
DE_LU_FR_BE,forecast_hour_logit,count2023_target05,process,0.007000000000000001,original_M0__top2,6.389,0.28977500000000045,12.390224999999997
DE_LU_FR_BE,forecast_hour_logit,count2023_target05,process,0.0075,original_M0__top2,6.7025,0.5961875000000002,12.7038125
DE_LU_FR_BE,forecast_hour_logit,count2023_target05,process,0.008,original_M0__top2,7.016,0.9026,13.017399999999999
DE_LU_FR_BE,forecast_hour_logit,count2023_target05,process,0.0085,original_M0__top2,7.3295,1.2090125000000007,13.330987499999997
DE_LU_FR_BE,forecast_hour_logit,count2023_target05,process,0.009000000000000001,original_M0__top2,7.643000000000001,1.5154250000000005,13.644575
DE_LU_FR_BE,forecast_hour_logit,count2023_target05,process,0.009500000000000001,original_M0__top2,7.956500000000001,1.821837500000001,13.9581625
DE_LU_FR_BE,forecast_hour_logit,count2023_target05,process,0.01,original_M0__top2,8.27,2.12825,14.271749999999997
DE_LU_FR_BE,forecast_hour_logit,count2023_target05,process,0.0105,original_M0__top2,8.5835,2.434662500000001,14.5853375
DE_LU_FR_BE,forecast_hour_logit,count2023_target05,process,0.011000000000000001,original_M0__top2,8.897000000000002,2.7410750000000004,14.898900000000001
DE_LU_FR_BE,forecast_hour_logit,count2023_target05,process,0.0115,original_M0__top2,9.2105,3.0474875000000003,15.21135
DE_LU_FR_BE,forecast_hour_logit,count2023_target05,process,0.012,original_M0__top2,9.524000000000001,3.3539,15.5162
DE_LU_FR_BE,forecast_hour_logit,count2023_target05,process,0.0125,original_M0__top2,9.8375,3.6603125000000007,15.78875
DE_LU_FR_BE,forecast_hour_logit,count2023_target05,process,0.013000000000000001,original_M0__top2,10.151000000000002,3.9667250000000003,16.062275
DE_LU_FR_BE,forecast_hour_logit,count2023_target05,process,0.013500000000000002,original_M0__top2,10.464500000000001,4.273137500000001,16.372049999999998
DE_LU_FR_BE,forecast_hour_logit,count2023_target05,process,0.014,original_M0__top2,10.778,4.579550000000001,16.681199999999997
DE_LU_FR_BE,forecast_hour_logit,count2023_target05,process,0.0145,original_M0__top2,11.0915,4.885962500000001,16.990350000000003
DE_LU_FR_BE,forecast_hour_logit,count2023_target05,process,0.015,original_M0__top2,11.405,5.192375,17.299999999999997
DE_LU_FR_BE,forecast_hour_logit,count2023_target05,process,0.02,original_M0__top2,14.540000000000001,8.2565,20.4
DE_LU_FR_BE,forecast_hour_logit,count2023_target05,process,0.03,original_M0__top2,20.81,14.386750000000001,26.74075
DE_LU_FR_BE,forecast_hour_logit,count2023_target05,process,0.05,original_M0__top2,33.35,26.446250000000003,39.60125
DE_LU_FR_BE,forecast_hour_logit,count2023_target05,process,0.1,original_M0__top2,64.7,56.5,71.8
DE_LU_FR_BE,forecast_hour_logit,count2023_target05,process,0.2,original_M0__top2,127.4,115.2,137.20000000000002
DE_LU_FR_BE,forecast_hour_logit,count2023_target05,process,0.25,original_M0__top2,158.75,144.24375,170.0
DE_LU_FR_BE,forecast_hour_logit,count2023_target05,process,0.5,original_M0__top2,315.5,288.0,336.5125
DE_LU_FR_BE,forecast_hour_logit,count2023_target05,process,1.0,original_M0__top2,629.0,571.975,671.0
DE_LU_FR_BE,forecast_hour_logit,count2023_target05,hour,0.0,original_M0__top2,0.0,-18.0,17.0
DE_LU_FR_BE,forecast_hour_logit,count2023_target05,hour,0.0005,original_M0__top2,0.3135,-17.6830625,17.31905
DE_LU_FR_BE,forecast_hour_logit,count2023_target05,hour,0.001,original_M0__top2,0.627,-17.366125,17.6381
DE_LU_FR_BE,forecast_hour_logit,count2023_target05,hour,0.0015,original_M0__top2,0.9405,-17.0491875,17.957150000000002
DE_LU_FR_BE,forecast_hour_logit,count2023_target05,hour,0.002,original_M0__top2,1.254,-16.73225,18.2762
DE_LU_FR_BE,forecast_hour_logit,count2023_target05,hour,0.0025,original_M0__top2,1.5675000000000001,-16.4153125,18.59525
DE_LU_FR_BE,forecast_hour_logit,count2023_target05,hour,0.003,original_M0__top2,1.881,-16.098374999999997,18.9143
DE_LU_FR_BE,forecast_hour_logit,count2023_target05,hour,0.0035,original_M0__top2,2.1945,-15.781437500000001,19.23335
DE_LU_FR_BE,forecast_hour_logit,count2023_target05,hour,0.004,original_M0__top2,2.508,-15.464500000000001,19.5524
DE_LU_FR_BE,forecast_hour_logit,count2023_target05,hour,0.0045000000000000005,original_M0__top2,2.8215000000000003,-15.1475625,19.871450000000003
DE_LU_FR_BE,forecast_hour_logit,count2023_target05,hour,0.005000000000000001,original_M0__top2,3.1350000000000007,-14.830624999999998,20.1905
DE_LU_FR_BE,forecast_hour_logit,count2023_target05,hour,0.0055,original_M0__top2,3.4484999999999997,-14.5136875,20.50955
DE_LU_FR_BE,forecast_hour_logit,count2023_target05,hour,0.006,original_M0__top2,3.762,-14.19675,20.828599999999998
DE_LU_FR_BE,forecast_hour_logit,count2023_target05,hour,0.006500000000000001,original_M0__top2,4.075500000000001,-13.8798125,21.14765
DE_LU_FR_BE,forecast_hour_logit,count2023_target05,hour,0.007000000000000001,original_M0__top2,4.389,-13.562875,21.4667
DE_LU_FR_BE,forecast_hour_logit,count2023_target05,hour,0.0075,original_M0__top2,4.7025,-13.2459375,21.78575
DE_LU_FR_BE,forecast_hour_logit,count2023_target05,hour,0.008,original_M0__top2,5.016,-12.929,22.104799999999997
DE_LU_FR_BE,forecast_hour_logit,count2023_target05,hour,0.0085,original_M0__top2,5.3295,-12.6120625,22.42385
DE_LU_FR_BE,forecast_hour_logit,count2023_target05,hour,0.009000000000000001,original_M0__top2,5.643000000000001,-12.295125,22.7429
DE_LU_FR_BE,forecast_hour_logit,count2023_target05,hour,0.009500000000000001,original_M0__top2,5.956500000000001,-11.9781875,23.06195
DE_LU_FR_BE,forecast_hour_logit,count2023_target05,hour,0.01,original_M0__top2,6.2700000000000005,-11.66125,23.380999999999997
DE_LU_FR_BE,forecast_hour_logit,count2023_target05,hour,0.0105,original_M0__top2,6.583500000000001,-11.3443125,23.70005
DE_LU_FR_BE,forecast_hour_logit,count2023_target05,hour,0.011000000000000001,original_M0__top2,6.897000000000001,-11.027375,24.019099999999998
DE_LU_FR_BE,forecast_hour_logit,count2023_target05,hour,0.0115,original_M0__top2,7.2105,-10.7104375,24.33815
DE_LU_FR_BE,forecast_hour_logit,count2023_target05,hour,0.012,original_M0__top2,7.524,-10.3935,24.657199999999996
DE_LU_FR_BE,forecast_hour_logit,count2023_target05,hour,0.0125,original_M0__top2,7.8375,-10.0765625,24.97625
DE_LU_FR_BE,forecast_hour_logit,count2023_target05,hour,0.013000000000000001,original_M0__top2,8.151000000000002,-9.759625,25.2953
DE_LU_FR_BE,forecast_hour_logit,count2023_target05,hour,0.013500000000000002,original_M0__top2,8.464500000000001,-9.442687499999998,25.614349999999998
DE_LU_FR_BE,forecast_hour_logit,count2023_target05,hour,0.014,original_M0__top2,8.778,-9.12575,25.933400000000002
DE_LU_FR_BE,forecast_hour_logit,count2023_target05,hour,0.0145,original_M0__top2,9.0915,-8.8088125,26.25245
DE_LU_FR_BE,forecast_hour_logit,count2023_target05,hour,0.015,original_M0__top2,9.405,-8.491875,26.5715
DE_LU_FR_BE,forecast_hour_logit,count2023_target05,hour,0.02,original_M0__top2,12.540000000000001,-5.3225,29.761999999999997
DE_LU_FR_BE,forecast_hour_logit,count2023_target05,hour,0.03,original_M0__top2,18.81,0.879749999999999,36.13025
DE_LU_FR_BE,forecast_hour_logit,count2023_target05,hour,0.05,original_M0__top2,31.35,13.297500000000001,47.95
DE_LU_FR_BE,forecast_hour_logit,count2023_target05,hour,0.1,original_M0__top2,62.7,43.892500000000005,78.21
DE_LU_FR_BE,forecast_hour_logit,count2023_target05,hour,0.2,original_M0__top2,125.4,103.59500000000001,141.6
DE_LU_FR_BE,forecast_hour_logit,count2023_target05,hour,0.25,original_M0__top2,156.75,133.75,173.5
DE_LU_FR_BE,forecast_hour_logit,count2023_target05,hour,0.5,original_M0__top2,313.5,279.5,337.0125
DE_LU_FR_BE,forecast_hour_logit,count2023_target05,hour,1.0,original_M0__top2,627.0,570.0,668.0
DE_LU_FR_BE,forecast_hour_logit,fixed025,process,0.0,original_M0__top2,-6.0,-12.0,1.0
DE_LU_FR_BE,forecast_hour_logit,fixed025,process,0.0005,original_M0__top2,-5.498,-11.5035,1.511625
DE_LU_FR_BE,forecast_hour_logit,fixed025,process,0.001,original_M0__top2,-4.996,-11.007,2.02325
DE_LU_FR_BE,forecast_hour_logit,fixed025,process,0.0015,original_M0__top2,-4.494,-10.5105,2.5348749999999995
DE_LU_FR_BE,forecast_hour_logit,fixed025,process,0.002,original_M0__top2,-3.992,-10.014,3.0465
DE_LU_FR_BE,forecast_hour_logit,fixed025,process,0.0025,original_M0__top2,-3.4899999999999998,-9.5175,3.5581249999999995
DE_LU_FR_BE,forecast_hour_logit,fixed025,process,0.003,original_M0__top2,-2.988,-9.021,4.069749999999999
DE_LU_FR_BE,forecast_hour_logit,fixed025,process,0.0035,original_M0__top2,-2.4859999999999998,-8.5245,4.5813749999999995
DE_LU_FR_BE,forecast_hour_logit,fixed025,process,0.004,original_M0__top2,-1.984,-8.028,5.093
DE_LU_FR_BE,forecast_hour_logit,fixed025,process,0.0045000000000000005,original_M0__top2,-1.4819999999999993,-7.531499999999999,5.6046249999999995
DE_LU_FR_BE,forecast_hour_logit,fixed025,process,0.005000000000000001,original_M0__top2,-0.9799999999999986,-7.034999999999999,6.11625
DE_LU_FR_BE,forecast_hour_logit,fixed025,process,0.0055,original_M0__top2,-0.47800000000000065,-6.5385,6.627874999999999
DE_LU_FR_BE,forecast_hour_logit,fixed025,process,0.006,original_M0__top2,0.02400000000000002,-6.042,7.139499999999998
DE_LU_FR_BE,forecast_hour_logit,fixed025,process,0.006500000000000001,original_M0__top2,0.5260000000000007,-5.5455,7.6511249999999995
DE_LU_FR_BE,forecast_hour_logit,fixed025,process,0.007000000000000001,original_M0__top2,1.0280000000000014,-5.048999999999999,8.162749999999999
DE_LU_FR_BE,forecast_hour_logit,fixed025,process,0.0075,original_M0__top2,1.5299999999999994,-4.5525,8.674374999999998
DE_LU_FR_BE,forecast_hour_logit,fixed025,process,0.008,original_M0__top2,2.032,-4.056,9.186
DE_LU_FR_BE,forecast_hour_logit,fixed025,process,0.0085,original_M0__top2,2.5340000000000007,-3.5595,9.697624999999999
DE_LU_FR_BE,forecast_hour_logit,fixed025,process,0.009000000000000001,original_M0__top2,3.0360000000000014,-3.062999999999999,10.209249999999999
DE_LU_FR_BE,forecast_hour_logit,fixed025,process,0.009500000000000001,original_M0__top2,3.538000000000002,-2.566499999999998,10.720875
DE_LU_FR_BE,forecast_hour_logit,fixed025,process,0.01,original_M0__top2,4.040000000000001,-2.0700000000000003,11.232499999999998
DE_LU_FR_BE,forecast_hour_logit,fixed025,process,0.0105,original_M0__top2,4.542,-1.5734999999999992,11.744124999999999
DE_LU_FR_BE,forecast_hour_logit,fixed025,process,0.011000000000000001,original_M0__top2,5.0440000000000005,-1.0769999999999982,12.255749999999999
DE_LU_FR_BE,forecast_hour_logit,fixed025,process,0.0115,original_M0__top2,5.545999999999999,-0.5805000000000007,12.766499999999999
DE_LU_FR_BE,forecast_hour_logit,fixed025,process,0.012,original_M0__top2,6.048,-0.08399999999999963,13.277
DE_LU_FR_BE,forecast_hour_logit,fixed025,process,0.0125,original_M0__top2,6.550000000000001,0.4125000000000014,13.787500000000001
DE_LU_FR_BE,forecast_hour_logit,fixed025,process,0.013000000000000001,original_M0__top2,7.052000000000001,0.9090000000000007,14.26
DE_LU_FR_BE,forecast_hour_logit,fixed025,process,0.013500000000000002,original_M0__top2,7.554000000000002,1.4055000000000017,14.7325
DE_LU_FR_BE,forecast_hour_logit,fixed025,process,0.014,original_M0__top2,8.056000000000001,1.902000000000001,15.204999999999997
DE_LU_FR_BE,forecast_hour_logit,fixed025,process,0.0145,original_M0__top2,8.558000000000002,2.3985000000000003,15.706262499999998
DE_LU_FR_BE,forecast_hour_logit,fixed025,process,0.015,original_M0__top2,9.059999999999999,2.8949999999999996,16.213375
DE_LU_FR_BE,forecast_hour_logit,fixed025,process,0.02,original_M0__top2,14.080000000000002,7.858499999999999,21.281
DE_LU_FR_BE,forecast_hour_logit,fixed025,process,0.03,original_M0__top2,24.119999999999997,17.7675,31.04075
DE_LU_FR_BE,forecast_hour_logit,fixed025,process,0.05,original_M0__top2,44.2,37.198750000000004,50.95
DE_LU_FR_BE,forecast_hour_logit,fixed025,process,0.1,original_M0__top2,94.4,85.60000000000001,101.4025
DE_LU_FR_BE,forecast_hour_logit,fixed025,process,0.2,original_M0__top2,194.8,181.4,203.8
DE_LU_FR_BE,forecast_hour_logit,fixed025,process,0.25,original_M0__top2,245.0,228.99375,255.25
DE_LU_FR_BE,forecast_hour_logit,fixed025,process,0.5,original_M0__top2,496.0,465.4875,514.0
DE_LU_FR_BE,forecast_hour_logit,fixed025,process,1.0,original_M0__top2,998.0,937.975,1032.025
DE_LU_FR_BE,forecast_hour_logit,fixed025,hour,0.0,original_M0__top2,-40.0,-66.0,-18.0
DE_LU_FR_BE,forecast_hour_logit,fixed025,hour,0.0005,original_M0__top2,-39.498,-65.474275,-17.5151625
DE_LU_FR_BE,forecast_hour_logit,fixed025,hour,0.001,original_M0__top2,-38.996,-64.94855,-17.030324999999998
DE_LU_FR_BE,forecast_hour_logit,fixed025,hour,0.0015,original_M0__top2,-38.494,-64.422825,-16.545487500000004
DE_LU_FR_BE,forecast_hour_logit,fixed025,hour,0.002,original_M0__top2,-37.992,-63.8971,-16.060650000000003
DE_LU_FR_BE,forecast_hour_logit,fixed025,hour,0.0025,original_M0__top2,-37.49,-63.371375,-15.575812500000001
DE_LU_FR_BE,forecast_hour_logit,fixed025,hour,0.003,original_M0__top2,-36.988,-62.84565,-15.090975000000002
DE_LU_FR_BE,forecast_hour_logit,fixed025,hour,0.0035,original_M0__top2,-36.486,-62.319925000000005,-14.6061375
DE_LU_FR_BE,forecast_hour_logit,fixed025,hour,0.004,original_M0__top2,-35.984,-61.7942,-14.121300000000003
DE_LU_FR_BE,forecast_hour_logit,fixed025,hour,0.0045000000000000005,original_M0__top2,-35.482,-61.268474999999995,-13.6364625
DE_LU_FR_BE,forecast_hour_logit,fixed025,hour,0.005000000000000001,original_M0__top2,-34.98,-60.74275,-13.151625000000003
DE_LU_FR_BE,forecast_hour_logit,fixed025,hour,0.0055,original_M0__top2,-34.478,-60.217025,-12.666787500000003
DE_LU_FR_BE,forecast_hour_logit,fixed025,hour,0.006,original_M0__top2,-33.976,-59.6913,-12.181950000000004
DE_LU_FR_BE,forecast_hour_logit,fixed025,hour,0.006500000000000001,original_M0__top2,-33.474,-59.165575,-11.697112500000003
DE_LU_FR_BE,forecast_hour_logit,fixed025,hour,0.007000000000000001,original_M0__top2,-32.972,-58.639849999999996,-11.212275000000004
DE_LU_FR_BE,forecast_hour_logit,fixed025,hour,0.0075,original_M0__top2,-32.47,-58.114125,-10.727437500000004
DE_LU_FR_BE,forecast_hour_logit,fixed025,hour,0.008,original_M0__top2,-31.968,-57.5884,-10.242600000000007
DE_LU_FR_BE,forecast_hour_logit,fixed025,hour,0.0085,original_M0__top2,-31.466,-57.062675,-9.757762500000004
DE_LU_FR_BE,forecast_hour_logit,fixed025,hour,0.009000000000000001,original_M0__top2,-30.964,-56.53695,-9.272925000000004
DE_LU_FR_BE,forecast_hour_logit,fixed025,hour,0.009500000000000001,original_M0__top2,-30.461999999999996,-56.011224999999996,-8.788087500000005
DE_LU_FR_BE,forecast_hour_logit,fixed025,hour,0.01,original_M0__top2,-29.96,-55.485499999999995,-8.303250000000007
DE_LU_FR_BE,forecast_hour_logit,fixed025,hour,0.0105,original_M0__top2,-29.458,-54.959775,-7.818412500000006
DE_LU_FR_BE,forecast_hour_logit,fixed025,hour,0.011000000000000001,original_M0__top2,-28.956,-54.477925,-7.333575000000006
DE_LU_FR_BE,forecast_hour_logit,fixed025,hour,0.0115,original_M0__top2,-28.454,-53.998512500000004,-6.8487375000000075
DE_LU_FR_BE,forecast_hour_logit,fixed025,hour,0.012,original_M0__top2,-27.951999999999998,-53.519099999999995,-6.363900000000007
DE_LU_FR_BE,forecast_hour_logit,fixed025,hour,0.0125,original_M0__top2,-27.45,-53.0396875,-5.879062500000007
DE_LU_FR_BE,forecast_hour_logit,fixed025,hour,0.013000000000000001,original_M0__top2,-26.948,-52.560275,-5.394225000000007
DE_LU_FR_BE,forecast_hour_logit,fixed025,hour,0.013500000000000002,original_M0__top2,-26.445999999999998,-52.0808625,-4.884037500000006
DE_LU_FR_BE,forecast_hour_logit,fixed025,hour,0.014,original_M0__top2,-25.944,-51.60145,-4.362150000000006
DE_LU_FR_BE,forecast_hour_logit,fixed025,hour,0.0145,original_M0__top2,-25.442,-51.1220375,-3.840262500000005
DE_LU_FR_BE,forecast_hour_logit,fixed025,hour,0.015,original_M0__top2,-24.94,-50.642625,-3.318375000000007
DE_LU_FR_BE,forecast_hour_logit,fixed025,hour,0.02,original_M0__top2,-19.919999999999998,-45.8485,1.9005000000000016
DE_LU_FR_BE,forecast_hour_logit,fixed025,hour,0.03,original_M0__top2,-9.880000000000003,-36.260250000000006,11.592999999999996
DE_LU_FR_BE,forecast_hour_logit,fixed025,hour,0.05,original_M0__top2,10.200000000000003,-16.707499999999996,31.051250000000003
DE_LU_FR_BE,forecast_hour_logit,fixed025,hour,0.1,original_M0__top2,60.400000000000006,31.900000000000006,81.1025
DE_LU_FR_BE,forecast_hour_logit,fixed025,hour,0.2,original_M0__top2,160.8,128.19500000000002,181.005
DE_LU_FR_BE,forecast_hour_logit,fixed025,hour,0.25,original_M0__top2,211.0,175.75,231.50625
DE_LU_FR_BE,forecast_hour_logit,fixed025,hour,0.5,original_M0__top2,462.0,416.475,487.025
DE_LU_FR_BE,forecast_hour_logit,fixed025,hour,1.0,original_M0__top2,964.0,891.975,1003.0
DE_LU_FR_BE,forecast_hour_logit,count2022_cool6,process,0.0,original_M0__top2,3.0,-6.0,14.0
DE_LU_FR_BE,forecast_hour_logit,count2022_cool6,process,0.0005,original_M0__top2,3.4,-5.5782125,14.385575000000001
DE_LU_FR_BE,forecast_hour_logit,count2022_cool6,process,0.001,original_M0__top2,3.8,-5.156425,14.77115
DE_LU_FR_BE,forecast_hour_logit,count2022_cool6,process,0.0015,original_M0__top2,4.2,-4.7346375,15.156725
DE_LU_FR_BE,forecast_hour_logit,count2022_cool6,process,0.002,original_M0__top2,4.6,-4.31285,15.5423
DE_LU_FR_BE,forecast_hour_logit,count2022_cool6,process,0.0025,original_M0__top2,5.0,-3.8910625,15.927875
DE_LU_FR_BE,forecast_hour_logit,count2022_cool6,process,0.003,original_M0__top2,5.4,-3.469275,16.31345
DE_LU_FR_BE,forecast_hour_logit,count2022_cool6,process,0.0035,original_M0__top2,5.800000000000001,-3.0474875,16.699025
DE_LU_FR_BE,forecast_hour_logit,count2022_cool6,process,0.004,original_M0__top2,6.2,-2.6257,17.0846
DE_LU_FR_BE,forecast_hour_logit,count2022_cool6,process,0.0045000000000000005,original_M0__top2,6.6000000000000005,-2.2039124999999995,17.470175
DE_LU_FR_BE,forecast_hour_logit,count2022_cool6,process,0.005000000000000001,original_M0__top2,7.000000000000001,-1.7821249999999993,17.85575
DE_LU_FR_BE,forecast_hour_logit,count2022_cool6,process,0.0055,original_M0__top2,7.3999999999999995,-1.3603375000000004,18.241325
DE_LU_FR_BE,forecast_hour_logit,count2022_cool6,process,0.006,original_M0__top2,7.8,-0.9385499999999998,18.6269
DE_LU_FR_BE,forecast_hour_logit,count2022_cool6,process,0.006500000000000001,original_M0__top2,8.2,-0.5167624999999992,19.012475000000002
DE_LU_FR_BE,forecast_hour_logit,count2022_cool6,process,0.007000000000000001,original_M0__top2,8.600000000000001,-0.0949749999999986,19.39805
DE_LU_FR_BE,forecast_hour_logit,count2022_cool6,process,0.0075,original_M0__top2,9.0,0.32681250000000023,19.783624999999997
DE_LU_FR_BE,forecast_hour_logit,count2022_cool6,process,0.008,original_M0__top2,9.4,0.7486,20.169199999999996
DE_LU_FR_BE,forecast_hour_logit,count2022_cool6,process,0.0085,original_M0__top2,9.8,1.1703875000000006,20.554775
DE_LU_FR_BE,forecast_hour_logit,count2022_cool6,process,0.009000000000000001,original_M0__top2,10.200000000000001,1.5921750000000012,20.94035
DE_LU_FR_BE,forecast_hour_logit,count2022_cool6,process,0.009500000000000001,original_M0__top2,10.600000000000001,2.0139625000000008,21.325924999999998
DE_LU_FR_BE,forecast_hour_logit,count2022_cool6,process,0.01,original_M0__top2,11.0,2.4357499999999996,21.7115
DE_LU_FR_BE,forecast_hour_logit,count2022_cool6,process,0.0105,original_M0__top2,11.4,2.8575375000000003,22.097075
DE_LU_FR_BE,forecast_hour_logit,count2022_cool6,process,0.011000000000000001,original_M0__top2,11.8,3.279325000000001,22.48265
DE_LU_FR_BE,forecast_hour_logit,count2022_cool6,process,0.0115,original_M0__top2,12.2,3.7011125,22.868225
DE_LU_FR_BE,forecast_hour_logit,count2022_cool6,process,0.012,original_M0__top2,12.6,4.1229000000000005,23.253800000000002
DE_LU_FR_BE,forecast_hour_logit,count2022_cool6,process,0.0125,original_M0__top2,13.0,4.544687500000001,23.639375
DE_LU_FR_BE,forecast_hour_logit,count2022_cool6,process,0.013000000000000001,original_M0__top2,13.4,4.966475000000002,24.02495
DE_LU_FR_BE,forecast_hour_logit,count2022_cool6,process,0.013500000000000002,original_M0__top2,13.8,5.388262500000002,24.410525000000003
DE_LU_FR_BE,forecast_hour_logit,count2022_cool6,process,0.014,original_M0__top2,14.200000000000001,5.810050000000001,24.7961
DE_LU_FR_BE,forecast_hour_logit,count2022_cool6,process,0.0145,original_M0__top2,14.600000000000001,6.217212500000001,25.181675
DE_LU_FR_BE,forecast_hour_logit,count2022_cool6,process,0.015,original_M0__top2,15.0,6.604875,25.567249999999994
DE_LU_FR_BE,forecast_hour_logit,count2022_cool6,process,0.02,original_M0__top2,19.0,10.538499999999999,29.500999999999998
DE_LU_FR_BE,forecast_hour_logit,count2022_cool6,process,0.03,original_M0__top2,27.0,18.617749999999997,37.31225
DE_LU_FR_BE,forecast_hour_logit,count2022_cool6,process,0.05,original_M0__top2,43.0,34.49875,53.1
DE_LU_FR_BE,forecast_hour_logit,count2022_cool6,process,0.1,original_M0__top2,83.0,73.60000000000001,92.9
DE_LU_FR_BE,forecast_hour_logit,count2022_cool6,process,0.2,original_M0__top2,163.0,150.595,174.0
DE_LU_FR_BE,forecast_hour_logit,count2022_cool6,process,0.25,original_M0__top2,203.0,188.25,215.25
DE_LU_FR_BE,forecast_hour_logit,count2022_cool6,process,0.5,original_M0__top2,403.0,376.5,422.0
DE_LU_FR_BE,forecast_hour_logit,count2022_cool6,process,1.0,original_M0__top2,803.0,750.0,839.0
DE_LU_FR_BE,forecast_hour_logit,count2022_cool6,hour,0.0,original_M0__top2,-52.0,-75.0,-32.0
DE_LU_FR_BE,forecast_hour_logit,count2022_cool6,hour,0.0005,original_M0__top2,-51.6,-74.5660125,-31.5853875
DE_LU_FR_BE,forecast_hour_logit,count2022_cool6,hour,0.001,original_M0__top2,-51.2,-74.132025,-31.170775
DE_LU_FR_BE,forecast_hour_logit,count2022_cool6,hour,0.0015,original_M0__top2,-50.8,-73.6980375,-30.7561625
DE_LU_FR_BE,forecast_hour_logit,count2022_cool6,hour,0.002,original_M0__top2,-50.4,-73.26405,-30.341549999999998
DE_LU_FR_BE,forecast_hour_logit,count2022_cool6,hour,0.0025,original_M0__top2,-50.0,-72.8300625,-29.926937499999998
DE_LU_FR_BE,forecast_hour_logit,count2022_cool6,hour,0.003,original_M0__top2,-49.6,-72.396075,-29.512324999999997
DE_LU_FR_BE,forecast_hour_logit,count2022_cool6,hour,0.0035,original_M0__top2,-49.2,-71.9620875,-29.097712500000004
DE_LU_FR_BE,forecast_hour_logit,count2022_cool6,hour,0.004,original_M0__top2,-48.8,-71.5281,-28.683100000000003
DE_LU_FR_BE,forecast_hour_logit,count2022_cool6,hour,0.0045000000000000005,original_M0__top2,-48.4,-71.0941125,-28.268487500000003
DE_LU_FR_BE,forecast_hour_logit,count2022_cool6,hour,0.005000000000000001,original_M0__top2,-48.0,-70.66012500000001,-27.853875000000002
DE_LU_FR_BE,forecast_hour_logit,count2022_cool6,hour,0.0055,original_M0__top2,-47.6,-70.22613750000001,-27.4392625
DE_LU_FR_BE,forecast_hour_logit,count2022_cool6,hour,0.006,original_M0__top2,-47.2,-69.79215,-27.02465
DE_LU_FR_BE,forecast_hour_logit,count2022_cool6,hour,0.006500000000000001,original_M0__top2,-46.8,-69.3581625,-26.6100375
DE_LU_FR_BE,forecast_hour_logit,count2022_cool6,hour,0.007000000000000001,original_M0__top2,-46.4,-68.924175,-26.195425
DE_LU_FR_BE,forecast_hour_logit,count2022_cool6,hour,0.0075,original_M0__top2,-46.0,-68.4901875,-25.7808125
DE_LU_FR_BE,forecast_hour_logit,count2022_cool6,hour,0.008,original_M0__top2,-45.6,-68.0562,-25.3662
DE_LU_FR_BE,forecast_hour_logit,count2022_cool6,hour,0.0085,original_M0__top2,-45.2,-67.6222125,-24.9515875
DE_LU_FR_BE,forecast_hour_logit,count2022_cool6,hour,0.009000000000000001,original_M0__top2,-44.8,-67.22234999999999,-24.536974999999998
DE_LU_FR_BE,forecast_hour_logit,count2022_cool6,hour,0.009500000000000001,original_M0__top2,-44.4,-66.844425,-24.1234875
DE_LU_FR_BE,forecast_hour_logit,count2022_cool6,hour,0.01,original_M0__top2,-44.0,-66.4665,-23.719749999999998
DE_LU_FR_BE,forecast_hour_logit,count2022_cool6,hour,0.0105,original_M0__top2,-43.6,-66.08857499999999,-23.3544875
DE_LU_FR_BE,forecast_hour_logit,count2022_cool6,hour,0.011000000000000001,original_M0__top2,-43.2,-65.71065,-22.989225
DE_LU_FR_BE,forecast_hour_logit,count2022_cool6,hour,0.0115,original_M0__top2,-42.8,-65.33272500000001,-22.623962500000005
DE_LU_FR_BE,forecast_hour_logit,count2022_cool6,hour,0.012,original_M0__top2,-42.4,-64.95479999999999,-22.258700000000005
DE_LU_FR_BE,forecast_hour_logit,count2022_cool6,hour,0.0125,original_M0__top2,-42.0,-64.576875,-21.893437500000005
DE_LU_FR_BE,forecast_hour_logit,count2022_cool6,hour,0.013000000000000001,original_M0__top2,-41.6,-64.19895,-21.501850000000008
DE_LU_FR_BE,forecast_hour_logit,count2022_cool6,hour,0.013500000000000002,original_M0__top2,-41.2,-63.821025,-21.098075000000005
DE_LU_FR_BE,forecast_hour_logit,count2022_cool6,hour,0.014,original_M0__top2,-40.8,-63.4089,-20.694850000000006
DE_LU_FR_BE,forecast_hour_logit,count2022_cool6,hour,0.0145,original_M0__top2,-40.4,-62.995824999999996,-20.291987500000005
DE_LU_FR_BE,forecast_hour_logit,count2022_cool6,hour,0.015,original_M0__top2,-40.0,-62.58275,-19.889125000000003
DE_LU_FR_BE,forecast_hour_logit,count2022_cool6,hour,0.02,original_M0__top2,-36.0,-58.452,-15.8795
DE_LU_FR_BE,forecast_hour_logit,count2022_cool6,hour,0.03,original_M0__top2,-28.0,-50.724,-8.306750000000012
DE_LU_FR_BE,forecast_hour_logit,count2022_cool6,hour,0.05,original_M0__top2,-12.0,-35.449999999999996,7.368749999999984
DE_LU_FR_BE,forecast_hour_logit,count2022_cool6,hour,0.1,original_M0__top2,28.0,3.395000000000006,47.7
DE_LU_FR_BE,forecast_hour_logit,count2022_cool6,hour,0.2,original_M0__top2,108.0,81.19500000000002,127.80000000000001
DE_LU_FR_BE,forecast_hour_logit,count2022_cool6,hour,0.25,original_M0__top2,148.0,119.75,168.0
DE_LU_FR_BE,forecast_hour_logit,count2022_cool6,hour,0.5,original_M0__top2,348.0,310.0,374.0125
DE_LU_FR_BE,forecast_hour_logit,count2022_cool6,hour,1.0,original_M0__top2,748.0,686.975,791.0
DE_LU_FR_BE,forecast_hour_logit,count2023_cool6,process,0.0,original_M0__top2,3.0,-5.0,13.0
DE_LU_FR_BE,forecast_hour_logit,count2023_cool6,process,0.0005,original_M0__top2,3.3635,-4.640525,13.348062500000001
DE_LU_FR_BE,forecast_hour_logit,count2023_cool6,process,0.001,original_M0__top2,3.727,-4.28105,13.696125
DE_LU_FR_BE,forecast_hour_logit,count2023_cool6,process,0.0015,original_M0__top2,4.0905000000000005,-3.921575,14.0441875
DE_LU_FR_BE,forecast_hour_logit,count2023_cool6,process,0.002,original_M0__top2,4.454,-3.5621,14.392249999999999
DE_LU_FR_BE,forecast_hour_logit,count2023_cool6,process,0.0025,original_M0__top2,4.8175,-3.202625,14.7403125
DE_LU_FR_BE,forecast_hour_logit,count2023_cool6,process,0.003,original_M0__top2,5.181,-2.84315,15.088375000000001
DE_LU_FR_BE,forecast_hour_logit,count2023_cool6,process,0.0035,original_M0__top2,5.5445,-2.483675,15.4364375
DE_LU_FR_BE,forecast_hour_logit,count2023_cool6,process,0.004,original_M0__top2,5.9079999999999995,-2.1242,15.7845
DE_LU_FR_BE,forecast_hour_logit,count2023_cool6,process,0.0045000000000000005,original_M0__top2,6.2715000000000005,-1.7647249999999994,16.132562500000002
DE_LU_FR_BE,forecast_hour_logit,count2023_cool6,process,0.005000000000000001,original_M0__top2,6.635000000000001,-1.4052499999999994,16.480625
DE_LU_FR_BE,forecast_hour_logit,count2023_cool6,process,0.0055,original_M0__top2,6.9985,-1.0457750000000001,16.828687499999997
DE_LU_FR_BE,forecast_hour_logit,count2023_cool6,process,0.006,original_M0__top2,7.362,-0.6862999999999999,17.176750000000002
DE_LU_FR_BE,forecast_hour_logit,count2023_cool6,process,0.006500000000000001,original_M0__top2,7.7255,-0.3268249999999993,17.5248125
DE_LU_FR_BE,forecast_hour_logit,count2023_cool6,process,0.007000000000000001,original_M0__top2,8.089,0.0326500000000004,17.872875
DE_LU_FR_BE,forecast_hour_logit,count2023_cool6,process,0.0075,original_M0__top2,8.4525,0.39212500000000006,18.220937499999998
DE_LU_FR_BE,forecast_hour_logit,count2023_cool6,process,0.008,original_M0__top2,8.815999999999999,0.7515999999999998,18.569
DE_LU_FR_BE,forecast_hour_logit,count2023_cool6,process,0.0085,original_M0__top2,9.1795,1.1110750000000005,18.9170625
DE_LU_FR_BE,forecast_hour_logit,count2023_cool6,process,0.009000000000000001,original_M0__top2,9.543000000000001,1.470550000000001,19.265125
DE_LU_FR_BE,forecast_hour_logit,count2023_cool6,process,0.009500000000000001,original_M0__top2,9.906500000000001,1.8300250000000007,19.613187500000002
DE_LU_FR_BE,forecast_hour_logit,count2023_cool6,process,0.01,original_M0__top2,10.27,2.1895000000000002,19.96125
DE_LU_FR_BE,forecast_hour_logit,count2023_cool6,process,0.0105,original_M0__top2,10.633500000000002,2.548975,20.309312499999997
DE_LU_FR_BE,forecast_hour_logit,count2023_cool6,process,0.011000000000000001,original_M0__top2,10.997,2.9084500000000006,20.657375
DE_LU_FR_BE,forecast_hour_logit,count2023_cool6,process,0.0115,original_M0__top2,11.3605,3.2679249999999995,21.005437499999996
DE_LU_FR_BE,forecast_hour_logit,count2023_cool6,process,0.012,original_M0__top2,11.724,3.6274,21.3535
DE_LU_FR_BE,forecast_hour_logit,count2023_cool6,process,0.0125,original_M0__top2,12.0875,3.986875000000001,21.7015625
DE_LU_FR_BE,forecast_hour_logit,count2023_cool6,process,0.013000000000000001,original_M0__top2,12.451,4.346350000000001,22.049625
DE_LU_FR_BE,forecast_hour_logit,count2023_cool6,process,0.013500000000000002,original_M0__top2,12.8145,4.705825000000002,22.3976875
DE_LU_FR_BE,forecast_hour_logit,count2023_cool6,process,0.014,original_M0__top2,13.178,5.065300000000001,22.745749999999997
DE_LU_FR_BE,forecast_hour_logit,count2023_cool6,process,0.0145,original_M0__top2,13.541500000000001,5.424775000000001,23.0938125
DE_LU_FR_BE,forecast_hour_logit,count2023_cool6,process,0.015,original_M0__top2,13.905,5.78425,23.441874999999996
DE_LU_FR_BE,forecast_hour_logit,count2023_cool6,process,0.02,original_M0__top2,17.54,9.379000000000001,26.9225
DE_LU_FR_BE,forecast_hour_logit,count2023_cool6,process,0.03,original_M0__top2,24.81,16.4785,33.88374999999999
DE_LU_FR_BE,forecast_hour_logit,count2023_cool6,process,0.05,original_M0__top2,39.35,30.800000000000004,48.2
DE_LU_FR_BE,forecast_hour_logit,count2023_cool6,process,0.1,original_M0__top2,75.7,66.0,84.4
DE_LU_FR_BE,forecast_hour_logit,count2023_cool6,process,0.2,original_M0__top2,148.4,135.20000000000002,158.20000000000002
DE_LU_FR_BE,forecast_hour_logit,count2023_cool6,process,0.25,original_M0__top2,184.75,169.24375,195.50625
DE_LU_FR_BE,forecast_hour_logit,count2023_cool6,process,0.5,original_M0__top2,366.5,337.5,384.5
DE_LU_FR_BE,forecast_hour_logit,count2023_cool6,process,1.0,original_M0__top2,730.0,673.0,764.0
DE_LU_FR_BE,forecast_hour_logit,count2023_cool6,hour,0.0,original_M0__top2,-46.0,-68.025,-26.0
DE_LU_FR_BE,forecast_hour_logit,count2023_cool6,hour,0.0005,original_M0__top2,-45.6365,-67.688925,-25.657149999999998
DE_LU_FR_BE,forecast_hour_logit,count2023_cool6,hour,0.001,original_M0__top2,-45.273,-67.35285,-25.314300000000003
DE_LU_FR_BE,forecast_hour_logit,count2023_cool6,hour,0.0015,original_M0__top2,-44.9095,-67.016775,-24.97145
DE_LU_FR_BE,forecast_hour_logit,count2023_cool6,hour,0.002,original_M0__top2,-44.546,-66.6807,-24.6286
DE_LU_FR_BE,forecast_hour_logit,count2023_cool6,hour,0.0025,original_M0__top2,-44.1825,-66.344625,-24.285750000000004
DE_LU_FR_BE,forecast_hour_logit,count2023_cool6,hour,0.003,original_M0__top2,-43.819,-66.00855,-23.9429
DE_LU_FR_BE,forecast_hour_logit,count2023_cool6,hour,0.0035,original_M0__top2,-43.4555,-65.672475,-23.600050000000003
DE_LU_FR_BE,forecast_hour_logit,count2023_cool6,hour,0.004,original_M0__top2,-43.092,-65.3364,-23.2572
DE_LU_FR_BE,forecast_hour_logit,count2023_cool6,hour,0.0045000000000000005,original_M0__top2,-42.7285,-65.00032499999999,-22.914350000000002
DE_LU_FR_BE,forecast_hour_logit,count2023_cool6,hour,0.005000000000000001,original_M0__top2,-42.365,-64.66425,-22.571500000000004
DE_LU_FR_BE,forecast_hour_logit,count2023_cool6,hour,0.0055,original_M0__top2,-42.0015,-64.328175,-22.228650000000005
DE_LU_FR_BE,forecast_hour_logit,count2023_cool6,hour,0.006,original_M0__top2,-41.638,-63.99209999999999,-21.885800000000003
DE_LU_FR_BE,forecast_hour_logit,count2023_cool6,hour,0.006500000000000001,original_M0__top2,-41.2745,-63.656025,-21.542950000000005
DE_LU_FR_BE,forecast_hour_logit,count2023_cool6,hour,0.007000000000000001,original_M0__top2,-40.911,-63.31995,-21.200100000000003
DE_LU_FR_BE,forecast_hour_logit,count2023_cool6,hour,0.0075,original_M0__top2,-40.5475,-62.983875000000005,-20.857250000000004
DE_LU_FR_BE,forecast_hour_logit,count2023_cool6,hour,0.008,original_M0__top2,-40.184,-62.6402,-20.514400000000006
DE_LU_FR_BE,forecast_hour_logit,count2023_cool6,hour,0.0085,original_M0__top2,-39.820499999999996,-62.2554875,-20.171550000000003
DE_LU_FR_BE,forecast_hour_logit,count2023_cool6,hour,0.009000000000000001,original_M0__top2,-39.457,-61.917575,-19.828700000000005
DE_LU_FR_BE,forecast_hour_logit,count2023_cool6,hour,0.009500000000000001,original_M0__top2,-39.0935,-61.579662500000005,-19.485850000000006
DE_LU_FR_BE,forecast_hour_logit,count2023_cool6,hour,0.01,original_M0__top2,-38.73,-61.24175,-19.143000000000004
DE_LU_FR_BE,forecast_hour_logit,count2023_cool6,hour,0.0105,original_M0__top2,-38.3665,-60.9031125,-18.800150000000006
DE_LU_FR_BE,forecast_hour_logit,count2023_cool6,hour,0.011000000000000001,original_M0__top2,-38.003,-60.563025,-18.457300000000007
DE_LU_FR_BE,forecast_hour_logit,count2023_cool6,hour,0.0115,original_M0__top2,-37.6395,-60.180662500000004,-18.11445000000001
DE_LU_FR_BE,forecast_hour_logit,count2023_cool6,hour,0.012,original_M0__top2,-37.275999999999996,-59.7983,-17.77160000000001
DE_LU_FR_BE,forecast_hour_logit,count2023_cool6,hour,0.0125,original_M0__top2,-36.9125,-59.4159375,-17.428750000000008
DE_LU_FR_BE,forecast_hour_logit,count2023_cool6,hour,0.013000000000000001,original_M0__top2,-36.549,-59.0599,-17.085900000000006
DE_LU_FR_BE,forecast_hour_logit,count2023_cool6,hour,0.013500000000000002,original_M0__top2,-36.1855,-58.71605,-16.743050000000007
DE_LU_FR_BE,forecast_hour_logit,count2023_cool6,hour,0.014,original_M0__top2,-35.822,-58.3722,-16.40020000000001
DE_LU_FR_BE,forecast_hour_logit,count2023_cool6,hour,0.0145,original_M0__top2,-35.4585,-58.02835,-16.028587500000008
DE_LU_FR_BE,forecast_hour_logit,count2023_cool6,hour,0.015,original_M0__top2,-35.095,-57.6845,-15.651125000000008
DE_LU_FR_BE,forecast_hour_logit,count2023_cool6,hour,0.02,original_M0__top2,-31.46,-54.246,-11.877000000000002
DE_LU_FR_BE,forecast_hour_logit,count2023_cool6,hour,0.03,original_M0__top2,-24.19,-47.25275,-4.607750000000001
DE_LU_FR_BE,forecast_hour_logit,count2023_cool6,hour,0.05,original_M0__top2,-9.649999999999999,-33.25875,9.653749999999995
DE_LU_FR_BE,forecast_hour_logit,count2023_cool6,hour,0.1,original_M0__top2,26.700000000000003,2.2974999999999977,45.30749999999999
DE_LU_FR_BE,forecast_hour_logit,count2023_cool6,hour,0.2,original_M0__top2,99.4,71.4,118.805
DE_LU_FR_BE,forecast_hour_logit,count2023_cool6,hour,0.25,original_M0__top2,135.75,106.0,155.25625
DE_LU_FR_BE,forecast_hour_logit,count2023_cool6,hour,0.5,original_M0__top2,317.5,276.975,342.0125
DE_LU_FR_BE,forecast_hour_logit,count2023_cool6,hour,1.0,original_M0__top2,681.0,613.975,721.025
DK1,original_M0,top1,process,0.0,original_M0__top2,-7.0,-12.0,-3.0
DK1,original_M0,top1,process,0.0005,original_M0__top2,-6.6375,-11.6375,-2.6369875
DK1,original_M0,top1,process,0.001,original_M0__top2,-6.275,-11.275,-2.273975
DK1,original_M0,top1,process,0.0015,original_M0__top2,-5.9125,-10.9125,-1.9109625000000001
DK1,original_M0,top1,process,0.002,original_M0__top2,-5.55,-10.55,-1.5479500000000002
DK1,original_M0,top1,process,0.0025,original_M0__top2,-5.1875,-10.1875,-1.1849375000000002
DK1,original_M0,top1,process,0.003,original_M0__top2,-4.824999999999999,-9.825,-0.8219250000000001
DK1,original_M0,top1,process,0.0035,original_M0__top2,-4.4625,-9.4625,-0.45891250000000017
DK1,original_M0,top1,process,0.004,original_M0__top2,-4.1,-9.1,-0.09590000000000018
DK1,original_M0,top1,process,0.0045000000000000005,original_M0__top2,-3.7375,-8.7375,0.26711250000000025
DK1,original_M0,top1,process,0.005000000000000001,original_M0__top2,-3.374999999999999,-8.375,0.6301250000000007
DK1,original_M0,top1,process,0.0055,original_M0__top2,-3.0125,-8.0125,0.9931374999999998
DK1,original_M0,top1,process,0.006,original_M0__top2,-2.6499999999999995,-7.6499999999999995,1.3561499999999997
DK1,original_M0,top1,process,0.006500000000000001,original_M0__top2,-2.2874999999999996,-7.2875,1.7191625000000001
DK1,original_M0,top1,process,0.007000000000000001,original_M0__top2,-1.924999999999999,-6.924999999999999,2.0821750000000008
DK1,original_M0,top1,process,0.0075,original_M0__top2,-1.5625,-6.5625,2.4451874999999994
DK1,original_M0,top1,process,0.008,original_M0__top2,-1.2000000000000002,-6.2,2.8082
DK1,original_M0,top1,process,0.0085,original_M0__top2,-0.8374999999999995,-5.8374999999999995,3.1712125
DK1,original_M0,top1,process,0.009000000000000001,original_M0__top2,-0.47499999999999964,-5.475,3.5342250000000006
DK1,original_M0,top1,process,0.009500000000000001,original_M0__top2,-0.11249999999999893,-5.112499999999999,3.897237500000001
DK1,original_M0,top1,process,0.01,original_M0__top2,0.25,-4.75,4.260249999999999
DK1,original_M0,top1,process,0.0105,original_M0__top2,0.6125000000000007,-4.387499999999999,4.6232625
DK1,original_M0,top1,process,0.011000000000000001,original_M0__top2,0.9750000000000005,-4.0249999999999995,4.986275
DK1,original_M0,top1,process,0.0115,original_M0__top2,1.3375000000000004,-3.6624999999999996,5.3492875
DK1,original_M0,top1,process,0.012,original_M0__top2,1.700000000000001,-3.299999999999999,5.712299999999999
DK1,original_M0,top1,process,0.0125,original_M0__top2,2.0625,-2.9375,6.075312500000001
DK1,original_M0,top1,process,0.013000000000000001,original_M0__top2,2.4250000000000007,-2.5749999999999993,6.438325000000001
DK1,original_M0,top1,process,0.013500000000000002,original_M0__top2,2.7875000000000014,-2.2124999999999986,6.801337500000002
DK1,original_M0,top1,process,0.014,original_M0__top2,3.1500000000000004,-1.8499999999999996,7.16435
DK1,original_M0,top1,process,0.0145,original_M0__top2,3.512500000000001,-1.487499999999999,7.527362500000001
DK1,original_M0,top1,process,0.015,original_M0__top2,3.875,-1.125,7.890374999999999
DK1,original_M0,top1,process,0.02,original_M0__top2,7.5,2.5,11.520499999999998
DK1,original_M0,top1,process,0.03,original_M0__top2,14.75,9.75,18.780749999999998
DK1,original_M0,top1,process,0.05,original_M0__top2,29.25,24.25,33.30125
DK1,original_M0,top1,process,0.1,original_M0__top2,65.5,60.5,69.6025
DK1,original_M0,top1,process,0.2,original_M0__top2,138.0,132.995,142.20000000000002
DK1,original_M0,top1,process,0.25,original_M0__top2,174.25,169.0,178.5
DK1,original_M0,top1,process,0.5,original_M0__top2,355.5,349.5,360.0
DK1,original_M0,top1,process,1.0,original_M0__top2,718.0,710.0,723.0
DK1,original_M0,top1,hour,0.0,original_M0__top2,-141.0,-171.025,-126.0
DK1,original_M0,top1,hour,0.0005,original_M0__top2,-140.6375,-170.6644125,-125.6364875
DK1,original_M0,top1,hour,0.001,original_M0__top2,-140.275,-170.303825,-125.272975
DK1,original_M0,top1,hour,0.0015,original_M0__top2,-139.9125,-169.94323749999998,-124.90946249999999
DK1,original_M0,top1,hour,0.002,original_M0__top2,-139.55,-169.58265,-124.54595
DK1,original_M0,top1,hour,0.0025,original_M0__top2,-139.1875,-169.2220625,-124.1824375
DK1,original_M0,top1,hour,0.003,original_M0__top2,-138.825,-168.86147499999998,-123.81892500000001
DK1,original_M0,top1,hour,0.0035,original_M0__top2,-138.4625,-168.50088749999998,-123.4554125
DK1,original_M0,top1,hour,0.004,original_M0__top2,-138.1,-168.14030000000002,-123.0919
DK1,original_M0,top1,hour,0.0045000000000000005,original_M0__top2,-137.7375,-167.77971250000002,-122.7283875
DK1,original_M0,top1,hour,0.005000000000000001,original_M0__top2,-137.375,-167.419125,-122.364875
DK1,original_M0,top1,hour,0.0055,original_M0__top2,-137.0125,-167.0585375,-122.0013625
DK1,original_M0,top1,hour,0.006,original_M0__top2,-136.65,-166.69795,-121.63785
DK1,original_M0,top1,hour,0.006500000000000001,original_M0__top2,-136.2875,-166.3373625,-121.2743375
DK1,original_M0,top1,hour,0.007000000000000001,original_M0__top2,-135.925,-165.976775,-120.910825
DK1,original_M0,top1,hour,0.0075,original_M0__top2,-135.5625,-165.6161875,-120.5473125
DK1,original_M0,top1,hour,0.008,original_M0__top2,-135.2,-165.2556,-120.18379999999999
DK1,original_M0,top1,hour,0.0085,original_M0__top2,-134.8375,-164.8950125,-119.82028749999999
DK1,original_M0,top1,hour,0.009000000000000001,original_M0__top2,-134.475,-164.534425,-119.456775
DK1,original_M0,top1,hour,0.009500000000000001,original_M0__top2,-134.1125,-164.1738375,-119.09326250000001
DK1,original_M0,top1,hour,0.01,original_M0__top2,-133.75,-163.81324999999998,-118.72975000000001
DK1,original_M0,top1,hour,0.0105,original_M0__top2,-133.3875,-163.4526625,-118.3662375
DK1,original_M0,top1,hour,0.011000000000000001,original_M0__top2,-133.025,-163.092075,-118.002725
DK1,original_M0,top1,hour,0.0115,original_M0__top2,-132.6625,-162.73148750000001,-117.6392125
DK1,original_M0,top1,hour,0.012,original_M0__top2,-132.3,-162.3709,-117.2757
DK1,original_M0,top1,hour,0.0125,original_M0__top2,-131.9375,-162.0103125,-116.9121875
DK1,original_M0,top1,hour,0.013000000000000001,original_M0__top2,-131.575,-161.64972500000002,-116.548675
DK1,original_M0,top1,hour,0.013500000000000002,original_M0__top2,-131.2125,-161.2891375,-116.1851625
DK1,original_M0,top1,hour,0.014,original_M0__top2,-130.85,-160.92855,-115.82165
DK1,original_M0,top1,hour,0.0145,original_M0__top2,-130.4875,-160.5679625,-115.4581375
DK1,original_M0,top1,hour,0.015,original_M0__top2,-130.125,-160.207375,-115.094625
DK1,original_M0,top1,hour,0.02,original_M0__top2,-126.5,-156.60150000000002,-111.45949999999999
DK1,original_M0,top1,hour,0.03,original_M0__top2,-119.25,-149.38975,-104.18925
DK1,original_M0,top1,hour,0.05,original_M0__top2,-104.75,-134.96624999999997,-89.64875
DK1,original_M0,top1,hour,0.1,original_M0__top2,-68.5,-98.90749999999998,-53.2975
DK1,original_M0,top1,hour,0.2,original_M0__top2,4.0,-26.410000000000004,19.400000000000006
DK1,original_M0,top1,hour,0.25,original_M0__top2,40.25,9.74375,55.75
DK1,original_M0,top1,hour,0.5,original_M0__top2,221.5,191.0,237.0125
DK1,original_M0,top1,hour,1.0,original_M0__top2,584.0,554.0,600.0
DK1,original_M0,count2022_target05,process,0.0,original_M0__top2,0.0,0.0,0.0
DK1,original_M0,count2022_target05,process,0.0005,original_M0__top2,0.41300000000000003,0.3755,0.433
DK1,original_M0,count2022_target05,process,0.001,original_M0__top2,0.8260000000000001,0.751,0.866
DK1,original_M0,count2022_target05,process,0.0015,original_M0__top2,1.239,1.1265,1.299
DK1,original_M0,count2022_target05,process,0.002,original_M0__top2,1.6520000000000001,1.502,1.732
DK1,original_M0,count2022_target05,process,0.0025,original_M0__top2,2.065,1.8775,2.165
DK1,original_M0,count2022_target05,process,0.003,original_M0__top2,2.478,2.253,2.598
DK1,original_M0,count2022_target05,process,0.0035,original_M0__top2,2.891,2.6285,3.031
DK1,original_M0,count2022_target05,process,0.004,original_M0__top2,3.3040000000000003,3.004,3.464
DK1,original_M0,count2022_target05,process,0.0045000000000000005,original_M0__top2,3.7170000000000005,3.3795000000000006,3.8970000000000002
DK1,original_M0,count2022_target05,process,0.005000000000000001,original_M0__top2,4.130000000000001,3.755000000000001,4.330000000000001
DK1,original_M0,count2022_target05,process,0.0055,original_M0__top2,4.543,4.1305,4.763
DK1,original_M0,count2022_target05,process,0.006,original_M0__top2,4.956,4.506,5.196
DK1,original_M0,count2022_target05,process,0.006500000000000001,original_M0__top2,5.369000000000001,4.881500000000001,5.6290000000000004
DK1,original_M0,count2022_target05,process,0.007000000000000001,original_M0__top2,5.782000000000001,5.257000000000001,6.062000000000001
DK1,original_M0,count2022_target05,process,0.0075,original_M0__top2,6.194999999999999,5.632499999999999,6.495
DK1,original_M0,count2022_target05,process,0.008,original_M0__top2,6.6080000000000005,6.008,6.928
DK1,original_M0,count2022_target05,process,0.0085,original_M0__top2,7.021000000000001,6.383500000000001,7.361000000000001
DK1,original_M0,count2022_target05,process,0.009000000000000001,original_M0__top2,7.434000000000001,6.759000000000001,7.7940000000000005
DK1,original_M0,count2022_target05,process,0.009500000000000001,original_M0__top2,7.847000000000001,7.134500000000001,8.227000000000002
DK1,original_M0,count2022_target05,process,0.01,original_M0__top2,8.26,7.51,8.66
DK1,original_M0,count2022_target05,process,0.0105,original_M0__top2,8.673,7.8855,9.093
DK1,original_M0,count2022_target05,process,0.011000000000000001,original_M0__top2,9.086,8.261000000000001,9.526000000000002
DK1,original_M0,count2022_target05,process,0.0115,original_M0__top2,9.499,8.6365,9.959
DK1,original_M0,count2022_target05,process,0.012,original_M0__top2,9.912,9.012,10.392
DK1,original_M0,count2022_target05,process,0.0125,original_M0__top2,10.325000000000001,9.387500000000001,10.825000000000001
DK1,original_M0,count2022_target05,process,0.013000000000000001,original_M0__top2,10.738000000000001,9.763000000000002,11.258000000000001
DK1,original_M0,count2022_target05,process,0.013500000000000002,original_M0__top2,11.151000000000002,10.1385,11.691
DK1,original_M0,count2022_target05,process,0.014,original_M0__top2,11.564,10.514,12.124
DK1,original_M0,count2022_target05,process,0.0145,original_M0__top2,11.977,10.8895,12.557
DK1,original_M0,count2022_target05,process,0.015,original_M0__top2,12.389999999999999,11.264999999999999,12.99
DK1,original_M0,count2022_target05,process,0.02,original_M0__top2,16.52,15.02,17.32
DK1,original_M0,count2022_target05,process,0.03,original_M0__top2,24.779999999999998,22.529999999999998,25.98
DK1,original_M0,count2022_target05,process,0.05,original_M0__top2,41.300000000000004,37.550000000000004,43.300000000000004
DK1,original_M0,count2022_target05,process,0.1,original_M0__top2,82.60000000000001,75.10000000000001,86.60000000000001
DK1,original_M0,count2022_target05,process,0.2,original_M0__top2,165.20000000000002,150.20000000000002,173.20000000000002
DK1,original_M0,count2022_target05,process,0.25,original_M0__top2,206.5,187.75,216.5
DK1,original_M0,count2022_target05,process,0.5,original_M0__top2,413.0,375.5,433.0
DK1,original_M0,count2022_target05,process,1.0,original_M0__top2,826.0,751.0,866.0
DK1,original_M0,count2022_target05,hour,0.0,original_M0__top2,-8.0,-17.0,-3.0
DK1,original_M0,count2022_target05,hour,0.0005,original_M0__top2,-7.587,-16.6120375,-2.594425
DK1,original_M0,count2022_target05,hour,0.001,original_M0__top2,-7.1739999999999995,-16.224075,-2.1888500000000004
DK1,original_M0,count2022_target05,hour,0.0015,original_M0__top2,-6.761,-15.8361125,-1.7832750000000004
DK1,original_M0,count2022_target05,hour,0.002,original_M0__top2,-6.348,-15.44815,-1.3777000000000001
DK1,original_M0,count2022_target05,hour,0.0025,original_M0__top2,-5.9350000000000005,-15.0601875,-0.9721250000000005
DK1,original_M0,count2022_target05,hour,0.003,original_M0__top2,-5.522,-14.672225000000001,-0.5665500000000006
DK1,original_M0,count2022_target05,hour,0.0035,original_M0__top2,-5.109,-14.284262499999999,-0.16097500000000023
DK1,original_M0,count2022_target05,hour,0.004,original_M0__top2,-4.696,-13.8963,0.24459999999999968
DK1,original_M0,count2022_target05,hour,0.0045000000000000005,original_M0__top2,-4.2829999999999995,-13.5083375,0.6501750000000001
DK1,original_M0,count2022_target05,hour,0.005000000000000001,original_M0__top2,-3.869999999999999,-13.120375,1.05575
DK1,original_M0,count2022_target05,hour,0.0055,original_M0__top2,-3.457,-12.732412499999999,1.4613249999999989
DK1,original_M0,count2022_target05,hour,0.006,original_M0__top2,-3.0439999999999996,-12.344450000000002,1.866899999999999
DK1,original_M0,count2022_target05,hour,0.006500000000000001,original_M0__top2,-2.6309999999999993,-11.9564875,2.2724749999999996
DK1,original_M0,count2022_target05,hour,0.007000000000000001,original_M0__top2,-2.217999999999999,-11.568525,2.6780499999999994
DK1,original_M0,count2022_target05,hour,0.0075,original_M0__top2,-1.8050000000000006,-11.180562499999999,3.0836249999999987
DK1,original_M0,count2022_target05,hour,0.008,original_M0__top2,-1.3919999999999995,-10.7926,3.4891999999999994
DK1,original_M0,count2022_target05,hour,0.0085,original_M0__top2,-0.9789999999999992,-10.4046375,3.894774999999999
DK1,original_M0,count2022_target05,hour,0.009000000000000001,original_M0__top2,-0.565999999999999,-10.016674999999998,4.30035
DK1,original_M0,count2022_target05,hour,0.009500000000000001,original_M0__top2,-0.1529999999999987,-9.6287125,4.705925
DK1,original_M0,count2022_target05,hour,0.01,original_M0__top2,0.2599999999999998,-9.24075,5.111499999999998
DK1,original_M0,count2022_target05,hour,0.0105,original_M0__top2,0.673,-8.8527875,5.517074999999999
DK1,original_M0,count2022_target05,hour,0.011000000000000001,original_M0__top2,1.0860000000000003,-8.464825,5.92265
DK1,original_M0,count2022_target05,hour,0.0115,original_M0__top2,1.4990000000000006,-8.0768625,6.328224999999998
DK1,original_M0,count2022_target05,hour,0.012,original_M0__top2,1.9120000000000008,-7.6889,6.733799999999998
DK1,original_M0,count2022_target05,hour,0.0125,original_M0__top2,2.325000000000001,-7.300937499999999,7.139374999999999
DK1,original_M0,count2022_target05,hour,0.013000000000000001,original_M0__top2,2.7380000000000013,-6.912299999999999,7.544949999999999
DK1,original_M0,count2022_target05,hour,0.013500000000000002,original_M0__top2,3.1510000000000016,-6.49865,7.950524999999999
DK1,original_M0,count2022_target05,hour,0.014,original_M0__top2,3.564,-6.073599999999999,8.3561
DK1,original_M0,count2022_target05,hour,0.0145,original_M0__top2,3.9770000000000003,-5.648537499999999,8.761674999999999
DK1,original_M0,count2022_target05,hour,0.015,original_M0__top2,4.389999999999999,-5.242125,9.167249999999997
DK1,original_M0,count2022_target05,hour,0.02,original_M0__top2,8.52,-1.1035000000000013,13.34
DK1,original_M0,count2022_target05,hour,0.03,original_M0__top2,16.779999999999998,6.9495,21.570999999999998
DK1,original_M0,count2022_target05,hour,0.05,original_M0__top2,33.300000000000004,22.99875,38.050000000000004
DK1,original_M0,count2022_target05,hour,0.1,original_M0__top2,74.60000000000001,62.09750000000001,80.0025
DK1,original_M0,count2022_target05,hour,0.2,original_M0__top2,157.20000000000002,138.6,165.805
DK1,original_M0,count2022_target05,hour,0.25,original_M0__top2,198.5,176.5,209.0
DK1,original_M0,count2022_target05,hour,0.5,original_M0__top2,405.0,365.0,424.0125
DK1,original_M0,count2022_target05,hour,1.0,original_M0__top2,818.0,742.0,857.0
DK1,original_M0,count2023_target05,process,0.0,original_M0__top2,-1.0,-3.0,0.0
DK1,original_M0,count2023_target05,process,0.0005,original_M0__top2,-0.5545,-2.5820624999999997,0.4565
DK1,original_M0,count2023_target05,process,0.001,original_M0__top2,-0.10899999999999999,-2.1641250000000003,0.913
DK1,original_M0,count2023_target05,process,0.0015,original_M0__top2,0.3365,-1.7461875,1.3695
DK1,original_M0,count2023_target05,process,0.002,original_M0__top2,0.782,-1.3282500000000002,1.826
DK1,original_M0,count2023_target05,process,0.0025,original_M0__top2,1.2275,-0.9103125000000001,2.2825
DK1,original_M0,count2023_target05,process,0.003,original_M0__top2,1.673,-0.49237499999999995,2.739
DK1,original_M0,count2023_target05,process,0.0035,original_M0__top2,2.1185,-0.07443749999999982,3.1955
DK1,original_M0,count2023_target05,process,0.004,original_M0__top2,2.564,0.3434999999999999,3.652
DK1,original_M0,count2023_target05,process,0.0045000000000000005,original_M0__top2,3.0095,0.7614375000000004,4.1085
DK1,original_M0,count2023_target05,process,0.005000000000000001,original_M0__top2,3.455000000000001,1.1793750000000007,4.565000000000001
DK1,original_M0,count2023_target05,process,0.0055,original_M0__top2,3.9005,1.5973125,5.0215
DK1,original_M0,count2023_target05,process,0.006,original_M0__top2,4.346,2.01525,5.478
DK1,original_M0,count2023_target05,process,0.006500000000000001,original_M0__top2,4.7915,2.4331875000000003,5.934500000000001
DK1,original_M0,count2023_target05,process,0.007000000000000001,original_M0__top2,5.237000000000001,2.8511250000000015,6.391000000000001
DK1,original_M0,count2023_target05,process,0.0075,original_M0__top2,5.6825,3.2690624999999995,6.8475
DK1,original_M0,count2023_target05,process,0.008,original_M0__top2,6.128,3.687,7.304
DK1,original_M0,count2023_target05,process,0.0085,original_M0__top2,6.5735,4.104937500000001,7.7605
DK1,original_M0,count2023_target05,process,0.009000000000000001,original_M0__top2,7.019,4.522875000000001,8.217
DK1,original_M0,count2023_target05,process,0.009500000000000001,original_M0__top2,7.464500000000001,4.940812500000001,8.6735
DK1,original_M0,count2023_target05,process,0.01,original_M0__top2,7.91,5.35875,9.13
DK1,original_M0,count2023_target05,process,0.0105,original_M0__top2,8.355500000000001,5.7766875,9.586500000000001
DK1,original_M0,count2023_target05,process,0.011000000000000001,original_M0__top2,8.801,6.194625000000001,10.043000000000001
DK1,original_M0,count2023_target05,process,0.0115,original_M0__top2,9.2465,6.613437499999999,10.4995
DK1,original_M0,count2023_target05,process,0.012,original_M0__top2,9.692,7.0515,10.956
DK1,original_M0,count2023_target05,process,0.0125,original_M0__top2,10.137500000000001,7.474375000000001,11.412500000000001
DK1,original_M0,count2023_target05,process,0.013000000000000001,original_M0__top2,10.583,7.89335,11.869000000000002
DK1,original_M0,count2023_target05,process,0.013500000000000002,original_M0__top2,11.028500000000001,8.312325000000001,12.325500000000002
DK1,original_M0,count2023_target05,process,0.014,original_M0__top2,11.474,8.731850000000001,12.782
DK1,original_M0,count2023_target05,process,0.0145,original_M0__top2,11.919500000000001,9.1651375,13.2385
DK1,original_M0,count2023_target05,process,0.015,original_M0__top2,12.365,9.584624999999999,13.695
DK1,original_M0,count2023_target05,process,0.02,original_M0__top2,16.82,13.780000000000001,18.26
DK1,original_M0,count2023_target05,process,0.03,original_M0__top2,25.73,22.2795,27.39
DK1,original_M0,count2023_target05,process,0.05,original_M0__top2,43.550000000000004,38.95,45.85125
DK1,original_M0,count2023_target05,process,0.1,original_M0__top2,88.10000000000001,80.2,92.30250000000001
DK1,original_M0,count2023_target05,process,0.2,original_M0__top2,177.20000000000002,162.59500000000003,185.4
DK1,original_M0,count2023_target05,process,0.25,original_M0__top2,221.75,203.5,232.00625
DK1,original_M0,count2023_target05,process,0.5,original_M0__top2,444.5,408.5,465.0125
DK1,original_M0,count2023_target05,process,1.0,original_M0__top2,890.0,817.975,931.0
DK1,original_M0,count2023_target05,hour,0.0,original_M0__top2,-22.0,-40.0,-11.0
DK1,original_M0,count2023_target05,hour,0.0005,original_M0__top2,-21.5545,-39.5615,-10.586825
DK1,original_M0,count2023_target05,hour,0.001,original_M0__top2,-21.109,-39.123,-10.17365
DK1,original_M0,count2023_target05,hour,0.0015,original_M0__top2,-20.6635,-38.6845,-9.760475
DK1,original_M0,count2023_target05,hour,0.002,original_M0__top2,-20.218,-38.246,-9.347299999999999
DK1,original_M0,count2023_target05,hour,0.0025,original_M0__top2,-19.7725,-37.8075,-8.934125000000002
DK1,original_M0,count2023_target05,hour,0.003,original_M0__top2,-19.326999999999998,-37.369,-8.520950000000001
DK1,original_M0,count2023_target05,hour,0.0035,original_M0__top2,-18.8815,-36.9305,-8.107775000000002
DK1,original_M0,count2023_target05,hour,0.004,original_M0__top2,-18.436,-36.492,-7.694600000000001
DK1,original_M0,count2023_target05,hour,0.0045000000000000005,original_M0__top2,-17.9905,-36.0535,-7.2814250000000005
DK1,original_M0,count2023_target05,hour,0.005000000000000001,original_M0__top2,-17.544999999999998,-35.615,-6.868250000000001
DK1,original_M0,count2023_target05,hour,0.0055,original_M0__top2,-17.0995,-35.1765,-6.455075000000002
DK1,original_M0,count2023_target05,hour,0.006,original_M0__top2,-16.654,-34.738,-6.041900000000002
DK1,original_M0,count2023_target05,hour,0.006500000000000001,original_M0__top2,-16.2085,-34.2995,-5.628725000000001
DK1,original_M0,count2023_target05,hour,0.007000000000000001,original_M0__top2,-15.762999999999998,-33.861,-5.215550000000001
DK1,original_M0,count2023_target05,hour,0.0075,original_M0__top2,-15.317499999999999,-33.4225,-4.802375000000003
DK1,original_M0,count2023_target05,hour,0.008,original_M0__top2,-14.872,-32.984,-4.389200000000002
DK1,original_M0,count2023_target05,hour,0.0085,original_M0__top2,-14.4265,-32.5455,-3.9760250000000017
DK1,original_M0,count2023_target05,hour,0.009000000000000001,original_M0__top2,-13.981,-32.107,-3.562850000000002
DK1,original_M0,count2023_target05,hour,0.009500000000000001,original_M0__top2,-13.535499999999999,-31.668499999999998,-3.1496750000000016
DK1,original_M0,count2023_target05,hour,0.01,original_M0__top2,-13.09,-31.23,-2.7365000000000035
DK1,original_M0,count2023_target05,hour,0.0105,original_M0__top2,-12.644499999999999,-30.7915,-2.323325000000003
DK1,original_M0,count2023_target05,hour,0.011000000000000001,original_M0__top2,-12.199,-30.353,-1.9101500000000031
DK1,original_M0,count2023_target05,hour,0.0115,original_M0__top2,-11.7535,-29.9145,-1.496975000000003
DK1,original_M0,count2023_target05,hour,0.012,original_M0__top2,-11.308,-29.476,-1.083800000000003
DK1,original_M0,count2023_target05,hour,0.0125,original_M0__top2,-10.862499999999999,-29.0375,-0.6706250000000029
DK1,original_M0,count2023_target05,hour,0.013000000000000001,original_M0__top2,-10.417,-28.598999999999997,-0.2574500000000028
DK1,original_M0,count2023_target05,hour,0.013500000000000002,original_M0__top2,-9.971499999999999,-28.1605,0.15572499999999728
DK1,original_M0,count2023_target05,hour,0.014,original_M0__top2,-9.526,-27.722,0.5688999999999956
DK1,original_M0,count2023_target05,hour,0.0145,original_M0__top2,-9.080499999999999,-27.2835,0.9820749999999957
DK1,original_M0,count2023_target05,hour,0.015,original_M0__top2,-8.635,-26.845,1.400124999999995
DK1,original_M0,count2023_target05,hour,0.02,original_M0__top2,-4.18,-22.3625,5.801499999999999
DK1,original_M0,count2023_target05,hour,0.03,original_M0__top2,4.73,-13.3975,14.29
DK1,original_M0,count2023_target05,hour,0.05,original_M0__top2,22.550000000000004,3.9975000000000005,31.502499999999998
DK1,original_M0,count2023_target05,hour,0.1,original_M0__top2,67.10000000000001,47.895,75.4
DK1,original_M0,count2023_target05,hour,0.2,original_M0__top2,156.20000000000002,132.995,165.60500000000002
DK1,original_M0,count2023_target05,hour,0.25,original_M0__top2,200.75,175.49375,211.0
DK1,original_M0,count2023_target05,hour,0.5,original_M0__top2,423.5,383.0,441.0125
DK1,original_M0,count2023_target05,hour,1.0,original_M0__top2,869.0,793.0,906.0
DK1,original_M0,fixed025,process,0.0,original_M0__top2,-3.0,-7.0,-1.0
DK1,original_M0,fixed025,process,0.0005,original_M0__top2,-2.5095,-6.5270125000000005,-0.49448749999999997
DK1,original_M0,fixed025,process,0.001,original_M0__top2,-2.019,-6.054025,0.011025000000000095
DK1,original_M0,fixed025,process,0.0015,original_M0__top2,-1.5285,-5.5810375,0.5165374999999999
DK1,original_M0,fixed025,process,0.002,original_M0__top2,-1.038,-5.1080499999999995,1.0220500000000001
DK1,original_M0,fixed025,process,0.0025,original_M0__top2,-0.5474999999999999,-4.6350625,1.5275624999999997
DK1,original_M0,fixed025,process,0.003,original_M0__top2,-0.05699999999999994,-4.162075,2.0330749999999997
DK1,original_M0,fixed025,process,0.0035,original_M0__top2,0.4335,-3.6890875,2.5385874999999998
DK1,original_M0,fixed025,process,0.004,original_M0__top2,0.9239999999999999,-3.2161,3.0441000000000003
DK1,original_M0,fixed025,process,0.0045000000000000005,original_M0__top2,1.4145000000000003,-2.7431124999999996,3.5496125
DK1,original_M0,fixed025,process,0.005000000000000001,original_M0__top2,1.9050000000000011,-2.270124999999999,4.055125
DK1,original_M0,fixed025,process,0.0055,original_M0__top2,2.3954999999999993,-1.7971375000000005,4.5606374999999995
DK1,original_M0,fixed025,process,0.006,original_M0__top2,2.886,-1.32415,5.0661499999999995
DK1,original_M0,fixed025,process,0.006500000000000001,original_M0__top2,3.376500000000001,-0.851162499999999,5.5716625
DK1,original_M0,fixed025,process,0.007000000000000001,original_M0__top2,3.867000000000001,-0.3781749999999992,6.077175
DK1,original_M0,fixed025,process,0.0075,original_M0__top2,4.3575,0.09481249999999976,6.5826875
DK1,original_M0,fixed025,process,0.008,original_M0__top2,4.848,0.5678000000000005,7.0882000000000005
DK1,original_M0,fixed025,process,0.0085,original_M0__top2,5.3385,1.0407875000000004,7.5937125000000005
DK1,original_M0,fixed025,process,0.009000000000000001,original_M0__top2,5.829000000000001,1.5137750000000012,8.099225
DK1,original_M0,fixed025,process,0.009500000000000001,original_M0__top2,6.3195000000000014,1.9867625000000018,8.585975000000001
DK1,original_M0,fixed025,process,0.01,original_M0__top2,6.8100000000000005,2.459750000000001,9.090499999999999
DK1,original_M0,fixed025,process,0.0105,original_M0__top2,7.300500000000001,2.9327375,9.595025
DK1,original_M0,fixed025,process,0.011000000000000001,original_M0__top2,7.791,3.405725000000001,10.098
DK1,original_M0,fixed025,process,0.0115,original_M0__top2,8.2815,3.8787125,10.569574999999999
DK1,original_M0,fixed025,process,0.012,original_M0__top2,8.772,4.3517,11.0726
DK1,original_M0,fixed025,process,0.0125,original_M0__top2,9.262500000000001,4.824687500000001,11.575000000000001
DK1,original_M0,fixed025,process,0.013000000000000001,original_M0__top2,9.753000000000002,5.297675000000002,12.039975
DK1,original_M0,fixed025,process,0.013500000000000002,original_M0__top2,10.243500000000001,5.770662500000001,12.541512500000001
DK1,original_M0,fixed025,process,0.014,original_M0__top2,10.734,6.24365,13.042499999999999
DK1,original_M0,fixed025,process,0.0145,original_M0__top2,11.2245,6.717487500000001,13.529349999999999
DK1,original_M0,fixed025,process,0.015,original_M0__top2,11.715,7.224125,14.015374999999999
DK1,original_M0,fixed025,process,0.02,original_M0__top2,16.62,11.9785,18.94
DK1,original_M0,fixed025,process,0.03,original_M0__top2,26.43,21.4895,28.91
DK1,original_M0,fixed025,process,0.05,original_M0__top2,46.050000000000004,40.24875,49.0
DK1,original_M0,fixed025,process,0.1,original_M0__top2,95.10000000000001,87.2,99.80250000000001
DK1,original_M0,fixed025,process,0.2,original_M0__top2,193.20000000000002,179.59500000000003,201.205
DK1,original_M0,fixed025,process,0.25,original_M0__top2,242.25,225.24375,252.00625
DK1,original_M0,fixed025,process,0.5,original_M0__top2,487.5,454.5,507.0125
DK1,original_M0,fixed025,process,1.0,original_M0__top2,978.0,912.975,1018.025
DK1,original_M0,fixed025,hour,0.0,original_M0__top2,-35.0,-58.025,-23.0
DK1,original_M0,fixed025,hour,0.0005,original_M0__top2,-34.5095,-57.5481375,-22.5423125
DK1,original_M0,fixed025,hour,0.001,original_M0__top2,-34.019,-57.071275,-22.084625000000003
DK1,original_M0,fixed025,hour,0.0015,original_M0__top2,-33.5285,-56.594412500000004,-21.6269375
DK1,original_M0,fixed025,hour,0.002,original_M0__top2,-33.038,-56.11755,-21.16925
DK1,original_M0,fixed025,hour,0.0025,original_M0__top2,-32.5475,-55.6406875,-20.7115625
DK1,original_M0,fixed025,hour,0.003,original_M0__top2,-32.057,-55.163824999999996,-20.253875
DK1,original_M0,fixed025,hour,0.0035,original_M0__top2,-31.5665,-54.6869625,-19.796187500000002
DK1,original_M0,fixed025,hour,0.004,original_M0__top2,-31.076,-54.2101,-19.3385
DK1,original_M0,fixed025,hour,0.0045000000000000005,original_M0__top2,-30.5855,-53.7332375,-18.8808125
DK1,original_M0,fixed025,hour,0.005000000000000001,original_M0__top2,-30.095,-53.256375,-18.423125
DK1,original_M0,fixed025,hour,0.0055,original_M0__top2,-29.6045,-52.7795125,-17.965437500000004
DK1,original_M0,fixed025,hour,0.006,original_M0__top2,-29.114,-52.30265,-17.50775
DK1,original_M0,fixed025,hour,0.006500000000000001,original_M0__top2,-28.6235,-51.8257875,-17.0500625
DK1,original_M0,fixed025,hour,0.007000000000000001,original_M0__top2,-28.133,-51.348924999999994,-16.592375
DK1,original_M0,fixed025,hour,0.0075,original_M0__top2,-27.6425,-50.8720625,-16.134687500000002
DK1,original_M0,fixed025,hour,0.008,original_M0__top2,-27.152,-50.395199999999996,-15.677000000000003
DK1,original_M0,fixed025,hour,0.0085,original_M0__top2,-26.6615,-49.9183375,-15.219312500000003
DK1,original_M0,fixed025,hour,0.009000000000000001,original_M0__top2,-26.171,-49.441475000000004,-14.761625000000002
DK1,original_M0,fixed025,hour,0.009500000000000001,original_M0__top2,-25.6805,-48.9308875,-14.303937500000002
DK1,original_M0,fixed025,hour,0.01,original_M0__top2,-25.189999999999998,-48.402249999999995,-13.846250000000003
DK1,original_M0,fixed025,hour,0.0105,original_M0__top2,-24.6995,-47.8736125,-13.388562500000004
DK1,original_M0,fixed025,hour,0.011000000000000001,original_M0__top2,-24.209,-47.344975,-12.929900000000004
DK1,original_M0,fixed025,hour,0.0115,original_M0__top2,-23.7185,-46.8163375,-12.427850000000003
DK1,original_M0,fixed025,hour,0.012,original_M0__top2,-23.228,-46.2877,-11.9258
DK1,original_M0,fixed025,hour,0.0125,original_M0__top2,-22.737499999999997,-45.7590625,-11.42375
DK1,original_M0,fixed025,hour,0.013000000000000001,original_M0__top2,-22.247,-45.230425,-10.9217
DK1,original_M0,fixed025,hour,0.013500000000000002,original_M0__top2,-21.7565,-44.701787499999995,-10.444349999999998
DK1,original_M0,fixed025,hour,0.014,original_M0__top2,-21.266,-44.17314999999999,-9.9793
DK1,original_M0,fixed025,hour,0.0145,original_M0__top2,-20.7755,-43.6445125,-9.514275
DK1,original_M0,fixed025,hour,0.015,original_M0__top2,-20.285,-43.115875,-9.029750000000002
DK1,original_M0,fixed025,hour,0.02,original_M0__top2,-15.379999999999999,-38.024499999999996,-4.352500000000006
DK1,original_M0,fixed025,hour,0.03,original_M0__top2,-5.57,-28.02725,5.4105
DK1,original_M0,fixed025,hour,0.05,original_M0__top2,14.050000000000004,-8.456249999999995,24.5
DK1,original_M0,fixed025,hour,0.1,original_M0__top2,63.10000000000001,40.09250000000001,72.9
DK1,original_M0,fixed025,hour,0.2,original_M0__top2,161.20000000000002,136.20000000000002,171.0
DK1,original_M0,fixed025,hour,0.25,original_M0__top2,210.25,183.0,220.7625
DK1,original_M0,fixed025,hour,0.5,original_M0__top2,455.5,418.0,472.5125
DK1,original_M0,fixed025,hour,1.0,original_M0__top2,946.0,879.0,981.025
DK1,original_M0,count2022_cool6,process,0.0,original_M0__top2,1.0,-5.0,9.0
DK1,original_M0,count2022_cool6,process,0.0005,original_M0__top2,1.468,-4.5510625000000005,9.4690125
DK1,original_M0,count2022_cool6,process,0.001,original_M0__top2,1.936,-4.102125,9.938025000000001
DK1,original_M0,count2022_cool6,process,0.0015,original_M0__top2,2.404,-3.6531875,10.4070375
DK1,original_M0,count2022_cool6,process,0.002,original_M0__top2,2.872,-3.2042499999999996,10.87605
DK1,original_M0,count2022_cool6,process,0.0025,original_M0__top2,3.34,-2.7553125,11.345062500000001
DK1,original_M0,count2022_cool6,process,0.003,original_M0__top2,3.8080000000000003,-2.306375,11.814075
DK1,original_M0,count2022_cool6,process,0.0035,original_M0__top2,4.276,-1.8574374999999996,12.283087499999999
DK1,original_M0,count2022_cool6,process,0.004,original_M0__top2,4.744,-1.4084999999999999,12.7521
DK1,original_M0,count2022_cool6,process,0.0045000000000000005,original_M0__top2,5.212000000000001,-0.9595624999999997,13.2211125
DK1,original_M0,count2022_cool6,process,0.005000000000000001,original_M0__top2,5.680000000000001,-0.5106249999999989,13.690125000000002
DK1,original_M0,count2022_cool6,process,0.0055,original_M0__top2,6.148,-0.06168749999999992,14.159137499999998
DK1,original_M0,count2022_cool6,process,0.006,original_M0__top2,6.6160000000000005,0.38725,14.62815
DK1,original_M0,count2022_cool6,process,0.006500000000000001,original_M0__top2,7.0840000000000005,0.8361875000000006,15.097162500000001
DK1,original_M0,count2022_cool6,process,0.007000000000000001,original_M0__top2,7.552000000000001,1.2851250000000005,15.566175000000001
DK1,original_M0,count2022_cool6,process,0.0075,original_M0__top2,8.02,1.7340624999999994,16.0351875
DK1,original_M0,count2022_cool6,process,0.008,original_M0__top2,8.488,2.1830000000000003,16.5042
DK1,original_M0,count2022_cool6,process,0.0085,original_M0__top2,8.956,2.631937500000001,16.9732125
DK1,original_M0,count2022_cool6,process,0.009000000000000001,original_M0__top2,9.424000000000001,3.0808750000000007,17.442225
DK1,original_M0,count2022_cool6,process,0.009500000000000001,original_M0__top2,9.892000000000001,3.5298125000000007,17.911237500000002
DK1,original_M0,count2022_cool6,process,0.01,original_M0__top2,10.36,3.9787500000000007,18.380250000000004
DK1,original_M0,count2022_cool6,process,0.0105,original_M0__top2,10.828000000000001,4.4276875,18.8492625
DK1,original_M0,count2022_cool6,process,0.011000000000000001,original_M0__top2,11.296000000000001,4.876625,19.318275
DK1,original_M0,count2022_cool6,process,0.0115,original_M0__top2,11.764,5.3255625,19.787287499999998
DK1,original_M0,count2022_cool6,process,0.012,original_M0__top2,12.232000000000001,5.7745,20.2563
DK1,original_M0,count2022_cool6,process,0.0125,original_M0__top2,12.700000000000001,6.223437500000001,20.7253125
DK1,original_M0,count2022_cool6,process,0.013000000000000001,original_M0__top2,13.168000000000001,6.6723750000000015,21.194325000000003
DK1,original_M0,count2022_cool6,process,0.013500000000000002,original_M0__top2,13.636000000000001,7.121962500000001,21.663337500000004
DK1,original_M0,count2022_cool6,process,0.014,original_M0__top2,14.104000000000001,7.571850000000001,22.13235
DK1,original_M0,count2022_cool6,process,0.0145,original_M0__top2,14.572000000000001,8.021,22.6013625
DK1,original_M0,count2022_cool6,process,0.015,original_M0__top2,15.04,8.469999999999999,23.070375
DK1,original_M0,count2022_cool6,process,0.02,original_M0__top2,19.72,12.9795,27.7605
DK1,original_M0,count2022_cool6,process,0.03,original_M0__top2,29.08,21.96925,37.0815
DK1,original_M0,count2022_cool6,process,0.05,original_M0__top2,47.800000000000004,39.900000000000006,55.800000000000004
DK1,original_M0,count2022_cool6,process,0.1,original_M0__top2,94.60000000000001,84.80000000000001,102.80250000000001
DK1,original_M0,count2022_cool6,process,0.2,original_M0__top2,188.20000000000002,172.995,198.20000000000002
DK1,original_M0,count2022_cool6,process,0.25,original_M0__top2,235.0,216.75,246.5
DK1,original_M0,count2022_cool6,process,0.5,original_M0__top2,469.0,435.4875,488.0125
DK1,original_M0,count2022_cool6,process,1.0,original_M0__top2,937.0,872.0,971.025
DK1,original_M0,count2022_cool6,hour,0.0,original_M0__top2,-70.0,-89.0,-50.0
DK1,original_M0,count2022_cool6,hour,0.0005,original_M0__top2,-69.532,-88.5478125,-49.5562625
DK1,original_M0,count2022_cool6,hour,0.001,original_M0__top2,-69.064,-88.095625,-49.112525
DK1,original_M0,count2022_cool6,hour,0.0015,original_M0__top2,-68.596,-87.6434375,-48.6687875
DK1,original_M0,count2022_cool6,hour,0.002,original_M0__top2,-68.128,-87.19125,-48.22505
DK1,original_M0,count2022_cool6,hour,0.0025,original_M0__top2,-67.66,-86.7390625,-47.7813125
DK1,original_M0,count2022_cool6,hour,0.003,original_M0__top2,-67.192,-86.286875,-47.337575
DK1,original_M0,count2022_cool6,hour,0.0035,original_M0__top2,-66.724,-85.8346875,-46.8938375
DK1,original_M0,count2022_cool6,hour,0.004,original_M0__top2,-66.256,-85.3825,-46.4501
DK1,original_M0,count2022_cool6,hour,0.0045000000000000005,original_M0__top2,-65.788,-84.9303125,-46.0063625
DK1,original_M0,count2022_cool6,hour,0.005000000000000001,original_M0__top2,-65.32,-84.47812499999999,-45.562625
DK1,original_M0,count2022_cool6,hour,0.0055,original_M0__top2,-64.852,-84.0259375,-45.1188875
DK1,original_M0,count2022_cool6,hour,0.006,original_M0__top2,-64.384,-83.57374999999999,-44.67515
DK1,original_M0,count2022_cool6,hour,0.006500000000000001,original_M0__top2,-63.916,-83.12156250000001,-44.2314125
DK1,original_M0,count2022_cool6,hour,0.007000000000000001,original_M0__top2,-63.448,-82.66937499999999,-43.787675
DK1,original_M0,count2022_cool6,hour,0.0075,original_M0__top2,-62.980000000000004,-82.21718750000001,-43.3439375
DK1,original_M0,count2022_cool6,hour,0.008,original_M0__top2,-62.512,-81.765,-42.9002
DK1,original_M0,count2022_cool6,hour,0.0085,original_M0__top2,-62.044,-81.3128125,-42.4564625
DK1,original_M0,count2022_cool6,hour,0.009000000000000001,original_M0__top2,-61.576,-80.860625,-42.012725
DK1,original_M0,count2022_cool6,hour,0.009500000000000001,original_M0__top2,-61.108,-80.4084375,-41.5689875
DK1,original_M0,count2022_cool6,hour,0.01,original_M0__top2,-60.64,-79.95625,-41.12525
DK1,original_M0,count2022_cool6,hour,0.0105,original_M0__top2,-60.172,-79.5040625,-40.6815125
DK1,original_M0,count2022_cool6,hour,0.011000000000000001,original_M0__top2,-59.704,-79.051875,-40.237775
DK1,original_M0,count2022_cool6,hour,0.0115,original_M0__top2,-59.236000000000004,-78.5996875,-39.79403750000001
DK1,original_M0,count2022_cool6,hour,0.012,original_M0__top2,-58.768,-78.1475,-39.350300000000004
DK1,original_M0,count2022_cool6,hour,0.0125,original_M0__top2,-58.3,-77.6953125,-38.90656250000001
DK1,original_M0,count2022_cool6,hour,0.013000000000000001,original_M0__top2,-57.832,-77.24312499999999,-38.46282500000001
DK1,original_M0,count2022_cool6,hour,0.013500000000000002,original_M0__top2,-57.364,-76.7909375,-38.019087500000005
DK1,original_M0,count2022_cool6,hour,0.014,original_M0__top2,-56.896,-76.33875,-37.57535000000001
DK1,original_M0,count2022_cool6,hour,0.0145,original_M0__top2,-56.428,-75.8865625,-37.13161250000001
DK1,original_M0,count2022_cool6,hour,0.015,original_M0__top2,-55.96,-75.434375,-36.68300000000001
DK1,original_M0,count2022_cool6,hour,0.02,original_M0__top2,-51.28,-70.91250000000001,-31.919
DK1,original_M0,count2022_cool6,hour,0.03,original_M0__top2,-41.92,-61.86875,-22.754500000000007
DK1,original_M0,count2022_cool6,hour,0.05,original_M0__top2,-23.199999999999996,-43.76375,-3.7974999999999994
DK1,original_M0,count2022_cool6,hour,0.1,original_M0__top2,23.60000000000001,0.8000000000000114,43.0025
DK1,original_M0,count2022_cool6,hour,0.2,original_M0__top2,117.20000000000002,90.39500000000001,136.805
DK1,original_M0,count2022_cool6,hour,0.25,original_M0__top2,164.0,135.99375,184.50625
DK1,original_M0,count2022_cool6,hour,0.5,original_M0__top2,398.0,356.4875,424.5125
DK1,original_M0,count2022_cool6,hour,1.0,original_M0__top2,866.0,795.0,907.0
DK1,original_M0,count2023_cool6,process,0.0,original_M0__top2,-1.0,-7.0,7.0
DK1,original_M0,count2023_cool6,process,0.0005,original_M0__top2,-0.505,-6.5305125,7.4840375
DK1,original_M0,count2023_cool6,process,0.001,original_M0__top2,-0.010000000000000009,-6.061025,7.968075
DK1,original_M0,count2023_cool6,process,0.0015,original_M0__top2,0.4850000000000001,-5.5915375,8.4521125
DK1,original_M0,count2023_cool6,process,0.002,original_M0__top2,0.98,-5.12205,8.93615
DK1,original_M0,count2023_cool6,process,0.0025,original_M0__top2,1.475,-4.6525625,9.420187499999999
DK1,original_M0,count2023_cool6,process,0.003,original_M0__top2,1.9700000000000002,-4.183075,9.904225
DK1,original_M0,count2023_cool6,process,0.0035,original_M0__top2,2.465,-3.7135874999999996,10.3882625
DK1,original_M0,count2023_cool6,process,0.004,original_M0__top2,2.96,-3.2441,10.8723
DK1,original_M0,count2023_cool6,process,0.0045000000000000005,original_M0__top2,3.455000000000001,-2.7746125,11.356337500000002
DK1,original_M0,count2023_cool6,process,0.005000000000000001,original_M0__top2,3.950000000000001,-2.305124999999999,11.840375
DK1,original_M0,count2023_cool6,process,0.0055,original_M0__top2,4.444999999999999,-1.8356375000000005,12.3244125
DK1,original_M0,count2023_cool6,process,0.006,original_M0__top2,4.94,-1.3661499999999998,12.808449999999999
DK1,original_M0,count2023_cool6,process,0.006500000000000001,original_M0__top2,5.4350000000000005,-0.8966624999999996,13.292487500000002
DK1,original_M0,count2023_cool6,process,0.007000000000000001,original_M0__top2,5.930000000000001,-0.4271749999999987,13.776525
DK1,original_M0,count2023_cool6,process,0.0075,original_M0__top2,6.425,0.042312499999999566,14.260562499999999
DK1,original_M0,count2023_cool6,process,0.008,original_M0__top2,6.92,0.5118000000000005,14.744599999999998
DK1,original_M0,count2023_cool6,process,0.0085,original_M0__top2,7.415000000000001,0.9812875000000005,15.2286375
DK1,original_M0,count2023_cool6,process,0.009000000000000001,original_M0__top2,7.910000000000002,1.4507750000000006,15.712675
DK1,original_M0,count2023_cool6,process,0.009500000000000001,original_M0__top2,8.405000000000001,1.9202625000000006,16.1967125
DK1,original_M0,count2023_cool6,process,0.01,original_M0__top2,8.9,2.3897500000000007,16.68075
DK1,original_M0,count2023_cool6,process,0.0105,original_M0__top2,9.395000000000001,2.8592375000000008,17.1647875
DK1,original_M0,count2023_cool6,process,0.011000000000000001,original_M0__top2,9.89,3.328725000000001,17.648825000000002
DK1,original_M0,count2023_cool6,process,0.0115,original_M0__top2,10.385,3.7982125000000004,18.132862499999998
DK1,original_M0,count2023_cool6,process,0.012,original_M0__top2,10.88,4.2677000000000005,18.616899999999998
DK1,original_M0,count2023_cool6,process,0.0125,original_M0__top2,11.375,4.737187500000001,19.1009375
DK1,original_M0,count2023_cool6,process,0.013000000000000001,original_M0__top2,11.870000000000001,5.206675000000001,19.584975000000004
DK1,original_M0,count2023_cool6,process,0.013500000000000002,original_M0__top2,12.365000000000002,5.676475000000001,20.0690125
DK1,original_M0,count2023_cool6,process,0.014,original_M0__top2,12.86,6.181100000000001,20.55305
DK1,original_M0,count2023_cool6,process,0.0145,original_M0__top2,13.355,6.686187500000001,21.037087500000002
DK1,original_M0,count2023_cool6,process,0.015,original_M0__top2,13.85,7.158125,21.521124999999998
DK1,original_M0,count2023_cool6,process,0.02,original_M0__top2,18.8,11.879999999999999,26.421
DK1,original_M0,count2023_cool6,process,0.03,original_M0__top2,28.7,21.488999999999997,36.26025
DK1,original_M0,count2023_cool6,process,0.05,original_M0__top2,48.5,40.400000000000006,56.20125
DK1,original_M0,count2023_cool6,process,0.1,original_M0__top2,98.0,87.4975,106.0075
DK1,original_M0,count2023_cool6,process,0.2,original_M0__top2,197.0,181.79500000000002,206.8
DK1,original_M0,count2023_cool6,process,0.25,original_M0__top2,246.5,228.4875,257.5
DK1,original_M0,count2023_cool6,process,0.5,original_M0__top2,494.0,461.475,513.0
DK1,original_M0,count2023_cool6,process,1.0,original_M0__top2,989.0,924.0,1024.025
DK1,original_M0,count2023_cool6,hour,0.0,original_M0__top2,-81.0,-106.0,-61.97500000000002
DK1,original_M0,count2023_cool6,hour,0.0005,original_M0__top2,-80.505,-105.5165875,-61.457212500000026
DK1,original_M0,count2023_cool6,hour,0.001,original_M0__top2,-80.01,-105.033175,-60.93942500000002
DK1,original_M0,count2023_cool6,hour,0.0015,original_M0__top2,-79.515,-104.5497625,-60.42163750000002
DK1,original_M0,count2023_cool6,hour,0.002,original_M0__top2,-79.02,-104.06635,-59.90385000000002
DK1,original_M0,count2023_cool6,hour,0.0025,original_M0__top2,-78.525,-103.5829375,-59.386062500000016
DK1,original_M0,count2023_cool6,hour,0.003,original_M0__top2,-78.03,-103.099525,-58.86827500000002
DK1,original_M0,count2023_cool6,hour,0.0035,original_M0__top2,-77.535,-102.6161125,-58.350487500000014
DK1,original_M0,count2023_cool6,hour,0.004,original_M0__top2,-77.04,-102.1327,-57.83270000000001
DK1,original_M0,count2023_cool6,hour,0.0045000000000000005,original_M0__top2,-76.545,-101.6492875,-57.31491250000001
DK1,original_M0,count2023_cool6,hour,0.005000000000000001,original_M0__top2,-76.05,-101.16587499999999,-56.797125000000015
DK1,original_M0,count2023_cool6,hour,0.0055,original_M0__top2,-75.555,-100.6824625,-56.279337500000004
DK1,original_M0,count2023_cool6,hour,0.006,original_M0__top2,-75.06,-100.19905,-55.76155000000001
DK1,original_M0,count2023_cool6,hour,0.006500000000000001,original_M0__top2,-74.565,-99.7156375,-55.24376250000001
DK1,original_M0,count2023_cool6,hour,0.007000000000000001,original_M0__top2,-74.07,-99.232225,-54.72597500000001
DK1,original_M0,count2023_cool6,hour,0.0075,original_M0__top2,-73.575,-98.7488125,-54.20818750000001
DK1,original_M0,count2023_cool6,hour,0.008,original_M0__top2,-73.08,-98.2654,-53.690400000000004
DK1,original_M0,count2023_cool6,hour,0.0085,original_M0__top2,-72.585,-97.7819875,-53.17261250000001
DK1,original_M0,count2023_cool6,hour,0.009000000000000001,original_M0__top2,-72.09,-97.298575,-52.654825
DK1,original_M0,count2023_cool6,hour,0.009500000000000001,original_M0__top2,-71.595,-96.8151625,-52.1370375
DK1,original_M0,count2023_cool6,hour,0.01,original_M0__top2,-71.1,-96.33175,-51.61925
DK1,original_M0,count2023_cool6,hour,0.0105,original_M0__top2,-70.605,-95.84833749999999,-51.101
DK1,original_M0,count2023_cool6,hour,0.011000000000000001,original_M0__top2,-70.11,-95.364925,-50.582
DK1,original_M0,count2023_cool6,hour,0.0115,original_M0__top2,-69.615,-94.88151250000001,-50.063
DK1,original_M0,count2023_cool6,hour,0.012,original_M0__top2,-69.12,-94.3981,-49.544
DK1,original_M0,count2023_cool6,hour,0.0125,original_M0__top2,-68.625,-93.9146875,-49.025
DK1,original_M0,count2023_cool6,hour,0.013000000000000001,original_M0__top2,-68.13,-93.431275,-48.506
DK1,original_M0,count2023_cool6,hour,0.013500000000000002,original_M0__top2,-67.63499999999999,-92.9478625,-47.986999999999995
DK1,original_M0,count2023_cool6,hour,0.014,original_M0__top2,-67.14,-92.46355,-47.468
DK1,original_M0,count2023_cool6,hour,0.0145,original_M0__top2,-66.645,-91.9792125,-46.949
DK1,original_M0,count2023_cool6,hour,0.015,original_M0__top2,-66.15,-91.49012499999999,-46.43
DK1,original_M0,count2023_cool6,hour,0.02,original_M0__top2,-61.2,-86.32849999999999,-41.493500000000004
DK1,original_M0,count2023_cool6,hour,0.03,original_M0__top2,-51.3,-76.6585,-31.746750000000002
DK1,original_M0,count2023_cool6,hour,0.05,original_M0__top2,-31.5,-57.40625,-12.298749999999998
DK1,original_M0,count2023_cool6,hour,0.1,original_M0__top2,18.0,-8.504999999999999,37.60000000000001
DK1,original_M0,count2023_cool6,hour,0.2,original_M0__top2,117.0,86.78000000000002,136.60500000000002
DK1,original_M0,count2023_cool6,hour,0.25,original_M0__top2,166.5,134.49375,186.25625
DK1,original_M0,count2023_cool6,hour,0.5,original_M0__top2,414.0,370.0,438.5125
DK1,original_M0,count2023_cool6,hour,1.0,original_M0__top2,909.0,838.0,949.0
DK1,base_early_logit,top1,process,0.0,original_M0__top2,-13.0,-18.0,-5.0
DK1,base_early_logit,top1,process,0.0005,original_M0__top2,-12.6375,-17.639,-4.6369875
DK1,base_early_logit,top1,process,0.001,original_M0__top2,-12.275,-17.278,-4.273975
DK1,base_early_logit,top1,process,0.0015,original_M0__top2,-11.9125,-16.917,-3.9109625
DK1,base_early_logit,top1,process,0.002,original_M0__top2,-11.55,-16.556,-3.54795
DK1,base_early_logit,top1,process,0.0025,original_M0__top2,-11.1875,-16.195,-3.1849375
DK1,base_early_logit,top1,process,0.003,original_M0__top2,-10.825,-15.834,-2.8219250000000002
DK1,base_early_logit,top1,process,0.0035,original_M0__top2,-10.4625,-15.472999999999999,-2.4589125000000003
DK1,base_early_logit,top1,process,0.004,original_M0__top2,-10.1,-15.112,-2.0959000000000003
DK1,base_early_logit,top1,process,0.0045000000000000005,original_M0__top2,-9.7375,-14.751,-1.7328874999999997
DK1,base_early_logit,top1,process,0.005000000000000001,original_M0__top2,-9.375,-14.389999999999999,-1.3698749999999993
DK1,base_early_logit,top1,process,0.0055,original_M0__top2,-9.0125,-14.029,-1.0068625000000002
DK1,base_early_logit,top1,process,0.006,original_M0__top2,-8.649999999999999,-13.668,-0.6438500000000003
DK1,base_early_logit,top1,process,0.006500000000000001,original_M0__top2,-8.2875,-13.306999999999999,-0.28083749999999985
DK1,base_early_logit,top1,process,0.007000000000000001,original_M0__top2,-7.924999999999999,-12.945999999999998,0.08217500000000057
DK1,base_early_logit,top1,process,0.0075,original_M0__top2,-7.5625,-12.585,0.44518749999999924
DK1,base_early_logit,top1,process,0.008,original_M0__top2,-7.2,-12.224,0.8081999999999997
DK1,base_early_logit,top1,process,0.0085,original_M0__top2,-6.8374999999999995,-11.863,1.1712125
DK1,base_early_logit,top1,process,0.009000000000000001,original_M0__top2,-6.475,-11.501999999999999,1.5342250000000004
DK1,base_early_logit,top1,process,0.009500000000000001,original_M0__top2,-6.112499999999999,-11.140999999999998,1.897237500000001
DK1,base_early_logit,top1,process,0.01,original_M0__top2,-5.75,-10.780000000000001,2.2602499999999996
DK1,base_early_logit,top1,process,0.0105,original_M0__top2,-5.387499999999999,-10.419,2.6232625
DK1,base_early_logit,top1,process,0.011000000000000001,original_M0__top2,-5.0249999999999995,-10.058,2.9862750000000005
DK1,base_early_logit,top1,process,0.0115,original_M0__top2,-4.6625,-9.697000000000001,3.3492875
DK1,base_early_logit,top1,process,0.012,original_M0__top2,-4.299999999999999,-9.336,3.7122999999999995
DK1,base_early_logit,top1,process,0.0125,original_M0__top2,-3.9375,-8.975,4.075312500000001
DK1,base_early_logit,top1,process,0.013000000000000001,original_M0__top2,-3.5749999999999993,-8.613999999999999,4.438325000000001
DK1,base_early_logit,top1,process,0.013500000000000002,original_M0__top2,-3.2124999999999986,-8.252999999999998,4.801337500000002
DK1,base_early_logit,top1,process,0.014,original_M0__top2,-2.8499999999999996,-7.8919999999999995,5.16435
DK1,base_early_logit,top1,process,0.0145,original_M0__top2,-2.487499999999999,-7.530999999999999,5.527362500000001
DK1,base_early_logit,top1,process,0.015,original_M0__top2,-2.125,-7.17,5.890374999999999
DK1,base_early_logit,top1,process,0.02,original_M0__top2,1.5,-3.5600000000000005,9.520499999999998
DK1,base_early_logit,top1,process,0.03,original_M0__top2,8.75,3.66,16.780749999999998
DK1,base_early_logit,top1,process,0.05,original_M0__top2,23.25,18.1,31.301250000000003
DK1,base_early_logit,top1,process,0.1,original_M0__top2,59.5,54.2,67.6025
DK1,base_early_logit,top1,process,0.2,original_M0__top2,132.0,126.4,140.005
DK1,base_early_logit,top1,process,0.25,original_M0__top2,168.25,162.5,176.25
DK1,base_early_logit,top1,process,0.5,original_M0__top2,349.5,343.5,357.5
DK1,base_early_logit,top1,process,1.0,original_M0__top2,712.0,705.0,720.0
DK1,base_early_logit,top1,hour,0.0,original_M0__top2,-181.0,-223.0,-159.0
DK1,base_early_logit,top1,hour,0.0005,original_M0__top2,-180.6375,-222.637025,-158.636975
DK1,base_early_logit,top1,hour,0.001,original_M0__top2,-180.275,-222.27405,-158.27395
DK1,base_early_logit,top1,hour,0.0015,original_M0__top2,-179.9125,-221.911075,-157.910925
DK1,base_early_logit,top1,hour,0.002,original_M0__top2,-179.55,-221.5481,-157.5479
DK1,base_early_logit,top1,hour,0.0025,original_M0__top2,-179.1875,-221.185125,-157.184875
DK1,base_early_logit,top1,hour,0.003,original_M0__top2,-178.825,-220.82215,-156.82185
DK1,base_early_logit,top1,hour,0.0035,original_M0__top2,-178.4625,-220.45917500000002,-156.458825
DK1,base_early_logit,top1,hour,0.004,original_M0__top2,-178.1,-220.0962,-156.0958
DK1,base_early_logit,top1,hour,0.0045000000000000005,original_M0__top2,-177.7375,-219.733225,-155.732775
DK1,base_early_logit,top1,hour,0.005000000000000001,original_M0__top2,-177.375,-219.37025,-155.36975
DK1,base_early_logit,top1,hour,0.0055,original_M0__top2,-177.0125,-219.007275,-155.00672500000002
DK1,base_early_logit,top1,hour,0.006,original_M0__top2,-176.65,-218.64430000000002,-154.6437
DK1,base_early_logit,top1,hour,0.006500000000000001,original_M0__top2,-176.2875,-218.281325,-154.280675
DK1,base_early_logit,top1,hour,0.007000000000000001,original_M0__top2,-175.925,-217.91835,-153.91765
DK1,base_early_logit,top1,hour,0.0075,original_M0__top2,-175.5625,-217.555375,-153.55462500000002
DK1,base_early_logit,top1,hour,0.008,original_M0__top2,-175.2,-217.19240000000002,-153.1916
DK1,base_early_logit,top1,hour,0.0085,original_M0__top2,-174.8375,-216.82942500000001,-152.828575
DK1,base_early_logit,top1,hour,0.009000000000000001,original_M0__top2,-174.475,-216.46645,-152.46555
DK1,base_early_logit,top1,hour,0.009500000000000001,original_M0__top2,-174.1125,-216.103475,-152.102525
DK1,base_early_logit,top1,hour,0.01,original_M0__top2,-173.75,-215.7405,-151.73950000000002
DK1,base_early_logit,top1,hour,0.0105,original_M0__top2,-173.3875,-215.37752500000002,-151.376475
DK1,base_early_logit,top1,hour,0.011000000000000001,original_M0__top2,-173.025,-215.01455,-151.01345
DK1,base_early_logit,top1,hour,0.0115,original_M0__top2,-172.6625,-214.651575,-150.650425
DK1,base_early_logit,top1,hour,0.012,original_M0__top2,-172.3,-214.2886,-150.28740000000002
DK1,base_early_logit,top1,hour,0.0125,original_M0__top2,-171.9375,-213.925625,-149.924375
DK1,base_early_logit,top1,hour,0.013000000000000001,original_M0__top2,-171.575,-213.56265000000002,-149.56135
DK1,base_early_logit,top1,hour,0.013500000000000002,original_M0__top2,-171.2125,-213.199675,-149.198325
DK1,base_early_logit,top1,hour,0.014,original_M0__top2,-170.85,-212.8367,-148.83530000000002
DK1,base_early_logit,top1,hour,0.0145,original_M0__top2,-170.4875,-212.473725,-148.47227500000002
DK1,base_early_logit,top1,hour,0.015,original_M0__top2,-170.125,-212.11075000000002,-148.10925
DK1,base_early_logit,top1,hour,0.02,original_M0__top2,-166.5,-208.481,-144.47899999999998
DK1,base_early_logit,top1,hour,0.03,original_M0__top2,-159.25,-201.2215,-137.2185
DK1,base_early_logit,top1,hour,0.05,original_M0__top2,-144.75,-186.7025,-122.69749999999999
DK1,base_early_logit,top1,hour,0.1,original_M0__top2,-108.5,-150.40499999999997,-86.395
DK1,base_early_logit,top1,hour,0.2,original_M0__top2,-36.0,-77.80999999999999,-13.789999999999992
DK1,base_early_logit,top1,hour,0.25,original_M0__top2,0.25,-41.5125,22.506249999999994
DK1,base_early_logit,top1,hour,0.5,original_M0__top2,181.5,139.975,203.5125
DK1,base_early_logit,top1,hour,1.0,original_M0__top2,544.0,501.0,566.0
DK1,base_early_logit,top2,process,0.0,original_M0__top2,-5.0,-10.024999999999999,5.0
DK1,base_early_logit,top2,process,0.0005,original_M0__top2,-5.0,-10.024999999999999,5.0
DK1,base_early_logit,top2,process,0.001,original_M0__top2,-5.0,-10.024999999999999,5.0
DK1,base_early_logit,top2,process,0.0015,original_M0__top2,-5.0,-10.024999999999999,5.0
DK1,base_early_logit,top2,process,0.002,original_M0__top2,-5.0,-10.024999999999999,5.0
DK1,base_early_logit,top2,process,0.0025,original_M0__top2,-5.0,-10.024999999999999,5.0
DK1,base_early_logit,top2,process,0.003,original_M0__top2,-5.0,-10.024999999999999,5.0
DK1,base_early_logit,top2,process,0.0035,original_M0__top2,-5.0,-10.024999999999999,5.0
DK1,base_early_logit,top2,process,0.004,original_M0__top2,-5.0,-10.024999999999999,5.0
DK1,base_early_logit,top2,process,0.0045000000000000005,original_M0__top2,-5.0,-10.024999999999999,5.0
DK1,base_early_logit,top2,process,0.005000000000000001,original_M0__top2,-5.0,-10.024999999999999,5.0
DK1,base_early_logit,top2,process,0.0055,original_M0__top2,-5.0,-10.024999999999999,5.0
DK1,base_early_logit,top2,process,0.006,original_M0__top2,-5.0,-10.024999999999999,5.0
DK1,base_early_logit,top2,process,0.006500000000000001,original_M0__top2,-5.0,-10.024999999999999,5.0
DK1,base_early_logit,top2,process,0.007000000000000001,original_M0__top2,-5.0,-10.024999999999999,5.0
DK1,base_early_logit,top2,process,0.0075,original_M0__top2,-5.0,-10.024999999999999,5.0
DK1,base_early_logit,top2,process,0.008,original_M0__top2,-5.0,-10.024999999999999,5.0
DK1,base_early_logit,top2,process,0.0085,original_M0__top2,-5.0,-10.024999999999999,5.0
DK1,base_early_logit,top2,process,0.009000000000000001,original_M0__top2,-5.0,-10.024999999999999,5.0
DK1,base_early_logit,top2,process,0.009500000000000001,original_M0__top2,-5.0,-10.024999999999999,5.0
DK1,base_early_logit,top2,process,0.01,original_M0__top2,-5.0,-10.024999999999999,5.0
DK1,base_early_logit,top2,process,0.0105,original_M0__top2,-5.0,-10.024999999999999,5.0
DK1,base_early_logit,top2,process,0.011000000000000001,original_M0__top2,-5.0,-10.024999999999999,5.0
DK1,base_early_logit,top2,process,0.0115,original_M0__top2,-5.0,-10.024999999999999,5.0
DK1,base_early_logit,top2,process,0.012,original_M0__top2,-5.0,-10.024999999999999,5.0
DK1,base_early_logit,top2,process,0.0125,original_M0__top2,-5.0,-10.024999999999999,5.0
DK1,base_early_logit,top2,process,0.013000000000000001,original_M0__top2,-5.0,-10.024999999999999,5.0
DK1,base_early_logit,top2,process,0.013500000000000002,original_M0__top2,-5.0,-10.024999999999999,5.0
DK1,base_early_logit,top2,process,0.014,original_M0__top2,-5.0,-10.024999999999999,5.0
DK1,base_early_logit,top2,process,0.0145,original_M0__top2,-5.0,-10.024999999999999,5.0
DK1,base_early_logit,top2,process,0.015,original_M0__top2,-5.0,-10.024999999999999,5.0
DK1,base_early_logit,top2,process,0.02,original_M0__top2,-5.0,-10.024999999999999,5.0
DK1,base_early_logit,top2,process,0.03,original_M0__top2,-5.0,-10.024999999999999,5.0
DK1,base_early_logit,top2,process,0.05,original_M0__top2,-5.0,-10.024999999999999,5.0
DK1,base_early_logit,top2,process,0.1,original_M0__top2,-5.0,-10.024999999999999,5.0
DK1,base_early_logit,top2,process,0.2,original_M0__top2,-5.0,-10.024999999999999,5.0
DK1,base_early_logit,top2,process,0.25,original_M0__top2,-5.0,-10.024999999999999,5.0
DK1,base_early_logit,top2,process,0.5,original_M0__top2,-5.0,-10.024999999999999,5.0
DK1,base_early_logit,top2,process,1.0,original_M0__top2,-5.0,-10.024999999999999,5.0
DK1,base_early_logit,top2,hour,0.0,original_M0__top2,-73.0,-105.0,-47.97500000000002
DK1,base_early_logit,top2,hour,0.0005,original_M0__top2,-73.0,-105.0,-47.97500000000002
DK1,base_early_logit,top2,hour,0.001,original_M0__top2,-73.0,-105.0,-47.97500000000002
DK1,base_early_logit,top2,hour,0.0015,original_M0__top2,-73.0,-105.0,-47.97500000000002
DK1,base_early_logit,top2,hour,0.002,original_M0__top2,-73.0,-105.0,-47.97500000000002
DK1,base_early_logit,top2,hour,0.0025,original_M0__top2,-73.0,-105.0,-47.97500000000002
DK1,base_early_logit,top2,hour,0.003,original_M0__top2,-73.0,-105.0,-47.97500000000002
DK1,base_early_logit,top2,hour,0.0035,original_M0__top2,-73.0,-105.0,-47.97500000000002
DK1,base_early_logit,top2,hour,0.004,original_M0__top2,-73.0,-105.0,-47.97500000000002
DK1,base_early_logit,top2,hour,0.0045000000000000005,original_M0__top2,-73.0,-105.0,-47.97500000000002
DK1,base_early_logit,top2,hour,0.005000000000000001,original_M0__top2,-73.0,-105.0,-47.97500000000002
DK1,base_early_logit,top2,hour,0.0055,original_M0__top2,-73.0,-105.0,-47.97500000000002
DK1,base_early_logit,top2,hour,0.006,original_M0__top2,-73.0,-105.0,-47.97500000000002
DK1,base_early_logit,top2,hour,0.006500000000000001,original_M0__top2,-73.0,-105.0,-47.97500000000002
DK1,base_early_logit,top2,hour,0.007000000000000001,original_M0__top2,-73.0,-105.0,-47.97500000000002
DK1,base_early_logit,top2,hour,0.0075,original_M0__top2,-73.0,-105.0,-47.97500000000002
DK1,base_early_logit,top2,hour,0.008,original_M0__top2,-73.0,-105.0,-47.97500000000002
DK1,base_early_logit,top2,hour,0.0085,original_M0__top2,-73.0,-105.0,-47.97500000000002
DK1,base_early_logit,top2,hour,0.009000000000000001,original_M0__top2,-73.0,-105.0,-47.97500000000002
DK1,base_early_logit,top2,hour,0.009500000000000001,original_M0__top2,-73.0,-105.0,-47.97500000000002
DK1,base_early_logit,top2,hour,0.01,original_M0__top2,-73.0,-105.0,-47.97500000000002
DK1,base_early_logit,top2,hour,0.0105,original_M0__top2,-73.0,-105.0,-47.97500000000002
DK1,base_early_logit,top2,hour,0.011000000000000001,original_M0__top2,-73.0,-105.0,-47.97500000000002
DK1,base_early_logit,top2,hour,0.0115,original_M0__top2,-73.0,-105.0,-47.97500000000002
DK1,base_early_logit,top2,hour,0.012,original_M0__top2,-73.0,-105.0,-47.97500000000002
DK1,base_early_logit,top2,hour,0.0125,original_M0__top2,-73.0,-105.0,-47.97500000000002
DK1,base_early_logit,top2,hour,0.013000000000000001,original_M0__top2,-73.0,-105.0,-47.97500000000002
DK1,base_early_logit,top2,hour,0.013500000000000002,original_M0__top2,-73.0,-105.0,-47.97500000000002
DK1,base_early_logit,top2,hour,0.014,original_M0__top2,-73.0,-105.0,-47.97500000000002
DK1,base_early_logit,top2,hour,0.0145,original_M0__top2,-73.0,-105.0,-47.97500000000002
DK1,base_early_logit,top2,hour,0.015,original_M0__top2,-73.0,-105.0,-47.97500000000002
DK1,base_early_logit,top2,hour,0.02,original_M0__top2,-73.0,-105.0,-47.97500000000002
DK1,base_early_logit,top2,hour,0.03,original_M0__top2,-73.0,-105.0,-47.97500000000002
DK1,base_early_logit,top2,hour,0.05,original_M0__top2,-73.0,-105.0,-47.97500000000002
DK1,base_early_logit,top2,hour,0.1,original_M0__top2,-73.0,-105.0,-47.97500000000002
DK1,base_early_logit,top2,hour,0.2,original_M0__top2,-73.0,-105.0,-47.97500000000002
DK1,base_early_logit,top2,hour,0.25,original_M0__top2,-73.0,-105.0,-47.97500000000002
DK1,base_early_logit,top2,hour,0.5,original_M0__top2,-73.0,-105.0,-47.97500000000002
DK1,base_early_logit,top2,hour,1.0,original_M0__top2,-73.0,-105.0,-47.97500000000002
DK1,base_early_logit,count2022_target05,process,0.0,original_M0__top2,-6.0,-11.0,4.0
DK1,base_early_logit,count2022_target05,process,0.0005,original_M0__top2,-5.6215,-10.61205,4.3806125
DK1,base_early_logit,count2022_target05,process,0.001,original_M0__top2,-5.243,-10.2241,4.761225
DK1,base_early_logit,count2022_target05,process,0.0015,original_M0__top2,-4.8645,-9.83615,5.141837499999999
DK1,base_early_logit,count2022_target05,process,0.002,original_M0__top2,-4.486,-9.4482,5.52245
DK1,base_early_logit,count2022_target05,process,0.0025,original_M0__top2,-4.1075,-9.06025,5.903062499999999
DK1,base_early_logit,count2022_target05,process,0.003,original_M0__top2,-3.729,-8.6723,6.283674999999999
DK1,base_early_logit,count2022_target05,process,0.0035,original_M0__top2,-3.3505,-8.284349999999998,6.6642874999999995
DK1,base_early_logit,count2022_target05,process,0.004,original_M0__top2,-2.972,-7.8964,7.044899999999999
DK1,base_early_logit,count2022_target05,process,0.0045000000000000005,original_M0__top2,-2.5934999999999997,-7.508449999999999,7.425512499999999
DK1,base_early_logit,count2022_target05,process,0.005000000000000001,original_M0__top2,-2.2149999999999994,-7.120499999999999,7.806125
DK1,base_early_logit,count2022_target05,process,0.0055,original_M0__top2,-1.8365,-6.73255,8.186737499999998
DK1,base_early_logit,count2022_target05,process,0.006,original_M0__top2,-1.4580000000000002,-6.344600000000001,8.567349999999998
DK1,base_early_logit,count2022_target05,process,0.006500000000000001,original_M0__top2,-1.0794999999999995,-5.95665,8.9479625
DK1,base_early_logit,count2022_target05,process,0.007000000000000001,original_M0__top2,-0.7009999999999996,-5.5687,9.328575
DK1,base_early_logit,count2022_target05,process,0.0075,original_M0__top2,-0.3224999999999998,-5.180750000000001,9.709187499999999
DK1,base_early_logit,count2022_target05,process,0.008,original_M0__top2,0.05600000000000005,-4.7928,10.089799999999999
DK1,base_early_logit,count2022_target05,process,0.0085,original_M0__top2,0.4345000000000008,-4.40485,10.470412499999998
DK1,base_early_logit,count2022_target05,process,0.009000000000000001,original_M0__top2,0.8130000000000006,-4.016899999999999,10.851024999999998
DK1,base_early_logit,count2022_target05,process,0.009500000000000001,original_M0__top2,1.1915000000000013,-3.6289499999999992,11.2316375
DK1,base_early_logit,count2022_target05,process,0.01,original_M0__top2,1.5700000000000003,-3.241,11.612249999999998
DK1,base_early_logit,count2022_target05,process,0.0105,original_M0__top2,1.9485000000000001,-2.85305,11.9928625
DK1,base_early_logit,count2022_target05,process,0.011000000000000001,original_M0__top2,2.327,-2.4650999999999987,12.373474999999997
DK1,base_early_logit,count2022_target05,process,0.0115,original_M0__top2,2.7055000000000007,-2.0771500000000005,12.754087499999997
DK1,base_early_logit,count2022_target05,process,0.012,original_M0__top2,3.0839999999999996,-1.6892000000000005,13.134699999999997
DK1,base_early_logit,count2022_target05,process,0.0125,original_M0__top2,3.4625000000000004,-1.301249999999999,13.515312499999999
DK1,base_early_logit,count2022_target05,process,0.013000000000000001,original_M0__top2,3.841000000000001,-0.913299999999999,13.895924999999998
DK1,base_early_logit,count2022_target05,process,0.013500000000000002,original_M0__top2,4.219500000000002,-0.5253499999999991,14.2765375
DK1,base_early_logit,count2022_target05,process,0.014,original_M0__top2,4.598000000000001,-0.1373999999999992,14.657149999999998
DK1,base_early_logit,count2022_target05,process,0.0145,original_M0__top2,4.9765,0.25055000000000077,15.037025
DK1,base_early_logit,count2022_target05,process,0.015,original_M0__top2,5.355,0.638499999999999,15.416749999999997
DK1,base_early_logit,count2022_target05,process,0.02,original_M0__top2,9.14,4.319,19.222999999999995
DK1,base_early_logit,count2022_target05,process,0.03,original_M0__top2,16.71,11.737999999999998,27.060999999999996
DK1,base_early_logit,count2022_target05,process,0.05,original_M0__top2,31.85,26.650000000000006,42.55125
DK1,base_early_logit,count2022_target05,process,0.1,original_M0__top2,69.7,62.7,81.4025
DK1,base_early_logit,count2022_target05,process,0.2,original_M0__top2,145.4,135.18500000000003,161.005
DK1,base_early_logit,count2022_target05,process,0.25,original_M0__top2,183.25,170.74375,201.0
DK1,base_early_logit,count2022_target05,process,0.5,original_M0__top2,372.5,349.5,401.5
DK1,base_early_logit,count2022_target05,process,1.0,original_M0__top2,751.0,704.975,805.0
DK1,base_early_logit,count2022_target05,hour,0.0,original_M0__top2,-80.0,-113.0,-54.0
DK1,base_early_logit,count2022_target05,hour,0.0005,original_M0__top2,-79.6215,-112.639,-53.61735
DK1,base_early_logit,count2022_target05,hour,0.001,original_M0__top2,-79.243,-112.278,-53.2347
DK1,base_early_logit,count2022_target05,hour,0.0015,original_M0__top2,-78.8645,-111.917,-52.85205
DK1,base_early_logit,count2022_target05,hour,0.002,original_M0__top2,-78.486,-111.556,-52.4694
DK1,base_early_logit,count2022_target05,hour,0.0025,original_M0__top2,-78.1075,-111.195,-52.08675
DK1,base_early_logit,count2022_target05,hour,0.003,original_M0__top2,-77.729,-110.834,-51.7041
DK1,base_early_logit,count2022_target05,hour,0.0035,original_M0__top2,-77.3505,-110.473,-51.32145
DK1,base_early_logit,count2022_target05,hour,0.004,original_M0__top2,-76.972,-110.112,-50.9388
DK1,base_early_logit,count2022_target05,hour,0.0045000000000000005,original_M0__top2,-76.5935,-109.751,-50.556149999999995
DK1,base_early_logit,count2022_target05,hour,0.005000000000000001,original_M0__top2,-76.215,-109.39,-50.1735
DK1,base_early_logit,count2022_target05,hour,0.0055,original_M0__top2,-75.8365,-109.029,-49.790850000000006
DK1,base_early_logit,count2022_target05,hour,0.006,original_M0__top2,-75.458,-108.668,-49.4082
DK1,base_early_logit,count2022_target05,hour,0.006500000000000001,original_M0__top2,-75.0795,-108.307,-49.02555
DK1,base_early_logit,count2022_target05,hour,0.007000000000000001,original_M0__top2,-74.701,-107.946,-48.6429
DK1,base_early_logit,count2022_target05,hour,0.0075,original_M0__top2,-74.3225,-107.585,-48.260250000000006
DK1,base_early_logit,count2022_target05,hour,0.008,original_M0__top2,-73.944,-107.224,-47.87760000000001
DK1,base_early_logit,count2022_target05,hour,0.0085,original_M0__top2,-73.5655,-106.863,-47.49495
DK1,base_early_logit,count2022_target05,hour,0.009000000000000001,original_M0__top2,-73.187,-106.502,-47.112300000000005
DK1,base_early_logit,count2022_target05,hour,0.009500000000000001,original_M0__top2,-72.8085,-106.141,-46.72965000000001
DK1,base_early_logit,count2022_target05,hour,0.01,original_M0__top2,-72.43,-105.78,-46.347
DK1,base_early_logit,count2022_target05,hour,0.0105,original_M0__top2,-72.0515,-105.419,-45.96435
DK1,base_early_logit,count2022_target05,hour,0.011000000000000001,original_M0__top2,-71.673,-105.05799999999999,-45.581700000000005
DK1,base_early_logit,count2022_target05,hour,0.0115,original_M0__top2,-71.2945,-104.697,-45.19905000000001
DK1,base_early_logit,count2022_target05,hour,0.012,original_M0__top2,-70.916,-104.336,-44.8164
DK1,base_early_logit,count2022_target05,hour,0.0125,original_M0__top2,-70.5375,-103.975,-44.43375
DK1,base_early_logit,count2022_target05,hour,0.013000000000000001,original_M0__top2,-70.15899999999999,-103.614,-44.051100000000005
DK1,base_early_logit,count2022_target05,hour,0.013500000000000002,original_M0__top2,-69.7805,-103.253,-43.66845
DK1,base_early_logit,count2022_target05,hour,0.014,original_M0__top2,-69.402,-102.892,-43.2858
DK1,base_early_logit,count2022_target05,hour,0.0145,original_M0__top2,-69.0235,-102.531,-42.903150000000004
DK1,base_early_logit,count2022_target05,hour,0.015,original_M0__top2,-68.645,-102.17,-42.520500000000006
DK1,base_early_logit,count2022_target05,hour,0.02,original_M0__top2,-64.86,-98.4215,-38.69400000000001
DK1,base_early_logit,count2022_target05,hour,0.03,original_M0__top2,-57.29,-90.72175,-31.041000000000007
DK1,base_early_logit,count2022_target05,hour,0.05,original_M0__top2,-42.15,-75.30375,-15.442500000000003
DK1,base_early_logit,count2022_target05,hour,0.1,original_M0__top2,-4.299999999999997,-38.705000000000005,23.004999999999995
DK1,base_early_logit,count2022_target05,hour,0.2,original_M0__top2,71.4,35.19000000000002,99.64499999999998
DK1,base_early_logit,count2022_target05,hour,0.25,original_M0__top2,109.25,71.9875,140.0
DK1,base_early_logit,count2022_target05,hour,0.5,original_M0__top2,298.5,254.0,336.0
DK1,base_early_logit,count2022_target05,hour,1.0,original_M0__top2,677.0,615.975,736.0
DK1,base_early_logit,count2023_target05,process,0.0,original_M0__top2,-6.0,-11.0,4.0
DK1,base_early_logit,count2023_target05,process,0.0005,original_M0__top2,-5.6215,-10.61205,4.3806125
DK1,base_early_logit,count2023_target05,process,0.001,original_M0__top2,-5.243,-10.2241,4.761225
DK1,base_early_logit,count2023_target05,process,0.0015,original_M0__top2,-4.8645,-9.83615,5.141837499999999
DK1,base_early_logit,count2023_target05,process,0.002,original_M0__top2,-4.486,-9.4482,5.52245
DK1,base_early_logit,count2023_target05,process,0.0025,original_M0__top2,-4.1075,-9.06025,5.903062499999999
DK1,base_early_logit,count2023_target05,process,0.003,original_M0__top2,-3.729,-8.6723,6.283674999999999
DK1,base_early_logit,count2023_target05,process,0.0035,original_M0__top2,-3.3505,-8.284349999999998,6.6642874999999995
DK1,base_early_logit,count2023_target05,process,0.004,original_M0__top2,-2.972,-7.8964,7.044899999999999
DK1,base_early_logit,count2023_target05,process,0.0045000000000000005,original_M0__top2,-2.5934999999999997,-7.508449999999999,7.425512499999999
DK1,base_early_logit,count2023_target05,process,0.005000000000000001,original_M0__top2,-2.2149999999999994,-7.120499999999999,7.806125
DK1,base_early_logit,count2023_target05,process,0.0055,original_M0__top2,-1.8365,-6.73255,8.186737499999998
DK1,base_early_logit,count2023_target05,process,0.006,original_M0__top2,-1.4580000000000002,-6.344600000000001,8.567349999999998
DK1,base_early_logit,count2023_target05,process,0.006500000000000001,original_M0__top2,-1.0794999999999995,-5.95665,8.9479625
DK1,base_early_logit,count2023_target05,process,0.007000000000000001,original_M0__top2,-0.7009999999999996,-5.5687,9.328575
DK1,base_early_logit,count2023_target05,process,0.0075,original_M0__top2,-0.3224999999999998,-5.180750000000001,9.709187499999999
DK1,base_early_logit,count2023_target05,process,0.008,original_M0__top2,0.05600000000000005,-4.7928,10.089799999999999
DK1,base_early_logit,count2023_target05,process,0.0085,original_M0__top2,0.4345000000000008,-4.40485,10.470412499999998
DK1,base_early_logit,count2023_target05,process,0.009000000000000001,original_M0__top2,0.8130000000000006,-4.016899999999999,10.851024999999998
DK1,base_early_logit,count2023_target05,process,0.009500000000000001,original_M0__top2,1.1915000000000013,-3.6289499999999992,11.2316375
DK1,base_early_logit,count2023_target05,process,0.01,original_M0__top2,1.5700000000000003,-3.241,11.612249999999998
DK1,base_early_logit,count2023_target05,process,0.0105,original_M0__top2,1.9485000000000001,-2.85305,11.9928625
DK1,base_early_logit,count2023_target05,process,0.011000000000000001,original_M0__top2,2.327,-2.4650999999999987,12.373474999999997
DK1,base_early_logit,count2023_target05,process,0.0115,original_M0__top2,2.7055000000000007,-2.0771500000000005,12.754087499999997
DK1,base_early_logit,count2023_target05,process,0.012,original_M0__top2,3.0839999999999996,-1.6892000000000005,13.134699999999997
DK1,base_early_logit,count2023_target05,process,0.0125,original_M0__top2,3.4625000000000004,-1.301249999999999,13.515312499999999
DK1,base_early_logit,count2023_target05,process,0.013000000000000001,original_M0__top2,3.841000000000001,-0.913299999999999,13.895924999999998
DK1,base_early_logit,count2023_target05,process,0.013500000000000002,original_M0__top2,4.219500000000002,-0.5253499999999991,14.2765375
DK1,base_early_logit,count2023_target05,process,0.014,original_M0__top2,4.598000000000001,-0.1373999999999992,14.657149999999998
DK1,base_early_logit,count2023_target05,process,0.0145,original_M0__top2,4.9765,0.25055000000000077,15.037025
DK1,base_early_logit,count2023_target05,process,0.015,original_M0__top2,5.355,0.638499999999999,15.416749999999997
DK1,base_early_logit,count2023_target05,process,0.02,original_M0__top2,9.14,4.319,19.222999999999995
DK1,base_early_logit,count2023_target05,process,0.03,original_M0__top2,16.71,11.737999999999998,27.060999999999996
DK1,base_early_logit,count2023_target05,process,0.05,original_M0__top2,31.85,26.650000000000006,42.55125
DK1,base_early_logit,count2023_target05,process,0.1,original_M0__top2,69.7,62.7,81.4025
DK1,base_early_logit,count2023_target05,process,0.2,original_M0__top2,145.4,135.18500000000003,161.005
DK1,base_early_logit,count2023_target05,process,0.25,original_M0__top2,183.25,170.74375,201.0
DK1,base_early_logit,count2023_target05,process,0.5,original_M0__top2,372.5,349.5,401.5
DK1,base_early_logit,count2023_target05,process,1.0,original_M0__top2,751.0,704.975,805.0
DK1,base_early_logit,count2023_target05,hour,0.0,original_M0__top2,-80.0,-113.0,-54.0
DK1,base_early_logit,count2023_target05,hour,0.0005,original_M0__top2,-79.6215,-112.639,-53.61735
DK1,base_early_logit,count2023_target05,hour,0.001,original_M0__top2,-79.243,-112.278,-53.2347
DK1,base_early_logit,count2023_target05,hour,0.0015,original_M0__top2,-78.8645,-111.917,-52.85205
DK1,base_early_logit,count2023_target05,hour,0.002,original_M0__top2,-78.486,-111.556,-52.4694
DK1,base_early_logit,count2023_target05,hour,0.0025,original_M0__top2,-78.1075,-111.195,-52.08675
DK1,base_early_logit,count2023_target05,hour,0.003,original_M0__top2,-77.729,-110.834,-51.7041
DK1,base_early_logit,count2023_target05,hour,0.0035,original_M0__top2,-77.3505,-110.473,-51.32145
DK1,base_early_logit,count2023_target05,hour,0.004,original_M0__top2,-76.972,-110.112,-50.9388
DK1,base_early_logit,count2023_target05,hour,0.0045000000000000005,original_M0__top2,-76.5935,-109.751,-50.556149999999995
DK1,base_early_logit,count2023_target05,hour,0.005000000000000001,original_M0__top2,-76.215,-109.39,-50.1735
DK1,base_early_logit,count2023_target05,hour,0.0055,original_M0__top2,-75.8365,-109.029,-49.790850000000006
DK1,base_early_logit,count2023_target05,hour,0.006,original_M0__top2,-75.458,-108.668,-49.4082
DK1,base_early_logit,count2023_target05,hour,0.006500000000000001,original_M0__top2,-75.0795,-108.307,-49.02555
DK1,base_early_logit,count2023_target05,hour,0.007000000000000001,original_M0__top2,-74.701,-107.946,-48.6429
DK1,base_early_logit,count2023_target05,hour,0.0075,original_M0__top2,-74.3225,-107.585,-48.260250000000006
DK1,base_early_logit,count2023_target05,hour,0.008,original_M0__top2,-73.944,-107.224,-47.87760000000001
DK1,base_early_logit,count2023_target05,hour,0.0085,original_M0__top2,-73.5655,-106.863,-47.49495
DK1,base_early_logit,count2023_target05,hour,0.009000000000000001,original_M0__top2,-73.187,-106.502,-47.112300000000005
DK1,base_early_logit,count2023_target05,hour,0.009500000000000001,original_M0__top2,-72.8085,-106.141,-46.72965000000001
DK1,base_early_logit,count2023_target05,hour,0.01,original_M0__top2,-72.43,-105.78,-46.347
DK1,base_early_logit,count2023_target05,hour,0.0105,original_M0__top2,-72.0515,-105.419,-45.96435
DK1,base_early_logit,count2023_target05,hour,0.011000000000000001,original_M0__top2,-71.673,-105.05799999999999,-45.581700000000005
DK1,base_early_logit,count2023_target05,hour,0.0115,original_M0__top2,-71.2945,-104.697,-45.19905000000001
DK1,base_early_logit,count2023_target05,hour,0.012,original_M0__top2,-70.916,-104.336,-44.8164
DK1,base_early_logit,count2023_target05,hour,0.0125,original_M0__top2,-70.5375,-103.975,-44.43375
DK1,base_early_logit,count2023_target05,hour,0.013000000000000001,original_M0__top2,-70.15899999999999,-103.614,-44.051100000000005
DK1,base_early_logit,count2023_target05,hour,0.013500000000000002,original_M0__top2,-69.7805,-103.253,-43.66845
DK1,base_early_logit,count2023_target05,hour,0.014,original_M0__top2,-69.402,-102.892,-43.2858
DK1,base_early_logit,count2023_target05,hour,0.0145,original_M0__top2,-69.0235,-102.531,-42.903150000000004
DK1,base_early_logit,count2023_target05,hour,0.015,original_M0__top2,-68.645,-102.17,-42.520500000000006
DK1,base_early_logit,count2023_target05,hour,0.02,original_M0__top2,-64.86,-98.4215,-38.69400000000001
DK1,base_early_logit,count2023_target05,hour,0.03,original_M0__top2,-57.29,-90.72175,-31.041000000000007
DK1,base_early_logit,count2023_target05,hour,0.05,original_M0__top2,-42.15,-75.30375,-15.442500000000003
DK1,base_early_logit,count2023_target05,hour,0.1,original_M0__top2,-4.299999999999997,-38.705000000000005,23.004999999999995
DK1,base_early_logit,count2023_target05,hour,0.2,original_M0__top2,71.4,35.19000000000002,99.64499999999998
DK1,base_early_logit,count2023_target05,hour,0.25,original_M0__top2,109.25,71.9875,140.0
DK1,base_early_logit,count2023_target05,hour,0.5,original_M0__top2,298.5,254.0,336.0
DK1,base_early_logit,count2023_target05,hour,1.0,original_M0__top2,677.0,615.975,736.0
DK1,base_early_logit,fixed025,process,0.0,original_M0__top2,-35.0,-43.0,-25.0
DK1,base_early_logit,fixed025,process,0.0005,original_M0__top2,-34.2825,-42.284,-24.2809875
DK1,base_early_logit,fixed025,process,0.001,original_M0__top2,-33.565,-41.568,-23.561975
DK1,base_early_logit,fixed025,process,0.0015,original_M0__top2,-32.8475,-40.852,-22.8429625
DK1,base_early_logit,fixed025,process,0.002,original_M0__top2,-32.13,-40.136,-22.123949999999997
DK1,base_early_logit,fixed025,process,0.0025,original_M0__top2,-31.4125,-39.42,-21.404937500000003
DK1,base_early_logit,fixed025,process,0.003,original_M0__top2,-30.695,-38.704,-20.685925
DK1,base_early_logit,fixed025,process,0.0035,original_M0__top2,-29.9775,-37.988,-19.9669125
DK1,base_early_logit,fixed025,process,0.004,original_M0__top2,-29.259999999999998,-37.272,-19.2479
DK1,base_early_logit,fixed025,process,0.0045000000000000005,original_M0__top2,-28.5425,-36.556,-18.5288875
DK1,base_early_logit,fixed025,process,0.005000000000000001,original_M0__top2,-27.825,-35.839999999999996,-17.809874999999998
DK1,base_early_logit,fixed025,process,0.0055,original_M0__top2,-27.1075,-35.124,-17.0908625
DK1,base_early_logit,fixed025,process,0.006,original_M0__top2,-26.39,-34.408,-16.37185
DK1,base_early_logit,fixed025,process,0.006500000000000001,original_M0__top2,-25.6725,-33.692,-15.652837499999999
DK1,base_early_logit,fixed025,process,0.007000000000000001,original_M0__top2,-24.955,-32.976,-14.933824999999999
DK1,base_early_logit,fixed025,process,0.0075,original_M0__top2,-24.2375,-32.26,-14.2148125
DK1,base_early_logit,fixed025,process,0.008,original_M0__top2,-23.52,-31.544,-13.495800000000001
DK1,base_early_logit,fixed025,process,0.0085,original_M0__top2,-22.8025,-30.828,-12.7767875
DK1,base_early_logit,fixed025,process,0.009000000000000001,original_M0__top2,-22.085,-30.112,-12.057774999999998
DK1,base_early_logit,fixed025,process,0.009500000000000001,original_M0__top2,-21.3675,-29.395999999999997,-11.3387625
DK1,base_early_logit,fixed025,process,0.01,original_M0__top2,-20.65,-28.68,-10.61975
DK1,base_early_logit,fixed025,process,0.0105,original_M0__top2,-19.932499999999997,-27.964,-9.9007375
DK1,base_early_logit,fixed025,process,0.011000000000000001,original_M0__top2,-19.214999999999996,-27.247999999999998,-9.181724999999998
DK1,base_early_logit,fixed025,process,0.0115,original_M0__top2,-18.4975,-26.532,-8.4627125
DK1,base_early_logit,fixed025,process,0.012,original_M0__top2,-17.78,-25.816,-7.7437000000000005
DK1,base_early_logit,fixed025,process,0.0125,original_M0__top2,-17.0625,-25.099999999999998,-7.024687499999999
DK1,base_early_logit,fixed025,process,0.013000000000000001,original_M0__top2,-16.345,-24.383999999999997,-6.305674999999998
DK1,base_early_logit,fixed025,process,0.013500000000000002,original_M0__top2,-15.627499999999998,-23.668,-5.5866624999999965
DK1,base_early_logit,fixed025,process,0.014,original_M0__top2,-14.91,-22.951999999999998,-4.8676499999999985
DK1,base_early_logit,fixed025,process,0.0145,original_M0__top2,-14.192499999999999,-22.236,-4.148637499999998
DK1,base_early_logit,fixed025,process,0.015,original_M0__top2,-13.475000000000001,-21.52,-3.429625
DK1,base_early_logit,fixed025,process,0.02,original_M0__top2,-6.300000000000001,-14.36,3.7605000000000013
DK1,base_early_logit,fixed025,process,0.03,original_M0__top2,8.049999999999997,-0.03999999999999915,18.14075
DK1,base_early_logit,fixed025,process,0.05,original_M0__top2,36.75,28.60000000000001,46.901250000000005
DK1,base_early_logit,fixed025,process,0.1,original_M0__top2,108.5,99.9975,118.70000000000002
DK1,base_early_logit,fixed025,process,0.2,original_M0__top2,252.0,242.8,261.8
DK1,base_early_logit,fixed025,process,0.25,original_M0__top2,323.75,314.25,333.25
DK1,base_early_logit,fixed025,process,0.5,original_M0__top2,682.5,669.5,692.5
DK1,base_early_logit,fixed025,process,1.0,original_M0__top2,1400.0,1378.975,1412.0
DK1,base_early_logit,fixed025,hour,0.0,original_M0__top2,-275.0,-330.0,-245.0
DK1,base_early_logit,fixed025,hour,0.0005,original_M0__top2,-274.2825,-329.2845625,-244.2824875
DK1,base_early_logit,fixed025,hour,0.001,original_M0__top2,-273.565,-328.56912500000004,-243.564975
DK1,base_early_logit,fixed025,hour,0.0015,original_M0__top2,-272.8475,-327.8536875,-242.8474625
DK1,base_early_logit,fixed025,hour,0.002,original_M0__top2,-272.13,-327.13824999999997,-242.12995
DK1,base_early_logit,fixed025,hour,0.0025,original_M0__top2,-271.4125,-326.4228125,-241.41243749999998
DK1,base_early_logit,fixed025,hour,0.003,original_M0__top2,-270.695,-325.707375,-240.69492499999998
DK1,base_early_logit,fixed025,hour,0.0035,original_M0__top2,-269.9775,-324.99193749999995,-239.97741249999999
DK1,base_early_logit,fixed025,hour,0.004,original_M0__top2,-269.26,-324.2765,-239.2599
DK1,base_early_logit,fixed025,hour,0.0045000000000000005,original_M0__top2,-268.5425,-323.5610625,-238.5423875
DK1,base_early_logit,fixed025,hour,0.005000000000000001,original_M0__top2,-267.825,-322.84562500000004,-237.824875
DK1,base_early_logit,fixed025,hour,0.0055,original_M0__top2,-267.1075,-322.13018750000003,-237.1073625
DK1,base_early_logit,fixed025,hour,0.006,original_M0__top2,-266.39,-321.41474999999997,-236.38985
DK1,base_early_logit,fixed025,hour,0.006500000000000001,original_M0__top2,-265.6725,-320.6993125,-235.67233750000003
DK1,base_early_logit,fixed025,hour,0.007000000000000001,original_M0__top2,-264.955,-319.983875,-234.95482499999997
DK1,base_early_logit,fixed025,hour,0.0075,original_M0__top2,-264.2375,-319.2684375,-234.2373125
DK1,base_early_logit,fixed025,hour,0.008,original_M0__top2,-263.52,-318.553,-233.5198
DK1,base_early_logit,fixed025,hour,0.0085,original_M0__top2,-262.8025,-317.8375625,-232.8022875
DK1,base_early_logit,fixed025,hour,0.009000000000000001,original_M0__top2,-262.085,-317.122125,-232.084775
DK1,base_early_logit,fixed025,hour,0.009500000000000001,original_M0__top2,-261.3675,-316.40668750000003,-231.3672625
DK1,base_early_logit,fixed025,hour,0.01,original_M0__top2,-260.65,-315.69125,-230.64975
DK1,base_early_logit,fixed025,hour,0.0105,original_M0__top2,-259.9325,-314.97581249999996,-229.9322375
DK1,base_early_logit,fixed025,hour,0.011000000000000001,original_M0__top2,-259.215,-314.260375,-229.21472500000002
DK1,base_early_logit,fixed025,hour,0.0115,original_M0__top2,-258.4975,-313.5449375,-228.4972125
DK1,base_early_logit,fixed025,hour,0.012,original_M0__top2,-257.78,-312.8295,-227.7797
DK1,base_early_logit,fixed025,hour,0.0125,original_M0__top2,-257.0625,-312.1140625,-227.0621875
DK1,base_early_logit,fixed025,hour,0.013000000000000001,original_M0__top2,-256.345,-311.398625,-226.344675
DK1,base_early_logit,fixed025,hour,0.013500000000000002,original_M0__top2,-255.6275,-310.6831875,-225.6271625
DK1,base_early_logit,fixed025,hour,0.014,original_M0__top2,-254.91,-309.96775,-224.90965
DK1,base_early_logit,fixed025,hour,0.0145,original_M0__top2,-254.1925,-309.25231249999996,-224.1921375
DK1,base_early_logit,fixed025,hour,0.015,original_M0__top2,-253.475,-308.536875,-223.474625
DK1,base_early_logit,fixed025,hour,0.02,original_M0__top2,-246.3,-301.3825,-216.29950000000002
DK1,base_early_logit,fixed025,hour,0.03,original_M0__top2,-231.95,-287.07375,-201.94924999999998
DK1,base_early_logit,fixed025,hour,0.05,original_M0__top2,-203.25,-258.45625,-173.24875
DK1,base_early_logit,fixed025,hour,0.1,original_M0__top2,-131.5,-186.9125,-101.4975
DK1,base_early_logit,fixed025,hour,0.2,original_M0__top2,12.0,-43.81500000000001,42.19999999999999
DK1,base_early_logit,fixed025,hour,0.25,original_M0__top2,83.75,27.5,114.00625
DK1,base_early_logit,fixed025,hour,0.5,original_M0__top2,442.5,384.5,473.0
DK1,base_early_logit,fixed025,hour,1.0,original_M0__top2,1160.0,1099.0,1190.025
DK1,base_early_logit,count2022_cool6,process,0.0,original_M0__top2,-6.0,-12.0,2.0
DK1,base_early_logit,count2022_cool6,process,0.0005,original_M0__top2,-5.5725,-11.5710125,2.4055625
DK1,base_early_logit,count2022_cool6,process,0.001,original_M0__top2,-5.145,-11.142025,2.8111249999999997
DK1,base_early_logit,count2022_cool6,process,0.0015,original_M0__top2,-4.7175,-10.7130375,3.2166875
DK1,base_early_logit,count2022_cool6,process,0.002,original_M0__top2,-4.29,-10.28405,3.6222499999999997
DK1,base_early_logit,count2022_cool6,process,0.0025,original_M0__top2,-3.8625,-9.8550625,4.0278125
DK1,base_early_logit,count2022_cool6,process,0.003,original_M0__top2,-3.435,-9.426075,4.433375
DK1,base_early_logit,count2022_cool6,process,0.0035,original_M0__top2,-3.0075,-8.9970875,4.838937499999999
DK1,base_early_logit,count2022_cool6,process,0.004,original_M0__top2,-2.58,-8.5681,5.2444999999999995
DK1,base_early_logit,count2022_cool6,process,0.0045000000000000005,original_M0__top2,-2.1524999999999994,-8.1391125,5.6500625
DK1,base_early_logit,count2022_cool6,process,0.005000000000000001,original_M0__top2,-1.7249999999999988,-7.710124999999999,6.055625
DK1,base_early_logit,count2022_cool6,process,0.0055,original_M0__top2,-1.2975000000000003,-7.281137500000001,6.461187499999999
DK1,base_early_logit,count2022_cool6,process,0.006,original_M0__top2,-0.8700000000000001,-6.85215,6.866749999999999
DK1,base_early_logit,count2022_cool6,process,0.006500000000000001,original_M0__top2,-0.4424999999999999,-6.423162499999999,7.2723125
DK1,base_early_logit,count2022_cool6,process,0.007000000000000001,original_M0__top2,-0.014999999999998792,-5.9941749999999985,7.677874999999999
DK1,base_early_logit,count2022_cool6,process,0.0075,original_M0__top2,0.41249999999999964,-5.5651875,8.083437499999999
DK1,base_early_logit,count2022_cool6,process,0.008,original_M0__top2,0.8399999999999999,-5.1362000000000005,8.488999999999999
DK1,base_early_logit,count2022_cool6,process,0.0085,original_M0__top2,1.267500000000001,-4.7072125,8.8945625
DK1,base_early_logit,count2022_cool6,process,0.009000000000000001,original_M0__top2,1.6950000000000012,-4.278224999999999,9.300125
DK1,base_early_logit,count2022_cool6,process,0.009500000000000001,original_M0__top2,2.1225000000000005,-3.8492374999999983,9.7056875
DK1,base_early_logit,count2022_cool6,process,0.01,original_M0__top2,2.5500000000000007,-3.42025,10.111249999999998
DK1,base_early_logit,count2022_cool6,process,0.0105,original_M0__top2,2.977500000000001,-2.9912624999999995,10.5168125
DK1,base_early_logit,count2022_cool6,process,0.011000000000000001,original_M0__top2,3.405000000000001,-2.562274999999999,10.92335
DK1,base_early_logit,count2022_cool6,process,0.0115,original_M0__top2,3.8324999999999996,-2.1332875000000007,11.373275
DK1,base_early_logit,count2022_cool6,process,0.012,original_M0__top2,4.26,-1.7043000000000006,11.7928
DK1,base_early_logit,count2022_cool6,process,0.0125,original_M0__top2,4.6875,-1.2753124999999985,12.201875
DK1,base_early_logit,count2022_cool6,process,0.013000000000000001,original_M0__top2,5.115,-0.8463249999999983,12.610274999999998
DK1,base_early_logit,count2022_cool6,process,0.013500000000000002,original_M0__top2,5.542500000000002,-0.41733749999999803,13.0183625
DK1,base_early_logit,count2022_cool6,process,0.014,original_M0__top2,5.970000000000001,0.011650000000000492,13.426449999999997
DK1,base_early_logit,count2022_cool6,process,0.0145,original_M0__top2,6.397500000000001,0.44063750000000074,13.834537499999998
DK1,base_early_logit,count2022_cool6,process,0.015,original_M0__top2,6.824999999999999,0.8696249999999992,14.242624999999999
DK1,base_early_logit,count2022_cool6,process,0.02,original_M0__top2,11.100000000000001,5.1595,18.462999999999997
DK1,base_early_logit,count2022_cool6,process,0.03,original_M0__top2,19.65,13.67925,26.956249999999994
DK1,base_early_logit,count2022_cool6,process,0.05,original_M0__top2,36.75,30.548750000000005,44.10125
DK1,base_early_logit,count2022_cool6,process,0.1,original_M0__top2,79.5,71.9975,87.30250000000001
DK1,base_early_logit,count2022_cool6,process,0.2,original_M0__top2,165.0,153.4,175.60000000000002
DK1,base_early_logit,count2022_cool6,process,0.25,original_M0__top2,207.75,194.0,220.00625
DK1,base_early_logit,count2022_cool6,process,0.5,original_M0__top2,421.5,396.0,442.0
DK1,base_early_logit,count2022_cool6,process,1.0,original_M0__top2,849.0,798.0,890.0
DK1,base_early_logit,count2022_cool6,hour,0.0,original_M0__top2,-116.0,-147.0,-88.0
DK1,base_early_logit,count2022_cool6,hour,0.0005,original_M0__top2,-115.5725,-146.582125,-87.57578749999999
DK1,base_early_logit,count2022_cool6,hour,0.001,original_M0__top2,-115.145,-146.16424999999998,-87.15157500000001
DK1,base_early_logit,count2022_cool6,hour,0.0015,original_M0__top2,-114.7175,-145.746375,-86.7273625
DK1,base_early_logit,count2022_cool6,hour,0.002,original_M0__top2,-114.29,-145.3285,-86.30315
DK1,base_early_logit,count2022_cool6,hour,0.0025,original_M0__top2,-113.8625,-144.910625,-85.87893749999999
DK1,base_early_logit,count2022_cool6,hour,0.003,original_M0__top2,-113.435,-144.49275,-85.45472500000001
DK1,base_early_logit,count2022_cool6,hour,0.0035,original_M0__top2,-113.0075,-144.07487500000002,-85.0305125
DK1,base_early_logit,count2022_cool6,hour,0.004,original_M0__top2,-112.58,-143.657,-84.6063
DK1,base_early_logit,count2022_cool6,hour,0.0045000000000000005,original_M0__top2,-112.1525,-143.239125,-84.1820875
DK1,base_early_logit,count2022_cool6,hour,0.005000000000000001,original_M0__top2,-111.725,-142.82125,-83.75787500000001
DK1,base_early_logit,count2022_cool6,hour,0.0055,original_M0__top2,-111.2975,-142.40337499999998,-83.3336625
DK1,base_early_logit,count2022_cool6,hour,0.006,original_M0__top2,-110.87,-141.9855,-82.90945
DK1,base_early_logit,count2022_cool6,hour,0.006500000000000001,original_M0__top2,-110.4425,-141.567625,-82.4852375
DK1,base_early_logit,count2022_cool6,hour,0.007000000000000001,original_M0__top2,-110.015,-141.14974999999998,-82.061025
DK1,base_early_logit,count2022_cool6,hour,0.0075,original_M0__top2,-109.5875,-140.731875,-81.6368125
DK1,base_early_logit,count2022_cool6,hour,0.008,original_M0__top2,-109.16,-140.31400000000002,-81.2126
DK1,base_early_logit,count2022_cool6,hour,0.0085,original_M0__top2,-108.7325,-139.896125,-80.7883875
DK1,base_early_logit,count2022_cool6,hour,0.009000000000000001,original_M0__top2,-108.30499999999999,-139.47825,-80.364175
DK1,base_early_logit,count2022_cool6,hour,0.009500000000000001,original_M0__top2,-107.8775,-139.060375,-79.93996250000001
DK1,base_early_logit,count2022_cool6,hour,0.01,original_M0__top2,-107.45,-138.64249999999998,-79.51575
DK1,base_early_logit,count2022_cool6,hour,0.0105,original_M0__top2,-107.0225,-138.224625,-79.0915375
DK1,base_early_logit,count2022_cool6,hour,0.011000000000000001,original_M0__top2,-106.595,-137.80675,-78.667325
DK1,base_early_logit,count2022_cool6,hour,0.0115,original_M0__top2,-106.1675,-137.38887499999998,-78.24311250000001
DK1,base_early_logit,count2022_cool6,hour,0.012,original_M0__top2,-105.74,-136.97099999999998,-77.8189
DK1,base_early_logit,count2022_cool6,hour,0.0125,original_M0__top2,-105.3125,-136.55312500000002,-77.3946875
DK1,base_early_logit,count2022_cool6,hour,0.013000000000000001,original_M0__top2,-104.885,-136.13525,-76.97047500000001
DK1,base_early_logit,count2022_cool6,hour,0.013500000000000002,original_M0__top2,-104.4575,-135.717375,-76.5462625
DK1,base_early_logit,count2022_cool6,hour,0.014,original_M0__top2,-104.03,-135.2995,-76.12205
DK1,base_early_logit,count2022_cool6,hour,0.0145,original_M0__top2,-103.60249999999999,-134.88162499999999,-75.6978375
DK1,base_early_logit,count2022_cool6,hour,0.015,original_M0__top2,-103.175,-134.46375,-75.27362500000001
DK1,base_early_logit,count2022_cool6,hour,0.02,original_M0__top2,-98.9,-130.285,-71.03949999999999
DK1,base_early_logit,count2022_cool6,hour,0.03,original_M0__top2,-90.35,-121.9275,-62.55125000000001
DK1,base_early_logit,count2022_cool6,hour,0.05,original_M0__top2,-73.25,-105.15125,-45.1975
DK1,base_early_logit,count2022_cool6,hour,0.1,original_M0__top2,-30.5,-63.5075,-2.1875
DK1,base_early_logit,count2022_cool6,hour,0.2,original_M0__top2,55.0,19.795000000000012,85.005
DK1,base_early_logit,count2022_cool6,hour,0.25,original_M0__top2,97.75,62.0,128.75625
DK1,base_early_logit,count2022_cool6,hour,0.5,original_M0__top2,311.5,267.5,347.0
DK1,base_early_logit,count2022_cool6,hour,1.0,original_M0__top2,739.0,673.0,792.0
DK1,base_early_logit,count2023_cool6,process,0.0,original_M0__top2,-6.0,-12.0,2.0
DK1,base_early_logit,count2023_cool6,process,0.0005,original_M0__top2,-5.5725,-11.5710125,2.4055625
DK1,base_early_logit,count2023_cool6,process,0.001,original_M0__top2,-5.145,-11.142025,2.8111249999999997
DK1,base_early_logit,count2023_cool6,process,0.0015,original_M0__top2,-4.7175,-10.7130375,3.2166875
DK1,base_early_logit,count2023_cool6,process,0.002,original_M0__top2,-4.29,-10.28405,3.6222499999999997
DK1,base_early_logit,count2023_cool6,process,0.0025,original_M0__top2,-3.8625,-9.8550625,4.0278125
DK1,base_early_logit,count2023_cool6,process,0.003,original_M0__top2,-3.435,-9.426075,4.433375
DK1,base_early_logit,count2023_cool6,process,0.0035,original_M0__top2,-3.0075,-8.9970875,4.838937499999999
DK1,base_early_logit,count2023_cool6,process,0.004,original_M0__top2,-2.58,-8.5681,5.2444999999999995
DK1,base_early_logit,count2023_cool6,process,0.0045000000000000005,original_M0__top2,-2.1524999999999994,-8.1391125,5.6500625
DK1,base_early_logit,count2023_cool6,process,0.005000000000000001,original_M0__top2,-1.7249999999999988,-7.710124999999999,6.055625
DK1,base_early_logit,count2023_cool6,process,0.0055,original_M0__top2,-1.2975000000000003,-7.281137500000001,6.461187499999999
DK1,base_early_logit,count2023_cool6,process,0.006,original_M0__top2,-0.8700000000000001,-6.85215,6.866749999999999
DK1,base_early_logit,count2023_cool6,process,0.006500000000000001,original_M0__top2,-0.4424999999999999,-6.423162499999999,7.2723125
DK1,base_early_logit,count2023_cool6,process,0.007000000000000001,original_M0__top2,-0.014999999999998792,-5.9941749999999985,7.677874999999999
DK1,base_early_logit,count2023_cool6,process,0.0075,original_M0__top2,0.41249999999999964,-5.5651875,8.083437499999999
DK1,base_early_logit,count2023_cool6,process,0.008,original_M0__top2,0.8399999999999999,-5.1362000000000005,8.488999999999999
DK1,base_early_logit,count2023_cool6,process,0.0085,original_M0__top2,1.267500000000001,-4.7072125,8.8945625
DK1,base_early_logit,count2023_cool6,process,0.009000000000000001,original_M0__top2,1.6950000000000012,-4.278224999999999,9.300125
DK1,base_early_logit,count2023_cool6,process,0.009500000000000001,original_M0__top2,2.1225000000000005,-3.8492374999999983,9.7056875
DK1,base_early_logit,count2023_cool6,process,0.01,original_M0__top2,2.5500000000000007,-3.42025,10.111249999999998
DK1,base_early_logit,count2023_cool6,process,0.0105,original_M0__top2,2.977500000000001,-2.9912624999999995,10.5168125
DK1,base_early_logit,count2023_cool6,process,0.011000000000000001,original_M0__top2,3.405000000000001,-2.562274999999999,10.92335
DK1,base_early_logit,count2023_cool6,process,0.0115,original_M0__top2,3.8324999999999996,-2.1332875000000007,11.373275
DK1,base_early_logit,count2023_cool6,process,0.012,original_M0__top2,4.26,-1.7043000000000006,11.7928
DK1,base_early_logit,count2023_cool6,process,0.0125,original_M0__top2,4.6875,-1.2753124999999985,12.201875
DK1,base_early_logit,count2023_cool6,process,0.013000000000000001,original_M0__top2,5.115,-0.8463249999999983,12.610274999999998
DK1,base_early_logit,count2023_cool6,process,0.013500000000000002,original_M0__top2,5.542500000000002,-0.41733749999999803,13.0183625
DK1,base_early_logit,count2023_cool6,process,0.014,original_M0__top2,5.970000000000001,0.011650000000000492,13.426449999999997
DK1,base_early_logit,count2023_cool6,process,0.0145,original_M0__top2,6.397500000000001,0.44063750000000074,13.834537499999998
DK1,base_early_logit,count2023_cool6,process,0.015,original_M0__top2,6.824999999999999,0.8696249999999992,14.242624999999999
DK1,base_early_logit,count2023_cool6,process,0.02,original_M0__top2,11.100000000000001,5.1595,18.462999999999997
DK1,base_early_logit,count2023_cool6,process,0.03,original_M0__top2,19.65,13.67925,26.956249999999994
DK1,base_early_logit,count2023_cool6,process,0.05,original_M0__top2,36.75,30.548750000000005,44.10125
DK1,base_early_logit,count2023_cool6,process,0.1,original_M0__top2,79.5,71.9975,87.30250000000001
DK1,base_early_logit,count2023_cool6,process,0.2,original_M0__top2,165.0,153.4,175.60000000000002
DK1,base_early_logit,count2023_cool6,process,0.25,original_M0__top2,207.75,194.0,220.00625
DK1,base_early_logit,count2023_cool6,process,0.5,original_M0__top2,421.5,396.0,442.0
DK1,base_early_logit,count2023_cool6,process,1.0,original_M0__top2,849.0,798.0,890.0
DK1,base_early_logit,count2023_cool6,hour,0.0,original_M0__top2,-116.0,-147.0,-88.0
DK1,base_early_logit,count2023_cool6,hour,0.0005,original_M0__top2,-115.5725,-146.582125,-87.57578749999999
DK1,base_early_logit,count2023_cool6,hour,0.001,original_M0__top2,-115.145,-146.16424999999998,-87.15157500000001
DK1,base_early_logit,count2023_cool6,hour,0.0015,original_M0__top2,-114.7175,-145.746375,-86.7273625
DK1,base_early_logit,count2023_cool6,hour,0.002,original_M0__top2,-114.29,-145.3285,-86.30315
DK1,base_early_logit,count2023_cool6,hour,0.0025,original_M0__top2,-113.8625,-144.910625,-85.87893749999999
DK1,base_early_logit,count2023_cool6,hour,0.003,original_M0__top2,-113.435,-144.49275,-85.45472500000001
DK1,base_early_logit,count2023_cool6,hour,0.0035,original_M0__top2,-113.0075,-144.07487500000002,-85.0305125
DK1,base_early_logit,count2023_cool6,hour,0.004,original_M0__top2,-112.58,-143.657,-84.6063
DK1,base_early_logit,count2023_cool6,hour,0.0045000000000000005,original_M0__top2,-112.1525,-143.239125,-84.1820875
DK1,base_early_logit,count2023_cool6,hour,0.005000000000000001,original_M0__top2,-111.725,-142.82125,-83.75787500000001
DK1,base_early_logit,count2023_cool6,hour,0.0055,original_M0__top2,-111.2975,-142.40337499999998,-83.3336625
DK1,base_early_logit,count2023_cool6,hour,0.006,original_M0__top2,-110.87,-141.9855,-82.90945
DK1,base_early_logit,count2023_cool6,hour,0.006500000000000001,original_M0__top2,-110.4425,-141.567625,-82.4852375
DK1,base_early_logit,count2023_cool6,hour,0.007000000000000001,original_M0__top2,-110.015,-141.14974999999998,-82.061025
DK1,base_early_logit,count2023_cool6,hour,0.0075,original_M0__top2,-109.5875,-140.731875,-81.6368125
DK1,base_early_logit,count2023_cool6,hour,0.008,original_M0__top2,-109.16,-140.31400000000002,-81.2126
DK1,base_early_logit,count2023_cool6,hour,0.0085,original_M0__top2,-108.7325,-139.896125,-80.7883875
DK1,base_early_logit,count2023_cool6,hour,0.009000000000000001,original_M0__top2,-108.30499999999999,-139.47825,-80.364175
DK1,base_early_logit,count2023_cool6,hour,0.009500000000000001,original_M0__top2,-107.8775,-139.060375,-79.93996250000001
DK1,base_early_logit,count2023_cool6,hour,0.01,original_M0__top2,-107.45,-138.64249999999998,-79.51575
DK1,base_early_logit,count2023_cool6,hour,0.0105,original_M0__top2,-107.0225,-138.224625,-79.0915375
DK1,base_early_logit,count2023_cool6,hour,0.011000000000000001,original_M0__top2,-106.595,-137.80675,-78.667325
DK1,base_early_logit,count2023_cool6,hour,0.0115,original_M0__top2,-106.1675,-137.38887499999998,-78.24311250000001
DK1,base_early_logit,count2023_cool6,hour,0.012,original_M0__top2,-105.74,-136.97099999999998,-77.8189
DK1,base_early_logit,count2023_cool6,hour,0.0125,original_M0__top2,-105.3125,-136.55312500000002,-77.3946875
DK1,base_early_logit,count2023_cool6,hour,0.013000000000000001,original_M0__top2,-104.885,-136.13525,-76.97047500000001
DK1,base_early_logit,count2023_cool6,hour,0.013500000000000002,original_M0__top2,-104.4575,-135.717375,-76.5462625
DK1,base_early_logit,count2023_cool6,hour,0.014,original_M0__top2,-104.03,-135.2995,-76.12205
DK1,base_early_logit,count2023_cool6,hour,0.0145,original_M0__top2,-103.60249999999999,-134.88162499999999,-75.6978375
DK1,base_early_logit,count2023_cool6,hour,0.015,original_M0__top2,-103.175,-134.46375,-75.27362500000001
DK1,base_early_logit,count2023_cool6,hour,0.02,original_M0__top2,-98.9,-130.285,-71.03949999999999
DK1,base_early_logit,count2023_cool6,hour,0.03,original_M0__top2,-90.35,-121.9275,-62.55125000000001
DK1,base_early_logit,count2023_cool6,hour,0.05,original_M0__top2,-73.25,-105.15125,-45.1975
DK1,base_early_logit,count2023_cool6,hour,0.1,original_M0__top2,-30.5,-63.5075,-2.1875
DK1,base_early_logit,count2023_cool6,hour,0.2,original_M0__top2,55.0,19.795000000000012,85.005
DK1,base_early_logit,count2023_cool6,hour,0.25,original_M0__top2,97.75,62.0,128.75625
DK1,base_early_logit,count2023_cool6,hour,0.5,original_M0__top2,311.5,267.5,347.0
DK1,base_early_logit,count2023_cool6,hour,1.0,original_M0__top2,739.0,673.0,792.0
DK1,base_hour_logit,top1,process,0.0,original_M0__top2,-7.0,-12.0,-3.0
DK1,base_hour_logit,top1,process,0.0005,original_M0__top2,-6.6375,-11.6375,-2.6369875
DK1,base_hour_logit,top1,process,0.001,original_M0__top2,-6.275,-11.275,-2.273975
DK1,base_hour_logit,top1,process,0.0015,original_M0__top2,-5.9125,-10.9125,-1.9109625000000001
DK1,base_hour_logit,top1,process,0.002,original_M0__top2,-5.55,-10.55,-1.5479500000000002
DK1,base_hour_logit,top1,process,0.0025,original_M0__top2,-5.1875,-10.1875,-1.1849375000000002
DK1,base_hour_logit,top1,process,0.003,original_M0__top2,-4.824999999999999,-9.825,-0.8219250000000001
DK1,base_hour_logit,top1,process,0.0035,original_M0__top2,-4.4625,-9.4625,-0.45891250000000017
DK1,base_hour_logit,top1,process,0.004,original_M0__top2,-4.1,-9.1,-0.09590000000000018
DK1,base_hour_logit,top1,process,0.0045000000000000005,original_M0__top2,-3.7375,-8.7375,0.26711250000000025
DK1,base_hour_logit,top1,process,0.005000000000000001,original_M0__top2,-3.374999999999999,-8.375,0.6301250000000007
DK1,base_hour_logit,top1,process,0.0055,original_M0__top2,-3.0125,-8.0125,0.9931374999999998
DK1,base_hour_logit,top1,process,0.006,original_M0__top2,-2.6499999999999995,-7.6499999999999995,1.3561499999999997
DK1,base_hour_logit,top1,process,0.006500000000000001,original_M0__top2,-2.2874999999999996,-7.2875,1.7191625000000001
DK1,base_hour_logit,top1,process,0.007000000000000001,original_M0__top2,-1.924999999999999,-6.924999999999999,2.0821750000000008
DK1,base_hour_logit,top1,process,0.0075,original_M0__top2,-1.5625,-6.5625,2.4451874999999994
DK1,base_hour_logit,top1,process,0.008,original_M0__top2,-1.2000000000000002,-6.2,2.8082
DK1,base_hour_logit,top1,process,0.0085,original_M0__top2,-0.8374999999999995,-5.8374999999999995,3.1712125
DK1,base_hour_logit,top1,process,0.009000000000000001,original_M0__top2,-0.47499999999999964,-5.475,3.5342250000000006
DK1,base_hour_logit,top1,process,0.009500000000000001,original_M0__top2,-0.11249999999999893,-5.112499999999999,3.897237500000001
DK1,base_hour_logit,top1,process,0.01,original_M0__top2,0.25,-4.75,4.260249999999999
DK1,base_hour_logit,top1,process,0.0105,original_M0__top2,0.6125000000000007,-4.387499999999999,4.6232625
DK1,base_hour_logit,top1,process,0.011000000000000001,original_M0__top2,0.9750000000000005,-4.0249999999999995,4.986275
DK1,base_hour_logit,top1,process,0.0115,original_M0__top2,1.3375000000000004,-3.6624999999999996,5.3492875
DK1,base_hour_logit,top1,process,0.012,original_M0__top2,1.700000000000001,-3.299999999999999,5.712299999999999
DK1,base_hour_logit,top1,process,0.0125,original_M0__top2,2.0625,-2.9375,6.075312500000001
DK1,base_hour_logit,top1,process,0.013000000000000001,original_M0__top2,2.4250000000000007,-2.5749999999999993,6.438325000000001
DK1,base_hour_logit,top1,process,0.013500000000000002,original_M0__top2,2.7875000000000014,-2.2124999999999986,6.801337500000002
DK1,base_hour_logit,top1,process,0.014,original_M0__top2,3.1500000000000004,-1.8499999999999996,7.16435
DK1,base_hour_logit,top1,process,0.0145,original_M0__top2,3.512500000000001,-1.487499999999999,7.527362500000001
DK1,base_hour_logit,top1,process,0.015,original_M0__top2,3.875,-1.125,7.890374999999999
DK1,base_hour_logit,top1,process,0.02,original_M0__top2,7.5,2.5,11.520499999999998
DK1,base_hour_logit,top1,process,0.03,original_M0__top2,14.75,9.75,18.780749999999998
DK1,base_hour_logit,top1,process,0.05,original_M0__top2,29.25,24.25,33.30125
DK1,base_hour_logit,top1,process,0.1,original_M0__top2,65.5,60.5,69.6025
DK1,base_hour_logit,top1,process,0.2,original_M0__top2,138.0,132.995,142.20000000000002
DK1,base_hour_logit,top1,process,0.25,original_M0__top2,174.25,169.0,178.5
DK1,base_hour_logit,top1,process,0.5,original_M0__top2,355.5,349.5,360.0
DK1,base_hour_logit,top1,process,1.0,original_M0__top2,718.0,710.0,723.0
DK1,base_hour_logit,top1,hour,0.0,original_M0__top2,-138.0,-168.0,-123.0
DK1,base_hour_logit,top1,hour,0.0005,original_M0__top2,-137.6375,-167.636025,-122.636475
DK1,base_hour_logit,top1,hour,0.001,original_M0__top2,-137.275,-167.27204999999998,-122.27295
DK1,base_hour_logit,top1,hour,0.0015,original_M0__top2,-136.9125,-166.908075,-121.909425
DK1,base_hour_logit,top1,hour,0.002,original_M0__top2,-136.55,-166.54410000000001,-121.5459
DK1,base_hour_logit,top1,hour,0.0025,original_M0__top2,-136.1875,-166.180125,-121.18237500000001
DK1,base_hour_logit,top1,hour,0.003,original_M0__top2,-135.825,-165.81615,-120.81885
DK1,base_hour_logit,top1,hour,0.0035,original_M0__top2,-135.4625,-165.452175,-120.455325
DK1,base_hour_logit,top1,hour,0.004,original_M0__top2,-135.1,-165.0882,-120.09179999999999
DK1,base_hour_logit,top1,hour,0.0045000000000000005,original_M0__top2,-134.7375,-164.724225,-119.728275
DK1,base_hour_logit,top1,hour,0.005000000000000001,original_M0__top2,-134.375,-164.36025,-119.36475
DK1,base_hour_logit,top1,hour,0.0055,original_M0__top2,-134.0125,-163.996275,-119.00122499999999
DK1,base_hour_logit,top1,hour,0.006,original_M0__top2,-133.65,-163.63230000000001,-118.63770000000001
DK1,base_hour_logit,top1,hour,0.006500000000000001,original_M0__top2,-133.2875,-163.268325,-118.274175
DK1,base_hour_logit,top1,hour,0.007000000000000001,original_M0__top2,-132.925,-162.90435,-117.91065
DK1,base_hour_logit,top1,hour,0.0075,original_M0__top2,-132.5625,-162.54037499999998,-117.547125
DK1,base_hour_logit,top1,hour,0.008,original_M0__top2,-132.2,-162.1764,-117.1836
DK1,base_hour_logit,top1,hour,0.0085,original_M0__top2,-131.8375,-161.81242500000002,-116.820075
DK1,base_hour_logit,top1,hour,0.009000000000000001,original_M0__top2,-131.475,-161.44845,-116.45655
DK1,base_hour_logit,top1,hour,0.009500000000000001,original_M0__top2,-131.1125,-161.084475,-116.09302500000001
DK1,base_hour_logit,top1,hour,0.01,original_M0__top2,-130.75,-160.7205,-115.7295
DK1,base_hour_logit,top1,hour,0.0105,original_M0__top2,-130.3875,-160.356525,-115.365975
DK1,base_hour_logit,top1,hour,0.011000000000000001,original_M0__top2,-130.025,-159.99255,-115.00245
DK1,base_hour_logit,top1,hour,0.0115,original_M0__top2,-129.6625,-159.62857499999998,-114.638925
DK1,base_hour_logit,top1,hour,0.012,original_M0__top2,-129.3,-159.2646,-114.27539999999999
DK1,base_hour_logit,top1,hour,0.0125,original_M0__top2,-128.9375,-158.90062500000002,-113.911875
DK1,base_hour_logit,top1,hour,0.013000000000000001,original_M0__top2,-128.575,-158.53665,-113.54835000000001
DK1,base_hour_logit,top1,hour,0.013500000000000002,original_M0__top2,-128.2125,-158.172675,-113.184825
DK1,base_hour_logit,top1,hour,0.014,original_M0__top2,-127.85,-157.8087,-112.82130000000001
DK1,base_hour_logit,top1,hour,0.0145,original_M0__top2,-127.4875,-157.44472499999998,-112.457775
DK1,base_hour_logit,top1,hour,0.015,original_M0__top2,-127.125,-157.08075000000002,-112.09425
DK1,base_hour_logit,top1,hour,0.02,original_M0__top2,-123.5,-153.441,-108.45899999999999
DK1,base_hour_logit,top1,hour,0.03,original_M0__top2,-116.25,-146.1615,-101.1885
DK1,base_hour_logit,top1,hour,0.05,original_M0__top2,-101.75,-131.6025,-86.64750000000001
DK1,base_hour_logit,top1,hour,0.1,original_M0__top2,-65.5,-95.205,-50.295
DK1,base_hour_logit,top1,hour,0.2,original_M0__top2,7.0,-22.604999999999993,22.205000000000013
DK1,base_hour_logit,top1,hour,0.25,original_M0__top2,43.25,13.5,58.5
DK1,base_hour_logit,top1,hour,0.5,original_M0__top2,224.5,194.5,239.5
DK1,base_hour_logit,top1,hour,1.0,original_M0__top2,587.0,556.975,602.0
DK1,base_hour_logit,top2,process,0.0,original_M0__top2,0.0,0.0,0.0
DK1,base_hour_logit,top2,process,0.0005,original_M0__top2,0.0,0.0,0.0
DK1,base_hour_logit,top2,process,0.001,original_M0__top2,0.0,0.0,0.0
DK1,base_hour_logit,top2,process,0.0015,original_M0__top2,0.0,0.0,0.0
DK1,base_hour_logit,top2,process,0.002,original_M0__top2,0.0,0.0,0.0
DK1,base_hour_logit,top2,process,0.0025,original_M0__top2,0.0,0.0,0.0
DK1,base_hour_logit,top2,process,0.003,original_M0__top2,0.0,0.0,0.0
DK1,base_hour_logit,top2,process,0.0035,original_M0__top2,0.0,0.0,0.0
DK1,base_hour_logit,top2,process,0.004,original_M0__top2,0.0,0.0,0.0
DK1,base_hour_logit,top2,process,0.0045000000000000005,original_M0__top2,0.0,0.0,0.0
DK1,base_hour_logit,top2,process,0.005000000000000001,original_M0__top2,0.0,0.0,0.0
DK1,base_hour_logit,top2,process,0.0055,original_M0__top2,0.0,0.0,0.0
DK1,base_hour_logit,top2,process,0.006,original_M0__top2,0.0,0.0,0.0
DK1,base_hour_logit,top2,process,0.006500000000000001,original_M0__top2,0.0,0.0,0.0
DK1,base_hour_logit,top2,process,0.007000000000000001,original_M0__top2,0.0,0.0,0.0
DK1,base_hour_logit,top2,process,0.0075,original_M0__top2,0.0,0.0,0.0
DK1,base_hour_logit,top2,process,0.008,original_M0__top2,0.0,0.0,0.0
DK1,base_hour_logit,top2,process,0.0085,original_M0__top2,0.0,0.0,0.0
DK1,base_hour_logit,top2,process,0.009000000000000001,original_M0__top2,0.0,0.0,0.0
DK1,base_hour_logit,top2,process,0.009500000000000001,original_M0__top2,0.0,0.0,0.0
DK1,base_hour_logit,top2,process,0.01,original_M0__top2,0.0,0.0,0.0
DK1,base_hour_logit,top2,process,0.0105,original_M0__top2,0.0,0.0,0.0
DK1,base_hour_logit,top2,process,0.011000000000000001,original_M0__top2,0.0,0.0,0.0
DK1,base_hour_logit,top2,process,0.0115,original_M0__top2,0.0,0.0,0.0
DK1,base_hour_logit,top2,process,0.012,original_M0__top2,0.0,0.0,0.0
DK1,base_hour_logit,top2,process,0.0125,original_M0__top2,0.0,0.0,0.0
DK1,base_hour_logit,top2,process,0.013000000000000001,original_M0__top2,0.0,0.0,0.0
DK1,base_hour_logit,top2,process,0.013500000000000002,original_M0__top2,0.0,0.0,0.0
DK1,base_hour_logit,top2,process,0.014,original_M0__top2,0.0,0.0,0.0
DK1,base_hour_logit,top2,process,0.0145,original_M0__top2,0.0,0.0,0.0
DK1,base_hour_logit,top2,process,0.015,original_M0__top2,0.0,0.0,0.0
DK1,base_hour_logit,top2,process,0.02,original_M0__top2,0.0,0.0,0.0
DK1,base_hour_logit,top2,process,0.03,original_M0__top2,0.0,0.0,0.0
DK1,base_hour_logit,top2,process,0.05,original_M0__top2,0.0,0.0,0.0
DK1,base_hour_logit,top2,process,0.1,original_M0__top2,0.0,0.0,0.0
DK1,base_hour_logit,top2,process,0.2,original_M0__top2,0.0,0.0,0.0
DK1,base_hour_logit,top2,process,0.25,original_M0__top2,0.0,0.0,0.0
DK1,base_hour_logit,top2,process,0.5,original_M0__top2,0.0,0.0,0.0
DK1,base_hour_logit,top2,process,1.0,original_M0__top2,0.0,0.0,0.0
DK1,base_hour_logit,top2,hour,0.0,original_M0__top2,2.0,-5.0,8.0
DK1,base_hour_logit,top2,hour,0.0005,original_M0__top2,2.0,-5.0,8.0
DK1,base_hour_logit,top2,hour,0.001,original_M0__top2,2.0,-5.0,8.0
DK1,base_hour_logit,top2,hour,0.0015,original_M0__top2,2.0,-5.0,8.0
DK1,base_hour_logit,top2,hour,0.002,original_M0__top2,2.0,-5.0,8.0
DK1,base_hour_logit,top2,hour,0.0025,original_M0__top2,2.0,-5.0,8.0
DK1,base_hour_logit,top2,hour,0.003,original_M0__top2,2.0,-5.0,8.0
DK1,base_hour_logit,top2,hour,0.0035,original_M0__top2,2.0,-5.0,8.0
DK1,base_hour_logit,top2,hour,0.004,original_M0__top2,2.0,-5.0,8.0
DK1,base_hour_logit,top2,hour,0.0045000000000000005,original_M0__top2,2.0,-5.0,8.0
DK1,base_hour_logit,top2,hour,0.005000000000000001,original_M0__top2,2.0,-5.0,8.0
DK1,base_hour_logit,top2,hour,0.0055,original_M0__top2,2.0,-5.0,8.0
DK1,base_hour_logit,top2,hour,0.006,original_M0__top2,2.0,-5.0,8.0
DK1,base_hour_logit,top2,hour,0.006500000000000001,original_M0__top2,2.0,-5.0,8.0
DK1,base_hour_logit,top2,hour,0.007000000000000001,original_M0__top2,2.0,-5.0,8.0
DK1,base_hour_logit,top2,hour,0.0075,original_M0__top2,2.0,-5.0,8.0
DK1,base_hour_logit,top2,hour,0.008,original_M0__top2,2.0,-5.0,8.0
DK1,base_hour_logit,top2,hour,0.0085,original_M0__top2,2.0,-5.0,8.0
DK1,base_hour_logit,top2,hour,0.009000000000000001,original_M0__top2,2.0,-5.0,8.0
DK1,base_hour_logit,top2,hour,0.009500000000000001,original_M0__top2,2.0,-5.0,8.0
DK1,base_hour_logit,top2,hour,0.01,original_M0__top2,2.0,-5.0,8.0
DK1,base_hour_logit,top2,hour,0.0105,original_M0__top2,2.0,-5.0,8.0
DK1,base_hour_logit,top2,hour,0.011000000000000001,original_M0__top2,2.0,-5.0,8.0
DK1,base_hour_logit,top2,hour,0.0115,original_M0__top2,2.0,-5.0,8.0
DK1,base_hour_logit,top2,hour,0.012,original_M0__top2,2.0,-5.0,8.0
DK1,base_hour_logit,top2,hour,0.0125,original_M0__top2,2.0,-5.0,8.0
DK1,base_hour_logit,top2,hour,0.013000000000000001,original_M0__top2,2.0,-5.0,8.0
DK1,base_hour_logit,top2,hour,0.013500000000000002,original_M0__top2,2.0,-5.0,8.0
DK1,base_hour_logit,top2,hour,0.014,original_M0__top2,2.0,-5.0,8.0
DK1,base_hour_logit,top2,hour,0.0145,original_M0__top2,2.0,-5.0,8.0
DK1,base_hour_logit,top2,hour,0.015,original_M0__top2,2.0,-5.0,8.0
DK1,base_hour_logit,top2,hour,0.02,original_M0__top2,2.0,-5.0,8.0
DK1,base_hour_logit,top2,hour,0.03,original_M0__top2,2.0,-5.0,8.0
DK1,base_hour_logit,top2,hour,0.05,original_M0__top2,2.0,-5.0,8.0
DK1,base_hour_logit,top2,hour,0.1,original_M0__top2,2.0,-5.0,8.0
DK1,base_hour_logit,top2,hour,0.2,original_M0__top2,2.0,-5.0,8.0
DK1,base_hour_logit,top2,hour,0.25,original_M0__top2,2.0,-5.0,8.0
DK1,base_hour_logit,top2,hour,0.5,original_M0__top2,2.0,-5.0,8.0
DK1,base_hour_logit,top2,hour,1.0,original_M0__top2,2.0,-5.0,8.0
DK1,base_hour_logit,count2022_target05,process,0.0,original_M0__top2,0.0,0.0,0.0
DK1,base_hour_logit,count2022_target05,process,0.0005,original_M0__top2,0.3265,0.299,0.3490125
DK1,base_hour_logit,count2022_target05,process,0.001,original_M0__top2,0.653,0.598,0.698025
DK1,base_hour_logit,count2022_target05,process,0.0015,original_M0__top2,0.9795,0.897,1.0470374999999998
DK1,base_hour_logit,count2022_target05,process,0.002,original_M0__top2,1.306,1.196,1.39605
DK1,base_hour_logit,count2022_target05,process,0.0025,original_M0__top2,1.6325,1.495,1.7450625
DK1,base_hour_logit,count2022_target05,process,0.003,original_M0__top2,1.959,1.794,2.0940749999999997
DK1,base_hour_logit,count2022_target05,process,0.0035,original_M0__top2,2.2855,2.093,2.4430875
DK1,base_hour_logit,count2022_target05,process,0.004,original_M0__top2,2.612,2.392,2.7921
DK1,base_hour_logit,count2022_target05,process,0.0045000000000000005,original_M0__top2,2.9385000000000003,2.6910000000000003,3.1411125
DK1,base_hour_logit,count2022_target05,process,0.005000000000000001,original_M0__top2,3.2650000000000006,2.9900000000000007,3.4901250000000004
DK1,base_hour_logit,count2022_target05,process,0.0055,original_M0__top2,3.5915,3.2889999999999997,3.8391374999999996
DK1,base_hour_logit,count2022_target05,process,0.006,original_M0__top2,3.918,3.588,4.188149999999999
DK1,base_hour_logit,count2022_target05,process,0.006500000000000001,original_M0__top2,4.2445,3.8870000000000005,4.537162500000001
DK1,base_hour_logit,count2022_target05,process,0.007000000000000001,original_M0__top2,4.571000000000001,4.186000000000001,4.886175000000001
DK1,base_hour_logit,count2022_target05,process,0.0075,original_M0__top2,4.8975,4.484999999999999,5.235187499999999
DK1,base_hour_logit,count2022_target05,process,0.008,original_M0__top2,5.224,4.784,5.5842
DK1,base_hour_logit,count2022_target05,process,0.0085,original_M0__top2,5.5505,5.083,5.933212500000001
DK1,base_hour_logit,count2022_target05,process,0.009000000000000001,original_M0__top2,5.877000000000001,5.382000000000001,6.282225
DK1,base_hour_logit,count2022_target05,process,0.009500000000000001,original_M0__top2,6.203500000000001,5.681000000000001,6.631237500000001
DK1,base_hour_logit,count2022_target05,process,0.01,original_M0__top2,6.53,5.98,6.98025
DK1,base_hour_logit,count2022_target05,process,0.0105,original_M0__top2,6.8565000000000005,6.279000000000001,7.3292625000000005
DK1,base_hour_logit,count2022_target05,process,0.011000000000000001,original_M0__top2,7.183000000000001,6.578,7.678275
DK1,base_hour_logit,count2022_target05,process,0.0115,original_M0__top2,7.5095,6.877,8.027287499999998
DK1,base_hour_logit,count2022_target05,process,0.012,original_M0__top2,7.836,7.176,8.376299999999999
DK1,base_hour_logit,count2022_target05,process,0.0125,original_M0__top2,8.1625,7.4750000000000005,8.7253125
DK1,base_hour_logit,count2022_target05,process,0.013000000000000001,original_M0__top2,8.489,7.774000000000001,9.074325000000002
DK1,base_hour_logit,count2022_target05,process,0.013500000000000002,original_M0__top2,8.815500000000002,8.073,9.423337500000002
DK1,base_hour_logit,count2022_target05,process,0.014,original_M0__top2,9.142,8.372,9.77235
DK1,base_hour_logit,count2022_target05,process,0.0145,original_M0__top2,9.4685,8.671000000000001,10.1213625
DK1,base_hour_logit,count2022_target05,process,0.015,original_M0__top2,9.795,8.969999999999999,10.470374999999999
DK1,base_hour_logit,count2022_target05,process,0.02,original_M0__top2,13.06,11.96,13.9605
DK1,base_hour_logit,count2022_target05,process,0.03,original_M0__top2,19.59,17.939999999999998,20.940749999999998
DK1,base_hour_logit,count2022_target05,process,0.05,original_M0__top2,32.65,29.900000000000002,34.90125
DK1,base_hour_logit,count2022_target05,process,0.1,original_M0__top2,65.3,59.800000000000004,69.8025
DK1,base_hour_logit,count2022_target05,process,0.2,original_M0__top2,130.6,119.60000000000001,139.605
DK1,base_hour_logit,count2022_target05,process,0.25,original_M0__top2,163.25,149.5,174.50625
DK1,base_hour_logit,count2022_target05,process,0.5,original_M0__top2,326.5,299.0,349.0125
DK1,base_hour_logit,count2022_target05,process,1.0,original_M0__top2,653.0,598.0,698.025
DK1,base_hour_logit,count2022_target05,hour,0.0,original_M0__top2,2.0,-5.0,8.0
DK1,base_hour_logit,count2022_target05,hour,0.0005,original_M0__top2,2.3265000000000002,-4.6806375000000005,8.32155
DK1,base_hour_logit,count2022_target05,hour,0.001,original_M0__top2,2.653,-4.361275,8.6431
DK1,base_hour_logit,count2022_target05,hour,0.0015,original_M0__top2,2.9795,-4.0419125000000005,8.964649999999999
DK1,base_hour_logit,count2022_target05,hour,0.002,original_M0__top2,3.306,-3.72255,9.2862
DK1,base_hour_logit,count2022_target05,hour,0.0025,original_M0__top2,3.6325000000000003,-3.4031875,9.60775
DK1,base_hour_logit,count2022_target05,hour,0.003,original_M0__top2,3.959,-3.083825,9.9293
DK1,base_hour_logit,count2022_target05,hour,0.0035,original_M0__top2,4.2855,-2.7644625,10.25085
DK1,base_hour_logit,count2022_target05,hour,0.004,original_M0__top2,4.612,-2.4451,10.572399999999998
DK1,base_hour_logit,count2022_target05,hour,0.0045000000000000005,original_M0__top2,4.9385,-2.1257374999999996,10.893949999999998
DK1,base_hour_logit,count2022_target05,hour,0.005000000000000001,original_M0__top2,5.265000000000001,-1.8063749999999992,11.215499999999999
DK1,base_hour_logit,count2022_target05,hour,0.0055,original_M0__top2,5.5915,-1.4870125,11.537049999999999
DK1,base_hour_logit,count2022_target05,hour,0.006,original_M0__top2,5.918,-1.1676499999999999,11.8586
DK1,base_hour_logit,count2022_target05,hour,0.006500000000000001,original_M0__top2,6.2445,-0.8482874999999996,12.180150000000001
DK1,base_hour_logit,count2022_target05,hour,0.007000000000000001,original_M0__top2,6.571000000000001,-0.5289249999999991,12.501700000000001
DK1,base_hour_logit,count2022_target05,hour,0.0075,original_M0__top2,6.8975,-0.20956250000000035,12.82325
DK1,base_hour_logit,count2022_target05,hour,0.008,original_M0__top2,7.224,0.10980000000000022,13.1448
DK1,base_hour_logit,count2022_target05,hour,0.0085,original_M0__top2,7.5505,0.4291625000000008,13.46635
DK1,base_hour_logit,count2022_target05,hour,0.009000000000000001,original_M0__top2,7.877000000000001,0.7485250000000004,13.7879
DK1,base_hour_logit,count2022_target05,hour,0.009500000000000001,original_M0__top2,8.203500000000002,1.067887500000001,14.10945
DK1,base_hour_logit,count2022_target05,hour,0.01,original_M0__top2,8.530000000000001,1.3872500000000008,14.431
DK1,base_hour_logit,count2022_target05,hour,0.0105,original_M0__top2,8.8565,1.7066125000000003,14.75255
DK1,base_hour_logit,count2022_target05,hour,0.011000000000000001,original_M0__top2,9.183,2.0259750000000007,15.0741
DK1,base_hour_logit,count2022_target05,hour,0.0115,original_M0__top2,9.5095,2.3453375,15.39565
DK1,base_hour_logit,count2022_target05,hour,0.012,original_M0__top2,9.836,2.6647000000000003,15.7172
DK1,base_hour_logit,count2022_target05,hour,0.0125,original_M0__top2,10.1625,2.9840625000000007,16.03875
DK1,base_hour_logit,count2022_target05,hour,0.013000000000000001,original_M0__top2,10.489,3.3034250000000007,16.361275
DK1,base_hour_logit,count2022_target05,hour,0.013500000000000002,original_M0__top2,10.815500000000002,3.622787500000002,16.7203625
DK1,base_hour_logit,count2022_target05,hour,0.014,original_M0__top2,11.142,3.94215,17.05855
DK1,base_hour_logit,count2022_target05,hour,0.0145,original_M0__top2,11.4685,4.261512500000001,17.383449999999996
DK1,base_hour_logit,count2022_target05,hour,0.015,original_M0__top2,11.795,4.580874999999999,17.741375
DK1,base_hour_logit,count2022_target05,hour,0.02,original_M0__top2,15.06,7.776000000000002,21.0815
DK1,base_hour_logit,count2022_target05,hour,0.03,original_M0__top2,21.59,14.19925,27.48275
DK1,base_hour_logit,count2022_target05,hour,0.05,original_M0__top2,34.65,26.8,40.705
DK1,base_hour_logit,count2022_target05,hour,0.1,original_M0__top2,67.3,58.5,74.3025
DK1,base_hour_logit,count2022_target05,hour,0.2,original_M0__top2,132.6,119.60000000000001,142.405
DK1,base_hour_logit,count2022_target05,hour,0.25,original_M0__top2,165.25,150.0,176.5125
DK1,base_hour_logit,count2022_target05,hour,0.5,original_M0__top2,328.5,300.4875,350.5
DK1,base_hour_logit,count2022_target05,hour,1.0,original_M0__top2,655.0,600.0,700.0
DK1,base_hour_logit,count2023_target05,process,0.0,original_M0__top2,0.0,0.0,0.0
DK1,base_hour_logit,count2023_target05,process,0.0005,original_M0__top2,0.3265,0.299,0.3490125
DK1,base_hour_logit,count2023_target05,process,0.001,original_M0__top2,0.653,0.598,0.698025
DK1,base_hour_logit,count2023_target05,process,0.0015,original_M0__top2,0.9795,0.897,1.0470374999999998
DK1,base_hour_logit,count2023_target05,process,0.002,original_M0__top2,1.306,1.196,1.39605
DK1,base_hour_logit,count2023_target05,process,0.0025,original_M0__top2,1.6325,1.495,1.7450625
DK1,base_hour_logit,count2023_target05,process,0.003,original_M0__top2,1.959,1.794,2.0940749999999997
DK1,base_hour_logit,count2023_target05,process,0.0035,original_M0__top2,2.2855,2.093,2.4430875
DK1,base_hour_logit,count2023_target05,process,0.004,original_M0__top2,2.612,2.392,2.7921
DK1,base_hour_logit,count2023_target05,process,0.0045000000000000005,original_M0__top2,2.9385000000000003,2.6910000000000003,3.1411125
DK1,base_hour_logit,count2023_target05,process,0.005000000000000001,original_M0__top2,3.2650000000000006,2.9900000000000007,3.4901250000000004
DK1,base_hour_logit,count2023_target05,process,0.0055,original_M0__top2,3.5915,3.2889999999999997,3.8391374999999996
DK1,base_hour_logit,count2023_target05,process,0.006,original_M0__top2,3.918,3.588,4.188149999999999
DK1,base_hour_logit,count2023_target05,process,0.006500000000000001,original_M0__top2,4.2445,3.8870000000000005,4.537162500000001
DK1,base_hour_logit,count2023_target05,process,0.007000000000000001,original_M0__top2,4.571000000000001,4.186000000000001,4.886175000000001
DK1,base_hour_logit,count2023_target05,process,0.0075,original_M0__top2,4.8975,4.484999999999999,5.235187499999999
DK1,base_hour_logit,count2023_target05,process,0.008,original_M0__top2,5.224,4.784,5.5842
DK1,base_hour_logit,count2023_target05,process,0.0085,original_M0__top2,5.5505,5.083,5.933212500000001
DK1,base_hour_logit,count2023_target05,process,0.009000000000000001,original_M0__top2,5.877000000000001,5.382000000000001,6.282225
DK1,base_hour_logit,count2023_target05,process,0.009500000000000001,original_M0__top2,6.203500000000001,5.681000000000001,6.631237500000001
DK1,base_hour_logit,count2023_target05,process,0.01,original_M0__top2,6.53,5.98,6.98025
DK1,base_hour_logit,count2023_target05,process,0.0105,original_M0__top2,6.8565000000000005,6.279000000000001,7.3292625000000005
DK1,base_hour_logit,count2023_target05,process,0.011000000000000001,original_M0__top2,7.183000000000001,6.578,7.678275
DK1,base_hour_logit,count2023_target05,process,0.0115,original_M0__top2,7.5095,6.877,8.027287499999998
DK1,base_hour_logit,count2023_target05,process,0.012,original_M0__top2,7.836,7.176,8.376299999999999
DK1,base_hour_logit,count2023_target05,process,0.0125,original_M0__top2,8.1625,7.4750000000000005,8.7253125
DK1,base_hour_logit,count2023_target05,process,0.013000000000000001,original_M0__top2,8.489,7.774000000000001,9.074325000000002
DK1,base_hour_logit,count2023_target05,process,0.013500000000000002,original_M0__top2,8.815500000000002,8.073,9.423337500000002
DK1,base_hour_logit,count2023_target05,process,0.014,original_M0__top2,9.142,8.372,9.77235
DK1,base_hour_logit,count2023_target05,process,0.0145,original_M0__top2,9.4685,8.671000000000001,10.1213625
DK1,base_hour_logit,count2023_target05,process,0.015,original_M0__top2,9.795,8.969999999999999,10.470374999999999
DK1,base_hour_logit,count2023_target05,process,0.02,original_M0__top2,13.06,11.96,13.9605
DK1,base_hour_logit,count2023_target05,process,0.03,original_M0__top2,19.59,17.939999999999998,20.940749999999998
DK1,base_hour_logit,count2023_target05,process,0.05,original_M0__top2,32.65,29.900000000000002,34.90125
DK1,base_hour_logit,count2023_target05,process,0.1,original_M0__top2,65.3,59.800000000000004,69.8025
DK1,base_hour_logit,count2023_target05,process,0.2,original_M0__top2,130.6,119.60000000000001,139.605
DK1,base_hour_logit,count2023_target05,process,0.25,original_M0__top2,163.25,149.5,174.50625
DK1,base_hour_logit,count2023_target05,process,0.5,original_M0__top2,326.5,299.0,349.0125
DK1,base_hour_logit,count2023_target05,process,1.0,original_M0__top2,653.0,598.0,698.025
DK1,base_hour_logit,count2023_target05,hour,0.0,original_M0__top2,2.0,-5.0,8.0
DK1,base_hour_logit,count2023_target05,hour,0.0005,original_M0__top2,2.3265000000000002,-4.6806375000000005,8.32155
DK1,base_hour_logit,count2023_target05,hour,0.001,original_M0__top2,2.653,-4.361275,8.6431
DK1,base_hour_logit,count2023_target05,hour,0.0015,original_M0__top2,2.9795,-4.0419125000000005,8.964649999999999
DK1,base_hour_logit,count2023_target05,hour,0.002,original_M0__top2,3.306,-3.72255,9.2862
DK1,base_hour_logit,count2023_target05,hour,0.0025,original_M0__top2,3.6325000000000003,-3.4031875,9.60775
DK1,base_hour_logit,count2023_target05,hour,0.003,original_M0__top2,3.959,-3.083825,9.9293
DK1,base_hour_logit,count2023_target05,hour,0.0035,original_M0__top2,4.2855,-2.7644625,10.25085
DK1,base_hour_logit,count2023_target05,hour,0.004,original_M0__top2,4.612,-2.4451,10.572399999999998
DK1,base_hour_logit,count2023_target05,hour,0.0045000000000000005,original_M0__top2,4.9385,-2.1257374999999996,10.893949999999998
DK1,base_hour_logit,count2023_target05,hour,0.005000000000000001,original_M0__top2,5.265000000000001,-1.8063749999999992,11.215499999999999
DK1,base_hour_logit,count2023_target05,hour,0.0055,original_M0__top2,5.5915,-1.4870125,11.537049999999999
DK1,base_hour_logit,count2023_target05,hour,0.006,original_M0__top2,5.918,-1.1676499999999999,11.8586
DK1,base_hour_logit,count2023_target05,hour,0.006500000000000001,original_M0__top2,6.2445,-0.8482874999999996,12.180150000000001
DK1,base_hour_logit,count2023_target05,hour,0.007000000000000001,original_M0__top2,6.571000000000001,-0.5289249999999991,12.501700000000001
DK1,base_hour_logit,count2023_target05,hour,0.0075,original_M0__top2,6.8975,-0.20956250000000035,12.82325
DK1,base_hour_logit,count2023_target05,hour,0.008,original_M0__top2,7.224,0.10980000000000022,13.1448
DK1,base_hour_logit,count2023_target05,hour,0.0085,original_M0__top2,7.5505,0.4291625000000008,13.46635
DK1,base_hour_logit,count2023_target05,hour,0.009000000000000001,original_M0__top2,7.877000000000001,0.7485250000000004,13.7879
DK1,base_hour_logit,count2023_target05,hour,0.009500000000000001,original_M0__top2,8.203500000000002,1.067887500000001,14.10945
DK1,base_hour_logit,count2023_target05,hour,0.01,original_M0__top2,8.530000000000001,1.3872500000000008,14.431
DK1,base_hour_logit,count2023_target05,hour,0.0105,original_M0__top2,8.8565,1.7066125000000003,14.75255
DK1,base_hour_logit,count2023_target05,hour,0.011000000000000001,original_M0__top2,9.183,2.0259750000000007,15.0741
DK1,base_hour_logit,count2023_target05,hour,0.0115,original_M0__top2,9.5095,2.3453375,15.39565
DK1,base_hour_logit,count2023_target05,hour,0.012,original_M0__top2,9.836,2.6647000000000003,15.7172
DK1,base_hour_logit,count2023_target05,hour,0.0125,original_M0__top2,10.1625,2.9840625000000007,16.03875
DK1,base_hour_logit,count2023_target05,hour,0.013000000000000001,original_M0__top2,10.489,3.3034250000000007,16.361275
DK1,base_hour_logit,count2023_target05,hour,0.013500000000000002,original_M0__top2,10.815500000000002,3.622787500000002,16.7203625
DK1,base_hour_logit,count2023_target05,hour,0.014,original_M0__top2,11.142,3.94215,17.05855
DK1,base_hour_logit,count2023_target05,hour,0.0145,original_M0__top2,11.4685,4.261512500000001,17.383449999999996
DK1,base_hour_logit,count2023_target05,hour,0.015,original_M0__top2,11.795,4.580874999999999,17.741375
DK1,base_hour_logit,count2023_target05,hour,0.02,original_M0__top2,15.06,7.776000000000002,21.0815
DK1,base_hour_logit,count2023_target05,hour,0.03,original_M0__top2,21.59,14.19925,27.48275
DK1,base_hour_logit,count2023_target05,hour,0.05,original_M0__top2,34.65,26.8,40.705
DK1,base_hour_logit,count2023_target05,hour,0.1,original_M0__top2,67.3,58.5,74.3025
DK1,base_hour_logit,count2023_target05,hour,0.2,original_M0__top2,132.6,119.60000000000001,142.405
DK1,base_hour_logit,count2023_target05,hour,0.25,original_M0__top2,165.25,150.0,176.5125
DK1,base_hour_logit,count2023_target05,hour,0.5,original_M0__top2,328.5,300.4875,350.5
DK1,base_hour_logit,count2023_target05,hour,1.0,original_M0__top2,655.0,600.0,700.0
DK1,base_hour_logit,fixed025,process,0.0,original_M0__top2,-5.0,-9.0,-2.0
DK1,base_hour_logit,fixed025,process,0.0005,original_M0__top2,-4.468,-8.470025000000001,-1.478
DK1,base_hour_logit,fixed025,process,0.001,original_M0__top2,-3.936,-7.940049999999999,-0.956
DK1,base_hour_logit,fixed025,process,0.0015,original_M0__top2,-3.404,-7.410075,-0.43399999999999994
DK1,base_hour_logit,fixed025,process,0.002,original_M0__top2,-2.872,-6.8801,0.08800000000000008
DK1,base_hour_logit,fixed025,process,0.0025,original_M0__top2,-2.34,-6.350124999999999,0.6099999999999999
DK1,base_hour_logit,fixed025,process,0.003,original_M0__top2,-1.8079999999999998,-5.82015,1.1320000000000001
DK1,base_hour_logit,fixed025,process,0.0035,original_M0__top2,-1.2759999999999998,-5.290175,1.654
DK1,base_hour_logit,fixed025,process,0.004,original_M0__top2,-0.7439999999999998,-4.7602,2.176
DK1,base_hour_logit,fixed025,process,0.0045000000000000005,original_M0__top2,-0.21199999999999974,-4.230225,2.6980000000000004
DK1,base_hour_logit,fixed025,process,0.005000000000000001,original_M0__top2,0.3200000000000012,-3.700249999999999,3.2200000000000006
DK1,base_hour_logit,fixed025,process,0.0055,original_M0__top2,0.8519999999999994,-3.1702749999999997,3.742
DK1,base_hour_logit,fixed025,process,0.006,original_M0__top2,1.3840000000000003,-2.6403,4.264
DK1,base_hour_logit,fixed025,process,0.006500000000000001,original_M0__top2,1.9160000000000004,-2.1103249999999996,4.7860000000000005
DK1,base_hour_logit,fixed025,process,0.007000000000000001,original_M0__top2,2.4480000000000013,-1.5803499999999993,5.308000000000001
DK1,base_hour_logit,fixed025,process,0.0075,original_M0__top2,2.9799999999999995,-1.0503750000000007,5.83
DK1,base_hour_logit,fixed025,process,0.008,original_M0__top2,3.5120000000000005,-0.5203999999999995,6.352
DK1,base_hour_logit,fixed025,process,0.0085,original_M0__top2,4.0440000000000005,0.009574999999999825,6.8740000000000006
DK1,base_hour_logit,fixed025,process,0.009000000000000001,original_M0__top2,4.5760000000000005,0.539550000000001,7.396000000000001
DK1,base_hour_logit,fixed025,process,0.009500000000000001,original_M0__top2,5.108000000000002,1.069525000000002,7.918000000000001
DK1,base_hour_logit,fixed025,process,0.01,original_M0__top2,5.640000000000001,1.5994999999999997,8.44
DK1,base_hour_logit,fixed025,process,0.0105,original_M0__top2,6.172000000000001,2.1294750000000007,8.962000000000002
DK1,base_hour_logit,fixed025,process,0.011000000000000001,original_M0__top2,6.704000000000001,2.659450000000002,9.484000000000002
DK1,base_hour_logit,fixed025,process,0.0115,original_M0__top2,7.236000000000001,3.1894249999999995,10.006
DK1,base_hour_logit,fixed025,process,0.012,original_M0__top2,7.768000000000001,3.7194000000000007,10.528
DK1,base_hour_logit,fixed025,process,0.0125,original_M0__top2,8.3,4.249375,11.05
DK1,base_hour_logit,fixed025,process,0.013000000000000001,original_M0__top2,8.832,4.779350000000001,11.572025000000002
DK1,base_hour_logit,fixed025,process,0.013500000000000002,original_M0__top2,9.364000000000003,5.309325000000002,12.094675
DK1,base_hour_logit,fixed025,process,0.014,original_M0__top2,9.896,5.8393,12.6167
DK1,base_hour_logit,fixed025,process,0.0145,original_M0__top2,10.428,6.369275000000001,13.138724999999999
DK1,base_hour_logit,fixed025,process,0.015,original_M0__top2,10.959999999999999,6.8992499999999986,13.68025
DK1,base_hour_logit,fixed025,process,0.02,original_M0__top2,16.28,12.1575,19.02
DK1,base_hour_logit,fixed025,process,0.03,original_M0__top2,26.919999999999998,22.48,29.620749999999997
DK1,base_hour_logit,fixed025,process,0.05,original_M0__top2,48.2,43.050000000000004,51.151250000000005
DK1,base_hour_logit,fixed025,process,0.1,original_M0__top2,101.4,93.79750000000001,106.105
DK1,base_hour_logit,fixed025,process,0.2,original_M0__top2,207.8,194.8,216.0
DK1,base_hour_logit,fixed025,process,0.25,original_M0__top2,261.0,245.0,271.25625
DK1,base_hour_logit,fixed025,process,0.5,original_M0__top2,527.0,495.5,548.0125
DK1,base_hour_logit,fixed025,process,1.0,original_M0__top2,1059.0,995.0,1102.025
DK1,base_hour_logit,fixed025,hour,0.0,original_M0__top2,-56.0,-83.0,-43.0
DK1,base_hour_logit,fixed025,hour,0.0005,original_M0__top2,-55.468,-82.4616625,-42.475975
DK1,base_hour_logit,fixed025,hour,0.001,original_M0__top2,-54.936,-81.923325,-41.95195
DK1,base_hour_logit,fixed025,hour,0.0015,original_M0__top2,-54.403999999999996,-81.38498750000001,-41.427924999999995
DK1,base_hour_logit,fixed025,hour,0.002,original_M0__top2,-53.872,-80.84665,-40.90389999999999
DK1,base_hour_logit,fixed025,hour,0.0025,original_M0__top2,-53.34,-80.3083125,-40.379875000000006
DK1,base_hour_logit,fixed025,hour,0.003,original_M0__top2,-52.808,-79.769975,-39.855850000000004
DK1,base_hour_logit,fixed025,hour,0.0035,original_M0__top2,-52.275999999999996,-79.2316375,-39.331825
DK1,base_hour_logit,fixed025,hour,0.004,original_M0__top2,-51.744,-78.69330000000001,-38.8078
DK1,base_hour_logit,fixed025,hour,0.0045000000000000005,original_M0__top2,-51.212,-78.1549625,-38.283775
DK1,base_hour_logit,fixed025,hour,0.005000000000000001,original_M0__top2,-50.68,-77.616625,-37.75975
DK1,base_hour_logit,fixed025,hour,0.0055,original_M0__top2,-50.148,-77.0782875,-37.235725
DK1,base_hour_logit,fixed025,hour,0.006,original_M0__top2,-49.616,-76.53994999999999,-36.7117
DK1,base_hour_logit,fixed025,hour,0.006500000000000001,original_M0__top2,-49.084,-76.0016125,-36.187675000000006
DK1,base_hour_logit,fixed025,hour,0.007000000000000001,original_M0__top2,-48.552,-75.463275,-35.663650000000004
DK1,base_hour_logit,fixed025,hour,0.0075,original_M0__top2,-48.02,-74.9249375,-35.139625
DK1,base_hour_logit,fixed025,hour,0.008,original_M0__top2,-47.488,-74.3866,-34.6156
DK1,base_hour_logit,fixed025,hour,0.0085,original_M0__top2,-46.956,-73.8482625,-34.091575
DK1,base_hour_logit,fixed025,hour,0.009000000000000001,original_M0__top2,-46.424,-73.309925,-33.56755
DK1,base_hour_logit,fixed025,hour,0.009500000000000001,original_M0__top2,-45.891999999999996,-72.77158750000001,-33.043524999999995
DK1,base_hour_logit,fixed025,hour,0.01,original_M0__top2,-45.36,-72.23325,-32.519499999999994
DK1,base_hour_logit,fixed025,hour,0.0105,original_M0__top2,-44.828,-71.6949125,-31.995475
DK1,base_hour_logit,fixed025,hour,0.011000000000000001,original_M0__top2,-44.296,-71.15657499999999,-31.47145
DK1,base_hour_logit,fixed025,hour,0.0115,original_M0__top2,-43.763999999999996,-70.61823749999999,-30.947425000000003
DK1,base_hour_logit,fixed025,hour,0.012,original_M0__top2,-43.232,-70.0799,-30.4234
DK1,base_hour_logit,fixed025,hour,0.0125,original_M0__top2,-42.7,-69.5415625,-29.899375
DK1,base_hour_logit,fixed025,hour,0.013000000000000001,original_M0__top2,-42.168,-69.003225,-29.375349999999997
DK1,base_hour_logit,fixed025,hour,0.013500000000000002,original_M0__top2,-41.635999999999996,-68.46488749999999,-28.851324999999996
DK1,base_hour_logit,fixed025,hour,0.014,original_M0__top2,-41.104,-67.92654999999999,-28.3273
DK1,base_hour_logit,fixed025,hour,0.0145,original_M0__top2,-40.572,-67.3882125,-27.803275
DK1,base_hour_logit,fixed025,hour,0.015,original_M0__top2,-40.04,-66.849875,-27.27925
DK1,base_hour_logit,fixed025,hour,0.02,original_M0__top2,-34.72,-61.642,-22.039
DK1,base_hour_logit,fixed025,hour,0.03,original_M0__top2,-24.080000000000002,-51.0805,-11.647750000000004
DK1,base_hour_logit,fixed025,hour,0.05,original_M0__top2,-2.799999999999997,-29.702499999999997,9.253749999999997
DK1,base_hour_logit,fixed025,hour,0.1,original_M0__top2,50.400000000000006,23.985,61.7025
DK1,base_hour_logit,fixed025,hour,0.2,original_M0__top2,156.8,128.20000000000002,168.005
DK1,base_hour_logit,fixed025,hour,0.25,original_M0__top2,210.0,180.25,222.75625
DK1,base_hour_logit,fixed025,hour,0.5,original_M0__top2,476.0,436.0,494.025
DK1,base_hour_logit,fixed025,hour,1.0,original_M0__top2,1008.0,941.0,1047.0
DK1,base_hour_logit,count2022_cool6,process,0.0,original_M0__top2,4.0,-3.0,14.0
DK1,base_hour_logit,count2022_cool6,process,0.0005,original_M0__top2,4.3745,-2.6255375,14.3575875
DK1,base_hour_logit,count2022_cool6,process,0.001,original_M0__top2,4.749,-2.2510749999999997,14.715175
DK1,base_hour_logit,count2022_cool6,process,0.0015,original_M0__top2,5.1235,-1.8766125,15.0727625
DK1,base_hour_logit,count2022_cool6,process,0.002,original_M0__top2,5.498,-1.50215,15.430349999999999
DK1,base_hour_logit,count2022_cool6,process,0.0025,original_M0__top2,5.8725000000000005,-1.1276875,15.7879375
DK1,base_hour_logit,count2022_cool6,process,0.003,original_M0__top2,6.247,-0.7532250000000001,16.145525
DK1,base_hour_logit,count2022_cool6,process,0.0035,original_M0__top2,6.6215,-0.37876249999999984,16.5031125
DK1,base_hour_logit,count2022_cool6,process,0.004,original_M0__top2,6.996,-0.004299999999999987,16.860699999999998
DK1,base_hour_logit,count2022_cool6,process,0.0045000000000000005,original_M0__top2,7.3705,0.3701625000000003,17.2182875
DK1,base_hour_logit,count2022_cool6,process,0.005000000000000001,original_M0__top2,7.745000000000001,0.7446250000000005,17.575875
DK1,base_hour_logit,count2022_cool6,process,0.0055,original_M0__top2,8.119499999999999,1.1190874999999996,17.9334625
DK1,base_hour_logit,count2022_cool6,process,0.006,original_M0__top2,8.494,1.4935499999999997,18.29105
DK1,base_hour_logit,count2022_cool6,process,0.006500000000000001,original_M0__top2,8.868500000000001,1.8680125,18.6486375
DK1,base_hour_logit,count2022_cool6,process,0.007000000000000001,original_M0__top2,9.243,2.242475,19.006225
DK1,base_hour_logit,count2022_cool6,process,0.0075,original_M0__top2,9.6175,2.6169374999999997,19.363812499999998
DK1,base_hour_logit,count2022_cool6,process,0.008,original_M0__top2,9.992,2.9914,19.7214
DK1,base_hour_logit,count2022_cool6,process,0.0085,original_M0__top2,10.3665,3.3658625000000004,20.0789875
DK1,base_hour_logit,count2022_cool6,process,0.009000000000000001,original_M0__top2,10.741,3.740325000000001,20.436575
DK1,base_hour_logit,count2022_cool6,process,0.009500000000000001,original_M0__top2,11.1155,4.114787500000001,20.7941625
DK1,base_hour_logit,count2022_cool6,process,0.01,original_M0__top2,11.49,4.48925,21.151749999999996
DK1,base_hour_logit,count2022_cool6,process,0.0105,original_M0__top2,11.8645,4.8637125,21.509337499999997
DK1,base_hour_logit,count2022_cool6,process,0.011000000000000001,original_M0__top2,12.239,5.238175000000001,21.866925000000002
DK1,base_hour_logit,count2022_cool6,process,0.0115,original_M0__top2,12.6135,5.6126375,22.2245125
DK1,base_hour_logit,count2022_cool6,process,0.012,original_M0__top2,12.988,5.9871,22.582099999999997
DK1,base_hour_logit,count2022_cool6,process,0.0125,original_M0__top2,13.3625,6.361562500000001,22.939687499999998
DK1,base_hour_logit,count2022_cool6,process,0.013000000000000001,original_M0__top2,13.737,6.736025000000001,23.297275
DK1,base_hour_logit,count2022_cool6,process,0.013500000000000002,original_M0__top2,14.111500000000001,7.110487500000001,23.6548625
DK1,base_hour_logit,count2022_cool6,process,0.014,original_M0__top2,14.486,7.48495,24.012449999999994
DK1,base_hour_logit,count2022_cool6,process,0.0145,original_M0__top2,14.8605,7.8594125,24.3700375
DK1,base_hour_logit,count2022_cool6,process,0.015,original_M0__top2,15.235,8.233875,24.732499999999998
DK1,base_hour_logit,count2022_cool6,process,0.02,original_M0__top2,18.98,11.9785,28.520999999999997
DK1,base_hour_logit,count2022_cool6,process,0.03,original_M0__top2,26.47,19.3675,36.2605
DK1,base_hour_logit,count2022_cool6,process,0.05,original_M0__top2,41.45,34.088750000000005,51.2
DK1,base_hour_logit,count2022_cool6,process,0.1,original_M0__top2,78.9,70.5,89.105
DK1,base_hour_logit,count2022_cool6,process,0.2,original_M0__top2,153.8,141.20000000000002,166.0
DK1,base_hour_logit,count2022_cool6,process,0.25,original_M0__top2,191.25,176.49375,204.25
DK1,base_hour_logit,count2022_cool6,process,0.5,original_M0__top2,378.5,351.0,400.5
DK1,base_hour_logit,count2022_cool6,process,1.0,original_M0__top2,753.0,701.0,793.025
DK1,base_hour_logit,count2022_cool6,hour,0.0,original_M0__top2,-56.0,-71.0,-35.0
DK1,base_hour_logit,count2022_cool6,hour,0.0005,original_M0__top2,-55.6255,-70.64315,-34.6304625
DK1,base_hour_logit,count2022_cool6,hour,0.001,original_M0__top2,-55.251,-70.2863,-34.260925
DK1,base_hour_logit,count2022_cool6,hour,0.0015,original_M0__top2,-54.8765,-69.92945,-33.8913875
DK1,base_hour_logit,count2022_cool6,hour,0.002,original_M0__top2,-54.502,-69.57260000000001,-33.52185
DK1,base_hour_logit,count2022_cool6,hour,0.0025,original_M0__top2,-54.1275,-69.21575,-33.1523125
DK1,base_hour_logit,count2022_cool6,hour,0.003,original_M0__top2,-53.753,-68.8589,-32.782775
DK1,base_hour_logit,count2022_cool6,hour,0.0035,original_M0__top2,-53.3785,-68.50205000000001,-32.4132375
DK1,base_hour_logit,count2022_cool6,hour,0.004,original_M0__top2,-53.004,-68.1452,-32.043699999999994
DK1,base_hour_logit,count2022_cool6,hour,0.0045000000000000005,original_M0__top2,-52.6295,-67.78835000000001,-31.674162499999998
DK1,base_hour_logit,count2022_cool6,hour,0.005000000000000001,original_M0__top2,-52.255,-67.43149999999999,-31.304625
DK1,base_hour_logit,count2022_cool6,hour,0.0055,original_M0__top2,-51.8805,-67.07465,-30.9350875
DK1,base_hour_logit,count2022_cool6,hour,0.006,original_M0__top2,-51.506,-66.7178,-30.565549999999998
DK1,base_hour_logit,count2022_cool6,hour,0.006500000000000001,original_M0__top2,-51.1315,-66.36094999999999,-30.196012500000002
DK1,base_hour_logit,count2022_cool6,hour,0.007000000000000001,original_M0__top2,-50.757,-66.0041,-29.826475
DK1,base_hour_logit,count2022_cool6,hour,0.0075,original_M0__top2,-50.3825,-65.64725,-29.4569375
DK1,base_hour_logit,count2022_cool6,hour,0.008,original_M0__top2,-50.008,-65.29039999999999,-29.087400000000002
DK1,base_hour_logit,count2022_cool6,hour,0.0085,original_M0__top2,-49.6335,-64.93355,-28.7178625
DK1,base_hour_logit,count2022_cool6,hour,0.009000000000000001,original_M0__top2,-49.259,-64.5767,-28.348325
DK1,base_hour_logit,count2022_cool6,hour,0.009500000000000001,original_M0__top2,-48.8845,-64.21985,-27.9787875
DK1,base_hour_logit,count2022_cool6,hour,0.01,original_M0__top2,-48.51,-63.863,-27.60925
DK1,base_hour_logit,count2022_cool6,hour,0.0105,original_M0__top2,-48.1355,-63.50615,-27.239712500000003
DK1,base_hour_logit,count2022_cool6,hour,0.011000000000000001,original_M0__top2,-47.760999999999996,-63.149300000000004,-26.870175
DK1,base_hour_logit,count2022_cool6,hour,0.0115,original_M0__top2,-47.3865,-62.79245,-26.5006375
DK1,base_hour_logit,count2022_cool6,hour,0.012,original_M0__top2,-47.012,-62.4356,-26.1311
DK1,base_hour_logit,count2022_cool6,hour,0.0125,original_M0__top2,-46.6375,-62.07875,-25.7615625
DK1,base_hour_logit,count2022_cool6,hour,0.013000000000000001,original_M0__top2,-46.263,-61.721900000000005,-25.392025
DK1,base_hour_logit,count2022_cool6,hour,0.013500000000000002,original_M0__top2,-45.8885,-61.36505,-25.0224875
DK1,base_hour_logit,count2022_cool6,hour,0.014,original_M0__top2,-45.513999999999996,-61.008199999999995,-24.65295
DK1,base_hour_logit,count2022_cool6,hour,0.0145,original_M0__top2,-45.1395,-60.65135,-24.2834125
DK1,base_hour_logit,count2022_cool6,hour,0.015,original_M0__top2,-44.765,-60.2945,-23.913875
DK1,base_hour_logit,count2022_cool6,hour,0.02,original_M0__top2,-41.019999999999996,-56.7245,-20.2185
DK1,base_hour_logit,count2022_cool6,hour,0.03,original_M0__top2,-33.53,-49.3545,-12.828250000000004
DK1,base_hour_logit,count2022_cool6,hour,0.05,original_M0__top2,-18.549999999999997,-34.65625,1.7549999999999955
DK1,base_hour_logit,count2022_cool6,hour,0.1,original_M0__top2,18.900000000000006,2.0,39.2
DK1,base_hour_logit,count2022_cool6,hour,0.2,original_M0__top2,93.80000000000001,74.39,115.6
DK1,base_hour_logit,count2022_cool6,hour,0.25,original_M0__top2,131.25,110.24375,153.0
DK1,base_hour_logit,count2022_cool6,hour,0.5,original_M0__top2,318.5,286.0,348.0
DK1,base_hour_logit,count2022_cool6,hour,1.0,original_M0__top2,693.0,636.0,739.0
DK1,base_hour_logit,count2023_cool6,process,0.0,original_M0__top2,4.0,-3.0,14.0
DK1,base_hour_logit,count2023_cool6,process,0.0005,original_M0__top2,4.3745,-2.6255375,14.3575875
DK1,base_hour_logit,count2023_cool6,process,0.001,original_M0__top2,4.749,-2.2510749999999997,14.715175
DK1,base_hour_logit,count2023_cool6,process,0.0015,original_M0__top2,5.1235,-1.8766125,15.0727625
DK1,base_hour_logit,count2023_cool6,process,0.002,original_M0__top2,5.498,-1.50215,15.430349999999999
DK1,base_hour_logit,count2023_cool6,process,0.0025,original_M0__top2,5.8725000000000005,-1.1276875,15.7879375
DK1,base_hour_logit,count2023_cool6,process,0.003,original_M0__top2,6.247,-0.7532250000000001,16.145525
DK1,base_hour_logit,count2023_cool6,process,0.0035,original_M0__top2,6.6215,-0.37876249999999984,16.5031125
DK1,base_hour_logit,count2023_cool6,process,0.004,original_M0__top2,6.996,-0.004299999999999987,16.860699999999998
DK1,base_hour_logit,count2023_cool6,process,0.0045000000000000005,original_M0__top2,7.3705,0.3701625000000003,17.2182875
DK1,base_hour_logit,count2023_cool6,process,0.005000000000000001,original_M0__top2,7.745000000000001,0.7446250000000005,17.575875
DK1,base_hour_logit,count2023_cool6,process,0.0055,original_M0__top2,8.119499999999999,1.1190874999999996,17.9334625
DK1,base_hour_logit,count2023_cool6,process,0.006,original_M0__top2,8.494,1.4935499999999997,18.29105
DK1,base_hour_logit,count2023_cool6,process,0.006500000000000001,original_M0__top2,8.868500000000001,1.8680125,18.6486375
DK1,base_hour_logit,count2023_cool6,process,0.007000000000000001,original_M0__top2,9.243,2.242475,19.006225
DK1,base_hour_logit,count2023_cool6,process,0.0075,original_M0__top2,9.6175,2.6169374999999997,19.363812499999998
DK1,base_hour_logit,count2023_cool6,process,0.008,original_M0__top2,9.992,2.9914,19.7214
DK1,base_hour_logit,count2023_cool6,process,0.0085,original_M0__top2,10.3665,3.3658625000000004,20.0789875
DK1,base_hour_logit,count2023_cool6,process,0.009000000000000001,original_M0__top2,10.741,3.740325000000001,20.436575
DK1,base_hour_logit,count2023_cool6,process,0.009500000000000001,original_M0__top2,11.1155,4.114787500000001,20.7941625
DK1,base_hour_logit,count2023_cool6,process,0.01,original_M0__top2,11.49,4.48925,21.151749999999996
DK1,base_hour_logit,count2023_cool6,process,0.0105,original_M0__top2,11.8645,4.8637125,21.509337499999997
DK1,base_hour_logit,count2023_cool6,process,0.011000000000000001,original_M0__top2,12.239,5.238175000000001,21.866925000000002
DK1,base_hour_logit,count2023_cool6,process,0.0115,original_M0__top2,12.6135,5.6126375,22.2245125
DK1,base_hour_logit,count2023_cool6,process,0.012,original_M0__top2,12.988,5.9871,22.582099999999997
DK1,base_hour_logit,count2023_cool6,process,0.0125,original_M0__top2,13.3625,6.361562500000001,22.939687499999998
DK1,base_hour_logit,count2023_cool6,process,0.013000000000000001,original_M0__top2,13.737,6.736025000000001,23.297275
DK1,base_hour_logit,count2023_cool6,process,0.013500000000000002,original_M0__top2,14.111500000000001,7.110487500000001,23.6548625
DK1,base_hour_logit,count2023_cool6,process,0.014,original_M0__top2,14.486,7.48495,24.012449999999994
DK1,base_hour_logit,count2023_cool6,process,0.0145,original_M0__top2,14.8605,7.8594125,24.3700375
DK1,base_hour_logit,count2023_cool6,process,0.015,original_M0__top2,15.235,8.233875,24.732499999999998
DK1,base_hour_logit,count2023_cool6,process,0.02,original_M0__top2,18.98,11.9785,28.520999999999997
DK1,base_hour_logit,count2023_cool6,process,0.03,original_M0__top2,26.47,19.3675,36.2605
DK1,base_hour_logit,count2023_cool6,process,0.05,original_M0__top2,41.45,34.088750000000005,51.2
DK1,base_hour_logit,count2023_cool6,process,0.1,original_M0__top2,78.9,70.5,89.105
DK1,base_hour_logit,count2023_cool6,process,0.2,original_M0__top2,153.8,141.20000000000002,166.0
DK1,base_hour_logit,count2023_cool6,process,0.25,original_M0__top2,191.25,176.49375,204.25
DK1,base_hour_logit,count2023_cool6,process,0.5,original_M0__top2,378.5,351.0,400.5
DK1,base_hour_logit,count2023_cool6,process,1.0,original_M0__top2,753.0,701.0,793.025
DK1,base_hour_logit,count2023_cool6,hour,0.0,original_M0__top2,-56.0,-71.0,-35.0
DK1,base_hour_logit,count2023_cool6,hour,0.0005,original_M0__top2,-55.6255,-70.64315,-34.6304625
DK1,base_hour_logit,count2023_cool6,hour,0.001,original_M0__top2,-55.251,-70.2863,-34.260925
DK1,base_hour_logit,count2023_cool6,hour,0.0015,original_M0__top2,-54.8765,-69.92945,-33.8913875
DK1,base_hour_logit,count2023_cool6,hour,0.002,original_M0__top2,-54.502,-69.57260000000001,-33.52185
DK1,base_hour_logit,count2023_cool6,hour,0.0025,original_M0__top2,-54.1275,-69.21575,-33.1523125
DK1,base_hour_logit,count2023_cool6,hour,0.003,original_M0__top2,-53.753,-68.8589,-32.782775
DK1,base_hour_logit,count2023_cool6,hour,0.0035,original_M0__top2,-53.3785,-68.50205000000001,-32.4132375
DK1,base_hour_logit,count2023_cool6,hour,0.004,original_M0__top2,-53.004,-68.1452,-32.043699999999994
DK1,base_hour_logit,count2023_cool6,hour,0.0045000000000000005,original_M0__top2,-52.6295,-67.78835000000001,-31.674162499999998
DK1,base_hour_logit,count2023_cool6,hour,0.005000000000000001,original_M0__top2,-52.255,-67.43149999999999,-31.304625
DK1,base_hour_logit,count2023_cool6,hour,0.0055,original_M0__top2,-51.8805,-67.07465,-30.9350875
DK1,base_hour_logit,count2023_cool6,hour,0.006,original_M0__top2,-51.506,-66.7178,-30.565549999999998
DK1,base_hour_logit,count2023_cool6,hour,0.006500000000000001,original_M0__top2,-51.1315,-66.36094999999999,-30.196012500000002
DK1,base_hour_logit,count2023_cool6,hour,0.007000000000000001,original_M0__top2,-50.757,-66.0041,-29.826475
DK1,base_hour_logit,count2023_cool6,hour,0.0075,original_M0__top2,-50.3825,-65.64725,-29.4569375
DK1,base_hour_logit,count2023_cool6,hour,0.008,original_M0__top2,-50.008,-65.29039999999999,-29.087400000000002
DK1,base_hour_logit,count2023_cool6,hour,0.0085,original_M0__top2,-49.6335,-64.93355,-28.7178625
DK1,base_hour_logit,count2023_cool6,hour,0.009000000000000001,original_M0__top2,-49.259,-64.5767,-28.348325
DK1,base_hour_logit,count2023_cool6,hour,0.009500000000000001,original_M0__top2,-48.8845,-64.21985,-27.9787875
DK1,base_hour_logit,count2023_cool6,hour,0.01,original_M0__top2,-48.51,-63.863,-27.60925
DK1,base_hour_logit,count2023_cool6,hour,0.0105,original_M0__top2,-48.1355,-63.50615,-27.239712500000003
DK1,base_hour_logit,count2023_cool6,hour,0.011000000000000001,original_M0__top2,-47.760999999999996,-63.149300000000004,-26.870175
DK1,base_hour_logit,count2023_cool6,hour,0.0115,original_M0__top2,-47.3865,-62.79245,-26.5006375
DK1,base_hour_logit,count2023_cool6,hour,0.012,original_M0__top2,-47.012,-62.4356,-26.1311
DK1,base_hour_logit,count2023_cool6,hour,0.0125,original_M0__top2,-46.6375,-62.07875,-25.7615625
DK1,base_hour_logit,count2023_cool6,hour,0.013000000000000001,original_M0__top2,-46.263,-61.721900000000005,-25.392025
DK1,base_hour_logit,count2023_cool6,hour,0.013500000000000002,original_M0__top2,-45.8885,-61.36505,-25.0224875
DK1,base_hour_logit,count2023_cool6,hour,0.014,original_M0__top2,-45.513999999999996,-61.008199999999995,-24.65295
DK1,base_hour_logit,count2023_cool6,hour,0.0145,original_M0__top2,-45.1395,-60.65135,-24.2834125
DK1,base_hour_logit,count2023_cool6,hour,0.015,original_M0__top2,-44.765,-60.2945,-23.913875
DK1,base_hour_logit,count2023_cool6,hour,0.02,original_M0__top2,-41.019999999999996,-56.7245,-20.2185
DK1,base_hour_logit,count2023_cool6,hour,0.03,original_M0__top2,-33.53,-49.3545,-12.828250000000004
DK1,base_hour_logit,count2023_cool6,hour,0.05,original_M0__top2,-18.549999999999997,-34.65625,1.7549999999999955
DK1,base_hour_logit,count2023_cool6,hour,0.1,original_M0__top2,18.900000000000006,2.0,39.2
DK1,base_hour_logit,count2023_cool6,hour,0.2,original_M0__top2,93.80000000000001,74.39,115.6
DK1,base_hour_logit,count2023_cool6,hour,0.25,original_M0__top2,131.25,110.24375,153.0
DK1,base_hour_logit,count2023_cool6,hour,0.5,original_M0__top2,318.5,286.0,348.0
DK1,base_hour_logit,count2023_cool6,hour,1.0,original_M0__top2,693.0,636.0,739.0
DK1,price_early_logit,top1,process,0.0,original_M0__top2,-13.0,-21.0,-5.0
DK1,price_early_logit,top1,process,0.0005,original_M0__top2,-12.6375,-20.639,-4.6370000000000005
DK1,price_early_logit,top1,process,0.001,original_M0__top2,-12.275,-20.278,-4.274
DK1,price_early_logit,top1,process,0.0015,original_M0__top2,-11.9125,-19.917,-3.911
DK1,price_early_logit,top1,process,0.002,original_M0__top2,-11.55,-19.556,-3.548
DK1,price_early_logit,top1,process,0.0025,original_M0__top2,-11.1875,-19.195,-3.185
DK1,price_early_logit,top1,process,0.003,original_M0__top2,-10.825,-18.834,-2.822
DK1,price_early_logit,top1,process,0.0035,original_M0__top2,-10.4625,-18.473,-2.459
DK1,price_early_logit,top1,process,0.004,original_M0__top2,-10.1,-18.112000000000002,-2.096
DK1,price_early_logit,top1,process,0.0045000000000000005,original_M0__top2,-9.7375,-17.750999999999998,-1.7329999999999997
DK1,price_early_logit,top1,process,0.005000000000000001,original_M0__top2,-9.375,-17.39,-1.3699999999999992
DK1,price_early_logit,top1,process,0.0055,original_M0__top2,-9.0125,-17.029,-1.0070000000000001
DK1,price_early_logit,top1,process,0.006,original_M0__top2,-8.649999999999999,-16.668,-0.6440000000000001
DK1,price_early_logit,top1,process,0.006500000000000001,original_M0__top2,-8.2875,-16.307,-0.2809999999999997
DK1,price_early_logit,top1,process,0.007000000000000001,original_M0__top2,-7.924999999999999,-15.945999999999998,0.08200000000000074
DK1,price_early_logit,top1,process,0.0075,original_M0__top2,-7.5625,-15.585,0.4449999999999994
DK1,price_early_logit,top1,process,0.008,original_M0__top2,-7.2,-15.224,0.8079999999999998
DK1,price_early_logit,top1,process,0.0085,original_M0__top2,-6.8374999999999995,-14.863,1.1710000000000003
DK1,price_early_logit,top1,process,0.009000000000000001,original_M0__top2,-6.475,-14.501999999999999,1.5340000000000007
DK1,price_early_logit,top1,process,0.009500000000000001,original_M0__top2,-6.112499999999999,-14.140999999999998,1.8970000000000011
DK1,price_early_logit,top1,process,0.01,original_M0__top2,-5.75,-13.780000000000001,2.26
DK1,price_early_logit,top1,process,0.0105,original_M0__top2,-5.387499999999999,-13.419,2.623
DK1,price_early_logit,top1,process,0.011000000000000001,original_M0__top2,-5.0249999999999995,-13.058,2.9860000000000007
DK1,price_early_logit,top1,process,0.0115,original_M0__top2,-4.6625,-12.697000000000001,3.349
DK1,price_early_logit,top1,process,0.012,original_M0__top2,-4.299999999999999,-12.336,3.7119999999999997
DK1,price_early_logit,top1,process,0.0125,original_M0__top2,-3.9375,-11.975,4.075000000000001
DK1,price_early_logit,top1,process,0.013000000000000001,original_M0__top2,-3.5749999999999993,-11.613999999999999,4.438000000000001
DK1,price_early_logit,top1,process,0.013500000000000002,original_M0__top2,-3.2124999999999986,-11.252999999999998,4.801000000000002
DK1,price_early_logit,top1,process,0.014,original_M0__top2,-2.8499999999999996,-10.892,5.164
DK1,price_early_logit,top1,process,0.0145,original_M0__top2,-2.487499999999999,-10.530999999999999,5.527000000000001
DK1,price_early_logit,top1,process,0.015,original_M0__top2,-2.125,-10.17,5.889999999999999
DK1,price_early_logit,top1,process,0.02,original_M0__top2,1.5,-6.5600000000000005,9.52
DK1,price_early_logit,top1,process,0.03,original_M0__top2,8.75,0.6600000000000001,16.779999999999998
DK1,price_early_logit,top1,process,0.05,original_M0__top2,23.25,15.100000000000001,31.300000000000004
DK1,price_early_logit,top1,process,0.1,original_M0__top2,59.5,51.2,67.60000000000001
DK1,price_early_logit,top1,process,0.2,original_M0__top2,132.0,123.6,140.0
DK1,price_early_logit,top1,process,0.25,original_M0__top2,168.25,159.75,176.25
DK1,price_early_logit,top1,process,0.5,original_M0__top2,349.5,340.5,357.5
DK1,price_early_logit,top1,process,1.0,original_M0__top2,712.0,701.975,720.0
DK1,price_early_logit,top1,hour,0.0,original_M0__top2,-174.0,-220.0,-151.97500000000002
DK1,price_early_logit,top1,hour,0.0005,original_M0__top2,-173.6375,-219.6370125,-151.61158750000004
DK1,price_early_logit,top1,hour,0.001,original_M0__top2,-173.275,-219.274025,-151.24817500000003
DK1,price_early_logit,top1,hour,0.0015,original_M0__top2,-172.9125,-218.9110375,-150.88476250000002
DK1,price_early_logit,top1,hour,0.002,original_M0__top2,-172.55,-218.54805,-150.52135
DK1,price_early_logit,top1,hour,0.0025,original_M0__top2,-172.1875,-218.18506250000002,-150.15793750000003
DK1,price_early_logit,top1,hour,0.003,original_M0__top2,-171.825,-217.822075,-149.79452500000002
DK1,price_early_logit,top1,hour,0.0035,original_M0__top2,-171.4625,-217.4590875,-149.4311125
DK1,price_early_logit,top1,hour,0.004,original_M0__top2,-171.1,-217.0961,-149.06770000000003
DK1,price_early_logit,top1,hour,0.0045000000000000005,original_M0__top2,-170.7375,-216.7331125,-148.70428750000002
DK1,price_early_logit,top1,hour,0.005000000000000001,original_M0__top2,-170.375,-216.370125,-148.34087500000004
DK1,price_early_logit,top1,hour,0.0055,original_M0__top2,-170.0125,-216.0071375,-147.9774625
DK1,price_early_logit,top1,hour,0.006,original_M0__top2,-169.65,-215.64415,-147.61405000000002
DK1,price_early_logit,top1,hour,0.006500000000000001,original_M0__top2,-169.2875,-215.2811625,-147.2506375
DK1,price_early_logit,top1,hour,0.007000000000000001,original_M0__top2,-168.925,-214.91817500000002,-146.88722500000003
DK1,price_early_logit,top1,hour,0.0075,original_M0__top2,-168.5625,-214.55518750000002,-146.52381250000005
DK1,price_early_logit,top1,hour,0.008,original_M0__top2,-168.2,-214.1922,-146.1604
DK1,price_early_logit,top1,hour,0.0085,original_M0__top2,-167.8375,-213.8292125,-145.79698750000003
DK1,price_early_logit,top1,hour,0.009000000000000001,original_M0__top2,-167.475,-213.466225,-145.43357500000002
DK1,price_early_logit,top1,hour,0.009500000000000001,original_M0__top2,-167.1125,-213.1032375,-145.07016250000004
DK1,price_early_logit,top1,hour,0.01,original_M0__top2,-166.75,-212.74025,-144.70675
DK1,price_early_logit,top1,hour,0.0105,original_M0__top2,-166.3875,-212.3772625,-144.34333750000002
DK1,price_early_logit,top1,hour,0.011000000000000001,original_M0__top2,-166.025,-212.014275,-143.979925
DK1,price_early_logit,top1,hour,0.0115,original_M0__top2,-165.6625,-211.65128750000002,-143.61651250000003
DK1,price_early_logit,top1,hour,0.012,original_M0__top2,-165.3,-211.28830000000002,-143.25310000000002
DK1,price_early_logit,top1,hour,0.0125,original_M0__top2,-164.9375,-210.92531250000002,-142.8896875
DK1,price_early_logit,top1,hour,0.013000000000000001,original_M0__top2,-164.575,-210.56232500000002,-142.52627500000003
DK1,price_early_logit,top1,hour,0.013500000000000002,original_M0__top2,-164.2125,-210.1993375,-142.16286250000002
DK1,price_early_logit,top1,hour,0.014,original_M0__top2,-163.85,-209.83635,-141.79945000000004
DK1,price_early_logit,top1,hour,0.0145,original_M0__top2,-163.4875,-209.4733625,-141.4360375
DK1,price_early_logit,top1,hour,0.015,original_M0__top2,-163.125,-209.110375,-141.07262500000002
DK1,price_early_logit,top1,hour,0.02,original_M0__top2,-159.5,-205.48049999999998,-137.43850000000003
DK1,price_early_logit,top1,hour,0.03,original_M0__top2,-152.25,-198.22075,-130.17025
DK1,price_early_logit,top1,hour,0.05,original_M0__top2,-137.75,-183.70125,-115.63375000000002
DK1,price_early_logit,top1,hour,0.1,original_M0__top2,-101.5,-147.40249999999997,-79.2925
DK1,price_early_logit,top1,hour,0.2,original_M0__top2,-29.0,-74.80499999999998,-6.990000000000009
DK1,price_early_logit,top1,hour,0.25,original_M0__top2,7.25,-38.50625,29.26249999999999
DK1,price_early_logit,top1,hour,0.5,original_M0__top2,188.5,142.4875,211.0125
DK1,price_early_logit,top1,hour,1.0,original_M0__top2,551.0,504.0,573.025
DK1,price_early_logit,top2,process,0.0,original_M0__top2,-4.0,-14.0,5.0
DK1,price_early_logit,top2,process,0.0005,original_M0__top2,-4.0,-14.0,5.0
DK1,price_early_logit,top2,process,0.001,original_M0__top2,-4.0,-14.0,5.0
DK1,price_early_logit,top2,process,0.0015,original_M0__top2,-4.0,-14.0,5.0
DK1,price_early_logit,top2,process,0.002,original_M0__top2,-4.0,-14.0,5.0
DK1,price_early_logit,top2,process,0.0025,original_M0__top2,-4.0,-14.0,5.0
DK1,price_early_logit,top2,process,0.003,original_M0__top2,-4.0,-14.0,5.0
DK1,price_early_logit,top2,process,0.0035,original_M0__top2,-4.0,-14.0,5.0
DK1,price_early_logit,top2,process,0.004,original_M0__top2,-4.0,-14.0,5.0
DK1,price_early_logit,top2,process,0.0045000000000000005,original_M0__top2,-4.0,-14.0,5.0
DK1,price_early_logit,top2,process,0.005000000000000001,original_M0__top2,-4.0,-14.0,5.0
DK1,price_early_logit,top2,process,0.0055,original_M0__top2,-4.0,-14.0,5.0
DK1,price_early_logit,top2,process,0.006,original_M0__top2,-4.0,-14.0,5.0
DK1,price_early_logit,top2,process,0.006500000000000001,original_M0__top2,-4.0,-14.0,5.0
DK1,price_early_logit,top2,process,0.007000000000000001,original_M0__top2,-4.0,-14.0,5.0
DK1,price_early_logit,top2,process,0.0075,original_M0__top2,-4.0,-14.0,5.0
DK1,price_early_logit,top2,process,0.008,original_M0__top2,-4.0,-14.0,5.0
DK1,price_early_logit,top2,process,0.0085,original_M0__top2,-4.0,-14.0,5.0
DK1,price_early_logit,top2,process,0.009000000000000001,original_M0__top2,-4.0,-14.0,5.0
DK1,price_early_logit,top2,process,0.009500000000000001,original_M0__top2,-4.0,-14.0,5.0
DK1,price_early_logit,top2,process,0.01,original_M0__top2,-4.0,-14.0,5.0
DK1,price_early_logit,top2,process,0.0105,original_M0__top2,-4.0,-14.0,5.0
DK1,price_early_logit,top2,process,0.011000000000000001,original_M0__top2,-4.0,-14.0,5.0
DK1,price_early_logit,top2,process,0.0115,original_M0__top2,-4.0,-14.0,5.0
DK1,price_early_logit,top2,process,0.012,original_M0__top2,-4.0,-14.0,5.0
DK1,price_early_logit,top2,process,0.0125,original_M0__top2,-4.0,-14.0,5.0
DK1,price_early_logit,top2,process,0.013000000000000001,original_M0__top2,-4.0,-14.0,5.0
DK1,price_early_logit,top2,process,0.013500000000000002,original_M0__top2,-4.0,-14.0,5.0
DK1,price_early_logit,top2,process,0.014,original_M0__top2,-4.0,-14.0,5.0
DK1,price_early_logit,top2,process,0.0145,original_M0__top2,-4.0,-14.0,5.0
DK1,price_early_logit,top2,process,0.015,original_M0__top2,-4.0,-14.0,5.0
DK1,price_early_logit,top2,process,0.02,original_M0__top2,-4.0,-14.0,5.0
DK1,price_early_logit,top2,process,0.03,original_M0__top2,-4.0,-14.0,5.0
DK1,price_early_logit,top2,process,0.05,original_M0__top2,-4.0,-14.0,5.0
DK1,price_early_logit,top2,process,0.1,original_M0__top2,-4.0,-14.0,5.0
DK1,price_early_logit,top2,process,0.2,original_M0__top2,-4.0,-14.0,5.0
DK1,price_early_logit,top2,process,0.25,original_M0__top2,-4.0,-14.0,5.0
DK1,price_early_logit,top2,process,0.5,original_M0__top2,-4.0,-14.0,5.0
DK1,price_early_logit,top2,process,1.0,original_M0__top2,-4.0,-14.0,5.0
DK1,price_early_logit,top2,hour,0.0,original_M0__top2,-56.0,-94.0,-28.0
DK1,price_early_logit,top2,hour,0.0005,original_M0__top2,-56.0,-94.0,-28.0
DK1,price_early_logit,top2,hour,0.001,original_M0__top2,-56.0,-94.0,-28.0
DK1,price_early_logit,top2,hour,0.0015,original_M0__top2,-56.0,-94.0,-28.0
DK1,price_early_logit,top2,hour,0.002,original_M0__top2,-56.0,-94.0,-28.0
DK1,price_early_logit,top2,hour,0.0025,original_M0__top2,-56.0,-94.0,-28.0
DK1,price_early_logit,top2,hour,0.003,original_M0__top2,-56.0,-94.0,-28.0
DK1,price_early_logit,top2,hour,0.0035,original_M0__top2,-56.0,-94.0,-28.0
DK1,price_early_logit,top2,hour,0.004,original_M0__top2,-56.0,-94.0,-28.0
DK1,price_early_logit,top2,hour,0.0045000000000000005,original_M0__top2,-56.0,-94.0,-28.0
DK1,price_early_logit,top2,hour,0.005000000000000001,original_M0__top2,-56.0,-94.0,-28.0
DK1,price_early_logit,top2,hour,0.0055,original_M0__top2,-56.0,-94.0,-28.0
DK1,price_early_logit,top2,hour,0.006,original_M0__top2,-56.0,-94.0,-28.0
DK1,price_early_logit,top2,hour,0.006500000000000001,original_M0__top2,-56.0,-94.0,-28.0
DK1,price_early_logit,top2,hour,0.007000000000000001,original_M0__top2,-56.0,-94.0,-28.0
DK1,price_early_logit,top2,hour,0.0075,original_M0__top2,-56.0,-94.0,-28.0
DK1,price_early_logit,top2,hour,0.008,original_M0__top2,-56.0,-94.0,-28.0
DK1,price_early_logit,top2,hour,0.0085,original_M0__top2,-56.0,-94.0,-28.0
DK1,price_early_logit,top2,hour,0.009000000000000001,original_M0__top2,-56.0,-94.0,-28.0
DK1,price_early_logit,top2,hour,0.009500000000000001,original_M0__top2,-56.0,-94.0,-28.0
DK1,price_early_logit,top2,hour,0.01,original_M0__top2,-56.0,-94.0,-28.0
DK1,price_early_logit,top2,hour,0.0105,original_M0__top2,-56.0,-94.0,-28.0
DK1,price_early_logit,top2,hour,0.011000000000000001,original_M0__top2,-56.0,-94.0,-28.0
DK1,price_early_logit,top2,hour,0.0115,original_M0__top2,-56.0,-94.0,-28.0
DK1,price_early_logit,top2,hour,0.012,original_M0__top2,-56.0,-94.0,-28.0
DK1,price_early_logit,top2,hour,0.0125,original_M0__top2,-56.0,-94.0,-28.0
DK1,price_early_logit,top2,hour,0.013000000000000001,original_M0__top2,-56.0,-94.0,-28.0
DK1,price_early_logit,top2,hour,0.013500000000000002,original_M0__top2,-56.0,-94.0,-28.0
DK1,price_early_logit,top2,hour,0.014,original_M0__top2,-56.0,-94.0,-28.0
DK1,price_early_logit,top2,hour,0.0145,original_M0__top2,-56.0,-94.0,-28.0
DK1,price_early_logit,top2,hour,0.015,original_M0__top2,-56.0,-94.0,-28.0
DK1,price_early_logit,top2,hour,0.02,original_M0__top2,-56.0,-94.0,-28.0
DK1,price_early_logit,top2,hour,0.03,original_M0__top2,-56.0,-94.0,-28.0
DK1,price_early_logit,top2,hour,0.05,original_M0__top2,-56.0,-94.0,-28.0
DK1,price_early_logit,top2,hour,0.1,original_M0__top2,-56.0,-94.0,-28.0
DK1,price_early_logit,top2,hour,0.2,original_M0__top2,-56.0,-94.0,-28.0
DK1,price_early_logit,top2,hour,0.25,original_M0__top2,-56.0,-94.0,-28.0
DK1,price_early_logit,top2,hour,0.5,original_M0__top2,-56.0,-94.0,-28.0
DK1,price_early_logit,top2,hour,1.0,original_M0__top2,-56.0,-94.0,-28.0
DK1,price_early_logit,count2022_target05,process,0.0,original_M0__top2,-10.0,-19.0,1.0
DK1,price_early_logit,count2022_target05,process,0.0005,original_M0__top2,-9.6,-18.5890125,1.3980375
DK1,price_early_logit,count2022_target05,process,0.001,original_M0__top2,-9.2,-18.178025,1.7960749999999999
DK1,price_early_logit,count2022_target05,process,0.0015,original_M0__top2,-8.8,-17.7670375,2.1941124999999997
DK1,price_early_logit,count2022_target05,process,0.002,original_M0__top2,-8.4,-17.356050000000003,2.5921499999999997
DK1,price_early_logit,count2022_target05,process,0.0025,original_M0__top2,-8.0,-16.9450625,2.9901875
DK1,price_early_logit,count2022_target05,process,0.003,original_M0__top2,-7.6,-16.534074999999998,3.388225
DK1,price_early_logit,count2022_target05,process,0.0035,original_M0__top2,-7.199999999999999,-16.1230875,3.7862625
DK1,price_early_logit,count2022_target05,process,0.004,original_M0__top2,-6.8,-15.7121,4.1842999999999995
DK1,price_early_logit,count2022_target05,process,0.0045000000000000005,original_M0__top2,-6.3999999999999995,-15.3011125,4.5823375
DK1,price_early_logit,count2022_target05,process,0.005000000000000001,original_M0__top2,-5.999999999999999,-14.890125,4.980375
DK1,price_early_logit,count2022_target05,process,0.0055,original_M0__top2,-5.6000000000000005,-14.479137499999998,5.3784125
DK1,price_early_logit,count2022_target05,process,0.006,original_M0__top2,-5.2,-14.06815,5.77645
DK1,price_early_logit,count2022_target05,process,0.006500000000000001,original_M0__top2,-4.8,-13.6571625,6.1744875
DK1,price_early_logit,count2022_target05,process,0.007000000000000001,original_M0__top2,-4.3999999999999995,-13.246175,6.572525000000001
DK1,price_early_logit,count2022_target05,process,0.0075,original_M0__top2,-4.0,-12.8351875,6.970562499999999
DK1,price_early_logit,count2022_target05,process,0.008,original_M0__top2,-3.5999999999999996,-12.424199999999999,7.3686
DK1,price_early_logit,count2022_target05,process,0.0085,original_M0__top2,-3.1999999999999993,-12.0132125,7.7666375
DK1,price_early_logit,count2022_target05,process,0.009000000000000001,original_M0__top2,-2.799999999999999,-11.602225,8.164675
DK1,price_early_logit,count2022_target05,process,0.009500000000000001,original_M0__top2,-2.3999999999999986,-11.1912375,8.5627125
DK1,price_early_logit,count2022_target05,process,0.01,original_M0__top2,-2.0,-10.780249999999999,8.96075
DK1,price_early_logit,count2022_target05,process,0.0105,original_M0__top2,-1.5999999999999996,-10.3692625,9.3587875
DK1,price_early_logit,count2022_target05,process,0.011000000000000001,original_M0__top2,-1.1999999999999993,-9.958274999999999,9.756825
DK1,price_early_logit,count2022_target05,process,0.0115,original_M0__top2,-0.8000000000000007,-9.547287500000001,10.154862499999998
DK1,price_early_logit,count2022_target05,process,0.012,original_M0__top2,-0.40000000000000036,-9.136299999999999,10.5529
DK1,price_early_logit,count2022_target05,process,0.0125,original_M0__top2,0.0,-8.7253125,10.9509375
DK1,price_early_logit,count2022_target05,process,0.013000000000000001,original_M0__top2,0.40000000000000036,-8.314324999999998,11.375300000000001
DK1,price_early_logit,count2022_target05,process,0.013500000000000002,original_M0__top2,0.8000000000000007,-7.903337499999998,11.786500000000002
DK1,price_early_logit,count2022_target05,process,0.014,original_M0__top2,1.200000000000001,-7.492349999999999,12.186
DK1,price_early_logit,count2022_target05,process,0.0145,original_M0__top2,1.6000000000000014,-7.0955125,12.585500000000001
DK1,price_early_logit,count2022_target05,process,0.015,original_M0__top2,2.0,-6.6853750000000005,12.985
DK1,price_early_logit,count2022_target05,process,0.02,original_M0__top2,6.0,-2.5804999999999985,16.9215
DK1,price_early_logit,count2022_target05,process,0.03,original_M0__top2,14.0,5.417749999999998,24.930999999999997
DK1,price_early_logit,count2022_target05,process,0.05,original_M0__top2,30.0,21.647500000000004,41.05125
DK1,price_early_logit,count2022_target05,process,0.1,original_M0__top2,70.0,61.400000000000006,81.60000000000001
DK1,price_early_logit,count2022_target05,process,0.2,original_M0__top2,150.0,139.595,163.60000000000002
DK1,price_early_logit,count2022_target05,process,0.25,original_M0__top2,190.0,177.99375,205.00625
DK1,price_early_logit,count2022_target05,process,0.5,original_M0__top2,390.0,367.5,413.0125
DK1,price_early_logit,count2022_target05,process,1.0,original_M0__top2,790.0,744.975,831.025
DK1,price_early_logit,count2022_target05,hour,0.0,original_M0__top2,-118.0,-160.0,-86.95000000000005
DK1,price_early_logit,count2022_target05,hour,0.0005,original_M0__top2,-117.6,-159.58238749999998,-86.53616250000005
DK1,price_early_logit,count2022_target05,hour,0.001,original_M0__top2,-117.2,-159.164775,-86.12232500000005
DK1,price_early_logit,count2022_target05,hour,0.0015,original_M0__top2,-116.8,-158.7471625,-85.70848750000005
DK1,price_early_logit,count2022_target05,hour,0.002,original_M0__top2,-116.4,-158.32955,-85.29465000000005
DK1,price_early_logit,count2022_target05,hour,0.0025,original_M0__top2,-116.0,-157.9119375,-84.88081250000003
DK1,price_early_logit,count2022_target05,hour,0.003,original_M0__top2,-115.6,-157.494325,-84.46697500000005
DK1,price_early_logit,count2022_target05,hour,0.0035,original_M0__top2,-115.2,-157.0767125,-84.05313750000005
DK1,price_early_logit,count2022_target05,hour,0.004,original_M0__top2,-114.8,-156.6591,-83.63930000000003
DK1,price_early_logit,count2022_target05,hour,0.0045000000000000005,original_M0__top2,-114.4,-156.2414875,-83.22546250000003
DK1,price_early_logit,count2022_target05,hour,0.005000000000000001,original_M0__top2,-114.0,-155.823875,-82.81162500000005
DK1,price_early_logit,count2022_target05,hour,0.0055,original_M0__top2,-113.6,-155.4062625,-82.39778750000004
DK1,price_early_logit,count2022_target05,hour,0.006,original_M0__top2,-113.2,-154.98865,-81.98395000000004
DK1,price_early_logit,count2022_target05,hour,0.006500000000000001,original_M0__top2,-112.8,-154.5710375,-81.57011250000005
DK1,price_early_logit,count2022_target05,hour,0.007000000000000001,original_M0__top2,-112.4,-154.153425,-81.15627500000004
DK1,price_early_logit,count2022_target05,hour,0.0075,original_M0__top2,-112.0,-153.73581249999998,-80.74243750000004
DK1,price_early_logit,count2022_target05,hour,0.008,original_M0__top2,-111.6,-153.31820000000002,-80.32860000000004
DK1,price_early_logit,count2022_target05,hour,0.0085,original_M0__top2,-111.2,-152.9005875,-79.91476250000004
DK1,price_early_logit,count2022_target05,hour,0.009000000000000001,original_M0__top2,-110.8,-152.482975,-79.50092500000004
DK1,price_early_logit,count2022_target05,hour,0.009500000000000001,original_M0__top2,-110.4,-152.0653625,-79.08708750000004
DK1,price_early_logit,count2022_target05,hour,0.01,original_M0__top2,-110.0,-151.64774999999997,-78.67325000000002
DK1,price_early_logit,count2022_target05,hour,0.0105,original_M0__top2,-109.6,-151.2301375,-78.25941250000004
DK1,price_early_logit,count2022_target05,hour,0.011000000000000001,original_M0__top2,-109.2,-150.812525,-77.84557500000004
DK1,price_early_logit,count2022_target05,hour,0.0115,original_M0__top2,-108.8,-150.3949125,-77.43173750000003
DK1,price_early_logit,count2022_target05,hour,0.012,original_M0__top2,-108.4,-149.97729999999999,-77.01790000000003
DK1,price_early_logit,count2022_target05,hour,0.0125,original_M0__top2,-108.0,-149.55968750000002,-76.60406250000003
DK1,price_early_logit,count2022_target05,hour,0.013000000000000001,original_M0__top2,-107.6,-149.142075,-76.19022500000003
DK1,price_early_logit,count2022_target05,hour,0.013500000000000002,original_M0__top2,-107.2,-148.7244625,-75.77638750000003
DK1,price_early_logit,count2022_target05,hour,0.014,original_M0__top2,-106.8,-148.30685,-75.36255000000003
DK1,price_early_logit,count2022_target05,hour,0.0145,original_M0__top2,-106.4,-147.88923749999998,-74.94871250000003
DK1,price_early_logit,count2022_target05,hour,0.015,original_M0__top2,-106.0,-147.47162500000002,-74.53487500000003
DK1,price_early_logit,count2022_target05,hour,0.02,original_M0__top2,-102.0,-143.2955,-70.39650000000002
DK1,price_early_logit,count2022_target05,hour,0.03,original_M0__top2,-94.0,-134.94325,-62.11975000000001
DK1,price_early_logit,count2022_target05,hour,0.05,original_M0__top2,-78.0,-119.1525,-46.199999999999996
DK1,price_early_logit,count2022_target05,hour,0.1,original_M0__top2,-38.0,-78.91,-7.094999999999999
DK1,price_early_logit,count2022_target05,hour,0.2,original_M0__top2,42.0,0.9900000000000011,71.82
DK1,price_early_logit,count2022_target05,hour,0.25,original_M0__top2,82.0,39.99375,111.75625
DK1,price_early_logit,count2022_target05,hour,0.5,original_M0__top2,282.0,235.5,311.5125
DK1,price_early_logit,count2022_target05,hour,1.0,original_M0__top2,682.0,619.975,724.025
DK1,price_early_logit,count2023_target05,process,0.0,original_M0__top2,-4.0,-14.0,5.0
DK1,price_early_logit,count2023_target05,process,0.0005,original_M0__top2,-3.771,-13.772,5.228
DK1,price_early_logit,count2023_target05,process,0.001,original_M0__top2,-3.542,-13.544,5.456
DK1,price_early_logit,count2023_target05,process,0.0015,original_M0__top2,-3.3129999999999997,-13.316,5.684
DK1,price_early_logit,count2023_target05,process,0.002,original_M0__top2,-3.084,-13.088,5.912
DK1,price_early_logit,count2023_target05,process,0.0025,original_M0__top2,-2.855,-12.86,6.140000000000001
DK1,price_early_logit,count2023_target05,process,0.003,original_M0__top2,-2.626,-12.632,6.368
DK1,price_early_logit,count2023_target05,process,0.0035,original_M0__top2,-2.3970000000000002,-12.404,6.596
DK1,price_early_logit,count2023_target05,process,0.004,original_M0__top2,-2.168,-12.176,6.824
DK1,price_early_logit,count2023_target05,process,0.0045000000000000005,original_M0__top2,-1.9389999999999996,-11.948,7.052
DK1,price_early_logit,count2023_target05,process,0.005000000000000001,original_M0__top2,-1.7099999999999995,-11.719999999999999,7.28
DK1,price_early_logit,count2023_target05,process,0.0055,original_M0__top2,-1.4810000000000003,-11.492,7.508
DK1,price_early_logit,count2023_target05,process,0.006,original_M0__top2,-1.2519999999999998,-11.264,7.736000000000001
DK1,price_early_logit,count2023_target05,process,0.006500000000000001,original_M0__top2,-1.0229999999999997,-11.036,7.964
DK1,price_early_logit,count2023_target05,process,0.007000000000000001,original_M0__top2,-0.7939999999999996,-10.808,8.192
DK1,price_early_logit,count2023_target05,process,0.0075,original_M0__top2,-0.565,-10.58,8.42
DK1,price_early_logit,count2023_target05,process,0.008,original_M0__top2,-0.33599999999999985,-10.352,8.648
DK1,price_early_logit,count2023_target05,process,0.0085,original_M0__top2,-0.10699999999999976,-10.123999999999999,8.876000000000001
DK1,price_early_logit,count2023_target05,process,0.009000000000000001,original_M0__top2,0.12200000000000077,-9.896,9.104
DK1,price_early_logit,count2023_target05,process,0.009500000000000001,original_M0__top2,0.35100000000000087,-9.668,9.332
DK1,price_early_logit,count2023_target05,process,0.01,original_M0__top2,0.5800000000000001,-9.44,9.56
DK1,price_early_logit,count2023_target05,process,0.0105,original_M0__top2,0.8090000000000002,-9.212,9.788
DK1,price_early_logit,count2023_target05,process,0.011000000000000001,original_M0__top2,1.0380000000000003,-8.983999999999998,10.016000000000002
DK1,price_early_logit,count2023_target05,process,0.0115,original_M0__top2,1.2670000000000003,-8.756,10.244
DK1,price_early_logit,count2023_target05,process,0.012,original_M0__top2,1.4960000000000004,-8.527999999999999,10.472000000000001
DK1,price_early_logit,count2023_target05,process,0.0125,original_M0__top2,1.7250000000000005,-8.3,10.7
DK1,price_early_logit,count2023_target05,process,0.013000000000000001,original_M0__top2,1.9540000000000006,-8.072,10.928
DK1,price_early_logit,count2023_target05,process,0.013500000000000002,original_M0__top2,2.1830000000000007,-7.843999999999999,11.156
DK1,price_early_logit,count2023_target05,process,0.014,original_M0__top2,2.412,-7.616,11.384
DK1,price_early_logit,count2023_target05,process,0.0145,original_M0__top2,2.641,-7.388,11.612
DK1,price_early_logit,count2023_target05,process,0.015,original_M0__top2,2.87,-7.16,11.84
DK1,price_early_logit,count2023_target05,process,0.02,original_M0__top2,5.16,-4.879999999999999,14.120000000000001
DK1,price_early_logit,count2023_target05,process,0.03,original_M0__top2,9.74,-0.3200000000000003,18.682249999999996
DK1,price_early_logit,count2023_target05,process,0.05,original_M0__top2,18.900000000000002,8.948750000000002,27.803749999999997
DK1,price_early_logit,count2023_target05,process,0.1,original_M0__top2,41.800000000000004,31.995,51.105
DK1,price_early_logit,count2023_target05,process,0.2,original_M0__top2,87.60000000000001,77.79500000000002,97.805
DK1,price_early_logit,count2023_target05,process,0.25,original_M0__top2,110.5,100.25,121.5
DK1,price_early_logit,count2023_target05,process,0.5,original_M0__top2,225.0,211.5,240.0125
DK1,price_early_logit,count2023_target05,process,1.0,original_M0__top2,454.0,431.0,480.0
DK1,price_early_logit,count2023_target05,hour,0.0,original_M0__top2,-61.0,-100.0,-30.0
DK1,price_early_logit,count2023_target05,hour,0.0005,original_M0__top2,-60.771,-99.7591375,-29.773474999999998
DK1,price_early_logit,count2023_target05,hour,0.001,original_M0__top2,-60.542,-99.518275,-29.54695
DK1,price_early_logit,count2023_target05,hour,0.0015,original_M0__top2,-60.313,-99.2774125,-29.320425
DK1,price_early_logit,count2023_target05,hour,0.002,original_M0__top2,-60.084,-99.03655,-29.0939
DK1,price_early_logit,count2023_target05,hour,0.0025,original_M0__top2,-59.855,-98.7956875,-28.867375
DK1,price_early_logit,count2023_target05,hour,0.003,original_M0__top2,-59.626,-98.55482500000001,-28.640849999999997
DK1,price_early_logit,count2023_target05,hour,0.0035,original_M0__top2,-59.397,-98.3139625,-28.414325
DK1,price_early_logit,count2023_target05,hour,0.004,original_M0__top2,-59.168,-98.0731,-28.1878
DK1,price_early_logit,count2023_target05,hour,0.0045000000000000005,original_M0__top2,-58.939,-97.8322375,-27.961275
DK1,price_early_logit,count2023_target05,hour,0.005000000000000001,original_M0__top2,-58.71,-97.591375,-27.73475
DK1,price_early_logit,count2023_target05,hour,0.0055,original_M0__top2,-58.481,-97.35051250000001,-27.508225000000003
DK1,price_early_logit,count2023_target05,hour,0.006,original_M0__top2,-58.252,-97.10965,-27.2817
DK1,price_early_logit,count2023_target05,hour,0.006500000000000001,original_M0__top2,-58.022999999999996,-96.86878750000001,-27.055175
DK1,price_early_logit,count2023_target05,hour,0.007000000000000001,original_M0__top2,-57.794,-96.627925,-26.82865
DK1,price_early_logit,count2023_target05,hour,0.0075,original_M0__top2,-57.565,-96.3870625,-26.602125
DK1,price_early_logit,count2023_target05,hour,0.008,original_M0__top2,-57.336,-96.14620000000001,-26.375600000000002
DK1,price_early_logit,count2023_target05,hour,0.0085,original_M0__top2,-57.107,-95.9053375,-26.149075
DK1,price_early_logit,count2023_target05,hour,0.009000000000000001,original_M0__top2,-56.878,-95.66447500000001,-25.922549999999998
DK1,price_early_logit,count2023_target05,hour,0.009500000000000001,original_M0__top2,-56.649,-95.42361249999999,-25.696025000000002
DK1,price_early_logit,count2023_target05,hour,0.01,original_M0__top2,-56.42,-95.18275000000001,-25.4695
DK1,price_early_logit,count2023_target05,hour,0.0105,original_M0__top2,-56.191,-94.94188749999999,-25.242975
DK1,price_early_logit,count2023_target05,hour,0.011000000000000001,original_M0__top2,-55.962,-94.70102499999999,-25.01645
DK1,price_early_logit,count2023_target05,hour,0.0115,original_M0__top2,-55.733,-94.4601625,-24.789925
DK1,price_early_logit,count2023_target05,hour,0.012,original_M0__top2,-55.504,-94.21929999999999,-24.5634
DK1,price_early_logit,count2023_target05,hour,0.0125,original_M0__top2,-55.275,-93.9784375,-24.336875
DK1,price_early_logit,count2023_target05,hour,0.013000000000000001,original_M0__top2,-55.046,-93.73757499999999,-24.11035
DK1,price_early_logit,count2023_target05,hour,0.013500000000000002,original_M0__top2,-54.817,-93.4967125,-23.883824999999998
DK1,price_early_logit,count2023_target05,hour,0.014,original_M0__top2,-54.588,-93.25585,-23.657300000000003
DK1,price_early_logit,count2023_target05,hour,0.0145,original_M0__top2,-54.359,-93.01498749999999,-23.430775
DK1,price_early_logit,count2023_target05,hour,0.015,original_M0__top2,-54.13,-92.774125,-23.20425
DK1,price_early_logit,count2023_target05,hour,0.02,original_M0__top2,-51.84,-90.3655,-20.939
DK1,price_early_logit,count2023_target05,hour,0.03,original_M0__top2,-47.26,-85.54825000000001,-16.4085
DK1,price_early_logit,count2023_target05,hour,0.05,original_M0__top2,-38.099999999999994,-76.4525,-7.349999999999998
DK1,price_early_logit,count2023_target05,hour,0.1,original_M0__top2,-15.199999999999996,-52.912499999999994,14.6025
DK1,price_early_logit,count2023_target05,hour,0.2,original_M0__top2,30.60000000000001,-5.3999999999999915,59.205
DK1,price_early_logit,count2023_target05,hour,0.25,original_M0__top2,53.5,18.4875,81.5
DK1,price_early_logit,count2023_target05,hour,0.5,original_M0__top2,168.0,135.4875,194.0
DK1,price_early_logit,count2023_target05,hour,1.0,original_M0__top2,397.0,367.0,422.0
DK1,price_early_logit,fixed025,process,0.0,original_M0__top2,-34.0,-41.0,-24.0
DK1,price_early_logit,fixed025,process,0.0005,original_M0__top2,-33.2835,-40.287025,-23.2774625
DK1,price_early_logit,fixed025,process,0.001,original_M0__top2,-32.567,-39.57405,-22.554925
DK1,price_early_logit,fixed025,process,0.0015,original_M0__top2,-31.8505,-38.861075,-21.8323875
DK1,price_early_logit,fixed025,process,0.002,original_M0__top2,-31.134,-38.14810000000001,-21.109849999999998
DK1,price_early_logit,fixed025,process,0.0025,original_M0__top2,-30.4175,-37.435125,-20.3873125
DK1,price_early_logit,fixed025,process,0.003,original_M0__top2,-29.701,-36.72215,-19.664775
DK1,price_early_logit,fixed025,process,0.0035,original_M0__top2,-28.9845,-36.009175,-18.9422375
DK1,price_early_logit,fixed025,process,0.004,original_M0__top2,-28.268,-35.2962,-18.2197
DK1,price_early_logit,fixed025,process,0.0045000000000000005,original_M0__top2,-27.551499999999997,-34.583225,-17.497162499999998
DK1,price_early_logit,fixed025,process,0.005000000000000001,original_M0__top2,-26.834999999999997,-33.87025,-16.774625
DK1,price_early_logit,fixed025,process,0.0055,original_M0__top2,-26.1185,-33.157275,-16.052087500000003
DK1,price_early_logit,fixed025,process,0.006,original_M0__top2,-25.402,-32.444300000000005,-15.329550000000001
DK1,price_early_logit,fixed025,process,0.006500000000000001,original_M0__top2,-24.685499999999998,-31.731325000000002,-14.6070125
DK1,price_early_logit,fixed025,process,0.007000000000000001,original_M0__top2,-23.969,-31.01835,-13.884474999999998
DK1,price_early_logit,fixed025,process,0.0075,original_M0__top2,-23.2525,-30.305374999999998,-13.1619375
DK1,price_early_logit,fixed025,process,0.008,original_M0__top2,-22.536,-29.592399999999998,-12.439400000000001
DK1,price_early_logit,fixed025,process,0.0085,original_M0__top2,-21.819499999999998,-28.879424999999998,-11.7168625
DK1,price_early_logit,fixed025,process,0.009000000000000001,original_M0__top2,-21.102999999999998,-28.166449999999998,-10.994325
DK1,price_early_logit,fixed025,process,0.009500000000000001,original_M0__top2,-20.386499999999998,-27.453474999999997,-10.271787499999999
DK1,price_early_logit,fixed025,process,0.01,original_M0__top2,-19.67,-26.7405,-9.549249999999999
DK1,price_early_logit,fixed025,process,0.0105,original_M0__top2,-18.9535,-26.027525,-8.8267125
DK1,price_early_logit,fixed025,process,0.011000000000000001,original_M0__top2,-18.237,-25.31455,-8.104175
DK1,price_early_logit,fixed025,process,0.0115,original_M0__top2,-17.520500000000002,-24.601575,-7.381637500000001
DK1,price_early_logit,fixed025,process,0.012,original_M0__top2,-16.804,-23.888599999999997,-6.659100000000001
DK1,price_early_logit,fixed025,process,0.0125,original_M0__top2,-16.0875,-23.175625,-5.936562500000001
DK1,price_early_logit,fixed025,process,0.013000000000000001,original_M0__top2,-15.370999999999999,-22.46265,-5.214025
DK1,price_early_logit,fixed025,process,0.013500000000000002,original_M0__top2,-14.654499999999999,-21.749675,-4.491487499999997
DK1,price_early_logit,fixed025,process,0.014,original_M0__top2,-13.937999999999999,-21.036699999999996,-3.7689500000000007
DK1,price_early_logit,fixed025,process,0.0145,original_M0__top2,-13.221499999999999,-20.323725,-3.0464125
DK1,price_early_logit,fixed025,process,0.015,original_M0__top2,-12.505000000000003,-19.61075,-2.3238750000000006
DK1,price_early_logit,fixed025,process,0.02,original_M0__top2,-5.34,-12.481,4.9015
DK1,price_early_logit,fixed025,process,0.03,original_M0__top2,8.989999999999995,1.778500000000001,19.352249999999998
DK1,price_early_logit,fixed025,process,0.05,original_M0__top2,37.650000000000006,30.297499999999996,48.0025
DK1,price_early_logit,fixed025,process,0.1,original_M0__top2,109.30000000000001,101.29750000000001,119.70250000000001
DK1,price_early_logit,fixed025,process,0.2,original_M0__top2,252.60000000000002,243.79500000000002,263.40000000000003
DK1,price_early_logit,fixed025,process,0.25,original_M0__top2,324.25,314.74375,335.00625
DK1,price_early_logit,fixed025,process,0.5,original_M0__top2,682.5,669.5,695.0
DK1,price_early_logit,fixed025,process,1.0,original_M0__top2,1399.0,1378.0,1416.0
DK1,price_early_logit,fixed025,hour,0.0,original_M0__top2,-276.0,-331.0,-246.97500000000002
DK1,price_early_logit,fixed025,hour,0.0005,original_M0__top2,-275.2835,-330.2906,-246.25180000000003
DK1,price_early_logit,fixed025,hour,0.001,original_M0__top2,-274.567,-329.5812,-245.5286
DK1,price_early_logit,fixed025,hour,0.0015,original_M0__top2,-273.8505,-328.8718,-244.80540000000002
DK1,price_early_logit,fixed025,hour,0.002,original_M0__top2,-273.134,-328.1624,-244.08220000000003
DK1,price_early_logit,fixed025,hour,0.0025,original_M0__top2,-272.4175,-327.453,-243.359
DK1,price_early_logit,fixed025,hour,0.003,original_M0__top2,-271.701,-326.7436,-242.63580000000002
DK1,price_early_logit,fixed025,hour,0.0035,original_M0__top2,-270.9845,-326.0342,-241.9126
DK1,price_early_logit,fixed025,hour,0.004,original_M0__top2,-270.268,-325.32480000000004,-241.1894
DK1,price_early_logit,fixed025,hour,0.0045000000000000005,original_M0__top2,-269.5515,-324.6154,-240.46620000000001
DK1,price_early_logit,fixed025,hour,0.005000000000000001,original_M0__top2,-268.835,-323.90599999999995,-239.743
DK1,price_early_logit,fixed025,hour,0.0055,original_M0__top2,-268.1185,-323.1966,-239.01980000000003
DK1,price_early_logit,fixed025,hour,0.006,original_M0__top2,-267.402,-322.4872,-238.29660000000004
DK1,price_early_logit,fixed025,hour,0.006500000000000001,original_M0__top2,-266.6855,-321.7778,-237.57340000000002
DK1,price_early_logit,fixed025,hour,0.007000000000000001,original_M0__top2,-265.969,-321.0684,-236.85020000000003
DK1,price_early_logit,fixed025,hour,0.0075,original_M0__top2,-265.2525,-320.35900000000004,-236.12700000000004
DK1,price_early_logit,fixed025,hour,0.008,original_M0__top2,-264.536,-319.6496,-235.40380000000002
DK1,price_early_logit,fixed025,hour,0.0085,original_M0__top2,-263.8195,-318.9402,-234.68060000000003
DK1,price_early_logit,fixed025,hour,0.009000000000000001,original_M0__top2,-263.103,-318.2308,-233.95740000000004
DK1,price_early_logit,fixed025,hour,0.009500000000000001,original_M0__top2,-262.3865,-317.52139999999997,-233.23420000000002
DK1,price_early_logit,fixed025,hour,0.01,original_M0__top2,-261.67,-316.812,-232.51100000000002
DK1,price_early_logit,fixed025,hour,0.0105,original_M0__top2,-260.9535,-316.1026,-231.7878
DK1,price_early_logit,fixed025,hour,0.011000000000000001,original_M0__top2,-260.237,-315.39320000000004,-231.0646
DK1,price_early_logit,fixed025,hour,0.0115,original_M0__top2,-259.5205,-314.6838,-230.34140000000002
DK1,price_early_logit,fixed025,hour,0.012,original_M0__top2,-258.804,-313.9744,-229.6182
DK1,price_early_logit,fixed025,hour,0.0125,original_M0__top2,-258.0875,-313.265,-228.895
DK1,price_early_logit,fixed025,hour,0.013000000000000001,original_M0__top2,-257.371,-312.55559999999997,-228.17180000000002
DK1,price_early_logit,fixed025,hour,0.013500000000000002,original_M0__top2,-256.6545,-311.8462,-227.4486
DK1,price_early_logit,fixed025,hour,0.014,original_M0__top2,-255.938,-311.1368,-226.7254
DK1,price_early_logit,fixed025,hour,0.0145,original_M0__top2,-255.2215,-310.42740000000003,-226.00220000000002
DK1,price_early_logit,fixed025,hour,0.015,original_M0__top2,-254.505,-309.71799999999996,-225.27900000000002
DK1,price_early_logit,fixed025,hour,0.02,original_M0__top2,-247.34,-302.624,-218.04700000000003
DK1,price_early_logit,fixed025,hour,0.03,original_M0__top2,-233.01,-288.436,-203.583
DK1,price_early_logit,fixed025,hour,0.05,original_M0__top2,-204.35,-260.06,-174.845
DK1,price_early_logit,fixed025,hour,0.1,original_M0__top2,-132.7,-189.0025,-103.39500000000001
DK1,price_early_logit,fixed025,hour,0.2,original_M0__top2,10.600000000000023,-47.19999999999999,39.80500000000001
DK1,price_early_logit,fixed025,hour,0.25,original_M0__top2,82.25,24.7375,111.26249999999999
DK1,price_early_logit,fixed025,hour,0.5,original_M0__top2,440.5,381.5,470.0125
DK1,price_early_logit,fixed025,hour,1.0,original_M0__top2,1157.0,1095.975,1188.025
DK1,price_early_logit,count2022_cool6,process,0.0,original_M0__top2,-8.0,-16.0,0.0
DK1,price_early_logit,count2022_cool6,process,0.0005,original_M0__top2,-7.5405,-15.5260125,0.4570125
DK1,price_early_logit,count2022_cool6,process,0.001,original_M0__top2,-7.0809999999999995,-15.052025,0.914025
DK1,price_early_logit,count2022_cool6,process,0.0015,original_M0__top2,-6.6215,-14.578037499999999,1.3710375
DK1,price_early_logit,count2022_cool6,process,0.002,original_M0__top2,-6.162,-14.104049999999999,1.82805
DK1,price_early_logit,count2022_cool6,process,0.0025,original_M0__top2,-5.702500000000001,-13.6300625,2.2850625
DK1,price_early_logit,count2022_cool6,process,0.003,original_M0__top2,-5.243,-13.156075000000001,2.742075
DK1,price_early_logit,count2022_cool6,process,0.0035,original_M0__top2,-4.7835,-12.6820875,3.1990875
DK1,price_early_logit,count2022_cool6,process,0.004,original_M0__top2,-4.324,-12.2081,3.6561
DK1,price_early_logit,count2022_cool6,process,0.0045000000000000005,original_M0__top2,-3.8644999999999996,-11.734112499999998,4.113112500000001
DK1,price_early_logit,count2022_cool6,process,0.005000000000000001,original_M0__top2,-3.4049999999999994,-11.260124999999999,4.570125000000001
DK1,price_early_logit,count2022_cool6,process,0.0055,original_M0__top2,-2.9455,-10.7861375,5.0271375
DK1,price_early_logit,count2022_cool6,process,0.006,original_M0__top2,-2.4859999999999998,-10.31215,5.48415
DK1,price_early_logit,count2022_cool6,process,0.006500000000000001,original_M0__top2,-2.0264999999999995,-9.8381625,5.941162500000001
DK1,price_early_logit,count2022_cool6,process,0.007000000000000001,original_M0__top2,-1.5669999999999993,-9.364175,6.398175
DK1,price_early_logit,count2022_cool6,process,0.0075,original_M0__top2,-1.1075,-8.8901875,6.8551874999999995
DK1,price_early_logit,count2022_cool6,process,0.008,original_M0__top2,-0.6479999999999997,-8.4162,7.3122
DK1,price_early_logit,count2022_cool6,process,0.0085,original_M0__top2,-0.18849999999999945,-7.9422125,7.7692125
DK1,price_early_logit,count2022_cool6,process,0.009000000000000001,original_M0__top2,0.2710000000000008,-7.468224999999999,8.226225000000001
DK1,price_early_logit,count2022_cool6,process,0.009500000000000001,original_M0__top2,0.730500000000001,-6.994237499999998,8.6832375
DK1,price_early_logit,count2022_cool6,process,0.01,original_M0__top2,1.1899999999999995,-6.52025,9.14025
DK1,price_early_logit,count2022_cool6,process,0.0105,original_M0__top2,1.6494999999999997,-6.046262499999999,9.597262500000001
DK1,price_early_logit,count2022_cool6,process,0.011000000000000001,original_M0__top2,2.1090000000000018,-5.572274999999999,10.054275
DK1,price_early_logit,count2022_cool6,process,0.0115,original_M0__top2,2.5685000000000002,-5.0982875000000005,10.511287499999998
DK1,price_early_logit,count2022_cool6,process,0.012,original_M0__top2,3.0280000000000005,-4.624300000000001,10.9683
DK1,price_early_logit,count2022_cool6,process,0.0125,original_M0__top2,3.4875000000000007,-4.1625,11.4253125
DK1,price_early_logit,count2022_cool6,process,0.013000000000000001,original_M0__top2,3.947000000000001,-3.689999999999998,11.882325000000002
DK1,price_early_logit,count2022_cool6,process,0.013500000000000002,original_M0__top2,4.406500000000001,-3.2168499999999987,12.339337500000003
DK1,price_early_logit,count2022_cool6,process,0.014,original_M0__top2,4.866,-2.743399999999999,12.79635
DK1,price_early_logit,count2022_cool6,process,0.0145,original_M0__top2,5.3255,-2.2699499999999992,13.2533625
DK1,price_early_logit,count2022_cool6,process,0.015,original_M0__top2,5.785,-1.7964999999999998,13.710374999999999
DK1,price_early_logit,count2022_cool6,process,0.02,original_M0__top2,10.379999999999999,2.8589999999999995,18.2805
DK1,price_early_logit,count2022_cool6,process,0.03,original_M0__top2,19.57,11.9085,27.451999999999998
DK1,price_early_logit,count2022_cool6,process,0.05,original_M0__top2,37.95,29.900000000000006,46.00125
DK1,price_early_logit,count2022_cool6,process,0.1,original_M0__top2,83.9,75.495,92.2
DK1,price_early_logit,count2022_cool6,process,0.2,original_M0__top2,175.8,164.395,186.01
DK1,price_early_logit,count2022_cool6,process,0.25,original_M0__top2,221.75,208.99375,233.50625
DK1,price_early_logit,count2022_cool6,process,0.5,original_M0__top2,451.5,429.4875,472.0125
DK1,price_early_logit,count2022_cool6,process,1.0,original_M0__top2,911.0,867.0,949.0
DK1,price_early_logit,count2022_cool6,hour,0.0,original_M0__top2,-148.0,-190.0,-122.0
DK1,price_early_logit,count2022_cool6,hour,0.0005,original_M0__top2,-147.5405,-189.54757500000002,-121.5379375
DK1,price_early_logit,count2022_cool6,hour,0.001,original_M0__top2,-147.081,-189.09515,-121.075875
DK1,price_early_logit,count2022_cool6,hour,0.0015,original_M0__top2,-146.6215,-188.642725,-120.61381250000001
DK1,price_early_logit,count2022_cool6,hour,0.002,original_M0__top2,-146.162,-188.1903,-120.15175
DK1,price_early_logit,count2022_cool6,hour,0.0025,original_M0__top2,-145.7025,-187.737875,-119.68968749999999
DK1,price_early_logit,count2022_cool6,hour,0.003,original_M0__top2,-145.243,-187.28545,-119.22762499999999
DK1,price_early_logit,count2022_cool6,hour,0.0035,original_M0__top2,-144.7835,-186.83302500000002,-118.7655625
DK1,price_early_logit,count2022_cool6,hour,0.004,original_M0__top2,-144.324,-186.3806,-118.3035
DK1,price_early_logit,count2022_cool6,hour,0.0045000000000000005,original_M0__top2,-143.8645,-185.928175,-117.8414375
DK1,price_early_logit,count2022_cool6,hour,0.005000000000000001,original_M0__top2,-143.405,-185.47575,-117.379375
DK1,price_early_logit,count2022_cool6,hour,0.0055,original_M0__top2,-142.9455,-185.023325,-116.91731250000001
DK1,price_early_logit,count2022_cool6,hour,0.006,original_M0__top2,-142.486,-184.5709,-116.45525
DK1,price_early_logit,count2022_cool6,hour,0.006500000000000001,original_M0__top2,-142.0265,-184.11847500000002,-115.9931875
DK1,price_early_logit,count2022_cool6,hour,0.007000000000000001,original_M0__top2,-141.567,-183.66604999999998,-115.531125
DK1,price_early_logit,count2022_cool6,hour,0.0075,original_M0__top2,-141.1075,-183.213625,-115.0690625
DK1,price_early_logit,count2022_cool6,hour,0.008,original_M0__top2,-140.648,-182.7612,-114.607
DK1,price_early_logit,count2022_cool6,hour,0.0085,original_M0__top2,-140.1885,-182.308775,-114.1449375
DK1,price_early_logit,count2022_cool6,hour,0.009000000000000001,original_M0__top2,-139.72899999999998,-181.85635,-113.682875
DK1,price_early_logit,count2022_cool6,hour,0.009500000000000001,original_M0__top2,-139.2695,-181.40392500000002,-113.2208125
DK1,price_early_logit,count2022_cool6,hour,0.01,original_M0__top2,-138.81,-180.95149999999998,-112.75875
DK1,price_early_logit,count2022_cool6,hour,0.0105,original_M0__top2,-138.3505,-180.499075,-112.2966875
DK1,price_early_logit,count2022_cool6,hour,0.011000000000000001,original_M0__top2,-137.891,-180.04665,-111.834625
DK1,price_early_logit,count2022_cool6,hour,0.0115,original_M0__top2,-137.4315,-179.594225,-111.3725625
DK1,price_early_logit,count2022_cool6,hour,0.012,original_M0__top2,-136.972,-179.1418,-110.91050000000001
DK1,price_early_logit,count2022_cool6,hour,0.0125,original_M0__top2,-136.5125,-178.689375,-110.44843750000001
DK1,price_early_logit,count2022_cool6,hour,0.013000000000000001,original_M0__top2,-136.053,-178.23695,-109.986375
DK1,price_early_logit,count2022_cool6,hour,0.013500000000000002,original_M0__top2,-135.5935,-177.784525,-109.5243125
DK1,price_early_logit,count2022_cool6,hour,0.014,original_M0__top2,-135.13400000000001,-177.33210000000003,-109.06224999999999
DK1,price_early_logit,count2022_cool6,hour,0.0145,original_M0__top2,-134.6745,-176.879675,-108.6001875
DK1,price_early_logit,count2022_cool6,hour,0.015,original_M0__top2,-134.215,-176.42725000000002,-108.138125
DK1,price_early_logit,count2022_cool6,hour,0.02,original_M0__top2,-129.62,-171.903,-103.5175
DK1,price_early_logit,count2022_cool6,hour,0.03,original_M0__top2,-120.43,-162.8525,-94.2995
DK1,price_early_logit,count2022_cool6,hour,0.05,original_M0__top2,-102.05,-144.25875,-76.3
DK1,price_early_logit,count2022_cool6,hour,0.1,original_M0__top2,-56.099999999999994,-98.10249999999999,-30.69749999999999
DK1,price_early_logit,count2022_cool6,hour,0.2,original_M0__top2,35.80000000000001,-6.604999999999993,60.60000000000002
DK1,price_early_logit,count2022_cool6,hour,0.25,original_M0__top2,81.75,39.49375,106.25
DK1,price_early_logit,count2022_cool6,hour,0.5,original_M0__top2,311.5,264.0,338.5
DK1,price_early_logit,count2022_cool6,hour,1.0,original_M0__top2,771.0,707.975,810.0
DK1,price_early_logit,count2023_cool6,process,0.0,original_M0__top2,-1.0,-10.0,8.0
DK1,price_early_logit,count2023_cool6,process,0.0005,original_M0__top2,-0.728,-9.7255125,8.25605
DK1,price_early_logit,count2023_cool6,process,0.001,original_M0__top2,-0.45599999999999996,-9.451025000000001,8.5121
DK1,price_early_logit,count2023_cool6,process,0.0015,original_M0__top2,-0.18399999999999994,-9.1765375,8.76815
DK1,price_early_logit,count2023_cool6,process,0.002,original_M0__top2,0.08800000000000008,-8.90205,9.0242
DK1,price_early_logit,count2023_cool6,process,0.0025,original_M0__top2,0.3600000000000001,-8.6275625,9.280249999999999
DK1,price_early_logit,count2023_cool6,process,0.003,original_M0__top2,0.6320000000000001,-8.353075,9.536299999999999
DK1,price_early_logit,count2023_cool6,process,0.0035,original_M0__top2,0.9040000000000001,-8.0785875,9.792349999999999
DK1,price_early_logit,count2023_cool6,process,0.004,original_M0__top2,1.1760000000000002,-7.8041,10.048399999999999
DK1,price_early_logit,count2023_cool6,process,0.0045000000000000005,original_M0__top2,1.4480000000000004,-7.5296125,10.30445
DK1,price_early_logit,count2023_cool6,process,0.005000000000000001,original_M0__top2,1.7200000000000006,-7.255124999999999,10.5605
DK1,price_early_logit,count2023_cool6,process,0.0055,original_M0__top2,1.992,-6.9806375,10.816549999999998
DK1,price_early_logit,count2023_cool6,process,0.006,original_M0__top2,2.2640000000000002,-6.706149999999999,11.072599999999998
DK1,price_early_logit,count2023_cool6,process,0.006500000000000001,original_M0__top2,2.5360000000000005,-6.4316625,11.32865
DK1,price_early_logit,count2023_cool6,process,0.007000000000000001,original_M0__top2,2.8080000000000007,-6.157175,11.5847
DK1,price_early_logit,count2023_cool6,process,0.0075,original_M0__top2,3.08,-5.8826875,11.84075
DK1,price_early_logit,count2023_cool6,process,0.008,original_M0__top2,3.3520000000000003,-5.6082,12.0968
DK1,price_early_logit,count2023_cool6,process,0.0085,original_M0__top2,3.6240000000000006,-5.3337125,12.35285
DK1,price_early_logit,count2023_cool6,process,0.009000000000000001,original_M0__top2,3.896000000000001,-5.059225,12.6089
DK1,price_early_logit,count2023_cool6,process,0.009500000000000001,original_M0__top2,4.168000000000001,-4.784737499999999,12.86495
DK1,price_early_logit,count2023_cool6,process,0.01,original_M0__top2,4.44,-4.51025,13.121
DK1,price_early_logit,count2023_cool6,process,0.0105,original_M0__top2,4.712000000000001,-4.2357625,13.37705
DK1,price_early_logit,count2023_cool6,process,0.011000000000000001,original_M0__top2,4.984000000000001,-3.961274999999999,13.6331
DK1,price_early_logit,count2023_cool6,process,0.0115,original_M0__top2,5.256,-3.6867875,13.889149999999999
DK1,price_early_logit,count2023_cool6,process,0.012,original_M0__top2,5.5280000000000005,-3.4123,14.145199999999999
DK1,price_early_logit,count2023_cool6,process,0.0125,original_M0__top2,5.800000000000001,-3.1378124999999994,14.40125
DK1,price_early_logit,count2023_cool6,process,0.013000000000000001,original_M0__top2,6.072000000000001,-2.8633249999999997,14.6573
DK1,price_early_logit,count2023_cool6,process,0.013500000000000002,original_M0__top2,6.344000000000001,-2.588837499999999,14.91335
DK1,price_early_logit,count2023_cool6,process,0.014,original_M0__top2,6.6160000000000005,-2.31435,15.169399999999998
DK1,price_early_logit,count2023_cool6,process,0.0145,original_M0__top2,6.888000000000001,-2.0398624999999995,15.425449999999998
DK1,price_early_logit,count2023_cool6,process,0.015,original_M0__top2,7.16,-1.7653750000000006,15.681499999999998
DK1,price_early_logit,count2023_cool6,process,0.02,original_M0__top2,9.88,0.9795000000000005,18.242
DK1,price_early_logit,count2023_cool6,process,0.03,original_M0__top2,15.32,6.469249999999999,23.505999999999993
DK1,price_early_logit,count2023_cool6,process,0.05,original_M0__top2,26.200000000000003,17.49875,34.301249999999996
DK1,price_early_logit,count2023_cool6,process,0.1,original_M0__top2,53.400000000000006,44.697500000000005,61.5025
DK1,price_early_logit,count2023_cool6,process,0.2,original_M0__top2,107.80000000000001,98.59500000000001,116.2
DK1,price_early_logit,count2023_cool6,process,0.25,original_M0__top2,135.0,125.49375,144.0
DK1,price_early_logit,count2023_cool6,process,0.5,original_M0__top2,271.0,256.5,285.5125
DK1,price_early_logit,count2023_cool6,process,1.0,original_M0__top2,543.0,517.0,571.0
DK1,price_early_logit,count2023_cool6,hour,0.0,original_M0__top2,-103.0,-140.025,-76.0
DK1,price_early_logit,count2023_cool6,hour,0.0005,original_M0__top2,-102.728,-139.750675,-75.7283125
DK1,price_early_logit,count2023_cool6,hour,0.001,original_M0__top2,-102.456,-139.47635,-75.45662499999999
DK1,price_early_logit,count2023_cool6,hour,0.0015,original_M0__top2,-102.184,-139.202025,-75.1849375
DK1,price_early_logit,count2023_cool6,hour,0.002,original_M0__top2,-101.912,-138.9277,-74.91325
DK1,price_early_logit,count2023_cool6,hour,0.0025,original_M0__top2,-101.64,-138.65337499999998,-74.6415625
DK1,price_early_logit,count2023_cool6,hour,0.003,original_M0__top2,-101.368,-138.37905,-74.369875
DK1,price_early_logit,count2023_cool6,hour,0.0035,original_M0__top2,-101.096,-138.104725,-74.09818750000001
DK1,price_early_logit,count2023_cool6,hour,0.004,original_M0__top2,-100.824,-137.8304,-73.82650000000001
DK1,price_early_logit,count2023_cool6,hour,0.0045000000000000005,original_M0__top2,-100.55199999999999,-137.556075,-73.5548125
DK1,price_early_logit,count2023_cool6,hour,0.005000000000000001,original_M0__top2,-100.28,-137.28175,-73.283125
DK1,price_early_logit,count2023_cool6,hour,0.0055,original_M0__top2,-100.008,-137.00742499999998,-73.0114375
DK1,price_early_logit,count2023_cool6,hour,0.006,original_M0__top2,-99.736,-136.73309999999998,-72.73975
DK1,price_early_logit,count2023_cool6,hour,0.006500000000000001,original_M0__top2,-99.464,-136.45877499999997,-72.4680625
DK1,price_early_logit,count2023_cool6,hour,0.007000000000000001,original_M0__top2,-99.192,-136.18445,-72.196375
DK1,price_early_logit,count2023_cool6,hour,0.0075,original_M0__top2,-98.92,-135.910125,-71.9246875
DK1,price_early_logit,count2023_cool6,hour,0.008,original_M0__top2,-98.648,-135.6358,-71.653
DK1,price_early_logit,count2023_cool6,hour,0.0085,original_M0__top2,-98.376,-135.361475,-71.3813125
DK1,price_early_logit,count2023_cool6,hour,0.009000000000000001,original_M0__top2,-98.104,-135.08715,-71.10962500000001
DK1,price_early_logit,count2023_cool6,hour,0.009500000000000001,original_M0__top2,-97.832,-134.812825,-70.8379375
DK1,price_early_logit,count2023_cool6,hour,0.01,original_M0__top2,-97.56,-134.5385,-70.56625
DK1,price_early_logit,count2023_cool6,hour,0.0105,original_M0__top2,-97.288,-134.264175,-70.29456250000001
DK1,price_early_logit,count2023_cool6,hour,0.011000000000000001,original_M0__top2,-97.016,-133.98985000000002,-70.022875
DK1,price_early_logit,count2023_cool6,hour,0.0115,original_M0__top2,-96.744,-133.715525,-69.7511875
DK1,price_early_logit,count2023_cool6,hour,0.012,original_M0__top2,-96.472,-133.4412,-69.4795
DK1,price_early_logit,count2023_cool6,hour,0.0125,original_M0__top2,-96.2,-133.166875,-69.20781250000002
DK1,price_early_logit,count2023_cool6,hour,0.013000000000000001,original_M0__top2,-95.928,-132.89255,-68.936125
DK1,price_early_logit,count2023_cool6,hour,0.013500000000000002,original_M0__top2,-95.656,-132.618225,-68.6644375
DK1,price_early_logit,count2023_cool6,hour,0.014,original_M0__top2,-95.384,-132.3439,-68.39275
DK1,price_early_logit,count2023_cool6,hour,0.0145,original_M0__top2,-95.112,-132.06957500000001,-68.1210625
DK1,price_early_logit,count2023_cool6,hour,0.015,original_M0__top2,-94.84,-131.79525,-67.84937500000001
DK1,price_early_logit,count2023_cool6,hour,0.02,original_M0__top2,-92.12,-129.052,-65.13250000000001
DK1,price_early_logit,count2023_cool6,hour,0.03,original_M0__top2,-86.68,-123.5655,-59.7295
DK1,price_early_logit,count2023_cool6,hour,0.05,original_M0__top2,-75.8,-112.30749999999999,-49.045
DK1,price_early_logit,count2023_cool6,hour,0.1,original_M0__top2,-48.599999999999994,-84.42,-22.695
DK1,price_early_logit,count2023_cool6,hour,0.2,original_M0__top2,5.800000000000011,-29.40999999999999,30.205
DK1,price_early_logit,count2023_cool6,hour,0.25,original_M0__top2,33.0,-1.2562499999999996,57.25
DK1,price_early_logit,count2023_cool6,hour,0.5,original_M0__top2,169.0,136.0,192.5125
DK1,price_early_logit,count2023_cool6,hour,1.0,original_M0__top2,441.0,407.0,468.0
DK1,price_hour_logit,top1,process,0.0,original_M0__top2,-19.0,-28.0,-12.0
DK1,price_hour_logit,top1,process,0.0005,original_M0__top2,-18.6375,-27.638012500000002,-11.639
DK1,price_hour_logit,top1,process,0.001,original_M0__top2,-18.275,-27.276025,-11.278
DK1,price_hour_logit,top1,process,0.0015,original_M0__top2,-17.9125,-26.914037500000003,-10.917
DK1,price_hour_logit,top1,process,0.002,original_M0__top2,-17.55,-26.55205,-10.556000000000001
DK1,price_hour_logit,top1,process,0.0025,original_M0__top2,-17.1875,-26.1900625,-10.195
DK1,price_hour_logit,top1,process,0.003,original_M0__top2,-16.825,-25.828075,-9.834
DK1,price_hour_logit,top1,process,0.0035,original_M0__top2,-16.4625,-25.4660875,-9.472999999999999
DK1,price_hour_logit,top1,process,0.004,original_M0__top2,-16.1,-25.1041,-9.112
DK1,price_hour_logit,top1,process,0.0045000000000000005,original_M0__top2,-15.7375,-24.7421125,-8.751
DK1,price_hour_logit,top1,process,0.005000000000000001,original_M0__top2,-15.375,-24.380125,-8.389999999999999
DK1,price_hour_logit,top1,process,0.0055,original_M0__top2,-15.0125,-24.0181375,-8.029
DK1,price_hour_logit,top1,process,0.006,original_M0__top2,-14.649999999999999,-23.65615,-7.668
DK1,price_hour_logit,top1,process,0.006500000000000001,original_M0__top2,-14.2875,-23.2941625,-7.3069999999999995
DK1,price_hour_logit,top1,process,0.007000000000000001,original_M0__top2,-13.924999999999999,-22.932174999999997,-6.945999999999999
DK1,price_hour_logit,top1,process,0.0075,original_M0__top2,-13.5625,-22.5701875,-6.585
DK1,price_hour_logit,top1,process,0.008,original_M0__top2,-13.2,-22.208199999999998,-6.224
DK1,price_hour_logit,top1,process,0.0085,original_M0__top2,-12.837499999999999,-21.8462125,-5.8629999999999995
DK1,price_hour_logit,top1,process,0.009000000000000001,original_M0__top2,-12.475,-21.484225,-5.501999999999999
DK1,price_hour_logit,top1,process,0.009500000000000001,original_M0__top2,-12.112499999999999,-21.1222375,-5.140999999999999
DK1,price_hour_logit,top1,process,0.01,original_M0__top2,-11.75,-20.76025,-4.78
DK1,price_hour_logit,top1,process,0.0105,original_M0__top2,-11.3875,-20.3982625,-4.419
DK1,price_hour_logit,top1,process,0.011000000000000001,original_M0__top2,-11.024999999999999,-20.036275,-4.057999999999999
DK1,price_hour_logit,top1,process,0.0115,original_M0__top2,-10.6625,-19.6742875,-3.697000000000001
DK1,price_hour_logit,top1,process,0.012,original_M0__top2,-10.299999999999999,-19.312299999999997,-3.3360000000000003
DK1,price_hour_logit,top1,process,0.0125,original_M0__top2,-9.9375,-18.9503125,-2.9749999999999996
DK1,price_hour_logit,top1,process,0.013000000000000001,original_M0__top2,-9.575,-18.588325,-2.613999999999999
DK1,price_hour_logit,top1,process,0.013500000000000002,original_M0__top2,-9.212499999999999,-18.2263375,-2.2529999999999983
DK1,price_hour_logit,top1,process,0.014,original_M0__top2,-8.85,-17.864349999999998,-1.8919999999999995
DK1,price_hour_logit,top1,process,0.0145,original_M0__top2,-8.487499999999999,-17.5023625,-1.5309999999999988
DK1,price_hour_logit,top1,process,0.015,original_M0__top2,-8.125,-17.140375,-1.17
DK1,price_hour_logit,top1,process,0.02,original_M0__top2,-4.5,-13.5205,2.4399999999999995
DK1,price_hour_logit,top1,process,0.03,original_M0__top2,2.75,-6.280750000000001,9.66
DK1,price_hour_logit,top1,process,0.05,original_M0__top2,17.25,8.198750000000002,24.1
DK1,price_hour_logit,top1,process,0.1,original_M0__top2,53.5,44.39750000000001,60.2
DK1,price_hour_logit,top1,process,0.2,original_M0__top2,126.0,116.595,132.405
DK1,price_hour_logit,top1,process,0.25,original_M0__top2,162.25,152.75,168.75
DK1,price_hour_logit,top1,process,0.5,original_M0__top2,343.5,333.5,350.0
DK1,price_hour_logit,top1,process,1.0,original_M0__top2,706.0,694.975,713.0
DK1,price_hour_logit,top1,hour,0.0,original_M0__top2,-190.0,-240.0,-164.97500000000002
DK1,price_hour_logit,top1,hour,0.0005,original_M0__top2,-189.6375,-239.6370125,-164.61305000000002
DK1,price_hour_logit,top1,hour,0.001,original_M0__top2,-189.275,-239.274025,-164.25110000000004
DK1,price_hour_logit,top1,hour,0.0015,original_M0__top2,-188.9125,-238.9110375,-163.88915
DK1,price_hour_logit,top1,hour,0.002,original_M0__top2,-188.55,-238.54805,-163.52720000000002
DK1,price_hour_logit,top1,hour,0.0025,original_M0__top2,-188.1875,-238.18506250000002,-163.16525000000001
DK1,price_hour_logit,top1,hour,0.003,original_M0__top2,-187.825,-237.822075,-162.80330000000004
DK1,price_hour_logit,top1,hour,0.0035,original_M0__top2,-187.4625,-237.4590875,-162.44135000000003
DK1,price_hour_logit,top1,hour,0.004,original_M0__top2,-187.1,-237.0961,-162.07940000000005
DK1,price_hour_logit,top1,hour,0.0045000000000000005,original_M0__top2,-186.7375,-236.7331125,-161.71745
DK1,price_hour_logit,top1,hour,0.005000000000000001,original_M0__top2,-186.375,-236.370125,-161.3555
DK1,price_hour_logit,top1,hour,0.0055,original_M0__top2,-186.0125,-236.0071375,-160.99355000000003
DK1,price_hour_logit,top1,hour,0.006,original_M0__top2,-185.65,-235.64415,-160.63160000000002
DK1,price_hour_logit,top1,hour,0.006500000000000001,original_M0__top2,-185.2875,-235.2811625,-160.26965000000004
DK1,price_hour_logit,top1,hour,0.007000000000000001,original_M0__top2,-184.925,-234.91817500000002,-159.9077
DK1,price_hour_logit,top1,hour,0.0075,original_M0__top2,-184.5625,-234.55518750000002,-159.54575000000003
DK1,price_hour_logit,top1,hour,0.008,original_M0__top2,-184.2,-234.1922,-159.18380000000002
DK1,price_hour_logit,top1,hour,0.0085,original_M0__top2,-183.8375,-233.8292125,-158.82185
DK1,price_hour_logit,top1,hour,0.009000000000000001,original_M0__top2,-183.475,-233.466225,-158.45990000000003
DK1,price_hour_logit,top1,hour,0.009500000000000001,original_M0__top2,-183.1125,-233.1032375,-158.09795
DK1,price_hour_logit,top1,hour,0.01,original_M0__top2,-182.75,-232.74025,-157.73600000000002
DK1,price_hour_logit,top1,hour,0.0105,original_M0__top2,-182.3875,-232.3772625,-157.37405
DK1,price_hour_logit,top1,hour,0.011000000000000001,original_M0__top2,-182.025,-232.014275,-157.01210000000003
DK1,price_hour_logit,top1,hour,0.0115,original_M0__top2,-181.6625,-231.65128750000002,-156.65015000000002
DK1,price_hour_logit,top1,hour,0.012,original_M0__top2,-181.3,-231.28830000000002,-156.28820000000005
DK1,price_hour_logit,top1,hour,0.0125,original_M0__top2,-180.9375,-230.92531250000002,-155.92625
DK1,price_hour_logit,top1,hour,0.013000000000000001,original_M0__top2,-180.575,-230.56232500000002,-155.5643
DK1,price_hour_logit,top1,hour,0.013500000000000002,original_M0__top2,-180.2125,-230.1993375,-155.20235000000002
DK1,price_hour_logit,top1,hour,0.014,original_M0__top2,-179.85,-229.83635,-154.84040000000002
DK1,price_hour_logit,top1,hour,0.0145,original_M0__top2,-179.4875,-229.4733625,-154.47845000000004
DK1,price_hour_logit,top1,hour,0.015,original_M0__top2,-179.125,-229.110375,-154.1165
DK1,price_hour_logit,top1,hour,0.02,original_M0__top2,-175.5,-225.48049999999998,-150.49700000000004
DK1,price_hour_logit,top1,hour,0.03,original_M0__top2,-168.25,-218.22075,-143.258
DK1,price_hour_logit,top1,hour,0.05,original_M0__top2,-153.75,-203.70125,-128.78000000000003
DK1,price_hour_logit,top1,hour,0.1,original_M0__top2,-117.5,-167.40249999999997,-92.58500000000001
DK1,price_hour_logit,top1,hour,0.2,original_M0__top2,-45.0,-95.0,-20.194999999999993
DK1,price_hour_logit,top1,hour,0.25,original_M0__top2,-8.75,-58.75625,16.0
DK1,price_hour_logit,top1,hour,0.5,original_M0__top2,172.5,122.5,196.5125
DK1,price_hour_logit,top1,hour,1.0,original_M0__top2,535.0,484.975,558.0
DK1,price_hour_logit,top2,process,0.0,original_M0__top2,-9.0,-17.0,-1.0
DK1,price_hour_logit,top2,process,0.0005,original_M0__top2,-9.0,-17.0,-1.0
DK1,price_hour_logit,top2,process,0.001,original_M0__top2,-9.0,-17.0,-1.0
DK1,price_hour_logit,top2,process,0.0015,original_M0__top2,-9.0,-17.0,-1.0
DK1,price_hour_logit,top2,process,0.002,original_M0__top2,-9.0,-17.0,-1.0
DK1,price_hour_logit,top2,process,0.0025,original_M0__top2,-9.0,-17.0,-1.0
DK1,price_hour_logit,top2,process,0.003,original_M0__top2,-9.0,-17.0,-1.0
DK1,price_hour_logit,top2,process,0.0035,original_M0__top2,-9.0,-17.0,-1.0
DK1,price_hour_logit,top2,process,0.004,original_M0__top2,-9.0,-17.0,-1.0
DK1,price_hour_logit,top2,process,0.0045000000000000005,original_M0__top2,-9.0,-17.0,-1.0
DK1,price_hour_logit,top2,process,0.005000000000000001,original_M0__top2,-9.0,-17.0,-1.0
DK1,price_hour_logit,top2,process,0.0055,original_M0__top2,-9.0,-17.0,-1.0
DK1,price_hour_logit,top2,process,0.006,original_M0__top2,-9.0,-17.0,-1.0
DK1,price_hour_logit,top2,process,0.006500000000000001,original_M0__top2,-9.0,-17.0,-1.0
DK1,price_hour_logit,top2,process,0.007000000000000001,original_M0__top2,-9.0,-17.0,-1.0
DK1,price_hour_logit,top2,process,0.0075,original_M0__top2,-9.0,-17.0,-1.0
DK1,price_hour_logit,top2,process,0.008,original_M0__top2,-9.0,-17.0,-1.0
DK1,price_hour_logit,top2,process,0.0085,original_M0__top2,-9.0,-17.0,-1.0
DK1,price_hour_logit,top2,process,0.009000000000000001,original_M0__top2,-9.0,-17.0,-1.0
DK1,price_hour_logit,top2,process,0.009500000000000001,original_M0__top2,-9.0,-17.0,-1.0
DK1,price_hour_logit,top2,process,0.01,original_M0__top2,-9.0,-17.0,-1.0
DK1,price_hour_logit,top2,process,0.0105,original_M0__top2,-9.0,-17.0,-1.0
DK1,price_hour_logit,top2,process,0.011000000000000001,original_M0__top2,-9.0,-17.0,-1.0
DK1,price_hour_logit,top2,process,0.0115,original_M0__top2,-9.0,-17.0,-1.0
DK1,price_hour_logit,top2,process,0.012,original_M0__top2,-9.0,-17.0,-1.0
DK1,price_hour_logit,top2,process,0.0125,original_M0__top2,-9.0,-17.0,-1.0
DK1,price_hour_logit,top2,process,0.013000000000000001,original_M0__top2,-9.0,-17.0,-1.0
DK1,price_hour_logit,top2,process,0.013500000000000002,original_M0__top2,-9.0,-17.0,-1.0
DK1,price_hour_logit,top2,process,0.014,original_M0__top2,-9.0,-17.0,-1.0
DK1,price_hour_logit,top2,process,0.0145,original_M0__top2,-9.0,-17.0,-1.0
DK1,price_hour_logit,top2,process,0.015,original_M0__top2,-9.0,-17.0,-1.0
DK1,price_hour_logit,top2,process,0.02,original_M0__top2,-9.0,-17.0,-1.0
DK1,price_hour_logit,top2,process,0.03,original_M0__top2,-9.0,-17.0,-1.0
DK1,price_hour_logit,top2,process,0.05,original_M0__top2,-9.0,-17.0,-1.0
DK1,price_hour_logit,top2,process,0.1,original_M0__top2,-9.0,-17.0,-1.0
DK1,price_hour_logit,top2,process,0.2,original_M0__top2,-9.0,-17.0,-1.0
DK1,price_hour_logit,top2,process,0.25,original_M0__top2,-9.0,-17.0,-1.0
DK1,price_hour_logit,top2,process,0.5,original_M0__top2,-9.0,-17.0,-1.0
DK1,price_hour_logit,top2,process,1.0,original_M0__top2,-9.0,-17.0,-1.0
DK1,price_hour_logit,top2,hour,0.0,original_M0__top2,-82.0,-118.025,-56.0
DK1,price_hour_logit,top2,hour,0.0005,original_M0__top2,-82.0,-118.025,-56.0
DK1,price_hour_logit,top2,hour,0.001,original_M0__top2,-82.0,-118.025,-56.0
DK1,price_hour_logit,top2,hour,0.0015,original_M0__top2,-82.0,-118.025,-56.0
DK1,price_hour_logit,top2,hour,0.002,original_M0__top2,-82.0,-118.025,-56.0
DK1,price_hour_logit,top2,hour,0.0025,original_M0__top2,-82.0,-118.025,-56.0
DK1,price_hour_logit,top2,hour,0.003,original_M0__top2,-82.0,-118.025,-56.0
DK1,price_hour_logit,top2,hour,0.0035,original_M0__top2,-82.0,-118.025,-56.0
DK1,price_hour_logit,top2,hour,0.004,original_M0__top2,-82.0,-118.025,-56.0
DK1,price_hour_logit,top2,hour,0.0045000000000000005,original_M0__top2,-82.0,-118.025,-56.0
DK1,price_hour_logit,top2,hour,0.005000000000000001,original_M0__top2,-82.0,-118.025,-56.0
DK1,price_hour_logit,top2,hour,0.0055,original_M0__top2,-82.0,-118.025,-56.0
DK1,price_hour_logit,top2,hour,0.006,original_M0__top2,-82.0,-118.025,-56.0
DK1,price_hour_logit,top2,hour,0.006500000000000001,original_M0__top2,-82.0,-118.025,-56.0
DK1,price_hour_logit,top2,hour,0.007000000000000001,original_M0__top2,-82.0,-118.025,-56.0
DK1,price_hour_logit,top2,hour,0.0075,original_M0__top2,-82.0,-118.025,-56.0
DK1,price_hour_logit,top2,hour,0.008,original_M0__top2,-82.0,-118.025,-56.0
DK1,price_hour_logit,top2,hour,0.0085,original_M0__top2,-82.0,-118.025,-56.0
DK1,price_hour_logit,top2,hour,0.009000000000000001,original_M0__top2,-82.0,-118.025,-56.0
DK1,price_hour_logit,top2,hour,0.009500000000000001,original_M0__top2,-82.0,-118.025,-56.0
DK1,price_hour_logit,top2,hour,0.01,original_M0__top2,-82.0,-118.025,-56.0
DK1,price_hour_logit,top2,hour,0.0105,original_M0__top2,-82.0,-118.025,-56.0
DK1,price_hour_logit,top2,hour,0.011000000000000001,original_M0__top2,-82.0,-118.025,-56.0
DK1,price_hour_logit,top2,hour,0.0115,original_M0__top2,-82.0,-118.025,-56.0
DK1,price_hour_logit,top2,hour,0.012,original_M0__top2,-82.0,-118.025,-56.0
DK1,price_hour_logit,top2,hour,0.0125,original_M0__top2,-82.0,-118.025,-56.0
DK1,price_hour_logit,top2,hour,0.013000000000000001,original_M0__top2,-82.0,-118.025,-56.0
DK1,price_hour_logit,top2,hour,0.013500000000000002,original_M0__top2,-82.0,-118.025,-56.0
DK1,price_hour_logit,top2,hour,0.014,original_M0__top2,-82.0,-118.025,-56.0
DK1,price_hour_logit,top2,hour,0.0145,original_M0__top2,-82.0,-118.025,-56.0
DK1,price_hour_logit,top2,hour,0.015,original_M0__top2,-82.0,-118.025,-56.0
DK1,price_hour_logit,top2,hour,0.02,original_M0__top2,-82.0,-118.025,-56.0
DK1,price_hour_logit,top2,hour,0.03,original_M0__top2,-82.0,-118.025,-56.0
DK1,price_hour_logit,top2,hour,0.05,original_M0__top2,-82.0,-118.025,-56.0
DK1,price_hour_logit,top2,hour,0.1,original_M0__top2,-82.0,-118.025,-56.0
DK1,price_hour_logit,top2,hour,0.2,original_M0__top2,-82.0,-118.025,-56.0
DK1,price_hour_logit,top2,hour,0.25,original_M0__top2,-82.0,-118.025,-56.0
DK1,price_hour_logit,top2,hour,0.5,original_M0__top2,-82.0,-118.025,-56.0
DK1,price_hour_logit,top2,hour,1.0,original_M0__top2,-82.0,-118.025,-56.0
DK1,price_hour_logit,count2022_target05,process,0.0,original_M0__top2,-9.0,-17.0,-1.0
DK1,price_hour_logit,count2022_target05,process,0.0005,original_M0__top2,-8.7835,-16.78355,-0.7864875
DK1,price_hour_logit,count2022_target05,process,0.001,original_M0__top2,-8.567,-16.5671,-0.572975
DK1,price_hour_logit,count2022_target05,process,0.0015,original_M0__top2,-8.3505,-16.35065,-0.3594625000000001
DK1,price_hour_logit,count2022_target05,process,0.002,original_M0__top2,-8.134,-16.1342,-0.14595000000000005
DK1,price_hour_logit,count2022_target05,process,0.0025,original_M0__top2,-7.9175,-15.91775,0.06756250000000005
DK1,price_hour_logit,count2022_target05,process,0.003,original_M0__top2,-7.7010000000000005,-15.7013,0.28107499999999985
DK1,price_hour_logit,count2022_target05,process,0.0035,original_M0__top2,-7.4845,-15.48485,0.49458749999999985
DK1,price_hour_logit,count2022_target05,process,0.004,original_M0__top2,-7.268,-15.268400000000002,0.7080999999999998
DK1,price_hour_logit,count2022_target05,process,0.0045000000000000005,original_M0__top2,-7.0515,-15.051950000000001,0.9216125000000001
DK1,price_hour_logit,count2022_target05,process,0.005000000000000001,original_M0__top2,-6.834999999999999,-14.8355,1.1351250000000002
DK1,price_hour_logit,count2022_target05,process,0.0055,original_M0__top2,-6.6185,-14.619050000000001,1.3486375
DK1,price_hour_logit,count2022_target05,process,0.006,original_M0__top2,-6.402,-14.402600000000001,1.5621499999999997
DK1,price_hour_logit,count2022_target05,process,0.006500000000000001,original_M0__top2,-6.185499999999999,-14.18615,1.7756625
DK1,price_hour_logit,count2022_target05,process,0.007000000000000001,original_M0__top2,-5.968999999999999,-13.9697,1.9891750000000001
DK1,price_hour_logit,count2022_target05,process,0.0075,original_M0__top2,-5.7524999999999995,-13.75325,2.2026874999999997
DK1,price_hour_logit,count2022_target05,process,0.008,original_M0__top2,-5.536,-13.5368,2.4162
DK1,price_hour_logit,count2022_target05,process,0.0085,original_M0__top2,-5.3195,-13.32035,2.6297125
DK1,price_hour_logit,count2022_target05,process,0.009000000000000001,original_M0__top2,-5.103,-13.1039,2.8432250000000003
DK1,price_hour_logit,count2022_target05,process,0.009500000000000001,original_M0__top2,-4.886499999999999,-12.887449999999998,3.0567375000000006
DK1,price_hour_logit,count2022_target05,process,0.01,original_M0__top2,-4.67,-12.671,3.2702500000000003
DK1,price_hour_logit,count2022_target05,process,0.0105,original_M0__top2,-4.4535,-12.45455,3.4837625
DK1,price_hour_logit,count2022_target05,process,0.011000000000000001,original_M0__top2,-4.236999999999999,-12.238099999999998,3.697275
DK1,price_hour_logit,count2022_target05,process,0.0115,original_M0__top2,-4.0205,-12.02165,3.9107874999999996
DK1,price_hour_logit,count2022_target05,process,0.012,original_M0__top2,-3.8040000000000003,-11.805200000000001,4.124299999999999
DK1,price_hour_logit,count2022_target05,process,0.0125,original_M0__top2,-3.5874999999999995,-11.58875,4.3378125
DK1,price_hour_logit,count2022_target05,process,0.013000000000000001,original_M0__top2,-3.3709999999999996,-11.3723,4.551325
DK1,price_hour_logit,count2022_target05,process,0.013500000000000002,original_M0__top2,-3.1544999999999996,-11.15585,4.7648375000000005
DK1,price_hour_logit,count2022_target05,process,0.014,original_M0__top2,-2.9379999999999997,-10.9394,4.97835
DK1,price_hour_logit,count2022_target05,process,0.0145,original_M0__top2,-2.7215,-10.722949999999999,5.1918625
DK1,price_hour_logit,count2022_target05,process,0.015,original_M0__top2,-2.505,-10.506499999999999,5.405374999999999
DK1,price_hour_logit,count2022_target05,process,0.02,original_M0__top2,-0.33999999999999986,-8.342,7.540500000000001
DK1,price_hour_logit,count2022_target05,process,0.03,original_M0__top2,3.99,-4.013,11.810749999999999
DK1,price_hour_logit,count2022_target05,process,0.05,original_M0__top2,12.650000000000002,4.450000000000003,20.35125
DK1,price_hour_logit,count2022_target05,process,0.1,original_M0__top2,34.300000000000004,25.797500000000003,42.2
DK1,price_hour_logit,count2022_target05,process,0.2,original_M0__top2,77.60000000000001,68.60000000000001,86.0
DK1,price_hour_logit,count2022_target05,process,0.25,original_M0__top2,99.25,89.49375,108.5
DK1,price_hour_logit,count2022_target05,process,0.5,original_M0__top2,207.5,193.0,221.0
DK1,price_hour_logit,count2022_target05,process,1.0,original_M0__top2,424.0,399.0,449.0
DK1,price_hour_logit,count2022_target05,hour,0.0,original_M0__top2,-89.0,-127.025,-60.0
DK1,price_hour_logit,count2022_target05,hour,0.0005,original_M0__top2,-88.7835,-126.80643749999999,-59.788850000000004
DK1,price_hour_logit,count2022_target05,hour,0.001,original_M0__top2,-88.567,-126.587875,-59.5777
DK1,price_hour_logit,count2022_target05,hour,0.0015,original_M0__top2,-88.3505,-126.36931249999999,-59.36655
DK1,price_hour_logit,count2022_target05,hour,0.002,original_M0__top2,-88.134,-126.15075,-59.1554
DK1,price_hour_logit,count2022_target05,hour,0.0025,original_M0__top2,-87.9175,-125.9321875,-58.944250000000004
DK1,price_hour_logit,count2022_target05,hour,0.003,original_M0__top2,-87.701,-125.713625,-58.7331
DK1,price_hour_logit,count2022_target05,hour,0.0035,original_M0__top2,-87.4845,-125.4950625,-58.521950000000004
DK1,price_hour_logit,count2022_target05,hour,0.004,original_M0__top2,-87.268,-125.2765,-58.3108
DK1,price_hour_logit,count2022_target05,hour,0.0045000000000000005,original_M0__top2,-87.0515,-125.05793750000001,-58.09965
DK1,price_hour_logit,count2022_target05,hour,0.005000000000000001,original_M0__top2,-86.835,-124.83937499999999,-57.8885
DK1,price_hour_logit,count2022_target05,hour,0.0055,original_M0__top2,-86.6185,-124.6208125,-57.677350000000004
DK1,price_hour_logit,count2022_target05,hour,0.006,original_M0__top2,-86.402,-124.40225,-57.46620000000001
DK1,price_hour_logit,count2022_target05,hour,0.006500000000000001,original_M0__top2,-86.1855,-124.18368749999999,-57.25505
DK1,price_hour_logit,count2022_target05,hour,0.007000000000000001,original_M0__top2,-85.969,-123.965125,-57.0439
DK1,price_hour_logit,count2022_target05,hour,0.0075,original_M0__top2,-85.7525,-123.7465625,-56.832750000000004
DK1,price_hour_logit,count2022_target05,hour,0.008,original_M0__top2,-85.536,-123.528,-56.62160000000001
DK1,price_hour_logit,count2022_target05,hour,0.0085,original_M0__top2,-85.3195,-123.3094375,-56.41045
DK1,price_hour_logit,count2022_target05,hour,0.009000000000000001,original_M0__top2,-85.103,-123.090875,-56.1993
DK1,price_hour_logit,count2022_target05,hour,0.009500000000000001,original_M0__top2,-84.8865,-122.8723125,-55.988150000000005
DK1,price_hour_logit,count2022_target05,hour,0.01,original_M0__top2,-84.67,-122.65374999999999,-55.777
DK1,price_hour_logit,count2022_target05,hour,0.0105,original_M0__top2,-84.4535,-122.4351875,-55.565850000000005
DK1,price_hour_logit,count2022_target05,hour,0.011000000000000001,original_M0__top2,-84.237,-122.216625,-55.3547
DK1,price_hour_logit,count2022_target05,hour,0.0115,original_M0__top2,-84.0205,-121.9980625,-55.143550000000005
DK1,price_hour_logit,count2022_target05,hour,0.012,original_M0__top2,-83.804,-121.7795,-54.9324
DK1,price_hour_logit,count2022_target05,hour,0.0125,original_M0__top2,-83.5875,-121.5609375,-54.721250000000005
DK1,price_hour_logit,count2022_target05,hour,0.013000000000000001,original_M0__top2,-83.371,-121.342375,-54.5101
DK1,price_hour_logit,count2022_target05,hour,0.013500000000000002,original_M0__top2,-83.1545,-121.1238125,-54.29895
DK1,price_hour_logit,count2022_target05,hour,0.014,original_M0__top2,-82.938,-120.90525000000001,-54.0878
DK1,price_hour_logit,count2022_target05,hour,0.0145,original_M0__top2,-82.7215,-120.68668749999999,-53.876650000000005
DK1,price_hour_logit,count2022_target05,hour,0.015,original_M0__top2,-82.505,-120.46812499999999,-53.66550000000001
DK1,price_hour_logit,count2022_target05,hour,0.02,original_M0__top2,-80.34,-118.2825,-51.55400000000001
DK1,price_hour_logit,count2022_target05,hour,0.03,original_M0__top2,-76.01,-113.91125,-47.33100000000001
DK1,price_hour_logit,count2022_target05,hour,0.05,original_M0__top2,-67.35,-105.16875,-38.64125000000001
DK1,price_hour_logit,count2022_target05,hour,0.1,original_M0__top2,-45.699999999999996,-83.3125,-17.282500000000013
DK1,price_hour_logit,count2022_target05,hour,0.2,original_M0__top2,-2.3999999999999915,-39.599999999999994,25.80000000000001
DK1,price_hour_logit,count2022_target05,hour,0.25,original_M0__top2,19.25,-17.75,47.756249999999994
DK1,price_hour_logit,count2022_target05,hour,0.5,original_M0__top2,127.5,90.5,155.5
DK1,price_hour_logit,count2022_target05,hour,1.0,original_M0__top2,344.0,301.0,375.025
DK1,price_hour_logit,count2023_target05,process,0.0,original_M0__top2,-9.0,-17.0,-1.0
DK1,price_hour_logit,count2023_target05,process,0.0005,original_M0__top2,-8.8585,-16.860025,-0.8594625
DK1,price_hour_logit,count2023_target05,process,0.001,original_M0__top2,-8.717,-16.72005,-0.718925
DK1,price_hour_logit,count2023_target05,process,0.0015,original_M0__top2,-8.5755,-16.580074999999997,-0.5783875000000002
DK1,price_hour_logit,count2023_target05,process,0.002,original_M0__top2,-8.434,-16.4401,-0.4378500000000001
DK1,price_hour_logit,count2023_target05,process,0.0025,original_M0__top2,-8.2925,-16.300125,-0.29731250000000015
DK1,price_hour_logit,count2023_target05,process,0.003,original_M0__top2,-8.151,-16.16015,-0.15677500000000022
DK1,price_hour_logit,count2023_target05,process,0.0035,original_M0__top2,-8.0095,-16.020175,-0.0162375000000002
DK1,price_hour_logit,count2023_target05,process,0.004,original_M0__top2,-7.868,-15.880199999999999,0.12429999999999984
DK1,price_hour_logit,count2023_target05,process,0.0045000000000000005,original_M0__top2,-7.7265,-15.740225,0.2648374999999999
DK1,price_hour_logit,count2023_target05,process,0.005000000000000001,original_M0__top2,-7.585,-15.600249999999999,0.40537499999999993
DK1,price_hour_logit,count2023_target05,process,0.0055,original_M0__top2,-7.4435,-15.460275000000001,0.5459124999999995
DK1,price_hour_logit,count2023_target05,process,0.006,original_M0__top2,-7.302,-15.3203,0.6864499999999996
DK1,price_hour_logit,count2023_target05,process,0.006500000000000001,original_M0__top2,-7.1605,-15.180325,0.8269874999999998
DK1,price_hour_logit,count2023_target05,process,0.007000000000000001,original_M0__top2,-7.019,-15.040349999999998,0.9675249999999999
DK1,price_hour_logit,count2023_target05,process,0.0075,original_M0__top2,-6.8774999999999995,-14.900375,1.1080624999999995
DK1,price_hour_logit,count2023_target05,process,0.008,original_M0__top2,-6.736,-14.7604,1.2485999999999997
DK1,price_hour_logit,count2023_target05,process,0.0085,original_M0__top2,-6.5945,-14.620425,1.3891374999999995
DK1,price_hour_logit,count2023_target05,process,0.009000000000000001,original_M0__top2,-6.452999999999999,-14.480450000000001,1.5296749999999997
DK1,price_hour_logit,count2023_target05,process,0.009500000000000001,original_M0__top2,-6.3115,-14.340475,1.6702124999999997
DK1,price_hour_logit,count2023_target05,process,0.01,original_M0__top2,-6.17,-14.2005,1.8107499999999994
DK1,price_hour_logit,count2023_target05,process,0.0105,original_M0__top2,-6.028499999999999,-14.060524999999998,1.9512874999999996
DK1,price_hour_logit,count2023_target05,process,0.011000000000000001,original_M0__top2,-5.887,-13.92055,2.0918249999999996
DK1,price_hour_logit,count2023_target05,process,0.0115,original_M0__top2,-5.7455,-13.780575,2.2323624999999994
DK1,price_hour_logit,count2023_target05,process,0.012,original_M0__top2,-5.604,-13.640600000000001,2.372899999999999
DK1,price_hour_logit,count2023_target05,process,0.0125,original_M0__top2,-5.4625,-13.500625,2.5134374999999993
DK1,price_hour_logit,count2023_target05,process,0.013000000000000001,original_M0__top2,-5.321,-13.36065,2.6539749999999995
DK1,price_hour_logit,count2023_target05,process,0.013500000000000002,original_M0__top2,-5.179499999999999,-13.220674999999998,2.7945124999999993
DK1,price_hour_logit,count2023_target05,process,0.014,original_M0__top2,-5.038,-13.0807,2.935049999999999
DK1,price_hour_logit,count2023_target05,process,0.0145,original_M0__top2,-4.8965,-12.940724999999999,3.0755874999999993
DK1,price_hour_logit,count2023_target05,process,0.015,original_M0__top2,-4.755,-12.80075,3.216124999999999
DK1,price_hour_logit,count2023_target05,process,0.02,original_M0__top2,-3.34,-11.400999999999998,4.621499999999998
DK1,price_hour_logit,count2023_target05,process,0.03,original_M0__top2,-0.5099999999999998,-8.6015,7.432249999999998
DK1,price_hour_logit,count2023_target05,process,0.05,original_M0__top2,5.15,-3.0999999999999996,13.204999999999997
DK1,price_hour_logit,count2023_target05,process,0.1,original_M0__top2,19.3,11.0,27.6025
DK1,price_hour_logit,count2023_target05,process,0.2,original_M0__top2,47.6,38.6,57.004999999999995
DK1,price_hour_logit,count2023_target05,process,0.25,original_M0__top2,61.75,52.0,72.0
DK1,price_hour_logit,count2023_target05,process,0.5,original_M0__top2,132.5,118.9875,147.5
DK1,price_hour_logit,count2023_target05,process,1.0,original_M0__top2,274.0,250.975,301.0
DK1,price_hour_logit,count2023_target05,hour,0.0,original_M0__top2,-84.0,-121.0,-56.97500000000002
DK1,price_hour_logit,count2023_target05,hour,0.0005,original_M0__top2,-83.8585,-120.855225,-56.83465000000002
DK1,price_hour_logit,count2023_target05,hour,0.001,original_M0__top2,-83.717,-120.71045,-56.69430000000003
DK1,price_hour_logit,count2023_target05,hour,0.0015,original_M0__top2,-83.5755,-120.565675,-56.55395000000002
DK1,price_hour_logit,count2023_target05,hour,0.002,original_M0__top2,-83.434,-120.4209,-56.413600000000024
DK1,price_hour_logit,count2023_target05,hour,0.0025,original_M0__top2,-83.2925,-120.27612500000001,-56.27325000000002
DK1,price_hour_logit,count2023_target05,hour,0.003,original_M0__top2,-83.151,-120.13135,-56.13290000000002
DK1,price_hour_logit,count2023_target05,hour,0.0035,original_M0__top2,-83.0095,-119.986575,-55.99255000000002
DK1,price_hour_logit,count2023_target05,hour,0.004,original_M0__top2,-82.868,-119.8418,-55.85220000000002
DK1,price_hour_logit,count2023_target05,hour,0.0045000000000000005,original_M0__top2,-82.7265,-119.697025,-55.71185000000003
DK1,price_hour_logit,count2023_target05,hour,0.005000000000000001,original_M0__top2,-82.585,-119.55225,-55.57150000000002
DK1,price_hour_logit,count2023_target05,hour,0.0055,original_M0__top2,-82.4435,-119.407475,-55.431150000000024
DK1,price_hour_logit,count2023_target05,hour,0.006,original_M0__top2,-82.302,-119.26270000000001,-55.29080000000002
DK1,price_hour_logit,count2023_target05,hour,0.006500000000000001,original_M0__top2,-82.1605,-119.117925,-55.15045000000002
DK1,price_hour_logit,count2023_target05,hour,0.007000000000000001,original_M0__top2,-82.019,-118.97315,-55.01010000000002
DK1,price_hour_logit,count2023_target05,hour,0.0075,original_M0__top2,-81.8775,-118.82837500000001,-54.86975000000002
DK1,price_hour_logit,count2023_target05,hour,0.008,original_M0__top2,-81.736,-118.68360000000001,-54.72940000000002
DK1,price_hour_logit,count2023_target05,hour,0.0085,original_M0__top2,-81.5945,-118.538825,-54.58905000000002
DK1,price_hour_logit,count2023_target05,hour,0.009000000000000001,original_M0__top2,-81.453,-118.39405000000001,-54.44870000000002
DK1,price_hour_logit,count2023_target05,hour,0.009500000000000001,original_M0__top2,-81.3115,-118.249275,-54.30835000000002
DK1,price_hour_logit,count2023_target05,hour,0.01,original_M0__top2,-81.17,-118.10449999999999,-54.16800000000002
DK1,price_hour_logit,count2023_target05,hour,0.0105,original_M0__top2,-81.0285,-117.95972499999999,-54.02765000000002
DK1,price_hour_logit,count2023_target05,hour,0.011000000000000001,original_M0__top2,-80.887,-117.81495,-53.88730000000002
DK1,price_hour_logit,count2023_target05,hour,0.0115,original_M0__top2,-80.7455,-117.670175,-53.74695000000002
DK1,price_hour_logit,count2023_target05,hour,0.012,original_M0__top2,-80.604,-117.52539999999999,-53.60660000000002
DK1,price_hour_logit,count2023_target05,hour,0.0125,original_M0__top2,-80.4625,-117.380625,-53.46625000000002
DK1,price_hour_logit,count2023_target05,hour,0.013000000000000001,original_M0__top2,-80.321,-117.23585,-53.32590000000002
DK1,price_hour_logit,count2023_target05,hour,0.013500000000000002,original_M0__top2,-80.1795,-117.09107499999999,-53.18555000000002
DK1,price_hour_logit,count2023_target05,hour,0.014,original_M0__top2,-80.038,-116.9463,-53.04520000000002
DK1,price_hour_logit,count2023_target05,hour,0.0145,original_M0__top2,-79.8965,-116.801525,-52.90485000000002
DK1,price_hour_logit,count2023_target05,hour,0.015,original_M0__top2,-79.755,-116.65675,-52.76450000000001
DK1,price_hour_logit,count2023_target05,hour,0.02,original_M0__top2,-78.34,-115.209,-51.36100000000002
DK1,price_hour_logit,count2023_target05,hour,0.03,original_M0__top2,-75.51,-112.31349999999999,-48.554000000000016
DK1,price_hour_logit,count2023_target05,hour,0.05,original_M0__top2,-69.85,-106.5075,-42.94250000000001
DK1,price_hour_logit,count2023_target05,hour,0.1,original_M0__top2,-55.7,-92.0,-29.0975
DK1,price_hour_logit,count2023_target05,hour,0.2,original_M0__top2,-27.4,-63.015,-0.9950000000000044
DK1,price_hour_logit,count2023_target05,hour,0.25,original_M0__top2,-13.25,-49.0125,13.256249999999994
DK1,price_hour_logit,count2023_target05,hour,0.5,original_M0__top2,57.5,19.5,86.51249999999999
DK1,price_hour_logit,count2023_target05,hour,1.0,original_M0__top2,199.0,155.0,233.0
DK1,price_hour_logit,fixed025,process,0.0,original_M0__top2,-30.0,-38.0,-21.0
DK1,price_hour_logit,fixed025,process,0.0005,original_M0__top2,-29.329,-37.334725,-20.3244625
DK1,price_hour_logit,fixed025,process,0.001,original_M0__top2,-28.658,-36.66945,-19.648925000000002
DK1,price_hour_logit,fixed025,process,0.0015,original_M0__top2,-27.987000000000002,-36.004175000000004,-18.9733875
DK1,price_hour_logit,fixed025,process,0.002,original_M0__top2,-27.316,-35.3389,-18.29785
DK1,price_hour_logit,fixed025,process,0.0025,original_M0__top2,-26.645,-34.673625,-17.6223125
DK1,price_hour_logit,fixed025,process,0.003,original_M0__top2,-25.974,-34.00835,-16.946775
DK1,price_hour_logit,fixed025,process,0.0035,original_M0__top2,-25.303,-33.343075,-16.2712375
DK1,price_hour_logit,fixed025,process,0.004,original_M0__top2,-24.631999999999998,-32.677800000000005,-15.5957
DK1,price_hour_logit,fixed025,process,0.0045000000000000005,original_M0__top2,-23.961,-32.012525000000004,-14.9201625
DK1,price_hour_logit,fixed025,process,0.005000000000000001,original_M0__top2,-23.29,-31.34725,-14.244624999999997
DK1,price_hour_logit,fixed025,process,0.0055,original_M0__top2,-22.619,-30.681975,-13.569087500000002
DK1,price_hour_logit,fixed025,process,0.006,original_M0__top2,-21.948,-30.0167,-12.893550000000001
DK1,price_hour_logit,fixed025,process,0.006500000000000001,original_M0__top2,-21.277,-29.351425000000003,-12.218012499999999
DK1,price_hour_logit,fixed025,process,0.007000000000000001,original_M0__top2,-20.605999999999998,-28.686149999999998,-11.542475
DK1,price_hour_logit,fixed025,process,0.0075,original_M0__top2,-19.935000000000002,-28.020874999999997,-10.8669375
DK1,price_hour_logit,fixed025,process,0.008,original_M0__top2,-19.264,-27.3556,-10.191400000000002
DK1,price_hour_logit,fixed025,process,0.0085,original_M0__top2,-18.593,-26.690324999999998,-9.515862499999999
DK1,price_hour_logit,fixed025,process,0.009000000000000001,original_M0__top2,-17.921999999999997,-26.02505,-8.840325
DK1,price_hour_logit,fixed025,process,0.009500000000000001,original_M0__top2,-17.250999999999998,-25.359775,-8.1647875
DK1,price_hour_logit,fixed025,process,0.01,original_M0__top2,-16.58,-24.694499999999998,-7.489250000000001
DK1,price_hour_logit,fixed025,process,0.0105,original_M0__top2,-15.908999999999999,-24.029225,-6.813712499999999
DK1,price_hour_logit,fixed025,process,0.011000000000000001,original_M0__top2,-15.237999999999998,-23.36395,-6.138175
DK1,price_hour_logit,fixed025,process,0.0115,original_M0__top2,-14.567,-22.698675,-5.4626375000000005
DK1,price_hour_logit,fixed025,process,0.012,original_M0__top2,-13.896,-22.033399999999997,-4.7871000000000015
DK1,price_hour_logit,fixed025,process,0.0125,original_M0__top2,-13.224999999999998,-21.368125,-4.111562500000002
DK1,price_hour_logit,fixed025,process,0.013000000000000001,original_M0__top2,-12.553999999999998,-20.702849999999998,-3.4360249999999986
DK1,price_hour_logit,fixed025,process,0.013500000000000002,original_M0__top2,-11.883,-20.037574999999997,-2.760487499999999
DK1,price_hour_logit,fixed025,process,0.014,original_M0__top2,-11.212,-19.3723,-2.0849499999999996
DK1,price_hour_logit,fixed025,process,0.0145,original_M0__top2,-10.541,-18.707024999999998,-1.4094125
DK1,price_hour_logit,fixed025,process,0.015,original_M0__top2,-9.870000000000001,-18.04175,-0.7338750000000005
DK1,price_hour_logit,fixed025,process,0.02,original_M0__top2,-3.16,-11.389,6.021499999999998
DK1,price_hour_logit,fixed025,process,0.03,original_M0__top2,10.259999999999998,1.9170000000000005,19.532249999999998
DK1,price_hour_logit,fixed025,process,0.05,original_M0__top2,37.10000000000001,28.1975,46.553749999999994
DK1,price_hour_logit,fixed025,process,0.1,original_M0__top2,104.20000000000002,94.4875,114.0025
DK1,price_hour_logit,fixed025,process,0.2,original_M0__top2,238.40000000000003,226.39500000000004,250.2
DK1,price_hour_logit,fixed025,process,0.25,original_M0__top2,305.5,291.99375,318.25625
DK1,price_hour_logit,fixed025,process,0.5,original_M0__top2,641.0,619.4875,660.5
DK1,price_hour_logit,fixed025,process,1.0,original_M0__top2,1312.0,1273.0,1346.025
DK1,price_hour_logit,fixed025,hour,0.0,original_M0__top2,-239.0,-296.0,-211.97500000000002
DK1,price_hour_logit,fixed025,hour,0.0005,original_M0__top2,-238.329,-295.326025,-211.29401250000004
DK1,price_hour_logit,fixed025,hour,0.001,original_M0__top2,-237.658,-294.65205,-210.61302500000002
DK1,price_hour_logit,fixed025,hour,0.0015,original_M0__top2,-236.987,-293.978075,-209.93203750000004
DK1,price_hour_logit,fixed025,hour,0.002,original_M0__top2,-236.316,-293.30409999999995,-209.25105000000002
DK1,price_hour_logit,fixed025,hour,0.0025,original_M0__top2,-235.645,-292.630125,-208.57006250000003
DK1,price_hour_logit,fixed025,hour,0.003,original_M0__top2,-234.974,-291.95615000000004,-207.88907500000002
DK1,price_hour_logit,fixed025,hour,0.0035,original_M0__top2,-234.303,-291.282175,-207.20808750000003
DK1,price_hour_logit,fixed025,hour,0.004,original_M0__top2,-233.632,-290.6082,-206.52710000000002
DK1,price_hour_logit,fixed025,hour,0.0045000000000000005,original_M0__top2,-232.961,-289.934225,-205.84611250000003
DK1,price_hour_logit,fixed025,hour,0.005000000000000001,original_M0__top2,-232.29,-289.26025,-205.16512500000002
DK1,price_hour_logit,fixed025,hour,0.0055,original_M0__top2,-231.619,-288.586275,-204.48413750000003
DK1,price_hour_logit,fixed025,hour,0.006,original_M0__top2,-230.948,-287.91229999999996,-203.80315000000002
DK1,price_hour_logit,fixed025,hour,0.006500000000000001,original_M0__top2,-230.277,-287.238325,-203.12216250000003
DK1,price_hour_logit,fixed025,hour,0.007000000000000001,original_M0__top2,-229.606,-286.56435000000005,-202.44117500000002
DK1,price_hour_logit,fixed025,hour,0.0075,original_M0__top2,-228.935,-285.890375,-201.76018750000003
DK1,price_hour_logit,fixed025,hour,0.008,original_M0__top2,-228.264,-285.2164,-201.07920000000001
DK1,price_hour_logit,fixed025,hour,0.0085,original_M0__top2,-227.593,-284.542425,-200.39821250000003
DK1,price_hour_logit,fixed025,hour,0.009000000000000001,original_M0__top2,-226.922,-283.86845,-199.717225
DK1,price_hour_logit,fixed025,hour,0.009500000000000001,original_M0__top2,-226.251,-283.194475,-199.03623750000003
DK1,price_hour_logit,fixed025,hour,0.01,original_M0__top2,-225.58,-282.52049999999997,-198.35525
DK1,price_hour_logit,fixed025,hour,0.0105,original_M0__top2,-224.909,-281.846525,-197.67426250000003
DK1,price_hour_logit,fixed025,hour,0.011000000000000001,original_M0__top2,-224.238,-281.17255,-196.993275
DK1,price_hour_logit,fixed025,hour,0.0115,original_M0__top2,-223.567,-280.498575,-196.31228750000002
DK1,price_hour_logit,fixed025,hour,0.012,original_M0__top2,-222.89600000000002,-279.82460000000003,-195.6313
DK1,price_hour_logit,fixed025,hour,0.0125,original_M0__top2,-222.225,-279.150625,-194.95031250000002
DK1,price_hour_logit,fixed025,hour,0.013000000000000001,original_M0__top2,-221.554,-278.47665,-194.269325
DK1,price_hour_logit,fixed025,hour,0.013500000000000002,original_M0__top2,-220.883,-277.802675,-193.58833750000002
DK1,price_hour_logit,fixed025,hour,0.014,original_M0__top2,-220.212,-277.1287,-192.90735
DK1,price_hour_logit,fixed025,hour,0.0145,original_M0__top2,-219.541,-276.454725,-192.22636250000002
DK1,price_hour_logit,fixed025,hour,0.015,original_M0__top2,-218.87,-275.78074999999995,-191.545375
DK1,price_hour_logit,fixed025,hour,0.02,original_M0__top2,-212.16,-269.041,-184.7355
DK1,price_hour_logit,fixed025,hour,0.03,original_M0__top2,-198.74,-255.61025,-171.33425
DK1,price_hour_logit,fixed025,hour,0.05,original_M0__top2,-171.89999999999998,-228.70874999999998,-144.45
DK1,price_hour_logit,fixed025,hour,0.1,original_M0__top2,-104.79999999999998,-161.515,-77.19749999999999
DK1,price_hour_logit,fixed025,hour,0.2,original_M0__top2,29.400000000000034,-27.60499999999997,57.80500000000001
DK1,price_hour_logit,fixed025,hour,0.25,original_M0__top2,96.5,39.7375,124.5
DK1,price_hour_logit,fixed025,hour,0.5,original_M0__top2,432.0,371.9875,461.0
DK1,price_hour_logit,fixed025,hour,1.0,original_M0__top2,1103.0,1032.975,1139.025
DK1,price_hour_logit,count2022_cool6,process,0.0,original_M0__top2,-7.0,-17.0,0.0
DK1,price_hour_logit,count2022_cool6,process,0.0005,original_M0__top2,-6.771,-16.7685125,0.22552499999999998
DK1,price_hour_logit,count2022_cool6,process,0.001,original_M0__top2,-6.542,-16.537025,0.45104999999999995
DK1,price_hour_logit,count2022_cool6,process,0.0015,original_M0__top2,-6.313,-16.3055375,0.6765749999999999
DK1,price_hour_logit,count2022_cool6,process,0.002,original_M0__top2,-6.084,-16.074050000000003,0.9020999999999999
DK1,price_hour_logit,count2022_cool6,process,0.0025,original_M0__top2,-5.855,-15.8425625,1.1276249999999999
DK1,price_hour_logit,count2022_cool6,process,0.003,original_M0__top2,-5.6259999999999994,-15.611075000000001,1.3531499999999999
DK1,price_hour_logit,count2022_cool6,process,0.0035,original_M0__top2,-5.397,-15.3795875,1.5786749999999998
DK1,price_hour_logit,count2022_cool6,process,0.004,original_M0__top2,-5.168,-15.1481,1.8041999999999998
DK1,price_hour_logit,count2022_cool6,process,0.0045000000000000005,original_M0__top2,-4.939,-14.9166125,2.029725
DK1,price_hour_logit,count2022_cool6,process,0.005000000000000001,original_M0__top2,-4.709999999999999,-14.685125,2.25525
DK1,price_hour_logit,count2022_cool6,process,0.0055,original_M0__top2,-4.481,-14.4536375,2.4807749999999995
DK1,price_hour_logit,count2022_cool6,process,0.006,original_M0__top2,-4.252,-14.22215,2.7062999999999997
DK1,price_hour_logit,count2022_cool6,process,0.006500000000000001,original_M0__top2,-4.023,-13.990662500000001,2.931825
DK1,price_hour_logit,count2022_cool6,process,0.007000000000000001,original_M0__top2,-3.7939999999999996,-13.759175,3.15735
DK1,price_hour_logit,count2022_cool6,process,0.0075,original_M0__top2,-3.565,-13.527687499999999,3.3828749999999994
DK1,price_hour_logit,count2022_cool6,process,0.008,original_M0__top2,-3.336,-13.296199999999999,3.6083999999999996
DK1,price_hour_logit,count2022_cool6,process,0.0085,original_M0__top2,-3.1069999999999998,-13.064712499999999,3.833925
DK1,price_hour_logit,count2022_cool6,process,0.009000000000000001,original_M0__top2,-2.8779999999999992,-12.833224999999999,4.05945
DK1,price_hour_logit,count2022_cool6,process,0.009500000000000001,original_M0__top2,-2.648999999999999,-12.6017375,4.284975
DK1,price_hour_logit,count2022_cool6,process,0.01,original_M0__top2,-2.42,-12.37025,4.5104999999999995
DK1,price_hour_logit,count2022_cool6,process,0.0105,original_M0__top2,-2.191,-12.1387625,4.736025
DK1,price_hour_logit,count2022_cool6,process,0.011000000000000001,original_M0__top2,-1.9619999999999997,-11.907275,4.96155
DK1,price_hour_logit,count2022_cool6,process,0.0115,original_M0__top2,-1.7329999999999997,-11.6757875,5.187074999999999
DK1,price_hour_logit,count2022_cool6,process,0.012,original_M0__top2,-1.5039999999999996,-11.444299999999998,5.412599999999999
DK1,price_hour_logit,count2022_cool6,process,0.0125,original_M0__top2,-1.2749999999999995,-11.212812499999998,5.638125
DK1,price_hour_logit,count2022_cool6,process,0.013000000000000001,original_M0__top2,-1.0459999999999994,-10.981325,5.86365
DK1,price_hour_logit,count2022_cool6,process,0.013500000000000002,original_M0__top2,-0.8169999999999993,-10.7498375,6.089175
DK1,price_hour_logit,count2022_cool6,process,0.014,original_M0__top2,-0.5880000000000001,-10.51835,6.314699999999999
DK1,price_hour_logit,count2022_cool6,process,0.0145,original_M0__top2,-0.359,-10.2868625,6.5402249999999995
DK1,price_hour_logit,count2022_cool6,process,0.015,original_M0__top2,-0.1299999999999999,-10.055375,6.765749999999999
DK1,price_hour_logit,count2022_cool6,process,0.02,original_M0__top2,2.16,-7.7405,9.020999999999999
DK1,price_hour_logit,count2022_cool6,process,0.03,original_M0__top2,6.74,-3.1107500000000012,13.531499999999998
DK1,price_hour_logit,count2022_cool6,process,0.05,original_M0__top2,15.900000000000002,6.050000000000001,22.5525
DK1,price_hour_logit,count2022_cool6,process,0.1,original_M0__top2,38.800000000000004,28.900000000000006,45.400000000000006
DK1,price_hour_logit,count2022_cool6,process,0.2,original_M0__top2,84.60000000000001,74.4,92.0
DK1,price_hour_logit,count2022_cool6,process,0.25,original_M0__top2,107.5,96.74375,115.5
DK1,price_hour_logit,count2022_cool6,process,0.5,original_M0__top2,222.0,206.5,235.0
DK1,price_hour_logit,count2022_cool6,process,1.0,original_M0__top2,451.0,422.975,476.0
DK1,price_hour_logit,count2022_cool6,hour,0.0,original_M0__top2,-131.0,-174.0,-108.0
DK1,price_hour_logit,count2022_cool6,hour,0.0005,original_M0__top2,-130.771,-173.77031250000002,-107.7709875
DK1,price_hour_logit,count2022_cool6,hour,0.001,original_M0__top2,-130.542,-173.540625,-107.54197500000001
DK1,price_hour_logit,count2022_cool6,hour,0.0015,original_M0__top2,-130.313,-173.3109375,-107.3129625
DK1,price_hour_logit,count2022_cool6,hour,0.002,original_M0__top2,-130.084,-173.08125,-107.08395
DK1,price_hour_logit,count2022_cool6,hour,0.0025,original_M0__top2,-129.855,-172.8515625,-106.8549375
DK1,price_hour_logit,count2022_cool6,hour,0.003,original_M0__top2,-129.626,-172.62187500000002,-106.62592500000001
DK1,price_hour_logit,count2022_cool6,hour,0.0035,original_M0__top2,-129.397,-172.39218749999998,-106.3969125
DK1,price_hour_logit,count2022_cool6,hour,0.004,original_M0__top2,-129.168,-172.1625,-106.1679
DK1,price_hour_logit,count2022_cool6,hour,0.0045000000000000005,original_M0__top2,-128.939,-171.9328125,-105.93888749999999
DK1,price_hour_logit,count2022_cool6,hour,0.005000000000000001,original_M0__top2,-128.71,-171.703125,-105.709875
DK1,price_hour_logit,count2022_cool6,hour,0.0055,original_M0__top2,-128.481,-171.4734375,-105.4808625
DK1,price_hour_logit,count2022_cool6,hour,0.006,original_M0__top2,-128.252,-171.24375,-105.25184999999999
DK1,price_hour_logit,count2022_cool6,hour,0.006500000000000001,original_M0__top2,-128.023,-171.0140625,-105.0228375
DK1,price_hour_logit,count2022_cool6,hour,0.007000000000000001,original_M0__top2,-127.794,-170.784375,-104.793825
DK1,price_hour_logit,count2022_cool6,hour,0.0075,original_M0__top2,-127.565,-170.5546875,-104.5648125
DK1,price_hour_logit,count2022_cool6,hour,0.008,original_M0__top2,-127.336,-170.325,-104.33579999999999
DK1,price_hour_logit,count2022_cool6,hour,0.0085,original_M0__top2,-127.107,-170.0953125,-104.1067875
DK1,price_hour_logit,count2022_cool6,hour,0.009000000000000001,original_M0__top2,-126.878,-169.86562500000002,-103.877775
DK1,price_hour_logit,count2022_cool6,hour,0.009500000000000001,original_M0__top2,-126.649,-169.63593749999998,-103.6487625
DK1,price_hour_logit,count2022_cool6,hour,0.01,original_M0__top2,-126.42,-169.40625,-103.41975000000001
DK1,price_hour_logit,count2022_cool6,hour,0.0105,original_M0__top2,-126.191,-169.1765625,-103.1907375
DK1,price_hour_logit,count2022_cool6,hour,0.011000000000000001,original_M0__top2,-125.962,-168.946875,-102.961725
DK1,price_hour_logit,count2022_cool6,hour,0.0115,original_M0__top2,-125.733,-168.7171875,-102.7327125
DK1,price_hour_logit,count2022_cool6,hour,0.012,original_M0__top2,-125.504,-168.48749999999998,-102.50370000000001
DK1,price_hour_logit,count2022_cool6,hour,0.0125,original_M0__top2,-125.275,-168.2578125,-102.2746875
DK1,price_hour_logit,count2022_cool6,hour,0.013000000000000001,original_M0__top2,-125.04599999999999,-168.02812500000002,-102.04567499999999
DK1,price_hour_logit,count2022_cool6,hour,0.013500000000000002,original_M0__top2,-124.817,-167.7984375,-101.81666249999999
DK1,price_hour_logit,count2022_cool6,hour,0.014,original_M0__top2,-124.588,-167.56875,-101.58765
DK1,price_hour_logit,count2022_cool6,hour,0.0145,original_M0__top2,-124.359,-167.3390625,-101.3586375
DK1,price_hour_logit,count2022_cool6,hour,0.015,original_M0__top2,-124.13,-167.109375,-101.12962499999999
DK1,price_hour_logit,count2022_cool6,hour,0.02,original_M0__top2,-121.84,-164.8125,-98.8395
DK1,price_hour_logit,count2022_cool6,hour,0.03,original_M0__top2,-117.26,-160.21875,-94.25925000000001
DK1,price_hour_logit,count2022_cool6,hour,0.05,original_M0__top2,-108.1,-151.03125,-85.09875
DK1,price_hour_logit,count2022_cool6,hour,0.1,original_M0__top2,-85.19999999999999,-128.0275,-62.2975
DK1,price_hour_logit,count2022_cool6,hour,0.2,original_M0__top2,-39.39999999999999,-82.005,-16.394999999999996
DK1,price_hour_logit,count2022_cool6,hour,0.25,original_M0__top2,-16.5,-58.50625,6.506249999999994
DK1,price_hour_logit,count2022_cool6,hour,0.5,original_M0__top2,98.0,56.0,122.5
DK1,price_hour_logit,count2022_cool6,hour,1.0,original_M0__top2,327.0,281.0,357.025
DK1,price_hour_logit,count2023_cool6,process,0.0,original_M0__top2,-5.0,-15.0,2.0
DK1,price_hour_logit,count2023_cool6,process,0.0005,original_M0__top2,-4.8505,-14.85855,2.1540749999999997
DK1,price_hour_logit,count2023_cool6,process,0.001,original_M0__top2,-4.701,-14.7171,2.3081499999999995
DK1,price_hour_logit,count2023_cool6,process,0.0015,original_M0__top2,-4.5515,-14.57565,2.462225
DK1,price_hour_logit,count2023_cool6,process,0.002,original_M0__top2,-4.402,-14.434199999999999,2.6163
DK1,price_hour_logit,count2023_cool6,process,0.0025,original_M0__top2,-4.2524999999999995,-14.29275,2.7703749999999996
DK1,price_hour_logit,count2023_cool6,process,0.003,original_M0__top2,-4.103,-14.151299999999999,2.9244499999999993
DK1,price_hour_logit,count2023_cool6,process,0.0035,original_M0__top2,-3.9535,-14.009849999999998,3.078525
DK1,price_hour_logit,count2023_cool6,process,0.004,original_M0__top2,-3.8040000000000003,-13.868400000000001,3.2325999999999997
DK1,price_hour_logit,count2023_cool6,process,0.0045000000000000005,original_M0__top2,-3.6544999999999996,-13.72695,3.3866749999999994
DK1,price_hour_logit,count2023_cool6,process,0.005000000000000001,original_M0__top2,-3.505,-13.5855,3.540749999999999
DK1,price_hour_logit,count2023_cool6,process,0.0055,original_M0__top2,-3.3555,-13.44405,3.6948249999999994
DK1,price_hour_logit,count2023_cool6,process,0.006,original_M0__top2,-3.206,-13.3026,3.848899999999999
DK1,price_hour_logit,count2023_cool6,process,0.006500000000000001,original_M0__top2,-3.0564999999999998,-13.16115,4.002975
DK1,price_hour_logit,count2023_cool6,process,0.007000000000000001,original_M0__top2,-2.9069999999999996,-13.0197,4.15705
DK1,price_hour_logit,count2023_cool6,process,0.0075,original_M0__top2,-2.7575000000000003,-12.87825,4.311125
DK1,price_hour_logit,count2023_cool6,process,0.008,original_M0__top2,-2.608,-12.7368,4.465199999999999
DK1,price_hour_logit,count2023_cool6,process,0.0085,original_M0__top2,-2.4585,-12.59535,4.619274999999999
DK1,price_hour_logit,count2023_cool6,process,0.009000000000000001,original_M0__top2,-2.3089999999999997,-12.453899999999999,4.773349999999999
DK1,price_hour_logit,count2023_cool6,process,0.009500000000000001,original_M0__top2,-2.1594999999999995,-12.312449999999998,4.927424999999999
DK1,price_hour_logit,count2023_cool6,process,0.01,original_M0__top2,-2.01,-12.171,5.081499999999998
DK1,price_hour_logit,count2023_cool6,process,0.0105,original_M0__top2,-1.8604999999999996,-12.029549999999999,5.235574999999999
DK1,price_hour_logit,count2023_cool6,process,0.011000000000000001,original_M0__top2,-1.7109999999999999,-11.8881,5.389649999999999
DK1,price_hour_logit,count2023_cool6,process,0.0115,original_M0__top2,-1.5615,-11.746649999999999,5.5437249999999985
DK1,price_hour_logit,count2023_cool6,process,0.012,original_M0__top2,-1.412,-11.6052,5.697799999999998
DK1,price_hour_logit,count2023_cool6,process,0.0125,original_M0__top2,-1.2624999999999997,-11.463750000000001,5.851874999999998
DK1,price_hour_logit,count2023_cool6,process,0.013000000000000001,original_M0__top2,-1.1129999999999995,-11.3223,6.005949999999999
DK1,price_hour_logit,count2023_cool6,process,0.013500000000000002,original_M0__top2,-0.9634999999999998,-11.18085,6.160024999999998
DK1,price_hour_logit,count2023_cool6,process,0.014,original_M0__top2,-0.8140000000000001,-11.0394,6.314099999999998
DK1,price_hour_logit,count2023_cool6,process,0.0145,original_M0__top2,-0.6644999999999994,-10.89795,6.468174999999998
DK1,price_hour_logit,count2023_cool6,process,0.015,original_M0__top2,-0.5150000000000006,-10.756499999999999,6.622249999999998
DK1,price_hour_logit,count2023_cool6,process,0.02,original_M0__top2,0.9800000000000004,-9.342,8.162999999999997
DK1,price_hour_logit,count2023_cool6,process,0.03,original_M0__top2,3.969999999999999,-6.512499999999999,11.244499999999997
DK1,price_hour_logit,count2023_cool6,process,0.05,original_M0__top2,9.950000000000001,-0.5024999999999998,17.3025
DK1,price_hour_logit,count2023_cool6,process,0.1,original_M0__top2,24.900000000000002,14.195000000000004,32.3
DK1,price_hour_logit,count2023_cool6,process,0.2,original_M0__top2,54.800000000000004,42.995,62.800000000000004
DK1,price_hour_logit,count2023_cool6,process,0.25,original_M0__top2,69.75,57.0,78.5
DK1,price_hour_logit,count2023_cool6,process,0.5,original_M0__top2,144.5,128.0,157.0125
DK1,price_hour_logit,count2023_cool6,process,1.0,original_M0__top2,294.0,267.975,316.0
DK1,price_hour_logit,count2023_cool6,hour,0.0,original_M0__top2,-124.0,-166.025,-100.97500000000002
DK1,price_hour_logit,count2023_cool6,hour,0.0005,original_M0__top2,-123.8505,-165.878575,-100.82660000000003
DK1,price_hour_logit,count2023_cool6,hour,0.001,original_M0__top2,-123.701,-165.73215,-100.67820000000003
DK1,price_hour_logit,count2023_cool6,hour,0.0015,original_M0__top2,-123.5515,-165.585725,-100.52980000000002
DK1,price_hour_logit,count2023_cool6,hour,0.002,original_M0__top2,-123.402,-165.4393,-100.38140000000003
DK1,price_hour_logit,count2023_cool6,hour,0.0025,original_M0__top2,-123.2525,-165.292875,-100.23300000000002
DK1,price_hour_logit,count2023_cool6,hour,0.003,original_M0__top2,-123.103,-165.14645,-100.08460000000002
DK1,price_hour_logit,count2023_cool6,hour,0.0035,original_M0__top2,-122.9535,-165.000025,-99.93620000000001
DK1,price_hour_logit,count2023_cool6,hour,0.004,original_M0__top2,-122.804,-164.8536,-99.78780000000002
DK1,price_hour_logit,count2023_cool6,hour,0.0045000000000000005,original_M0__top2,-122.6545,-164.707175,-99.63940000000002
DK1,price_hour_logit,count2023_cool6,hour,0.005000000000000001,original_M0__top2,-122.505,-164.56074999999998,-99.49100000000003
DK1,price_hour_logit,count2023_cool6,hour,0.0055,original_M0__top2,-122.3555,-164.414325,-99.34260000000002
DK1,price_hour_logit,count2023_cool6,hour,0.006,original_M0__top2,-122.206,-164.2679,-99.19420000000002
DK1,price_hour_logit,count2023_cool6,hour,0.006500000000000001,original_M0__top2,-122.0565,-164.121475,-99.04580000000003
DK1,price_hour_logit,count2023_cool6,hour,0.007000000000000001,original_M0__top2,-121.907,-163.97504999999998,-98.89740000000003
DK1,price_hour_logit,count2023_cool6,hour,0.0075,original_M0__top2,-121.7575,-163.828625,-98.74900000000001
DK1,price_hour_logit,count2023_cool6,hour,0.008,original_M0__top2,-121.608,-163.6822,-98.60060000000001
DK1,price_hour_logit,count2023_cool6,hour,0.0085,original_M0__top2,-121.4585,-163.535775,-98.45220000000002
DK1,price_hour_logit,count2023_cool6,hour,0.009000000000000001,original_M0__top2,-121.309,-163.38935,-98.30380000000002
DK1,price_hour_logit,count2023_cool6,hour,0.009500000000000001,original_M0__top2,-121.1595,-163.24292499999999,-98.15540000000001
DK1,price_hour_logit,count2023_cool6,hour,0.01,original_M0__top2,-121.01,-163.09650000000002,-98.00700000000002
DK1,price_hour_logit,count2023_cool6,hour,0.0105,original_M0__top2,-120.8605,-162.950075,-97.85860000000002
DK1,price_hour_logit,count2023_cool6,hour,0.011000000000000001,original_M0__top2,-120.711,-162.80365,-97.71020000000003
DK1,price_hour_logit,count2023_cool6,hour,0.0115,original_M0__top2,-120.5615,-162.65722499999998,-97.56180000000002
DK1,price_hour_logit,count2023_cool6,hour,0.012,original_M0__top2,-120.412,-162.51080000000002,-97.41340000000002
DK1,price_hour_logit,count2023_cool6,hour,0.0125,original_M0__top2,-120.2625,-162.364375,-97.26500000000001
DK1,price_hour_logit,count2023_cool6,hour,0.013000000000000001,original_M0__top2,-120.113,-162.21795,-97.11660000000002
DK1,price_hour_logit,count2023_cool6,hour,0.013500000000000002,original_M0__top2,-119.9635,-162.07152499999998,-96.96820000000002
DK1,price_hour_logit,count2023_cool6,hour,0.014,original_M0__top2,-119.814,-161.92510000000001,-96.81980000000001
DK1,price_hour_logit,count2023_cool6,hour,0.0145,original_M0__top2,-119.6645,-161.778675,-96.67140000000002
DK1,price_hour_logit,count2023_cool6,hour,0.015,original_M0__top2,-119.515,-161.63225,-96.52300000000002
DK1,price_hour_logit,count2023_cool6,hour,0.02,original_M0__top2,-118.02,-160.168,-95.03900000000002
DK1,price_hour_logit,count2023_cool6,hour,0.03,original_M0__top2,-115.03,-157.2205,-92.07100000000003
DK1,price_hour_logit,count2023_cool6,hour,0.05,original_M0__top2,-109.05,-150.71124999999998,-86.13500000000002
DK1,price_hour_logit,count2023_cool6,hour,0.1,original_M0__top2,-94.1,-135.3,-71.295
DK1,price_hour_logit,count2023_cool6,hour,0.2,original_M0__top2,-64.19999999999999,-105.815,-41.0
DK1,price_hour_logit,count2023_cool6,hour,0.25,original_M0__top2,-49.25,-91.00625,-26.493750000000006
DK1,price_hour_logit,count2023_cool6,hour,0.5,original_M0__top2,25.5,-17.5,49.0
DK1,price_hour_logit,count2023_cool6,hour,1.0,original_M0__top2,175.0,126.0,204.0
DK1,combined_early_logit,top1,process,0.0,original_M0__top2,-6.0,-13.0,4.0
DK1,combined_early_logit,top1,process,0.0005,original_M0__top2,-5.6375,-12.6390125,4.3625125
DK1,combined_early_logit,top1,process,0.001,original_M0__top2,-5.275,-12.278025000000001,4.725025
DK1,combined_early_logit,top1,process,0.0015,original_M0__top2,-4.9125,-11.9170375,5.087537500000001
DK1,combined_early_logit,top1,process,0.002,original_M0__top2,-4.55,-11.55605,5.45005
DK1,combined_early_logit,top1,process,0.0025,original_M0__top2,-4.1875,-11.1950625,5.8125625
DK1,combined_early_logit,top1,process,0.003,original_M0__top2,-3.8249999999999997,-10.834075,6.1750750000000005
DK1,combined_early_logit,top1,process,0.0035,original_M0__top2,-3.4625,-10.473087499999998,6.5375875
DK1,combined_early_logit,top1,process,0.004,original_M0__top2,-3.1,-10.1121,6.9001
DK1,combined_early_logit,top1,process,0.0045000000000000005,original_M0__top2,-2.7375,-9.7511125,7.2626125
DK1,combined_early_logit,top1,process,0.005000000000000001,original_M0__top2,-2.374999999999999,-9.390125,7.625125000000001
DK1,combined_early_logit,top1,process,0.0055,original_M0__top2,-2.0125,-9.0291375,7.9876375
DK1,combined_early_logit,top1,process,0.006,original_M0__top2,-1.6499999999999995,-8.668149999999999,8.350150000000001
DK1,combined_early_logit,top1,process,0.006500000000000001,original_M0__top2,-1.2874999999999996,-8.307162499999999,8.7126625
DK1,combined_early_logit,top1,process,0.007000000000000001,original_M0__top2,-0.9249999999999989,-7.946174999999998,9.075175000000002
DK1,combined_early_logit,top1,process,0.0075,original_M0__top2,-0.5625,-7.5851875,9.4376875
DK1,combined_early_logit,top1,process,0.008,original_M0__top2,-0.20000000000000018,-7.224200000000001,9.8002
DK1,combined_early_logit,top1,process,0.0085,original_M0__top2,0.16250000000000053,-6.8632124999999995,10.162712500000001
DK1,combined_early_logit,top1,process,0.009000000000000001,original_M0__top2,0.5250000000000004,-6.502224999999999,10.525225
DK1,combined_early_logit,top1,process,0.009500000000000001,original_M0__top2,0.8875000000000011,-6.141237499999999,10.8877375
DK1,combined_early_logit,top1,process,0.01,original_M0__top2,1.25,-5.7802500000000006,11.25025
DK1,combined_early_logit,top1,process,0.0105,original_M0__top2,1.6125000000000007,-5.419262499999999,11.6127625
DK1,combined_early_logit,top1,process,0.011000000000000001,original_M0__top2,1.9750000000000005,-5.058274999999999,11.975275000000002
DK1,combined_early_logit,top1,process,0.0115,original_M0__top2,2.3375000000000004,-4.697287500000001,12.3377875
DK1,combined_early_logit,top1,process,0.012,original_M0__top2,2.700000000000001,-4.3363000000000005,12.7003
DK1,combined_early_logit,top1,process,0.0125,original_M0__top2,3.0625,-3.9753125,13.0628125
DK1,combined_early_logit,top1,process,0.013000000000000001,original_M0__top2,3.4250000000000007,-3.614324999999999,13.425325
DK1,combined_early_logit,top1,process,0.013500000000000002,original_M0__top2,3.7875000000000014,-3.2533374999999984,13.787837500000002
DK1,combined_early_logit,top1,process,0.014,original_M0__top2,4.15,-2.8923499999999995,14.15035
DK1,combined_early_logit,top1,process,0.0145,original_M0__top2,4.512500000000001,-2.531362499999999,14.5128625
DK1,combined_early_logit,top1,process,0.015,original_M0__top2,4.875,-2.170375,14.875375
DK1,combined_early_logit,top1,process,0.02,original_M0__top2,8.5,1.4394999999999996,18.5005
DK1,combined_early_logit,top1,process,0.03,original_M0__top2,15.75,8.65925,25.75075
DK1,combined_early_logit,top1,process,0.05,original_M0__top2,30.25,23.098750000000003,40.25125
DK1,combined_early_logit,top1,process,0.1,original_M0__top2,66.5,59.197500000000005,76.5025
DK1,combined_early_logit,top1,process,0.2,original_M0__top2,139.0,131.4,149.0
DK1,combined_early_logit,top1,process,0.25,original_M0__top2,175.25,167.74375,185.0
DK1,combined_early_logit,top1,process,0.5,original_M0__top2,356.5,348.5,366.0
DK1,combined_early_logit,top1,process,1.0,original_M0__top2,719.0,710.0,728.025
DK1,combined_early_logit,top1,hour,0.0,original_M0__top2,-148.0,-188.025,-123.97500000000002
DK1,combined_early_logit,top1,hour,0.0005,original_M0__top2,-147.6375,-187.66446249999998,-123.61198750000003
DK1,combined_early_logit,top1,hour,0.001,original_M0__top2,-147.275,-187.303925,-123.24897500000003
DK1,combined_early_logit,top1,hour,0.0015,original_M0__top2,-146.9125,-186.9433875,-122.88596250000002
DK1,combined_early_logit,top1,hour,0.002,original_M0__top2,-146.55,-186.58284999999998,-122.52295000000002
DK1,combined_early_logit,top1,hour,0.0025,original_M0__top2,-146.1875,-186.2223125,-122.15993750000003
DK1,combined_early_logit,top1,hour,0.003,original_M0__top2,-145.825,-185.861775,-121.79692500000003
DK1,combined_early_logit,top1,hour,0.0035,original_M0__top2,-145.4625,-185.50123749999997,-121.43391250000002
DK1,combined_early_logit,top1,hour,0.004,original_M0__top2,-145.1,-185.1407,-121.07090000000002
DK1,combined_early_logit,top1,hour,0.0045000000000000005,original_M0__top2,-144.7375,-184.78016250000002,-120.70788750000003
DK1,combined_early_logit,top1,hour,0.005000000000000001,original_M0__top2,-144.375,-184.419625,-120.34487500000003
DK1,combined_early_logit,top1,hour,0.0055,original_M0__top2,-144.0125,-184.0590875,-119.98186250000003
DK1,combined_early_logit,top1,hour,0.006,original_M0__top2,-143.65,-183.69855,-119.61885000000002
DK1,combined_early_logit,top1,hour,0.006500000000000001,original_M0__top2,-143.2875,-183.3380125,-119.25583750000003
DK1,combined_early_logit,top1,hour,0.007000000000000001,original_M0__top2,-142.925,-182.977475,-118.89282500000003
DK1,combined_early_logit,top1,hour,0.0075,original_M0__top2,-142.5625,-182.6169375,-118.52981250000003
DK1,combined_early_logit,top1,hour,0.008,original_M0__top2,-142.2,-182.25639999999999,-118.16680000000002
DK1,combined_early_logit,top1,hour,0.0085,original_M0__top2,-141.8375,-181.8958625,-117.80378750000001
DK1,combined_early_logit,top1,hour,0.009000000000000001,original_M0__top2,-141.475,-181.535325,-117.44077500000002
DK1,combined_early_logit,top1,hour,0.009500000000000001,original_M0__top2,-141.1125,-181.17478749999998,-117.07776250000002
DK1,combined_early_logit,top1,hour,0.01,original_M0__top2,-140.75,-180.81425,-116.71475000000002
DK1,combined_early_logit,top1,hour,0.0105,original_M0__top2,-140.3875,-180.4537125,-116.35173750000001
DK1,combined_early_logit,top1,hour,0.011000000000000001,original_M0__top2,-140.025,-180.09317499999997,-115.98872500000002
DK1,combined_early_logit,top1,hour,0.0115,original_M0__top2,-139.6625,-179.7326375,-115.62571250000002
DK1,combined_early_logit,top1,hour,0.012,original_M0__top2,-139.3,-179.37210000000002,-115.26270000000002
DK1,combined_early_logit,top1,hour,0.0125,original_M0__top2,-138.9375,-179.0115625,-114.89968750000001
DK1,combined_early_logit,top1,hour,0.013000000000000001,original_M0__top2,-138.575,-178.651025,-114.53667500000002
DK1,combined_early_logit,top1,hour,0.013500000000000002,original_M0__top2,-138.2125,-178.2904875,-114.17366250000002
DK1,combined_early_logit,top1,hour,0.014,original_M0__top2,-137.85,-177.92995,-113.81065000000002
DK1,combined_early_logit,top1,hour,0.0145,original_M0__top2,-137.4875,-177.5694125,-113.44763750000003
DK1,combined_early_logit,top1,hour,0.015,original_M0__top2,-137.125,-177.208875,-113.08462500000002
DK1,combined_early_logit,top1,hour,0.02,original_M0__top2,-133.5,-173.60350000000003,-109.45450000000002
DK1,combined_early_logit,top1,hour,0.03,original_M0__top2,-126.25,-166.39275,-102.19425000000003
DK1,combined_early_logit,top1,hour,0.05,original_M0__top2,-111.75,-151.97125,-87.67375000000001
DK1,combined_early_logit,top1,hour,0.1,original_M0__top2,-75.5,-115.91749999999999,-51.37250000000002
DK1,combined_early_logit,top1,hour,0.2,original_M0__top2,-3.0,-43.80999999999998,21.224999999999994
DK1,combined_early_logit,top1,hour,0.25,original_M0__top2,33.25,-7.75625,57.51874999999998
DK1,combined_early_logit,top1,hour,0.5,original_M0__top2,214.5,172.5,239.0
DK1,combined_early_logit,top1,hour,1.0,original_M0__top2,577.0,534.0,601.0
DK1,combined_early_logit,top2,process,0.0,original_M0__top2,1.0,-6.0,11.0
DK1,combined_early_logit,top2,process,0.0005,original_M0__top2,1.0,-6.0,11.0
DK1,combined_early_logit,top2,process,0.001,original_M0__top2,1.0,-6.0,11.0
DK1,combined_early_logit,top2,process,0.0015,original_M0__top2,1.0,-6.0,11.0
DK1,combined_early_logit,top2,process,0.002,original_M0__top2,1.0,-6.0,11.0
DK1,combined_early_logit,top2,process,0.0025,original_M0__top2,1.0,-6.0,11.0
DK1,combined_early_logit,top2,process,0.003,original_M0__top2,1.0,-6.0,11.0
DK1,combined_early_logit,top2,process,0.0035,original_M0__top2,1.0,-6.0,11.0
DK1,combined_early_logit,top2,process,0.004,original_M0__top2,1.0,-6.0,11.0
DK1,combined_early_logit,top2,process,0.0045000000000000005,original_M0__top2,1.0,-6.0,11.0
DK1,combined_early_logit,top2,process,0.005000000000000001,original_M0__top2,1.0,-6.0,11.0
DK1,combined_early_logit,top2,process,0.0055,original_M0__top2,1.0,-6.0,11.0
DK1,combined_early_logit,top2,process,0.006,original_M0__top2,1.0,-6.0,11.0
DK1,combined_early_logit,top2,process,0.006500000000000001,original_M0__top2,1.0,-6.0,11.0
DK1,combined_early_logit,top2,process,0.007000000000000001,original_M0__top2,1.0,-6.0,11.0
DK1,combined_early_logit,top2,process,0.0075,original_M0__top2,1.0,-6.0,11.0
DK1,combined_early_logit,top2,process,0.008,original_M0__top2,1.0,-6.0,11.0
DK1,combined_early_logit,top2,process,0.0085,original_M0__top2,1.0,-6.0,11.0
DK1,combined_early_logit,top2,process,0.009000000000000001,original_M0__top2,1.0,-6.0,11.0
DK1,combined_early_logit,top2,process,0.009500000000000001,original_M0__top2,1.0,-6.0,11.0
DK1,combined_early_logit,top2,process,0.01,original_M0__top2,1.0,-6.0,11.0
DK1,combined_early_logit,top2,process,0.0105,original_M0__top2,1.0,-6.0,11.0
DK1,combined_early_logit,top2,process,0.011000000000000001,original_M0__top2,1.0,-6.0,11.0
DK1,combined_early_logit,top2,process,0.0115,original_M0__top2,1.0,-6.0,11.0
DK1,combined_early_logit,top2,process,0.012,original_M0__top2,1.0,-6.0,11.0
DK1,combined_early_logit,top2,process,0.0125,original_M0__top2,1.0,-6.0,11.0
DK1,combined_early_logit,top2,process,0.013000000000000001,original_M0__top2,1.0,-6.0,11.0
DK1,combined_early_logit,top2,process,0.013500000000000002,original_M0__top2,1.0,-6.0,11.0
DK1,combined_early_logit,top2,process,0.014,original_M0__top2,1.0,-6.0,11.0
DK1,combined_early_logit,top2,process,0.0145,original_M0__top2,1.0,-6.0,11.0
DK1,combined_early_logit,top2,process,0.015,original_M0__top2,1.0,-6.0,11.0
DK1,combined_early_logit,top2,process,0.02,original_M0__top2,1.0,-6.0,11.0
DK1,combined_early_logit,top2,process,0.03,original_M0__top2,1.0,-6.0,11.0
DK1,combined_early_logit,top2,process,0.05,original_M0__top2,1.0,-6.0,11.0
DK1,combined_early_logit,top2,process,0.1,original_M0__top2,1.0,-6.0,11.0
DK1,combined_early_logit,top2,process,0.2,original_M0__top2,1.0,-6.0,11.0
DK1,combined_early_logit,top2,process,0.25,original_M0__top2,1.0,-6.0,11.0
DK1,combined_early_logit,top2,process,0.5,original_M0__top2,1.0,-6.0,11.0
DK1,combined_early_logit,top2,process,1.0,original_M0__top2,1.0,-6.0,11.0
DK1,combined_early_logit,top2,hour,0.0,original_M0__top2,-10.0,-38.0,14.0
DK1,combined_early_logit,top2,hour,0.0005,original_M0__top2,-10.0,-38.0,14.0
DK1,combined_early_logit,top2,hour,0.001,original_M0__top2,-10.0,-38.0,14.0
DK1,combined_early_logit,top2,hour,0.0015,original_M0__top2,-10.0,-38.0,14.0
DK1,combined_early_logit,top2,hour,0.002,original_M0__top2,-10.0,-38.0,14.0
DK1,combined_early_logit,top2,hour,0.0025,original_M0__top2,-10.0,-38.0,14.0
DK1,combined_early_logit,top2,hour,0.003,original_M0__top2,-10.0,-38.0,14.0
DK1,combined_early_logit,top2,hour,0.0035,original_M0__top2,-10.0,-38.0,14.0
DK1,combined_early_logit,top2,hour,0.004,original_M0__top2,-10.0,-38.0,14.0
DK1,combined_early_logit,top2,hour,0.0045000000000000005,original_M0__top2,-10.0,-38.0,14.0
DK1,combined_early_logit,top2,hour,0.005000000000000001,original_M0__top2,-10.0,-38.0,14.0
DK1,combined_early_logit,top2,hour,0.0055,original_M0__top2,-10.0,-38.0,14.0
DK1,combined_early_logit,top2,hour,0.006,original_M0__top2,-10.0,-38.0,14.0
DK1,combined_early_logit,top2,hour,0.006500000000000001,original_M0__top2,-10.0,-38.0,14.0
DK1,combined_early_logit,top2,hour,0.007000000000000001,original_M0__top2,-10.0,-38.0,14.0
DK1,combined_early_logit,top2,hour,0.0075,original_M0__top2,-10.0,-38.0,14.0
DK1,combined_early_logit,top2,hour,0.008,original_M0__top2,-10.0,-38.0,14.0
DK1,combined_early_logit,top2,hour,0.0085,original_M0__top2,-10.0,-38.0,14.0
DK1,combined_early_logit,top2,hour,0.009000000000000001,original_M0__top2,-10.0,-38.0,14.0
DK1,combined_early_logit,top2,hour,0.009500000000000001,original_M0__top2,-10.0,-38.0,14.0
DK1,combined_early_logit,top2,hour,0.01,original_M0__top2,-10.0,-38.0,14.0
DK1,combined_early_logit,top2,hour,0.0105,original_M0__top2,-10.0,-38.0,14.0
DK1,combined_early_logit,top2,hour,0.011000000000000001,original_M0__top2,-10.0,-38.0,14.0
DK1,combined_early_logit,top2,hour,0.0115,original_M0__top2,-10.0,-38.0,14.0
DK1,combined_early_logit,top2,hour,0.012,original_M0__top2,-10.0,-38.0,14.0
DK1,combined_early_logit,top2,hour,0.0125,original_M0__top2,-10.0,-38.0,14.0
DK1,combined_early_logit,top2,hour,0.013000000000000001,original_M0__top2,-10.0,-38.0,14.0
DK1,combined_early_logit,top2,hour,0.013500000000000002,original_M0__top2,-10.0,-38.0,14.0
DK1,combined_early_logit,top2,hour,0.014,original_M0__top2,-10.0,-38.0,14.0
DK1,combined_early_logit,top2,hour,0.0145,original_M0__top2,-10.0,-38.0,14.0
DK1,combined_early_logit,top2,hour,0.015,original_M0__top2,-10.0,-38.0,14.0
DK1,combined_early_logit,top2,hour,0.02,original_M0__top2,-10.0,-38.0,14.0
DK1,combined_early_logit,top2,hour,0.03,original_M0__top2,-10.0,-38.0,14.0
DK1,combined_early_logit,top2,hour,0.05,original_M0__top2,-10.0,-38.0,14.0
DK1,combined_early_logit,top2,hour,0.1,original_M0__top2,-10.0,-38.0,14.0
DK1,combined_early_logit,top2,hour,0.2,original_M0__top2,-10.0,-38.0,14.0
DK1,combined_early_logit,top2,hour,0.25,original_M0__top2,-10.0,-38.0,14.0
DK1,combined_early_logit,top2,hour,0.5,original_M0__top2,-10.0,-38.0,14.0
DK1,combined_early_logit,top2,hour,1.0,original_M0__top2,-10.0,-38.0,14.0
DK1,combined_early_logit,count2022_target05,process,0.0,original_M0__top2,0.0,-7.0,10.0
DK1,combined_early_logit,count2022_target05,process,0.0005,original_M0__top2,0.3555,-6.6545499999999995,10.345125000000001
DK1,combined_early_logit,count2022_target05,process,0.001,original_M0__top2,0.711,-6.3091,10.690249999999999
DK1,combined_early_logit,count2022_target05,process,0.0015,original_M0__top2,1.0665,-5.9636499999999995,11.035375
DK1,combined_early_logit,count2022_target05,process,0.002,original_M0__top2,1.422,-5.6182,11.3805
DK1,combined_early_logit,count2022_target05,process,0.0025,original_M0__top2,1.7775,-5.27275,11.725624999999999
DK1,combined_early_logit,count2022_target05,process,0.003,original_M0__top2,2.133,-4.9273,12.07075
DK1,combined_early_logit,count2022_target05,process,0.0035,original_M0__top2,2.4885,-4.58185,12.415874999999998
DK1,combined_early_logit,count2022_target05,process,0.004,original_M0__top2,2.844,-4.2364,12.761
DK1,combined_early_logit,count2022_target05,process,0.0045000000000000005,original_M0__top2,3.1995000000000005,-3.8909499999999997,13.106124999999999
DK1,combined_early_logit,count2022_target05,process,0.005000000000000001,original_M0__top2,3.5550000000000006,-3.5454999999999997,13.45125
DK1,combined_early_logit,count2022_target05,process,0.0055,original_M0__top2,3.9105,-3.20005,13.796375
DK1,combined_early_logit,count2022_target05,process,0.006,original_M0__top2,4.266,-2.8546,14.141499999999999
DK1,combined_early_logit,count2022_target05,process,0.006500000000000001,original_M0__top2,4.6215,-2.5091499999999995,14.486624999999998
DK1,combined_early_logit,count2022_target05,process,0.007000000000000001,original_M0__top2,4.977,-2.1636999999999995,14.83175
DK1,combined_early_logit,count2022_target05,process,0.0075,original_M0__top2,5.3325,-1.81825,15.176874999999999
DK1,combined_early_logit,count2022_target05,process,0.008,original_M0__top2,5.688,-1.4727999999999994,15.521999999999998
DK1,combined_early_logit,count2022_target05,process,0.0085,original_M0__top2,6.043500000000001,-1.1273499999999992,15.867124999999998
DK1,combined_early_logit,count2022_target05,process,0.009000000000000001,original_M0__top2,6.399000000000001,-0.7818999999999996,16.212249999999997
DK1,combined_early_logit,count2022_target05,process,0.009500000000000001,original_M0__top2,6.754500000000001,-0.4364499999999993,16.557374999999997
DK1,combined_early_logit,count2022_target05,process,0.01,original_M0__top2,7.11,-0.0909999999999998,16.922
DK1,combined_early_logit,count2022_target05,process,0.0105,original_M0__top2,7.4655000000000005,0.25445000000000056,17.316850000000002
DK1,combined_early_logit,count2022_target05,process,0.011000000000000001,original_M0__top2,7.821000000000001,0.5999000000000009,17.700300000000002
DK1,combined_early_logit,count2022_target05,process,0.0115,original_M0__top2,8.176499999999999,0.9453499999999996,18.05145
DK1,combined_early_logit,count2022_target05,process,0.012,original_M0__top2,8.532,1.2908,18.402099999999997
DK1,combined_early_logit,count2022_target05,process,0.0125,original_M0__top2,8.887500000000001,1.636250000000001,18.752187499999998
DK1,combined_early_logit,count2022_target05,process,0.013000000000000001,original_M0__top2,9.243,1.9817000000000007,19.102275
DK1,combined_early_logit,count2022_target05,process,0.013500000000000002,original_M0__top2,9.598500000000001,2.327150000000002,19.4523625
DK1,combined_early_logit,count2022_target05,process,0.014,original_M0__top2,9.954,2.6725999999999996,19.802449999999997
DK1,combined_early_logit,count2022_target05,process,0.0145,original_M0__top2,10.3095,3.018050000000001,20.152537499999998
DK1,combined_early_logit,count2022_target05,process,0.015,original_M0__top2,10.665,3.3635,20.502625
DK1,combined_early_logit,count2022_target05,process,0.02,original_M0__top2,14.22,6.8180000000000005,24.062
DK1,combined_early_logit,count2022_target05,process,0.03,original_M0__top2,21.33,13.608749999999999,31.21
DK1,combined_early_logit,count2022_target05,process,0.05,original_M0__top2,35.550000000000004,27.550000000000004,45.8025
DK1,combined_early_logit,count2022_target05,process,0.1,original_M0__top2,71.10000000000001,62.39750000000001,82.8
DK1,combined_early_logit,count2022_target05,process,0.2,original_M0__top2,142.20000000000002,130.79500000000002,157.8
DK1,combined_early_logit,count2022_target05,process,0.25,original_M0__top2,177.75,164.49375,195.5
DK1,combined_early_logit,count2022_target05,process,0.5,original_M0__top2,355.5,332.5,384.5125
DK1,combined_early_logit,count2022_target05,process,1.0,original_M0__top2,711.0,668.0,764.0
DK1,combined_early_logit,count2022_target05,hour,0.0,original_M0__top2,-17.0,-47.0,6.024999999999977
DK1,combined_early_logit,count2022_target05,hour,0.0005,original_M0__top2,-16.6445,-46.649550000000005,6.390074999999977
DK1,combined_early_logit,count2022_target05,hour,0.001,original_M0__top2,-16.289,-46.2991,6.755149999999978
DK1,combined_early_logit,count2022_target05,hour,0.0015,original_M0__top2,-15.9335,-45.94865,7.120224999999978
DK1,combined_early_logit,count2022_target05,hour,0.002,original_M0__top2,-15.578,-45.5982,7.485299999999978
DK1,combined_early_logit,count2022_target05,hour,0.0025,original_M0__top2,-15.2225,-45.24775,7.85037499999998
DK1,combined_early_logit,count2022_target05,hour,0.003,original_M0__top2,-14.867,-44.8973,8.21544999999998
DK1,combined_early_logit,count2022_target05,hour,0.0035,original_M0__top2,-14.5115,-44.54685,8.58052499999998
DK1,combined_early_logit,count2022_target05,hour,0.004,original_M0__top2,-14.156,-44.1964,8.94559999999998
DK1,combined_early_logit,count2022_target05,hour,0.0045000000000000005,original_M0__top2,-13.8005,-43.84595,9.31067499999998
DK1,combined_early_logit,count2022_target05,hour,0.005000000000000001,original_M0__top2,-13.445,-43.4955,9.675749999999983
DK1,combined_early_logit,count2022_target05,hour,0.0055,original_M0__top2,-13.089500000000001,-43.14505,10.040824999999982
DK1,combined_early_logit,count2022_target05,hour,0.006,original_M0__top2,-12.734,-42.794599999999996,10.405899999999981
DK1,combined_early_logit,count2022_target05,hour,0.006500000000000001,original_M0__top2,-12.378499999999999,-42.44415,10.770974999999982
DK1,combined_early_logit,count2022_target05,hour,0.007000000000000001,original_M0__top2,-12.023,-42.0937,11.136049999999983
DK1,combined_early_logit,count2022_target05,hour,0.0075,original_M0__top2,-11.6675,-41.743249999999996,11.501124999999982
DK1,combined_early_logit,count2022_target05,hour,0.008,original_M0__top2,-11.312000000000001,-41.392799999999994,11.866199999999983
DK1,combined_early_logit,count2022_target05,hour,0.0085,original_M0__top2,-10.956499999999998,-41.04235,12.231274999999984
DK1,combined_early_logit,count2022_target05,hour,0.009000000000000001,original_M0__top2,-10.600999999999999,-40.691900000000004,12.596349999999985
DK1,combined_early_logit,count2022_target05,hour,0.009500000000000001,original_M0__top2,-10.2455,-40.34145,12.961424999999986
DK1,combined_early_logit,count2022_target05,hour,0.01,original_M0__top2,-9.89,-39.991,13.326499999999985
DK1,combined_early_logit,count2022_target05,hour,0.0105,original_M0__top2,-9.5345,-39.64055,13.691574999999984
DK1,combined_early_logit,count2022_target05,hour,0.011000000000000001,original_M0__top2,-9.178999999999998,-39.2901,14.056649999999987
DK1,combined_early_logit,count2022_target05,hour,0.0115,original_M0__top2,-8.823500000000001,-38.93965,14.421724999999986
DK1,combined_early_logit,count2022_target05,hour,0.012,original_M0__top2,-8.468,-38.5892,14.786799999999987
DK1,combined_early_logit,count2022_target05,hour,0.0125,original_M0__top2,-8.112499999999999,-38.238749999999996,15.151874999999988
DK1,combined_early_logit,count2022_target05,hour,0.013000000000000001,original_M0__top2,-7.757,-37.8883,15.516949999999987
DK1,combined_early_logit,count2022_target05,hour,0.013500000000000002,original_M0__top2,-7.401499999999999,-37.53785,15.882024999999988
DK1,combined_early_logit,count2022_target05,hour,0.014,original_M0__top2,-7.045999999999999,-37.1874,16.24709999999999
DK1,combined_early_logit,count2022_target05,hour,0.0145,original_M0__top2,-6.6905,-36.836949999999995,16.612174999999986
DK1,combined_early_logit,count2022_target05,hour,0.015,original_M0__top2,-6.335000000000001,-36.4865,16.977249999999987
DK1,combined_early_logit,count2022_target05,hour,0.02,original_M0__top2,-2.7799999999999994,-32.982000000000006,20.627999999999993
DK1,combined_early_logit,count2022_target05,hour,0.03,original_M0__top2,4.329999999999998,-26.0935,27.9105
DK1,combined_early_logit,count2022_target05,hour,0.05,original_M0__top2,18.550000000000004,-11.953749999999996,42.45125
DK1,combined_early_logit,count2022_target05,hour,0.1,original_M0__top2,54.10000000000001,23.797499999999996,78.9025
DK1,combined_early_logit,count2022_target05,hour,0.2,original_M0__top2,125.20000000000002,94.595,151.4
DK1,combined_early_logit,count2022_target05,hour,0.25,original_M0__top2,160.75,130.24375,188.25
DK1,combined_early_logit,count2022_target05,hour,0.5,original_M0__top2,338.5,301.9875,374.025
DK1,combined_early_logit,count2022_target05,hour,1.0,original_M0__top2,694.0,641.975,748.025
DK1,combined_early_logit,count2023_target05,process,0.0,original_M0__top2,0.0,-7.0,10.0
DK1,combined_early_logit,count2023_target05,process,0.0005,original_M0__top2,0.3555,-6.6545499999999995,10.345125000000001
DK1,combined_early_logit,count2023_target05,process,0.001,original_M0__top2,0.711,-6.3091,10.690249999999999
DK1,combined_early_logit,count2023_target05,process,0.0015,original_M0__top2,1.0665,-5.9636499999999995,11.035375
DK1,combined_early_logit,count2023_target05,process,0.002,original_M0__top2,1.422,-5.6182,11.3805
DK1,combined_early_logit,count2023_target05,process,0.0025,original_M0__top2,1.7775,-5.27275,11.725624999999999
DK1,combined_early_logit,count2023_target05,process,0.003,original_M0__top2,2.133,-4.9273,12.07075
DK1,combined_early_logit,count2023_target05,process,0.0035,original_M0__top2,2.4885,-4.58185,12.415874999999998
DK1,combined_early_logit,count2023_target05,process,0.004,original_M0__top2,2.844,-4.2364,12.761
DK1,combined_early_logit,count2023_target05,process,0.0045000000000000005,original_M0__top2,3.1995000000000005,-3.8909499999999997,13.106124999999999
DK1,combined_early_logit,count2023_target05,process,0.005000000000000001,original_M0__top2,3.5550000000000006,-3.5454999999999997,13.45125
DK1,combined_early_logit,count2023_target05,process,0.0055,original_M0__top2,3.9105,-3.20005,13.796375
DK1,combined_early_logit,count2023_target05,process,0.006,original_M0__top2,4.266,-2.8546,14.141499999999999
DK1,combined_early_logit,count2023_target05,process,0.006500000000000001,original_M0__top2,4.6215,-2.5091499999999995,14.486624999999998
DK1,combined_early_logit,count2023_target05,process,0.007000000000000001,original_M0__top2,4.977,-2.1636999999999995,14.83175
DK1,combined_early_logit,count2023_target05,process,0.0075,original_M0__top2,5.3325,-1.81825,15.176874999999999
DK1,combined_early_logit,count2023_target05,process,0.008,original_M0__top2,5.688,-1.4727999999999994,15.521999999999998
DK1,combined_early_logit,count2023_target05,process,0.0085,original_M0__top2,6.043500000000001,-1.1273499999999992,15.867124999999998
DK1,combined_early_logit,count2023_target05,process,0.009000000000000001,original_M0__top2,6.399000000000001,-0.7818999999999996,16.212249999999997
DK1,combined_early_logit,count2023_target05,process,0.009500000000000001,original_M0__top2,6.754500000000001,-0.4364499999999993,16.557374999999997
DK1,combined_early_logit,count2023_target05,process,0.01,original_M0__top2,7.11,-0.0909999999999998,16.922
DK1,combined_early_logit,count2023_target05,process,0.0105,original_M0__top2,7.4655000000000005,0.25445000000000056,17.316850000000002
DK1,combined_early_logit,count2023_target05,process,0.011000000000000001,original_M0__top2,7.821000000000001,0.5999000000000009,17.700300000000002
DK1,combined_early_logit,count2023_target05,process,0.0115,original_M0__top2,8.176499999999999,0.9453499999999996,18.05145
DK1,combined_early_logit,count2023_target05,process,0.012,original_M0__top2,8.532,1.2908,18.402099999999997
DK1,combined_early_logit,count2023_target05,process,0.0125,original_M0__top2,8.887500000000001,1.636250000000001,18.752187499999998
DK1,combined_early_logit,count2023_target05,process,0.013000000000000001,original_M0__top2,9.243,1.9817000000000007,19.102275
DK1,combined_early_logit,count2023_target05,process,0.013500000000000002,original_M0__top2,9.598500000000001,2.327150000000002,19.4523625
DK1,combined_early_logit,count2023_target05,process,0.014,original_M0__top2,9.954,2.6725999999999996,19.802449999999997
DK1,combined_early_logit,count2023_target05,process,0.0145,original_M0__top2,10.3095,3.018050000000001,20.152537499999998
DK1,combined_early_logit,count2023_target05,process,0.015,original_M0__top2,10.665,3.3635,20.502625
DK1,combined_early_logit,count2023_target05,process,0.02,original_M0__top2,14.22,6.8180000000000005,24.062
DK1,combined_early_logit,count2023_target05,process,0.03,original_M0__top2,21.33,13.608749999999999,31.21
DK1,combined_early_logit,count2023_target05,process,0.05,original_M0__top2,35.550000000000004,27.550000000000004,45.8025
DK1,combined_early_logit,count2023_target05,process,0.1,original_M0__top2,71.10000000000001,62.39750000000001,82.8
DK1,combined_early_logit,count2023_target05,process,0.2,original_M0__top2,142.20000000000002,130.79500000000002,157.8
DK1,combined_early_logit,count2023_target05,process,0.25,original_M0__top2,177.75,164.49375,195.5
DK1,combined_early_logit,count2023_target05,process,0.5,original_M0__top2,355.5,332.5,384.5125
DK1,combined_early_logit,count2023_target05,process,1.0,original_M0__top2,711.0,668.0,764.0
DK1,combined_early_logit,count2023_target05,hour,0.0,original_M0__top2,-17.0,-47.0,6.024999999999977
DK1,combined_early_logit,count2023_target05,hour,0.0005,original_M0__top2,-16.6445,-46.649550000000005,6.390074999999977
DK1,combined_early_logit,count2023_target05,hour,0.001,original_M0__top2,-16.289,-46.2991,6.755149999999978
DK1,combined_early_logit,count2023_target05,hour,0.0015,original_M0__top2,-15.9335,-45.94865,7.120224999999978
DK1,combined_early_logit,count2023_target05,hour,0.002,original_M0__top2,-15.578,-45.5982,7.485299999999978
DK1,combined_early_logit,count2023_target05,hour,0.0025,original_M0__top2,-15.2225,-45.24775,7.85037499999998
DK1,combined_early_logit,count2023_target05,hour,0.003,original_M0__top2,-14.867,-44.8973,8.21544999999998
DK1,combined_early_logit,count2023_target05,hour,0.0035,original_M0__top2,-14.5115,-44.54685,8.58052499999998
DK1,combined_early_logit,count2023_target05,hour,0.004,original_M0__top2,-14.156,-44.1964,8.94559999999998
DK1,combined_early_logit,count2023_target05,hour,0.0045000000000000005,original_M0__top2,-13.8005,-43.84595,9.31067499999998
DK1,combined_early_logit,count2023_target05,hour,0.005000000000000001,original_M0__top2,-13.445,-43.4955,9.675749999999983
DK1,combined_early_logit,count2023_target05,hour,0.0055,original_M0__top2,-13.089500000000001,-43.14505,10.040824999999982
DK1,combined_early_logit,count2023_target05,hour,0.006,original_M0__top2,-12.734,-42.794599999999996,10.405899999999981
DK1,combined_early_logit,count2023_target05,hour,0.006500000000000001,original_M0__top2,-12.378499999999999,-42.44415,10.770974999999982
DK1,combined_early_logit,count2023_target05,hour,0.007000000000000001,original_M0__top2,-12.023,-42.0937,11.136049999999983
DK1,combined_early_logit,count2023_target05,hour,0.0075,original_M0__top2,-11.6675,-41.743249999999996,11.501124999999982
DK1,combined_early_logit,count2023_target05,hour,0.008,original_M0__top2,-11.312000000000001,-41.392799999999994,11.866199999999983
DK1,combined_early_logit,count2023_target05,hour,0.0085,original_M0__top2,-10.956499999999998,-41.04235,12.231274999999984
DK1,combined_early_logit,count2023_target05,hour,0.009000000000000001,original_M0__top2,-10.600999999999999,-40.691900000000004,12.596349999999985
DK1,combined_early_logit,count2023_target05,hour,0.009500000000000001,original_M0__top2,-10.2455,-40.34145,12.961424999999986
DK1,combined_early_logit,count2023_target05,hour,0.01,original_M0__top2,-9.89,-39.991,13.326499999999985
DK1,combined_early_logit,count2023_target05,hour,0.0105,original_M0__top2,-9.5345,-39.64055,13.691574999999984
DK1,combined_early_logit,count2023_target05,hour,0.011000000000000001,original_M0__top2,-9.178999999999998,-39.2901,14.056649999999987
DK1,combined_early_logit,count2023_target05,hour,0.0115,original_M0__top2,-8.823500000000001,-38.93965,14.421724999999986
DK1,combined_early_logit,count2023_target05,hour,0.012,original_M0__top2,-8.468,-38.5892,14.786799999999987
DK1,combined_early_logit,count2023_target05,hour,0.0125,original_M0__top2,-8.112499999999999,-38.238749999999996,15.151874999999988
DK1,combined_early_logit,count2023_target05,hour,0.013000000000000001,original_M0__top2,-7.757,-37.8883,15.516949999999987
DK1,combined_early_logit,count2023_target05,hour,0.013500000000000002,original_M0__top2,-7.401499999999999,-37.53785,15.882024999999988
DK1,combined_early_logit,count2023_target05,hour,0.014,original_M0__top2,-7.045999999999999,-37.1874,16.24709999999999
DK1,combined_early_logit,count2023_target05,hour,0.0145,original_M0__top2,-6.6905,-36.836949999999995,16.612174999999986
DK1,combined_early_logit,count2023_target05,hour,0.015,original_M0__top2,-6.335000000000001,-36.4865,16.977249999999987
DK1,combined_early_logit,count2023_target05,hour,0.02,original_M0__top2,-2.7799999999999994,-32.982000000000006,20.627999999999993
DK1,combined_early_logit,count2023_target05,hour,0.03,original_M0__top2,4.329999999999998,-26.0935,27.9105
DK1,combined_early_logit,count2023_target05,hour,0.05,original_M0__top2,18.550000000000004,-11.953749999999996,42.45125
DK1,combined_early_logit,count2023_target05,hour,0.1,original_M0__top2,54.10000000000001,23.797499999999996,78.9025
DK1,combined_early_logit,count2023_target05,hour,0.2,original_M0__top2,125.20000000000002,94.595,151.4
DK1,combined_early_logit,count2023_target05,hour,0.25,original_M0__top2,160.75,130.24375,188.25
DK1,combined_early_logit,count2023_target05,hour,0.5,original_M0__top2,338.5,301.9875,374.025
DK1,combined_early_logit,count2023_target05,hour,1.0,original_M0__top2,694.0,641.975,748.025
DK1,combined_early_logit,fixed025,process,0.0,original_M0__top2,-32.0,-39.0,-22.0
DK1,combined_early_logit,fixed025,process,0.0005,original_M0__top2,-31.289,-38.297075,-21.294975
DK1,combined_early_logit,fixed025,process,0.001,original_M0__top2,-30.578,-37.59415,-20.589949999999998
DK1,combined_early_logit,fixed025,process,0.0015,original_M0__top2,-29.867,-36.891225,-19.884925
DK1,combined_early_logit,fixed025,process,0.002,original_M0__top2,-29.156,-36.188300000000005,-19.1799
DK1,combined_early_logit,fixed025,process,0.0025,original_M0__top2,-28.445,-35.485375,-18.474875
DK1,combined_early_logit,fixed025,process,0.003,original_M0__top2,-27.734,-34.78245,-17.769849999999998
DK1,combined_early_logit,fixed025,process,0.0035,original_M0__top2,-27.023,-34.079525000000004,-17.064825
DK1,combined_early_logit,fixed025,process,0.004,original_M0__top2,-26.312,-33.376599999999996,-16.3598
DK1,combined_early_logit,fixed025,process,0.0045000000000000005,original_M0__top2,-25.601,-32.673675,-15.654774999999999
DK1,combined_early_logit,fixed025,process,0.005000000000000001,original_M0__top2,-24.89,-31.97075,-14.94975
DK1,combined_early_logit,fixed025,process,0.0055,original_M0__top2,-24.179000000000002,-31.267825,-14.244725
DK1,combined_early_logit,fixed025,process,0.006,original_M0__top2,-23.468,-30.5649,-13.5397
DK1,combined_early_logit,fixed025,process,0.006500000000000001,original_M0__top2,-22.756999999999998,-29.861974999999997,-12.834674999999999
DK1,combined_early_logit,fixed025,process,0.007000000000000001,original_M0__top2,-22.046,-29.159049999999997,-12.12965
DK1,combined_early_logit,fixed025,process,0.0075,original_M0__top2,-21.335,-28.456124999999997,-11.424625
DK1,combined_early_logit,fixed025,process,0.008,original_M0__top2,-20.624000000000002,-27.7532,-10.719600000000002
DK1,combined_early_logit,fixed025,process,0.0085,original_M0__top2,-19.912999999999997,-27.050275,-10.014574999999999
DK1,combined_early_logit,fixed025,process,0.009000000000000001,original_M0__top2,-19.201999999999998,-26.347349999999995,-9.30955
DK1,combined_early_logit,fixed025,process,0.009500000000000001,original_M0__top2,-18.491,-25.644425,-8.604524999999999
DK1,combined_early_logit,fixed025,process,0.01,original_M0__top2,-17.78,-24.941499999999998,-7.899500000000001
DK1,combined_early_logit,fixed025,process,0.0105,original_M0__top2,-17.069,-24.238574999999997,-7.194474999999999
DK1,combined_early_logit,fixed025,process,0.011000000000000001,original_M0__top2,-16.357999999999997,-23.53565,-6.489449999999999
DK1,combined_early_logit,fixed025,process,0.0115,original_M0__top2,-15.647000000000002,-22.832725,-5.784425000000001
DK1,combined_early_logit,fixed025,process,0.012,original_M0__top2,-14.936,-22.1298,-5.079399999999999
DK1,combined_early_logit,fixed025,process,0.0125,original_M0__top2,-14.224999999999998,-21.426875,-4.374375000000001
DK1,combined_early_logit,fixed025,process,0.013000000000000001,original_M0__top2,-13.514,-20.72395,-3.669349999999999
DK1,combined_early_logit,fixed025,process,0.013500000000000002,original_M0__top2,-12.802999999999997,-20.021024999999998,-2.964324999999997
DK1,combined_early_logit,fixed025,process,0.014,original_M0__top2,-12.091999999999999,-19.318099999999998,-2.2592999999999988
DK1,combined_early_logit,fixed025,process,0.0145,original_M0__top2,-11.381,-18.615175,-1.5542750000000003
DK1,combined_early_logit,fixed025,process,0.015,original_M0__top2,-10.670000000000002,-17.91225,-0.8492500000000021
DK1,combined_early_logit,fixed025,process,0.02,original_M0__top2,-3.5599999999999987,-10.883,6.200999999999999
DK1,combined_early_logit,fixed025,process,0.03,original_M0__top2,10.659999999999997,3.1755,20.301499999999997
DK1,combined_early_logit,fixed025,process,0.05,original_M0__top2,39.10000000000001,31.34875000000001,48.551249999999996
DK1,combined_early_logit,fixed025,process,0.1,original_M0__top2,110.20000000000002,101.9975,120.0
DK1,combined_early_logit,fixed025,process,0.2,original_M0__top2,252.40000000000003,243.0,262.005
DK1,combined_early_logit,fixed025,process,0.25,original_M0__top2,323.5,313.5,333.00625
DK1,combined_early_logit,fixed025,process,0.5,original_M0__top2,679.0,664.5,690.5
DK1,combined_early_logit,fixed025,process,1.0,original_M0__top2,1390.0,1364.0,1407.0
DK1,combined_early_logit,fixed025,hour,0.0,original_M0__top2,-262.0,-312.0,-232.0
DK1,combined_early_logit,fixed025,hour,0.0005,original_M0__top2,-261.289,-311.295025,-231.2925
DK1,combined_early_logit,fixed025,hour,0.001,original_M0__top2,-260.578,-310.59004999999996,-230.585
DK1,combined_early_logit,fixed025,hour,0.0015,original_M0__top2,-259.867,-309.885075,-229.8775
DK1,combined_early_logit,fixed025,hour,0.002,original_M0__top2,-259.156,-309.1801,-229.17
DK1,combined_early_logit,fixed025,hour,0.0025,original_M0__top2,-258.445,-308.47512500000005,-228.4625
DK1,combined_early_logit,fixed025,hour,0.003,original_M0__top2,-257.734,-307.77015,-227.755
DK1,combined_early_logit,fixed025,hour,0.0035,original_M0__top2,-257.023,-307.065175,-227.0475
DK1,combined_early_logit,fixed025,hour,0.004,original_M0__top2,-256.312,-306.3602,-226.34
DK1,combined_early_logit,fixed025,hour,0.0045000000000000005,original_M0__top2,-255.601,-305.655225,-225.6325
DK1,combined_early_logit,fixed025,hour,0.005000000000000001,original_M0__top2,-254.89,-304.95025,-224.925
DK1,combined_early_logit,fixed025,hour,0.0055,original_M0__top2,-254.179,-304.245275,-224.2175
DK1,combined_early_logit,fixed025,hour,0.006,original_M0__top2,-253.468,-303.5403,-223.51
DK1,combined_early_logit,fixed025,hour,0.006500000000000001,original_M0__top2,-252.757,-302.83532499999995,-222.8025
DK1,combined_early_logit,fixed025,hour,0.007000000000000001,original_M0__top2,-252.046,-302.13035,-222.095
DK1,combined_early_logit,fixed025,hour,0.0075,original_M0__top2,-251.335,-301.42537500000003,-221.3875
DK1,combined_early_logit,fixed025,hour,0.008,original_M0__top2,-250.624,-300.72040000000004,-220.68
DK1,combined_early_logit,fixed025,hour,0.0085,original_M0__top2,-249.913,-300.015425,-219.9725
DK1,combined_early_logit,fixed025,hour,0.009000000000000001,original_M0__top2,-249.202,-299.31045,-219.265
DK1,combined_early_logit,fixed025,hour,0.009500000000000001,original_M0__top2,-248.49099999999999,-298.605475,-218.5575
DK1,combined_early_logit,fixed025,hour,0.01,original_M0__top2,-247.78,-297.90049999999997,-217.85
DK1,combined_early_logit,fixed025,hour,0.0105,original_M0__top2,-247.069,-297.195525,-217.14249999999998
DK1,combined_early_logit,fixed025,hour,0.011000000000000001,original_M0__top2,-246.358,-296.49055,-216.435
DK1,combined_early_logit,fixed025,hour,0.0115,original_M0__top2,-245.647,-295.78557500000005,-215.7275
DK1,combined_early_logit,fixed025,hour,0.012,original_M0__top2,-244.936,-295.0806,-215.02
DK1,combined_early_logit,fixed025,hour,0.0125,original_M0__top2,-244.225,-294.375625,-214.3125
DK1,combined_early_logit,fixed025,hour,0.013000000000000001,original_M0__top2,-243.514,-293.67065,-213.605
DK1,combined_early_logit,fixed025,hour,0.013500000000000002,original_M0__top2,-242.803,-292.965675,-212.8975
DK1,combined_early_logit,fixed025,hour,0.014,original_M0__top2,-242.09199999999998,-292.2607,-212.19
DK1,combined_early_logit,fixed025,hour,0.0145,original_M0__top2,-241.381,-291.555725,-211.4825
DK1,combined_early_logit,fixed025,hour,0.015,original_M0__top2,-240.67000000000002,-290.85075,-210.775
DK1,combined_early_logit,fixed025,hour,0.02,original_M0__top2,-233.56,-283.801,-203.7
DK1,combined_early_logit,fixed025,hour,0.03,original_M0__top2,-219.34,-269.7015,-189.55
DK1,combined_early_logit,fixed025,hour,0.05,original_M0__top2,-190.89999999999998,-240.96374999999998,-161.25
DK1,combined_early_logit,fixed025,hour,0.1,original_M0__top2,-119.79999999999998,-169.34249999999997,-90.5
DK1,combined_early_logit,fixed025,hour,0.2,original_M0__top2,22.400000000000034,-29.025,51.610000000000014
DK1,combined_early_logit,fixed025,hour,0.25,original_M0__top2,93.5,40.74375,122.75625
DK1,combined_early_logit,fixed025,hour,0.5,original_M0__top2,449.0,393.5,478.5125
DK1,combined_early_logit,fixed025,hour,1.0,original_M0__top2,1160.0,1099.0,1190.025
DK1,combined_early_logit,count2022_cool6,process,0.0,original_M0__top2,6.0,-3.0,15.0
DK1,combined_early_logit,count2022_cool6,process,0.0005,original_M0__top2,6.411,-2.5681000000000003,15.4275625
DK1,combined_early_logit,count2022_cool6,process,0.001,original_M0__top2,6.822,-2.1362,15.855125000000001
DK1,combined_early_logit,count2022_cool6,process,0.0015,original_M0__top2,7.2330000000000005,-1.7043,16.282687499999998
DK1,combined_early_logit,count2022_cool6,process,0.002,original_M0__top2,7.644,-1.2724,16.710250000000002
DK1,combined_early_logit,count2022_cool6,process,0.0025,original_M0__top2,8.055,-0.8404999999999998,17.1378125
DK1,combined_early_logit,count2022_cool6,process,0.003,original_M0__top2,8.466000000000001,-0.4085999999999999,17.565375
DK1,combined_early_logit,count2022_cool6,process,0.0035,original_M0__top2,8.877,0.02330000000000006,17.9929375
DK1,combined_early_logit,count2022_cool6,process,0.004,original_M0__top2,9.288,0.4552,18.4205
DK1,combined_early_logit,count2022_cool6,process,0.0045000000000000005,original_M0__top2,9.699,0.8871000000000004,18.8480625
DK1,combined_early_logit,count2022_cool6,process,0.005000000000000001,original_M0__top2,10.110000000000001,1.3190000000000013,19.275625
DK1,combined_early_logit,count2022_cool6,process,0.0055,original_M0__top2,10.521,1.7509,19.7031875
DK1,combined_early_logit,count2022_cool6,process,0.006,original_M0__top2,10.932,2.1828000000000003,20.13075
DK1,combined_early_logit,count2022_cool6,process,0.006500000000000001,original_M0__top2,11.343,2.6147000000000005,20.5583125
DK1,combined_early_logit,count2022_cool6,process,0.007000000000000001,original_M0__top2,11.754000000000001,3.046600000000001,20.985875
DK1,combined_early_logit,count2022_cool6,process,0.0075,original_M0__top2,12.165,3.4784999999999995,21.4134375
DK1,combined_early_logit,count2022_cool6,process,0.008,original_M0__top2,12.576,3.9104,21.840999999999998
DK1,combined_early_logit,count2022_cool6,process,0.0085,original_M0__top2,12.987,4.342300000000001,22.2685625
DK1,combined_early_logit,count2022_cool6,process,0.009000000000000001,original_M0__top2,13.398,4.7742,22.696125
DK1,combined_early_logit,count2022_cool6,process,0.009500000000000001,original_M0__top2,13.809000000000001,5.206100000000002,23.123687500000003
DK1,combined_early_logit,count2022_cool6,process,0.01,original_M0__top2,14.22,5.638000000000001,23.55125
DK1,combined_early_logit,count2022_cool6,process,0.0105,original_M0__top2,14.631,6.031387500000001,23.978812499999997
DK1,combined_early_logit,count2022_cool6,process,0.011000000000000001,original_M0__top2,15.042000000000002,6.415975,24.406375
DK1,combined_early_logit,count2022_cool6,process,0.0115,original_M0__top2,15.453,6.8428375,24.833937499999998
DK1,combined_early_logit,count2022_cool6,process,0.012,original_M0__top2,15.864,7.2697,25.261499999999998
DK1,combined_early_logit,count2022_cool6,process,0.0125,original_M0__top2,16.275,7.6965625000000015,25.6890625
DK1,combined_early_logit,count2022_cool6,process,0.013000000000000001,original_M0__top2,16.686,8.123425000000001,26.116625
DK1,combined_early_logit,count2022_cool6,process,0.013500000000000002,original_M0__top2,17.097,8.550287500000001,26.544187500000003
DK1,combined_early_logit,count2022_cool6,process,0.014,original_M0__top2,17.508000000000003,8.9557,26.971749999999997
DK1,combined_early_logit,count2022_cool6,process,0.0145,original_M0__top2,17.919,9.346975,27.398575
DK1,combined_early_logit,count2022_cool6,process,0.015,original_M0__top2,18.33,9.738249999999999,27.82525
DK1,combined_early_logit,count2022_cool6,process,0.02,original_M0__top2,22.44,13.659,31.881500000000003
DK1,combined_early_logit,count2022_cool6,process,0.03,original_M0__top2,30.66,21.784499999999998,40.035
DK1,combined_early_logit,count2022_cool6,process,0.05,original_M0__top2,47.1,37.698750000000004,56.651250000000005
DK1,combined_early_logit,count2022_cool6,process,0.1,original_M0__top2,88.2,77.9,98.30000000000001
DK1,combined_early_logit,count2022_cool6,process,0.2,original_M0__top2,170.4,156.995,182.60000000000002
DK1,combined_early_logit,count2022_cool6,process,0.25,original_M0__top2,211.5,196.5,224.75625
DK1,combined_early_logit,count2022_cool6,process,0.5,original_M0__top2,417.0,390.4875,438.0125
DK1,combined_early_logit,count2022_cool6,process,1.0,original_M0__top2,828.0,777.0,867.0
DK1,combined_early_logit,count2022_cool6,hour,0.0,original_M0__top2,-66.0,-97.0,-43.0
DK1,combined_early_logit,count2022_cool6,hour,0.0005,original_M0__top2,-65.589,-96.5810625,-42.6132
DK1,combined_early_logit,count2022_cool6,hour,0.001,original_M0__top2,-65.178,-96.162125,-42.2264
DK1,combined_early_logit,count2022_cool6,hour,0.0015,original_M0__top2,-64.767,-95.74318749999999,-41.8396
DK1,combined_early_logit,count2022_cool6,hour,0.002,original_M0__top2,-64.356,-95.32424999999999,-41.4528
DK1,combined_early_logit,count2022_cool6,hour,0.0025,original_M0__top2,-63.945,-94.90531250000001,-41.066
DK1,combined_early_logit,count2022_cool6,hour,0.003,original_M0__top2,-63.534,-94.48637500000001,-40.6792
DK1,combined_early_logit,count2022_cool6,hour,0.0035,original_M0__top2,-63.123,-94.0674375,-40.2924
DK1,combined_early_logit,count2022_cool6,hour,0.004,original_M0__top2,-62.712,-93.6485,-39.90560000000001
DK1,combined_early_logit,count2022_cool6,hour,0.0045000000000000005,original_M0__top2,-62.301,-93.2295625,-39.518800000000006
DK1,combined_early_logit,count2022_cool6,hour,0.005000000000000001,original_M0__top2,-61.89,-92.810625,-39.132
DK1,combined_early_logit,count2022_cool6,hour,0.0055,original_M0__top2,-61.479,-92.3916875,-38.745200000000004
DK1,combined_early_logit,count2022_cool6,hour,0.006,original_M0__top2,-61.068,-91.97274999999999,-38.3584
DK1,combined_early_logit,count2022_cool6,hour,0.006500000000000001,original_M0__top2,-60.657,-91.55381249999999,-37.9716
DK1,combined_early_logit,count2022_cool6,hour,0.007000000000000001,original_M0__top2,-60.246,-91.134875,-37.5848
DK1,combined_early_logit,count2022_cool6,hour,0.0075,original_M0__top2,-59.835,-90.71593750000001,-37.19800000000001
DK1,combined_early_logit,count2022_cool6,hour,0.008,original_M0__top2,-59.424,-90.29700000000001,-36.81120000000001
DK1,combined_early_logit,count2022_cool6,hour,0.0085,original_M0__top2,-59.013,-89.8780625,-36.4244
DK1,combined_early_logit,count2022_cool6,hour,0.009000000000000001,original_M0__top2,-58.602,-89.459125,-36.037600000000005
DK1,combined_early_logit,count2022_cool6,hour,0.009500000000000001,original_M0__top2,-58.191,-89.0401875,-35.650800000000004
DK1,combined_early_logit,count2022_cool6,hour,0.01,original_M0__top2,-57.78,-88.62125,-35.264
DK1,combined_early_logit,count2022_cool6,hour,0.0105,original_M0__top2,-57.369,-88.20231249999999,-34.8772
DK1,combined_early_logit,count2022_cool6,hour,0.011000000000000001,original_M0__top2,-56.958,-87.78337499999999,-34.49040000000001
DK1,combined_early_logit,count2022_cool6,hour,0.0115,original_M0__top2,-56.547,-87.3644375,-34.10360000000001
DK1,combined_early_logit,count2022_cool6,hour,0.012,original_M0__top2,-56.135999999999996,-86.9455,-33.71680000000001
DK1,combined_early_logit,count2022_cool6,hour,0.0125,original_M0__top2,-55.725,-86.52656250000001,-33.330000000000005
DK1,combined_early_logit,count2022_cool6,hour,0.013000000000000001,original_M0__top2,-55.314,-86.107625,-32.94222500000001
DK1,combined_early_logit,count2022_cool6,hour,0.013500000000000002,original_M0__top2,-54.903,-85.6886875,-32.51788750000001
DK1,combined_early_logit,count2022_cool6,hour,0.014,original_M0__top2,-54.492,-85.29119999999999,-32.09355000000001
DK1,combined_early_logit,count2022_cool6,hour,0.0145,original_M0__top2,-54.081,-84.90785,-31.669212500000004
DK1,combined_early_logit,count2022_cool6,hour,0.015,original_M0__top2,-53.67,-84.5055,-31.244875000000004
DK1,combined_early_logit,count2022_cool6,hour,0.02,original_M0__top2,-49.56,-80.384,-27.059000000000005
DK1,combined_early_logit,count2022_cool6,hour,0.03,original_M0__top2,-41.34,-72.3165,-19.0285
DK1,combined_early_logit,count2022_cool6,hour,0.05,original_M0__top2,-24.9,-55.958749999999995,-2.6437500000000043
DK1,combined_early_logit,count2022_cool6,hour,0.1,original_M0__top2,16.200000000000003,-15.607499999999995,38.80500000000001
DK1,combined_early_logit,count2022_cool6,hour,0.2,original_M0__top2,98.4,64.20000000000002,122.005
DK1,combined_early_logit,count2022_cool6,hour,0.25,original_M0__top2,139.5,104.20625,164.0125
DK1,combined_early_logit,count2022_cool6,hour,0.5,original_M0__top2,345.0,300.9875,373.0
DK1,combined_early_logit,count2022_cool6,hour,1.0,original_M0__top2,756.0,689.0,798.0
DK1,combined_early_logit,count2023_cool6,process,0.0,original_M0__top2,6.0,-3.0,15.0
DK1,combined_early_logit,count2023_cool6,process,0.0005,original_M0__top2,6.411,-2.5681000000000003,15.4275625
DK1,combined_early_logit,count2023_cool6,process,0.001,original_M0__top2,6.822,-2.1362,15.855125000000001
DK1,combined_early_logit,count2023_cool6,process,0.0015,original_M0__top2,7.2330000000000005,-1.7043,16.282687499999998
DK1,combined_early_logit,count2023_cool6,process,0.002,original_M0__top2,7.644,-1.2724,16.710250000000002
DK1,combined_early_logit,count2023_cool6,process,0.0025,original_M0__top2,8.055,-0.8404999999999998,17.1378125
DK1,combined_early_logit,count2023_cool6,process,0.003,original_M0__top2,8.466000000000001,-0.4085999999999999,17.565375
DK1,combined_early_logit,count2023_cool6,process,0.0035,original_M0__top2,8.877,0.02330000000000006,17.9929375
DK1,combined_early_logit,count2023_cool6,process,0.004,original_M0__top2,9.288,0.4552,18.4205
DK1,combined_early_logit,count2023_cool6,process,0.0045000000000000005,original_M0__top2,9.699,0.8871000000000004,18.8480625
DK1,combined_early_logit,count2023_cool6,process,0.005000000000000001,original_M0__top2,10.110000000000001,1.3190000000000013,19.275625
DK1,combined_early_logit,count2023_cool6,process,0.0055,original_M0__top2,10.521,1.7509,19.7031875
DK1,combined_early_logit,count2023_cool6,process,0.006,original_M0__top2,10.932,2.1828000000000003,20.13075
DK1,combined_early_logit,count2023_cool6,process,0.006500000000000001,original_M0__top2,11.343,2.6147000000000005,20.5583125
DK1,combined_early_logit,count2023_cool6,process,0.007000000000000001,original_M0__top2,11.754000000000001,3.046600000000001,20.985875
DK1,combined_early_logit,count2023_cool6,process,0.0075,original_M0__top2,12.165,3.4784999999999995,21.4134375
DK1,combined_early_logit,count2023_cool6,process,0.008,original_M0__top2,12.576,3.9104,21.840999999999998
DK1,combined_early_logit,count2023_cool6,process,0.0085,original_M0__top2,12.987,4.342300000000001,22.2685625
DK1,combined_early_logit,count2023_cool6,process,0.009000000000000001,original_M0__top2,13.398,4.7742,22.696125
DK1,combined_early_logit,count2023_cool6,process,0.009500000000000001,original_M0__top2,13.809000000000001,5.206100000000002,23.123687500000003
DK1,combined_early_logit,count2023_cool6,process,0.01,original_M0__top2,14.22,5.638000000000001,23.55125
DK1,combined_early_logit,count2023_cool6,process,0.0105,original_M0__top2,14.631,6.031387500000001,23.978812499999997
DK1,combined_early_logit,count2023_cool6,process,0.011000000000000001,original_M0__top2,15.042000000000002,6.415975,24.406375
DK1,combined_early_logit,count2023_cool6,process,0.0115,original_M0__top2,15.453,6.8428375,24.833937499999998
DK1,combined_early_logit,count2023_cool6,process,0.012,original_M0__top2,15.864,7.2697,25.261499999999998
DK1,combined_early_logit,count2023_cool6,process,0.0125,original_M0__top2,16.275,7.6965625000000015,25.6890625
DK1,combined_early_logit,count2023_cool6,process,0.013000000000000001,original_M0__top2,16.686,8.123425000000001,26.116625
DK1,combined_early_logit,count2023_cool6,process,0.013500000000000002,original_M0__top2,17.097,8.550287500000001,26.544187500000003
DK1,combined_early_logit,count2023_cool6,process,0.014,original_M0__top2,17.508000000000003,8.9557,26.971749999999997
DK1,combined_early_logit,count2023_cool6,process,0.0145,original_M0__top2,17.919,9.346975,27.398575
DK1,combined_early_logit,count2023_cool6,process,0.015,original_M0__top2,18.33,9.738249999999999,27.82525
DK1,combined_early_logit,count2023_cool6,process,0.02,original_M0__top2,22.44,13.659,31.881500000000003
DK1,combined_early_logit,count2023_cool6,process,0.03,original_M0__top2,30.66,21.784499999999998,40.035
DK1,combined_early_logit,count2023_cool6,process,0.05,original_M0__top2,47.1,37.698750000000004,56.651250000000005
DK1,combined_early_logit,count2023_cool6,process,0.1,original_M0__top2,88.2,77.9,98.30000000000001
DK1,combined_early_logit,count2023_cool6,process,0.2,original_M0__top2,170.4,156.995,182.60000000000002
DK1,combined_early_logit,count2023_cool6,process,0.25,original_M0__top2,211.5,196.5,224.75625
DK1,combined_early_logit,count2023_cool6,process,0.5,original_M0__top2,417.0,390.4875,438.0125
DK1,combined_early_logit,count2023_cool6,process,1.0,original_M0__top2,828.0,777.0,867.0
DK1,combined_early_logit,count2023_cool6,hour,0.0,original_M0__top2,-66.0,-97.0,-43.0
DK1,combined_early_logit,count2023_cool6,hour,0.0005,original_M0__top2,-65.589,-96.5810625,-42.6132
DK1,combined_early_logit,count2023_cool6,hour,0.001,original_M0__top2,-65.178,-96.162125,-42.2264
DK1,combined_early_logit,count2023_cool6,hour,0.0015,original_M0__top2,-64.767,-95.74318749999999,-41.8396
DK1,combined_early_logit,count2023_cool6,hour,0.002,original_M0__top2,-64.356,-95.32424999999999,-41.4528
DK1,combined_early_logit,count2023_cool6,hour,0.0025,original_M0__top2,-63.945,-94.90531250000001,-41.066
DK1,combined_early_logit,count2023_cool6,hour,0.003,original_M0__top2,-63.534,-94.48637500000001,-40.6792
DK1,combined_early_logit,count2023_cool6,hour,0.0035,original_M0__top2,-63.123,-94.0674375,-40.2924
DK1,combined_early_logit,count2023_cool6,hour,0.004,original_M0__top2,-62.712,-93.6485,-39.90560000000001
DK1,combined_early_logit,count2023_cool6,hour,0.0045000000000000005,original_M0__top2,-62.301,-93.2295625,-39.518800000000006
DK1,combined_early_logit,count2023_cool6,hour,0.005000000000000001,original_M0__top2,-61.89,-92.810625,-39.132
DK1,combined_early_logit,count2023_cool6,hour,0.0055,original_M0__top2,-61.479,-92.3916875,-38.745200000000004
DK1,combined_early_logit,count2023_cool6,hour,0.006,original_M0__top2,-61.068,-91.97274999999999,-38.3584
DK1,combined_early_logit,count2023_cool6,hour,0.006500000000000001,original_M0__top2,-60.657,-91.55381249999999,-37.9716
DK1,combined_early_logit,count2023_cool6,hour,0.007000000000000001,original_M0__top2,-60.246,-91.134875,-37.5848
DK1,combined_early_logit,count2023_cool6,hour,0.0075,original_M0__top2,-59.835,-90.71593750000001,-37.19800000000001
DK1,combined_early_logit,count2023_cool6,hour,0.008,original_M0__top2,-59.424,-90.29700000000001,-36.81120000000001
DK1,combined_early_logit,count2023_cool6,hour,0.0085,original_M0__top2,-59.013,-89.8780625,-36.4244
DK1,combined_early_logit,count2023_cool6,hour,0.009000000000000001,original_M0__top2,-58.602,-89.459125,-36.037600000000005
DK1,combined_early_logit,count2023_cool6,hour,0.009500000000000001,original_M0__top2,-58.191,-89.0401875,-35.650800000000004
DK1,combined_early_logit,count2023_cool6,hour,0.01,original_M0__top2,-57.78,-88.62125,-35.264
DK1,combined_early_logit,count2023_cool6,hour,0.0105,original_M0__top2,-57.369,-88.20231249999999,-34.8772
DK1,combined_early_logit,count2023_cool6,hour,0.011000000000000001,original_M0__top2,-56.958,-87.78337499999999,-34.49040000000001
DK1,combined_early_logit,count2023_cool6,hour,0.0115,original_M0__top2,-56.547,-87.3644375,-34.10360000000001
DK1,combined_early_logit,count2023_cool6,hour,0.012,original_M0__top2,-56.135999999999996,-86.9455,-33.71680000000001
DK1,combined_early_logit,count2023_cool6,hour,0.0125,original_M0__top2,-55.725,-86.52656250000001,-33.330000000000005
DK1,combined_early_logit,count2023_cool6,hour,0.013000000000000001,original_M0__top2,-55.314,-86.107625,-32.94222500000001
DK1,combined_early_logit,count2023_cool6,hour,0.013500000000000002,original_M0__top2,-54.903,-85.6886875,-32.51788750000001
DK1,combined_early_logit,count2023_cool6,hour,0.014,original_M0__top2,-54.492,-85.29119999999999,-32.09355000000001
DK1,combined_early_logit,count2023_cool6,hour,0.0145,original_M0__top2,-54.081,-84.90785,-31.669212500000004
DK1,combined_early_logit,count2023_cool6,hour,0.015,original_M0__top2,-53.67,-84.5055,-31.244875000000004
DK1,combined_early_logit,count2023_cool6,hour,0.02,original_M0__top2,-49.56,-80.384,-27.059000000000005
DK1,combined_early_logit,count2023_cool6,hour,0.03,original_M0__top2,-41.34,-72.3165,-19.0285
DK1,combined_early_logit,count2023_cool6,hour,0.05,original_M0__top2,-24.9,-55.958749999999995,-2.6437500000000043
DK1,combined_early_logit,count2023_cool6,hour,0.1,original_M0__top2,16.200000000000003,-15.607499999999995,38.80500000000001
DK1,combined_early_logit,count2023_cool6,hour,0.2,original_M0__top2,98.4,64.20000000000002,122.005
DK1,combined_early_logit,count2023_cool6,hour,0.25,original_M0__top2,139.5,104.20625,164.0125
DK1,combined_early_logit,count2023_cool6,hour,0.5,original_M0__top2,345.0,300.9875,373.0
DK1,combined_early_logit,count2023_cool6,hour,1.0,original_M0__top2,756.0,689.0,798.0
DK1,combined_hour_logit,top1,process,0.0,original_M0__top2,-3.0,-8.0,5.0
DK1,combined_hour_logit,top1,process,0.0005,original_M0__top2,-2.6375,-7.6385,5.3620125000000005
DK1,combined_hour_logit,top1,process,0.001,original_M0__top2,-2.275,-7.277,5.724025
DK1,combined_hour_logit,top1,process,0.0015,original_M0__top2,-1.9124999999999999,-6.9155,6.086037500000001
DK1,combined_hour_logit,top1,process,0.002,original_M0__top2,-1.55,-6.554,6.44805
DK1,combined_hour_logit,top1,process,0.0025,original_M0__top2,-1.1875,-6.1925,6.810062500000001
DK1,combined_hour_logit,top1,process,0.003,original_M0__top2,-0.8249999999999997,-5.8309999999999995,7.172075
DK1,combined_hour_logit,top1,process,0.0035,original_M0__top2,-0.4624999999999999,-5.4695,7.534087500000001
DK1,combined_hour_logit,top1,process,0.004,original_M0__top2,-0.10000000000000009,-5.1080000000000005,7.8961
DK1,combined_hour_logit,top1,process,0.0045000000000000005,original_M0__top2,0.2625000000000002,-4.746499999999999,8.258112500000001
DK1,combined_hour_logit,top1,process,0.005000000000000001,original_M0__top2,0.6250000000000009,-4.385,8.620125000000002
DK1,combined_hour_logit,top1,process,0.0055,original_M0__top2,0.9874999999999998,-4.0235,8.982137499999999
DK1,combined_hour_logit,top1,process,0.006,original_M0__top2,1.3500000000000005,-3.662,9.34415
DK1,combined_hour_logit,top1,process,0.006500000000000001,original_M0__top2,1.7125000000000004,-3.3004999999999995,9.7061625
DK1,combined_hour_logit,top1,process,0.007000000000000001,original_M0__top2,2.075000000000001,-2.938999999999999,10.068175000000002
DK1,combined_hour_logit,top1,process,0.0075,original_M0__top2,2.4375,-2.5775000000000006,10.430187499999999
DK1,combined_hour_logit,top1,process,0.008,original_M0__top2,2.8,-2.216,10.7922
DK1,combined_hour_logit,top1,process,0.0085,original_M0__top2,3.1625000000000005,-1.8544999999999998,11.1542125
DK1,combined_hour_logit,top1,process,0.009000000000000001,original_M0__top2,3.5250000000000004,-1.4929999999999994,11.516225000000002
DK1,combined_hour_logit,top1,process,0.009500000000000001,original_M0__top2,3.887500000000001,-1.131499999999999,11.8782375
DK1,combined_hour_logit,top1,process,0.01,original_M0__top2,4.25,-0.7699999999999996,12.24025
DK1,combined_hour_logit,top1,process,0.0105,original_M0__top2,4.612500000000001,-0.4084999999999992,12.6022625
DK1,combined_hour_logit,top1,process,0.011000000000000001,original_M0__top2,4.9750000000000005,-0.04699999999999882,12.964275
DK1,combined_hour_logit,top1,process,0.0115,original_M0__top2,5.3375,0.31450000000000067,13.3262875
DK1,combined_hour_logit,top1,process,0.012,original_M0__top2,5.700000000000001,0.6760000000000002,13.6883
DK1,combined_hour_logit,top1,process,0.0125,original_M0__top2,6.0625,1.0374999999999996,14.0503125
DK1,combined_hour_logit,top1,process,0.013000000000000001,original_M0__top2,6.425000000000001,1.399000000000001,14.412325000000001
DK1,combined_hour_logit,top1,process,0.013500000000000002,original_M0__top2,6.787500000000001,1.7605000000000004,14.774337500000001
DK1,combined_hour_logit,top1,process,0.014,original_M0__top2,7.15,2.122,15.13635
DK1,combined_hour_logit,top1,process,0.0145,original_M0__top2,7.512500000000001,2.483500000000001,15.4983625
DK1,combined_hour_logit,top1,process,0.015,original_M0__top2,7.875,2.844999999999999,15.860375
DK1,combined_hour_logit,top1,process,0.02,original_M0__top2,11.5,6.460000000000001,19.4805
DK1,combined_hour_logit,top1,process,0.03,original_M0__top2,18.75,13.689999999999998,26.72075
DK1,combined_hour_logit,top1,process,0.05,original_M0__top2,33.25,28.15,41.20125
DK1,combined_hour_logit,top1,process,0.1,original_M0__top2,69.5,64.3,77.4025
DK1,combined_hour_logit,top1,process,0.2,original_M0__top2,142.0,136.6,149.805
DK1,combined_hour_logit,top1,process,0.25,original_M0__top2,178.25,172.75,186.00625
DK1,combined_hour_logit,top1,process,0.5,original_M0__top2,359.5,353.5,367.0
DK1,combined_hour_logit,top1,process,1.0,original_M0__top2,722.0,714.0,730.0
DK1,combined_hour_logit,top1,hour,0.0,original_M0__top2,-125.0,-157.0,-108.0
DK1,combined_hour_logit,top1,hour,0.0005,original_M0__top2,-124.6375,-156.6370375,-107.63896249999999
DK1,combined_hour_logit,top1,hour,0.001,original_M0__top2,-124.275,-156.274075,-107.27792500000001
DK1,combined_hour_logit,top1,hour,0.0015,original_M0__top2,-123.9125,-155.9111125,-106.9168875
DK1,combined_hour_logit,top1,hour,0.002,original_M0__top2,-123.55,-155.54815,-106.55584999999999
DK1,combined_hour_logit,top1,hour,0.0025,original_M0__top2,-123.1875,-155.1851875,-106.1948125
DK1,combined_hour_logit,top1,hour,0.003,original_M0__top2,-122.825,-154.822225,-105.833775
DK1,combined_hour_logit,top1,hour,0.0035,original_M0__top2,-122.4625,-154.4592625,-105.4727375
DK1,combined_hour_logit,top1,hour,0.004,original_M0__top2,-122.1,-154.0963,-105.1117
DK1,combined_hour_logit,top1,hour,0.0045000000000000005,original_M0__top2,-121.7375,-153.7333375,-104.7506625
DK1,combined_hour_logit,top1,hour,0.005000000000000001,original_M0__top2,-121.375,-153.370375,-104.389625
DK1,combined_hour_logit,top1,hour,0.0055,original_M0__top2,-121.0125,-153.00741250000002,-104.0285875
DK1,combined_hour_logit,top1,hour,0.006,original_M0__top2,-120.65,-152.64445,-103.66755
DK1,combined_hour_logit,top1,hour,0.006500000000000001,original_M0__top2,-120.2875,-152.2814875,-103.3065125
DK1,combined_hour_logit,top1,hour,0.007000000000000001,original_M0__top2,-119.925,-151.91852500000002,-102.945475
DK1,combined_hour_logit,top1,hour,0.0075,original_M0__top2,-119.5625,-151.5555625,-102.58443749999999
DK1,combined_hour_logit,top1,hour,0.008,original_M0__top2,-119.2,-151.1926,-102.2234
DK1,combined_hour_logit,top1,hour,0.0085,original_M0__top2,-118.8375,-150.82963750000002,-101.8623625
DK1,combined_hour_logit,top1,hour,0.009000000000000001,original_M0__top2,-118.475,-150.466675,-101.501325
DK1,combined_hour_logit,top1,hour,0.009500000000000001,original_M0__top2,-118.1125,-150.1037125,-101.1402875
DK1,combined_hour_logit,top1,hour,0.01,original_M0__top2,-117.75,-149.74075000000002,-100.77925
DK1,combined_hour_logit,top1,hour,0.0105,original_M0__top2,-117.3875,-149.3777875,-100.4182125
DK1,combined_hour_logit,top1,hour,0.011000000000000001,original_M0__top2,-117.025,-149.014825,-100.057175
DK1,combined_hour_logit,top1,hour,0.0115,original_M0__top2,-116.6625,-148.65186250000002,-99.6961375
DK1,combined_hour_logit,top1,hour,0.012,original_M0__top2,-116.3,-148.2889,-99.3351
DK1,combined_hour_logit,top1,hour,0.0125,original_M0__top2,-115.9375,-147.9259375,-98.9740625
DK1,combined_hour_logit,top1,hour,0.013000000000000001,original_M0__top2,-115.575,-147.56297500000002,-98.61302500000001
DK1,combined_hour_logit,top1,hour,0.013500000000000002,original_M0__top2,-115.2125,-147.2000125,-98.2519875
DK1,combined_hour_logit,top1,hour,0.014,original_M0__top2,-114.85,-146.83705,-97.89095
DK1,combined_hour_logit,top1,hour,0.0145,original_M0__top2,-114.4875,-146.47408750000002,-97.52991250000001
DK1,combined_hour_logit,top1,hour,0.015,original_M0__top2,-114.125,-146.11112500000002,-97.168875
DK1,combined_hour_logit,top1,hour,0.02,original_M0__top2,-110.5,-142.48149999999998,-93.55850000000001
DK1,combined_hour_logit,top1,hour,0.03,original_M0__top2,-103.25,-135.22225,-86.33775
DK1,combined_hour_logit,top1,hour,0.05,original_M0__top2,-88.75,-120.70374999999999,-71.89625000000001
DK1,combined_hour_logit,top1,hour,0.1,original_M0__top2,-52.5,-84.40749999999998,-35.792500000000004
DK1,combined_hour_logit,top1,hour,0.2,original_M0__top2,20.0,-11.814999999999984,36.609999999999985
DK1,combined_hour_logit,top1,hour,0.25,original_M0__top2,56.25,24.481250000000003,73.00625
DK1,combined_hour_logit,top1,hour,0.5,original_M0__top2,237.5,205.4875,254.5
DK1,combined_hour_logit,top1,hour,1.0,original_M0__top2,600.0,567.0,617.0
DK1,combined_hour_logit,top2,process,0.0,original_M0__top2,5.0,0.0,12.0
DK1,combined_hour_logit,top2,process,0.0005,original_M0__top2,5.0,0.0,12.0
DK1,combined_hour_logit,top2,process,0.001,original_M0__top2,5.0,0.0,12.0
DK1,combined_hour_logit,top2,process,0.0015,original_M0__top2,5.0,0.0,12.0
DK1,combined_hour_logit,top2,process,0.002,original_M0__top2,5.0,0.0,12.0
DK1,combined_hour_logit,top2,process,0.0025,original_M0__top2,5.0,0.0,12.0
DK1,combined_hour_logit,top2,process,0.003,original_M0__top2,5.0,0.0,12.0
DK1,combined_hour_logit,top2,process,0.0035,original_M0__top2,5.0,0.0,12.0
DK1,combined_hour_logit,top2,process,0.004,original_M0__top2,5.0,0.0,12.0
DK1,combined_hour_logit,top2,process,0.0045000000000000005,original_M0__top2,5.0,0.0,12.0
DK1,combined_hour_logit,top2,process,0.005000000000000001,original_M0__top2,5.0,0.0,12.0
DK1,combined_hour_logit,top2,process,0.0055,original_M0__top2,5.0,0.0,12.0
DK1,combined_hour_logit,top2,process,0.006,original_M0__top2,5.0,0.0,12.0
DK1,combined_hour_logit,top2,process,0.006500000000000001,original_M0__top2,5.0,0.0,12.0
DK1,combined_hour_logit,top2,process,0.007000000000000001,original_M0__top2,5.0,0.0,12.0
DK1,combined_hour_logit,top2,process,0.0075,original_M0__top2,5.0,0.0,12.0
DK1,combined_hour_logit,top2,process,0.008,original_M0__top2,5.0,0.0,12.0
DK1,combined_hour_logit,top2,process,0.0085,original_M0__top2,5.0,0.0,12.0
DK1,combined_hour_logit,top2,process,0.009000000000000001,original_M0__top2,5.0,0.0,12.0
DK1,combined_hour_logit,top2,process,0.009500000000000001,original_M0__top2,5.0,0.0,12.0
DK1,combined_hour_logit,top2,process,0.01,original_M0__top2,5.0,0.0,12.0
DK1,combined_hour_logit,top2,process,0.0105,original_M0__top2,5.0,0.0,12.0
DK1,combined_hour_logit,top2,process,0.011000000000000001,original_M0__top2,5.0,0.0,12.0
DK1,combined_hour_logit,top2,process,0.0115,original_M0__top2,5.0,0.0,12.0
DK1,combined_hour_logit,top2,process,0.012,original_M0__top2,5.0,0.0,12.0
DK1,combined_hour_logit,top2,process,0.0125,original_M0__top2,5.0,0.0,12.0
DK1,combined_hour_logit,top2,process,0.013000000000000001,original_M0__top2,5.0,0.0,12.0
DK1,combined_hour_logit,top2,process,0.013500000000000002,original_M0__top2,5.0,0.0,12.0
DK1,combined_hour_logit,top2,process,0.014,original_M0__top2,5.0,0.0,12.0
DK1,combined_hour_logit,top2,process,0.0145,original_M0__top2,5.0,0.0,12.0
DK1,combined_hour_logit,top2,process,0.015,original_M0__top2,5.0,0.0,12.0
DK1,combined_hour_logit,top2,process,0.02,original_M0__top2,5.0,0.0,12.0
DK1,combined_hour_logit,top2,process,0.03,original_M0__top2,5.0,0.0,12.0
DK1,combined_hour_logit,top2,process,0.05,original_M0__top2,5.0,0.0,12.0
DK1,combined_hour_logit,top2,process,0.1,original_M0__top2,5.0,0.0,12.0
DK1,combined_hour_logit,top2,process,0.2,original_M0__top2,5.0,0.0,12.0
DK1,combined_hour_logit,top2,process,0.25,original_M0__top2,5.0,0.0,12.0
DK1,combined_hour_logit,top2,process,0.5,original_M0__top2,5.0,0.0,12.0
DK1,combined_hour_logit,top2,process,1.0,original_M0__top2,5.0,0.0,12.0
DK1,combined_hour_logit,top2,hour,0.0,original_M0__top2,26.0,14.0,38.0
DK1,combined_hour_logit,top2,hour,0.0005,original_M0__top2,26.0,14.0,38.0
DK1,combined_hour_logit,top2,hour,0.001,original_M0__top2,26.0,14.0,38.0
DK1,combined_hour_logit,top2,hour,0.0015,original_M0__top2,26.0,14.0,38.0
DK1,combined_hour_logit,top2,hour,0.002,original_M0__top2,26.0,14.0,38.0
DK1,combined_hour_logit,top2,hour,0.0025,original_M0__top2,26.0,14.0,38.0
DK1,combined_hour_logit,top2,hour,0.003,original_M0__top2,26.0,14.0,38.0
DK1,combined_hour_logit,top2,hour,0.0035,original_M0__top2,26.0,14.0,38.0
DK1,combined_hour_logit,top2,hour,0.004,original_M0__top2,26.0,14.0,38.0
DK1,combined_hour_logit,top2,hour,0.0045000000000000005,original_M0__top2,26.0,14.0,38.0
DK1,combined_hour_logit,top2,hour,0.005000000000000001,original_M0__top2,26.0,14.0,38.0
DK1,combined_hour_logit,top2,hour,0.0055,original_M0__top2,26.0,14.0,38.0
DK1,combined_hour_logit,top2,hour,0.006,original_M0__top2,26.0,14.0,38.0
DK1,combined_hour_logit,top2,hour,0.006500000000000001,original_M0__top2,26.0,14.0,38.0
DK1,combined_hour_logit,top2,hour,0.007000000000000001,original_M0__top2,26.0,14.0,38.0
DK1,combined_hour_logit,top2,hour,0.0075,original_M0__top2,26.0,14.0,38.0
DK1,combined_hour_logit,top2,hour,0.008,original_M0__top2,26.0,14.0,38.0
DK1,combined_hour_logit,top2,hour,0.0085,original_M0__top2,26.0,14.0,38.0
DK1,combined_hour_logit,top2,hour,0.009000000000000001,original_M0__top2,26.0,14.0,38.0
DK1,combined_hour_logit,top2,hour,0.009500000000000001,original_M0__top2,26.0,14.0,38.0
DK1,combined_hour_logit,top2,hour,0.01,original_M0__top2,26.0,14.0,38.0
DK1,combined_hour_logit,top2,hour,0.0105,original_M0__top2,26.0,14.0,38.0
DK1,combined_hour_logit,top2,hour,0.011000000000000001,original_M0__top2,26.0,14.0,38.0
DK1,combined_hour_logit,top2,hour,0.0115,original_M0__top2,26.0,14.0,38.0
DK1,combined_hour_logit,top2,hour,0.012,original_M0__top2,26.0,14.0,38.0
DK1,combined_hour_logit,top2,hour,0.0125,original_M0__top2,26.0,14.0,38.0
DK1,combined_hour_logit,top2,hour,0.013000000000000001,original_M0__top2,26.0,14.0,38.0
DK1,combined_hour_logit,top2,hour,0.013500000000000002,original_M0__top2,26.0,14.0,38.0
DK1,combined_hour_logit,top2,hour,0.014,original_M0__top2,26.0,14.0,38.0
DK1,combined_hour_logit,top2,hour,0.0145,original_M0__top2,26.0,14.0,38.0
DK1,combined_hour_logit,top2,hour,0.015,original_M0__top2,26.0,14.0,38.0
DK1,combined_hour_logit,top2,hour,0.02,original_M0__top2,26.0,14.0,38.0
DK1,combined_hour_logit,top2,hour,0.03,original_M0__top2,26.0,14.0,38.0
DK1,combined_hour_logit,top2,hour,0.05,original_M0__top2,26.0,14.0,38.0
DK1,combined_hour_logit,top2,hour,0.1,original_M0__top2,26.0,14.0,38.0
DK1,combined_hour_logit,top2,hour,0.2,original_M0__top2,26.0,14.0,38.0
DK1,combined_hour_logit,top2,hour,0.25,original_M0__top2,26.0,14.0,38.0
DK1,combined_hour_logit,top2,hour,0.5,original_M0__top2,26.0,14.0,38.0
DK1,combined_hour_logit,top2,hour,1.0,original_M0__top2,26.0,14.0,38.0
DK1,combined_hour_logit,count2022_target05,process,0.0,original_M0__top2,5.0,0.0,12.0
DK1,combined_hour_logit,count2022_target05,process,0.0005,original_M0__top2,5.304,0.2784125,12.298025
DK1,combined_hour_logit,count2022_target05,process,0.001,original_M0__top2,5.608,0.556825,12.59605
DK1,combined_hour_logit,count2022_target05,process,0.0015,original_M0__top2,5.912,0.8352375000000001,12.894075
DK1,combined_hour_logit,count2022_target05,process,0.002,original_M0__top2,6.216,1.11365,13.1921
DK1,combined_hour_logit,count2022_target05,process,0.0025,original_M0__top2,6.52,1.3920625000000002,13.490125
DK1,combined_hour_logit,count2022_target05,process,0.003,original_M0__top2,6.824,1.6704750000000002,13.78815
DK1,combined_hour_logit,count2022_target05,process,0.0035,original_M0__top2,7.128,1.9488875,14.086175
DK1,combined_hour_logit,count2022_target05,process,0.004,original_M0__top2,7.432,2.2273,14.3842
DK1,combined_hour_logit,count2022_target05,process,0.0045000000000000005,original_M0__top2,7.736000000000001,2.5057125000000005,14.682225
DK1,combined_hour_logit,count2022_target05,process,0.005000000000000001,original_M0__top2,8.040000000000001,2.784125000000001,14.98025
DK1,combined_hour_logit,count2022_target05,process,0.0055,original_M0__top2,8.344,3.0625375,15.278275
DK1,combined_hour_logit,count2022_target05,process,0.006,original_M0__top2,8.648,3.3409500000000003,15.5763
DK1,combined_hour_logit,count2022_target05,process,0.006500000000000001,original_M0__top2,8.952,3.6193625000000003,15.874325
DK1,combined_hour_logit,count2022_target05,process,0.007000000000000001,original_M0__top2,9.256,3.8977750000000007,16.17235
DK1,combined_hour_logit,count2022_target05,process,0.0075,original_M0__top2,9.559999999999999,4.1761875,16.470374999999997
DK1,combined_hour_logit,count2022_target05,process,0.008,original_M0__top2,9.864,4.4546,16.7684
DK1,combined_hour_logit,count2022_target05,process,0.0085,original_M0__top2,10.168,4.733512500000001,17.066425000000002
DK1,combined_hour_logit,count2022_target05,process,0.009000000000000001,original_M0__top2,10.472000000000001,5.029575000000001,17.36445
DK1,combined_hour_logit,count2022_target05,process,0.009500000000000001,original_M0__top2,10.776,5.363162500000001,17.662474999999997
DK1,combined_hour_logit,count2022_target05,process,0.01,original_M0__top2,11.08,5.696750000000001,17.9605
DK1,combined_hour_logit,count2022_target05,process,0.0105,original_M0__top2,11.384,6.0020625,18.258525
DK1,combined_hour_logit,count2022_target05,process,0.011000000000000001,original_M0__top2,11.688,6.287900000000001,18.55655
DK1,combined_hour_logit,count2022_target05,process,0.0115,original_M0__top2,11.992,6.5748500000000005,18.854574999999997
DK1,combined_hour_logit,count2022_target05,process,0.012,original_M0__top2,12.296,6.8618,19.1526
DK1,combined_hour_logit,count2022_target05,process,0.0125,original_M0__top2,12.600000000000001,7.148750000000001,19.450625
DK1,combined_hour_logit,count2022_target05,process,0.013000000000000001,original_M0__top2,12.904,7.435700000000001,19.74865
DK1,combined_hour_logit,count2022_target05,process,0.013500000000000002,original_M0__top2,13.208,7.747350000000001,20.046675
DK1,combined_hour_logit,count2022_target05,process,0.014,original_M0__top2,13.512,8.070400000000001,20.3447
DK1,combined_hour_logit,count2022_target05,process,0.0145,original_M0__top2,13.816,8.378825,20.642725000000002
DK1,combined_hour_logit,count2022_target05,process,0.015,original_M0__top2,14.12,8.66775,20.940749999999998
DK1,combined_hour_logit,count2022_target05,process,0.02,original_M0__top2,17.16,11.56,23.921
DK1,combined_hour_logit,count2022_target05,process,0.03,original_M0__top2,23.24,17.516,29.96175
DK1,combined_hour_logit,count2022_target05,process,0.05,original_M0__top2,35.400000000000006,29.298750000000002,42.3
DK1,combined_hour_logit,count2022_target05,process,0.1,original_M0__top2,65.80000000000001,58.800000000000004,73.5025
DK1,combined_hour_logit,count2022_target05,process,0.2,original_M0__top2,126.60000000000001,116.19500000000001,137.405
DK1,combined_hour_logit,count2022_target05,process,0.25,original_M0__top2,157.0,144.25,169.75
DK1,combined_hour_logit,count2022_target05,process,0.5,original_M0__top2,309.0,284.5,332.0
DK1,combined_hour_logit,count2022_target05,process,1.0,original_M0__top2,613.0,564.975,657.0
DK1,combined_hour_logit,count2022_target05,hour,0.0,original_M0__top2,26.0,14.0,38.0
DK1,combined_hour_logit,count2022_target05,hour,0.0005,original_M0__top2,26.304,14.304450000000001,38.307050000000004
DK1,combined_hour_logit,count2022_target05,hour,0.001,original_M0__top2,26.608,14.6089,38.6141
DK1,combined_hour_logit,count2022_target05,hour,0.0015,original_M0__top2,26.912,14.91335,38.92115
DK1,combined_hour_logit,count2022_target05,hour,0.002,original_M0__top2,27.216,15.2178,39.2282
DK1,combined_hour_logit,count2022_target05,hour,0.0025,original_M0__top2,27.52,15.522250000000001,39.53525
DK1,combined_hour_logit,count2022_target05,hour,0.003,original_M0__top2,27.824,15.8267,39.8423
DK1,combined_hour_logit,count2022_target05,hour,0.0035,original_M0__top2,28.128,16.131149999999998,40.14935
DK1,combined_hour_logit,count2022_target05,hour,0.004,original_M0__top2,28.432,16.4356,40.4564
DK1,combined_hour_logit,count2022_target05,hour,0.0045000000000000005,original_M0__top2,28.736,16.74005,40.76345
DK1,combined_hour_logit,count2022_target05,hour,0.005000000000000001,original_M0__top2,29.04,17.044500000000003,41.0705
DK1,combined_hour_logit,count2022_target05,hour,0.0055,original_M0__top2,29.344,17.34895,41.37755
DK1,combined_hour_logit,count2022_target05,hour,0.006,original_M0__top2,29.648,17.6534,41.684599999999996
DK1,combined_hour_logit,count2022_target05,hour,0.006500000000000001,original_M0__top2,29.952,17.95785,41.99165
DK1,combined_hour_logit,count2022_target05,hour,0.007000000000000001,original_M0__top2,30.256,18.262300000000003,42.298700000000004
DK1,combined_hour_logit,count2022_target05,hour,0.0075,original_M0__top2,30.56,18.56675,42.60574999999999
DK1,combined_hour_logit,count2022_target05,hour,0.008,original_M0__top2,30.864,18.871199999999998,42.9128
DK1,combined_hour_logit,count2022_target05,hour,0.0085,original_M0__top2,31.168,19.17565,43.21985
DK1,combined_hour_logit,count2022_target05,hour,0.009000000000000001,original_M0__top2,31.472,19.4801,43.526900000000005
DK1,combined_hour_logit,count2022_target05,hour,0.009500000000000001,original_M0__top2,31.776,19.78455,43.833949999999994
DK1,combined_hour_logit,count2022_target05,hour,0.01,original_M0__top2,32.08,20.089,44.141
DK1,combined_hour_logit,count2022_target05,hour,0.0105,original_M0__top2,32.384,20.39345,44.44805
DK1,combined_hour_logit,count2022_target05,hour,0.011000000000000001,original_M0__top2,32.688,20.6979,44.7551
DK1,combined_hour_logit,count2022_target05,hour,0.0115,original_M0__top2,32.992,21.00235,45.062149999999995
DK1,combined_hour_logit,count2022_target05,hour,0.012,original_M0__top2,33.296,21.3068,45.3692
DK1,combined_hour_logit,count2022_target05,hour,0.0125,original_M0__top2,33.6,21.611250000000002,45.676249999999996
DK1,combined_hour_logit,count2022_target05,hour,0.013000000000000001,original_M0__top2,33.904,21.9157,45.9833
DK1,combined_hour_logit,count2022_target05,hour,0.013500000000000002,original_M0__top2,34.208,22.2079625,46.290350000000004
DK1,combined_hour_logit,count2022_target05,hour,0.014,original_M0__top2,34.512,22.475849999999998,46.5974
DK1,combined_hour_logit,count2022_target05,hour,0.0145,original_M0__top2,34.816,22.7717625,46.90445
DK1,combined_hour_logit,count2022_target05,hour,0.015,original_M0__top2,35.12,23.073375,47.2115
DK1,combined_hour_logit,count2022_target05,hour,0.02,original_M0__top2,38.16,26.097,50.2815
DK1,combined_hour_logit,count2022_target05,hour,0.03,original_M0__top2,44.239999999999995,31.97975,56.302249999999994
DK1,combined_hour_logit,count2022_target05,hour,0.05,original_M0__top2,56.400000000000006,44.245,68.10374999999999
DK1,combined_hour_logit,count2022_target05,hour,0.1,original_M0__top2,86.80000000000001,73.9975,99.0
DK1,combined_hour_logit,count2022_target05,hour,0.2,original_M0__top2,147.60000000000002,132.0,161.0
DK1,combined_hour_logit,count2022_target05,hour,0.25,original_M0__top2,178.0,160.5,192.25625
DK1,combined_hour_logit,count2022_target05,hour,0.5,original_M0__top2,330.0,304.975,352.525
DK1,combined_hour_logit,count2022_target05,hour,1.0,original_M0__top2,634.0,583.0,677.05
DK1,combined_hour_logit,count2023_target05,process,0.0,original_M0__top2,5.0,0.0,12.0
DK1,combined_hour_logit,count2023_target05,process,0.0005,original_M0__top2,5.2645,0.2418875,12.2600125
DK1,combined_hour_logit,count2023_target05,process,0.001,original_M0__top2,5.529,0.483775,12.520025
DK1,combined_hour_logit,count2023_target05,process,0.0015,original_M0__top2,5.7935,0.7256625,12.780037499999999
DK1,combined_hour_logit,count2023_target05,process,0.002,original_M0__top2,6.058,0.96755,13.040049999999999
DK1,combined_hour_logit,count2023_target05,process,0.0025,original_M0__top2,6.3225,1.2094375,13.300062500000001
DK1,combined_hour_logit,count2023_target05,process,0.003,original_M0__top2,6.587,1.451325,13.560075000000001
DK1,combined_hour_logit,count2023_target05,process,0.0035,original_M0__top2,6.8515,1.6932125,13.8200875
DK1,combined_hour_logit,count2023_target05,process,0.004,original_M0__top2,7.116,1.9351,14.0801
DK1,combined_hour_logit,count2023_target05,process,0.0045000000000000005,original_M0__top2,7.3805,2.1769875000000005,14.3401125
DK1,combined_hour_logit,count2023_target05,process,0.005000000000000001,original_M0__top2,7.6450000000000005,2.4188750000000003,14.600125000000002
DK1,combined_hour_logit,count2023_target05,process,0.0055,original_M0__top2,7.9094999999999995,2.6607625,14.860137499999999
DK1,combined_hour_logit,count2023_target05,process,0.006,original_M0__top2,8.174,2.90265,15.12015
DK1,combined_hour_logit,count2023_target05,process,0.006500000000000001,original_M0__top2,8.438500000000001,3.1445375000000007,15.3801625
DK1,combined_hour_logit,count2023_target05,process,0.007000000000000001,original_M0__top2,8.703000000000001,3.3864250000000005,15.640175000000001
DK1,combined_hour_logit,count2023_target05,process,0.0075,original_M0__top2,8.9675,3.6283125,15.9001875
DK1,combined_hour_logit,count2023_target05,process,0.008,original_M0__top2,9.232,3.8702,16.1602
DK1,combined_hour_logit,count2023_target05,process,0.0085,original_M0__top2,9.496500000000001,4.1120875,16.4202125
DK1,combined_hour_logit,count2023_target05,process,0.009000000000000001,original_M0__top2,9.761,4.353975000000001,16.680225
DK1,combined_hour_logit,count2023_target05,process,0.009500000000000001,original_M0__top2,10.025500000000001,4.597225000000001,16.940237500000002
DK1,combined_hour_logit,count2023_target05,process,0.01,original_M0__top2,10.29,4.859500000000001,17.20025
DK1,combined_hour_logit,count2023_target05,process,0.0105,original_M0__top2,10.5545,5.151225,17.4602625
DK1,combined_hour_logit,count2023_target05,process,0.011000000000000001,original_M0__top2,10.819,5.442950000000001,17.720274999999997
DK1,combined_hour_logit,count2023_target05,process,0.0115,original_M0__top2,11.0835,5.734675,17.9802875
DK1,combined_hour_logit,count2023_target05,process,0.012,original_M0__top2,11.347999999999999,6.0186,18.2403
DK1,combined_hour_logit,count2023_target05,process,0.0125,original_M0__top2,11.6125,6.269687500000001,18.5003125
DK1,combined_hour_logit,count2023_target05,process,0.013000000000000001,original_M0__top2,11.877,6.521475000000001,18.760325
DK1,combined_hour_logit,count2023_target05,process,0.013500000000000002,original_M0__top2,12.1415,6.773262500000001,19.0203375
DK1,combined_hour_logit,count2023_target05,process,0.014,original_M0__top2,12.406,7.02505,19.280350000000002
DK1,combined_hour_logit,count2023_target05,process,0.0145,original_M0__top2,12.6705,7.276837500000001,19.5403625
DK1,combined_hour_logit,count2023_target05,process,0.015,original_M0__top2,12.934999999999999,7.528624999999999,19.800375
DK1,combined_hour_logit,count2023_target05,process,0.02,original_M0__top2,15.58,10.08,22.400499999999997
DK1,combined_hour_logit,count2023_target05,process,0.03,original_M0__top2,20.869999999999997,15.1785,27.630499999999998
DK1,combined_hour_logit,count2023_target05,process,0.05,original_M0__top2,31.450000000000003,25.446250000000003,38.2025
DK1,combined_hour_logit,count2023_target05,process,0.1,original_M0__top2,57.900000000000006,50.900000000000006,65.0025
DK1,combined_hour_logit,count2023_target05,process,0.2,original_M0__top2,110.80000000000001,100.4,120.405
DK1,combined_hour_logit,count2023_target05,process,0.25,original_M0__top2,137.25,124.75,148.75
DK1,combined_hour_logit,count2023_target05,process,0.5,original_M0__top2,269.5,245.4875,290.5
DK1,combined_hour_logit,count2023_target05,process,1.0,original_M0__top2,534.0,486.0,574.025
DK1,combined_hour_logit,count2023_target05,hour,0.0,original_M0__top2,26.0,14.0,38.0
DK1,combined_hour_logit,count2023_target05,hour,0.0005,original_M0__top2,26.2645,14.264475,38.269025
DK1,combined_hour_logit,count2023_target05,hour,0.001,original_M0__top2,26.529,14.52895,38.53805
DK1,combined_hour_logit,count2023_target05,hour,0.0015,original_M0__top2,26.7935,14.793425,38.807075000000005
DK1,combined_hour_logit,count2023_target05,hour,0.002,original_M0__top2,27.058,15.0579,39.076100000000004
DK1,combined_hour_logit,count2023_target05,hour,0.0025,original_M0__top2,27.3225,15.322375,39.345124999999996
DK1,combined_hour_logit,count2023_target05,hour,0.003,original_M0__top2,27.587,15.58685,39.614149999999995
DK1,combined_hour_logit,count2023_target05,hour,0.0035,original_M0__top2,27.8515,15.851325,39.883175
DK1,combined_hour_logit,count2023_target05,hour,0.004,original_M0__top2,28.116,16.1158,40.1522
DK1,combined_hour_logit,count2023_target05,hour,0.0045000000000000005,original_M0__top2,28.3805,16.380275,40.421225
DK1,combined_hour_logit,count2023_target05,hour,0.005000000000000001,original_M0__top2,28.645,16.64475,40.69025
DK1,combined_hour_logit,count2023_target05,hour,0.0055,original_M0__top2,28.9095,16.909225000000003,40.959275000000005
DK1,combined_hour_logit,count2023_target05,hour,0.006,original_M0__top2,29.174,17.1737,41.228300000000004
DK1,combined_hour_logit,count2023_target05,hour,0.006500000000000001,original_M0__top2,29.4385,17.438175,41.497325
DK1,combined_hour_logit,count2023_target05,hour,0.007000000000000001,original_M0__top2,29.703,17.70265,41.766349999999996
DK1,combined_hour_logit,count2023_target05,hour,0.0075,original_M0__top2,29.9675,17.967125000000003,42.035374999999995
DK1,combined_hour_logit,count2023_target05,hour,0.008,original_M0__top2,30.232,18.2316,42.3044
DK1,combined_hour_logit,count2023_target05,hour,0.0085,original_M0__top2,30.4965,18.496075,42.573425
DK1,combined_hour_logit,count2023_target05,hour,0.009000000000000001,original_M0__top2,30.761,18.76055,42.84245
DK1,combined_hour_logit,count2023_target05,hour,0.009500000000000001,original_M0__top2,31.0255,19.025025,43.111475000000006
DK1,combined_hour_logit,count2023_target05,hour,0.01,original_M0__top2,31.29,19.2895,43.380500000000005
DK1,combined_hour_logit,count2023_target05,hour,0.0105,original_M0__top2,31.5545,19.553975,43.649525
DK1,combined_hour_logit,count2023_target05,hour,0.011000000000000001,original_M0__top2,31.819000000000003,19.818450000000002,43.918549999999996
DK1,combined_hour_logit,count2023_target05,hour,0.0115,original_M0__top2,32.0835,20.082925,44.187574999999995
DK1,combined_hour_logit,count2023_target05,hour,0.012,original_M0__top2,32.348,20.3474,44.4566
DK1,combined_hour_logit,count2023_target05,hour,0.0125,original_M0__top2,32.6125,20.611875,44.725625
DK1,combined_hour_logit,count2023_target05,hour,0.013000000000000001,original_M0__top2,32.877,20.876350000000002,44.99465
DK1,combined_hour_logit,count2023_target05,hour,0.013500000000000002,original_M0__top2,33.1415,21.140825,45.263675
DK1,combined_hour_logit,count2023_target05,hour,0.014,original_M0__top2,33.406,21.4053,45.5327
DK1,combined_hour_logit,count2023_target05,hour,0.0145,original_M0__top2,33.670500000000004,21.669287500000003,45.801725000000005
DK1,combined_hour_logit,count2023_target05,hour,0.015,original_M0__top2,33.935,21.904875,46.07075
DK1,combined_hour_logit,count2023_target05,hour,0.02,original_M0__top2,36.58,24.5175,48.740500000000004
DK1,combined_hour_logit,count2023_target05,hour,0.03,original_M0__top2,41.87,29.5675,53.973499999999994
DK1,combined_hour_logit,count2023_target05,hour,0.05,original_M0__top2,52.45,40.34375,64.50375
DK1,combined_hour_logit,count2023_target05,hour,0.1,original_M0__top2,78.9,66.29750000000001,90.80250000000001
DK1,combined_hour_logit,count2023_target05,hour,0.2,original_M0__top2,131.8,117.2,144.4
DK1,combined_hour_logit,count2023_target05,hour,0.25,original_M0__top2,158.25,142.25,171.5
DK1,combined_hour_logit,count2023_target05,hour,0.5,original_M0__top2,290.5,265.0,309.5
DK1,combined_hour_logit,count2023_target05,hour,1.0,original_M0__top2,555.0,507.0,593.0
DK1,combined_hour_logit,fixed025,process,0.0,original_M0__top2,-4.0,-9.0,1.0
DK1,combined_hour_logit,fixed025,process,0.0005,original_M0__top2,-3.4845,-8.489112500000001,1.5116125
DK1,combined_hour_logit,fixed025,process,0.001,original_M0__top2,-2.9690000000000003,-7.978225,2.023225
DK1,combined_hour_logit,fixed025,process,0.0015,original_M0__top2,-2.4535,-7.467337499999999,2.5348374999999996
DK1,combined_hour_logit,fixed025,process,0.002,original_M0__top2,-1.9380000000000002,-6.956449999999999,3.0464499999999997
DK1,combined_hour_logit,fixed025,process,0.0025,original_M0__top2,-1.4224999999999999,-6.4455625,3.5580624999999997
DK1,combined_hour_logit,fixed025,process,0.003,original_M0__top2,-0.907,-5.9346749999999995,4.069674999999999
DK1,combined_hour_logit,fixed025,process,0.0035,original_M0__top2,-0.39149999999999974,-5.4237874999999995,4.5812875
DK1,combined_hour_logit,fixed025,process,0.004,original_M0__top2,0.12399999999999967,-4.9129,5.092899999999999
DK1,combined_hour_logit,fixed025,process,0.0045000000000000005,original_M0__top2,0.6395000000000008,-4.4020125,5.604512499999999
DK1,combined_hour_logit,fixed025,process,0.005000000000000001,original_M0__top2,1.1550000000000011,-3.891124999999999,6.116125
DK1,combined_hour_logit,fixed025,process,0.0055,original_M0__top2,1.6704999999999997,-3.3802375000000002,6.6277374999999985
DK1,combined_hour_logit,fixed025,process,0.006,original_M0__top2,2.186,-2.8693499999999994,7.1393499999999985
DK1,combined_hour_logit,fixed025,process,0.006500000000000001,original_M0__top2,2.7015000000000002,-2.3584624999999995,7.6509624999999994
DK1,combined_hour_logit,fixed025,process,0.007000000000000001,original_M0__top2,3.2170000000000014,-1.847574999999999,8.162575
DK1,combined_hour_logit,fixed025,process,0.0075,original_M0__top2,3.7325,-1.3366874999999998,8.674187499999999
DK1,combined_hour_logit,fixed025,process,0.008,original_M0__top2,4.247999999999999,-0.8257999999999998,9.185799999999999
DK1,combined_hour_logit,fixed025,process,0.0085,original_M0__top2,4.7635000000000005,-0.31491249999999876,9.697412499999999
DK1,combined_hour_logit,fixed025,process,0.009000000000000001,original_M0__top2,5.279000000000002,0.19597500000000054,10.209024999999999
DK1,combined_hour_logit,fixed025,process,0.009500000000000001,original_M0__top2,5.794500000000001,0.7068625000000015,10.7206375
DK1,combined_hour_logit,fixed025,process,0.01,original_M0__top2,6.3100000000000005,1.2177500000000008,11.232249999999999
DK1,combined_hour_logit,fixed025,process,0.0105,original_M0__top2,6.8255,1.7286375,11.743862499999999
DK1,combined_hour_logit,fixed025,process,0.011000000000000001,original_M0__top2,7.341000000000001,2.239525000000001,12.255474999999999
DK1,combined_hour_logit,fixed025,process,0.0115,original_M0__top2,7.8565000000000005,2.7504125000000004,12.767087499999997
DK1,combined_hour_logit,fixed025,process,0.012,original_M0__top2,8.372,3.261300000000001,13.278699999999997
DK1,combined_hour_logit,fixed025,process,0.0125,original_M0__top2,8.887500000000001,3.7721875000000007,13.790312499999999
DK1,combined_hour_logit,fixed025,process,0.013000000000000001,original_M0__top2,9.403,4.283075000000001,14.301924999999999
DK1,combined_hour_logit,fixed025,process,0.013500000000000002,original_M0__top2,9.918500000000002,4.793962500000003,14.813537499999999
DK1,combined_hour_logit,fixed025,process,0.014,original_M0__top2,10.434000000000001,5.30485,15.325149999999999
DK1,combined_hour_logit,fixed025,process,0.0145,original_M0__top2,10.9495,5.815250000000001,15.836762499999997
DK1,combined_hour_logit,fixed025,process,0.015,original_M0__top2,11.465,6.2925,16.348374999999997
DK1,combined_hour_logit,fixed025,process,0.02,original_M0__top2,16.62,11.257500000000002,21.581500000000002
DK1,combined_hour_logit,fixed025,process,0.03,original_M0__top2,26.93,21.388,31.832499999999996
DK1,combined_hour_logit,fixed025,process,0.05,original_M0__top2,47.550000000000004,41.25,52.650000000000006
DK1,combined_hour_logit,fixed025,process,0.1,original_M0__top2,99.10000000000001,90.4975,105.80000000000001
DK1,combined_hour_logit,fixed025,process,0.2,original_M0__top2,202.20000000000002,188.4,213.0
DK1,combined_hour_logit,fixed025,process,0.25,original_M0__top2,253.75,236.75,266.75
DK1,combined_hour_logit,fixed025,process,0.5,original_M0__top2,511.5,478.5,535.0125
DK1,combined_hour_logit,fixed025,process,1.0,original_M0__top2,1027.0,961.975,1073.025
DK1,combined_hour_logit,fixed025,hour,0.0,original_M0__top2,-31.0,-55.0,-18.0
DK1,combined_hour_logit,fixed025,hour,0.0005,original_M0__top2,-30.4845,-54.5016625,-17.4842625
DK1,combined_hour_logit,fixed025,hour,0.001,original_M0__top2,-29.969,-54.003325,-16.968525000000003
DK1,combined_hour_logit,fixed025,hour,0.0015,original_M0__top2,-29.4535,-53.5049875,-16.4527875
DK1,combined_hour_logit,fixed025,hour,0.002,original_M0__top2,-28.938,-53.00665,-15.937050000000001
DK1,combined_hour_logit,fixed025,hour,0.0025,original_M0__top2,-28.4225,-52.5083125,-15.4213125
DK1,combined_hour_logit,fixed025,hour,0.003,original_M0__top2,-27.907,-52.009975,-14.905575
DK1,combined_hour_logit,fixed025,hour,0.0035,original_M0__top2,-27.3915,-51.5116375,-14.389837500000002
DK1,combined_hour_logit,fixed025,hour,0.004,original_M0__top2,-26.876,-51.0133,-13.874100000000002
DK1,combined_hour_logit,fixed025,hour,0.0045000000000000005,original_M0__top2,-26.3605,-50.5149625,-13.3583625
DK1,combined_hour_logit,fixed025,hour,0.005000000000000001,original_M0__top2,-25.845,-50.016625,-12.842625000000002
DK1,combined_hour_logit,fixed025,hour,0.0055,original_M0__top2,-25.3295,-49.5182875,-12.326887500000002
DK1,combined_hour_logit,fixed025,hour,0.006,original_M0__top2,-24.814,-49.01995,-11.811150000000003
DK1,combined_hour_logit,fixed025,hour,0.006500000000000001,original_M0__top2,-24.2985,-48.5216125,-11.295412500000003
DK1,combined_hour_logit,fixed025,hour,0.007000000000000001,original_M0__top2,-23.782999999999998,-48.023275,-10.779675000000001
DK1,combined_hour_logit,fixed025,hour,0.0075,original_M0__top2,-23.2675,-47.5249375,-10.263937500000003
DK1,combined_hour_logit,fixed025,hour,0.008,original_M0__top2,-22.752000000000002,-47.0266,-9.749000000000004
DK1,combined_hour_logit,fixed025,hour,0.0085,original_M0__top2,-22.2365,-46.528262500000004,-9.234875
DK1,combined_hour_logit,fixed025,hour,0.009000000000000001,original_M0__top2,-21.720999999999997,-46.029925,-8.720749999999999
DK1,combined_hour_logit,fixed025,hour,0.009500000000000001,original_M0__top2,-21.2055,-45.530225,-8.249375
DK1,combined_hour_logit,fixed025,hour,0.01,original_M0__top2,-20.689999999999998,-45.0305,-7.787500000000001
DK1,combined_hour_logit,fixed025,hour,0.0105,original_M0__top2,-20.174500000000002,-44.503225,-7.325625000000003
DK1,combined_hour_logit,fixed025,hour,0.011000000000000001,original_M0__top2,-19.659,-43.95695,-6.8198750000000015
DK1,combined_hour_logit,fixed025,hour,0.0115,original_M0__top2,-19.1435,-43.410675,-6.311687500000005
DK1,combined_hour_logit,fixed025,hour,0.012,original_M0__top2,-18.628,-42.864399999999996,-5.803500000000004
DK1,combined_hour_logit,fixed025,hour,0.0125,original_M0__top2,-18.112499999999997,-42.330312500000005,-5.295312500000003
DK1,combined_hour_logit,fixed025,hour,0.013000000000000001,original_M0__top2,-17.597,-41.823525,-4.787125000000002
DK1,combined_hour_logit,fixed025,hour,0.013500000000000002,original_M0__top2,-17.0815,-41.3167375,-4.278937500000003
DK1,combined_hour_logit,fixed025,hour,0.014,original_M0__top2,-16.566,-40.80995,-3.7707500000000045
DK1,combined_hour_logit,fixed025,hour,0.0145,original_M0__top2,-16.0505,-40.302787499999994,-3.262562500000004
DK1,combined_hour_logit,fixed025,hour,0.015,original_M0__top2,-15.535,-39.795125,-2.754375000000005
DK1,combined_hour_logit,fixed025,hour,0.02,original_M0__top2,-10.379999999999999,-34.7245,2.444499999999997
DK1,combined_hour_logit,fixed025,hour,0.03,original_M0__top2,-0.07000000000000028,-24.480750000000004,12.4805
DK1,combined_hour_logit,fixed025,hour,0.05,original_M0__top2,20.550000000000004,-3.408749999999998,32.605
DK1,combined_hour_logit,fixed025,hour,0.1,original_M0__top2,72.10000000000001,47.5,83.30250000000001
DK1,combined_hour_logit,fixed025,hour,0.2,original_M0__top2,175.20000000000002,148.395,186.0
DK1,combined_hour_logit,fixed025,hour,0.25,original_M0__top2,226.75,198.9875,238.0
DK1,combined_hour_logit,fixed025,hour,0.5,original_M0__top2,484.5,444.9875,501.5125
DK1,combined_hour_logit,fixed025,hour,1.0,original_M0__top2,1000.0,932.0,1036.025
DK1,combined_hour_logit,count2022_cool6,process,0.0,original_M0__top2,8.0,2.0,18.0
DK1,combined_hour_logit,count2022_cool6,process,0.0005,original_M0__top2,8.3575,2.3604625,18.3550125
DK1,combined_hour_logit,count2022_cool6,process,0.001,original_M0__top2,8.715,2.7209250000000003,18.710025
DK1,combined_hour_logit,count2022_cool6,process,0.0015,original_M0__top2,9.0725,3.0813875,19.065037500000003
DK1,combined_hour_logit,count2022_cool6,process,0.002,original_M0__top2,9.43,3.44185,19.420050000000003
DK1,combined_hour_logit,count2022_cool6,process,0.0025,original_M0__top2,9.7875,3.8023125,19.775062499999997
DK1,combined_hour_logit,count2022_cool6,process,0.003,original_M0__top2,10.145,4.162775,20.130074999999998
DK1,combined_hour_logit,count2022_cool6,process,0.0035,original_M0__top2,10.5025,4.5232375000000005,20.4850875
DK1,combined_hour_logit,count2022_cool6,process,0.004,original_M0__top2,10.86,4.8837,20.8401
DK1,combined_hour_logit,count2022_cool6,process,0.0045000000000000005,original_M0__top2,11.217500000000001,5.244162500000001,21.1951125
DK1,combined_hour_logit,count2022_cool6,process,0.005000000000000001,original_M0__top2,11.575000000000001,5.604625,21.550125
DK1,combined_hour_logit,count2022_cool6,process,0.0055,original_M0__top2,11.9325,5.965087499999999,21.905137500000002
DK1,combined_hour_logit,count2022_cool6,process,0.006,original_M0__top2,12.29,6.325550000000001,22.26015
DK1,combined_hour_logit,count2022_cool6,process,0.006500000000000001,original_M0__top2,12.6475,6.6860125,22.6151625
DK1,combined_hour_logit,count2022_cool6,process,0.007000000000000001,original_M0__top2,13.005,7.046475000000001,22.970174999999998
DK1,combined_hour_logit,count2022_cool6,process,0.0075,original_M0__top2,13.3625,7.4069375,23.3251875
DK1,combined_hour_logit,count2022_cool6,process,0.008,original_M0__top2,13.719999999999999,7.767399999999999,23.6802
DK1,combined_hour_logit,count2022_cool6,process,0.0085,original_M0__top2,14.0775,8.1278625,24.0352125
DK1,combined_hour_logit,count2022_cool6,process,0.009000000000000001,original_M0__top2,14.435,8.488325000000001,24.390225
DK1,combined_hour_logit,count2022_cool6,process,0.009500000000000001,original_M0__top2,14.7925,8.8487875,24.7452375
DK1,combined_hour_logit,count2022_cool6,process,0.01,original_M0__top2,15.15,9.20925,25.100250000000003
DK1,combined_hour_logit,count2022_cool6,process,0.0105,original_M0__top2,15.5075,9.569712500000001,25.455262499999996
DK1,combined_hour_logit,count2022_cool6,process,0.011000000000000001,original_M0__top2,15.865000000000002,9.930175,25.810275
DK1,combined_hour_logit,count2022_cool6,process,0.0115,original_M0__top2,16.2225,10.290637499999999,26.165287499999998
DK1,combined_hour_logit,count2022_cool6,process,0.012,original_M0__top2,16.58,10.651100000000001,26.5203
DK1,combined_hour_logit,count2022_cool6,process,0.0125,original_M0__top2,16.9375,11.011562500000002,26.8753125
DK1,combined_hour_logit,count2022_cool6,process,0.013000000000000001,original_M0__top2,17.295,11.372025,27.230325
DK1,combined_hour_logit,count2022_cool6,process,0.013500000000000002,original_M0__top2,17.652500000000003,11.732487500000001,27.5853375
DK1,combined_hour_logit,count2022_cool6,process,0.014,original_M0__top2,18.009999999999998,12.09295,27.94035
DK1,combined_hour_logit,count2022_cool6,process,0.0145,original_M0__top2,18.3675,12.424650000000002,28.295362500000003
DK1,combined_hour_logit,count2022_cool6,process,0.015,original_M0__top2,18.725,12.769499999999999,28.650374999999997
DK1,combined_hour_logit,count2022_cool6,process,0.02,original_M0__top2,22.3,16.358,32.200500000000005
DK1,combined_hour_logit,count2022_cool6,process,0.03,original_M0__top2,29.45,23.278249999999996,39.27074999999999
DK1,combined_hour_logit,count2022_cool6,process,0.05,original_M0__top2,43.75,37.447500000000005,53.3525
DK1,combined_hour_logit,count2022_cool6,process,0.1,original_M0__top2,79.5,72.1975,89.0
DK1,combined_hour_logit,count2022_cool6,process,0.2,original_M0__top2,151.0,140.4,162.005
DK1,combined_hour_logit,count2022_cool6,process,0.25,original_M0__top2,186.75,173.99375,199.00625
DK1,combined_hour_logit,count2022_cool6,process,0.5,original_M0__top2,365.5,342.0,385.0125
DK1,combined_hour_logit,count2022_cool6,process,1.0,original_M0__top2,723.0,675.975,760.0
DK1,combined_hour_logit,count2022_cool6,hour,0.0,original_M0__top2,-38.0,-57.0,-18.0
DK1,combined_hour_logit,count2022_cool6,hour,0.0005,original_M0__top2,-37.6425,-56.646625,-17.6562625
DK1,combined_hour_logit,count2022_cool6,hour,0.001,original_M0__top2,-37.285,-56.29325,-17.312525
DK1,combined_hour_logit,count2022_cool6,hour,0.0015,original_M0__top2,-36.9275,-55.939875,-16.9687875
DK1,combined_hour_logit,count2022_cool6,hour,0.002,original_M0__top2,-36.57,-55.5865,-16.62505
DK1,combined_hour_logit,count2022_cool6,hour,0.0025,original_M0__top2,-36.2125,-55.233125,-16.2813125
DK1,combined_hour_logit,count2022_cool6,hour,0.003,original_M0__top2,-35.855,-54.879749999999994,-15.937575
DK1,combined_hour_logit,count2022_cool6,hour,0.0035,original_M0__top2,-35.4975,-54.526375,-15.593837500000001
DK1,combined_hour_logit,count2022_cool6,hour,0.004,original_M0__top2,-35.14,-54.172999999999995,-15.2501
DK1,combined_hour_logit,count2022_cool6,hour,0.0045000000000000005,original_M0__top2,-34.7825,-53.819625,-14.906362500000002
DK1,combined_hour_logit,count2022_cool6,hour,0.005000000000000001,original_M0__top2,-34.425,-53.466249999999995,-14.562625000000002
DK1,combined_hour_logit,count2022_cool6,hour,0.0055,original_M0__top2,-34.0675,-53.112875,-14.218887500000003
DK1,combined_hour_logit,count2022_cool6,hour,0.006,original_M0__top2,-33.71,-52.7595,-13.875150000000003
DK1,combined_hour_logit,count2022_cool6,hour,0.006500000000000001,original_M0__top2,-33.3525,-52.406124999999996,-13.531412500000002
DK1,combined_hour_logit,count2022_cool6,hour,0.007000000000000001,original_M0__top2,-32.995,-52.05275,-13.187675000000002
DK1,combined_hour_logit,count2022_cool6,hour,0.0075,original_M0__top2,-32.6375,-51.699374999999996,-12.843937500000003
DK1,combined_hour_logit,count2022_cool6,hour,0.008,original_M0__top2,-32.28,-51.346000000000004,-12.500200000000003
DK1,combined_hour_logit,count2022_cool6,hour,0.0085,original_M0__top2,-31.9225,-50.992625,-12.156462500000004
DK1,combined_hour_logit,count2022_cool6,hour,0.009000000000000001,original_M0__top2,-31.564999999999998,-50.63925,-11.812725000000004
DK1,combined_hour_logit,count2022_cool6,hour,0.009500000000000001,original_M0__top2,-31.2075,-50.285875,-11.468987500000003
DK1,combined_hour_logit,count2022_cool6,hour,0.01,original_M0__top2,-30.85,-49.9325,-11.125250000000003
DK1,combined_hour_logit,count2022_cool6,hour,0.0105,original_M0__top2,-30.4925,-49.579125,-10.781512500000005
DK1,combined_hour_logit,count2022_cool6,hour,0.011000000000000001,original_M0__top2,-30.134999999999998,-49.22575,-10.437775000000004
DK1,combined_hour_logit,count2022_cool6,hour,0.0115,original_M0__top2,-29.7775,-48.872375000000005,-10.094037500000004
DK1,combined_hour_logit,count2022_cool6,hour,0.012,original_M0__top2,-29.42,-48.519,-9.750300000000005
DK1,combined_hour_logit,count2022_cool6,hour,0.0125,original_M0__top2,-29.0625,-48.165625,-9.406562500000005
DK1,combined_hour_logit,count2022_cool6,hour,0.013000000000000001,original_M0__top2,-28.705,-47.81225,-9.062825000000005
DK1,combined_hour_logit,count2022_cool6,hour,0.013500000000000002,original_M0__top2,-28.347499999999997,-47.458875,-8.719087500000004
DK1,combined_hour_logit,count2022_cool6,hour,0.014,original_M0__top2,-27.990000000000002,-47.105500000000006,-8.375350000000006
DK1,combined_hour_logit,count2022_cool6,hour,0.0145,original_M0__top2,-27.6325,-46.752125,-8.031612500000005
DK1,combined_hour_logit,count2022_cool6,hour,0.015,original_M0__top2,-27.275,-46.39874999999999,-7.687875000000007
DK1,combined_hour_logit,count2022_cool6,hour,0.02,original_M0__top2,-23.7,-42.865,-4.231000000000009
DK1,combined_hour_logit,count2022_cool6,hour,0.03,original_M0__top2,-16.55,-36.02175,2.896249999999995
DK1,combined_hour_logit,count2022_cool6,hour,0.05,original_M0__top2,-2.25,-21.954999999999995,16.812499999999993
DK1,combined_hour_logit,count2022_cool6,hour,0.1,original_M0__top2,33.5,13.294999999999998,52.7025
DK1,combined_hour_logit,count2022_cool6,hour,0.2,original_M0__top2,105.0,82.4,125.005
DK1,combined_hour_logit,count2022_cool6,hour,0.25,original_M0__top2,140.75,117.24375,161.75625
DK1,combined_hour_logit,count2022_cool6,hour,0.5,original_M0__top2,319.5,287.4875,345.5
DK1,combined_hour_logit,count2022_cool6,hour,1.0,original_M0__top2,677.0,622.0,718.025
DK1,combined_hour_logit,count2023_cool6,process,0.0,original_M0__top2,8.0,2.0,18.0
DK1,combined_hour_logit,count2023_cool6,process,0.0005,original_M0__top2,8.3145,2.31245,18.3125375
DK1,combined_hour_logit,count2023_cool6,process,0.001,original_M0__top2,8.629,2.6249,18.625075
DK1,combined_hour_logit,count2023_cool6,process,0.0015,original_M0__top2,8.9435,2.93735,18.9376125
DK1,combined_hour_logit,count2023_cool6,process,0.002,original_M0__top2,9.258,3.2498,19.25015
DK1,combined_hour_logit,count2023_cool6,process,0.0025,original_M0__top2,9.5725,3.56225,19.5626875
DK1,combined_hour_logit,count2023_cool6,process,0.003,original_M0__top2,9.887,3.8747,19.875225
DK1,combined_hour_logit,count2023_cool6,process,0.0035,original_M0__top2,10.2015,4.18715,20.187762499999998
DK1,combined_hour_logit,count2023_cool6,process,0.004,original_M0__top2,10.516,4.4996,20.5003
DK1,combined_hour_logit,count2023_cool6,process,0.0045000000000000005,original_M0__top2,10.8305,4.81205,20.8128375
DK1,combined_hour_logit,count2023_cool6,process,0.005000000000000001,original_M0__top2,11.145,5.1245,21.125375
DK1,combined_hour_logit,count2023_cool6,process,0.0055,original_M0__top2,11.4595,5.43695,21.4379125
DK1,combined_hour_logit,count2023_cool6,process,0.006,original_M0__top2,11.774000000000001,5.7494,21.75045
DK1,combined_hour_logit,count2023_cool6,process,0.006500000000000001,original_M0__top2,12.0885,6.06185,22.0629875
DK1,combined_hour_logit,count2023_cool6,process,0.007000000000000001,original_M0__top2,12.403,6.374300000000001,22.375525
DK1,combined_hour_logit,count2023_cool6,process,0.0075,original_M0__top2,12.717500000000001,6.68675,22.6880625
DK1,combined_hour_logit,count2023_cool6,process,0.008,original_M0__top2,13.032,6.9992,23.0006
DK1,combined_hour_logit,count2023_cool6,process,0.0085,original_M0__top2,13.3465,7.31165,23.3131375
DK1,combined_hour_logit,count2023_cool6,process,0.009000000000000001,original_M0__top2,13.661000000000001,7.624100000000001,23.625675
DK1,combined_hour_logit,count2023_cool6,process,0.009500000000000001,original_M0__top2,13.9755,7.936550000000001,23.9382125
DK1,combined_hour_logit,count2023_cool6,process,0.01,original_M0__top2,14.29,8.249,24.25075
DK1,combined_hour_logit,count2023_cool6,process,0.0105,original_M0__top2,14.604500000000002,8.56145,24.563287499999998
DK1,combined_hour_logit,count2023_cool6,process,0.011000000000000001,original_M0__top2,14.919,8.8739,24.875825
DK1,combined_hour_logit,count2023_cool6,process,0.0115,original_M0__top2,15.2335,9.186350000000001,25.1883625
DK1,combined_hour_logit,count2023_cool6,process,0.012,original_M0__top2,15.548,9.4988,25.500899999999998
DK1,combined_hour_logit,count2023_cool6,process,0.0125,original_M0__top2,15.8625,9.81125,25.8134375
DK1,combined_hour_logit,count2023_cool6,process,0.013000000000000001,original_M0__top2,16.177,10.1237,26.125975
DK1,combined_hour_logit,count2023_cool6,process,0.013500000000000002,original_M0__top2,16.491500000000002,10.436150000000001,26.438512499999998
DK1,combined_hour_logit,count2023_cool6,process,0.014,original_M0__top2,16.806,10.7486,26.75105
DK1,combined_hour_logit,count2023_cool6,process,0.0145,original_M0__top2,17.1205,11.06105,27.0635875
DK1,combined_hour_logit,count2023_cool6,process,0.015,original_M0__top2,17.435000000000002,11.3735,27.376125
DK1,combined_hour_logit,count2023_cool6,process,0.02,original_M0__top2,20.58,14.4195,30.5015
DK1,combined_hour_logit,count2023_cool6,process,0.03,original_M0__top2,26.87,20.598499999999998,36.75175
DK1,combined_hour_logit,count2023_cool6,process,0.05,original_M0__top2,39.45,32.89875000000001,49.1
DK1,combined_hour_logit,count2023_cool6,process,0.1,original_M0__top2,70.9,63.1,81.005
DK1,combined_hour_logit,count2023_cool6,process,0.2,original_M0__top2,133.8,123.19,146.005
DK1,combined_hour_logit,count2023_cool6,process,0.25,original_M0__top2,165.25,151.99375,179.0
DK1,combined_hour_logit,count2023_cool6,process,0.5,original_M0__top2,322.5,297.5,344.0
DK1,combined_hour_logit,count2023_cool6,process,1.0,original_M0__top2,637.0,587.975,674.025
DK1,combined_hour_logit,count2023_cool6,hour,0.0,original_M0__top2,-34.0,-53.0,-15.0
DK1,combined_hour_logit,count2023_cool6,hour,0.0005,original_M0__top2,-33.6855,-52.6982125,-14.681375
DK1,combined_hour_logit,count2023_cool6,hour,0.001,original_M0__top2,-33.371,-52.396425,-14.36275
DK1,combined_hour_logit,count2023_cool6,hour,0.0015,original_M0__top2,-33.0565,-52.094637500000005,-14.044125
DK1,combined_hour_logit,count2023_cool6,hour,0.002,original_M0__top2,-32.742,-51.79285,-13.7255
DK1,combined_hour_logit,count2023_cool6,hour,0.0025,original_M0__top2,-32.4275,-51.491062500000005,-13.406875000000001
DK1,combined_hour_logit,count2023_cool6,hour,0.003,original_M0__top2,-32.113,-51.189275,-13.08825
DK1,combined_hour_logit,count2023_cool6,hour,0.0035,original_M0__top2,-31.7985,-50.887487500000006,-12.769625000000001
DK1,combined_hour_logit,count2023_cool6,hour,0.004,original_M0__top2,-31.484,-50.5857,-12.451
DK1,combined_hour_logit,count2023_cool6,hour,0.0045000000000000005,original_M0__top2,-31.1695,-50.2839125,-12.132375000000001
DK1,combined_hour_logit,count2023_cool6,hour,0.005000000000000001,original_M0__top2,-30.855,-49.982124999999996,-11.81375
DK1,combined_hour_logit,count2023_cool6,hour,0.0055,original_M0__top2,-30.5405,-49.6803375,-11.495125000000002
DK1,combined_hour_logit,count2023_cool6,hour,0.006,original_M0__top2,-30.226,-49.37855,-11.176500000000003
DK1,combined_hour_logit,count2023_cool6,hour,0.006500000000000001,original_M0__top2,-29.9115,-49.0767625,-10.857875000000002
DK1,combined_hour_logit,count2023_cool6,hour,0.007000000000000001,original_M0__top2,-29.597,-48.774975,-10.539250000000003
DK1,combined_hour_logit,count2023_cool6,hour,0.0075,original_M0__top2,-29.2825,-48.4731875,-10.220625000000002
DK1,combined_hour_logit,count2023_cool6,hour,0.008,original_M0__top2,-28.968,-48.1714,-9.902000000000001
DK1,combined_hour_logit,count2023_cool6,hour,0.0085,original_M0__top2,-28.6535,-47.8696125,-9.583375000000002
DK1,combined_hour_logit,count2023_cool6,hour,0.009000000000000001,original_M0__top2,-28.339,-47.567825,-9.264750000000001
DK1,combined_hour_logit,count2023_cool6,hour,0.009500000000000001,original_M0__top2,-28.0245,-47.2660375,-8.946125000000002
DK1,combined_hour_logit,count2023_cool6,hour,0.01,original_M0__top2,-27.71,-46.96425,-8.627500000000001
DK1,combined_hour_logit,count2023_cool6,hour,0.0105,original_M0__top2,-27.3955,-46.662462500000004,-8.308875
DK1,combined_hour_logit,count2023_cool6,hour,0.011000000000000001,original_M0__top2,-27.081,-46.360675,-7.990250000000002
DK1,combined_hour_logit,count2023_cool6,hour,0.0115,original_M0__top2,-26.7665,-46.058887500000004,-7.671625000000002
DK1,combined_hour_logit,count2023_cool6,hour,0.012,original_M0__top2,-26.451999999999998,-45.7571,-7.353000000000002
DK1,combined_hour_logit,count2023_cool6,hour,0.0125,original_M0__top2,-26.1375,-45.455312500000005,-7.0343750000000025
DK1,combined_hour_logit,count2023_cool6,hour,0.013000000000000001,original_M0__top2,-25.823,-45.153524999999995,-6.7157500000000026
DK1,combined_hour_logit,count2023_cool6,hour,0.013500000000000002,original_M0__top2,-25.508499999999998,-44.8517375,-6.397125000000003
DK1,combined_hour_logit,count2023_cool6,hour,0.014,original_M0__top2,-25.194,-44.549949999999995,-6.078500000000002
DK1,combined_hour_logit,count2023_cool6,hour,0.0145,original_M0__top2,-24.8795,-44.2481625,-5.759875000000002
DK1,combined_hour_logit,count2023_cool6,hour,0.015,original_M0__top2,-24.564999999999998,-43.946374999999996,-5.441250000000004
DK1,combined_hour_logit,count2023_cool6,hour,0.02,original_M0__top2,-21.42,-40.926,-2.2550000000000043
DK1,combined_hour_logit,count2023_cool6,hour,0.03,original_M0__top2,-15.129999999999999,-34.879999999999995,4.110999999999999
DK1,combined_hour_logit,count2023_cool6,hour,0.05,original_M0__top2,-2.549999999999997,-22.799999999999997,16.20125
DK1,combined_hour_logit,count2023_cool6,hour,0.1,original_M0__top2,28.900000000000006,7.400000000000006,47.51249999999999
DK1,combined_hour_logit,count2023_cool6,hour,0.2,original_M0__top2,91.80000000000001,67.80000000000001,111.6
DK1,combined_hour_logit,count2023_cool6,hour,0.25,original_M0__top2,123.25,97.75,143.5125
DK1,combined_hour_logit,count2023_cool6,hour,0.5,original_M0__top2,280.5,246.5,306.0125
DK1,combined_hour_logit,count2023_cool6,hour,1.0,original_M0__top2,595.0,540.0,637.0
DK2,original_M0,top1,process,0.0,original_M0__top2,-7.0,-11.024999999999999,-3.0
DK2,original_M0,top1,process,0.0005,original_M0__top2,-6.6375,-10.665387499999998,-2.6359875
DK2,original_M0,top1,process,0.001,original_M0__top2,-6.275,-10.305774999999999,-2.2719750000000003
DK2,original_M0,top1,process,0.0015,original_M0__top2,-5.9125,-9.946162499999998,-1.9079625
DK2,original_M0,top1,process,0.002,original_M0__top2,-5.55,-9.586549999999997,-1.5439500000000002
DK2,original_M0,top1,process,0.0025,original_M0__top2,-5.1875,-9.2269375,-1.1799375
DK2,original_M0,top1,process,0.003,original_M0__top2,-4.824999999999999,-8.867325,-0.8159249999999999
DK2,original_M0,top1,process,0.0035,original_M0__top2,-4.4625,-8.507712499999998,-0.45191250000000005
DK2,original_M0,top1,process,0.004,original_M0__top2,-4.1,-8.1481,-0.08790000000000017
DK2,original_M0,top1,process,0.0045000000000000005,original_M0__top2,-3.7375,-7.788487499999999,0.27611250000000015
DK2,original_M0,top1,process,0.005000000000000001,original_M0__top2,-3.374999999999999,-7.428874999999998,0.6401250000000005
DK2,original_M0,top1,process,0.0055,original_M0__top2,-3.0125,-7.069262499999999,1.0041374999999995
DK2,original_M0,top1,process,0.006,original_M0__top2,-2.6499999999999995,-6.709649999999999,1.3681500000000002
DK2,original_M0,top1,process,0.006500000000000001,original_M0__top2,-2.2874999999999996,-6.350037499999998,1.7321625
DK2,original_M0,top1,process,0.007000000000000001,original_M0__top2,-1.924999999999999,-5.990424999999998,2.096175000000001
DK2,original_M0,top1,process,0.0075,original_M0__top2,-1.5625,-5.630812499999998,2.4601875
DK2,original_M0,top1,process,0.008,original_M0__top2,-1.2000000000000002,-5.2711999999999986,2.8242
DK2,original_M0,top1,process,0.0085,original_M0__top2,-0.8374999999999995,-4.911587499999999,3.1882125000000006
DK2,original_M0,top1,process,0.009000000000000001,original_M0__top2,-0.47499999999999964,-4.551974999999998,3.5522250000000004
DK2,original_M0,top1,process,0.009500000000000001,original_M0__top2,-0.11249999999999893,-4.192362499999998,3.916237500000001
DK2,original_M0,top1,process,0.01,original_M0__top2,0.25,-3.832749999999998,4.28025
DK2,original_M0,top1,process,0.0105,original_M0__top2,0.6125000000000007,-3.4731374999999987,4.6442625
DK2,original_M0,top1,process,0.011000000000000001,original_M0__top2,0.9750000000000005,-3.113524999999998,5.008275
DK2,original_M0,top1,process,0.0115,original_M0__top2,1.3375000000000004,-2.7539124999999993,5.3722875
DK2,original_M0,top1,process,0.012,original_M0__top2,1.700000000000001,-2.3942999999999985,5.7363
DK2,original_M0,top1,process,0.0125,original_M0__top2,2.0625,-2.034687499999998,6.100312499999999
DK2,original_M0,top1,process,0.013000000000000001,original_M0__top2,2.4250000000000007,-1.6750749999999974,6.4643250000000005
DK2,original_M0,top1,process,0.013500000000000002,original_M0__top2,2.7875000000000014,-1.3154624999999969,6.828337500000001
DK2,original_M0,top1,process,0.014,original_M0__top2,3.1500000000000004,-0.9558499999999981,7.19235
DK2,original_M0,top1,process,0.0145,original_M0__top2,3.512500000000001,-0.5962374999999974,7.5563625000000005
DK2,original_M0,top1,process,0.015,original_M0__top2,3.875,-0.23662499999999864,7.920375
DK2,original_M0,top1,process,0.02,original_M0__top2,7.5,3.359500000000002,11.5605
DK2,original_M0,top1,process,0.03,original_M0__top2,14.75,10.551750000000002,18.84075
DK2,original_M0,top1,process,0.05,original_M0__top2,29.25,24.936250000000005,33.40125
DK2,original_M0,top1,process,0.1,original_M0__top2,65.5,60.89750000000001,69.8025
DK2,original_M0,top1,process,0.2,original_M0__top2,138.0,133.20000000000002,142.405
DK2,original_M0,top1,process,0.25,original_M0__top2,174.25,169.25,178.75
DK2,original_M0,top1,process,0.5,original_M0__top2,355.5,349.9875,360.0
DK2,original_M0,top1,process,1.0,original_M0__top2,718.0,710.0,724.0
DK2,original_M0,top1,hour,0.0,original_M0__top2,-152.0,-189.0,-133.0
DK2,original_M0,top1,hour,0.0005,original_M0__top2,-151.6375,-188.636025,-132.6394625
DK2,original_M0,top1,hour,0.001,original_M0__top2,-151.275,-188.27204999999998,-132.278925
DK2,original_M0,top1,hour,0.0015,original_M0__top2,-150.9125,-187.908075,-131.9183875
DK2,original_M0,top1,hour,0.002,original_M0__top2,-150.55,-187.54410000000001,-131.55785
DK2,original_M0,top1,hour,0.0025,original_M0__top2,-150.1875,-187.180125,-131.19731249999998
DK2,original_M0,top1,hour,0.003,original_M0__top2,-149.825,-186.81615,-130.836775
DK2,original_M0,top1,hour,0.0035,original_M0__top2,-149.4625,-186.452175,-130.4762375
DK2,original_M0,top1,hour,0.004,original_M0__top2,-149.1,-186.0882,-130.1157
DK2,original_M0,top1,hour,0.0045000000000000005,original_M0__top2,-148.7375,-185.724225,-129.7551625
DK2,original_M0,top1,hour,0.005000000000000001,original_M0__top2,-148.375,-185.36025,-129.39462500000002
DK2,original_M0,top1,hour,0.0055,original_M0__top2,-148.0125,-184.996275,-129.0340875
DK2,original_M0,top1,hour,0.006,original_M0__top2,-147.65,-184.63230000000001,-128.67355
DK2,original_M0,top1,hour,0.006500000000000001,original_M0__top2,-147.2875,-184.268325,-128.3130125
DK2,original_M0,top1,hour,0.007000000000000001,original_M0__top2,-146.925,-183.90435,-127.952475
DK2,original_M0,top1,hour,0.0075,original_M0__top2,-146.5625,-183.54037499999998,-127.5919375
DK2,original_M0,top1,hour,0.008,original_M0__top2,-146.2,-183.1764,-127.2314
DK2,original_M0,top1,hour,0.0085,original_M0__top2,-145.8375,-182.81242500000002,-126.8708625
DK2,original_M0,top1,hour,0.009000000000000001,original_M0__top2,-145.475,-182.44845,-126.510325
DK2,original_M0,top1,hour,0.009500000000000001,original_M0__top2,-145.1125,-182.084475,-126.14978749999999
DK2,original_M0,top1,hour,0.01,original_M0__top2,-144.75,-181.7205,-125.78925000000001
DK2,original_M0,top1,hour,0.0105,original_M0__top2,-144.3875,-181.356525,-125.4287125
DK2,original_M0,top1,hour,0.011000000000000001,original_M0__top2,-144.025,-180.99255,-125.068175
DK2,original_M0,top1,hour,0.0115,original_M0__top2,-143.6625,-180.62857499999998,-124.7076375
DK2,original_M0,top1,hour,0.012,original_M0__top2,-143.3,-180.2646,-124.3471
DK2,original_M0,top1,hour,0.0125,original_M0__top2,-142.9375,-179.90062500000002,-123.9865625
DK2,original_M0,top1,hour,0.013000000000000001,original_M0__top2,-142.575,-179.53665,-123.626025
DK2,original_M0,top1,hour,0.013500000000000002,original_M0__top2,-142.2125,-179.172675,-123.26548749999999
DK2,original_M0,top1,hour,0.014,original_M0__top2,-141.85,-178.8087,-122.90495000000001
DK2,original_M0,top1,hour,0.0145,original_M0__top2,-141.4875,-178.44472499999998,-122.5444125
DK2,original_M0,top1,hour,0.015,original_M0__top2,-141.125,-178.08075000000002,-122.183875
DK2,original_M0,top1,hour,0.02,original_M0__top2,-137.5,-174.441,-118.5785
DK2,original_M0,top1,hour,0.03,original_M0__top2,-130.25,-167.1615,-111.36775
DK2,original_M0,top1,hour,0.05,original_M0__top2,-115.75,-152.6025,-96.94624999999999
DK2,original_M0,top1,hour,0.1,original_M0__top2,-79.5,-116.205,-60.8925
DK2,original_M0,top1,hour,0.2,original_M0__top2,-7.0,-43.605,11.800000000000011
DK2,original_M0,top1,hour,0.25,original_M0__top2,29.25,-7.5,48.006249999999994
DK2,original_M0,top1,hour,0.5,original_M0__top2,210.5,173.0,229.0125
DK2,original_M0,top1,hour,1.0,original_M0__top2,573.0,534.975,591.0
DK2,original_M0,count2022_target05,process,0.0,original_M0__top2,-2.0,-5.0,0.0
DK2,original_M0,count2022_target05,process,0.0005,original_M0__top2,-1.587,-4.574612500000001,0.41901249999999995
DK2,original_M0,count2022_target05,process,0.001,original_M0__top2,-1.174,-4.149225,0.8380249999999999
DK2,original_M0,count2022_target05,process,0.0015,original_M0__top2,-0.7609999999999999,-3.7238375,1.2570375
DK2,original_M0,count2022_target05,process,0.002,original_M0__top2,-0.34799999999999986,-3.29845,1.6760499999999998
DK2,original_M0,count2022_target05,process,0.0025,original_M0__top2,0.06499999999999995,-2.8730625,2.0950625
DK2,original_M0,count2022_target05,process,0.003,original_M0__top2,0.4780000000000002,-2.447675,2.514075
DK2,original_M0,count2022_target05,process,0.0035,original_M0__top2,0.891,-2.0222875,2.9330875
DK2,original_M0,count2022_target05,process,0.004,original_M0__top2,1.3040000000000003,-1.5969,3.3520999999999996
DK2,original_M0,count2022_target05,process,0.0045000000000000005,original_M0__top2,1.7170000000000005,-1.1715124999999995,3.7711125
DK2,original_M0,count2022_target05,process,0.005000000000000001,original_M0__top2,2.130000000000001,-0.7461249999999992,4.190125
DK2,original_M0,count2022_target05,process,0.0055,original_M0__top2,2.543,-0.3207375000000005,4.6091375
DK2,original_M0,count2022_target05,process,0.006,original_M0__top2,2.9560000000000004,0.10464999999999997,5.02815
DK2,original_M0,count2022_target05,process,0.006500000000000001,original_M0__top2,3.3690000000000007,0.5300375000000004,5.4471625
DK2,original_M0,count2022_target05,process,0.007000000000000001,original_M0__top2,3.782000000000001,0.9554250000000009,5.866175
DK2,original_M0,count2022_target05,process,0.0075,original_M0__top2,4.194999999999999,1.3759374999999996,6.2851875
DK2,original_M0,count2022_target05,process,0.008,original_M0__top2,4.6080000000000005,1.7359999999999998,6.704199999999999
DK2,original_M0,count2022_target05,process,0.0085,original_M0__top2,5.021000000000001,2.155937500000001,7.1232125
DK2,original_M0,count2022_target05,process,0.009000000000000001,original_M0__top2,5.434000000000001,2.5603000000000007,7.542225
DK2,original_M0,count2022_target05,process,0.009500000000000001,original_M0__top2,5.847000000000001,2.951500000000001,7.961237500000001
DK2,original_M0,count2022_target05,process,0.01,original_M0__top2,6.26,3.370000000000001,8.38025
DK2,original_M0,count2022_target05,process,0.0105,original_M0__top2,6.673,3.788500000000001,8.799262500000001
DK2,original_M0,count2022_target05,process,0.011000000000000001,original_M0__top2,7.086,4.207000000000001,9.218275000000002
DK2,original_M0,count2022_target05,process,0.0115,original_M0__top2,7.4990000000000006,4.6247125,9.6372875
DK2,original_M0,count2022_target05,process,0.012,original_M0__top2,7.912000000000001,4.9997,10.0563
DK2,original_M0,count2022_target05,process,0.0125,original_M0__top2,8.325000000000001,5.375,10.475312500000001
DK2,original_M0,count2022_target05,process,0.013000000000000001,original_M0__top2,8.738000000000001,5.789675000000001,10.894325
DK2,original_M0,count2022_target05,process,0.013500000000000002,original_M0__top2,9.151000000000002,6.204662500000002,11.313337500000001
DK2,original_M0,count2022_target05,process,0.014,original_M0__top2,9.564,6.6058,11.73235
DK2,original_M0,count2022_target05,process,0.0145,original_M0__top2,9.977,7.0194,12.1513625
DK2,original_M0,count2022_target05,process,0.015,original_M0__top2,10.389999999999999,7.433249999999999,12.570375
DK2,original_M0,count2022_target05,process,0.02,original_M0__top2,14.52,11.379000000000001,16.7805
DK2,original_M0,count2022_target05,process,0.03,original_M0__top2,22.779999999999998,19.229,25.2
DK2,original_M0,count2022_target05,process,0.05,original_M0__top2,39.300000000000004,34.6,42.151250000000005
DK2,original_M0,count2022_target05,process,0.1,original_M0__top2,80.60000000000001,72.4975,84.9
DK2,original_M0,count2022_target05,process,0.2,original_M0__top2,163.20000000000002,147.19500000000002,170.60500000000002
DK2,original_M0,count2022_target05,process,0.25,original_M0__top2,204.5,184.49375,213.75
DK2,original_M0,count2022_target05,process,0.5,original_M0__top2,411.0,371.0,428.5125
DK2,original_M0,count2022_target05,process,1.0,original_M0__top2,824.0,743.975,860.0
DK2,original_M0,count2022_target05,hour,0.0,original_M0__top2,-14.0,-24.0,-6.0
DK2,original_M0,count2022_target05,hour,0.0005,original_M0__top2,-13.587,-23.5715125,-5.6104875
DK2,original_M0,count2022_target05,hour,0.001,original_M0__top2,-13.174,-23.143024999999998,-5.220975
DK2,original_M0,count2022_target05,hour,0.0015,original_M0__top2,-12.761,-22.714537500000002,-4.8314625
DK2,original_M0,count2022_target05,hour,0.002,original_M0__top2,-12.347999999999999,-22.28605,-4.44195
DK2,original_M0,count2022_target05,hour,0.0025,original_M0__top2,-11.935,-21.8575625,-4.0524375
DK2,original_M0,count2022_target05,hour,0.003,original_M0__top2,-11.522,-21.429075,-3.662925
DK2,original_M0,count2022_target05,hour,0.0035,original_M0__top2,-11.109,-21.000587499999998,-3.2734125
DK2,original_M0,count2022_target05,hour,0.004,original_M0__top2,-10.696,-20.572100000000002,-2.8839
DK2,original_M0,count2022_target05,hour,0.0045000000000000005,original_M0__top2,-10.283,-20.1436125,-2.4943874999999998
DK2,original_M0,count2022_target05,hour,0.005000000000000001,original_M0__top2,-9.87,-19.715125,-2.1048749999999994
DK2,original_M0,count2022_target05,hour,0.0055,original_M0__top2,-9.457,-19.286637499999998,-1.7153625000000006
DK2,original_M0,count2022_target05,hour,0.006,original_M0__top2,-9.044,-18.85815,-1.3258499999999998
DK2,original_M0,count2022_target05,hour,0.006500000000000001,original_M0__top2,-8.631,-18.4296625,-0.9363374999999998
DK2,original_M0,count2022_target05,hour,0.007000000000000001,original_M0__top2,-8.218,-18.001175,-0.546824999999999
DK2,original_M0,count2022_target05,hour,0.0075,original_M0__top2,-7.805000000000001,-17.5726875,-0.1573125000000008
DK2,original_M0,count2022_target05,hour,0.008,original_M0__top2,-7.3919999999999995,-17.144199999999998,0.23220000000000002
DK2,original_M0,count2022_target05,hour,0.0085,original_M0__top2,-6.978999999999999,-16.7157125,0.6217125
DK2,original_M0,count2022_target05,hour,0.009000000000000001,original_M0__top2,-6.565999999999999,-16.287225,1.0112250000000007
DK2,original_M0,count2022_target05,hour,0.009500000000000001,original_M0__top2,-6.152999999999999,-15.858737499999998,1.4007375000000009
DK2,original_M0,count2022_target05,hour,0.01,original_M0__top2,-5.74,-15.43025,1.79025
DK2,original_M0,count2022_target05,hour,0.0105,original_M0__top2,-5.327,-15.0017625,2.1797625000000007
DK2,original_M0,count2022_target05,hour,0.011000000000000001,original_M0__top2,-4.914,-14.573274999999999,2.5692750000000006
DK2,original_M0,count2022_target05,hour,0.0115,original_M0__top2,-4.5009999999999994,-14.1447875,2.958787499999999
DK2,original_M0,count2022_target05,hour,0.012,original_M0__top2,-4.087999999999999,-13.7163,3.3483000000000005
DK2,original_M0,count2022_target05,hour,0.0125,original_M0__top2,-3.674999999999999,-13.287812499999998,3.7378125000000004
DK2,original_M0,count2022_target05,hour,0.013000000000000001,original_M0__top2,-3.2619999999999987,-12.859324999999998,4.127325000000001
DK2,original_M0,count2022_target05,hour,0.013500000000000002,original_M0__top2,-2.8489999999999984,-12.443024999999999,4.5168375
DK2,original_M0,count2022_target05,hour,0.014,original_M0__top2,-2.436,-12.0511,4.906350000000001
DK2,original_M0,count2022_target05,hour,0.0145,original_M0__top2,-2.0229999999999997,-11.659175,5.3103750000000005
DK2,original_M0,count2022_target05,hour,0.015,original_M0__top2,-1.6100000000000012,-11.26725,5.701249999999998
DK2,original_M0,count2022_target05,hour,0.02,original_M0__top2,2.5199999999999996,-7.347999999999999,9.741499999999998
DK2,original_M0,count2022_target05,hour,0.03,original_M0__top2,10.779999999999998,0.5094999999999981,17.703749999999996
DK2,original_M0,count2022_target05,hour,0.05,original_M0__top2,27.300000000000004,16.450000000000003,33.756249999999994
DK2,original_M0,count2022_target05,hour,0.1,original_M0__top2,68.60000000000001,56.195,74.9025
DK2,original_M0,count2022_target05,hour,0.2,original_M0__top2,151.20000000000002,133.395,159.405
DK2,original_M0,count2022_target05,hour,0.25,original_M0__top2,192.5,171.25,201.5125
DK2,original_M0,count2022_target05,hour,0.5,original_M0__top2,399.0,358.5,416.0125
DK2,original_M0,count2022_target05,hour,1.0,original_M0__top2,812.0,730.975,846.025
DK2,original_M0,count2023_target05,process,0.0,original_M0__top2,-3.0,-6.0,0.0
DK2,original_M0,count2023_target05,process,0.0005,original_M0__top2,-2.555,-5.5665375,0.432525
DK2,original_M0,count2023_target05,process,0.001,original_M0__top2,-2.11,-5.133075,0.86505
DK2,original_M0,count2023_target05,process,0.0015,original_M0__top2,-1.665,-4.699612500000001,1.297575
DK2,original_M0,count2023_target05,process,0.002,original_M0__top2,-1.22,-4.26615,1.7301
DK2,original_M0,count2023_target05,process,0.0025,original_M0__top2,-0.7749999999999999,-3.8326875,2.162625
DK2,original_M0,count2023_target05,process,0.003,original_M0__top2,-0.33000000000000007,-3.399225,2.59515
DK2,original_M0,count2023_target05,process,0.0035,original_M0__top2,0.11500000000000021,-2.9657625,3.027675
DK2,original_M0,count2023_target05,process,0.004,original_M0__top2,0.56,-2.5323,3.4602
DK2,original_M0,count2023_target05,process,0.0045000000000000005,original_M0__top2,1.0050000000000008,-2.0988374999999997,3.8927250000000004
DK2,original_M0,count2023_target05,process,0.005000000000000001,original_M0__top2,1.450000000000001,-1.6653749999999992,4.3252500000000005
DK2,original_M0,count2023_target05,process,0.0055,original_M0__top2,1.8949999999999996,-1.2319125000000004,4.757774999999999
DK2,original_M0,count2023_target05,process,0.006,original_M0__top2,2.34,-0.79845,5.1903
DK2,original_M0,count2023_target05,process,0.006500000000000001,original_M0__top2,2.785,-0.3649874999999996,5.622825000000001
DK2,original_M0,count2023_target05,process,0.007000000000000001,original_M0__top2,3.2300000000000013,0.06847500000000087,6.055350000000001
DK2,original_M0,count2023_target05,process,0.0075,original_M0__top2,3.675,0.5019374999999995,6.487875
DK2,original_M0,count2023_target05,process,0.008,original_M0__top2,4.12,0.9354,6.9204
DK2,original_M0,count2023_target05,process,0.0085,original_M0__top2,4.565,1.3688625000000003,7.352925000000001
DK2,original_M0,count2023_target05,process,0.009000000000000001,original_M0__top2,5.010000000000002,1.8023250000000008,7.785450000000001
DK2,original_M0,count2023_target05,process,0.009500000000000001,original_M0__top2,5.455000000000002,2.235787500000001,8.217975000000001
DK2,original_M0,count2023_target05,process,0.01,original_M0__top2,5.9,2.66925,8.6505
DK2,original_M0,count2023_target05,process,0.0105,original_M0__top2,6.345000000000001,3.1027125000000004,9.083025000000001
DK2,original_M0,count2023_target05,process,0.011000000000000001,original_M0__top2,6.790000000000001,3.536175000000001,9.51555
DK2,original_M0,count2023_target05,process,0.0115,original_M0__top2,7.234999999999999,3.9696374999999997,9.948075
DK2,original_M0,count2023_target05,process,0.012,original_M0__top2,7.68,4.4031,10.3806
DK2,original_M0,count2023_target05,process,0.0125,original_M0__top2,8.125,4.8365625,10.813125
DK2,original_M0,count2023_target05,process,0.013000000000000001,original_M0__top2,8.57,5.270025000000001,11.245650000000001
DK2,original_M0,count2023_target05,process,0.013500000000000002,original_M0__top2,9.015,5.703487500000001,11.678175000000001
DK2,original_M0,count2023_target05,process,0.014,original_M0__top2,9.46,6.13695,12.1107
DK2,original_M0,count2023_target05,process,0.0145,original_M0__top2,9.905000000000001,6.570412500000001,12.5715125
DK2,original_M0,count2023_target05,process,0.015,original_M0__top2,10.35,7.003874999999999,13.010625
DK2,original_M0,count2023_target05,process,0.02,original_M0__top2,14.8,11.279000000000002,17.560999999999996
DK2,original_M0,count2023_target05,process,0.03,original_M0__top2,23.7,19.78875,26.600749999999998
DK2,original_M0,count2023_target05,process,0.05,original_M0__top2,41.5,36.85,44.650000000000006
DK2,original_M0,count2023_target05,process,0.1,original_M0__top2,86.0,78.4975,90.4
DK2,original_M0,count2023_target05,process,0.2,original_M0__top2,175.0,160.59500000000003,183.0
DK2,original_M0,count2023_target05,process,0.25,original_M0__top2,219.5,201.25,229.00625
DK2,original_M0,count2023_target05,process,0.5,original_M0__top2,442.0,404.9875,461.0
DK2,original_M0,count2023_target05,process,1.0,original_M0__top2,887.0,813.975,925.0
DK2,original_M0,count2023_target05,hour,0.0,original_M0__top2,-20.0,-32.025,-10.975000000000023
DK2,original_M0,count2023_target05,hour,0.0005,original_M0__top2,-19.555,-31.599125,-10.539662500000022
DK2,original_M0,count2023_target05,hour,0.001,original_M0__top2,-19.11,-31.17325,-10.104325000000022
DK2,original_M0,count2023_target05,hour,0.0015,original_M0__top2,-18.665,-30.747375,-9.668987500000021
DK2,original_M0,count2023_target05,hour,0.002,original_M0__top2,-18.22,-30.321499999999997,-9.23365000000002
DK2,original_M0,count2023_target05,hour,0.0025,original_M0__top2,-17.775,-29.895625,-8.79831250000002
DK2,original_M0,count2023_target05,hour,0.003,original_M0__top2,-17.33,-29.469749999999998,-8.36297500000002
DK2,original_M0,count2023_target05,hour,0.0035,original_M0__top2,-16.884999999999998,-29.043875,-7.927637500000019
DK2,original_M0,count2023_target05,hour,0.004,original_M0__top2,-16.44,-28.618,-7.492300000000018
DK2,original_M0,count2023_target05,hour,0.0045000000000000005,original_M0__top2,-15.995,-28.192125,-7.056962500000017
DK2,original_M0,count2023_target05,hour,0.005000000000000001,original_M0__top2,-15.549999999999999,-27.76625,-6.621625000000016
DK2,original_M0,count2023_target05,hour,0.0055,original_M0__top2,-15.105,-27.340374999999998,-6.186287500000017
DK2,original_M0,count2023_target05,hour,0.006,original_M0__top2,-14.66,-26.9145,-5.7509500000000155
DK2,original_M0,count2023_target05,hour,0.006500000000000001,original_M0__top2,-14.215,-26.488625,-5.3156125000000145
DK2,original_M0,count2023_target05,hour,0.007000000000000001,original_M0__top2,-13.77,-26.057174999999997,-4.8802750000000135
DK2,original_M0,count2023_target05,hour,0.0075,original_M0__top2,-13.325,-25.6326875,-4.444937500000013
DK2,original_M0,count2023_target05,hour,0.008,original_M0__top2,-12.879999999999999,-25.208199999999998,-4.009600000000013
DK2,original_M0,count2023_target05,hour,0.0085,original_M0__top2,-12.434999999999999,-24.7837125,-3.5742625000000117
DK2,original_M0,count2023_target05,hour,0.009000000000000001,original_M0__top2,-11.989999999999998,-24.359225,-3.138925000000011
DK2,original_M0,count2023_target05,hour,0.009500000000000001,original_M0__top2,-11.544999999999998,-23.9347375,-2.7035875000000105
DK2,original_M0,count2023_target05,hour,0.01,original_M0__top2,-11.1,-23.51025,-2.26825000000001
DK2,original_M0,count2023_target05,hour,0.0105,original_M0__top2,-10.655,-23.0857625,-1.8329125000000095
DK2,original_M0,count2023_target05,hour,0.011000000000000001,original_M0__top2,-10.209999999999999,-22.661275,-1.397575000000009
DK2,original_M0,count2023_target05,hour,0.0115,original_M0__top2,-9.765,-22.2367875,-0.9622375000000084
DK2,original_M0,count2023_target05,hour,0.012,original_M0__top2,-9.32,-21.812299999999997,-0.5269000000000079
DK2,original_M0,count2023_target05,hour,0.0125,original_M0__top2,-8.875,-21.3878125,-0.0915625000000073
DK2,original_M0,count2023_target05,hour,0.013000000000000001,original_M0__top2,-8.43,-20.963325,0.3437749999999932
DK2,original_M0,count2023_target05,hour,0.013500000000000002,original_M0__top2,-7.984999999999999,-20.5388375,0.7791124999999955
DK2,original_M0,count2023_target05,hour,0.014,original_M0__top2,-7.539999999999999,-20.114349999999998,1.2144499999999943
DK2,original_M0,count2023_target05,hour,0.0145,original_M0__top2,-7.094999999999999,-19.6898625,1.6497874999999949
DK2,original_M0,count2023_target05,hour,0.015,original_M0__top2,-6.65,-19.265375,2.0851249999999952
DK2,original_M0,count2023_target05,hour,0.02,original_M0__top2,-2.1999999999999993,-14.942000000000002,6.420500000000001
DK2,original_M0,count2023_target05,hour,0.03,original_M0__top2,6.699999999999999,-5.9125,15.161
DK2,original_M0,count2023_target05,hour,0.05,original_M0__top2,24.5,11.950000000000003,32.60125
DK2,original_M0,count2023_target05,hour,0.1,original_M0__top2,69.0,55.80000000000001,76.4
DK2,original_M0,count2023_target05,hour,0.2,original_M0__top2,158.0,140.19500000000002,166.205
DK2,original_M0,count2023_target05,hour,0.25,original_M0__top2,202.5,181.74375,212.00625
DK2,original_M0,count2023_target05,hour,0.5,original_M0__top2,425.0,388.9875,443.0
DK2,original_M0,count2023_target05,hour,1.0,original_M0__top2,870.0,799.0,905.0
DK2,original_M0,fixed025,process,0.0,original_M0__top2,-7.0,-12.0,-3.0
DK2,original_M0,fixed025,process,0.0005,original_M0__top2,-6.5335,-11.5540375,-2.5329875
DK2,original_M0,fixed025,process,0.001,original_M0__top2,-6.067,-11.108075000000001,-2.065975
DK2,original_M0,fixed025,process,0.0015,original_M0__top2,-5.6005,-10.6621125,-1.5989625
DK2,original_M0,fixed025,process,0.002,original_M0__top2,-5.134,-10.216149999999999,-1.13195
DK2,original_M0,fixed025,process,0.0025,original_M0__top2,-4.6675,-9.770187499999999,-0.6649375000000001
DK2,original_M0,fixed025,process,0.003,original_M0__top2,-4.2010000000000005,-9.324225,-0.19792500000000002
DK2,original_M0,fixed025,process,0.0035,original_M0__top2,-3.7345,-8.8782625,0.26908750000000003
DK2,original_M0,fixed025,process,0.004,original_M0__top2,-3.268,-8.4323,0.7361000000000001
DK2,original_M0,fixed025,process,0.0045000000000000005,original_M0__top2,-2.8015,-7.986337499999999,1.2031125000000003
DK2,original_M0,fixed025,process,0.005000000000000001,original_M0__top2,-2.334999999999999,-7.540374999999999,1.6701250000000007
DK2,original_M0,fixed025,process,0.0055,original_M0__top2,-1.8685,-7.094412500000001,2.1371374999999992
DK2,original_M0,fixed025,process,0.006,original_M0__top2,-1.4020000000000001,-6.6484499999999995,2.6041499999999997
DK2,original_M0,fixed025,process,0.006500000000000001,original_M0__top2,-0.9354999999999993,-6.202487499999999,3.0711625000000007
DK2,original_M0,fixed025,process,0.007000000000000001,original_M0__top2,-0.4689999999999994,-5.756524999999999,3.538175000000001
DK2,original_M0,fixed025,process,0.0075,original_M0__top2,-0.002500000000000391,-5.3105625000000005,4.0051875
DK2,original_M0,fixed025,process,0.008,original_M0__top2,0.4640000000000004,-4.8646,4.4722
DK2,original_M0,fixed025,process,0.0085,original_M0__top2,0.9305000000000003,-4.398499999999999,4.939212500000001
DK2,original_M0,fixed025,process,0.009000000000000001,original_M0__top2,1.3970000000000002,-3.8939999999999992,5.406225
DK2,original_M0,fixed025,process,0.009500000000000001,original_M0__top2,1.863500000000002,-3.3963249999999987,5.873237500000001
DK2,original_M0,fixed025,process,0.01,original_M0__top2,2.33,-2.9434999999999993,6.340249999999999
DK2,original_M0,fixed025,process,0.0105,original_M0__top2,2.7965,-2.490675,6.8072625
DK2,original_M0,fixed025,process,0.011000000000000001,original_M0__top2,3.2630000000000017,-2.037849999999999,7.274275
DK2,original_M0,fixed025,process,0.0115,original_M0__top2,3.7295,-1.5850249999999992,7.741287499999999
DK2,original_M0,fixed025,process,0.012,original_M0__top2,4.196,-1.1321999999999999,8.2083
DK2,original_M0,fixed025,process,0.0125,original_M0__top2,4.662500000000001,-0.6793749999999987,8.6753125
DK2,original_M0,fixed025,process,0.013000000000000001,original_M0__top2,5.129000000000001,-0.22654999999999922,9.142325000000001
DK2,original_M0,fixed025,process,0.013500000000000002,original_M0__top2,5.595500000000001,0.22627500000000192,9.609337500000002
DK2,original_M0,fixed025,process,0.014,original_M0__top2,6.061999999999999,0.6793000000000013,10.07635
DK2,original_M0,fixed025,process,0.0145,original_M0__top2,6.528500000000001,1.1330250000000006,10.5433625
DK2,original_M0,fixed025,process,0.015,original_M0__top2,6.994999999999999,1.58675,11.010375
DK2,original_M0,fixed025,process,0.02,original_M0__top2,11.66,6.219499999999999,15.523499999999997
DK2,original_M0,fixed025,process,0.03,original_M0__top2,20.99,15.278499999999998,25.05125
DK2,original_M0,fixed025,process,0.05,original_M0__top2,39.650000000000006,33.2475,44.0
DK2,original_M0,fixed025,process,0.1,original_M0__top2,86.30000000000001,77.29750000000001,91.9025
DK2,original_M0,fixed025,process,0.2,original_M0__top2,179.60000000000002,164.60000000000002,189.005
DK2,original_M0,fixed025,process,0.25,original_M0__top2,226.25,208.4875,237.5125
DK2,original_M0,fixed025,process,0.5,original_M0__top2,459.5,424.9875,481.0
DK2,original_M0,fixed025,process,1.0,original_M0__top2,926.0,856.975,968.025
DK2,original_M0,fixed025,hour,0.0,original_M0__top2,-27.0,-42.0,-16.0
DK2,original_M0,fixed025,hour,0.0005,original_M0__top2,-26.5335,-41.5110375,-15.5547625
DK2,original_M0,fixed025,hour,0.001,original_M0__top2,-26.067,-41.022075,-15.109525
DK2,original_M0,fixed025,hour,0.0015,original_M0__top2,-25.6005,-40.5331125,-14.6642875
DK2,original_M0,fixed025,hour,0.002,original_M0__top2,-25.134,-40.044149999999995,-14.219050000000001
DK2,original_M0,fixed025,hour,0.0025,original_M0__top2,-24.6675,-39.5551875,-13.773812500000002
DK2,original_M0,fixed025,hour,0.003,original_M0__top2,-24.201,-39.066225,-13.328575
DK2,original_M0,fixed025,hour,0.0035,original_M0__top2,-23.7345,-38.577262499999996,-12.883337500000001
DK2,original_M0,fixed025,hour,0.004,original_M0__top2,-23.268,-38.088300000000004,-12.4381
DK2,original_M0,fixed025,hour,0.0045000000000000005,original_M0__top2,-22.8015,-37.5993375,-11.992862500000001
DK2,original_M0,fixed025,hour,0.005000000000000001,original_M0__top2,-22.335,-37.110375,-11.547625000000002
DK2,original_M0,fixed025,hour,0.0055,original_M0__top2,-21.8685,-36.621412500000005,-11.102387500000003
DK2,original_M0,fixed025,hour,0.006,original_M0__top2,-21.402,-36.13245,-10.657150000000003
DK2,original_M0,fixed025,hour,0.006500000000000001,original_M0__top2,-20.935499999999998,-35.6434875,-10.211912500000002
DK2,original_M0,fixed025,hour,0.007000000000000001,original_M0__top2,-20.469,-35.154525,-9.766675000000003
DK2,original_M0,fixed025,hour,0.0075,original_M0__top2,-20.0025,-34.6655625,-9.321437500000002
DK2,original_M0,fixed025,hour,0.008,original_M0__top2,-19.536,-34.1766,-8.876200000000003
DK2,original_M0,fixed025,hour,0.0085,original_M0__top2,-19.069499999999998,-33.6876375,-8.430962500000003
DK2,original_M0,fixed025,hour,0.009000000000000001,original_M0__top2,-18.603,-33.198675,-7.985725000000002
DK2,original_M0,fixed025,hour,0.009500000000000001,original_M0__top2,-18.136499999999998,-32.709712499999995,-7.540487500000002
DK2,original_M0,fixed025,hour,0.01,original_M0__top2,-17.67,-32.220749999999995,-7.095250000000004
DK2,original_M0,fixed025,hour,0.0105,original_M0__top2,-17.2035,-31.731787500000003,-6.650012500000004
DK2,original_M0,fixed025,hour,0.011000000000000001,original_M0__top2,-16.737,-31.242824999999996,-6.204775000000004
DK2,original_M0,fixed025,hour,0.0115,original_M0__top2,-16.2705,-30.7538625,-5.759537500000006
DK2,original_M0,fixed025,hour,0.012,original_M0__top2,-15.804,-30.2649,-5.314300000000006
DK2,original_M0,fixed025,hour,0.0125,original_M0__top2,-15.337499999999999,-29.775937499999998,-4.869062500000005
DK2,original_M0,fixed025,hour,0.013000000000000001,original_M0__top2,-14.870999999999999,-29.286975,-4.423825000000005
DK2,original_M0,fixed025,hour,0.013500000000000002,original_M0__top2,-14.404499999999999,-28.7980125,-3.978587500000005
DK2,original_M0,fixed025,hour,0.014,original_M0__top2,-13.938,-28.30905,-3.5333500000000053
DK2,original_M0,fixed025,hour,0.0145,original_M0__top2,-13.471499999999999,-27.8347125,-3.088112500000005
DK2,original_M0,fixed025,hour,0.015,original_M0__top2,-13.005,-27.375125,-2.6428750000000067
DK2,original_M0,fixed025,hour,0.02,original_M0__top2,-8.34,-22.7015,1.8094999999999921
DK2,original_M0,fixed025,hour,0.03,original_M0__top2,0.9899999999999984,-13.562000000000003,11.055499999999995
DK2,original_M0,fixed025,hour,0.05,original_M0__top2,19.650000000000006,4.74625,29.456249999999997
DK2,original_M0,fixed025,hour,0.1,original_M0__top2,66.30000000000001,50.80000000000001,75.10000000000001
DK2,original_M0,fixed025,hour,0.2,original_M0__top2,159.60000000000002,140.60000000000002,169.41
DK2,original_M0,fixed025,hour,0.25,original_M0__top2,206.25,184.75,216.75625
DK2,original_M0,fixed025,hour,0.5,original_M0__top2,439.5,403.0,458.0
DK2,original_M0,fixed025,hour,1.0,original_M0__top2,906.0,835.975,945.025
DK2,original_M0,count2022_cool6,process,0.0,original_M0__top2,2.0,-5.0,9.0
DK2,original_M0,count2022_cool6,process,0.0005,original_M0__top2,2.4605,-4.5407375,9.458025000000001
DK2,original_M0,count2022_cool6,process,0.001,original_M0__top2,2.9210000000000003,-4.081474999999999,9.91605
DK2,original_M0,count2022_cool6,process,0.0015,original_M0__top2,3.3815,-3.6222125000000003,10.374075000000001
DK2,original_M0,count2022_cool6,process,0.002,original_M0__top2,3.842,-3.16295,10.8321
DK2,original_M0,count2022_cool6,process,0.0025,original_M0__top2,4.3025,-2.7036875,11.290125
DK2,original_M0,count2022_cool6,process,0.003,original_M0__top2,4.763,-2.2444249999999997,11.74815
DK2,original_M0,count2022_cool6,process,0.0035,original_M0__top2,5.2235,-1.7851625,12.206175
DK2,original_M0,count2022_cool6,process,0.004,original_M0__top2,5.684,-1.3258999999999996,12.6642
DK2,original_M0,count2022_cool6,process,0.0045000000000000005,original_M0__top2,6.144500000000001,-0.8666374999999995,13.122225
DK2,original_M0,count2022_cool6,process,0.005000000000000001,original_M0__top2,6.605000000000001,-0.4073749999999992,13.580250000000001
DK2,original_M0,count2022_cool6,process,0.0055,original_M0__top2,7.0655,0.05188750000000012,14.038275
DK2,original_M0,count2022_cool6,process,0.006,original_M0__top2,7.526,0.5111500000000004,14.4963
DK2,original_M0,count2022_cool6,process,0.006500000000000001,original_M0__top2,7.9865,0.9704125000000007,14.954325
DK2,original_M0,count2022_cool6,process,0.007000000000000001,original_M0__top2,8.447000000000001,1.429675000000001,15.41235
DK2,original_M0,count2022_cool6,process,0.0075,original_M0__top2,8.907499999999999,1.8889375000000004,15.870375000000001
DK2,original_M0,count2022_cool6,process,0.008,original_M0__top2,9.368,2.3482000000000007,16.3284
DK2,original_M0,count2022_cool6,process,0.0085,original_M0__top2,9.828500000000002,2.8074625000000006,16.786425
DK2,original_M0,count2022_cool6,process,0.009000000000000001,original_M0__top2,10.289000000000001,3.266725000000001,17.24445
DK2,original_M0,count2022_cool6,process,0.009500000000000001,original_M0__top2,10.749500000000001,3.7259875000000013,17.702475
DK2,original_M0,count2022_cool6,process,0.01,original_M0__top2,11.21,4.18525,18.1605
DK2,original_M0,count2022_cool6,process,0.0105,original_M0__top2,11.6705,4.6445125,18.618525
DK2,original_M0,count2022_cool6,process,0.011000000000000001,original_M0__top2,12.131,5.103775000000002,19.07655
DK2,original_M0,count2022_cool6,process,0.0115,original_M0__top2,12.5915,5.5630375,19.534575
DK2,original_M0,count2022_cool6,process,0.012,original_M0__top2,13.052,6.0223,19.9926
DK2,original_M0,count2022_cool6,process,0.0125,original_M0__top2,13.512500000000001,6.481562500000001,20.450625000000002
DK2,original_M0,count2022_cool6,process,0.013000000000000001,original_M0__top2,13.973,6.901825000000002,20.90865
DK2,original_M0,count2022_cool6,process,0.013500000000000002,original_M0__top2,14.433500000000002,7.322087500000001,21.3663625
DK2,original_M0,count2022_cool6,process,0.014,original_M0__top2,14.894,7.742350000000001,21.80255
DK2,original_M0,count2022_cool6,process,0.0145,original_M0__top2,15.3545,8.1626125,22.2249625
DK2,original_M0,count2022_cool6,process,0.015,original_M0__top2,15.815,8.582875,22.647249999999996
DK2,original_M0,count2022_cool6,process,0.02,original_M0__top2,20.42,13.097500000000002,27.16
DK2,original_M0,count2022_cool6,process,0.03,original_M0__top2,29.63,22.186999999999998,36.1905
DK2,original_M0,count2022_cool6,process,0.05,original_M0__top2,48.050000000000004,39.800000000000004,54.35
DK2,original_M0,count2022_cool6,process,0.1,original_M0__top2,94.10000000000001,83.7,100.30000000000001
DK2,original_M0,count2022_cool6,process,0.2,original_M0__top2,186.20000000000002,170.4,194.005
DK2,original_M0,count2022_cool6,process,0.25,original_M0__top2,232.25,213.25,241.5
DK2,original_M0,count2022_cool6,process,0.5,original_M0__top2,462.5,426.9875,478.5125
DK2,original_M0,count2022_cool6,process,1.0,original_M0__top2,923.0,849.0,954.0
DK2,original_M0,count2022_cool6,hour,0.0,original_M0__top2,-76.0,-103.0,-52.97500000000002
DK2,original_M0,count2022_cool6,hour,0.0005,original_M0__top2,-75.5395,-102.556975,-52.498575000000024
DK2,original_M0,count2022_cool6,hour,0.001,original_M0__top2,-75.079,-102.11395,-52.02215000000002
DK2,original_M0,count2022_cool6,hour,0.0015,original_M0__top2,-74.6185,-101.670925,-51.545725000000026
DK2,original_M0,count2022_cool6,hour,0.002,original_M0__top2,-74.158,-101.2279,-51.06930000000002
DK2,original_M0,count2022_cool6,hour,0.0025,original_M0__top2,-73.6975,-100.784875,-50.59287500000002
DK2,original_M0,count2022_cool6,hour,0.003,original_M0__top2,-73.237,-100.34185,-50.116450000000015
DK2,original_M0,count2022_cool6,hour,0.0035,original_M0__top2,-72.7765,-99.898825,-49.64002500000002
DK2,original_M0,count2022_cool6,hour,0.004,original_M0__top2,-72.316,-99.4558,-49.16360000000002
DK2,original_M0,count2022_cool6,hour,0.0045000000000000005,original_M0__top2,-71.8555,-99.012775,-48.68717500000002
DK2,original_M0,count2022_cool6,hour,0.005000000000000001,original_M0__top2,-71.395,-98.56975,-48.21075000000001
DK2,original_M0,count2022_cool6,hour,0.0055,original_M0__top2,-70.9345,-98.126725,-47.73432500000002
DK2,original_M0,count2022_cool6,hour,0.006,original_M0__top2,-70.474,-97.6837,-47.257900000000014
DK2,original_M0,count2022_cool6,hour,0.006500000000000001,original_M0__top2,-70.0135,-97.240675,-46.781475000000015
DK2,original_M0,count2022_cool6,hour,0.007000000000000001,original_M0__top2,-69.553,-96.79764999999999,-46.305050000000016
DK2,original_M0,count2022_cool6,hour,0.0075,original_M0__top2,-69.0925,-96.354625,-45.82862500000002
DK2,original_M0,count2022_cool6,hour,0.008,original_M0__top2,-68.632,-95.91159999999999,-45.35220000000002
DK2,original_M0,count2022_cool6,hour,0.0085,original_M0__top2,-68.1715,-95.468575,-44.87577500000001
DK2,original_M0,count2022_cool6,hour,0.009000000000000001,original_M0__top2,-67.711,-95.02555,-44.39935000000001
DK2,original_M0,count2022_cool6,hour,0.009500000000000001,original_M0__top2,-67.2505,-94.58252499999999,-43.92292500000001
DK2,original_M0,count2022_cool6,hour,0.01,original_M0__top2,-66.78999999999999,-94.1395,-43.446500000000015
DK2,original_M0,count2022_cool6,hour,0.0105,original_M0__top2,-66.3295,-93.69647499999999,-42.97007500000001
DK2,original_M0,count2022_cool6,hour,0.011000000000000001,original_M0__top2,-65.869,-93.25345,-42.49365000000001
DK2,original_M0,count2022_cool6,hour,0.0115,original_M0__top2,-65.4085,-92.810425,-42.01722500000001
DK2,original_M0,count2022_cool6,hour,0.012,original_M0__top2,-64.94800000000001,-92.36739999999999,-41.54080000000001
DK2,original_M0,count2022_cool6,hour,0.0125,original_M0__top2,-64.4875,-91.92375,-41.06437500000001
DK2,original_M0,count2022_cool6,hour,0.013000000000000001,original_M0__top2,-64.027,-91.4797,-40.587950000000006
DK2,original_M0,count2022_cool6,hour,0.013500000000000002,original_M0__top2,-63.5665,-91.03564999999999,-40.111525
DK2,original_M0,count2022_cool6,hour,0.014,original_M0__top2,-63.106,-90.5916,-39.63510000000001
DK2,original_M0,count2022_cool6,hour,0.0145,original_M0__top2,-62.6455,-90.14755,-39.15867500000001
DK2,original_M0,count2022_cool6,hour,0.015,original_M0__top2,-62.185,-89.70349999999999,-38.68225
DK2,original_M0,count2022_cool6,hour,0.02,original_M0__top2,-57.58,-85.26299999999999,-33.939499999999995
DK2,original_M0,count2022_cool6,hour,0.03,original_M0__top2,-48.370000000000005,-76.07799999999999,-25.101250000000007
DK2,original_M0,count2022_cool6,hour,0.05,original_M0__top2,-29.949999999999996,-57.951249999999995,-7.146250000000002
DK2,original_M0,count2022_cool6,hour,0.1,original_M0__top2,16.10000000000001,-13.812499999999996,38.7025
DK2,original_M0,count2022_cool6,hour,0.2,original_M0__top2,108.20000000000002,74.59500000000003,130.01
DK2,original_M0,count2022_cool6,hour,0.25,original_M0__top2,154.25,118.49375,175.50625
DK2,original_M0,count2022_cool6,hour,0.5,original_M0__top2,384.5,335.0,408.0125
DK2,original_M0,count2022_cool6,hour,1.0,original_M0__top2,845.0,761.975,879.025
DK2,original_M0,count2023_cool6,process,0.0,original_M0__top2,-1.0,-8.0,5.0
DK2,original_M0,count2023_cool6,process,0.0005,original_M0__top2,-0.505,-7.522575,5.494025
DK2,original_M0,count2023_cool6,process,0.001,original_M0__top2,-0.010000000000000009,-7.04515,5.988049999999999
DK2,original_M0,count2023_cool6,process,0.0015,original_M0__top2,0.4850000000000001,-6.567725,6.482075
DK2,original_M0,count2023_cool6,process,0.002,original_M0__top2,0.98,-6.0903,6.9761
DK2,original_M0,count2023_cool6,process,0.0025,original_M0__top2,1.475,-5.612875,7.470125
DK2,original_M0,count2023_cool6,process,0.003,original_M0__top2,1.9700000000000002,-5.13545,7.96415
DK2,original_M0,count2023_cool6,process,0.0035,original_M0__top2,2.465,-4.658024999999999,8.458175
DK2,original_M0,count2023_cool6,process,0.004,original_M0__top2,2.96,-4.1806,8.9522
DK2,original_M0,count2023_cool6,process,0.0045000000000000005,original_M0__top2,3.455000000000001,-3.7031749999999994,9.446225000000002
DK2,original_M0,count2023_cool6,process,0.005000000000000001,original_M0__top2,3.950000000000001,-3.225749999999999,9.94025
DK2,original_M0,count2023_cool6,process,0.0055,original_M0__top2,4.444999999999999,-2.7483250000000004,10.434275
DK2,original_M0,count2023_cool6,process,0.006,original_M0__top2,4.94,-2.2708999999999997,10.9283
DK2,original_M0,count2023_cool6,process,0.006500000000000001,original_M0__top2,5.4350000000000005,-1.7934749999999995,11.422325
DK2,original_M0,count2023_cool6,process,0.007000000000000001,original_M0__top2,5.930000000000001,-1.3160499999999986,11.91635
DK2,original_M0,count2023_cool6,process,0.0075,original_M0__top2,6.425,-0.8386250000000003,12.410375
DK2,original_M0,count2023_cool6,process,0.008,original_M0__top2,6.92,-0.36119999999999935,12.904399999999999
DK2,original_M0,count2023_cool6,process,0.0085,original_M0__top2,7.415000000000001,0.11622499999999983,13.398425000000001
DK2,original_M0,count2023_cool6,process,0.009000000000000001,original_M0__top2,7.910000000000002,0.5936500000000007,13.89245
DK2,original_M0,count2023_cool6,process,0.009500000000000001,original_M0__top2,8.405000000000001,1.0710750000000016,14.386475
DK2,original_M0,count2023_cool6,process,0.01,original_M0__top2,8.9,1.5485000000000009,14.8805
DK2,original_M0,count2023_cool6,process,0.0105,original_M0__top2,9.395000000000001,2.025925,15.374525
DK2,original_M0,count2023_cool6,process,0.011000000000000001,original_M0__top2,9.89,2.503350000000001,15.868549999999999
DK2,original_M0,count2023_cool6,process,0.0115,original_M0__top2,10.385,2.980775,16.362575
DK2,original_M0,count2023_cool6,process,0.012,original_M0__top2,10.88,3.458200000000001,16.8566
DK2,original_M0,count2023_cool6,process,0.0125,original_M0__top2,11.375,3.935625,17.350625
DK2,original_M0,count2023_cool6,process,0.013000000000000001,original_M0__top2,11.870000000000001,4.413050000000001,17.84465
DK2,original_M0,count2023_cool6,process,0.013500000000000002,original_M0__top2,12.365000000000002,4.890475000000002,18.338675000000002
DK2,original_M0,count2023_cool6,process,0.014,original_M0__top2,12.86,5.368450000000001,18.8327
DK2,original_M0,count2023_cool6,process,0.0145,original_M0__top2,13.355,5.8467875000000005,19.326725
DK2,original_M0,count2023_cool6,process,0.015,original_M0__top2,13.85,6.329875,19.82075
DK2,original_M0,count2023_cool6,process,0.02,original_M0__top2,18.8,11.139000000000001,24.720999999999997
DK2,original_M0,count2023_cool6,process,0.03,original_M0__top2,28.7,20.709749999999996,34.60099999999999
DK2,original_M0,count2023_cool6,process,0.05,original_M0__top2,48.5,39.85,54.35125
DK2,original_M0,count2023_cool6,process,0.1,original_M0__top2,98.0,86.9,103.805
DK2,original_M0,count2023_cool6,process,0.2,original_M0__top2,197.0,181.20000000000002,205.0
DK2,original_M0,count2023_cool6,process,0.25,original_M0__top2,246.5,227.9875,255.75625
DK2,original_M0,count2023_cool6,process,0.5,original_M0__top2,494.0,460.0,510.5
DK2,original_M0,count2023_cool6,process,1.0,original_M0__top2,989.0,923.975,1019.025
DK2,original_M0,count2023_cool6,hour,0.0,original_M0__top2,-83.0,-110.0,-59.0
DK2,original_M0,count2023_cool6,hour,0.0005,original_M0__top2,-82.505,-109.50715000000001,-58.5299375
DK2,original_M0,count2023_cool6,hour,0.001,original_M0__top2,-82.01,-109.01429999999999,-58.059875000000005
DK2,original_M0,count2023_cool6,hour,0.0015,original_M0__top2,-81.515,-108.52145,-57.5898125
DK2,original_M0,count2023_cool6,hour,0.002,original_M0__top2,-81.02,-108.02860000000001,-57.119749999999996
DK2,original_M0,count2023_cool6,hour,0.0025,original_M0__top2,-80.525,-107.53575,-56.6496875
DK2,original_M0,count2023_cool6,hour,0.003,original_M0__top2,-80.03,-107.0429,-56.179625
DK2,original_M0,count2023_cool6,hour,0.0035,original_M0__top2,-79.535,-106.55005000000001,-55.709562500000004
DK2,original_M0,count2023_cool6,hour,0.004,original_M0__top2,-79.04,-106.0572,-55.2395
DK2,original_M0,count2023_cool6,hour,0.0045000000000000005,original_M0__top2,-78.545,-105.56435,-54.769437499999995
DK2,original_M0,count2023_cool6,hour,0.005000000000000001,original_M0__top2,-78.05,-105.07149999999999,-54.299375
DK2,original_M0,count2023_cool6,hour,0.0055,original_M0__top2,-77.555,-104.57865,-53.8293125
DK2,original_M0,count2023_cool6,hour,0.006,original_M0__top2,-77.06,-104.0858,-53.35925
DK2,original_M0,count2023_cool6,hour,0.006500000000000001,original_M0__top2,-76.565,-103.59294999999999,-52.8891875
DK2,original_M0,count2023_cool6,hour,0.007000000000000001,original_M0__top2,-76.07,-103.1001,-52.419125
DK2,original_M0,count2023_cool6,hour,0.0075,original_M0__top2,-75.575,-102.60725000000001,-51.949062500000004
DK2,original_M0,count2023_cool6,hour,0.008,original_M0__top2,-75.08,-102.11439999999999,-51.479
DK2,original_M0,count2023_cool6,hour,0.0085,original_M0__top2,-74.585,-101.62155,-51.0089375
DK2,original_M0,count2023_cool6,hour,0.009000000000000001,original_M0__top2,-74.09,-101.12870000000001,-50.538875
DK2,original_M0,count2023_cool6,hour,0.009500000000000001,original_M0__top2,-73.595,-100.63584999999999,-50.0688125
DK2,original_M0,count2023_cool6,hour,0.01,original_M0__top2,-73.1,-100.143,-49.59875
DK2,original_M0,count2023_cool6,hour,0.0105,original_M0__top2,-72.605,-99.65015000000001,-49.1286875
DK2,original_M0,count2023_cool6,hour,0.011000000000000001,original_M0__top2,-72.11,-99.15729999999999,-48.658625
DK2,original_M0,count2023_cool6,hour,0.0115,original_M0__top2,-71.615,-98.66445,-48.188562499999996
DK2,original_M0,count2023_cool6,hour,0.012,original_M0__top2,-71.12,-98.17160000000001,-47.7185
DK2,original_M0,count2023_cool6,hour,0.0125,original_M0__top2,-70.625,-97.67875,-47.2484375
DK2,original_M0,count2023_cool6,hour,0.013000000000000001,original_M0__top2,-70.13,-97.1859,-46.778375000000004
DK2,original_M0,count2023_cool6,hour,0.013500000000000002,original_M0__top2,-69.63499999999999,-96.69305,-46.30831250000001
DK2,original_M0,count2023_cool6,hour,0.014,original_M0__top2,-69.14,-96.19964999999999,-45.83825
DK2,original_M0,count2023_cool6,hour,0.0145,original_M0__top2,-68.645,-95.7058875,-45.3681875
DK2,original_M0,count2023_cool6,hour,0.015,original_M0__top2,-68.15,-95.21212500000001,-44.898125
DK2,original_M0,count2023_cool6,hour,0.02,original_M0__top2,-63.2,-90.0655,-40.0955
DK2,original_M0,count2023_cool6,hour,0.03,original_M0__top2,-53.3,-79.61075,-30.289000000000005
DK2,original_M0,count2023_cool6,hour,0.05,original_M0__top2,-33.5,-60.21249999999999,-10.541250000000005
DK2,original_M0,count2023_cool6,hour,0.1,original_M0__top2,16.0,-12.5025,39.602500000000006
DK2,original_M0,count2023_cool6,hour,0.2,original_M0__top2,115.0,82.20000000000002,137.82
DK2,original_M0,count2023_cool6,hour,0.25,original_M0__top2,164.5,129.0,187.2625
DK2,original_M0,count2023_cool6,hour,0.5,original_M0__top2,412.0,366.0,437.0125
DK2,original_M0,count2023_cool6,hour,1.0,original_M0__top2,907.0,831.0,942.025
DK2,base_early_logit,top1,process,0.0,original_M0__top2,-6.0,-14.0,2.0
DK2,base_early_logit,top1,process,0.0005,original_M0__top2,-5.6375,-13.638,2.3615125
DK2,base_early_logit,top1,process,0.001,original_M0__top2,-5.275,-13.276,2.723025
DK2,base_early_logit,top1,process,0.0015,original_M0__top2,-4.9125,-12.914,3.0845375
DK2,base_early_logit,top1,process,0.002,original_M0__top2,-4.55,-12.552,3.4460499999999996
DK2,base_early_logit,top1,process,0.0025,original_M0__top2,-4.1875,-12.19,3.8075625
DK2,base_early_logit,top1,process,0.003,original_M0__top2,-3.8249999999999997,-11.828,4.169075
DK2,base_early_logit,top1,process,0.0035,original_M0__top2,-3.4625,-11.466,4.5305875
DK2,base_early_logit,top1,process,0.004,original_M0__top2,-3.1,-11.104,4.892099999999999
DK2,base_early_logit,top1,process,0.0045000000000000005,original_M0__top2,-2.7375,-10.741999999999999,5.253612500000001
DK2,base_early_logit,top1,process,0.005000000000000001,original_M0__top2,-2.374999999999999,-10.379999999999999,5.615125
DK2,base_early_logit,top1,process,0.0055,original_M0__top2,-2.0125,-10.018,5.9766375
DK2,base_early_logit,top1,process,0.006,original_M0__top2,-1.6499999999999995,-9.655999999999999,6.33815
DK2,base_early_logit,top1,process,0.006500000000000001,original_M0__top2,-1.2874999999999996,-9.294,6.6996625000000005
DK2,base_early_logit,top1,process,0.007000000000000001,original_M0__top2,-0.9249999999999989,-8.931999999999999,7.061175
DK2,base_early_logit,top1,process,0.0075,original_M0__top2,-0.5625,-8.57,7.422687499999999
DK2,base_early_logit,top1,process,0.008,original_M0__top2,-0.20000000000000018,-8.208,7.784199999999999
DK2,base_early_logit,top1,process,0.0085,original_M0__top2,0.16250000000000053,-7.845999999999999,8.1457125
DK2,base_early_logit,top1,process,0.009000000000000001,original_M0__top2,0.5250000000000004,-7.483999999999999,8.507225000000002
DK2,base_early_logit,top1,process,0.009500000000000001,original_M0__top2,0.8875000000000011,-7.121999999999999,8.8687375
DK2,base_early_logit,top1,process,0.01,original_M0__top2,1.25,-6.76,9.23025
DK2,base_early_logit,top1,process,0.0105,original_M0__top2,1.6125000000000007,-6.398,9.5917625
DK2,base_early_logit,top1,process,0.011000000000000001,original_M0__top2,1.9750000000000005,-6.036,9.953275000000001
DK2,base_early_logit,top1,process,0.0115,original_M0__top2,2.3375000000000004,-5.6739999999999995,10.3147875
DK2,base_early_logit,top1,process,0.012,original_M0__top2,2.700000000000001,-5.311999999999999,10.6763
DK2,base_early_logit,top1,process,0.0125,original_M0__top2,3.0625,-4.949999999999999,11.0378125
DK2,base_early_logit,top1,process,0.013000000000000001,original_M0__top2,3.4250000000000007,-4.587999999999999,11.399325000000001
DK2,base_early_logit,top1,process,0.013500000000000002,original_M0__top2,3.7875000000000014,-4.225999999999999,11.760837500000001
DK2,base_early_logit,top1,process,0.014,original_M0__top2,4.15,-3.863999999999999,12.122349999999999
DK2,base_early_logit,top1,process,0.0145,original_M0__top2,4.512500000000001,-3.501999999999999,12.4838625
DK2,base_early_logit,top1,process,0.015,original_M0__top2,4.875,-3.1400000000000006,12.845374999999999
DK2,base_early_logit,top1,process,0.02,original_M0__top2,8.5,0.4800000000000004,16.4605
DK2,base_early_logit,top1,process,0.03,original_M0__top2,15.75,7.719999999999999,23.690749999999998
DK2,base_early_logit,top1,process,0.05,original_M0__top2,30.25,22.200000000000003,38.15125
DK2,base_early_logit,top1,process,0.1,original_M0__top2,66.5,58.400000000000006,74.3025
DK2,base_early_logit,top1,process,0.2,original_M0__top2,139.0,130.8,146.605
DK2,base_early_logit,top1,process,0.25,original_M0__top2,175.25,167.0,183.0
DK2,base_early_logit,top1,process,0.5,original_M0__top2,356.5,347.5,364.0
DK2,base_early_logit,top1,process,1.0,original_M0__top2,719.0,708.0,727.0
DK2,base_early_logit,top1,hour,0.0,original_M0__top2,-168.0,-209.0,-143.0
DK2,base_early_logit,top1,hour,0.0005,original_M0__top2,-167.6375,-208.6380125,-142.6384875
DK2,base_early_logit,top1,hour,0.001,original_M0__top2,-167.275,-208.276025,-142.276975
DK2,base_early_logit,top1,hour,0.0015,original_M0__top2,-166.9125,-207.91403749999998,-141.91546250000002
DK2,base_early_logit,top1,hour,0.002,original_M0__top2,-166.55,-207.55204999999998,-141.55395000000001
DK2,base_early_logit,top1,hour,0.0025,original_M0__top2,-166.1875,-207.1900625,-141.19243749999998
DK2,base_early_logit,top1,hour,0.003,original_M0__top2,-165.825,-206.828075,-140.83092499999998
DK2,base_early_logit,top1,hour,0.0035,original_M0__top2,-165.4625,-206.46608750000001,-140.4694125
DK2,base_early_logit,top1,hour,0.004,original_M0__top2,-165.1,-206.10410000000002,-140.1079
DK2,base_early_logit,top1,hour,0.0045000000000000005,original_M0__top2,-164.7375,-205.7421125,-139.7463875
DK2,base_early_logit,top1,hour,0.005000000000000001,original_M0__top2,-164.375,-205.380125,-139.384875
DK2,base_early_logit,top1,hour,0.0055,original_M0__top2,-164.0125,-205.0181375,-139.02336250000002
DK2,base_early_logit,top1,hour,0.006,original_M0__top2,-163.65,-204.65615,-138.66185000000002
DK2,base_early_logit,top1,hour,0.006500000000000001,original_M0__top2,-163.2875,-204.2941625,-138.3003375
DK2,base_early_logit,top1,hour,0.007000000000000001,original_M0__top2,-162.925,-203.932175,-137.93882499999998
DK2,base_early_logit,top1,hour,0.0075,original_M0__top2,-162.5625,-203.5701875,-137.57731249999998
DK2,base_early_logit,top1,hour,0.008,original_M0__top2,-162.2,-203.2082,-137.2158
DK2,base_early_logit,top1,hour,0.0085,original_M0__top2,-161.8375,-202.8462125,-136.8542875
DK2,base_early_logit,top1,hour,0.009000000000000001,original_M0__top2,-161.475,-202.484225,-136.492775
DK2,base_early_logit,top1,hour,0.009500000000000001,original_M0__top2,-161.1125,-202.12223749999998,-136.1312625
DK2,base_early_logit,top1,hour,0.01,original_M0__top2,-160.75,-201.76024999999998,-135.76975000000002
DK2,base_early_logit,top1,hour,0.0105,original_M0__top2,-160.3875,-201.3982625,-135.4082375
DK2,base_early_logit,top1,hour,0.011000000000000001,original_M0__top2,-160.025,-201.036275,-135.046725
DK2,base_early_logit,top1,hour,0.0115,original_M0__top2,-159.6625,-200.67428750000002,-134.68521249999998
DK2,base_early_logit,top1,hour,0.012,original_M0__top2,-159.3,-200.31230000000002,-134.3237
DK2,base_early_logit,top1,hour,0.0125,original_M0__top2,-158.9375,-199.9503125,-133.9621875
DK2,base_early_logit,top1,hour,0.013000000000000001,original_M0__top2,-158.575,-199.588325,-133.600675
DK2,base_early_logit,top1,hour,0.013500000000000002,original_M0__top2,-158.2125,-199.2263375,-133.2391625
DK2,base_early_logit,top1,hour,0.014,original_M0__top2,-157.85,-198.86435,-132.87765
DK2,base_early_logit,top1,hour,0.0145,original_M0__top2,-157.4875,-198.5023625,-132.5161375
DK2,base_early_logit,top1,hour,0.015,original_M0__top2,-157.125,-198.14037499999998,-132.154625
DK2,base_early_logit,top1,hour,0.02,original_M0__top2,-153.5,-194.5205,-128.5395
DK2,base_early_logit,top1,hour,0.03,original_M0__top2,-146.25,-187.28075,-121.30925
DK2,base_early_logit,top1,hour,0.05,original_M0__top2,-131.75,-172.80125,-106.84875
DK2,base_early_logit,top1,hour,0.1,original_M0__top2,-95.5,-136.6025,-70.6975
DK2,base_early_logit,top1,hour,0.2,original_M0__top2,-23.0,-64.20499999999998,1.6049999999999902
DK2,base_early_logit,top1,hour,0.25,original_M0__top2,13.25,-28.0,37.756249999999994
DK2,base_early_logit,top1,hour,0.5,original_M0__top2,194.5,153.0,219.0
DK2,base_early_logit,top1,hour,1.0,original_M0__top2,557.0,514.0,582.025
DK2,base_early_logit,top2,process,0.0,original_M0__top2,0.0,-7.0,9.0
DK2,base_early_logit,top2,process,0.0005,original_M0__top2,0.0,-7.0,9.0
DK2,base_early_logit,top2,process,0.001,original_M0__top2,0.0,-7.0,9.0
DK2,base_early_logit,top2,process,0.0015,original_M0__top2,0.0,-7.0,9.0
DK2,base_early_logit,top2,process,0.002,original_M0__top2,0.0,-7.0,9.0
DK2,base_early_logit,top2,process,0.0025,original_M0__top2,0.0,-7.0,9.0
DK2,base_early_logit,top2,process,0.003,original_M0__top2,0.0,-7.0,9.0
DK2,base_early_logit,top2,process,0.0035,original_M0__top2,0.0,-7.0,9.0
DK2,base_early_logit,top2,process,0.004,original_M0__top2,0.0,-7.0,9.0
DK2,base_early_logit,top2,process,0.0045000000000000005,original_M0__top2,0.0,-7.0,9.0
DK2,base_early_logit,top2,process,0.005000000000000001,original_M0__top2,0.0,-7.0,9.0
DK2,base_early_logit,top2,process,0.0055,original_M0__top2,0.0,-7.0,9.0
DK2,base_early_logit,top2,process,0.006,original_M0__top2,0.0,-7.0,9.0
DK2,base_early_logit,top2,process,0.006500000000000001,original_M0__top2,0.0,-7.0,9.0
DK2,base_early_logit,top2,process,0.007000000000000001,original_M0__top2,0.0,-7.0,9.0
DK2,base_early_logit,top2,process,0.0075,original_M0__top2,0.0,-7.0,9.0
DK2,base_early_logit,top2,process,0.008,original_M0__top2,0.0,-7.0,9.0
DK2,base_early_logit,top2,process,0.0085,original_M0__top2,0.0,-7.0,9.0
DK2,base_early_logit,top2,process,0.009000000000000001,original_M0__top2,0.0,-7.0,9.0
DK2,base_early_logit,top2,process,0.009500000000000001,original_M0__top2,0.0,-7.0,9.0
DK2,base_early_logit,top2,process,0.01,original_M0__top2,0.0,-7.0,9.0
DK2,base_early_logit,top2,process,0.0105,original_M0__top2,0.0,-7.0,9.0
DK2,base_early_logit,top2,process,0.011000000000000001,original_M0__top2,0.0,-7.0,9.0
DK2,base_early_logit,top2,process,0.0115,original_M0__top2,0.0,-7.0,9.0
DK2,base_early_logit,top2,process,0.012,original_M0__top2,0.0,-7.0,9.0
DK2,base_early_logit,top2,process,0.0125,original_M0__top2,0.0,-7.0,9.0
DK2,base_early_logit,top2,process,0.013000000000000001,original_M0__top2,0.0,-7.0,9.0
DK2,base_early_logit,top2,process,0.013500000000000002,original_M0__top2,0.0,-7.0,9.0
DK2,base_early_logit,top2,process,0.014,original_M0__top2,0.0,-7.0,9.0
DK2,base_early_logit,top2,process,0.0145,original_M0__top2,0.0,-7.0,9.0
DK2,base_early_logit,top2,process,0.015,original_M0__top2,0.0,-7.0,9.0
DK2,base_early_logit,top2,process,0.02,original_M0__top2,0.0,-7.0,9.0
DK2,base_early_logit,top2,process,0.03,original_M0__top2,0.0,-7.0,9.0
DK2,base_early_logit,top2,process,0.05,original_M0__top2,0.0,-7.0,9.0
DK2,base_early_logit,top2,process,0.1,original_M0__top2,0.0,-7.0,9.0
DK2,base_early_logit,top2,process,0.2,original_M0__top2,0.0,-7.0,9.0
DK2,base_early_logit,top2,process,0.25,original_M0__top2,0.0,-7.0,9.0
DK2,base_early_logit,top2,process,0.5,original_M0__top2,0.0,-7.0,9.0
DK2,base_early_logit,top2,process,1.0,original_M0__top2,0.0,-7.0,9.0
DK2,base_early_logit,top2,hour,0.0,original_M0__top2,-25.0,-55.0,-3.0
DK2,base_early_logit,top2,hour,0.0005,original_M0__top2,-25.0,-55.0,-3.0
DK2,base_early_logit,top2,hour,0.001,original_M0__top2,-25.0,-55.0,-3.0
DK2,base_early_logit,top2,hour,0.0015,original_M0__top2,-25.0,-55.0,-3.0
DK2,base_early_logit,top2,hour,0.002,original_M0__top2,-25.0,-55.0,-3.0
DK2,base_early_logit,top2,hour,0.0025,original_M0__top2,-25.0,-55.0,-3.0
DK2,base_early_logit,top2,hour,0.003,original_M0__top2,-25.0,-55.0,-3.0
DK2,base_early_logit,top2,hour,0.0035,original_M0__top2,-25.0,-55.0,-3.0
DK2,base_early_logit,top2,hour,0.004,original_M0__top2,-25.0,-55.0,-3.0
DK2,base_early_logit,top2,hour,0.0045000000000000005,original_M0__top2,-25.0,-55.0,-3.0
DK2,base_early_logit,top2,hour,0.005000000000000001,original_M0__top2,-25.0,-55.0,-3.0
DK2,base_early_logit,top2,hour,0.0055,original_M0__top2,-25.0,-55.0,-3.0
DK2,base_early_logit,top2,hour,0.006,original_M0__top2,-25.0,-55.0,-3.0
DK2,base_early_logit,top2,hour,0.006500000000000001,original_M0__top2,-25.0,-55.0,-3.0
DK2,base_early_logit,top2,hour,0.007000000000000001,original_M0__top2,-25.0,-55.0,-3.0
DK2,base_early_logit,top2,hour,0.0075,original_M0__top2,-25.0,-55.0,-3.0
DK2,base_early_logit,top2,hour,0.008,original_M0__top2,-25.0,-55.0,-3.0
DK2,base_early_logit,top2,hour,0.0085,original_M0__top2,-25.0,-55.0,-3.0
DK2,base_early_logit,top2,hour,0.009000000000000001,original_M0__top2,-25.0,-55.0,-3.0
DK2,base_early_logit,top2,hour,0.009500000000000001,original_M0__top2,-25.0,-55.0,-3.0
DK2,base_early_logit,top2,hour,0.01,original_M0__top2,-25.0,-55.0,-3.0
DK2,base_early_logit,top2,hour,0.0105,original_M0__top2,-25.0,-55.0,-3.0
DK2,base_early_logit,top2,hour,0.011000000000000001,original_M0__top2,-25.0,-55.0,-3.0
DK2,base_early_logit,top2,hour,0.0115,original_M0__top2,-25.0,-55.0,-3.0
DK2,base_early_logit,top2,hour,0.012,original_M0__top2,-25.0,-55.0,-3.0
DK2,base_early_logit,top2,hour,0.0125,original_M0__top2,-25.0,-55.0,-3.0
DK2,base_early_logit,top2,hour,0.013000000000000001,original_M0__top2,-25.0,-55.0,-3.0
DK2,base_early_logit,top2,hour,0.013500000000000002,original_M0__top2,-25.0,-55.0,-3.0
DK2,base_early_logit,top2,hour,0.014,original_M0__top2,-25.0,-55.0,-3.0
DK2,base_early_logit,top2,hour,0.0145,original_M0__top2,-25.0,-55.0,-3.0
DK2,base_early_logit,top2,hour,0.015,original_M0__top2,-25.0,-55.0,-3.0
DK2,base_early_logit,top2,hour,0.02,original_M0__top2,-25.0,-55.0,-3.0
DK2,base_early_logit,top2,hour,0.03,original_M0__top2,-25.0,-55.0,-3.0
DK2,base_early_logit,top2,hour,0.05,original_M0__top2,-25.0,-55.0,-3.0
DK2,base_early_logit,top2,hour,0.1,original_M0__top2,-25.0,-55.0,-3.0
DK2,base_early_logit,top2,hour,0.2,original_M0__top2,-25.0,-55.0,-3.0
DK2,base_early_logit,top2,hour,0.25,original_M0__top2,-25.0,-55.0,-3.0
DK2,base_early_logit,top2,hour,0.5,original_M0__top2,-25.0,-55.0,-3.0
DK2,base_early_logit,top2,hour,1.0,original_M0__top2,-25.0,-55.0,-3.0
DK2,base_early_logit,count2022_target05,process,0.0,original_M0__top2,-6.0,-14.0,4.0
DK2,base_early_logit,count2022_target05,process,0.0005,original_M0__top2,-5.562,-13.57315,4.4076125
DK2,base_early_logit,count2022_target05,process,0.001,original_M0__top2,-5.124,-13.1463,4.815225
DK2,base_early_logit,count2022_target05,process,0.0015,original_M0__top2,-4.686,-12.71945,5.2228375
DK2,base_early_logit,count2022_target05,process,0.002,original_M0__top2,-4.248,-12.2926,5.63045
DK2,base_early_logit,count2022_target05,process,0.0025,original_M0__top2,-3.81,-11.86575,6.038062499999999
DK2,base_early_logit,count2022_target05,process,0.003,original_M0__top2,-3.372,-11.4389,6.445675
DK2,base_early_logit,count2022_target05,process,0.0035,original_M0__top2,-2.9339999999999997,-11.012049999999999,6.8532874999999995
DK2,base_early_logit,count2022_target05,process,0.004,original_M0__top2,-2.496,-10.5852,7.260899999999999
DK2,base_early_logit,count2022_target05,process,0.0045000000000000005,original_M0__top2,-2.0579999999999994,-10.15835,7.668512499999999
DK2,base_early_logit,count2022_target05,process,0.005000000000000001,original_M0__top2,-1.6199999999999992,-9.7315,8.076125
DK2,base_early_logit,count2022_target05,process,0.0055,original_M0__top2,-1.1820000000000004,-9.30465,8.483737499999998
DK2,base_early_logit,count2022_target05,process,0.006,original_M0__top2,-0.7439999999999998,-8.8778,8.89135
DK2,base_early_logit,count2022_target05,process,0.006500000000000001,original_M0__top2,-0.30599999999999916,-8.450949999999999,9.298962499999998
DK2,base_early_logit,count2022_target05,process,0.007000000000000001,original_M0__top2,0.13200000000000056,-8.024099999999999,9.706575
DK2,base_early_logit,count2022_target05,process,0.0075,original_M0__top2,0.5699999999999994,-7.597250000000001,10.1141875
DK2,base_early_logit,count2022_target05,process,0.008,original_M0__top2,1.008,-7.1704,10.521799999999997
DK2,base_early_logit,count2022_target05,process,0.0085,original_M0__top2,1.4460000000000006,-6.74355,10.929412499999998
DK2,base_early_logit,count2022_target05,process,0.009000000000000001,original_M0__top2,1.8840000000000012,-6.316699999999999,11.337024999999999
DK2,base_early_logit,count2022_target05,process,0.009500000000000001,original_M0__top2,2.322000000000001,-5.889849999999998,11.7446375
DK2,base_early_logit,count2022_target05,process,0.01,original_M0__top2,2.76,-5.462999999999999,12.152249999999999
DK2,base_early_logit,count2022_target05,process,0.0105,original_M0__top2,3.1980000000000004,-5.036149999999999,12.5598625
DK2,base_early_logit,count2022_target05,process,0.011000000000000001,original_M0__top2,3.636000000000001,-4.609299999999999,12.967474999999999
DK2,base_early_logit,count2022_target05,process,0.0115,original_M0__top2,4.074,-4.18245,13.375087499999998
DK2,base_early_logit,count2022_target05,process,0.012,original_M0__top2,4.5120000000000005,-3.7556000000000003,13.782699999999997
DK2,base_early_logit,count2022_target05,process,0.0125,original_M0__top2,4.950000000000001,-3.328749999999999,14.190312499999997
DK2,base_early_logit,count2022_target05,process,0.013000000000000001,original_M0__top2,5.388000000000002,-2.9018999999999995,14.597924999999998
DK2,base_early_logit,count2022_target05,process,0.013500000000000002,original_M0__top2,5.8260000000000005,-2.475049999999998,15.005537499999999
DK2,base_early_logit,count2022_target05,process,0.014,original_M0__top2,6.264000000000001,-2.0482,15.413149999999998
DK2,base_early_logit,count2022_target05,process,0.0145,original_M0__top2,6.702,-1.620974999999999,15.820762499999997
DK2,base_early_logit,count2022_target05,process,0.015,original_M0__top2,7.139999999999999,-1.193250000000001,16.228375
DK2,base_early_logit,count2022_target05,process,0.02,original_M0__top2,11.52,3.218999999999999,20.4605
DK2,base_early_logit,count2022_target05,process,0.03,original_M0__top2,20.279999999999998,11.97925,29.09075
DK2,base_early_logit,count2022_target05,process,0.05,original_M0__top2,37.800000000000004,29.047500000000003,46.60125
DK2,base_early_logit,count2022_target05,process,0.1,original_M0__top2,81.60000000000001,71.5,90.4025
DK2,base_early_logit,count2022_target05,process,0.2,original_M0__top2,169.20000000000002,154.20000000000002,179.60000000000002
DK2,base_early_logit,count2022_target05,process,0.25,original_M0__top2,213.0,195.25,224.75
DK2,base_early_logit,count2022_target05,process,0.5,original_M0__top2,432.0,399.4875,452.0125
DK2,base_early_logit,count2022_target05,process,1.0,original_M0__top2,870.0,803.95,910.025
DK2,base_early_logit,count2022_target05,hour,0.0,original_M0__top2,-54.0,-86.0,-31.0
DK2,base_early_logit,count2022_target05,hour,0.0005,original_M0__top2,-53.562,-85.568175,-30.578
DK2,base_early_logit,count2022_target05,hour,0.001,original_M0__top2,-53.124,-85.13635,-30.156
DK2,base_early_logit,count2022_target05,hour,0.0015,original_M0__top2,-52.686,-84.70452499999999,-29.734
DK2,base_early_logit,count2022_target05,hour,0.002,original_M0__top2,-52.248,-84.2727,-29.312
DK2,base_early_logit,count2022_target05,hour,0.0025,original_M0__top2,-51.81,-83.840875,-28.89
DK2,base_early_logit,count2022_target05,hour,0.003,original_M0__top2,-51.372,-83.40905000000001,-28.468
DK2,base_early_logit,count2022_target05,hour,0.0035,original_M0__top2,-50.934,-82.977225,-28.046
DK2,base_early_logit,count2022_target05,hour,0.004,original_M0__top2,-50.496,-82.5454,-27.624
DK2,base_early_logit,count2022_target05,hour,0.0045000000000000005,original_M0__top2,-50.058,-82.113575,-27.201999999999998
DK2,base_early_logit,count2022_target05,hour,0.005000000000000001,original_M0__top2,-49.62,-81.68175,-26.78
DK2,base_early_logit,count2022_target05,hour,0.0055,original_M0__top2,-49.182,-81.249925,-26.358
DK2,base_early_logit,count2022_target05,hour,0.006,original_M0__top2,-48.744,-80.8181,-25.936
DK2,base_early_logit,count2022_target05,hour,0.006500000000000001,original_M0__top2,-48.306,-80.386275,-25.514
DK2,base_early_logit,count2022_target05,hour,0.007000000000000001,original_M0__top2,-47.868,-79.95445,-25.092
DK2,base_early_logit,count2022_target05,hour,0.0075,original_M0__top2,-47.43,-79.52262499999999,-24.67
DK2,base_early_logit,count2022_target05,hour,0.008,original_M0__top2,-46.992,-79.09079999999999,-24.248
DK2,base_early_logit,count2022_target05,hour,0.0085,original_M0__top2,-46.554,-78.65897500000001,-23.826
DK2,base_early_logit,count2022_target05,hour,0.009000000000000001,original_M0__top2,-46.116,-78.22715000000001,-23.404
DK2,base_early_logit,count2022_target05,hour,0.009500000000000001,original_M0__top2,-45.678,-77.795325,-22.982
DK2,base_early_logit,count2022_target05,hour,0.01,original_M0__top2,-45.24,-77.3635,-22.560000000000002
DK2,base_early_logit,count2022_target05,hour,0.0105,original_M0__top2,-44.802,-76.931675,-22.137999999999998
DK2,base_early_logit,count2022_target05,hour,0.011000000000000001,original_M0__top2,-44.364,-76.49985,-21.716
DK2,base_early_logit,count2022_target05,hour,0.0115,original_M0__top2,-43.926,-76.06802499999999,-21.294
DK2,base_early_logit,count2022_target05,hour,0.012,original_M0__top2,-43.488,-75.6362,-20.872
DK2,base_early_logit,count2022_target05,hour,0.0125,original_M0__top2,-43.05,-75.204375,-20.45
DK2,base_early_logit,count2022_target05,hour,0.013000000000000001,original_M0__top2,-42.611999999999995,-74.77255,-20.028
DK2,base_early_logit,count2022_target05,hour,0.013500000000000002,original_M0__top2,-42.174,-74.34072499999999,-19.605999999999998
DK2,base_early_logit,count2022_target05,hour,0.014,original_M0__top2,-41.736,-73.9089,-19.183999999999997
DK2,base_early_logit,count2022_target05,hour,0.0145,original_M0__top2,-41.298,-73.477075,-18.762
DK2,base_early_logit,count2022_target05,hour,0.015,original_M0__top2,-40.86,-73.04525000000001,-18.34
DK2,base_early_logit,count2022_target05,hour,0.02,original_M0__top2,-36.480000000000004,-68.727,-14.116000000000005
DK2,base_early_logit,count2022_target05,hour,0.03,original_M0__top2,-27.720000000000002,-60.0905,-5.239250000000003
DK2,base_early_logit,count2022_target05,hour,0.05,original_M0__top2,-10.199999999999996,-43.25,12.108749999999993
DK2,base_early_logit,count2022_target05,hour,0.1,original_M0__top2,33.60000000000001,-0.2174999999999877,56.50749999999999
DK2,base_early_logit,count2022_target05,hour,0.2,original_M0__top2,121.20000000000002,83.995,143.42499999999998
DK2,base_early_logit,count2022_target05,hour,0.25,original_M0__top2,165.0,125.7375,187.75625
DK2,base_early_logit,count2022_target05,hour,0.5,original_M0__top2,384.0,332.4875,410.5125
DK2,base_early_logit,count2022_target05,hour,1.0,original_M0__top2,822.0,740.0,862.0
DK2,base_early_logit,count2023_target05,process,0.0,original_M0__top2,-6.0,-14.0,4.0
DK2,base_early_logit,count2023_target05,process,0.0005,original_M0__top2,-5.562,-13.57315,4.4076125
DK2,base_early_logit,count2023_target05,process,0.001,original_M0__top2,-5.124,-13.1463,4.815225
DK2,base_early_logit,count2023_target05,process,0.0015,original_M0__top2,-4.686,-12.71945,5.2228375
DK2,base_early_logit,count2023_target05,process,0.002,original_M0__top2,-4.248,-12.2926,5.63045
DK2,base_early_logit,count2023_target05,process,0.0025,original_M0__top2,-3.81,-11.86575,6.038062499999999
DK2,base_early_logit,count2023_target05,process,0.003,original_M0__top2,-3.372,-11.4389,6.445675
DK2,base_early_logit,count2023_target05,process,0.0035,original_M0__top2,-2.9339999999999997,-11.012049999999999,6.8532874999999995
DK2,base_early_logit,count2023_target05,process,0.004,original_M0__top2,-2.496,-10.5852,7.260899999999999
DK2,base_early_logit,count2023_target05,process,0.0045000000000000005,original_M0__top2,-2.0579999999999994,-10.15835,7.668512499999999
DK2,base_early_logit,count2023_target05,process,0.005000000000000001,original_M0__top2,-1.6199999999999992,-9.7315,8.076125
DK2,base_early_logit,count2023_target05,process,0.0055,original_M0__top2,-1.1820000000000004,-9.30465,8.483737499999998
DK2,base_early_logit,count2023_target05,process,0.006,original_M0__top2,-0.7439999999999998,-8.8778,8.89135
DK2,base_early_logit,count2023_target05,process,0.006500000000000001,original_M0__top2,-0.30599999999999916,-8.450949999999999,9.298962499999998
DK2,base_early_logit,count2023_target05,process,0.007000000000000001,original_M0__top2,0.13200000000000056,-8.024099999999999,9.706575
DK2,base_early_logit,count2023_target05,process,0.0075,original_M0__top2,0.5699999999999994,-7.597250000000001,10.1141875
DK2,base_early_logit,count2023_target05,process,0.008,original_M0__top2,1.008,-7.1704,10.521799999999997
DK2,base_early_logit,count2023_target05,process,0.0085,original_M0__top2,1.4460000000000006,-6.74355,10.929412499999998
DK2,base_early_logit,count2023_target05,process,0.009000000000000001,original_M0__top2,1.8840000000000012,-6.316699999999999,11.337024999999999
DK2,base_early_logit,count2023_target05,process,0.009500000000000001,original_M0__top2,2.322000000000001,-5.889849999999998,11.7446375
DK2,base_early_logit,count2023_target05,process,0.01,original_M0__top2,2.76,-5.462999999999999,12.152249999999999
DK2,base_early_logit,count2023_target05,process,0.0105,original_M0__top2,3.1980000000000004,-5.036149999999999,12.5598625
DK2,base_early_logit,count2023_target05,process,0.011000000000000001,original_M0__top2,3.636000000000001,-4.609299999999999,12.967474999999999
DK2,base_early_logit,count2023_target05,process,0.0115,original_M0__top2,4.074,-4.18245,13.375087499999998
DK2,base_early_logit,count2023_target05,process,0.012,original_M0__top2,4.5120000000000005,-3.7556000000000003,13.782699999999997
DK2,base_early_logit,count2023_target05,process,0.0125,original_M0__top2,4.950000000000001,-3.328749999999999,14.190312499999997
DK2,base_early_logit,count2023_target05,process,0.013000000000000001,original_M0__top2,5.388000000000002,-2.9018999999999995,14.597924999999998
DK2,base_early_logit,count2023_target05,process,0.013500000000000002,original_M0__top2,5.8260000000000005,-2.475049999999998,15.005537499999999
DK2,base_early_logit,count2023_target05,process,0.014,original_M0__top2,6.264000000000001,-2.0482,15.413149999999998
DK2,base_early_logit,count2023_target05,process,0.0145,original_M0__top2,6.702,-1.620974999999999,15.820762499999997
DK2,base_early_logit,count2023_target05,process,0.015,original_M0__top2,7.139999999999999,-1.193250000000001,16.228375
DK2,base_early_logit,count2023_target05,process,0.02,original_M0__top2,11.52,3.218999999999999,20.4605
DK2,base_early_logit,count2023_target05,process,0.03,original_M0__top2,20.279999999999998,11.97925,29.09075
DK2,base_early_logit,count2023_target05,process,0.05,original_M0__top2,37.800000000000004,29.047500000000003,46.60125
DK2,base_early_logit,count2023_target05,process,0.1,original_M0__top2,81.60000000000001,71.5,90.4025
DK2,base_early_logit,count2023_target05,process,0.2,original_M0__top2,169.20000000000002,154.20000000000002,179.60000000000002
DK2,base_early_logit,count2023_target05,process,0.25,original_M0__top2,213.0,195.25,224.75
DK2,base_early_logit,count2023_target05,process,0.5,original_M0__top2,432.0,399.4875,452.0125
DK2,base_early_logit,count2023_target05,process,1.0,original_M0__top2,870.0,803.95,910.025
DK2,base_early_logit,count2023_target05,hour,0.0,original_M0__top2,-54.0,-86.0,-31.0
DK2,base_early_logit,count2023_target05,hour,0.0005,original_M0__top2,-53.562,-85.568175,-30.578
DK2,base_early_logit,count2023_target05,hour,0.001,original_M0__top2,-53.124,-85.13635,-30.156
DK2,base_early_logit,count2023_target05,hour,0.0015,original_M0__top2,-52.686,-84.70452499999999,-29.734
DK2,base_early_logit,count2023_target05,hour,0.002,original_M0__top2,-52.248,-84.2727,-29.312
DK2,base_early_logit,count2023_target05,hour,0.0025,original_M0__top2,-51.81,-83.840875,-28.89
DK2,base_early_logit,count2023_target05,hour,0.003,original_M0__top2,-51.372,-83.40905000000001,-28.468
DK2,base_early_logit,count2023_target05,hour,0.0035,original_M0__top2,-50.934,-82.977225,-28.046
DK2,base_early_logit,count2023_target05,hour,0.004,original_M0__top2,-50.496,-82.5454,-27.624
DK2,base_early_logit,count2023_target05,hour,0.0045000000000000005,original_M0__top2,-50.058,-82.113575,-27.201999999999998
DK2,base_early_logit,count2023_target05,hour,0.005000000000000001,original_M0__top2,-49.62,-81.68175,-26.78
DK2,base_early_logit,count2023_target05,hour,0.0055,original_M0__top2,-49.182,-81.249925,-26.358
DK2,base_early_logit,count2023_target05,hour,0.006,original_M0__top2,-48.744,-80.8181,-25.936
DK2,base_early_logit,count2023_target05,hour,0.006500000000000001,original_M0__top2,-48.306,-80.386275,-25.514
DK2,base_early_logit,count2023_target05,hour,0.007000000000000001,original_M0__top2,-47.868,-79.95445,-25.092
DK2,base_early_logit,count2023_target05,hour,0.0075,original_M0__top2,-47.43,-79.52262499999999,-24.67
DK2,base_early_logit,count2023_target05,hour,0.008,original_M0__top2,-46.992,-79.09079999999999,-24.248
DK2,base_early_logit,count2023_target05,hour,0.0085,original_M0__top2,-46.554,-78.65897500000001,-23.826
DK2,base_early_logit,count2023_target05,hour,0.009000000000000001,original_M0__top2,-46.116,-78.22715000000001,-23.404
DK2,base_early_logit,count2023_target05,hour,0.009500000000000001,original_M0__top2,-45.678,-77.795325,-22.982
DK2,base_early_logit,count2023_target05,hour,0.01,original_M0__top2,-45.24,-77.3635,-22.560000000000002
DK2,base_early_logit,count2023_target05,hour,0.0105,original_M0__top2,-44.802,-76.931675,-22.137999999999998
DK2,base_early_logit,count2023_target05,hour,0.011000000000000001,original_M0__top2,-44.364,-76.49985,-21.716
DK2,base_early_logit,count2023_target05,hour,0.0115,original_M0__top2,-43.926,-76.06802499999999,-21.294
DK2,base_early_logit,count2023_target05,hour,0.012,original_M0__top2,-43.488,-75.6362,-20.872
DK2,base_early_logit,count2023_target05,hour,0.0125,original_M0__top2,-43.05,-75.204375,-20.45
DK2,base_early_logit,count2023_target05,hour,0.013000000000000001,original_M0__top2,-42.611999999999995,-74.77255,-20.028
DK2,base_early_logit,count2023_target05,hour,0.013500000000000002,original_M0__top2,-42.174,-74.34072499999999,-19.605999999999998
DK2,base_early_logit,count2023_target05,hour,0.014,original_M0__top2,-41.736,-73.9089,-19.183999999999997
DK2,base_early_logit,count2023_target05,hour,0.0145,original_M0__top2,-41.298,-73.477075,-18.762
DK2,base_early_logit,count2023_target05,hour,0.015,original_M0__top2,-40.86,-73.04525000000001,-18.34
DK2,base_early_logit,count2023_target05,hour,0.02,original_M0__top2,-36.480000000000004,-68.727,-14.116000000000005
DK2,base_early_logit,count2023_target05,hour,0.03,original_M0__top2,-27.720000000000002,-60.0905,-5.239250000000003
DK2,base_early_logit,count2023_target05,hour,0.05,original_M0__top2,-10.199999999999996,-43.25,12.108749999999993
DK2,base_early_logit,count2023_target05,hour,0.1,original_M0__top2,33.60000000000001,-0.2174999999999877,56.50749999999999
DK2,base_early_logit,count2023_target05,hour,0.2,original_M0__top2,121.20000000000002,83.995,143.42499999999998
DK2,base_early_logit,count2023_target05,hour,0.25,original_M0__top2,165.0,125.7375,187.75625
DK2,base_early_logit,count2023_target05,hour,0.5,original_M0__top2,384.0,332.4875,410.5125
DK2,base_early_logit,count2023_target05,hour,1.0,original_M0__top2,822.0,740.0,862.0
DK2,base_early_logit,fixed025,process,0.0,original_M0__top2,-40.0,-48.025,-30.0
DK2,base_early_logit,fixed025,process,0.0005,original_M0__top2,-39.2805,-47.314175,-29.2884875
DK2,base_early_logit,fixed025,process,0.001,original_M0__top2,-38.561,-46.60335,-28.576974999999997
DK2,base_early_logit,fixed025,process,0.0015,original_M0__top2,-37.841499999999996,-45.892525,-27.8654625
DK2,base_early_logit,fixed025,process,0.002,original_M0__top2,-37.122,-45.1817,-27.15395
DK2,base_early_logit,fixed025,process,0.0025,original_M0__top2,-36.4025,-44.470875,-26.4424375
DK2,base_early_logit,fixed025,process,0.003,original_M0__top2,-35.683,-43.76005,-25.730925000000003
DK2,base_early_logit,fixed025,process,0.0035,original_M0__top2,-34.963499999999996,-43.049225,-25.0194125
DK2,base_early_logit,fixed025,process,0.004,original_M0__top2,-34.244,-42.3384,-24.3079
DK2,base_early_logit,fixed025,process,0.0045000000000000005,original_M0__top2,-33.524499999999996,-41.627575,-23.5963875
DK2,base_early_logit,fixed025,process,0.005000000000000001,original_M0__top2,-32.805,-40.91674999999999,-22.884874999999997
DK2,base_early_logit,fixed025,process,0.0055,original_M0__top2,-32.0855,-40.205925,-22.1733625
DK2,base_early_logit,fixed025,process,0.006,original_M0__top2,-31.366,-39.4951,-21.46185
DK2,base_early_logit,fixed025,process,0.006500000000000001,original_M0__top2,-30.6465,-38.784275,-20.7503375
DK2,base_early_logit,fixed025,process,0.007000000000000001,original_M0__top2,-29.927,-38.073449999999994,-20.038825
DK2,base_early_logit,fixed025,process,0.0075,original_M0__top2,-29.2075,-37.362625,-19.3273125
DK2,base_early_logit,fixed025,process,0.008,original_M0__top2,-28.488,-36.651799999999994,-18.6158
DK2,base_early_logit,fixed025,process,0.0085,original_M0__top2,-27.7685,-35.940975,-17.9042875
DK2,base_early_logit,fixed025,process,0.009000000000000001,original_M0__top2,-27.049,-35.230149999999995,-17.192774999999997
DK2,base_early_logit,fixed025,process,0.009500000000000001,original_M0__top2,-26.329499999999996,-34.519324999999995,-16.481262499999996
DK2,base_early_logit,fixed025,process,0.01,original_M0__top2,-25.61,-33.808499999999995,-15.76975
DK2,base_early_logit,fixed025,process,0.0105,original_M0__top2,-24.8905,-33.097674999999995,-15.058237499999999
DK2,base_early_logit,fixed025,process,0.011000000000000001,original_M0__top2,-24.171,-32.386849999999995,-14.346724999999998
DK2,base_early_logit,fixed025,process,0.0115,original_M0__top2,-23.4515,-31.676025,-13.6352125
DK2,base_early_logit,fixed025,process,0.012,original_M0__top2,-22.732,-30.9652,-12.9237
DK2,base_early_logit,fixed025,process,0.0125,original_M0__top2,-22.0125,-30.254375,-12.212187499999999
DK2,base_early_logit,fixed025,process,0.013000000000000001,original_M0__top2,-21.293,-29.543549999999996,-11.500674999999998
DK2,base_early_logit,fixed025,process,0.013500000000000002,original_M0__top2,-20.5735,-28.832724999999996,-10.789162499999996
DK2,base_early_logit,fixed025,process,0.014,original_M0__top2,-19.854,-28.121899999999997,-10.07765
DK2,base_early_logit,fixed025,process,0.0145,original_M0__top2,-19.1345,-27.411074999999997,-9.366137499999999
DK2,base_early_logit,fixed025,process,0.015,original_M0__top2,-18.415,-26.70025,-8.654625000000001
DK2,base_early_logit,fixed025,process,0.02,original_M0__top2,-11.219999999999999,-19.592,-1.5394999999999996
DK2,base_early_logit,fixed025,process,0.03,original_M0__top2,3.1700000000000017,-5.375500000000004,12.690749999999998
DK2,base_early_logit,fixed025,process,0.05,original_M0__top2,31.950000000000003,23.297499999999996,41.301249999999996
DK2,base_early_logit,fixed025,process,0.1,original_M0__top2,103.9,94.89750000000001,112.9025
DK2,base_early_logit,fixed025,process,0.2,original_M0__top2,247.8,238.2,256.8
DK2,base_early_logit,fixed025,process,0.25,original_M0__top2,319.75,309.75,328.5125
DK2,base_early_logit,fixed025,process,0.5,original_M0__top2,679.5,667.0,689.0
DK2,base_early_logit,fixed025,process,1.0,original_M0__top2,1399.0,1379.0,1411.0
DK2,base_early_logit,fixed025,hour,0.0,original_M0__top2,-310.0,-373.025,-276.0
DK2,base_early_logit,fixed025,hour,0.0005,original_M0__top2,-309.2805,-372.30982500000005,-275.277975
DK2,base_early_logit,fixed025,hour,0.001,original_M0__top2,-308.561,-371.59465,-274.55595
DK2,base_early_logit,fixed025,hour,0.0015,original_M0__top2,-307.8415,-370.879475,-273.833925
DK2,base_early_logit,fixed025,hour,0.002,original_M0__top2,-307.122,-370.16429999999997,-273.11190000000005
DK2,base_early_logit,fixed025,hour,0.0025,original_M0__top2,-306.4025,-369.44912500000004,-272.38987499999996
DK2,base_early_logit,fixed025,hour,0.003,original_M0__top2,-305.683,-368.73395,-271.66785
DK2,base_early_logit,fixed025,hour,0.0035,original_M0__top2,-304.9635,-368.018775,-270.945825
DK2,base_early_logit,fixed025,hour,0.004,original_M0__top2,-304.244,-367.30359999999996,-270.2238
DK2,base_early_logit,fixed025,hour,0.0045000000000000005,original_M0__top2,-303.5245,-366.588425,-269.501775
DK2,base_early_logit,fixed025,hour,0.005000000000000001,original_M0__top2,-302.805,-365.87325000000004,-268.77975
DK2,base_early_logit,fixed025,hour,0.0055,original_M0__top2,-302.0855,-365.158075,-268.057725
DK2,base_early_logit,fixed025,hour,0.006,original_M0__top2,-301.366,-364.4429,-267.33570000000003
DK2,base_early_logit,fixed025,hour,0.006500000000000001,original_M0__top2,-300.6465,-363.72772499999996,-266.613675
DK2,base_early_logit,fixed025,hour,0.007000000000000001,original_M0__top2,-299.927,-363.01255000000003,-265.89164999999997
DK2,base_early_logit,fixed025,hour,0.0075,original_M0__top2,-299.2075,-362.297375,-265.169625
DK2,base_early_logit,fixed025,hour,0.008,original_M0__top2,-298.488,-361.5822,-264.44759999999997
DK2,base_early_logit,fixed025,hour,0.0085,original_M0__top2,-297.7685,-360.867025,-263.725575
DK2,base_early_logit,fixed025,hour,0.009000000000000001,original_M0__top2,-297.049,-360.15184999999997,-263.00355
DK2,base_early_logit,fixed025,hour,0.009500000000000001,original_M0__top2,-296.3295,-359.43667500000004,-262.281525
DK2,base_early_logit,fixed025,hour,0.01,original_M0__top2,-295.61,-358.7215,-261.5595
DK2,base_early_logit,fixed025,hour,0.0105,original_M0__top2,-294.8905,-358.006325,-260.83747500000004
DK2,base_early_logit,fixed025,hour,0.011000000000000001,original_M0__top2,-294.171,-357.29114999999996,-260.11545
DK2,base_early_logit,fixed025,hour,0.0115,original_M0__top2,-293.4515,-356.575975,-259.393425
DK2,base_early_logit,fixed025,hour,0.012,original_M0__top2,-292.73199999999997,-355.8608,-258.6714
DK2,base_early_logit,fixed025,hour,0.0125,original_M0__top2,-292.0125,-355.145625,-257.949375
DK2,base_early_logit,fixed025,hour,0.013000000000000001,original_M0__top2,-291.293,-354.43045,-257.22735
DK2,base_early_logit,fixed025,hour,0.013500000000000002,original_M0__top2,-290.5735,-353.715275,-256.50532499999997
DK2,base_early_logit,fixed025,hour,0.014,original_M0__top2,-289.854,-353.00010000000003,-255.7833
DK2,base_early_logit,fixed025,hour,0.0145,original_M0__top2,-289.1345,-352.284925,-255.06127500000002
DK2,base_early_logit,fixed025,hour,0.015,original_M0__top2,-288.415,-351.56975,-254.33925
DK2,base_early_logit,fixed025,hour,0.02,original_M0__top2,-281.22,-344.41799999999995,-247.119
DK2,base_early_logit,fixed025,hour,0.03,original_M0__top2,-266.83,-330.1145,-232.6785
DK2,base_early_logit,fixed025,hour,0.05,original_M0__top2,-238.05,-301.5075,-203.7975
DK2,base_early_logit,fixed025,hour,0.1,original_M0__top2,-166.1,-229.60999999999999,-131.595
DK2,base_early_logit,fixed025,hour,0.2,original_M0__top2,-22.19999999999999,-85.82500000000002,12.810000000000002
DK2,base_early_logit,fixed025,hour,0.25,original_M0__top2,49.75,-14.018749999999999,85.01249999999999
DK2,base_early_logit,fixed025,hour,0.5,original_M0__top2,409.5,343.975,446.0
DK2,base_early_logit,fixed025,hour,1.0,original_M0__top2,1129.0,1060.0,1165.025
DK2,base_early_logit,count2022_cool6,process,0.0,original_M0__top2,-5.0,-14.0,7.0
DK2,base_early_logit,count2022_cool6,process,0.0005,original_M0__top2,-4.511,-13.5060375,7.466575
DK2,base_early_logit,count2022_cool6,process,0.001,original_M0__top2,-4.022,-13.012075000000001,7.9331499999999995
DK2,base_early_logit,count2022_cool6,process,0.0015,original_M0__top2,-3.533,-12.5181125,8.399725
DK2,base_early_logit,count2022_cool6,process,0.002,original_M0__top2,-3.044,-12.02415,8.866299999999999
DK2,base_early_logit,count2022_cool6,process,0.0025,original_M0__top2,-2.555,-11.530187499999998,9.332875
DK2,base_early_logit,count2022_cool6,process,0.003,original_M0__top2,-2.066,-11.036225,9.799449999999998
DK2,base_early_logit,count2022_cool6,process,0.0035,original_M0__top2,-1.577,-10.5422625,10.266024999999999
DK2,base_early_logit,count2022_cool6,process,0.004,original_M0__top2,-1.088,-10.0483,10.732599999999998
DK2,base_early_logit,count2022_cool6,process,0.0045000000000000005,original_M0__top2,-0.5989999999999993,-9.554337499999999,11.199174999999999
DK2,base_early_logit,count2022_cool6,process,0.005000000000000001,original_M0__top2,-0.10999999999999943,-9.060374999999999,11.665750000000001
DK2,base_early_logit,count2022_cool6,process,0.0055,original_M0__top2,0.37899999999999956,-8.5664125,12.132324999999998
DK2,base_early_logit,count2022_cool6,process,0.006,original_M0__top2,0.8680000000000003,-8.07245,12.598899999999999
DK2,base_early_logit,count2022_cool6,process,0.006500000000000001,original_M0__top2,1.3570000000000002,-7.5784875,13.065475
DK2,base_early_logit,count2022_cool6,process,0.007000000000000001,original_M0__top2,1.846000000000001,-7.084524999999998,13.53205
DK2,base_early_logit,count2022_cool6,process,0.0075,original_M0__top2,2.335,-6.5905625,13.998624999999997
DK2,base_early_logit,count2022_cool6,process,0.008,original_M0__top2,2.824,-6.0966000000000005,14.4652
DK2,base_early_logit,count2022_cool6,process,0.0085,original_M0__top2,3.3130000000000006,-5.602637499999998,14.931775
DK2,base_early_logit,count2022_cool6,process,0.009000000000000001,original_M0__top2,3.8020000000000014,-5.108674999999999,15.398349999999999
DK2,base_early_logit,count2022_cool6,process,0.009500000000000001,original_M0__top2,4.291000000000002,-4.614712499999999,15.864925000000001
DK2,base_early_logit,count2022_cool6,process,0.01,original_M0__top2,4.779999999999999,-4.120749999999999,16.3315
DK2,base_early_logit,count2022_cool6,process,0.0105,original_M0__top2,5.269,-3.6267874999999994,16.798075
DK2,base_early_logit,count2022_cool6,process,0.011000000000000001,original_M0__top2,5.758000000000001,-3.1328249999999995,17.26465
DK2,base_early_logit,count2022_cool6,process,0.0115,original_M0__top2,6.247,-2.6388624999999997,17.731225
DK2,base_early_logit,count2022_cool6,process,0.012,original_M0__top2,6.736000000000001,-2.1449000000000003,18.197799999999997
DK2,base_early_logit,count2022_cool6,process,0.0125,original_M0__top2,7.225000000000001,-1.6509374999999986,18.664375
DK2,base_early_logit,count2022_cool6,process,0.013000000000000001,original_M0__top2,7.714,-1.1569749999999988,19.13095
DK2,base_early_logit,count2022_cool6,process,0.013500000000000002,original_M0__top2,8.203000000000001,-0.663012499999999,19.597525
DK2,base_early_logit,count2022_cool6,process,0.014,original_M0__top2,8.692,-0.1690499999999992,20.064099999999996
DK2,base_early_logit,count2022_cool6,process,0.0145,original_M0__top2,9.181000000000001,0.3249125000000006,20.530675
DK2,base_early_logit,count2022_cool6,process,0.015,original_M0__top2,9.67,0.8188750000000004,20.997249999999994
DK2,base_early_logit,count2022_cool6,process,0.02,original_M0__top2,14.559999999999999,5.678999999999999,25.662999999999997
DK2,base_early_logit,count2022_cool6,process,0.03,original_M0__top2,24.34,15.168499999999998,35.284499999999994
DK2,base_early_logit,count2022_cool6,process,0.05,original_M0__top2,43.900000000000006,34.150000000000006,54.65375
DK2,base_early_logit,count2022_cool6,process,0.1,original_M0__top2,92.80000000000001,81.7,103.30250000000001
DK2,base_early_logit,count2022_cool6,process,0.2,original_M0__top2,190.60000000000002,175.19500000000002,201.405
DK2,base_early_logit,count2022_cool6,process,0.25,original_M0__top2,239.5,221.25,251.25625
DK2,base_early_logit,count2022_cool6,process,0.5,original_M0__top2,484.0,452.0,501.5125
DK2,base_early_logit,count2022_cool6,process,1.0,original_M0__top2,973.0,912.0,1006.0
DK2,base_early_logit,count2022_cool6,hour,0.0,original_M0__top2,-105.0,-135.0,-77.0
DK2,base_early_logit,count2022_cool6,hour,0.0005,original_M0__top2,-104.511,-134.511175,-76.53515
DK2,base_early_logit,count2022_cool6,hour,0.001,original_M0__top2,-104.022,-134.02235,-76.0703
DK2,base_early_logit,count2022_cool6,hour,0.0015,original_M0__top2,-103.533,-133.533525,-75.60545
DK2,base_early_logit,count2022_cool6,hour,0.002,original_M0__top2,-103.044,-133.0447,-75.14059999999999
DK2,base_early_logit,count2022_cool6,hour,0.0025,original_M0__top2,-102.555,-132.55587500000001,-74.67575
DK2,base_early_logit,count2022_cool6,hour,0.003,original_M0__top2,-102.066,-132.06705,-74.2109
DK2,base_early_logit,count2022_cool6,hour,0.0035,original_M0__top2,-101.577,-131.578225,-73.74605000000001
DK2,base_early_logit,count2022_cool6,hour,0.004,original_M0__top2,-101.088,-131.08939999999998,-73.28120000000001
DK2,base_early_logit,count2022_cool6,hour,0.0045000000000000005,original_M0__top2,-100.599,-130.600575,-72.81635000000001
DK2,base_early_logit,count2022_cool6,hour,0.005000000000000001,original_M0__top2,-100.11,-130.11175,-72.3515
DK2,base_early_logit,count2022_cool6,hour,0.0055,original_M0__top2,-99.621,-129.622925,-71.88665
DK2,base_early_logit,count2022_cool6,hour,0.006,original_M0__top2,-99.132,-129.13410000000002,-71.4218
DK2,base_early_logit,count2022_cool6,hour,0.006500000000000001,original_M0__top2,-98.643,-128.645275,-70.95695
DK2,base_early_logit,count2022_cool6,hour,0.007000000000000001,original_M0__top2,-98.154,-128.15645,-70.49210000000001
DK2,base_early_logit,count2022_cool6,hour,0.0075,original_M0__top2,-97.665,-127.667625,-70.02725000000001
DK2,base_early_logit,count2022_cool6,hour,0.008,original_M0__top2,-97.176,-127.1788,-69.5624
DK2,base_early_logit,count2022_cool6,hour,0.0085,original_M0__top2,-96.687,-126.689975,-69.09755
DK2,base_early_logit,count2022_cool6,hour,0.009000000000000001,original_M0__top2,-96.198,-126.20115,-68.6327
DK2,base_early_logit,count2022_cool6,hour,0.009500000000000001,original_M0__top2,-95.709,-125.712325,-68.16785
DK2,base_early_logit,count2022_cool6,hour,0.01,original_M0__top2,-95.22,-125.2235,-67.703
DK2,base_early_logit,count2022_cool6,hour,0.0105,original_M0__top2,-94.731,-124.734675,-67.23815
DK2,base_early_logit,count2022_cool6,hour,0.011000000000000001,original_M0__top2,-94.242,-124.24585,-66.75087500000001
DK2,base_early_logit,count2022_cool6,hour,0.0115,original_M0__top2,-93.753,-123.757025,-66.2406875
DK2,base_early_logit,count2022_cool6,hour,0.012,original_M0__top2,-93.264,-123.2682,-65.7305
DK2,base_early_logit,count2022_cool6,hour,0.0125,original_M0__top2,-92.775,-122.779375,-65.2203125
DK2,base_early_logit,count2022_cool6,hour,0.013000000000000001,original_M0__top2,-92.286,-122.29055,-64.710125
DK2,base_early_logit,count2022_cool6,hour,0.013500000000000002,original_M0__top2,-91.797,-121.80172499999999,-64.1999375
DK2,base_early_logit,count2022_cool6,hour,0.014,original_M0__top2,-91.30799999999999,-121.3129,-63.689750000000004
DK2,base_early_logit,count2022_cool6,hour,0.0145,original_M0__top2,-90.819,-120.82407500000001,-63.179562499999996
DK2,base_early_logit,count2022_cool6,hour,0.015,original_M0__top2,-90.33,-120.33525,-62.669375
DK2,base_early_logit,count2022_cool6,hour,0.02,original_M0__top2,-85.44,-115.447,-57.7965
DK2,base_early_logit,count2022_cool6,hour,0.03,original_M0__top2,-75.66,-105.67049999999999,-47.987500000000004
DK2,base_early_logit,count2022_cool6,hour,0.05,original_M0__top2,-56.099999999999994,-86.8025,-29.040000000000006
DK2,base_early_logit,count2022_cool6,hour,0.1,original_M0__top2,-7.199999999999989,-39.20749999999999,19.602500000000006
DK2,base_early_logit,count2022_cool6,hour,0.2,original_M0__top2,90.60000000000002,55.195000000000014,117.02499999999998
DK2,base_early_logit,count2022_cool6,hour,0.25,original_M0__top2,139.5,102.48125,167.01874999999998
DK2,base_early_logit,count2022_cool6,hour,0.5,original_M0__top2,384.0,336.5,415.03749999999997
DK2,base_early_logit,count2022_cool6,hour,1.0,original_M0__top2,873.0,799.0,913.0
DK2,base_early_logit,count2023_cool6,process,0.0,original_M0__top2,-5.0,-14.0,7.0
DK2,base_early_logit,count2023_cool6,process,0.0005,original_M0__top2,-4.511,-13.5060375,7.466575
DK2,base_early_logit,count2023_cool6,process,0.001,original_M0__top2,-4.022,-13.012075000000001,7.9331499999999995
DK2,base_early_logit,count2023_cool6,process,0.0015,original_M0__top2,-3.533,-12.5181125,8.399725
DK2,base_early_logit,count2023_cool6,process,0.002,original_M0__top2,-3.044,-12.02415,8.866299999999999
DK2,base_early_logit,count2023_cool6,process,0.0025,original_M0__top2,-2.555,-11.530187499999998,9.332875
DK2,base_early_logit,count2023_cool6,process,0.003,original_M0__top2,-2.066,-11.036225,9.799449999999998
DK2,base_early_logit,count2023_cool6,process,0.0035,original_M0__top2,-1.577,-10.5422625,10.266024999999999
DK2,base_early_logit,count2023_cool6,process,0.004,original_M0__top2,-1.088,-10.0483,10.732599999999998
DK2,base_early_logit,count2023_cool6,process,0.0045000000000000005,original_M0__top2,-0.5989999999999993,-9.554337499999999,11.199174999999999
DK2,base_early_logit,count2023_cool6,process,0.005000000000000001,original_M0__top2,-0.10999999999999943,-9.060374999999999,11.665750000000001
DK2,base_early_logit,count2023_cool6,process,0.0055,original_M0__top2,0.37899999999999956,-8.5664125,12.132324999999998
DK2,base_early_logit,count2023_cool6,process,0.006,original_M0__top2,0.8680000000000003,-8.07245,12.598899999999999
DK2,base_early_logit,count2023_cool6,process,0.006500000000000001,original_M0__top2,1.3570000000000002,-7.5784875,13.065475
DK2,base_early_logit,count2023_cool6,process,0.007000000000000001,original_M0__top2,1.846000000000001,-7.084524999999998,13.53205
DK2,base_early_logit,count2023_cool6,process,0.0075,original_M0__top2,2.335,-6.5905625,13.998624999999997
DK2,base_early_logit,count2023_cool6,process,0.008,original_M0__top2,2.824,-6.0966000000000005,14.4652
DK2,base_early_logit,count2023_cool6,process,0.0085,original_M0__top2,3.3130000000000006,-5.602637499999998,14.931775
DK2,base_early_logit,count2023_cool6,process,0.009000000000000001,original_M0__top2,3.8020000000000014,-5.108674999999999,15.398349999999999
DK2,base_early_logit,count2023_cool6,process,0.009500000000000001,original_M0__top2,4.291000000000002,-4.614712499999999,15.864925000000001
DK2,base_early_logit,count2023_cool6,process,0.01,original_M0__top2,4.779999999999999,-4.120749999999999,16.3315
DK2,base_early_logit,count2023_cool6,process,0.0105,original_M0__top2,5.269,-3.6267874999999994,16.798075
DK2,base_early_logit,count2023_cool6,process,0.011000000000000001,original_M0__top2,5.758000000000001,-3.1328249999999995,17.26465
DK2,base_early_logit,count2023_cool6,process,0.0115,original_M0__top2,6.247,-2.6388624999999997,17.731225
DK2,base_early_logit,count2023_cool6,process,0.012,original_M0__top2,6.736000000000001,-2.1449000000000003,18.197799999999997
DK2,base_early_logit,count2023_cool6,process,0.0125,original_M0__top2,7.225000000000001,-1.6509374999999986,18.664375
DK2,base_early_logit,count2023_cool6,process,0.013000000000000001,original_M0__top2,7.714,-1.1569749999999988,19.13095
DK2,base_early_logit,count2023_cool6,process,0.013500000000000002,original_M0__top2,8.203000000000001,-0.663012499999999,19.597525
DK2,base_early_logit,count2023_cool6,process,0.014,original_M0__top2,8.692,-0.1690499999999992,20.064099999999996
DK2,base_early_logit,count2023_cool6,process,0.0145,original_M0__top2,9.181000000000001,0.3249125000000006,20.530675
DK2,base_early_logit,count2023_cool6,process,0.015,original_M0__top2,9.67,0.8188750000000004,20.997249999999994
DK2,base_early_logit,count2023_cool6,process,0.02,original_M0__top2,14.559999999999999,5.678999999999999,25.662999999999997
DK2,base_early_logit,count2023_cool6,process,0.03,original_M0__top2,24.34,15.168499999999998,35.284499999999994
DK2,base_early_logit,count2023_cool6,process,0.05,original_M0__top2,43.900000000000006,34.150000000000006,54.65375
DK2,base_early_logit,count2023_cool6,process,0.1,original_M0__top2,92.80000000000001,81.7,103.30250000000001
DK2,base_early_logit,count2023_cool6,process,0.2,original_M0__top2,190.60000000000002,175.19500000000002,201.405
DK2,base_early_logit,count2023_cool6,process,0.25,original_M0__top2,239.5,221.25,251.25625
DK2,base_early_logit,count2023_cool6,process,0.5,original_M0__top2,484.0,452.0,501.5125
DK2,base_early_logit,count2023_cool6,process,1.0,original_M0__top2,973.0,912.0,1006.0
DK2,base_early_logit,count2023_cool6,hour,0.0,original_M0__top2,-105.0,-135.0,-77.0
DK2,base_early_logit,count2023_cool6,hour,0.0005,original_M0__top2,-104.511,-134.511175,-76.53515
DK2,base_early_logit,count2023_cool6,hour,0.001,original_M0__top2,-104.022,-134.02235,-76.0703
DK2,base_early_logit,count2023_cool6,hour,0.0015,original_M0__top2,-103.533,-133.533525,-75.60545
DK2,base_early_logit,count2023_cool6,hour,0.002,original_M0__top2,-103.044,-133.0447,-75.14059999999999
DK2,base_early_logit,count2023_cool6,hour,0.0025,original_M0__top2,-102.555,-132.55587500000001,-74.67575
DK2,base_early_logit,count2023_cool6,hour,0.003,original_M0__top2,-102.066,-132.06705,-74.2109
DK2,base_early_logit,count2023_cool6,hour,0.0035,original_M0__top2,-101.577,-131.578225,-73.74605000000001
DK2,base_early_logit,count2023_cool6,hour,0.004,original_M0__top2,-101.088,-131.08939999999998,-73.28120000000001
DK2,base_early_logit,count2023_cool6,hour,0.0045000000000000005,original_M0__top2,-100.599,-130.600575,-72.81635000000001
DK2,base_early_logit,count2023_cool6,hour,0.005000000000000001,original_M0__top2,-100.11,-130.11175,-72.3515
DK2,base_early_logit,count2023_cool6,hour,0.0055,original_M0__top2,-99.621,-129.622925,-71.88665
DK2,base_early_logit,count2023_cool6,hour,0.006,original_M0__top2,-99.132,-129.13410000000002,-71.4218
DK2,base_early_logit,count2023_cool6,hour,0.006500000000000001,original_M0__top2,-98.643,-128.645275,-70.95695
DK2,base_early_logit,count2023_cool6,hour,0.007000000000000001,original_M0__top2,-98.154,-128.15645,-70.49210000000001
DK2,base_early_logit,count2023_cool6,hour,0.0075,original_M0__top2,-97.665,-127.667625,-70.02725000000001
DK2,base_early_logit,count2023_cool6,hour,0.008,original_M0__top2,-97.176,-127.1788,-69.5624
DK2,base_early_logit,count2023_cool6,hour,0.0085,original_M0__top2,-96.687,-126.689975,-69.09755
DK2,base_early_logit,count2023_cool6,hour,0.009000000000000001,original_M0__top2,-96.198,-126.20115,-68.6327
DK2,base_early_logit,count2023_cool6,hour,0.009500000000000001,original_M0__top2,-95.709,-125.712325,-68.16785
DK2,base_early_logit,count2023_cool6,hour,0.01,original_M0__top2,-95.22,-125.2235,-67.703
DK2,base_early_logit,count2023_cool6,hour,0.0105,original_M0__top2,-94.731,-124.734675,-67.23815
DK2,base_early_logit,count2023_cool6,hour,0.011000000000000001,original_M0__top2,-94.242,-124.24585,-66.75087500000001
DK2,base_early_logit,count2023_cool6,hour,0.0115,original_M0__top2,-93.753,-123.757025,-66.2406875
DK2,base_early_logit,count2023_cool6,hour,0.012,original_M0__top2,-93.264,-123.2682,-65.7305
DK2,base_early_logit,count2023_cool6,hour,0.0125,original_M0__top2,-92.775,-122.779375,-65.2203125
DK2,base_early_logit,count2023_cool6,hour,0.013000000000000001,original_M0__top2,-92.286,-122.29055,-64.710125
DK2,base_early_logit,count2023_cool6,hour,0.013500000000000002,original_M0__top2,-91.797,-121.80172499999999,-64.1999375
DK2,base_early_logit,count2023_cool6,hour,0.014,original_M0__top2,-91.30799999999999,-121.3129,-63.689750000000004
DK2,base_early_logit,count2023_cool6,hour,0.0145,original_M0__top2,-90.819,-120.82407500000001,-63.179562499999996
DK2,base_early_logit,count2023_cool6,hour,0.015,original_M0__top2,-90.33,-120.33525,-62.669375
DK2,base_early_logit,count2023_cool6,hour,0.02,original_M0__top2,-85.44,-115.447,-57.7965
DK2,base_early_logit,count2023_cool6,hour,0.03,original_M0__top2,-75.66,-105.67049999999999,-47.987500000000004
DK2,base_early_logit,count2023_cool6,hour,0.05,original_M0__top2,-56.099999999999994,-86.8025,-29.040000000000006
DK2,base_early_logit,count2023_cool6,hour,0.1,original_M0__top2,-7.199999999999989,-39.20749999999999,19.602500000000006
DK2,base_early_logit,count2023_cool6,hour,0.2,original_M0__top2,90.60000000000002,55.195000000000014,117.02499999999998
DK2,base_early_logit,count2023_cool6,hour,0.25,original_M0__top2,139.5,102.48125,167.01874999999998
DK2,base_early_logit,count2023_cool6,hour,0.5,original_M0__top2,384.0,336.5,415.03749999999997
DK2,base_early_logit,count2023_cool6,hour,1.0,original_M0__top2,873.0,799.0,913.0
DK2,base_hour_logit,top1,process,0.0,original_M0__top2,-7.0,-11.024999999999999,-3.0
DK2,base_hour_logit,top1,process,0.0005,original_M0__top2,-6.6375,-10.665387499999998,-2.6359875
DK2,base_hour_logit,top1,process,0.001,original_M0__top2,-6.275,-10.305774999999999,-2.2719750000000003
DK2,base_hour_logit,top1,process,0.0015,original_M0__top2,-5.9125,-9.946162499999998,-1.9079625
DK2,base_hour_logit,top1,process,0.002,original_M0__top2,-5.55,-9.586549999999997,-1.5439500000000002
DK2,base_hour_logit,top1,process,0.0025,original_M0__top2,-5.1875,-9.2269375,-1.1799375
DK2,base_hour_logit,top1,process,0.003,original_M0__top2,-4.824999999999999,-8.867325,-0.8159249999999999
DK2,base_hour_logit,top1,process,0.0035,original_M0__top2,-4.4625,-8.507712499999998,-0.45191250000000005
DK2,base_hour_logit,top1,process,0.004,original_M0__top2,-4.1,-8.1481,-0.08790000000000017
DK2,base_hour_logit,top1,process,0.0045000000000000005,original_M0__top2,-3.7375,-7.788487499999999,0.27611250000000015
DK2,base_hour_logit,top1,process,0.005000000000000001,original_M0__top2,-3.374999999999999,-7.428874999999998,0.6401250000000005
DK2,base_hour_logit,top1,process,0.0055,original_M0__top2,-3.0125,-7.069262499999999,1.0041374999999995
DK2,base_hour_logit,top1,process,0.006,original_M0__top2,-2.6499999999999995,-6.709649999999999,1.3681500000000002
DK2,base_hour_logit,top1,process,0.006500000000000001,original_M0__top2,-2.2874999999999996,-6.350037499999998,1.7321625
DK2,base_hour_logit,top1,process,0.007000000000000001,original_M0__top2,-1.924999999999999,-5.990424999999998,2.096175000000001
DK2,base_hour_logit,top1,process,0.0075,original_M0__top2,-1.5625,-5.630812499999998,2.4601875
DK2,base_hour_logit,top1,process,0.008,original_M0__top2,-1.2000000000000002,-5.2711999999999986,2.8242
DK2,base_hour_logit,top1,process,0.0085,original_M0__top2,-0.8374999999999995,-4.911587499999999,3.1882125000000006
DK2,base_hour_logit,top1,process,0.009000000000000001,original_M0__top2,-0.47499999999999964,-4.551974999999998,3.5522250000000004
DK2,base_hour_logit,top1,process,0.009500000000000001,original_M0__top2,-0.11249999999999893,-4.192362499999998,3.916237500000001
DK2,base_hour_logit,top1,process,0.01,original_M0__top2,0.25,-3.832749999999998,4.28025
DK2,base_hour_logit,top1,process,0.0105,original_M0__top2,0.6125000000000007,-3.4731374999999987,4.6442625
DK2,base_hour_logit,top1,process,0.011000000000000001,original_M0__top2,0.9750000000000005,-3.113524999999998,5.008275
DK2,base_hour_logit,top1,process,0.0115,original_M0__top2,1.3375000000000004,-2.7539124999999993,5.3722875
DK2,base_hour_logit,top1,process,0.012,original_M0__top2,1.700000000000001,-2.3942999999999985,5.7363
DK2,base_hour_logit,top1,process,0.0125,original_M0__top2,2.0625,-2.034687499999998,6.100312499999999
DK2,base_hour_logit,top1,process,0.013000000000000001,original_M0__top2,2.4250000000000007,-1.6750749999999974,6.4643250000000005
DK2,base_hour_logit,top1,process,0.013500000000000002,original_M0__top2,2.7875000000000014,-1.3154624999999969,6.828337500000001
DK2,base_hour_logit,top1,process,0.014,original_M0__top2,3.1500000000000004,-0.9558499999999981,7.19235
DK2,base_hour_logit,top1,process,0.0145,original_M0__top2,3.512500000000001,-0.5962374999999974,7.5563625000000005
DK2,base_hour_logit,top1,process,0.015,original_M0__top2,3.875,-0.23662499999999864,7.920375
DK2,base_hour_logit,top1,process,0.02,original_M0__top2,7.5,3.359500000000002,11.5605
DK2,base_hour_logit,top1,process,0.03,original_M0__top2,14.75,10.551750000000002,18.84075
DK2,base_hour_logit,top1,process,0.05,original_M0__top2,29.25,24.936250000000005,33.40125
DK2,base_hour_logit,top1,process,0.1,original_M0__top2,65.5,60.89750000000001,69.8025
DK2,base_hour_logit,top1,process,0.2,original_M0__top2,138.0,133.20000000000002,142.405
DK2,base_hour_logit,top1,process,0.25,original_M0__top2,174.25,169.25,178.75
DK2,base_hour_logit,top1,process,0.5,original_M0__top2,355.5,349.9875,360.0
DK2,base_hour_logit,top1,process,1.0,original_M0__top2,718.0,710.0,724.0
DK2,base_hour_logit,top1,hour,0.0,original_M0__top2,-149.0,-184.025,-131.0
DK2,base_hour_logit,top1,hour,0.0005,original_M0__top2,-148.6375,-183.66445,-130.6384875
DK2,base_hour_logit,top1,hour,0.001,original_M0__top2,-148.275,-183.3039,-130.276975
DK2,base_hour_logit,top1,hour,0.0015,original_M0__top2,-147.9125,-182.94334999999998,-129.91546250000002
DK2,base_hour_logit,top1,hour,0.002,original_M0__top2,-147.55,-182.5828,-129.55395000000001
DK2,base_hour_logit,top1,hour,0.0025,original_M0__top2,-147.1875,-182.22225,-129.19243749999998
DK2,base_hour_logit,top1,hour,0.003,original_M0__top2,-146.825,-181.86169999999998,-128.83092499999998
DK2,base_hour_logit,top1,hour,0.0035,original_M0__top2,-146.4625,-181.50115,-128.4694125
DK2,base_hour_logit,top1,hour,0.004,original_M0__top2,-146.1,-181.1406,-128.1079
DK2,base_hour_logit,top1,hour,0.0045000000000000005,original_M0__top2,-145.7375,-180.78005000000002,-127.7463875
DK2,base_hour_logit,top1,hour,0.005000000000000001,original_M0__top2,-145.375,-180.4195,-127.38487500000001
DK2,base_hour_logit,top1,hour,0.0055,original_M0__top2,-145.0125,-180.05895,-127.0233625
DK2,base_hour_logit,top1,hour,0.006,original_M0__top2,-144.65,-179.6984,-126.66185
DK2,base_hour_logit,top1,hour,0.006500000000000001,original_M0__top2,-144.2875,-179.33785,-126.3003375
DK2,base_hour_logit,top1,hour,0.007000000000000001,original_M0__top2,-143.925,-178.9773,-125.938825
DK2,base_hour_logit,top1,hour,0.0075,original_M0__top2,-143.5625,-178.61675,-125.5773125
DK2,base_hour_logit,top1,hour,0.008,original_M0__top2,-143.2,-178.2562,-125.21579999999999
DK2,base_hour_logit,top1,hour,0.0085,original_M0__top2,-142.8375,-177.89565,-124.8542875
DK2,base_hour_logit,top1,hour,0.009000000000000001,original_M0__top2,-142.475,-177.5351,-124.492775
DK2,base_hour_logit,top1,hour,0.009500000000000001,original_M0__top2,-142.1125,-177.17454999999998,-124.1312625
DK2,base_hour_logit,top1,hour,0.01,original_M0__top2,-141.75,-176.814,-123.76975
DK2,base_hour_logit,top1,hour,0.0105,original_M0__top2,-141.3875,-176.45344999999998,-123.4082375
DK2,base_hour_logit,top1,hour,0.011000000000000001,original_M0__top2,-141.025,-176.0929,-123.046725
DK2,base_hour_logit,top1,hour,0.0115,original_M0__top2,-140.6625,-175.73235000000003,-122.6852125
DK2,base_hour_logit,top1,hour,0.012,original_M0__top2,-140.3,-175.3718,-122.3237
DK2,base_hour_logit,top1,hour,0.0125,original_M0__top2,-139.9375,-175.01125000000002,-121.9621875
DK2,base_hour_logit,top1,hour,0.013000000000000001,original_M0__top2,-139.575,-174.6507,-121.600675
DK2,base_hour_logit,top1,hour,0.013500000000000002,original_M0__top2,-139.2125,-174.29015,-121.23916249999999
DK2,base_hour_logit,top1,hour,0.014,original_M0__top2,-138.85,-173.9296,-120.87765
DK2,base_hour_logit,top1,hour,0.0145,original_M0__top2,-138.4875,-173.56905,-120.5161375
DK2,base_hour_logit,top1,hour,0.015,original_M0__top2,-138.125,-173.20850000000002,-120.154625
DK2,base_hour_logit,top1,hour,0.02,original_M0__top2,-134.5,-169.603,-116.53949999999999
DK2,base_hour_logit,top1,hour,0.03,original_M0__top2,-127.25,-162.392,-109.30925
DK2,base_hour_logit,top1,hour,0.05,original_M0__top2,-112.75,-147.97,-94.84875
DK2,base_hour_logit,top1,hour,0.1,original_M0__top2,-76.5,-111.91499999999999,-58.697500000000005
DK2,base_hour_logit,top1,hour,0.2,original_M0__top2,-4.0,-39.804999999999986,13.800000000000011
DK2,base_hour_logit,top1,hour,0.25,original_M0__top2,32.25,-3.75,50.0
DK2,base_hour_logit,top1,hour,0.5,original_M0__top2,213.5,177.0,231.0
DK2,base_hour_logit,top1,hour,1.0,original_M0__top2,576.0,538.0,593.0
DK2,base_hour_logit,top2,process,0.0,original_M0__top2,1.0,0.0,2.0
DK2,base_hour_logit,top2,process,0.0005,original_M0__top2,1.0,0.0,2.0
DK2,base_hour_logit,top2,process,0.001,original_M0__top2,1.0,0.0,2.0
DK2,base_hour_logit,top2,process,0.0015,original_M0__top2,1.0,0.0,2.0
DK2,base_hour_logit,top2,process,0.002,original_M0__top2,1.0,0.0,2.0
DK2,base_hour_logit,top2,process,0.0025,original_M0__top2,1.0,0.0,2.0
DK2,base_hour_logit,top2,process,0.003,original_M0__top2,1.0,0.0,2.0
DK2,base_hour_logit,top2,process,0.0035,original_M0__top2,1.0,0.0,2.0
DK2,base_hour_logit,top2,process,0.004,original_M0__top2,1.0,0.0,2.0
DK2,base_hour_logit,top2,process,0.0045000000000000005,original_M0__top2,1.0,0.0,2.0
DK2,base_hour_logit,top2,process,0.005000000000000001,original_M0__top2,1.0,0.0,2.0
DK2,base_hour_logit,top2,process,0.0055,original_M0__top2,1.0,0.0,2.0
DK2,base_hour_logit,top2,process,0.006,original_M0__top2,1.0,0.0,2.0
DK2,base_hour_logit,top2,process,0.006500000000000001,original_M0__top2,1.0,0.0,2.0
DK2,base_hour_logit,top2,process,0.007000000000000001,original_M0__top2,1.0,0.0,2.0
DK2,base_hour_logit,top2,process,0.0075,original_M0__top2,1.0,0.0,2.0
DK2,base_hour_logit,top2,process,0.008,original_M0__top2,1.0,0.0,2.0
DK2,base_hour_logit,top2,process,0.0085,original_M0__top2,1.0,0.0,2.0
DK2,base_hour_logit,top2,process,0.009000000000000001,original_M0__top2,1.0,0.0,2.0
DK2,base_hour_logit,top2,process,0.009500000000000001,original_M0__top2,1.0,0.0,2.0
DK2,base_hour_logit,top2,process,0.01,original_M0__top2,1.0,0.0,2.0
DK2,base_hour_logit,top2,process,0.0105,original_M0__top2,1.0,0.0,2.0
DK2,base_hour_logit,top2,process,0.011000000000000001,original_M0__top2,1.0,0.0,2.0
DK2,base_hour_logit,top2,process,0.0115,original_M0__top2,1.0,0.0,2.0
DK2,base_hour_logit,top2,process,0.012,original_M0__top2,1.0,0.0,2.0
DK2,base_hour_logit,top2,process,0.0125,original_M0__top2,1.0,0.0,2.0
DK2,base_hour_logit,top2,process,0.013000000000000001,original_M0__top2,1.0,0.0,2.0
DK2,base_hour_logit,top2,process,0.013500000000000002,original_M0__top2,1.0,0.0,2.0
DK2,base_hour_logit,top2,process,0.014,original_M0__top2,1.0,0.0,2.0
DK2,base_hour_logit,top2,process,0.0145,original_M0__top2,1.0,0.0,2.0
DK2,base_hour_logit,top2,process,0.015,original_M0__top2,1.0,0.0,2.0
DK2,base_hour_logit,top2,process,0.02,original_M0__top2,1.0,0.0,2.0
DK2,base_hour_logit,top2,process,0.03,original_M0__top2,1.0,0.0,2.0
DK2,base_hour_logit,top2,process,0.05,original_M0__top2,1.0,0.0,2.0
DK2,base_hour_logit,top2,process,0.1,original_M0__top2,1.0,0.0,2.0
DK2,base_hour_logit,top2,process,0.2,original_M0__top2,1.0,0.0,2.0
DK2,base_hour_logit,top2,process,0.25,original_M0__top2,1.0,0.0,2.0
DK2,base_hour_logit,top2,process,0.5,original_M0__top2,1.0,0.0,2.0
DK2,base_hour_logit,top2,process,1.0,original_M0__top2,1.0,0.0,2.0
DK2,base_hour_logit,top2,hour,0.0,original_M0__top2,0.0,-7.0,4.0
DK2,base_hour_logit,top2,hour,0.0005,original_M0__top2,0.0,-7.0,4.0
DK2,base_hour_logit,top2,hour,0.001,original_M0__top2,0.0,-7.0,4.0
DK2,base_hour_logit,top2,hour,0.0015,original_M0__top2,0.0,-7.0,4.0
DK2,base_hour_logit,top2,hour,0.002,original_M0__top2,0.0,-7.0,4.0
DK2,base_hour_logit,top2,hour,0.0025,original_M0__top2,0.0,-7.0,4.0
DK2,base_hour_logit,top2,hour,0.003,original_M0__top2,0.0,-7.0,4.0
DK2,base_hour_logit,top2,hour,0.0035,original_M0__top2,0.0,-7.0,4.0
DK2,base_hour_logit,top2,hour,0.004,original_M0__top2,0.0,-7.0,4.0
DK2,base_hour_logit,top2,hour,0.0045000000000000005,original_M0__top2,0.0,-7.0,4.0
DK2,base_hour_logit,top2,hour,0.005000000000000001,original_M0__top2,0.0,-7.0,4.0
DK2,base_hour_logit,top2,hour,0.0055,original_M0__top2,0.0,-7.0,4.0
DK2,base_hour_logit,top2,hour,0.006,original_M0__top2,0.0,-7.0,4.0
DK2,base_hour_logit,top2,hour,0.006500000000000001,original_M0__top2,0.0,-7.0,4.0
DK2,base_hour_logit,top2,hour,0.007000000000000001,original_M0__top2,0.0,-7.0,4.0
DK2,base_hour_logit,top2,hour,0.0075,original_M0__top2,0.0,-7.0,4.0
DK2,base_hour_logit,top2,hour,0.008,original_M0__top2,0.0,-7.0,4.0
DK2,base_hour_logit,top2,hour,0.0085,original_M0__top2,0.0,-7.0,4.0
DK2,base_hour_logit,top2,hour,0.009000000000000001,original_M0__top2,0.0,-7.0,4.0
DK2,base_hour_logit,top2,hour,0.009500000000000001,original_M0__top2,0.0,-7.0,4.0
DK2,base_hour_logit,top2,hour,0.01,original_M0__top2,0.0,-7.0,4.0
DK2,base_hour_logit,top2,hour,0.0105,original_M0__top2,0.0,-7.0,4.0
DK2,base_hour_logit,top2,hour,0.011000000000000001,original_M0__top2,0.0,-7.0,4.0
DK2,base_hour_logit,top2,hour,0.0115,original_M0__top2,0.0,-7.0,4.0
DK2,base_hour_logit,top2,hour,0.012,original_M0__top2,0.0,-7.0,4.0
DK2,base_hour_logit,top2,hour,0.0125,original_M0__top2,0.0,-7.0,4.0
DK2,base_hour_logit,top2,hour,0.013000000000000001,original_M0__top2,0.0,-7.0,4.0
DK2,base_hour_logit,top2,hour,0.013500000000000002,original_M0__top2,0.0,-7.0,4.0
DK2,base_hour_logit,top2,hour,0.014,original_M0__top2,0.0,-7.0,4.0
DK2,base_hour_logit,top2,hour,0.0145,original_M0__top2,0.0,-7.0,4.0
DK2,base_hour_logit,top2,hour,0.015,original_M0__top2,0.0,-7.0,4.0
DK2,base_hour_logit,top2,hour,0.02,original_M0__top2,0.0,-7.0,4.0
DK2,base_hour_logit,top2,hour,0.03,original_M0__top2,0.0,-7.0,4.0
DK2,base_hour_logit,top2,hour,0.05,original_M0__top2,0.0,-7.0,4.0
DK2,base_hour_logit,top2,hour,0.1,original_M0__top2,0.0,-7.0,4.0
DK2,base_hour_logit,top2,hour,0.2,original_M0__top2,0.0,-7.0,4.0
DK2,base_hour_logit,top2,hour,0.25,original_M0__top2,0.0,-7.0,4.0
DK2,base_hour_logit,top2,hour,0.5,original_M0__top2,0.0,-7.0,4.0
DK2,base_hour_logit,top2,hour,1.0,original_M0__top2,0.0,-7.0,4.0
DK2,base_hour_logit,count2022_target05,process,0.0,original_M0__top2,0.0,-3.0,1.0
DK2,base_hour_logit,count2022_target05,process,0.0005,original_M0__top2,0.34950000000000003,-2.6700375,1.3695374999999999
DK2,base_hour_logit,count2022_target05,process,0.001,original_M0__top2,0.6990000000000001,-2.3400749999999997,1.7390749999999997
DK2,base_hour_logit,count2022_target05,process,0.0015,original_M0__top2,1.0485,-2.0101125,2.1086125
DK2,base_hour_logit,count2022_target05,process,0.002,original_M0__top2,1.3980000000000001,-1.68015,2.4781499999999994
DK2,base_hour_logit,count2022_target05,process,0.0025,original_M0__top2,1.7475,-1.3501874999999999,2.8476875
DK2,base_hour_logit,count2022_target05,process,0.003,original_M0__top2,2.097,-1.020225,3.217225
DK2,base_hour_logit,count2022_target05,process,0.0035,original_M0__top2,2.4465,-0.6902624999999999,3.5867625
DK2,base_hour_logit,count2022_target05,process,0.004,original_M0__top2,2.7960000000000003,-0.36029999999999984,3.9562999999999997
DK2,base_hour_logit,count2022_target05,process,0.0045000000000000005,original_M0__top2,3.1455,-0.030337499999999788,4.3258375
DK2,base_hour_logit,count2022_target05,process,0.005000000000000001,original_M0__top2,3.4950000000000006,0.29962500000000075,4.695375
DK2,base_hour_logit,count2022_target05,process,0.0055,original_M0__top2,3.8444999999999996,0.6295875,5.064912499999999
DK2,base_hour_logit,count2022_target05,process,0.006,original_M0__top2,4.194,0.95955,5.43445
DK2,base_hour_logit,count2022_target05,process,0.006500000000000001,original_M0__top2,4.543500000000001,1.2895125,5.8039875
DK2,base_hour_logit,count2022_target05,process,0.007000000000000001,original_M0__top2,4.893000000000001,1.619475000000001,6.173525000000001
DK2,base_hour_logit,count2022_target05,process,0.0075,original_M0__top2,5.2425,1.9494375000000002,6.543062499999999
DK2,base_hour_logit,count2022_target05,process,0.008,original_M0__top2,5.5920000000000005,2.2794000000000003,6.912599999999999
DK2,base_hour_logit,count2022_target05,process,0.0085,original_M0__top2,5.9415000000000004,2.6093625000000005,7.2821375
DK2,base_hour_logit,count2022_target05,process,0.009000000000000001,original_M0__top2,6.291,2.9393250000000006,7.651675
DK2,base_hour_logit,count2022_target05,process,0.009500000000000001,original_M0__top2,6.640500000000001,3.269700000000001,8.0212125
DK2,base_hour_logit,count2022_target05,process,0.01,original_M0__top2,6.99,3.6097500000000005,8.3905
DK2,base_hour_logit,count2022_target05,process,0.0105,original_M0__top2,7.3395,3.9402375000000003,8.731224999999998
DK2,base_hour_logit,count2022_target05,process,0.011000000000000001,original_M0__top2,7.689000000000001,4.2707250000000005,9.052950000000001
DK2,base_hour_logit,count2022_target05,process,0.0115,original_M0__top2,8.038499999999999,4.6012125,9.408799999999998
DK2,base_hour_logit,count2022_target05,process,0.012,original_M0__top2,8.388,4.9317,9.774399999999998
DK2,base_hour_logit,count2022_target05,process,0.0125,original_M0__top2,8.7375,5.262187500000001,10.139999999999999
DK2,base_hour_logit,count2022_target05,process,0.013000000000000001,original_M0__top2,9.087000000000002,5.592675,10.505599999999998
DK2,base_hour_logit,count2022_target05,process,0.013500000000000002,original_M0__top2,9.4365,5.923162500000001,10.871199999999998
DK2,base_hour_logit,count2022_target05,process,0.014,original_M0__top2,9.786,6.2536499999999995,11.236799999999997
DK2,base_hour_logit,count2022_target05,process,0.0145,original_M0__top2,10.1355,6.584137500000001,11.602399999999998
DK2,base_hour_logit,count2022_target05,process,0.015,original_M0__top2,10.485,6.914624999999999,11.967874999999998
DK2,base_hour_logit,count2022_target05,process,0.02,original_M0__top2,13.98,10.200000000000001,15.581
DK2,base_hour_logit,count2022_target05,process,0.03,original_M0__top2,20.97,16.829749999999997,22.791249999999998
DK2,base_hour_logit,count2022_target05,process,0.05,original_M0__top2,34.95,29.99875,37.4
DK2,base_hour_logit,count2022_target05,process,0.1,original_M0__top2,69.9,62.595000000000006,74.6025
DK2,base_hour_logit,count2022_target05,process,0.2,original_M0__top2,139.8,126.4,149.4
DK2,base_hour_logit,count2022_target05,process,0.25,original_M0__top2,174.75,158.74375,186.75
DK2,base_hour_logit,count2022_target05,process,0.5,original_M0__top2,349.5,319.4875,373.5
DK2,base_hour_logit,count2022_target05,process,1.0,original_M0__top2,699.0,640.0,746.025
DK2,base_hour_logit,count2022_target05,hour,0.0,original_M0__top2,-5.0,-14.0,1.0
DK2,base_hour_logit,count2022_target05,hour,0.0005,original_M0__top2,-4.6505,-13.65405,1.346
DK2,base_hour_logit,count2022_target05,hour,0.001,original_M0__top2,-4.301,-13.3081,1.6920000000000002
DK2,base_hour_logit,count2022_target05,hour,0.0015,original_M0__top2,-3.9515000000000002,-12.96215,2.0380000000000003
DK2,base_hour_logit,count2022_target05,hour,0.002,original_M0__top2,-3.602,-12.6162,2.3840000000000003
DK2,base_hour_logit,count2022_target05,hour,0.0025,original_M0__top2,-3.2525,-12.270249999999999,2.73
DK2,base_hour_logit,count2022_target05,hour,0.003,original_M0__top2,-2.903,-11.924299999999999,3.076
DK2,base_hour_logit,count2022_target05,hour,0.0035,original_M0__top2,-2.5535,-11.578349999999999,3.422
DK2,base_hour_logit,count2022_target05,hour,0.004,original_M0__top2,-2.2039999999999997,-11.2324,3.7680000000000002
DK2,base_hour_logit,count2022_target05,hour,0.0045000000000000005,original_M0__top2,-1.8544999999999998,-10.88645,4.114000000000001
DK2,base_hour_logit,count2022_target05,hour,0.005000000000000001,original_M0__top2,-1.5049999999999994,-10.5405,4.460000000000001
DK2,base_hour_logit,count2022_target05,hour,0.0055,original_M0__top2,-1.1555000000000004,-10.194550000000001,4.805999999999999
DK2,base_hour_logit,count2022_target05,hour,0.006,original_M0__top2,-0.806,-9.8486,5.152
DK2,base_hour_logit,count2022_target05,hour,0.006500000000000001,original_M0__top2,-0.45649999999999924,-9.50265,5.498
DK2,base_hour_logit,count2022_target05,hour,0.007000000000000001,original_M0__top2,-0.10699999999999932,-9.156699999999999,5.844
DK2,base_hour_logit,count2022_target05,hour,0.0075,original_M0__top2,0.24249999999999972,-8.81075,6.1899999999999995
DK2,base_hour_logit,count2022_target05,hour,0.008,original_M0__top2,0.5920000000000005,-8.464799999999999,6.5360000000000005
DK2,base_hour_logit,count2022_target05,hour,0.0085,original_M0__top2,0.9415000000000004,-8.118849999999998,6.882000000000001
DK2,base_hour_logit,count2022_target05,hour,0.009000000000000001,original_M0__top2,1.2910000000000004,-7.772899999999999,7.228000000000001
DK2,base_hour_logit,count2022_target05,hour,0.009500000000000001,original_M0__top2,1.6405000000000012,-7.426949999999999,7.574000000000001
DK2,base_hour_logit,count2022_target05,hour,0.01,original_M0__top2,1.9900000000000002,-7.081,7.92
DK2,base_hour_logit,count2022_target05,hour,0.0105,original_M0__top2,2.3395,-6.73505,8.266
DK2,base_hour_logit,count2022_target05,hour,0.011000000000000001,original_M0__top2,2.689000000000001,-6.389099999999999,8.612000000000002
DK2,base_hour_logit,count2022_target05,hour,0.0115,original_M0__top2,3.038499999999999,-6.04315,8.958
DK2,base_hour_logit,count2022_target05,hour,0.012,original_M0__top2,3.388,-5.6972,9.304
DK2,base_hour_logit,count2022_target05,hour,0.0125,original_M0__top2,3.7375000000000007,-5.351249999999999,9.65
DK2,base_hour_logit,count2022_target05,hour,0.013000000000000001,original_M0__top2,4.0870000000000015,-5.005299999999999,9.996
DK2,base_hour_logit,count2022_target05,hour,0.013500000000000002,original_M0__top2,4.4365000000000006,-4.659349999999999,10.342
DK2,base_hour_logit,count2022_target05,hour,0.014,original_M0__top2,4.786,-4.3134,10.688
DK2,base_hour_logit,count2022_target05,hour,0.0145,original_M0__top2,5.1355,-3.967449999999999,11.034
DK2,base_hour_logit,count2022_target05,hour,0.015,original_M0__top2,5.484999999999999,-3.621500000000001,11.379999999999999
DK2,base_hour_logit,count2022_target05,hour,0.02,original_M0__top2,8.98,-0.16200000000000003,14.84
DK2,base_hour_logit,count2022_target05,hour,0.03,original_M0__top2,15.969999999999999,6.759499999999998,21.8905
DK2,base_hour_logit,count2022_target05,hour,0.05,original_M0__top2,29.950000000000003,19.9975,36.00375
DK2,base_hour_logit,count2022_target05,hour,0.1,original_M0__top2,64.9,53.300000000000004,72.3
DK2,base_hour_logit,count2022_target05,hour,0.2,original_M0__top2,134.8,119.19500000000001,146.0
DK2,base_hour_logit,count2022_target05,hour,0.25,original_M0__top2,169.75,151.49375,183.75
DK2,base_hour_logit,count2022_target05,hour,0.5,original_M0__top2,344.5,313.4875,369.525
DK2,base_hour_logit,count2022_target05,hour,1.0,original_M0__top2,694.0,635.0,743.025
DK2,base_hour_logit,count2023_target05,process,0.0,original_M0__top2,0.0,-3.0,1.0
DK2,base_hour_logit,count2023_target05,process,0.0005,original_M0__top2,0.34950000000000003,-2.6700375,1.3695374999999999
DK2,base_hour_logit,count2023_target05,process,0.001,original_M0__top2,0.6990000000000001,-2.3400749999999997,1.7390749999999997
DK2,base_hour_logit,count2023_target05,process,0.0015,original_M0__top2,1.0485,-2.0101125,2.1086125
DK2,base_hour_logit,count2023_target05,process,0.002,original_M0__top2,1.3980000000000001,-1.68015,2.4781499999999994
DK2,base_hour_logit,count2023_target05,process,0.0025,original_M0__top2,1.7475,-1.3501874999999999,2.8476875
DK2,base_hour_logit,count2023_target05,process,0.003,original_M0__top2,2.097,-1.020225,3.217225
DK2,base_hour_logit,count2023_target05,process,0.0035,original_M0__top2,2.4465,-0.6902624999999999,3.5867625
DK2,base_hour_logit,count2023_target05,process,0.004,original_M0__top2,2.7960000000000003,-0.36029999999999984,3.9562999999999997
DK2,base_hour_logit,count2023_target05,process,0.0045000000000000005,original_M0__top2,3.1455,-0.030337499999999788,4.3258375
DK2,base_hour_logit,count2023_target05,process,0.005000000000000001,original_M0__top2,3.4950000000000006,0.29962500000000075,4.695375
DK2,base_hour_logit,count2023_target05,process,0.0055,original_M0__top2,3.8444999999999996,0.6295875,5.064912499999999
DK2,base_hour_logit,count2023_target05,process,0.006,original_M0__top2,4.194,0.95955,5.43445
DK2,base_hour_logit,count2023_target05,process,0.006500000000000001,original_M0__top2,4.543500000000001,1.2895125,5.8039875
DK2,base_hour_logit,count2023_target05,process,0.007000000000000001,original_M0__top2,4.893000000000001,1.619475000000001,6.173525000000001
DK2,base_hour_logit,count2023_target05,process,0.0075,original_M0__top2,5.2425,1.9494375000000002,6.543062499999999
DK2,base_hour_logit,count2023_target05,process,0.008,original_M0__top2,5.5920000000000005,2.2794000000000003,6.912599999999999
DK2,base_hour_logit,count2023_target05,process,0.0085,original_M0__top2,5.9415000000000004,2.6093625000000005,7.2821375
DK2,base_hour_logit,count2023_target05,process,0.009000000000000001,original_M0__top2,6.291,2.9393250000000006,7.651675
DK2,base_hour_logit,count2023_target05,process,0.009500000000000001,original_M0__top2,6.640500000000001,3.269700000000001,8.0212125
DK2,base_hour_logit,count2023_target05,process,0.01,original_M0__top2,6.99,3.6097500000000005,8.3905
DK2,base_hour_logit,count2023_target05,process,0.0105,original_M0__top2,7.3395,3.9402375000000003,8.731224999999998
DK2,base_hour_logit,count2023_target05,process,0.011000000000000001,original_M0__top2,7.689000000000001,4.2707250000000005,9.052950000000001
DK2,base_hour_logit,count2023_target05,process,0.0115,original_M0__top2,8.038499999999999,4.6012125,9.408799999999998
DK2,base_hour_logit,count2023_target05,process,0.012,original_M0__top2,8.388,4.9317,9.774399999999998
DK2,base_hour_logit,count2023_target05,process,0.0125,original_M0__top2,8.7375,5.262187500000001,10.139999999999999
DK2,base_hour_logit,count2023_target05,process,0.013000000000000001,original_M0__top2,9.087000000000002,5.592675,10.505599999999998
DK2,base_hour_logit,count2023_target05,process,0.013500000000000002,original_M0__top2,9.4365,5.923162500000001,10.871199999999998
DK2,base_hour_logit,count2023_target05,process,0.014,original_M0__top2,9.786,6.2536499999999995,11.236799999999997
DK2,base_hour_logit,count2023_target05,process,0.0145,original_M0__top2,10.1355,6.584137500000001,11.602399999999998
DK2,base_hour_logit,count2023_target05,process,0.015,original_M0__top2,10.485,6.914624999999999,11.967874999999998
DK2,base_hour_logit,count2023_target05,process,0.02,original_M0__top2,13.98,10.200000000000001,15.581
DK2,base_hour_logit,count2023_target05,process,0.03,original_M0__top2,20.97,16.829749999999997,22.791249999999998
DK2,base_hour_logit,count2023_target05,process,0.05,original_M0__top2,34.95,29.99875,37.4
DK2,base_hour_logit,count2023_target05,process,0.1,original_M0__top2,69.9,62.595000000000006,74.6025
DK2,base_hour_logit,count2023_target05,process,0.2,original_M0__top2,139.8,126.4,149.4
DK2,base_hour_logit,count2023_target05,process,0.25,original_M0__top2,174.75,158.74375,186.75
DK2,base_hour_logit,count2023_target05,process,0.5,original_M0__top2,349.5,319.4875,373.5
DK2,base_hour_logit,count2023_target05,process,1.0,original_M0__top2,699.0,640.0,746.025
DK2,base_hour_logit,count2023_target05,hour,0.0,original_M0__top2,-5.0,-14.0,1.0
DK2,base_hour_logit,count2023_target05,hour,0.0005,original_M0__top2,-4.6505,-13.65405,1.346
DK2,base_hour_logit,count2023_target05,hour,0.001,original_M0__top2,-4.301,-13.3081,1.6920000000000002
DK2,base_hour_logit,count2023_target05,hour,0.0015,original_M0__top2,-3.9515000000000002,-12.96215,2.0380000000000003
DK2,base_hour_logit,count2023_target05,hour,0.002,original_M0__top2,-3.602,-12.6162,2.3840000000000003
DK2,base_hour_logit,count2023_target05,hour,0.0025,original_M0__top2,-3.2525,-12.270249999999999,2.73
DK2,base_hour_logit,count2023_target05,hour,0.003,original_M0__top2,-2.903,-11.924299999999999,3.076
DK2,base_hour_logit,count2023_target05,hour,0.0035,original_M0__top2,-2.5535,-11.578349999999999,3.422
DK2,base_hour_logit,count2023_target05,hour,0.004,original_M0__top2,-2.2039999999999997,-11.2324,3.7680000000000002
DK2,base_hour_logit,count2023_target05,hour,0.0045000000000000005,original_M0__top2,-1.8544999999999998,-10.88645,4.114000000000001
DK2,base_hour_logit,count2023_target05,hour,0.005000000000000001,original_M0__top2,-1.5049999999999994,-10.5405,4.460000000000001
DK2,base_hour_logit,count2023_target05,hour,0.0055,original_M0__top2,-1.1555000000000004,-10.194550000000001,4.805999999999999
DK2,base_hour_logit,count2023_target05,hour,0.006,original_M0__top2,-0.806,-9.8486,5.152
DK2,base_hour_logit,count2023_target05,hour,0.006500000000000001,original_M0__top2,-0.45649999999999924,-9.50265,5.498
DK2,base_hour_logit,count2023_target05,hour,0.007000000000000001,original_M0__top2,-0.10699999999999932,-9.156699999999999,5.844
DK2,base_hour_logit,count2023_target05,hour,0.0075,original_M0__top2,0.24249999999999972,-8.81075,6.1899999999999995
DK2,base_hour_logit,count2023_target05,hour,0.008,original_M0__top2,0.5920000000000005,-8.464799999999999,6.5360000000000005
DK2,base_hour_logit,count2023_target05,hour,0.0085,original_M0__top2,0.9415000000000004,-8.118849999999998,6.882000000000001
DK2,base_hour_logit,count2023_target05,hour,0.009000000000000001,original_M0__top2,1.2910000000000004,-7.772899999999999,7.228000000000001
DK2,base_hour_logit,count2023_target05,hour,0.009500000000000001,original_M0__top2,1.6405000000000012,-7.426949999999999,7.574000000000001
DK2,base_hour_logit,count2023_target05,hour,0.01,original_M0__top2,1.9900000000000002,-7.081,7.92
DK2,base_hour_logit,count2023_target05,hour,0.0105,original_M0__top2,2.3395,-6.73505,8.266
DK2,base_hour_logit,count2023_target05,hour,0.011000000000000001,original_M0__top2,2.689000000000001,-6.389099999999999,8.612000000000002
DK2,base_hour_logit,count2023_target05,hour,0.0115,original_M0__top2,3.038499999999999,-6.04315,8.958
DK2,base_hour_logit,count2023_target05,hour,0.012,original_M0__top2,3.388,-5.6972,9.304
DK2,base_hour_logit,count2023_target05,hour,0.0125,original_M0__top2,3.7375000000000007,-5.351249999999999,9.65
DK2,base_hour_logit,count2023_target05,hour,0.013000000000000001,original_M0__top2,4.0870000000000015,-5.005299999999999,9.996
DK2,base_hour_logit,count2023_target05,hour,0.013500000000000002,original_M0__top2,4.4365000000000006,-4.659349999999999,10.342
DK2,base_hour_logit,count2023_target05,hour,0.014,original_M0__top2,4.786,-4.3134,10.688
DK2,base_hour_logit,count2023_target05,hour,0.0145,original_M0__top2,5.1355,-3.967449999999999,11.034
DK2,base_hour_logit,count2023_target05,hour,0.015,original_M0__top2,5.484999999999999,-3.621500000000001,11.379999999999999
DK2,base_hour_logit,count2023_target05,hour,0.02,original_M0__top2,8.98,-0.16200000000000003,14.84
DK2,base_hour_logit,count2023_target05,hour,0.03,original_M0__top2,15.969999999999999,6.759499999999998,21.8905
DK2,base_hour_logit,count2023_target05,hour,0.05,original_M0__top2,29.950000000000003,19.9975,36.00375
DK2,base_hour_logit,count2023_target05,hour,0.1,original_M0__top2,64.9,53.300000000000004,72.3
DK2,base_hour_logit,count2023_target05,hour,0.2,original_M0__top2,134.8,119.19500000000001,146.0
DK2,base_hour_logit,count2023_target05,hour,0.25,original_M0__top2,169.75,151.49375,183.75
DK2,base_hour_logit,count2023_target05,hour,0.5,original_M0__top2,344.5,313.4875,369.525
DK2,base_hour_logit,count2023_target05,hour,1.0,original_M0__top2,694.0,635.0,743.025
DK2,base_hour_logit,fixed025,process,0.0,original_M0__top2,-8.0,-13.0,-3.0
DK2,base_hour_logit,fixed025,process,0.0005,original_M0__top2,-7.4895,-12.5095625,-2.5069500000000002
DK2,base_hour_logit,fixed025,process,0.001,original_M0__top2,-6.979,-12.019125,-2.0139000000000005
DK2,base_hour_logit,fixed025,process,0.0015,original_M0__top2,-6.4685,-11.528687499999998,-1.52085
DK2,base_hour_logit,fixed025,process,0.002,original_M0__top2,-5.958,-11.03825,-1.0278000000000003
DK2,base_hour_logit,fixed025,process,0.0025,original_M0__top2,-5.4475,-10.5478125,-0.5347500000000004
DK2,base_hour_logit,fixed025,process,0.003,original_M0__top2,-4.936999999999999,-10.057375,-0.04170000000000009
DK2,base_hour_logit,fixed025,process,0.0035,original_M0__top2,-4.4265,-9.5669375,0.45134999999999975
DK2,base_hour_logit,fixed025,process,0.004,original_M0__top2,-3.9159999999999995,-9.076500000000001,0.9443999999999996
DK2,base_hour_logit,fixed025,process,0.0045000000000000005,original_M0__top2,-3.405499999999999,-8.586062499999999,1.43745
DK2,base_hour_logit,fixed025,process,0.005000000000000001,original_M0__top2,-2.8949999999999987,-8.095624999999998,1.9305
DK2,base_hour_logit,fixed025,process,0.0055,original_M0__top2,-2.3845,-7.6051875,2.4235499999999996
DK2,base_hour_logit,fixed025,process,0.006,original_M0__top2,-1.8739999999999997,-7.11475,2.9166
DK2,base_hour_logit,fixed025,process,0.006500000000000001,original_M0__top2,-1.3634999999999993,-6.624312499999999,3.40965
DK2,base_hour_logit,fixed025,process,0.007000000000000001,original_M0__top2,-0.8529999999999989,-6.133874999999999,3.9027000000000003
DK2,base_hour_logit,fixed025,process,0.0075,original_M0__top2,-0.34250000000000025,-5.6434375,4.395749999999999
DK2,base_hour_logit,fixed025,process,0.008,original_M0__top2,0.16800000000000104,-5.1530000000000005,4.888799999999999
DK2,base_hour_logit,fixed025,process,0.0085,original_M0__top2,0.6785000000000014,-4.6625625,5.381849999999999
DK2,base_hour_logit,fixed025,process,0.009000000000000001,original_M0__top2,1.1890000000000018,-4.172124999999999,5.874899999999999
DK2,base_hour_logit,fixed025,process,0.009500000000000001,original_M0__top2,1.6995000000000022,-3.6816874999999984,6.36795
DK2,base_hour_logit,fixed025,process,0.01,original_M0__top2,2.210000000000001,-3.1912499999999993,6.860999999999999
DK2,base_hour_logit,fixed025,process,0.0105,original_M0__top2,2.7205000000000013,-2.7008124999999987,7.3720875
DK2,base_hour_logit,fixed025,process,0.011000000000000001,original_M0__top2,3.2310000000000016,-2.2103749999999995,7.890575
DK2,base_hour_logit,fixed025,process,0.0115,original_M0__top2,3.7415000000000003,-1.7199375000000006,8.398437499999998
DK2,base_hour_logit,fixed025,process,0.012,original_M0__top2,4.252000000000001,-1.2294999999999996,8.937499999999998
DK2,base_hour_logit,fixed025,process,0.0125,original_M0__top2,4.762500000000001,-0.7390624999999988,9.475625
DK2,base_hour_logit,fixed025,process,0.013000000000000001,original_M0__top2,5.2730000000000015,-0.24862499999999804,10.000350000000001
DK2,base_hour_logit,fixed025,process,0.013500000000000002,original_M0__top2,5.783500000000002,0.24181250000000107,10.513200000000001
DK2,base_hour_logit,fixed025,process,0.014,original_M0__top2,6.2940000000000005,0.7322500000000001,11.0422
DK2,base_hour_logit,fixed025,process,0.0145,original_M0__top2,6.804500000000001,1.2226875000000008,11.5733625
DK2,base_hour_logit,fixed025,process,0.015,original_M0__top2,7.3149999999999995,1.713125,12.105125
DK2,base_hour_logit,fixed025,process,0.02,original_M0__top2,12.420000000000002,6.6175000000000015,17.240000000000002
DK2,base_hour_logit,fixed025,process,0.03,original_M0__top2,22.63,16.47875,27.55025
DK2,base_hour_logit,fixed025,process,0.05,original_M0__top2,43.050000000000004,36.35,48.300000000000004
DK2,base_hour_logit,fixed025,process,0.1,original_M0__top2,94.10000000000001,84.89750000000001,100.6025
DK2,base_hour_logit,fixed025,process,0.2,original_M0__top2,196.20000000000002,181.8,206.60000000000002
DK2,base_hour_logit,fixed025,process,0.25,original_M0__top2,247.25,230.0,259.75
DK2,base_hour_logit,fixed025,process,0.5,original_M0__top2,502.5,470.475,525.525
DK2,base_hour_logit,fixed025,process,1.0,original_M0__top2,1013.0,947.975,1058.0
DK2,base_hour_logit,fixed025,hour,0.0,original_M0__top2,-45.0,-66.0,-31.0
DK2,base_hour_logit,fixed025,hour,0.0005,original_M0__top2,-44.4895,-65.503525,-30.502375
DK2,base_hour_logit,fixed025,hour,0.001,original_M0__top2,-43.979,-65.00705,-30.004749999999998
DK2,base_hour_logit,fixed025,hour,0.0015,original_M0__top2,-43.4685,-64.51057499999999,-29.507125000000002
DK2,base_hour_logit,fixed025,hour,0.002,original_M0__top2,-42.958,-64.0141,-29.009500000000003
DK2,base_hour_logit,fixed025,hour,0.0025,original_M0__top2,-42.4475,-63.517624999999995,-28.511875
DK2,base_hour_logit,fixed025,hour,0.003,original_M0__top2,-41.937,-63.02115,-28.01425
DK2,base_hour_logit,fixed025,hour,0.0035,original_M0__top2,-41.4265,-62.524675,-27.516624999999998
DK2,base_hour_logit,fixed025,hour,0.004,original_M0__top2,-40.916,-62.0282,-27.019000000000002
DK2,base_hour_logit,fixed025,hour,0.0045000000000000005,original_M0__top2,-40.405499999999996,-61.531725,-26.521375000000003
DK2,base_hour_logit,fixed025,hour,0.005000000000000001,original_M0__top2,-39.894999999999996,-61.03525,-26.02375
DK2,base_hour_logit,fixed025,hour,0.0055,original_M0__top2,-39.3845,-60.538775,-25.526125
DK2,base_hour_logit,fixed025,hour,0.006,original_M0__top2,-38.874,-60.042300000000004,-25.0285
DK2,base_hour_logit,fixed025,hour,0.006500000000000001,original_M0__top2,-38.3635,-59.545824999999994,-24.530875
DK2,base_hour_logit,fixed025,hour,0.007000000000000001,original_M0__top2,-37.853,-59.04935,-24.033250000000002
DK2,base_hour_logit,fixed025,hour,0.0075,original_M0__top2,-37.3425,-58.552875,-23.535625000000003
DK2,base_hour_logit,fixed025,hour,0.008,original_M0__top2,-36.832,-58.0564,-23.038
DK2,base_hour_logit,fixed025,hour,0.0085,original_M0__top2,-36.3215,-57.559925,-22.540374999999997
DK2,base_hour_logit,fixed025,hour,0.009000000000000001,original_M0__top2,-35.811,-57.06345,-22.04275
DK2,base_hour_logit,fixed025,hour,0.009500000000000001,original_M0__top2,-35.3005,-56.566975,-21.545125000000002
DK2,base_hour_logit,fixed025,hour,0.01,original_M0__top2,-34.79,-56.0705,-21.0475
DK2,base_hour_logit,fixed025,hour,0.0105,original_M0__top2,-34.2795,-55.574025,-20.549875000000004
DK2,base_hour_logit,fixed025,hour,0.011000000000000001,original_M0__top2,-33.769,-55.077549999999995,-20.05225
DK2,base_hour_logit,fixed025,hour,0.0115,original_M0__top2,-33.2585,-54.581075,-19.554625000000005
DK2,base_hour_logit,fixed025,hour,0.012,original_M0__top2,-32.748,-54.0846,-19.057000000000006
DK2,base_hour_logit,fixed025,hour,0.0125,original_M0__top2,-32.2375,-53.588125,-18.559375000000003
DK2,base_hour_logit,fixed025,hour,0.013000000000000001,original_M0__top2,-31.726999999999997,-53.09165,-18.06175
DK2,base_hour_logit,fixed025,hour,0.013500000000000002,original_M0__top2,-31.216499999999996,-52.594525,-17.564125
DK2,base_hour_logit,fixed025,hour,0.014,original_M0__top2,-30.706,-52.0629,-17.066500000000005
DK2,base_hour_logit,fixed025,hour,0.0145,original_M0__top2,-30.1955,-51.530325,-16.568875000000002
DK2,base_hour_logit,fixed025,hour,0.015,original_M0__top2,-29.685000000000002,-50.99775,-16.071250000000006
DK2,base_hour_logit,fixed025,hour,0.02,original_M0__top2,-24.58,-45.867,-11.097000000000001
DK2,base_hour_logit,fixed025,hour,0.03,original_M0__top2,-14.370000000000001,-35.870000000000005,-1.079750000000002
DK2,base_hour_logit,fixed025,hour,0.05,original_M0__top2,6.050000000000004,-15.649999999999999,19.253749999999997
DK2,base_hour_logit,fixed025,hour,0.1,original_M0__top2,57.10000000000001,33.39750000000001,69.61
DK2,base_hour_logit,fixed025,hour,0.2,original_M0__top2,159.20000000000002,132.8,173.205
DK2,base_hour_logit,fixed025,hour,0.25,original_M0__top2,210.25,182.2375,225.25
DK2,base_hour_logit,fixed025,hour,0.5,original_M0__top2,465.5,424.9875,488.5
DK2,base_hour_logit,fixed025,hour,1.0,original_M0__top2,976.0,905.975,1016.025
DK2,base_hour_logit,count2022_cool6,process,0.0,original_M0__top2,2.0,-5.0,10.0
DK2,base_hour_logit,count2022_cool6,process,0.0005,original_M0__top2,2.3995,-4.6130375,10.3835375
DK2,base_hour_logit,count2022_cool6,process,0.001,original_M0__top2,2.799,-4.226075,10.767075
DK2,base_hour_logit,count2022_cool6,process,0.0015,original_M0__top2,3.1985,-3.8391125,11.150612500000001
DK2,base_hour_logit,count2022_cool6,process,0.002,original_M0__top2,3.598,-3.45215,11.53415
DK2,base_hour_logit,count2022_cool6,process,0.0025,original_M0__top2,3.9975,-3.0651875,11.9176875
DK2,base_hour_logit,count2022_cool6,process,0.003,original_M0__top2,4.397,-2.678225,12.301225
DK2,base_hour_logit,count2022_cool6,process,0.0035,original_M0__top2,4.7965,-2.2912624999999998,12.6847625
DK2,base_hour_logit,count2022_cool6,process,0.004,original_M0__top2,5.196,-1.9042999999999999,13.068299999999999
DK2,base_hour_logit,count2022_cool6,process,0.0045000000000000005,original_M0__top2,5.5955,-1.5173374999999993,13.4518375
DK2,base_hour_logit,count2022_cool6,process,0.005000000000000001,original_M0__top2,5.995000000000001,-1.1303749999999995,13.835375
DK2,base_hour_logit,count2022_cool6,process,0.0055,original_M0__top2,6.3945,-0.7434125000000003,14.218912499999998
DK2,base_hour_logit,count2022_cool6,process,0.006,original_M0__top2,6.7940000000000005,-0.3564499999999998,14.60245
DK2,base_hour_logit,count2022_cool6,process,0.006500000000000001,original_M0__top2,7.1935,0.030512500000000616,14.9859875
DK2,base_hour_logit,count2022_cool6,process,0.007000000000000001,original_M0__top2,7.593000000000001,0.4174750000000011,15.369525
DK2,base_hour_logit,count2022_cool6,process,0.0075,original_M0__top2,7.9925,0.8044374999999997,15.753062499999999
DK2,base_hour_logit,count2022_cool6,process,0.008,original_M0__top2,8.392,1.1914000000000002,16.136599999999998
DK2,base_hour_logit,count2022_cool6,process,0.0085,original_M0__top2,8.7915,1.5783625000000006,16.5201375
DK2,base_hour_logit,count2022_cool6,process,0.009000000000000001,original_M0__top2,9.191,1.965325000000001,16.903675
DK2,base_hour_logit,count2022_cool6,process,0.009500000000000001,original_M0__top2,9.590500000000002,2.3522875000000014,17.2872125
DK2,base_hour_logit,count2022_cool6,process,0.01,original_M0__top2,9.99,2.73925,17.67075
DK2,base_hour_logit,count2022_cool6,process,0.0105,original_M0__top2,10.3895,3.1262125000000007,18.054287499999997
DK2,base_hour_logit,count2022_cool6,process,0.011000000000000001,original_M0__top2,10.789000000000001,3.5131750000000013,18.437825
DK2,base_hour_logit,count2022_cool6,process,0.0115,original_M0__top2,11.1885,3.9001375,18.8213625
DK2,base_hour_logit,count2022_cool6,process,0.012,original_M0__top2,11.588000000000001,4.287100000000001,19.2049
DK2,base_hour_logit,count2022_cool6,process,0.0125,original_M0__top2,11.9875,4.674062500000001,19.588437499999998
DK2,base_hour_logit,count2022_cool6,process,0.013000000000000001,original_M0__top2,12.387,5.061025000000002,19.971975
DK2,base_hour_logit,count2022_cool6,process,0.013500000000000002,original_M0__top2,12.786500000000002,5.447987500000002,20.3555125
DK2,base_hour_logit,count2022_cool6,process,0.014,original_M0__top2,13.186,5.83495,20.73905
DK2,base_hour_logit,count2022_cool6,process,0.0145,original_M0__top2,13.585500000000001,6.221912500000001,21.1225875
DK2,base_hour_logit,count2022_cool6,process,0.015,original_M0__top2,13.985,6.608874999999999,21.506124999999997
DK2,base_hour_logit,count2022_cool6,process,0.02,original_M0__top2,17.98,10.519,25.4015
DK2,base_hour_logit,count2022_cool6,process,0.03,original_M0__top2,25.97,18.258999999999997,33.3225
DK2,base_hour_logit,count2022_cool6,process,0.05,original_M0__top2,41.95,33.45,49.651250000000005
DK2,base_hour_logit,count2022_cool6,process,0.1,original_M0__top2,81.9,71.59750000000001,90.0025
DK2,base_hour_logit,count2022_cool6,process,0.2,original_M0__top2,161.8,146.79500000000002,171.8
DK2,base_hour_logit,count2022_cool6,process,0.25,original_M0__top2,201.75,184.25,213.25625
DK2,base_hour_logit,count2022_cool6,process,0.5,original_M0__top2,401.5,370.5,422.0
DK2,base_hour_logit,count2022_cool6,process,1.0,original_M0__top2,801.0,740.0,840.0
DK2,base_hour_logit,count2022_cool6,hour,0.0,original_M0__top2,-68.0,-92.025,-44.0
DK2,base_hour_logit,count2022_cool6,hour,0.0005,original_M0__top2,-67.6005,-91.64598749999999,-43.6136625
DK2,base_hour_logit,count2022_cool6,hour,0.001,original_M0__top2,-67.201,-91.26697499999999,-43.227325
DK2,base_hour_logit,count2022_cool6,hour,0.0015,original_M0__top2,-66.8015,-90.8879625,-42.8409875
DK2,base_hour_logit,count2022_cool6,hour,0.002,original_M0__top2,-66.402,-90.50895,-42.45465
DK2,base_hour_logit,count2022_cool6,hour,0.0025,original_M0__top2,-66.0025,-90.1299375,-42.068312500000005
DK2,base_hour_logit,count2022_cool6,hour,0.003,original_M0__top2,-65.603,-89.750925,-41.681975
DK2,base_hour_logit,count2022_cool6,hour,0.0035,original_M0__top2,-65.2035,-89.3719125,-41.295637500000005
DK2,base_hour_logit,count2022_cool6,hour,0.004,original_M0__top2,-64.804,-88.99289999999999,-40.9093
DK2,base_hour_logit,count2022_cool6,hour,0.0045000000000000005,original_M0__top2,-64.4045,-88.6138875,-40.5229625
DK2,base_hour_logit,count2022_cool6,hour,0.005000000000000001,original_M0__top2,-64.005,-88.234875,-40.136625
DK2,base_hour_logit,count2022_cool6,hour,0.0055,original_M0__top2,-63.6055,-87.8558625,-39.7502875
DK2,base_hour_logit,count2022_cool6,hour,0.006,original_M0__top2,-63.206,-87.47685,-39.36395
DK2,base_hour_logit,count2022_cool6,hour,0.006500000000000001,original_M0__top2,-62.8065,-87.0978375,-38.977612500000006
DK2,base_hour_logit,count2022_cool6,hour,0.007000000000000001,original_M0__top2,-62.407,-86.718825,-38.591275
DK2,base_hour_logit,count2022_cool6,hour,0.0075,original_M0__top2,-62.0075,-86.33981250000001,-38.20493750000001
DK2,base_hour_logit,count2022_cool6,hour,0.008,original_M0__top2,-61.608,-85.9608,-37.8186
DK2,base_hour_logit,count2022_cool6,hour,0.0085,original_M0__top2,-61.2085,-85.5817875,-37.43226250000001
DK2,base_hour_logit,count2022_cool6,hour,0.009000000000000001,original_M0__top2,-60.809,-85.202775,-37.045925000000004
DK2,base_hour_logit,count2022_cool6,hour,0.009500000000000001,original_M0__top2,-60.4095,-84.8237625,-36.6595875
DK2,base_hour_logit,count2022_cool6,hour,0.01,original_M0__top2,-60.01,-84.44475,-36.273250000000004
DK2,base_hour_logit,count2022_cool6,hour,0.0105,original_M0__top2,-59.6105,-84.0657375,-35.88691250000001
DK2,base_hour_logit,count2022_cool6,hour,0.011000000000000001,original_M0__top2,-59.211,-83.686725,-35.500575000000005
DK2,base_hour_logit,count2022_cool6,hour,0.0115,original_M0__top2,-58.8115,-83.3077125,-35.11423750000001
DK2,base_hour_logit,count2022_cool6,hour,0.012,original_M0__top2,-58.412,-82.92869999999999,-34.72790000000001
DK2,base_hour_logit,count2022_cool6,hour,0.0125,original_M0__top2,-58.0125,-82.54968749999999,-34.34156250000001
DK2,base_hour_logit,count2022_cool6,hour,0.013000000000000001,original_M0__top2,-57.613,-82.17067499999999,-33.955225000000006
DK2,base_hour_logit,count2022_cool6,hour,0.013500000000000002,original_M0__top2,-57.213499999999996,-81.7916625,-33.56888750000001
DK2,base_hour_logit,count2022_cool6,hour,0.014,original_M0__top2,-56.814,-81.41265,-33.182550000000006
DK2,base_hour_logit,count2022_cool6,hour,0.0145,original_M0__top2,-56.4145,-81.0336375,-32.767450000000004
DK2,base_hour_logit,count2022_cool6,hour,0.015,original_M0__top2,-56.015,-80.654625,-32.34650000000001
DK2,base_hour_logit,count2022_cool6,hour,0.02,original_M0__top2,-52.019999999999996,-76.86449999999999,-28.137000000000004
DK2,base_hour_logit,count2022_cool6,hour,0.03,original_M0__top2,-44.03,-69.0645,-20.02200000000001
DK2,base_hour_logit,count2022_cool6,hour,0.05,original_M0__top2,-28.049999999999997,-53.65,-4.045000000000002
DK2,base_hour_logit,count2022_cool6,hour,0.1,original_M0__top2,11.900000000000006,-15.302499999999997,35.80250000000001
DK2,base_hour_logit,count2022_cool6,hour,0.2,original_M0__top2,91.80000000000001,61.195000000000014,116.005
DK2,base_hour_logit,count2022_cool6,hour,0.25,original_M0__top2,131.75,99.4875,156.75625
DK2,base_hour_logit,count2022_cool6,hour,0.5,original_M0__top2,331.5,288.0,361.5
DK2,base_hour_logit,count2022_cool6,hour,1.0,original_M0__top2,731.0,661.0,776.025
DK2,base_hour_logit,count2023_cool6,process,0.0,original_M0__top2,2.0,-5.0,10.0
DK2,base_hour_logit,count2023_cool6,process,0.0005,original_M0__top2,2.3995,-4.6130375,10.3835375
DK2,base_hour_logit,count2023_cool6,process,0.001,original_M0__top2,2.799,-4.226075,10.767075
DK2,base_hour_logit,count2023_cool6,process,0.0015,original_M0__top2,3.1985,-3.8391125,11.150612500000001
DK2,base_hour_logit,count2023_cool6,process,0.002,original_M0__top2,3.598,-3.45215,11.53415
DK2,base_hour_logit,count2023_cool6,process,0.0025,original_M0__top2,3.9975,-3.0651875,11.9176875
DK2,base_hour_logit,count2023_cool6,process,0.003,original_M0__top2,4.397,-2.678225,12.301225
DK2,base_hour_logit,count2023_cool6,process,0.0035,original_M0__top2,4.7965,-2.2912624999999998,12.6847625
DK2,base_hour_logit,count2023_cool6,process,0.004,original_M0__top2,5.196,-1.9042999999999999,13.068299999999999
DK2,base_hour_logit,count2023_cool6,process,0.0045000000000000005,original_M0__top2,5.5955,-1.5173374999999993,13.4518375
DK2,base_hour_logit,count2023_cool6,process,0.005000000000000001,original_M0__top2,5.995000000000001,-1.1303749999999995,13.835375
DK2,base_hour_logit,count2023_cool6,process,0.0055,original_M0__top2,6.3945,-0.7434125000000003,14.218912499999998
DK2,base_hour_logit,count2023_cool6,process,0.006,original_M0__top2,6.7940000000000005,-0.3564499999999998,14.60245
DK2,base_hour_logit,count2023_cool6,process,0.006500000000000001,original_M0__top2,7.1935,0.030512500000000616,14.9859875
DK2,base_hour_logit,count2023_cool6,process,0.007000000000000001,original_M0__top2,7.593000000000001,0.4174750000000011,15.369525
DK2,base_hour_logit,count2023_cool6,process,0.0075,original_M0__top2,7.9925,0.8044374999999997,15.753062499999999
DK2,base_hour_logit,count2023_cool6,process,0.008,original_M0__top2,8.392,1.1914000000000002,16.136599999999998
DK2,base_hour_logit,count2023_cool6,process,0.0085,original_M0__top2,8.7915,1.5783625000000006,16.5201375
DK2,base_hour_logit,count2023_cool6,process,0.009000000000000001,original_M0__top2,9.191,1.965325000000001,16.903675
DK2,base_hour_logit,count2023_cool6,process,0.009500000000000001,original_M0__top2,9.590500000000002,2.3522875000000014,17.2872125
DK2,base_hour_logit,count2023_cool6,process,0.01,original_M0__top2,9.99,2.73925,17.67075
DK2,base_hour_logit,count2023_cool6,process,0.0105,original_M0__top2,10.3895,3.1262125000000007,18.054287499999997
DK2,base_hour_logit,count2023_cool6,process,0.011000000000000001,original_M0__top2,10.789000000000001,3.5131750000000013,18.437825
DK2,base_hour_logit,count2023_cool6,process,0.0115,original_M0__top2,11.1885,3.9001375,18.8213625
DK2,base_hour_logit,count2023_cool6,process,0.012,original_M0__top2,11.588000000000001,4.287100000000001,19.2049
DK2,base_hour_logit,count2023_cool6,process,0.0125,original_M0__top2,11.9875,4.674062500000001,19.588437499999998
DK2,base_hour_logit,count2023_cool6,process,0.013000000000000001,original_M0__top2,12.387,5.061025000000002,19.971975
DK2,base_hour_logit,count2023_cool6,process,0.013500000000000002,original_M0__top2,12.786500000000002,5.447987500000002,20.3555125
DK2,base_hour_logit,count2023_cool6,process,0.014,original_M0__top2,13.186,5.83495,20.73905
DK2,base_hour_logit,count2023_cool6,process,0.0145,original_M0__top2,13.585500000000001,6.221912500000001,21.1225875
DK2,base_hour_logit,count2023_cool6,process,0.015,original_M0__top2,13.985,6.608874999999999,21.506124999999997
DK2,base_hour_logit,count2023_cool6,process,0.02,original_M0__top2,17.98,10.519,25.4015
DK2,base_hour_logit,count2023_cool6,process,0.03,original_M0__top2,25.97,18.258999999999997,33.3225
DK2,base_hour_logit,count2023_cool6,process,0.05,original_M0__top2,41.95,33.45,49.651250000000005
DK2,base_hour_logit,count2023_cool6,process,0.1,original_M0__top2,81.9,71.59750000000001,90.0025
DK2,base_hour_logit,count2023_cool6,process,0.2,original_M0__top2,161.8,146.79500000000002,171.8
DK2,base_hour_logit,count2023_cool6,process,0.25,original_M0__top2,201.75,184.25,213.25625
DK2,base_hour_logit,count2023_cool6,process,0.5,original_M0__top2,401.5,370.5,422.0
DK2,base_hour_logit,count2023_cool6,process,1.0,original_M0__top2,801.0,740.0,840.0
DK2,base_hour_logit,count2023_cool6,hour,0.0,original_M0__top2,-68.0,-92.025,-44.0
DK2,base_hour_logit,count2023_cool6,hour,0.0005,original_M0__top2,-67.6005,-91.64598749999999,-43.6136625
DK2,base_hour_logit,count2023_cool6,hour,0.001,original_M0__top2,-67.201,-91.26697499999999,-43.227325
DK2,base_hour_logit,count2023_cool6,hour,0.0015,original_M0__top2,-66.8015,-90.8879625,-42.8409875
DK2,base_hour_logit,count2023_cool6,hour,0.002,original_M0__top2,-66.402,-90.50895,-42.45465
DK2,base_hour_logit,count2023_cool6,hour,0.0025,original_M0__top2,-66.0025,-90.1299375,-42.068312500000005
DK2,base_hour_logit,count2023_cool6,hour,0.003,original_M0__top2,-65.603,-89.750925,-41.681975
DK2,base_hour_logit,count2023_cool6,hour,0.0035,original_M0__top2,-65.2035,-89.3719125,-41.295637500000005
DK2,base_hour_logit,count2023_cool6,hour,0.004,original_M0__top2,-64.804,-88.99289999999999,-40.9093
DK2,base_hour_logit,count2023_cool6,hour,0.0045000000000000005,original_M0__top2,-64.4045,-88.6138875,-40.5229625
DK2,base_hour_logit,count2023_cool6,hour,0.005000000000000001,original_M0__top2,-64.005,-88.234875,-40.136625
DK2,base_hour_logit,count2023_cool6,hour,0.0055,original_M0__top2,-63.6055,-87.8558625,-39.7502875
DK2,base_hour_logit,count2023_cool6,hour,0.006,original_M0__top2,-63.206,-87.47685,-39.36395
DK2,base_hour_logit,count2023_cool6,hour,0.006500000000000001,original_M0__top2,-62.8065,-87.0978375,-38.977612500000006
DK2,base_hour_logit,count2023_cool6,hour,0.007000000000000001,original_M0__top2,-62.407,-86.718825,-38.591275
DK2,base_hour_logit,count2023_cool6,hour,0.0075,original_M0__top2,-62.0075,-86.33981250000001,-38.20493750000001
DK2,base_hour_logit,count2023_cool6,hour,0.008,original_M0__top2,-61.608,-85.9608,-37.8186
DK2,base_hour_logit,count2023_cool6,hour,0.0085,original_M0__top2,-61.2085,-85.5817875,-37.43226250000001
DK2,base_hour_logit,count2023_cool6,hour,0.009000000000000001,original_M0__top2,-60.809,-85.202775,-37.045925000000004
DK2,base_hour_logit,count2023_cool6,hour,0.009500000000000001,original_M0__top2,-60.4095,-84.8237625,-36.6595875
DK2,base_hour_logit,count2023_cool6,hour,0.01,original_M0__top2,-60.01,-84.44475,-36.273250000000004
DK2,base_hour_logit,count2023_cool6,hour,0.0105,original_M0__top2,-59.6105,-84.0657375,-35.88691250000001
DK2,base_hour_logit,count2023_cool6,hour,0.011000000000000001,original_M0__top2,-59.211,-83.686725,-35.500575000000005
DK2,base_hour_logit,count2023_cool6,hour,0.0115,original_M0__top2,-58.8115,-83.3077125,-35.11423750000001
DK2,base_hour_logit,count2023_cool6,hour,0.012,original_M0__top2,-58.412,-82.92869999999999,-34.72790000000001
DK2,base_hour_logit,count2023_cool6,hour,0.0125,original_M0__top2,-58.0125,-82.54968749999999,-34.34156250000001
DK2,base_hour_logit,count2023_cool6,hour,0.013000000000000001,original_M0__top2,-57.613,-82.17067499999999,-33.955225000000006
DK2,base_hour_logit,count2023_cool6,hour,0.013500000000000002,original_M0__top2,-57.213499999999996,-81.7916625,-33.56888750000001
DK2,base_hour_logit,count2023_cool6,hour,0.014,original_M0__top2,-56.814,-81.41265,-33.182550000000006
DK2,base_hour_logit,count2023_cool6,hour,0.0145,original_M0__top2,-56.4145,-81.0336375,-32.767450000000004
DK2,base_hour_logit,count2023_cool6,hour,0.015,original_M0__top2,-56.015,-80.654625,-32.34650000000001
DK2,base_hour_logit,count2023_cool6,hour,0.02,original_M0__top2,-52.019999999999996,-76.86449999999999,-28.137000000000004
DK2,base_hour_logit,count2023_cool6,hour,0.03,original_M0__top2,-44.03,-69.0645,-20.02200000000001
DK2,base_hour_logit,count2023_cool6,hour,0.05,original_M0__top2,-28.049999999999997,-53.65,-4.045000000000002
DK2,base_hour_logit,count2023_cool6,hour,0.1,original_M0__top2,11.900000000000006,-15.302499999999997,35.80250000000001
DK2,base_hour_logit,count2023_cool6,hour,0.2,original_M0__top2,91.80000000000001,61.195000000000014,116.005
DK2,base_hour_logit,count2023_cool6,hour,0.25,original_M0__top2,131.75,99.4875,156.75625
DK2,base_hour_logit,count2023_cool6,hour,0.5,original_M0__top2,331.5,288.0,361.5
DK2,base_hour_logit,count2023_cool6,hour,1.0,original_M0__top2,731.0,661.0,776.025
DK2,price_early_logit,top1,process,0.0,original_M0__top2,-24.0,-33.0,-11.975000000000023
DK2,price_early_logit,top1,process,0.0005,original_M0__top2,-23.6375,-32.6375125,-11.611600000000022
DK2,price_early_logit,top1,process,0.001,original_M0__top2,-23.275,-32.275025,-11.248200000000022
DK2,price_early_logit,top1,process,0.0015,original_M0__top2,-22.9125,-31.912537500000003,-10.884800000000022
DK2,price_early_logit,top1,process,0.002,original_M0__top2,-22.55,-31.550050000000002,-10.521400000000021
DK2,price_early_logit,top1,process,0.0025,original_M0__top2,-22.1875,-31.1875625,-10.15800000000002
DK2,price_early_logit,top1,process,0.003,original_M0__top2,-21.825,-30.825075,-9.79460000000002
DK2,price_early_logit,top1,process,0.0035,original_M0__top2,-21.4625,-30.462587499999998,-9.431200000000024
DK2,price_early_logit,top1,process,0.004,original_M0__top2,-21.1,-30.1001,-9.067800000000023
DK2,price_early_logit,top1,process,0.0045000000000000005,original_M0__top2,-20.7375,-29.7376125,-8.704400000000023
DK2,price_early_logit,top1,process,0.005000000000000001,original_M0__top2,-20.375,-29.375125,-8.34100000000002
DK2,price_early_logit,top1,process,0.0055,original_M0__top2,-20.0125,-29.0126375,-7.977600000000022
DK2,price_early_logit,top1,process,0.006,original_M0__top2,-19.65,-28.65015,-7.614200000000022
DK2,price_early_logit,top1,process,0.006500000000000001,original_M0__top2,-19.2875,-28.2876625,-7.250800000000021
DK2,price_early_logit,top1,process,0.007000000000000001,original_M0__top2,-18.924999999999997,-27.925174999999996,-6.887400000000021
DK2,price_early_logit,top1,process,0.0075,original_M0__top2,-18.5625,-27.5626875,-6.524000000000021
DK2,price_early_logit,top1,process,0.008,original_M0__top2,-18.2,-27.2002,-6.160600000000022
DK2,price_early_logit,top1,process,0.0085,original_M0__top2,-17.8375,-26.8377125,-5.797200000000021
DK2,price_early_logit,top1,process,0.009000000000000001,original_M0__top2,-17.475,-26.475225000000002,-5.43380000000002
DK2,price_early_logit,top1,process,0.009500000000000001,original_M0__top2,-17.112499999999997,-26.112737499999998,-5.07040000000002
DK2,price_early_logit,top1,process,0.01,original_M0__top2,-16.75,-25.75025,-4.70700000000002
DK2,price_early_logit,top1,process,0.0105,original_M0__top2,-16.3875,-25.3877625,-4.34360000000002
DK2,price_early_logit,top1,process,0.011000000000000001,original_M0__top2,-16.025,-25.025274999999997,-3.98020000000002
DK2,price_early_logit,top1,process,0.0115,original_M0__top2,-15.6625,-24.6627875,-3.6168000000000204
DK2,price_early_logit,top1,process,0.012,original_M0__top2,-15.299999999999999,-24.300299999999996,-3.2534000000000205
DK2,price_early_logit,top1,process,0.0125,original_M0__top2,-14.9375,-23.9378125,-2.89000000000002
DK2,price_early_logit,top1,process,0.013000000000000001,original_M0__top2,-14.575,-23.575325,-2.5266000000000197
DK2,price_early_logit,top1,process,0.013500000000000002,original_M0__top2,-14.212499999999999,-23.2128375,-2.1632000000000198
DK2,price_early_logit,top1,process,0.014,original_M0__top2,-13.85,-22.850350000000002,-1.7998000000000194
DK2,price_early_logit,top1,process,0.0145,original_M0__top2,-13.487499999999999,-22.4878625,-1.4364000000000192
DK2,price_early_logit,top1,process,0.015,original_M0__top2,-13.125,-22.125375,-1.0730000000000206
DK2,price_early_logit,top1,process,0.02,original_M0__top2,-9.5,-18.5005,2.5609999999999817
DK2,price_early_logit,top1,process,0.03,original_M0__top2,-2.25,-11.25075,9.828999999999981
DK2,price_early_logit,top1,process,0.05,original_M0__top2,12.25,3.2487500000000002,24.364999999999988
DK2,price_early_logit,top1,process,0.1,original_M0__top2,48.5,39.4975,60.705
DK2,price_early_logit,top1,process,0.2,original_M0__top2,121.0,111.995,133.205
DK2,price_early_logit,top1,process,0.25,original_M0__top2,157.25,148.24375,169.25625
DK2,price_early_logit,top1,process,0.5,original_M0__top2,338.5,328.5,350.0
DK2,price_early_logit,top1,process,1.0,original_M0__top2,701.0,689.0,712.025
DK2,price_early_logit,top1,hour,0.0,original_M0__top2,-207.0,-257.0,-177.0
DK2,price_early_logit,top1,hour,0.0005,original_M0__top2,-206.6375,-256.6380125,-176.6384875
DK2,price_early_logit,top1,hour,0.001,original_M0__top2,-206.275,-256.276025,-176.276975
DK2,price_early_logit,top1,hour,0.0015,original_M0__top2,-205.9125,-255.91403749999998,-175.91546250000002
DK2,price_early_logit,top1,hour,0.002,original_M0__top2,-205.55,-255.55204999999998,-175.55395000000001
DK2,price_early_logit,top1,hour,0.0025,original_M0__top2,-205.1875,-255.1900625,-175.19243749999998
DK2,price_early_logit,top1,hour,0.003,original_M0__top2,-204.825,-254.828075,-174.83092499999998
DK2,price_early_logit,top1,hour,0.0035,original_M0__top2,-204.4625,-254.46608750000001,-174.4694125
DK2,price_early_logit,top1,hour,0.004,original_M0__top2,-204.1,-254.10410000000002,-174.1079
DK2,price_early_logit,top1,hour,0.0045000000000000005,original_M0__top2,-203.7375,-253.7421125,-173.7463875
DK2,price_early_logit,top1,hour,0.005000000000000001,original_M0__top2,-203.375,-253.380125,-173.384875
DK2,price_early_logit,top1,hour,0.0055,original_M0__top2,-203.0125,-253.0181375,-173.02336250000002
DK2,price_early_logit,top1,hour,0.006,original_M0__top2,-202.65,-252.65615,-172.66185000000002
DK2,price_early_logit,top1,hour,0.006500000000000001,original_M0__top2,-202.2875,-252.2941625,-172.3003375
DK2,price_early_logit,top1,hour,0.007000000000000001,original_M0__top2,-201.925,-251.932175,-171.93882499999998
DK2,price_early_logit,top1,hour,0.0075,original_M0__top2,-201.5625,-251.5701875,-171.57731249999998
DK2,price_early_logit,top1,hour,0.008,original_M0__top2,-201.2,-251.2082,-171.2158
DK2,price_early_logit,top1,hour,0.0085,original_M0__top2,-200.8375,-250.8462125,-170.8542875
DK2,price_early_logit,top1,hour,0.009000000000000001,original_M0__top2,-200.475,-250.484225,-170.492775
DK2,price_early_logit,top1,hour,0.009500000000000001,original_M0__top2,-200.1125,-250.12223749999998,-170.1312625
DK2,price_early_logit,top1,hour,0.01,original_M0__top2,-199.75,-249.76024999999998,-169.76975000000002
DK2,price_early_logit,top1,hour,0.0105,original_M0__top2,-199.3875,-249.3982625,-169.4082375
DK2,price_early_logit,top1,hour,0.011000000000000001,original_M0__top2,-199.025,-249.036275,-169.046725
DK2,price_early_logit,top1,hour,0.0115,original_M0__top2,-198.6625,-248.67428750000002,-168.68521249999998
DK2,price_early_logit,top1,hour,0.012,original_M0__top2,-198.3,-248.31230000000002,-168.3237
DK2,price_early_logit,top1,hour,0.0125,original_M0__top2,-197.9375,-247.9503125,-167.9621875
DK2,price_early_logit,top1,hour,0.013000000000000001,original_M0__top2,-197.575,-247.588325,-167.600675
DK2,price_early_logit,top1,hour,0.013500000000000002,original_M0__top2,-197.2125,-247.2263375,-167.2391625
DK2,price_early_logit,top1,hour,0.014,original_M0__top2,-196.85,-246.86435,-166.87765
DK2,price_early_logit,top1,hour,0.0145,original_M0__top2,-196.4875,-246.5023625,-166.5161375
DK2,price_early_logit,top1,hour,0.015,original_M0__top2,-196.125,-246.14037499999998,-166.154625
DK2,price_early_logit,top1,hour,0.02,original_M0__top2,-192.5,-242.5205,-162.5395
DK2,price_early_logit,top1,hour,0.03,original_M0__top2,-185.25,-235.28075,-155.30925
DK2,price_early_logit,top1,hour,0.05,original_M0__top2,-170.75,-220.80125,-140.84875
DK2,price_early_logit,top1,hour,0.1,original_M0__top2,-134.5,-184.6025,-104.6975
DK2,price_early_logit,top1,hour,0.2,original_M0__top2,-62.0,-112.19999999999999,-32.39500000000001
DK2,price_early_logit,top1,hour,0.25,original_M0__top2,-25.75,-76.0,4.0
DK2,price_early_logit,top1,hour,0.5,original_M0__top2,155.5,104.5,185.0
DK2,price_early_logit,top1,hour,1.0,original_M0__top2,518.0,466.975,547.0
DK2,price_early_logit,top2,process,0.0,original_M0__top2,-15.0,-25.0,-2.0
DK2,price_early_logit,top2,process,0.0005,original_M0__top2,-15.0,-25.0,-2.0
DK2,price_early_logit,top2,process,0.001,original_M0__top2,-15.0,-25.0,-2.0
DK2,price_early_logit,top2,process,0.0015,original_M0__top2,-15.0,-25.0,-2.0
DK2,price_early_logit,top2,process,0.002,original_M0__top2,-15.0,-25.0,-2.0
DK2,price_early_logit,top2,process,0.0025,original_M0__top2,-15.0,-25.0,-2.0
DK2,price_early_logit,top2,process,0.003,original_M0__top2,-15.0,-25.0,-2.0
DK2,price_early_logit,top2,process,0.0035,original_M0__top2,-15.0,-25.0,-2.0
DK2,price_early_logit,top2,process,0.004,original_M0__top2,-15.0,-25.0,-2.0
DK2,price_early_logit,top2,process,0.0045000000000000005,original_M0__top2,-15.0,-25.0,-2.0
DK2,price_early_logit,top2,process,0.005000000000000001,original_M0__top2,-15.0,-25.0,-2.0
DK2,price_early_logit,top2,process,0.0055,original_M0__top2,-15.0,-25.0,-2.0
DK2,price_early_logit,top2,process,0.006,original_M0__top2,-15.0,-25.0,-2.0
DK2,price_early_logit,top2,process,0.006500000000000001,original_M0__top2,-15.0,-25.0,-2.0
DK2,price_early_logit,top2,process,0.007000000000000001,original_M0__top2,-15.0,-25.0,-2.0
DK2,price_early_logit,top2,process,0.0075,original_M0__top2,-15.0,-25.0,-2.0
DK2,price_early_logit,top2,process,0.008,original_M0__top2,-15.0,-25.0,-2.0
DK2,price_early_logit,top2,process,0.0085,original_M0__top2,-15.0,-25.0,-2.0
DK2,price_early_logit,top2,process,0.009000000000000001,original_M0__top2,-15.0,-25.0,-2.0
DK2,price_early_logit,top2,process,0.009500000000000001,original_M0__top2,-15.0,-25.0,-2.0
DK2,price_early_logit,top2,process,0.01,original_M0__top2,-15.0,-25.0,-2.0
DK2,price_early_logit,top2,process,0.0105,original_M0__top2,-15.0,-25.0,-2.0
DK2,price_early_logit,top2,process,0.011000000000000001,original_M0__top2,-15.0,-25.0,-2.0
DK2,price_early_logit,top2,process,0.0115,original_M0__top2,-15.0,-25.0,-2.0
DK2,price_early_logit,top2,process,0.012,original_M0__top2,-15.0,-25.0,-2.0
DK2,price_early_logit,top2,process,0.0125,original_M0__top2,-15.0,-25.0,-2.0
DK2,price_early_logit,top2,process,0.013000000000000001,original_M0__top2,-15.0,-25.0,-2.0
DK2,price_early_logit,top2,process,0.013500000000000002,original_M0__top2,-15.0,-25.0,-2.0
DK2,price_early_logit,top2,process,0.014,original_M0__top2,-15.0,-25.0,-2.0
DK2,price_early_logit,top2,process,0.0145,original_M0__top2,-15.0,-25.0,-2.0
DK2,price_early_logit,top2,process,0.015,original_M0__top2,-15.0,-25.0,-2.0
DK2,price_early_logit,top2,process,0.02,original_M0__top2,-15.0,-25.0,-2.0
DK2,price_early_logit,top2,process,0.03,original_M0__top2,-15.0,-25.0,-2.0
DK2,price_early_logit,top2,process,0.05,original_M0__top2,-15.0,-25.0,-2.0
DK2,price_early_logit,top2,process,0.1,original_M0__top2,-15.0,-25.0,-2.0
DK2,price_early_logit,top2,process,0.2,original_M0__top2,-15.0,-25.0,-2.0
DK2,price_early_logit,top2,process,0.25,original_M0__top2,-15.0,-25.0,-2.0
DK2,price_early_logit,top2,process,0.5,original_M0__top2,-15.0,-25.0,-2.0
DK2,price_early_logit,top2,process,1.0,original_M0__top2,-15.0,-25.0,-2.0
DK2,price_early_logit,top2,hour,0.0,original_M0__top2,-99.0,-142.0,-67.0
DK2,price_early_logit,top2,hour,0.0005,original_M0__top2,-99.0,-142.0,-67.0
DK2,price_early_logit,top2,hour,0.001,original_M0__top2,-99.0,-142.0,-67.0
DK2,price_early_logit,top2,hour,0.0015,original_M0__top2,-99.0,-142.0,-67.0
DK2,price_early_logit,top2,hour,0.002,original_M0__top2,-99.0,-142.0,-67.0
DK2,price_early_logit,top2,hour,0.0025,original_M0__top2,-99.0,-142.0,-67.0
DK2,price_early_logit,top2,hour,0.003,original_M0__top2,-99.0,-142.0,-67.0
DK2,price_early_logit,top2,hour,0.0035,original_M0__top2,-99.0,-142.0,-67.0
DK2,price_early_logit,top2,hour,0.004,original_M0__top2,-99.0,-142.0,-67.0
DK2,price_early_logit,top2,hour,0.0045000000000000005,original_M0__top2,-99.0,-142.0,-67.0
DK2,price_early_logit,top2,hour,0.005000000000000001,original_M0__top2,-99.0,-142.0,-67.0
DK2,price_early_logit,top2,hour,0.0055,original_M0__top2,-99.0,-142.0,-67.0
DK2,price_early_logit,top2,hour,0.006,original_M0__top2,-99.0,-142.0,-67.0
DK2,price_early_logit,top2,hour,0.006500000000000001,original_M0__top2,-99.0,-142.0,-67.0
DK2,price_early_logit,top2,hour,0.007000000000000001,original_M0__top2,-99.0,-142.0,-67.0
DK2,price_early_logit,top2,hour,0.0075,original_M0__top2,-99.0,-142.0,-67.0
DK2,price_early_logit,top2,hour,0.008,original_M0__top2,-99.0,-142.0,-67.0
DK2,price_early_logit,top2,hour,0.0085,original_M0__top2,-99.0,-142.0,-67.0
DK2,price_early_logit,top2,hour,0.009000000000000001,original_M0__top2,-99.0,-142.0,-67.0
DK2,price_early_logit,top2,hour,0.009500000000000001,original_M0__top2,-99.0,-142.0,-67.0
DK2,price_early_logit,top2,hour,0.01,original_M0__top2,-99.0,-142.0,-67.0
DK2,price_early_logit,top2,hour,0.0105,original_M0__top2,-99.0,-142.0,-67.0
DK2,price_early_logit,top2,hour,0.011000000000000001,original_M0__top2,-99.0,-142.0,-67.0
DK2,price_early_logit,top2,hour,0.0115,original_M0__top2,-99.0,-142.0,-67.0
DK2,price_early_logit,top2,hour,0.012,original_M0__top2,-99.0,-142.0,-67.0
DK2,price_early_logit,top2,hour,0.0125,original_M0__top2,-99.0,-142.0,-67.0
DK2,price_early_logit,top2,hour,0.013000000000000001,original_M0__top2,-99.0,-142.0,-67.0
DK2,price_early_logit,top2,hour,0.013500000000000002,original_M0__top2,-99.0,-142.0,-67.0
DK2,price_early_logit,top2,hour,0.014,original_M0__top2,-99.0,-142.0,-67.0
DK2,price_early_logit,top2,hour,0.0145,original_M0__top2,-99.0,-142.0,-67.0
DK2,price_early_logit,top2,hour,0.015,original_M0__top2,-99.0,-142.0,-67.0
DK2,price_early_logit,top2,hour,0.02,original_M0__top2,-99.0,-142.0,-67.0
DK2,price_early_logit,top2,hour,0.03,original_M0__top2,-99.0,-142.0,-67.0
DK2,price_early_logit,top2,hour,0.05,original_M0__top2,-99.0,-142.0,-67.0
DK2,price_early_logit,top2,hour,0.1,original_M0__top2,-99.0,-142.0,-67.0
DK2,price_early_logit,top2,hour,0.2,original_M0__top2,-99.0,-142.0,-67.0
DK2,price_early_logit,top2,hour,0.25,original_M0__top2,-99.0,-142.0,-67.0
DK2,price_early_logit,top2,hour,0.5,original_M0__top2,-99.0,-142.0,-67.0
DK2,price_early_logit,top2,hour,1.0,original_M0__top2,-99.0,-142.0,-67.0
DK2,price_early_logit,count2022_target05,process,0.0,original_M0__top2,-25.0,-35.0,-14.0
DK2,price_early_logit,count2022_target05,process,0.0005,original_M0__top2,-24.4875,-34.4656125,-13.4859875
DK2,price_early_logit,count2022_target05,process,0.001,original_M0__top2,-23.975,-33.931225,-12.971974999999999
DK2,price_early_logit,count2022_target05,process,0.0015,original_M0__top2,-23.4625,-33.396837500000004,-12.4579625
DK2,price_early_logit,count2022_target05,process,0.002,original_M0__top2,-22.95,-32.86245,-11.94395
DK2,price_early_logit,count2022_target05,process,0.0025,original_M0__top2,-22.4375,-32.3280625,-11.4299375
DK2,price_early_logit,count2022_target05,process,0.003,original_M0__top2,-21.925,-31.793675,-10.915925
DK2,price_early_logit,count2022_target05,process,0.0035,original_M0__top2,-21.4125,-31.2592875,-10.401912500000002
DK2,price_early_logit,count2022_target05,process,0.004,original_M0__top2,-20.9,-30.7249,-9.8879
DK2,price_early_logit,count2022_target05,process,0.0045000000000000005,original_M0__top2,-20.3875,-30.1905125,-9.373887499999999
DK2,price_early_logit,count2022_target05,process,0.005000000000000001,original_M0__top2,-19.875,-29.656125,-8.859874999999999
DK2,price_early_logit,count2022_target05,process,0.0055,original_M0__top2,-19.3625,-29.1217375,-8.3458625
DK2,price_early_logit,count2022_target05,process,0.006,original_M0__top2,-18.85,-28.587349999999997,-7.83185
DK2,price_early_logit,count2022_target05,process,0.006500000000000001,original_M0__top2,-18.3375,-28.052962499999996,-7.3178374999999996
DK2,price_early_logit,count2022_target05,process,0.007000000000000001,original_M0__top2,-17.825,-27.518575,-6.803825
DK2,price_early_logit,count2022_target05,process,0.0075,original_M0__top2,-17.3125,-26.9841875,-6.2898125
DK2,price_early_logit,count2022_target05,process,0.008,original_M0__top2,-16.8,-26.4498,-5.7758
DK2,price_early_logit,count2022_target05,process,0.0085,original_M0__top2,-16.2875,-25.9154125,-5.261787499999999
DK2,price_early_logit,count2022_target05,process,0.009000000000000001,original_M0__top2,-15.774999999999999,-25.381024999999998,-4.747775
DK2,price_early_logit,count2022_target05,process,0.009500000000000001,original_M0__top2,-15.2625,-24.846637499999996,-4.233762499999998
DK2,price_early_logit,count2022_target05,process,0.01,original_M0__top2,-14.75,-24.312250000000002,-3.719750000000001
DK2,price_early_logit,count2022_target05,process,0.0105,original_M0__top2,-14.237499999999999,-23.7778625,-3.2057374999999997
DK2,price_early_logit,count2022_target05,process,0.011000000000000001,original_M0__top2,-13.725,-23.243475,-2.6917249999999986
DK2,price_early_logit,count2022_target05,process,0.0115,original_M0__top2,-13.2125,-22.7090875,-2.177712500000001
DK2,price_early_logit,count2022_target05,process,0.012,original_M0__top2,-12.7,-22.1747,-1.6637
DK2,price_early_logit,count2022_target05,process,0.0125,original_M0__top2,-12.1875,-21.6403125,-1.1496874999999989
DK2,price_early_logit,count2022_target05,process,0.013000000000000001,original_M0__top2,-11.674999999999999,-21.144925,-0.6356749999999995
DK2,price_early_logit,count2022_target05,process,0.013500000000000002,original_M0__top2,-11.162499999999998,-20.649537499999997,-0.12166249999999841
DK2,price_early_logit,count2022_target05,process,0.014,original_M0__top2,-10.65,-20.15415,0.39234999999999914
DK2,price_early_logit,count2022_target05,process,0.0145,original_M0__top2,-10.1375,-19.6307375,0.8913749999999997
DK2,price_early_logit,count2022_target05,process,0.015,original_M0__top2,-9.625,-19.101625000000002,1.376124999999999
DK2,price_early_logit,count2022_target05,process,0.02,original_M0__top2,-4.5,-14.024999999999999,6.501499999999998
DK2,price_early_logit,count2022_target05,process,0.03,original_M0__top2,5.75,-4.031750000000001,16.75025
DK2,price_early_logit,count2022_target05,process,0.05,original_M0__top2,26.25,16.4975,37.3025
DK2,price_early_logit,count2022_target05,process,0.1,original_M0__top2,77.5,66.9,89.7025
DK2,price_early_logit,count2022_target05,process,0.2,original_M0__top2,180.0,166.19000000000003,194.4
DK2,price_early_logit,count2022_target05,process,0.25,original_M0__top2,231.25,215.74375,247.75
DK2,price_early_logit,count2022_target05,process,0.5,original_M0__top2,487.5,459.4875,515.5125
DK2,price_early_logit,count2022_target05,process,1.0,original_M0__top2,1000.0,946.0,1051.025
DK2,price_early_logit,count2022_target05,hour,0.0,original_M0__top2,-187.0,-238.025,-156.95000000000005
DK2,price_early_logit,count2022_target05,hour,0.0005,original_M0__top2,-186.4875,-237.51082499999998,-156.42748750000004
DK2,price_early_logit,count2022_target05,hour,0.001,original_M0__top2,-185.975,-236.99665000000002,-155.90497500000006
DK2,price_early_logit,count2022_target05,hour,0.0015,original_M0__top2,-185.4625,-236.482475,-155.38246250000006
DK2,price_early_logit,count2022_target05,hour,0.002,original_M0__top2,-184.95,-235.9683,-154.85995000000005
DK2,price_early_logit,count2022_target05,hour,0.0025,original_M0__top2,-184.4375,-235.454125,-154.33743750000002
DK2,price_early_logit,count2022_target05,hour,0.003,original_M0__top2,-183.925,-234.93994999999998,-153.81492500000004
DK2,price_early_logit,count2022_target05,hour,0.0035,original_M0__top2,-183.4125,-234.425775,-153.29241250000004
DK2,price_early_logit,count2022_target05,hour,0.004,original_M0__top2,-182.9,-233.9116,-152.76990000000004
DK2,price_early_logit,count2022_target05,hour,0.0045000000000000005,original_M0__top2,-182.3875,-233.397425,-152.24738750000006
DK2,price_early_logit,count2022_target05,hour,0.005000000000000001,original_M0__top2,-181.875,-232.88325,-151.72487500000005
DK2,price_early_logit,count2022_target05,hour,0.0055,original_M0__top2,-181.3625,-232.369075,-151.20236250000005
DK2,price_early_logit,count2022_target05,hour,0.006,original_M0__top2,-180.85,-231.8549,-150.67985000000004
DK2,price_early_logit,count2022_target05,hour,0.006500000000000001,original_M0__top2,-180.3375,-231.34072500000002,-150.15733750000007
DK2,price_early_logit,count2022_target05,hour,0.007000000000000001,original_M0__top2,-179.825,-230.82655,-149.63482500000003
DK2,price_early_logit,count2022_target05,hour,0.0075,original_M0__top2,-179.3125,-230.312375,-149.11231250000003
DK2,price_early_logit,count2022_target05,hour,0.008,original_M0__top2,-178.8,-229.7982,-148.58980000000003
DK2,price_early_logit,count2022_target05,hour,0.0085,original_M0__top2,-178.2875,-229.28402499999999,-148.06728750000005
DK2,price_early_logit,count2022_target05,hour,0.009000000000000001,original_M0__top2,-177.775,-228.76985,-147.54477500000004
DK2,price_early_logit,count2022_target05,hour,0.009500000000000001,original_M0__top2,-177.2625,-228.255675,-147.02226250000004
DK2,price_early_logit,count2022_target05,hour,0.01,original_M0__top2,-176.75,-227.7415,-146.49975000000006
DK2,price_early_logit,count2022_target05,hour,0.0105,original_M0__top2,-176.2375,-227.22732499999998,-145.97723750000006
DK2,price_early_logit,count2022_target05,hour,0.011000000000000001,original_M0__top2,-175.725,-226.71315,-145.45472500000005
DK2,price_early_logit,count2022_target05,hour,0.0115,original_M0__top2,-175.2125,-226.198975,-144.93221250000002
DK2,price_early_logit,count2022_target05,hour,0.012,original_M0__top2,-174.7,-225.6848,-144.40970000000004
DK2,price_early_logit,count2022_target05,hour,0.0125,original_M0__top2,-174.1875,-225.170625,-143.88718750000004
DK2,price_early_logit,count2022_target05,hour,0.013000000000000001,original_M0__top2,-173.675,-224.65645,-143.36467500000003
DK2,price_early_logit,count2022_target05,hour,0.013500000000000002,original_M0__top2,-173.1625,-224.14227499999998,-142.84216250000003
DK2,price_early_logit,count2022_target05,hour,0.014,original_M0__top2,-172.65,-223.6281,-142.31965000000005
DK2,price_early_logit,count2022_target05,hour,0.0145,original_M0__top2,-172.1375,-223.113925,-141.79713750000005
DK2,price_early_logit,count2022_target05,hour,0.015,original_M0__top2,-171.625,-222.59975,-141.27462500000004
DK2,price_early_logit,count2022_target05,hour,0.02,original_M0__top2,-166.5,-217.458,-136.04950000000005
DK2,price_early_logit,count2022_target05,hour,0.03,original_M0__top2,-156.25,-207.1745,-125.60350000000005
DK2,price_early_logit,count2022_target05,hour,0.05,original_M0__top2,-135.75,-187.05375,-104.72250000000003
DK2,price_early_logit,count2022_target05,hour,0.1,original_M0__top2,-84.5,-136.10999999999999,-53.495000000000005
DK2,price_early_logit,count2022_target05,hour,0.2,original_M0__top2,18.0,-33.81499999999998,48.80000000000001
DK2,price_early_logit,count2022_target05,hour,0.25,original_M0__top2,69.25,16.5,101.00625
DK2,price_early_logit,count2022_target05,hour,0.5,original_M0__top2,325.5,264.4875,362.5
DK2,price_early_logit,count2022_target05,hour,1.0,original_M0__top2,838.0,759.0,890.0
DK2,price_early_logit,count2023_target05,process,0.0,original_M0__top2,-16.0,-26.0,-4.0
DK2,price_early_logit,count2023_target05,process,0.0005,original_M0__top2,-15.7825,-25.778,-3.7784750000000003
DK2,price_early_logit,count2023_target05,process,0.001,original_M0__top2,-15.565,-25.556,-3.55695
DK2,price_early_logit,count2023_target05,process,0.0015,original_M0__top2,-15.3475,-25.334,-3.3354250000000003
DK2,price_early_logit,count2023_target05,process,0.002,original_M0__top2,-15.13,-25.112,-3.1139
DK2,price_early_logit,count2023_target05,process,0.0025,original_M0__top2,-14.9125,-24.89,-2.8923750000000004
DK2,price_early_logit,count2023_target05,process,0.003,original_M0__top2,-14.695,-24.668,-2.6708500000000006
DK2,price_early_logit,count2023_target05,process,0.0035,original_M0__top2,-14.4775,-24.446,-2.449325
DK2,price_early_logit,count2023_target05,process,0.004,original_M0__top2,-14.26,-24.224,-2.2278
DK2,price_early_logit,count2023_target05,process,0.0045000000000000005,original_M0__top2,-14.0425,-24.002,-2.006275
DK2,price_early_logit,count2023_target05,process,0.005000000000000001,original_M0__top2,-13.825,-23.78,-1.7847499999999998
DK2,price_early_logit,count2023_target05,process,0.0055,original_M0__top2,-13.6075,-23.558,-1.5632250000000005
DK2,price_early_logit,count2023_target05,process,0.006,original_M0__top2,-13.39,-23.336,-1.3417000000000003
DK2,price_early_logit,count2023_target05,process,0.006500000000000001,original_M0__top2,-13.1725,-23.114,-1.1201750000000001
DK2,price_early_logit,count2023_target05,process,0.007000000000000001,original_M0__top2,-12.955,-22.892,-0.8986499999999998
DK2,price_early_logit,count2023_target05,process,0.0075,original_M0__top2,-12.7375,-22.67,-0.6771250000000005
DK2,price_early_logit,count2023_target05,process,0.008,original_M0__top2,-12.52,-22.448,-0.45560000000000034
DK2,price_early_logit,count2023_target05,process,0.0085,original_M0__top2,-12.3025,-22.226,-0.2340750000000001
DK2,price_early_logit,count2023_target05,process,0.009000000000000001,original_M0__top2,-12.084999999999999,-22.003999999999998,-0.01254999999999986
DK2,price_early_logit,count2023_target05,process,0.009500000000000001,original_M0__top2,-11.8675,-21.782,0.20897500000000035
DK2,price_early_logit,count2023_target05,process,0.01,original_M0__top2,-11.649999999999999,-21.56,0.43049999999999927
DK2,price_early_logit,count2023_target05,process,0.0105,original_M0__top2,-11.432500000000001,-21.338,0.652025
DK2,price_early_logit,count2023_target05,process,0.011000000000000001,original_M0__top2,-11.215,-21.116,0.8735499999999997
DK2,price_early_logit,count2023_target05,process,0.0115,original_M0__top2,-10.9975,-20.894,1.0950749999999996
DK2,price_early_logit,count2023_target05,process,0.012,original_M0__top2,-10.780000000000001,-20.672,1.3165999999999993
DK2,price_early_logit,count2023_target05,process,0.0125,original_M0__top2,-10.5625,-20.45,1.538125
DK2,price_early_logit,count2023_target05,process,0.013000000000000001,original_M0__top2,-10.344999999999999,-20.228,1.7596499999999997
DK2,price_early_logit,count2023_target05,process,0.013500000000000002,original_M0__top2,-10.1275,-20.006,1.9811750000000004
DK2,price_early_logit,count2023_target05,process,0.014,original_M0__top2,-9.91,-19.784,2.202699999999999
DK2,price_early_logit,count2023_target05,process,0.0145,original_M0__top2,-9.692499999999999,-19.561999999999998,2.424225
DK2,price_early_logit,count2023_target05,process,0.015,original_M0__top2,-9.475000000000001,-19.34,2.6457499999999987
DK2,price_early_logit,count2023_target05,process,0.02,original_M0__top2,-7.299999999999999,-17.119999999999997,4.860999999999999
DK2,price_early_logit,count2023_target05,process,0.03,original_M0__top2,-2.950000000000001,-12.68,9.291499999999997
DK2,price_early_logit,count2023_target05,process,0.05,original_M0__top2,5.75,-3.951249999999999,17.9025
DK2,price_early_logit,count2023_target05,process,0.1,original_M0__top2,27.5,17.200000000000003,39.805
DK2,price_early_logit,count2023_target05,process,0.2,original_M0__top2,71.0,60.2,83.005
DK2,price_early_logit,count2023_target05,process,0.25,original_M0__top2,92.75,81.5,105.25
DK2,price_early_logit,count2023_target05,process,0.5,original_M0__top2,201.5,187.0,216.0
DK2,price_early_logit,count2023_target05,process,1.0,original_M0__top2,419.0,397.0,440.025
DK2,price_early_logit,count2023_target05,hour,0.0,original_M0__top2,-104.0,-149.0,-71.0
DK2,price_early_logit,count2023_target05,hour,0.0005,original_M0__top2,-103.7825,-148.7790375,-70.787775
DK2,price_early_logit,count2023_target05,hour,0.001,original_M0__top2,-103.565,-148.558075,-70.57554999999999
DK2,price_early_logit,count2023_target05,hour,0.0015,original_M0__top2,-103.3475,-148.3371125,-70.363325
DK2,price_early_logit,count2023_target05,hour,0.002,original_M0__top2,-103.13,-148.11615,-70.1511
DK2,price_early_logit,count2023_target05,hour,0.0025,original_M0__top2,-102.9125,-147.89518750000002,-69.938875
DK2,price_early_logit,count2023_target05,hour,0.003,original_M0__top2,-102.695,-147.674225,-69.72664999999999
DK2,price_early_logit,count2023_target05,hour,0.0035,original_M0__top2,-102.4775,-147.4532625,-69.514425
DK2,price_early_logit,count2023_target05,hour,0.004,original_M0__top2,-102.26,-147.2323,-69.3022
DK2,price_early_logit,count2023_target05,hour,0.0045000000000000005,original_M0__top2,-102.0425,-147.0113375,-69.089975
DK2,price_early_logit,count2023_target05,hour,0.005000000000000001,original_M0__top2,-101.825,-146.79037499999998,-68.87774999999999
DK2,price_early_logit,count2023_target05,hour,0.0055,original_M0__top2,-101.6075,-146.5694125,-68.665525
DK2,price_early_logit,count2023_target05,hour,0.006,original_M0__top2,-101.39,-146.34845,-68.4533
DK2,price_early_logit,count2023_target05,hour,0.006500000000000001,original_M0__top2,-101.1725,-146.1274875,-68.24107500000001
DK2,price_early_logit,count2023_target05,hour,0.007000000000000001,original_M0__top2,-100.955,-145.90652500000002,-68.02885
DK2,price_early_logit,count2023_target05,hour,0.0075,original_M0__top2,-100.7375,-145.6855625,-67.816625
DK2,price_early_logit,count2023_target05,hour,0.008,original_M0__top2,-100.52,-145.4646,-67.60440000000001
DK2,price_early_logit,count2023_target05,hour,0.0085,original_M0__top2,-100.3025,-145.2436375,-67.39217500000001
DK2,price_early_logit,count2023_target05,hour,0.009000000000000001,original_M0__top2,-100.085,-145.022675,-67.17995
DK2,price_early_logit,count2023_target05,hour,0.009500000000000001,original_M0__top2,-99.8675,-144.80171249999998,-66.967725
DK2,price_early_logit,count2023_target05,hour,0.01,original_M0__top2,-99.65,-144.58075000000002,-66.75550000000001
DK2,price_early_logit,count2023_target05,hour,0.0105,original_M0__top2,-99.4325,-144.3597875,-66.54327500000001
DK2,price_early_logit,count2023_target05,hour,0.011000000000000001,original_M0__top2,-99.215,-144.138825,-66.33105
DK2,price_early_logit,count2023_target05,hour,0.0115,original_M0__top2,-98.9975,-143.9178625,-66.118825
DK2,price_early_logit,count2023_target05,hour,0.012,original_M0__top2,-98.78,-143.6969,-65.90660000000001
DK2,price_early_logit,count2023_target05,hour,0.0125,original_M0__top2,-98.5625,-143.4759375,-65.69437500000001
DK2,price_early_logit,count2023_target05,hour,0.013000000000000001,original_M0__top2,-98.345,-143.254975,-65.48215
DK2,price_early_logit,count2023_target05,hour,0.013500000000000002,original_M0__top2,-98.1275,-143.0340125,-65.269925
DK2,price_early_logit,count2023_target05,hour,0.014,original_M0__top2,-97.91,-142.81305,-65.0577
DK2,price_early_logit,count2023_target05,hour,0.0145,original_M0__top2,-97.6925,-142.59208750000002,-64.84547500000001
DK2,price_early_logit,count2023_target05,hour,0.015,original_M0__top2,-97.475,-142.371125,-64.63325
DK2,price_early_logit,count2023_target05,hour,0.02,original_M0__top2,-95.3,-140.1615,-62.511
DK2,price_early_logit,count2023_target05,hour,0.03,original_M0__top2,-90.95,-135.74225,-58.266500000000015
DK2,price_early_logit,count2023_target05,hour,0.05,original_M0__top2,-82.25,-126.90375,-49.77750000000002
DK2,price_early_logit,count2023_target05,hour,0.1,original_M0__top2,-60.5,-104.80749999999999,-28.57000000000002
DK2,price_early_logit,count2023_target05,hour,0.2,original_M0__top2,-17.0,-61.39999999999999,14.405000000000001
DK2,price_early_logit,count2023_target05,hour,0.25,original_M0__top2,4.75,-39.75625,36.006249999999994
DK2,price_early_logit,count2023_target05,hour,0.5,original_M0__top2,113.5,67.9875,144.5125
DK2,price_early_logit,count2023_target05,hour,1.0,original_M0__top2,331.0,283.975,366.0
DK2,price_early_logit,fixed025,process,0.0,original_M0__top2,-40.0,-48.025,-30.0
DK2,price_early_logit,fixed025,process,0.0005,original_M0__top2,-39.2765,-47.306799999999996,-29.280962499999998
DK2,price_early_logit,fixed025,process,0.001,original_M0__top2,-38.553,-46.5886,-28.561925000000002
DK2,price_early_logit,fixed025,process,0.0015,original_M0__top2,-37.8295,-45.870400000000004,-27.8428875
DK2,price_early_logit,fixed025,process,0.002,original_M0__top2,-37.106,-45.1522,-27.123849999999997
DK2,price_early_logit,fixed025,process,0.0025,original_M0__top2,-36.3825,-44.434,-26.404812500000002
DK2,price_early_logit,fixed025,process,0.003,original_M0__top2,-35.659,-43.7158,-25.685775
DK2,price_early_logit,fixed025,process,0.0035,original_M0__top2,-34.9355,-42.997600000000006,-24.9667375
DK2,price_early_logit,fixed025,process,0.004,original_M0__top2,-34.212,-42.279399999999995,-24.247700000000002
DK2,price_early_logit,fixed025,process,0.0045000000000000005,original_M0__top2,-33.4885,-41.56119999999999,-23.5286625
DK2,price_early_logit,fixed025,process,0.005000000000000001,original_M0__top2,-32.765,-40.842999999999996,-22.809625
DK2,price_early_logit,fixed025,process,0.0055,original_M0__top2,-32.0415,-40.1248,-22.0905875
DK2,price_early_logit,fixed025,process,0.006,original_M0__top2,-31.317999999999998,-39.4066,-21.37155
DK2,price_early_logit,fixed025,process,0.006500000000000001,original_M0__top2,-30.5945,-38.688399999999994,-20.6525125
DK2,price_early_logit,fixed025,process,0.007000000000000001,original_M0__top2,-29.871,-37.9702,-19.933474999999998
DK2,price_early_logit,fixed025,process,0.0075,original_M0__top2,-29.1475,-37.252,-19.2144375
DK2,price_early_logit,fixed025,process,0.008,original_M0__top2,-28.424,-36.5338,-18.495400000000004
DK2,price_early_logit,fixed025,process,0.0085,original_M0__top2,-27.700499999999998,-35.815599999999996,-17.7763625
DK2,price_early_logit,fixed025,process,0.009000000000000001,original_M0__top2,-26.976999999999997,-35.0974,-17.057325
DK2,price_early_logit,fixed025,process,0.009500000000000001,original_M0__top2,-26.253499999999995,-34.3792,-16.3382875
DK2,price_early_logit,fixed025,process,0.01,original_M0__top2,-25.53,-33.661,-15.61925
DK2,price_early_logit,fixed025,process,0.0105,original_M0__top2,-24.8065,-32.9428,-14.9002125
DK2,price_early_logit,fixed025,process,0.011000000000000001,original_M0__top2,-24.083,-32.2246,-14.181175
DK2,price_early_logit,fixed025,process,0.0115,original_M0__top2,-23.3595,-31.5064,-13.462137500000003
DK2,price_early_logit,fixed025,process,0.012,original_M0__top2,-22.636,-30.7882,-12.7431
DK2,price_early_logit,fixed025,process,0.0125,original_M0__top2,-21.912499999999998,-30.07,-12.0240625
DK2,price_early_logit,fixed025,process,0.013000000000000001,original_M0__top2,-21.189,-29.351799999999997,-11.305024999999999
DK2,price_early_logit,fixed025,process,0.013500000000000002,original_M0__top2,-20.4655,-28.633599999999998,-10.585987499999996
DK2,price_early_logit,fixed025,process,0.014,original_M0__top2,-19.742,-27.915399999999998,-9.86695
DK2,price_early_logit,fixed025,process,0.0145,original_M0__top2,-19.0185,-27.197199999999995,-9.147912499999999
DK2,price_early_logit,fixed025,process,0.015,original_M0__top2,-18.295,-26.479,-8.428875000000001
DK2,price_early_logit,fixed025,process,0.02,original_M0__top2,-11.059999999999999,-19.297,-1.2385
DK2,price_early_logit,fixed025,process,0.03,original_M0__top2,3.4099999999999966,-4.933000000000001,13.142249999999999
DK2,price_early_logit,fixed025,process,0.05,original_M0__top2,32.35000000000001,23.794999999999998,41.90375
DK2,price_early_logit,fixed025,process,0.1,original_M0__top2,104.70000000000002,95.9925,114.30250000000001
DK2,price_early_logit,fixed025,process,0.2,original_M0__top2,249.40000000000003,239.995,258.805
DK2,price_early_logit,fixed025,process,0.25,original_M0__top2,321.75,312.0,331.25625
DK2,price_early_logit,fixed025,process,0.5,original_M0__top2,683.5,672.0,693.0
DK2,price_early_logit,fixed025,process,1.0,original_M0__top2,1407.0,1391.0,1418.0
DK2,price_early_logit,fixed025,hour,0.0,original_M0__top2,-318.0,-383.0,-283.0
DK2,price_early_logit,fixed025,hour,0.0005,original_M0__top2,-317.2765,-382.2800625,-282.2744375
DK2,price_early_logit,fixed025,hour,0.001,original_M0__top2,-316.553,-381.560125,-281.54887499999995
DK2,price_early_logit,fixed025,hour,0.0015,original_M0__top2,-315.8295,-380.84018749999996,-280.82331250000004
DK2,price_early_logit,fixed025,hour,0.002,original_M0__top2,-315.106,-380.12025,-280.09775
DK2,price_early_logit,fixed025,hour,0.0025,original_M0__top2,-314.3825,-379.4003125,-279.3721875
DK2,price_early_logit,fixed025,hour,0.003,original_M0__top2,-313.659,-378.680375,-278.646625
DK2,price_early_logit,fixed025,hour,0.0035,original_M0__top2,-312.9355,-377.96043749999995,-277.9210625
DK2,price_early_logit,fixed025,hour,0.004,original_M0__top2,-312.212,-377.2405,-277.19550000000004
DK2,price_early_logit,fixed025,hour,0.0045000000000000005,original_M0__top2,-311.4885,-376.5205625,-276.4699375
DK2,price_early_logit,fixed025,hour,0.005000000000000001,original_M0__top2,-310.765,-375.800625,-275.744375
DK2,price_early_logit,fixed025,hour,0.0055,original_M0__top2,-310.0415,-375.0806875,-275.01881249999997
DK2,price_early_logit,fixed025,hour,0.006,original_M0__top2,-309.318,-374.36075,-274.29325
DK2,price_early_logit,fixed025,hour,0.006500000000000001,original_M0__top2,-308.5945,-373.6408125,-273.5676875
DK2,price_early_logit,fixed025,hour,0.007000000000000001,original_M0__top2,-307.871,-372.920875,-272.842125
DK2,price_early_logit,fixed025,hour,0.0075,original_M0__top2,-307.1475,-372.2009375,-272.1165625
DK2,price_early_logit,fixed025,hour,0.008,original_M0__top2,-306.424,-371.481,-271.391
DK2,price_early_logit,fixed025,hour,0.0085,original_M0__top2,-305.7005,-370.7610625,-270.6654375
DK2,price_early_logit,fixed025,hour,0.009000000000000001,original_M0__top2,-304.977,-370.041125,-269.939875
DK2,price_early_logit,fixed025,hour,0.009500000000000001,original_M0__top2,-304.2535,-369.3211875,-269.2143125
DK2,price_early_logit,fixed025,hour,0.01,original_M0__top2,-303.53,-368.60125,-268.48875
DK2,price_early_logit,fixed025,hour,0.0105,original_M0__top2,-302.8065,-367.8813125,-267.7631875
DK2,price_early_logit,fixed025,hour,0.011000000000000001,original_M0__top2,-302.08299999999997,-367.161375,-267.037625
DK2,price_early_logit,fixed025,hour,0.0115,original_M0__top2,-301.3595,-366.4414375,-266.31206249999997
DK2,price_early_logit,fixed025,hour,0.012,original_M0__top2,-300.636,-365.72150000000005,-265.5865
DK2,price_early_logit,fixed025,hour,0.0125,original_M0__top2,-299.9125,-365.0015625,-264.86093750000003
DK2,price_early_logit,fixed025,hour,0.013000000000000001,original_M0__top2,-299.189,-364.28162499999996,-264.135375
DK2,price_early_logit,fixed025,hour,0.013500000000000002,original_M0__top2,-298.4655,-363.5616875,-263.4098125
DK2,price_early_logit,fixed025,hour,0.014,original_M0__top2,-297.742,-362.84175,-262.68424999999996
DK2,price_early_logit,fixed025,hour,0.0145,original_M0__top2,-297.0185,-362.1218125,-261.95868750000005
DK2,price_early_logit,fixed025,hour,0.015,original_M0__top2,-296.295,-361.40187499999996,-261.23312500000003
DK2,price_early_logit,fixed025,hour,0.02,original_M0__top2,-289.06,-354.2025,-253.9775
DK2,price_early_logit,fixed025,hour,0.03,original_M0__top2,-274.59000000000003,-339.80375000000004,-239.46625
DK2,price_early_logit,fixed025,hour,0.05,original_M0__top2,-245.64999999999998,-311.00625,-210.44375
DK2,price_early_logit,fixed025,hour,0.1,original_M0__top2,-173.29999999999998,-239.0125,-137.88750000000002
DK2,price_early_logit,fixed025,hour,0.2,original_M0__top2,-28.599999999999966,-95.005,7.204999999999985
DK2,price_early_logit,fixed025,hour,0.25,original_M0__top2,43.75,-22.75625,79.75
DK2,price_early_logit,fixed025,hour,0.5,original_M0__top2,405.5,338.4875,441.5
DK2,price_early_logit,fixed025,hour,1.0,original_M0__top2,1129.0,1060.0,1165.025
DK2,price_early_logit,count2022_cool6,process,0.0,original_M0__top2,-24.0,-35.0,-14.0
DK2,price_early_logit,count2022_cool6,process,0.0005,original_M0__top2,-23.428,-34.4232625,-13.43945
DK2,price_early_logit,count2022_cool6,process,0.001,original_M0__top2,-22.856,-33.84652500000001,-12.8789
DK2,price_early_logit,count2022_cool6,process,0.0015,original_M0__top2,-22.284,-33.2697875,-12.31835
DK2,price_early_logit,count2022_cool6,process,0.002,original_M0__top2,-21.712,-32.69305,-11.7578
DK2,price_early_logit,count2022_cool6,process,0.0025,original_M0__top2,-21.14,-32.1163125,-11.19725
DK2,price_early_logit,count2022_cool6,process,0.003,original_M0__top2,-20.568,-31.539575,-10.636700000000001
DK2,price_early_logit,count2022_cool6,process,0.0035,original_M0__top2,-19.996,-30.9628375,-10.07615
DK2,price_early_logit,count2022_cool6,process,0.004,original_M0__top2,-19.424,-30.3861,-9.515600000000001
DK2,price_early_logit,count2022_cool6,process,0.0045000000000000005,original_M0__top2,-18.852,-29.8093625,-8.955050000000002
DK2,price_early_logit,count2022_cool6,process,0.005000000000000001,original_M0__top2,-18.279999999999998,-29.232624999999995,-8.3945
DK2,price_early_logit,count2022_cool6,process,0.0055,original_M0__top2,-17.708,-28.6558875,-7.833950000000001
DK2,price_early_logit,count2022_cool6,process,0.006,original_M0__top2,-17.136,-28.07915,-7.2734000000000005
DK2,price_early_logit,count2022_cool6,process,0.006500000000000001,original_M0__top2,-16.564,-27.5024125,-6.71285
DK2,price_early_logit,count2022_cool6,process,0.007000000000000001,original_M0__top2,-15.991999999999999,-26.925675,-6.152299999999999
DK2,price_early_logit,count2022_cool6,process,0.0075,original_M0__top2,-15.42,-26.348937499999998,-5.591750000000002
DK2,price_early_logit,count2022_cool6,process,0.008,original_M0__top2,-14.847999999999999,-25.7722,-5.031200000000001
DK2,price_early_logit,count2022_cool6,process,0.0085,original_M0__top2,-14.276,-25.195462499999998,-4.47065
DK2,price_early_logit,count2022_cool6,process,0.009000000000000001,original_M0__top2,-13.703999999999999,-24.618724999999998,-3.9101000000000004
DK2,price_early_logit,count2022_cool6,process,0.009500000000000001,original_M0__top2,-13.131999999999998,-24.041987499999998,-3.3495499999999994
DK2,price_early_logit,count2022_cool6,process,0.01,original_M0__top2,-12.56,-23.46525,-2.789
DK2,price_early_logit,count2022_cool6,process,0.0105,original_M0__top2,-11.988,-22.888512499999997,-2.228450000000001
DK2,price_early_logit,count2022_cool6,process,0.011000000000000001,original_M0__top2,-11.415999999999999,-22.311774999999997,-1.6678999999999997
DK2,price_early_logit,count2022_cool6,process,0.0115,original_M0__top2,-10.844,-21.7350375,-1.1073500000000005
DK2,price_early_logit,count2022_cool6,process,0.012,original_M0__top2,-10.272,-21.1583,-0.5468000000000012
DK2,price_early_logit,count2022_cool6,process,0.0125,original_M0__top2,-9.7,-20.5815625,0.013749999999999903
DK2,price_early_logit,count2022_cool6,process,0.013000000000000001,original_M0__top2,-9.127999999999998,-20.004824999999997,0.5742999999999993
DK2,price_early_logit,count2022_cool6,process,0.013500000000000002,original_M0__top2,-8.555999999999997,-19.4280875,1.1348500000000004
DK2,price_early_logit,count2022_cool6,process,0.014,original_M0__top2,-7.983999999999998,-18.85135,1.6953999999999996
DK2,price_early_logit,count2022_cool6,process,0.0145,original_M0__top2,-7.411999999999999,-18.2746125,2.255949999999999
DK2,price_early_logit,count2022_cool6,process,0.015,original_M0__top2,-6.84,-17.697875,2.8164999999999965
DK2,price_early_logit,count2022_cool6,process,0.02,original_M0__top2,-1.120000000000001,-12.0085,8.5
DK2,price_early_logit,count2022_cool6,process,0.03,original_M0__top2,10.32,-1.0002499999999999,19.75
DK2,price_early_logit,count2022_cool6,process,0.05,original_M0__top2,33.2,21.547500000000003,42.550000000000004
DK2,price_early_logit,count2022_cool6,process,0.1,original_M0__top2,90.4,78.0,100.30000000000001
DK2,price_early_logit,count2022_cool6,process,0.2,original_M0__top2,204.8,189.20000000000002,216.005
DK2,price_early_logit,count2022_cool6,process,0.25,original_M0__top2,262.0,244.5,274.5
DK2,price_early_logit,count2022_cool6,process,0.5,original_M0__top2,548.0,520.9875,567.0
DK2,price_early_logit,count2022_cool6,process,1.0,original_M0__top2,1120.0,1069.0,1156.0
DK2,price_early_logit,count2022_cool6,hour,0.0,original_M0__top2,-211.0,-263.0,-181.97500000000002
DK2,price_early_logit,count2022_cool6,hour,0.0005,original_M0__top2,-210.428,-262.425675,-181.39426250000002
DK2,price_early_logit,count2022_cool6,hour,0.001,original_M0__top2,-209.856,-261.85135,-180.81352500000003
DK2,price_early_logit,count2022_cool6,hour,0.0015,original_M0__top2,-209.284,-261.277025,-180.23278750000003
DK2,price_early_logit,count2022_cool6,hour,0.002,original_M0__top2,-208.712,-260.7027,-179.65205
DK2,price_early_logit,count2022_cool6,hour,0.0025,original_M0__top2,-208.14,-260.128375,-179.07131250000003
DK2,price_early_logit,count2022_cool6,hour,0.003,original_M0__top2,-207.568,-259.55405,-178.49057500000004
DK2,price_early_logit,count2022_cool6,hour,0.0035,original_M0__top2,-206.996,-258.979725,-177.9098375
DK2,price_early_logit,count2022_cool6,hour,0.004,original_M0__top2,-206.424,-258.4054,-177.3291
DK2,price_early_logit,count2022_cool6,hour,0.0045000000000000005,original_M0__top2,-205.852,-257.831075,-176.7483625
DK2,price_early_logit,count2022_cool6,hour,0.005000000000000001,original_M0__top2,-205.28,-257.25675,-176.16762500000002
DK2,price_early_logit,count2022_cool6,hour,0.0055,original_M0__top2,-204.708,-256.68242499999997,-175.58688750000002
DK2,price_early_logit,count2022_cool6,hour,0.006,original_M0__top2,-204.136,-256.1081,-175.00615000000002
DK2,price_early_logit,count2022_cool6,hour,0.006500000000000001,original_M0__top2,-203.564,-255.533775,-174.42541250000002
DK2,price_early_logit,count2022_cool6,hour,0.007000000000000001,original_M0__top2,-202.992,-254.95945,-173.844675
DK2,price_early_logit,count2022_cool6,hour,0.0075,original_M0__top2,-202.42,-254.385125,-173.26393750000003
DK2,price_early_logit,count2022_cool6,hour,0.008,original_M0__top2,-201.848,-253.8108,-172.68320000000003
DK2,price_early_logit,count2022_cool6,hour,0.0085,original_M0__top2,-201.276,-253.23647499999998,-172.1024625
DK2,price_early_logit,count2022_cool6,hour,0.009000000000000001,original_M0__top2,-200.704,-252.66215,-171.52172500000003
DK2,price_early_logit,count2022_cool6,hour,0.009500000000000001,original_M0__top2,-200.132,-252.08782499999998,-170.94098750000003
DK2,price_early_logit,count2022_cool6,hour,0.01,original_M0__top2,-199.56,-251.5135,-170.36025
DK2,price_early_logit,count2022_cool6,hour,0.0105,original_M0__top2,-198.988,-250.93917499999998,-169.7795125
DK2,price_early_logit,count2022_cool6,hour,0.011000000000000001,original_M0__top2,-198.416,-250.36485,-169.198775
DK2,price_early_logit,count2022_cool6,hour,0.0115,original_M0__top2,-197.844,-249.790525,-168.6180375
DK2,price_early_logit,count2022_cool6,hour,0.012,original_M0__top2,-197.272,-249.2162,-168.03730000000002
DK2,price_early_logit,count2022_cool6,hour,0.0125,original_M0__top2,-196.7,-248.641875,-167.45656250000002
DK2,price_early_logit,count2022_cool6,hour,0.013000000000000001,original_M0__top2,-196.128,-248.06754999999998,-166.87582500000002
DK2,price_early_logit,count2022_cool6,hour,0.013500000000000002,original_M0__top2,-195.55599999999998,-247.493225,-166.2950875
DK2,price_early_logit,count2022_cool6,hour,0.014,original_M0__top2,-194.984,-246.91889999999998,-165.71435000000002
DK2,price_early_logit,count2022_cool6,hour,0.0145,original_M0__top2,-194.412,-246.344575,-165.13361250000003
DK2,price_early_logit,count2022_cool6,hour,0.015,original_M0__top2,-193.84,-245.77024999999998,-164.552875
DK2,price_early_logit,count2022_cool6,hour,0.02,original_M0__top2,-188.12,-240.02700000000002,-158.7455
DK2,price_early_logit,count2022_cool6,hour,0.03,original_M0__top2,-176.68,-228.5405,-147.13075
DK2,price_early_logit,count2022_cool6,hour,0.05,original_M0__top2,-153.8,-205.8025,-123.94874999999999
DK2,price_early_logit,count2022_cool6,hour,0.1,original_M0__top2,-96.6,-148.7,-67.1925
DK2,price_early_logit,count2022_cool6,hour,0.2,original_M0__top2,17.80000000000001,-35.0,47.620000000000005
DK2,price_early_logit,count2022_cool6,hour,0.25,original_M0__top2,75.0,20.75,105.75625
DK2,price_early_logit,count2022_cool6,hour,0.5,original_M0__top2,361.0,300.0,395.0125
DK2,price_early_logit,count2022_cool6,hour,1.0,original_M0__top2,933.0,855.0,976.025
DK2,price_early_logit,count2023_cool6,process,0.0,original_M0__top2,-16.0,-26.0,-5.0
DK2,price_early_logit,count2023_cool6,process,0.0005,original_M0__top2,-15.7535,-25.758537500000003,-4.7514375
DK2,price_early_logit,count2023_cool6,process,0.001,original_M0__top2,-15.507,-25.517075,-4.502875
DK2,price_early_logit,count2023_cool6,process,0.0015,original_M0__top2,-15.2605,-25.2756125,-4.2543125
DK2,price_early_logit,count2023_cool6,process,0.002,original_M0__top2,-15.014,-25.03415,-4.005750000000001
DK2,price_early_logit,count2023_cool6,process,0.0025,original_M0__top2,-14.7675,-24.7926875,-3.7571875000000006
DK2,price_early_logit,count2023_cool6,process,0.003,original_M0__top2,-14.521,-24.551225,-3.5086250000000003
DK2,price_early_logit,count2023_cool6,process,0.0035,original_M0__top2,-14.2745,-24.3097625,-3.2600625000000005
DK2,price_early_logit,count2023_cool6,process,0.004,original_M0__top2,-14.028,-24.0683,-3.0115000000000003
DK2,price_early_logit,count2023_cool6,process,0.0045000000000000005,original_M0__top2,-13.7815,-23.8268375,-2.7629375
DK2,price_early_logit,count2023_cool6,process,0.005000000000000001,original_M0__top2,-13.535,-23.585375,-2.5143750000000002
DK2,price_early_logit,count2023_cool6,process,0.0055,original_M0__top2,-13.288499999999999,-23.3439125,-2.265812500000001
DK2,price_early_logit,count2023_cool6,process,0.006,original_M0__top2,-13.042,-23.10245,-2.0172500000000007
DK2,price_early_logit,count2023_cool6,process,0.006500000000000001,original_M0__top2,-12.7955,-22.860987499999997,-1.7686875000000006
DK2,price_early_logit,count2023_cool6,process,0.007000000000000001,original_M0__top2,-12.549,-22.619525,-1.5201250000000002
DK2,price_early_logit,count2023_cool6,process,0.0075,original_M0__top2,-12.3025,-22.378062500000002,-1.2715625000000008
DK2,price_early_logit,count2023_cool6,process,0.008,original_M0__top2,-12.056000000000001,-22.136599999999998,-1.023000000000001
DK2,price_early_logit,count2023_cool6,process,0.0085,original_M0__top2,-11.8095,-21.8951375,-0.774437500000001
DK2,price_early_logit,count2023_cool6,process,0.009000000000000001,original_M0__top2,-11.562999999999999,-21.653675,-0.5258750000000003
DK2,price_early_logit,count2023_cool6,process,0.009500000000000001,original_M0__top2,-11.3165,-21.4122125,-0.27731250000000035
DK2,price_early_logit,count2023_cool6,process,0.01,original_M0__top2,-11.07,-21.17075,-0.028750000000001368
DK2,price_early_logit,count2023_cool6,process,0.0105,original_M0__top2,-10.8235,-20.9292875,0.21981249999999938
DK2,price_early_logit,count2023_cool6,process,0.011000000000000001,original_M0__top2,-10.576999999999998,-20.687824999999997,0.46837499999999926
DK2,price_early_logit,count2023_cool6,process,0.0115,original_M0__top2,-10.3305,-20.4463625,0.7169374999999982
DK2,price_early_logit,count2023_cool6,process,0.012,original_M0__top2,-10.084,-20.204900000000002,0.965499999999999
DK2,price_early_logit,count2023_cool6,process,0.0125,original_M0__top2,-9.837499999999999,-19.963437499999998,1.214062499999999
DK2,price_early_logit,count2023_cool6,process,0.013000000000000001,original_M0__top2,-9.591,-19.721975,1.4626249999999987
DK2,price_early_logit,count2023_cool6,process,0.013500000000000002,original_M0__top2,-9.3445,-19.4805125,1.7111874999999996
DK2,price_early_logit,count2023_cool6,process,0.014,original_M0__top2,-9.097999999999999,-19.23905,1.9597499999999985
DK2,price_early_logit,count2023_cool6,process,0.0145,original_M0__top2,-8.8515,-18.997587499999998,2.2083124999999986
DK2,price_early_logit,count2023_cool6,process,0.015,original_M0__top2,-8.605,-18.756124999999997,2.4568749999999984
DK2,price_early_logit,count2023_cool6,process,0.02,original_M0__top2,-6.140000000000001,-16.3415,4.942499999999997
DK2,price_early_logit,count2023_cool6,process,0.03,original_M0__top2,-1.2100000000000009,-11.51225,9.913749999999997
DK2,price_early_logit,count2023_cool6,process,0.05,original_M0__top2,8.650000000000002,-1.8537499999999978,19.85
DK2,price_early_logit,count2023_cool6,process,0.1,original_M0__top2,33.300000000000004,22.5975,44.504999999999995
DK2,price_early_logit,count2023_cool6,process,0.2,original_M0__top2,82.60000000000001,71.19500000000001,94.2
DK2,price_early_logit,count2023_cool6,process,0.25,original_M0__top2,107.25,95.0,119.0
DK2,price_early_logit,count2023_cool6,process,0.5,original_M0__top2,230.5,215.4875,244.5
DK2,price_early_logit,count2023_cool6,process,1.0,original_M0__top2,477.0,452.975,498.0
DK2,price_early_logit,count2023_cool6,hour,0.0,original_M0__top2,-140.0,-182.0,-111.0
DK2,price_early_logit,count2023_cool6,hour,0.0005,original_M0__top2,-139.7535,-181.7561125,-110.75381250000001
DK2,price_early_logit,count2023_cool6,hour,0.001,original_M0__top2,-139.507,-181.512225,-110.50762499999999
DK2,price_early_logit,count2023_cool6,hour,0.0015,original_M0__top2,-139.2605,-181.2683375,-110.2614375
DK2,price_early_logit,count2023_cool6,hour,0.002,original_M0__top2,-139.014,-181.02445,-110.01525000000001
DK2,price_early_logit,count2023_cool6,hour,0.0025,original_M0__top2,-138.7675,-180.7805625,-109.7690625
DK2,price_early_logit,count2023_cool6,hour,0.003,original_M0__top2,-138.521,-180.536675,-109.522875
DK2,price_early_logit,count2023_cool6,hour,0.0035,original_M0__top2,-138.2745,-180.2927875,-109.27668750000001
DK2,price_early_logit,count2023_cool6,hour,0.004,original_M0__top2,-138.028,-180.0489,-109.0305
DK2,price_early_logit,count2023_cool6,hour,0.0045000000000000005,original_M0__top2,-137.7815,-179.8050125,-108.7843125
DK2,price_early_logit,count2023_cool6,hour,0.005000000000000001,original_M0__top2,-137.535,-179.561125,-108.53812500000001
DK2,price_early_logit,count2023_cool6,hour,0.0055,original_M0__top2,-137.2885,-179.3172375,-108.2919375
DK2,price_early_logit,count2023_cool6,hour,0.006,original_M0__top2,-137.042,-179.07335,-108.04575
DK2,price_early_logit,count2023_cool6,hour,0.006500000000000001,original_M0__top2,-136.7955,-178.8294625,-107.7995625
DK2,price_early_logit,count2023_cool6,hour,0.007000000000000001,original_M0__top2,-136.549,-178.585575,-107.553375
DK2,price_early_logit,count2023_cool6,hour,0.0075,original_M0__top2,-136.3025,-178.3416875,-107.30718750000001
DK2,price_early_logit,count2023_cool6,hour,0.008,original_M0__top2,-136.056,-178.0978,-107.06099999999999
DK2,price_early_logit,count2023_cool6,hour,0.0085,original_M0__top2,-135.8095,-177.8539125,-106.8148125
DK2,price_early_logit,count2023_cool6,hour,0.009000000000000001,original_M0__top2,-135.563,-177.610025,-106.56862500000001
DK2,price_early_logit,count2023_cool6,hour,0.009500000000000001,original_M0__top2,-135.3165,-177.3661375,-106.32243749999999
DK2,price_early_logit,count2023_cool6,hour,0.01,original_M0__top2,-135.07,-177.12225,-106.07625
DK2,price_early_logit,count2023_cool6,hour,0.0105,original_M0__top2,-134.8235,-176.8783625,-105.83006250000001
DK2,price_early_logit,count2023_cool6,hour,0.011000000000000001,original_M0__top2,-134.577,-176.634475,-105.58387499999999
DK2,price_early_logit,count2023_cool6,hour,0.0115,original_M0__top2,-134.3305,-176.3905875,-105.3376875
DK2,price_early_logit,count2023_cool6,hour,0.012,original_M0__top2,-134.084,-176.1467,-105.09150000000001
DK2,price_early_logit,count2023_cool6,hour,0.0125,original_M0__top2,-133.8375,-175.9028125,-104.8453125
DK2,price_early_logit,count2023_cool6,hour,0.013000000000000001,original_M0__top2,-133.591,-175.658925,-104.599125
DK2,price_early_logit,count2023_cool6,hour,0.013500000000000002,original_M0__top2,-133.3445,-175.4150375,-104.35293750000001
DK2,price_early_logit,count2023_cool6,hour,0.014,original_M0__top2,-133.098,-175.17115,-104.10675
DK2,price_early_logit,count2023_cool6,hour,0.0145,original_M0__top2,-132.8515,-174.9272625,-103.8605625
DK2,price_early_logit,count2023_cool6,hour,0.015,original_M0__top2,-132.605,-174.683375,-103.61437500000001
DK2,price_early_logit,count2023_cool6,hour,0.02,original_M0__top2,-130.14,-172.24450000000002,-101.1525
DK2,price_early_logit,count2023_cool6,hour,0.03,original_M0__top2,-125.21000000000001,-167.36675000000002,-96.22875
DK2,price_early_logit,count2023_cool6,hour,0.05,original_M0__top2,-115.35,-157.61124999999998,-86.38250000000002
DK2,price_early_logit,count2023_cool6,hour,0.1,original_M0__top2,-90.69999999999999,-133.415,-61.38750000000001
DK2,price_early_logit,count2023_cool6,hour,0.2,original_M0__top2,-41.39999999999999,-84.61,-11.570000000000022
DK2,price_early_logit,count2023_cool6,hour,0.25,original_M0__top2,-16.75,-60.25625,13.762499999999989
DK2,price_early_logit,count2023_cool6,hour,0.5,original_M0__top2,106.5,60.9875,138.5125
DK2,price_early_logit,count2023_cool6,hour,1.0,original_M0__top2,353.0,302.975,389.0
DK2,price_hour_logit,top1,process,0.0,original_M0__top2,-25.0,-32.0,-14.0
DK2,price_hour_logit,top1,process,0.0005,original_M0__top2,-24.6375,-31.639,-13.6384875
DK2,price_hour_logit,top1,process,0.001,original_M0__top2,-24.275,-31.278,-13.276974999999998
DK2,price_hour_logit,top1,process,0.0015,original_M0__top2,-23.9125,-30.917,-12.9154625
DK2,price_hour_logit,top1,process,0.002,original_M0__top2,-23.55,-30.556,-12.55395
DK2,price_hour_logit,top1,process,0.0025,original_M0__top2,-23.1875,-30.195,-12.192437499999999
DK2,price_hour_logit,top1,process,0.003,original_M0__top2,-22.825,-29.834,-11.830924999999999
DK2,price_hour_logit,top1,process,0.0035,original_M0__top2,-22.4625,-29.473,-11.4694125
DK2,price_hour_logit,top1,process,0.004,original_M0__top2,-22.1,-29.112000000000002,-11.1079
DK2,price_hour_logit,top1,process,0.0045000000000000005,original_M0__top2,-21.7375,-28.750999999999998,-10.746387499999999
DK2,price_hour_logit,top1,process,0.005000000000000001,original_M0__top2,-21.375,-28.39,-10.384875
DK2,price_hour_logit,top1,process,0.0055,original_M0__top2,-21.0125,-28.029,-10.023362500000001
DK2,price_hour_logit,top1,process,0.006,original_M0__top2,-20.65,-27.668,-9.66185
DK2,price_hour_logit,top1,process,0.006500000000000001,original_M0__top2,-20.2875,-27.307,-9.3003375
DK2,price_hour_logit,top1,process,0.007000000000000001,original_M0__top2,-19.924999999999997,-26.945999999999998,-8.938825
DK2,price_hour_logit,top1,process,0.0075,original_M0__top2,-19.5625,-26.585,-8.577312500000001
DK2,price_hour_logit,top1,process,0.008,original_M0__top2,-19.2,-26.224,-8.215800000000002
DK2,price_hour_logit,top1,process,0.0085,original_M0__top2,-18.8375,-25.863,-7.8542875
DK2,price_hour_logit,top1,process,0.009000000000000001,original_M0__top2,-18.475,-25.502,-7.492775
DK2,price_hour_logit,top1,process,0.009500000000000001,original_M0__top2,-18.112499999999997,-25.141,-7.131262499999999
DK2,price_hour_logit,top1,process,0.01,original_M0__top2,-17.75,-24.78,-6.76975
DK2,price_hour_logit,top1,process,0.0105,original_M0__top2,-17.3875,-24.419,-6.408237499999999
DK2,price_hour_logit,top1,process,0.011000000000000001,original_M0__top2,-17.025,-24.058,-6.0467249999999995
DK2,price_hour_logit,top1,process,0.0115,original_M0__top2,-16.6625,-23.697000000000003,-5.6852125
DK2,price_hour_logit,top1,process,0.012,original_M0__top2,-16.299999999999997,-23.336,-5.3237000000000005
DK2,price_hour_logit,top1,process,0.0125,original_M0__top2,-15.9375,-22.975,-4.962187500000001
DK2,price_hour_logit,top1,process,0.013000000000000001,original_M0__top2,-15.575,-22.613999999999997,-4.600674999999999
DK2,price_hour_logit,top1,process,0.013500000000000002,original_M0__top2,-15.212499999999999,-22.253,-4.2391625
DK2,price_hour_logit,top1,process,0.014,original_M0__top2,-14.85,-21.892,-3.8776500000000005
DK2,price_hour_logit,top1,process,0.0145,original_M0__top2,-14.487499999999999,-21.531,-3.5161374999999992
DK2,price_hour_logit,top1,process,0.015,original_M0__top2,-14.125,-21.17,-3.1546250000000016
DK2,price_hour_logit,top1,process,0.02,original_M0__top2,-10.5,-17.560000000000002,0.4605000000000004
DK2,price_hour_logit,top1,process,0.03,original_M0__top2,-3.25,-10.34,7.690749999999997
DK2,price_hour_logit,top1,process,0.05,original_M0__top2,11.25,4.100000000000001,22.151249999999997
DK2,price_hour_logit,top1,process,0.1,original_M0__top2,47.5,40.2,58.302499999999995
DK2,price_hour_logit,top1,process,0.2,original_M0__top2,120.0,112.6,130.605
DK2,price_hour_logit,top1,process,0.25,original_M0__top2,156.25,148.75,167.0
DK2,price_hour_logit,top1,process,0.5,original_M0__top2,337.5,329.5,348.0
DK2,price_hour_logit,top1,process,1.0,original_M0__top2,700.0,690.975,711.0
DK2,price_hour_logit,top1,hour,0.0,original_M0__top2,-215.0,-264.0,-188.97500000000002
DK2,price_hour_logit,top1,hour,0.0005,original_M0__top2,-214.6375,-263.6375125,-188.6110375
DK2,price_hour_logit,top1,hour,0.001,original_M0__top2,-214.275,-263.27502499999997,-188.24707500000002
DK2,price_hour_logit,top1,hour,0.0015,original_M0__top2,-213.9125,-262.91253750000004,-187.8831125
DK2,price_hour_logit,top1,hour,0.002,original_M0__top2,-213.55,-262.55005,-187.51915000000002
DK2,price_hour_logit,top1,hour,0.0025,original_M0__top2,-213.1875,-262.1875625,-187.15518750000004
DK2,price_hour_logit,top1,hour,0.003,original_M0__top2,-212.825,-261.82507499999997,-186.79122500000003
DK2,price_hour_logit,top1,hour,0.0035,original_M0__top2,-212.4625,-261.4625875,-186.4272625
DK2,price_hour_logit,top1,hour,0.004,original_M0__top2,-212.1,-261.1001,-186.06330000000003
DK2,price_hour_logit,top1,hour,0.0045000000000000005,original_M0__top2,-211.7375,-260.7376125,-185.6993375
DK2,price_hour_logit,top1,hour,0.005000000000000001,original_M0__top2,-211.375,-260.375125,-185.33537500000003
DK2,price_hour_logit,top1,hour,0.0055,original_M0__top2,-211.0125,-260.0126375,-184.97141250000004
DK2,price_hour_logit,top1,hour,0.006,original_M0__top2,-210.65,-259.65015,-184.60745000000003
DK2,price_hour_logit,top1,hour,0.006500000000000001,original_M0__top2,-210.2875,-259.2876625,-184.24348750000001
DK2,price_hour_logit,top1,hour,0.007000000000000001,original_M0__top2,-209.925,-258.925175,-183.87952500000003
DK2,price_hour_logit,top1,hour,0.0075,original_M0__top2,-209.5625,-258.5626875,-183.51556250000002
DK2,price_hour_logit,top1,hour,0.008,original_M0__top2,-209.2,-258.2002,-183.1516
DK2,price_hour_logit,top1,hour,0.0085,original_M0__top2,-208.8375,-257.83771249999995,-182.78763750000005
DK2,price_hour_logit,top1,hour,0.009000000000000001,original_M0__top2,-208.475,-257.475225,-182.42367500000003
DK2,price_hour_logit,top1,hour,0.009500000000000001,original_M0__top2,-208.1125,-257.11273750000004,-182.05971250000002
DK2,price_hour_logit,top1,hour,0.01,original_M0__top2,-207.75,-256.75025,-181.69575000000003
DK2,price_hour_logit,top1,hour,0.0105,original_M0__top2,-207.3875,-256.3877625,-181.33178750000002
DK2,price_hour_logit,top1,hour,0.011000000000000001,original_M0__top2,-207.025,-256.02527499999997,-180.967825
DK2,price_hour_logit,top1,hour,0.0115,original_M0__top2,-206.6625,-255.6627875,-180.60386250000002
DK2,price_hour_logit,top1,hour,0.012,original_M0__top2,-206.3,-255.30030000000002,-180.23990000000003
DK2,price_hour_logit,top1,hour,0.0125,original_M0__top2,-205.9375,-254.9378125,-179.87593750000002
DK2,price_hour_logit,top1,hour,0.013000000000000001,original_M0__top2,-205.575,-254.575325,-179.51197500000004
DK2,price_hour_logit,top1,hour,0.013500000000000002,original_M0__top2,-205.2125,-254.2128375,-179.14801250000002
DK2,price_hour_logit,top1,hour,0.014,original_M0__top2,-204.85,-253.85035,-178.78405
DK2,price_hour_logit,top1,hour,0.0145,original_M0__top2,-204.4875,-253.4878625,-178.42008750000002
DK2,price_hour_logit,top1,hour,0.015,original_M0__top2,-204.125,-253.125375,-178.05612500000004
DK2,price_hour_logit,top1,hour,0.02,original_M0__top2,-200.5,-249.5005,-174.4165
DK2,price_hour_logit,top1,hour,0.03,original_M0__top2,-193.25,-242.25075,-167.13725000000002
DK2,price_hour_logit,top1,hour,0.05,original_M0__top2,-178.75,-227.75125,-152.57875
DK2,price_hour_logit,top1,hour,0.1,original_M0__top2,-142.5,-191.5025,-116.18250000000002
DK2,price_hour_logit,top1,hour,0.2,original_M0__top2,-70.0,-119.005,-43.390000000000015
DK2,price_hour_logit,top1,hour,0.25,original_M0__top2,-33.75,-82.75625,-6.993750000000006
DK2,price_hour_logit,top1,hour,0.5,original_M0__top2,147.5,97.5,174.5
DK2,price_hour_logit,top1,hour,1.0,original_M0__top2,510.0,459.0,536.0
DK2,price_hour_logit,top2,process,0.0,original_M0__top2,-14.0,-24.0,-3.0
DK2,price_hour_logit,top2,process,0.0005,original_M0__top2,-14.0,-24.0,-3.0
DK2,price_hour_logit,top2,process,0.001,original_M0__top2,-14.0,-24.0,-3.0
DK2,price_hour_logit,top2,process,0.0015,original_M0__top2,-14.0,-24.0,-3.0
DK2,price_hour_logit,top2,process,0.002,original_M0__top2,-14.0,-24.0,-3.0
DK2,price_hour_logit,top2,process,0.0025,original_M0__top2,-14.0,-24.0,-3.0
DK2,price_hour_logit,top2,process,0.003,original_M0__top2,-14.0,-24.0,-3.0
DK2,price_hour_logit,top2,process,0.0035,original_M0__top2,-14.0,-24.0,-3.0
DK2,price_hour_logit,top2,process,0.004,original_M0__top2,-14.0,-24.0,-3.0
DK2,price_hour_logit,top2,process,0.0045000000000000005,original_M0__top2,-14.0,-24.0,-3.0
DK2,price_hour_logit,top2,process,0.005000000000000001,original_M0__top2,-14.0,-24.0,-3.0
DK2,price_hour_logit,top2,process,0.0055,original_M0__top2,-14.0,-24.0,-3.0
DK2,price_hour_logit,top2,process,0.006,original_M0__top2,-14.0,-24.0,-3.0
DK2,price_hour_logit,top2,process,0.006500000000000001,original_M0__top2,-14.0,-24.0,-3.0
DK2,price_hour_logit,top2,process,0.007000000000000001,original_M0__top2,-14.0,-24.0,-3.0
DK2,price_hour_logit,top2,process,0.0075,original_M0__top2,-14.0,-24.0,-3.0
DK2,price_hour_logit,top2,process,0.008,original_M0__top2,-14.0,-24.0,-3.0
DK2,price_hour_logit,top2,process,0.0085,original_M0__top2,-14.0,-24.0,-3.0
DK2,price_hour_logit,top2,process,0.009000000000000001,original_M0__top2,-14.0,-24.0,-3.0
DK2,price_hour_logit,top2,process,0.009500000000000001,original_M0__top2,-14.0,-24.0,-3.0
DK2,price_hour_logit,top2,process,0.01,original_M0__top2,-14.0,-24.0,-3.0
DK2,price_hour_logit,top2,process,0.0105,original_M0__top2,-14.0,-24.0,-3.0
DK2,price_hour_logit,top2,process,0.011000000000000001,original_M0__top2,-14.0,-24.0,-3.0
DK2,price_hour_logit,top2,process,0.0115,original_M0__top2,-14.0,-24.0,-3.0
DK2,price_hour_logit,top2,process,0.012,original_M0__top2,-14.0,-24.0,-3.0
DK2,price_hour_logit,top2,process,0.0125,original_M0__top2,-14.0,-24.0,-3.0
DK2,price_hour_logit,top2,process,0.013000000000000001,original_M0__top2,-14.0,-24.0,-3.0
DK2,price_hour_logit,top2,process,0.013500000000000002,original_M0__top2,-14.0,-24.0,-3.0
DK2,price_hour_logit,top2,process,0.014,original_M0__top2,-14.0,-24.0,-3.0
DK2,price_hour_logit,top2,process,0.0145,original_M0__top2,-14.0,-24.0,-3.0
DK2,price_hour_logit,top2,process,0.015,original_M0__top2,-14.0,-24.0,-3.0
DK2,price_hour_logit,top2,process,0.02,original_M0__top2,-14.0,-24.0,-3.0
DK2,price_hour_logit,top2,process,0.03,original_M0__top2,-14.0,-24.0,-3.0
DK2,price_hour_logit,top2,process,0.05,original_M0__top2,-14.0,-24.0,-3.0
DK2,price_hour_logit,top2,process,0.1,original_M0__top2,-14.0,-24.0,-3.0
DK2,price_hour_logit,top2,process,0.2,original_M0__top2,-14.0,-24.0,-3.0
DK2,price_hour_logit,top2,process,0.25,original_M0__top2,-14.0,-24.0,-3.0
DK2,price_hour_logit,top2,process,0.5,original_M0__top2,-14.0,-24.0,-3.0
DK2,price_hour_logit,top2,process,1.0,original_M0__top2,-14.0,-24.0,-3.0
DK2,price_hour_logit,top2,hour,0.0,original_M0__top2,-85.0,-122.0,-56.0
DK2,price_hour_logit,top2,hour,0.0005,original_M0__top2,-85.0,-122.0,-56.0
DK2,price_hour_logit,top2,hour,0.001,original_M0__top2,-85.0,-122.0,-56.0
DK2,price_hour_logit,top2,hour,0.0015,original_M0__top2,-85.0,-122.0,-56.0
DK2,price_hour_logit,top2,hour,0.002,original_M0__top2,-85.0,-122.0,-56.0
DK2,price_hour_logit,top2,hour,0.0025,original_M0__top2,-85.0,-122.0,-56.0
DK2,price_hour_logit,top2,hour,0.003,original_M0__top2,-85.0,-122.0,-56.0
DK2,price_hour_logit,top2,hour,0.0035,original_M0__top2,-85.0,-122.0,-56.0
DK2,price_hour_logit,top2,hour,0.004,original_M0__top2,-85.0,-122.0,-56.0
DK2,price_hour_logit,top2,hour,0.0045000000000000005,original_M0__top2,-85.0,-122.0,-56.0
DK2,price_hour_logit,top2,hour,0.005000000000000001,original_M0__top2,-85.0,-122.0,-56.0
DK2,price_hour_logit,top2,hour,0.0055,original_M0__top2,-85.0,-122.0,-56.0
DK2,price_hour_logit,top2,hour,0.006,original_M0__top2,-85.0,-122.0,-56.0
DK2,price_hour_logit,top2,hour,0.006500000000000001,original_M0__top2,-85.0,-122.0,-56.0
DK2,price_hour_logit,top2,hour,0.007000000000000001,original_M0__top2,-85.0,-122.0,-56.0
DK2,price_hour_logit,top2,hour,0.0075,original_M0__top2,-85.0,-122.0,-56.0
DK2,price_hour_logit,top2,hour,0.008,original_M0__top2,-85.0,-122.0,-56.0
DK2,price_hour_logit,top2,hour,0.0085,original_M0__top2,-85.0,-122.0,-56.0
DK2,price_hour_logit,top2,hour,0.009000000000000001,original_M0__top2,-85.0,-122.0,-56.0
DK2,price_hour_logit,top2,hour,0.009500000000000001,original_M0__top2,-85.0,-122.0,-56.0
DK2,price_hour_logit,top2,hour,0.01,original_M0__top2,-85.0,-122.0,-56.0
DK2,price_hour_logit,top2,hour,0.0105,original_M0__top2,-85.0,-122.0,-56.0
DK2,price_hour_logit,top2,hour,0.011000000000000001,original_M0__top2,-85.0,-122.0,-56.0
DK2,price_hour_logit,top2,hour,0.0115,original_M0__top2,-85.0,-122.0,-56.0
DK2,price_hour_logit,top2,hour,0.012,original_M0__top2,-85.0,-122.0,-56.0
DK2,price_hour_logit,top2,hour,0.0125,original_M0__top2,-85.0,-122.0,-56.0
DK2,price_hour_logit,top2,hour,0.013000000000000001,original_M0__top2,-85.0,-122.0,-56.0
DK2,price_hour_logit,top2,hour,0.013500000000000002,original_M0__top2,-85.0,-122.0,-56.0
DK2,price_hour_logit,top2,hour,0.014,original_M0__top2,-85.0,-122.0,-56.0
DK2,price_hour_logit,top2,hour,0.0145,original_M0__top2,-85.0,-122.0,-56.0
DK2,price_hour_logit,top2,hour,0.015,original_M0__top2,-85.0,-122.0,-56.0
DK2,price_hour_logit,top2,hour,0.02,original_M0__top2,-85.0,-122.0,-56.0
DK2,price_hour_logit,top2,hour,0.03,original_M0__top2,-85.0,-122.0,-56.0
DK2,price_hour_logit,top2,hour,0.05,original_M0__top2,-85.0,-122.0,-56.0
DK2,price_hour_logit,top2,hour,0.1,original_M0__top2,-85.0,-122.0,-56.0
DK2,price_hour_logit,top2,hour,0.2,original_M0__top2,-85.0,-122.0,-56.0
DK2,price_hour_logit,top2,hour,0.25,original_M0__top2,-85.0,-122.0,-56.0
DK2,price_hour_logit,top2,hour,0.5,original_M0__top2,-85.0,-122.0,-56.0
DK2,price_hour_logit,top2,hour,1.0,original_M0__top2,-85.0,-122.0,-56.0
DK2,price_hour_logit,count2022_target05,process,0.0,original_M0__top2,-19.0,-28.0,-7.0
DK2,price_hour_logit,count2022_target05,process,0.0005,original_M0__top2,-18.736,-27.7400125,-6.7577625
DK2,price_hour_logit,count2022_target05,process,0.001,original_M0__top2,-18.472,-27.480025,-6.515525
DK2,price_hour_logit,count2022_target05,process,0.0015,original_M0__top2,-18.208,-27.2200375,-6.2732875
DK2,price_hour_logit,count2022_target05,process,0.002,original_M0__top2,-17.944,-26.960050000000003,-6.0310500000000005
DK2,price_hour_logit,count2022_target05,process,0.0025,original_M0__top2,-17.68,-26.700062499999998,-5.7888125000000015
DK2,price_hour_logit,count2022_target05,process,0.003,original_M0__top2,-17.416,-26.440075,-5.546575000000002
DK2,price_hour_logit,count2022_target05,process,0.0035,original_M0__top2,-17.152,-26.1800875,-5.304337500000002
DK2,price_hour_logit,count2022_target05,process,0.004,original_M0__top2,-16.887999999999998,-25.9201,-5.062100000000002
DK2,price_hour_logit,count2022_target05,process,0.0045000000000000005,original_M0__top2,-16.624,-25.6601125,-4.819862500000001
DK2,price_hour_logit,count2022_target05,process,0.005000000000000001,original_M0__top2,-16.36,-25.400125,-4.577625000000002
DK2,price_hour_logit,count2022_target05,process,0.0055,original_M0__top2,-16.096,-25.1401375,-4.335387500000002
DK2,price_hour_logit,count2022_target05,process,0.006,original_M0__top2,-15.832,-24.88015,-4.093150000000002
DK2,price_hour_logit,count2022_target05,process,0.006500000000000001,original_M0__top2,-15.568,-24.6201625,-3.8509125000000024
DK2,price_hour_logit,count2022_target05,process,0.007000000000000001,original_M0__top2,-15.303999999999998,-24.360174999999998,-3.6086750000000025
DK2,price_hour_logit,count2022_target05,process,0.0075,original_M0__top2,-15.04,-24.1001875,-3.3664375000000035
DK2,price_hour_logit,count2022_target05,process,0.008,original_M0__top2,-14.776,-23.8402,-3.1242000000000036
DK2,price_hour_logit,count2022_target05,process,0.0085,original_M0__top2,-14.512,-23.5802125,-2.8819625000000038
DK2,price_hour_logit,count2022_target05,process,0.009000000000000001,original_M0__top2,-14.248,-23.320225,-2.639725000000003
DK2,price_hour_logit,count2022_target05,process,0.009500000000000001,original_M0__top2,-13.983999999999998,-23.0602375,-2.3974875000000035
DK2,price_hour_logit,count2022_target05,process,0.01,original_M0__top2,-13.719999999999999,-22.800250000000002,-2.1552500000000046
DK2,price_hour_logit,count2022_target05,process,0.0105,original_M0__top2,-13.456,-22.5402625,-1.9130125000000038
DK2,price_hour_logit,count2022_target05,process,0.011000000000000001,original_M0__top2,-13.192,-22.280275,-1.6707750000000041
DK2,price_hour_logit,count2022_target05,process,0.0115,original_M0__top2,-12.928,-22.0202875,-1.4285375000000051
DK2,price_hour_logit,count2022_target05,process,0.012,original_M0__top2,-12.664,-21.760299999999997,-1.1863000000000052
DK2,price_hour_logit,count2022_target05,process,0.0125,original_M0__top2,-12.399999999999999,-21.5003125,-0.9440625000000047
DK2,price_hour_logit,count2022_target05,process,0.013000000000000001,original_M0__top2,-12.136,-21.240325,-0.7018250000000049
DK2,price_hour_logit,count2022_target05,process,0.013500000000000002,original_M0__top2,-11.872,-20.9803375,-0.45958750000000514
DK2,price_hour_logit,count2022_target05,process,0.014,original_M0__top2,-11.608,-20.72035,-0.21735000000000626
DK2,price_hour_logit,count2022_target05,process,0.0145,original_M0__top2,-11.344,-20.460362500000002,0.02488749999999442
DK2,price_hour_logit,count2022_target05,process,0.015,original_M0__top2,-11.08,-20.200374999999998,0.2671249999999933
DK2,price_hour_logit,count2022_target05,process,0.02,original_M0__top2,-8.44,-17.6005,3.0014999999999987
DK2,price_hour_logit,count2022_target05,process,0.03,original_M0__top2,-3.16,-11.978,8.271999999999998
DK2,price_hour_logit,count2022_target05,process,0.05,original_M0__top2,7.400000000000002,-1.1562499999999982,19.0
DK2,price_hour_logit,count2022_target05,process,0.1,original_M0__top2,33.800000000000004,25.1975,45.6025
DK2,price_hour_logit,count2022_target05,process,0.2,original_M0__top2,86.60000000000001,77.59500000000001,99.405
DK2,price_hour_logit,count2022_target05,process,0.25,original_M0__top2,113.0,103.5,126.50625
DK2,price_hour_logit,count2022_target05,process,0.5,original_M0__top2,245.0,231.0,265.5
DK2,price_hour_logit,count2022_target05,process,1.0,original_M0__top2,509.0,481.0,544.0
DK2,price_hour_logit,count2022_target05,hour,0.0,original_M0__top2,-122.0,-163.0,-94.0
DK2,price_hour_logit,count2022_target05,hour,0.0005,original_M0__top2,-121.736,-162.741125,-93.74565
DK2,price_hour_logit,count2022_target05,hour,0.001,original_M0__top2,-121.472,-162.48225,-93.49130000000001
DK2,price_hour_logit,count2022_target05,hour,0.0015,original_M0__top2,-121.208,-162.223375,-93.23695000000001
DK2,price_hour_logit,count2022_target05,hour,0.002,original_M0__top2,-120.944,-161.9645,-92.98259999999999
DK2,price_hour_logit,count2022_target05,hour,0.0025,original_M0__top2,-120.68,-161.705625,-92.72825
DK2,price_hour_logit,count2022_target05,hour,0.003,original_M0__top2,-120.416,-161.44675,-92.4739
DK2,price_hour_logit,count2022_target05,hour,0.0035,original_M0__top2,-120.152,-161.18787500000002,-92.21955
DK2,price_hour_logit,count2022_target05,hour,0.004,original_M0__top2,-119.888,-160.929,-91.96520000000001
DK2,price_hour_logit,count2022_target05,hour,0.0045000000000000005,original_M0__top2,-119.624,-160.670125,-91.71085000000001
DK2,price_hour_logit,count2022_target05,hour,0.005000000000000001,original_M0__top2,-119.36,-160.41125,-91.45649999999999
DK2,price_hour_logit,count2022_target05,hour,0.0055,original_M0__top2,-119.096,-160.152375,-91.20215
DK2,price_hour_logit,count2022_target05,hour,0.006,original_M0__top2,-118.832,-159.8935,-90.9478
DK2,price_hour_logit,count2022_target05,hour,0.006500000000000001,original_M0__top2,-118.568,-159.634625,-90.69345
DK2,price_hour_logit,count2022_target05,hour,0.007000000000000001,original_M0__top2,-118.304,-159.37574999999998,-90.43910000000001
DK2,price_hour_logit,count2022_target05,hour,0.0075,original_M0__top2,-118.04,-159.11687500000002,-90.18475000000001
DK2,price_hour_logit,count2022_target05,hour,0.008,original_M0__top2,-117.776,-158.858,-89.9304
DK2,price_hour_logit,count2022_target05,hour,0.0085,original_M0__top2,-117.512,-158.59912500000002,-89.67605
DK2,price_hour_logit,count2022_target05,hour,0.009000000000000001,original_M0__top2,-117.248,-158.34025,-89.4217
DK2,price_hour_logit,count2022_target05,hour,0.009500000000000001,original_M0__top2,-116.984,-158.081375,-89.16735000000001
DK2,price_hour_logit,count2022_target05,hour,0.01,original_M0__top2,-116.72,-157.8225,-88.91300000000001
DK2,price_hour_logit,count2022_target05,hour,0.0105,original_M0__top2,-116.456,-157.563625,-88.65865000000001
DK2,price_hour_logit,count2022_target05,hour,0.011000000000000001,original_M0__top2,-116.192,-157.30474999999998,-88.4043
DK2,price_hour_logit,count2022_target05,hour,0.0115,original_M0__top2,-115.928,-157.045875,-88.14995
DK2,price_hour_logit,count2022_target05,hour,0.012,original_M0__top2,-115.664,-156.78699999999998,-87.8956
DK2,price_hour_logit,count2022_target05,hour,0.0125,original_M0__top2,-115.4,-156.52812500000002,-87.64125000000001
DK2,price_hour_logit,count2022_target05,hour,0.013000000000000001,original_M0__top2,-115.136,-156.26925,-87.38690000000001
DK2,price_hour_logit,count2022_target05,hour,0.013500000000000002,original_M0__top2,-114.872,-156.010375,-87.13255000000001
DK2,price_hour_logit,count2022_target05,hour,0.014,original_M0__top2,-114.608,-155.7515,-86.87820000000002
DK2,price_hour_logit,count2022_target05,hour,0.0145,original_M0__top2,-114.344,-155.492625,-86.62422500000001
DK2,price_hour_logit,count2022_target05,hour,0.015,original_M0__top2,-114.08,-155.23375,-86.37075
DK2,price_hour_logit,count2022_target05,hour,0.02,original_M0__top2,-111.44,-152.64499999999998,-83.83600000000001
DK2,price_hour_logit,count2022_target05,hour,0.03,original_M0__top2,-106.16,-147.401,-78.8185
DK2,price_hour_logit,count2022_target05,hour,0.05,original_M0__top2,-95.6,-136.4025,-68.6975
DK2,price_hour_logit,count2022_target05,hour,0.1,original_M0__top2,-69.19999999999999,-108.80499999999999,-43.1975
DK2,price_hour_logit,count2022_target05,hour,0.2,original_M0__top2,-16.39999999999999,-54.20499999999999,9.004999999999995
DK2,price_hour_logit,count2022_target05,hour,0.25,original_M0__top2,10.0,-27.25,35.506249999999994
DK2,price_hour_logit,count2022_target05,hour,0.5,original_M0__top2,142.0,106.5,170.5
DK2,price_hour_logit,count2022_target05,hour,1.0,original_M0__top2,406.0,368.0,442.0
DK2,price_hour_logit,count2023_target05,process,0.0,original_M0__top2,-17.0,-26.0,-5.0
DK2,price_hour_logit,count2023_target05,process,0.0005,original_M0__top2,-16.7935,-25.7925375,-4.8004999999999995
DK2,price_hour_logit,count2023_target05,process,0.001,original_M0__top2,-16.587,-25.585075,-4.601
DK2,price_hour_logit,count2023_target05,process,0.0015,original_M0__top2,-16.3805,-25.3776125,-4.4015
DK2,price_hour_logit,count2023_target05,process,0.002,original_M0__top2,-16.174,-25.170150000000003,-4.202
DK2,price_hour_logit,count2023_target05,process,0.0025,original_M0__top2,-15.9675,-24.962687499999998,-4.0024999999999995
DK2,price_hour_logit,count2023_target05,process,0.003,original_M0__top2,-15.761,-24.755225,-3.803
DK2,price_hour_logit,count2023_target05,process,0.0035,original_M0__top2,-15.5545,-24.5477625,-3.6035
DK2,price_hour_logit,count2023_target05,process,0.004,original_M0__top2,-15.347999999999999,-24.3403,-3.404
DK2,price_hour_logit,count2023_target05,process,0.0045000000000000005,original_M0__top2,-15.1415,-24.1328375,-3.2044999999999995
DK2,price_hour_logit,count2023_target05,process,0.005000000000000001,original_M0__top2,-14.934999999999999,-23.925375,-3.005
DK2,price_hour_logit,count2023_target05,process,0.0055,original_M0__top2,-14.7285,-23.7179125,-2.8055000000000003
DK2,price_hour_logit,count2023_target05,process,0.006,original_M0__top2,-14.522,-23.51045,-2.606
DK2,price_hour_logit,count2023_target05,process,0.006500000000000001,original_M0__top2,-14.3155,-23.302987499999997,-2.4065
DK2,price_hour_logit,count2023_target05,process,0.007000000000000001,original_M0__top2,-14.109,-23.095525,-2.2069999999999994
DK2,price_hour_logit,count2023_target05,process,0.0075,original_M0__top2,-13.9025,-22.8880625,-2.0075000000000003
DK2,price_hour_logit,count2023_target05,process,0.008,original_M0__top2,-13.696,-22.6806,-1.8079999999999998
DK2,price_hour_logit,count2023_target05,process,0.0085,original_M0__top2,-13.4895,-22.4731375,-1.6084999999999998
DK2,price_hour_logit,count2023_target05,process,0.009000000000000001,original_M0__top2,-13.283,-22.265675,-1.4089999999999994
DK2,price_hour_logit,count2023_target05,process,0.009500000000000001,original_M0__top2,-13.0765,-22.058212499999996,-1.2094999999999994
DK2,price_hour_logit,count2023_target05,process,0.01,original_M0__top2,-12.870000000000001,-21.85075,-1.0099999999999998
DK2,price_hour_logit,count2023_target05,process,0.0105,original_M0__top2,-12.663499999999999,-21.6432875,-0.8104999999999993
DK2,price_hour_logit,count2023_target05,process,0.011000000000000001,original_M0__top2,-12.457,-21.435824999999998,-0.6109999999999998
DK2,price_hour_logit,count2023_target05,process,0.0115,original_M0__top2,-12.250499999999999,-21.2283625,-0.4115000000000002
DK2,price_hour_logit,count2023_target05,process,0.012,original_M0__top2,-12.044,-21.0209,-0.21199999999999974
DK2,price_hour_logit,count2023_target05,process,0.0125,original_M0__top2,-11.837499999999999,-20.8134375,-0.01249999999999929
DK2,price_hour_logit,count2023_target05,process,0.013000000000000001,original_M0__top2,-11.631,-20.605975,0.18700000000000028
DK2,price_hour_logit,count2023_target05,process,0.013500000000000002,original_M0__top2,-11.424499999999998,-20.398512500000002,0.38650000000000073
DK2,price_hour_logit,count2023_target05,process,0.014,original_M0__top2,-11.218,-20.191049999999997,0.5860000000000003
DK2,price_hour_logit,count2023_target05,process,0.0145,original_M0__top2,-11.0115,-19.983587500000002,0.7854999999999999
DK2,price_hour_logit,count2023_target05,process,0.015,original_M0__top2,-10.805,-19.776124999999997,0.9849999999999994
DK2,price_hour_logit,count2023_target05,process,0.02,original_M0__top2,-8.74,-17.7015,2.9800000000000004
DK2,price_hour_logit,count2023_target05,process,0.03,original_M0__top2,-4.610000000000001,-13.55225,6.969999999999999
DK2,price_hour_logit,count2023_target05,process,0.05,original_M0__top2,3.650000000000002,-5.25375,14.95375
DK2,price_hour_logit,count2023_target05,process,0.1,original_M0__top2,24.300000000000004,15.5,35.605
DK2,price_hour_logit,count2023_target05,process,0.2,original_M0__top2,65.60000000000001,57.0,77.2
DK2,price_hour_logit,count2023_target05,process,0.25,original_M0__top2,86.25,77.5,98.00625
DK2,price_hour_logit,count2023_target05,process,0.5,original_M0__top2,189.5,179.0,203.0
DK2,price_hour_logit,count2023_target05,process,1.0,original_M0__top2,396.0,380.0,415.0
DK2,price_hour_logit,count2023_target05,hour,0.0,original_M0__top2,-99.0,-135.025,-72.95000000000005
DK2,price_hour_logit,count2023_target05,hour,0.0005,original_M0__top2,-98.7935,-134.8169125,-72.74366250000004
DK2,price_hour_logit,count2023_target05,hour,0.001,original_M0__top2,-98.587,-134.608825,-72.53732500000005
DK2,price_hour_logit,count2023_target05,hour,0.0015,original_M0__top2,-98.3805,-134.4007375,-72.33098750000005
DK2,price_hour_logit,count2023_target05,hour,0.002,original_M0__top2,-98.174,-134.19265000000001,-72.12465000000005
DK2,price_hour_logit,count2023_target05,hour,0.0025,original_M0__top2,-97.9675,-133.9845625,-71.91831250000004
DK2,price_hour_logit,count2023_target05,hour,0.003,original_M0__top2,-97.761,-133.776475,-71.71197500000004
DK2,price_hour_logit,count2023_target05,hour,0.0035,original_M0__top2,-97.5545,-133.5683875,-71.50563750000005
DK2,price_hour_logit,count2023_target05,hour,0.004,original_M0__top2,-97.348,-133.36030000000002,-71.29930000000004
DK2,price_hour_logit,count2023_target05,hour,0.0045000000000000005,original_M0__top2,-97.1415,-133.1522125,-71.09296250000004
DK2,price_hour_logit,count2023_target05,hour,0.005000000000000001,original_M0__top2,-96.935,-132.94412499999999,-70.88662500000005
DK2,price_hour_logit,count2023_target05,hour,0.0055,original_M0__top2,-96.7285,-132.73603749999998,-70.68028750000003
DK2,price_hour_logit,count2023_target05,hour,0.006,original_M0__top2,-96.522,-132.52794999999998,-70.47395000000004
DK2,price_hour_logit,count2023_target05,hour,0.006500000000000001,original_M0__top2,-96.3155,-132.3198625,-70.26761250000004
DK2,price_hour_logit,count2023_target05,hour,0.007000000000000001,original_M0__top2,-96.109,-132.111775,-70.06127500000004
DK2,price_hour_logit,count2023_target05,hour,0.0075,original_M0__top2,-95.9025,-131.9036875,-69.85493750000005
DK2,price_hour_logit,count2023_target05,hour,0.008,original_M0__top2,-95.696,-131.69559999999998,-69.64860000000004
DK2,price_hour_logit,count2023_target05,hour,0.0085,original_M0__top2,-95.48949999999999,-131.4875125,-69.44226250000004
DK2,price_hour_logit,count2023_target05,hour,0.009000000000000001,original_M0__top2,-95.283,-131.279425,-69.23592500000004
DK2,price_hour_logit,count2023_target05,hour,0.009500000000000001,original_M0__top2,-95.0765,-131.0713375,-69.02958750000003
DK2,price_hour_logit,count2023_target05,hour,0.01,original_M0__top2,-94.87,-130.86325,-68.82325000000004
DK2,price_hour_logit,count2023_target05,hour,0.0105,original_M0__top2,-94.6635,-130.65516250000002,-68.61691250000004
DK2,price_hour_logit,count2023_target05,hour,0.011000000000000001,original_M0__top2,-94.457,-130.447075,-68.41057500000004
DK2,price_hour_logit,count2023_target05,hour,0.0115,original_M0__top2,-94.2505,-130.2389875,-68.20423750000005
DK2,price_hour_logit,count2023_target05,hour,0.012,original_M0__top2,-94.044,-130.0309,-67.99790000000004
DK2,price_hour_logit,count2023_target05,hour,0.0125,original_M0__top2,-93.8375,-129.8228125,-67.79156250000004
DK2,price_hour_logit,count2023_target05,hour,0.013000000000000001,original_M0__top2,-93.631,-129.61472500000002,-67.58522500000004
DK2,price_hour_logit,count2023_target05,hour,0.013500000000000002,original_M0__top2,-93.4245,-129.4066375,-67.37888750000003
DK2,price_hour_logit,count2023_target05,hour,0.014,original_M0__top2,-93.218,-129.19854999999998,-67.17255000000004
DK2,price_hour_logit,count2023_target05,hour,0.0145,original_M0__top2,-93.0115,-128.99046249999998,-66.96621250000004
DK2,price_hour_logit,count2023_target05,hour,0.015,original_M0__top2,-92.805,-128.782375,-66.75987500000005
DK2,price_hour_logit,count2023_target05,hour,0.02,original_M0__top2,-90.74,-126.70150000000001,-64.69650000000003
DK2,price_hour_logit,count2023_target05,hour,0.03,original_M0__top2,-86.61,-122.53975,-60.569750000000035
DK2,price_hour_logit,count2023_target05,hour,0.05,original_M0__top2,-78.35,-114.21625,-52.316250000000025
DK2,price_hour_logit,count2023_target05,hour,0.1,original_M0__top2,-57.699999999999996,-93.4075,-31.68250000000001
DK2,price_hour_logit,count2023_target05,hour,0.2,original_M0__top2,-16.39999999999999,-51.404999999999994,9.405000000000001
DK2,price_hour_logit,count2023_target05,hour,0.25,original_M0__top2,4.25,-30.75625,29.76249999999999
DK2,price_hour_logit,count2023_target05,hour,0.5,original_M0__top2,107.5,73.0,132.5125
DK2,price_hour_logit,count2023_target05,hour,1.0,original_M0__top2,314.0,278.975,340.0
DK2,price_hour_logit,fixed025,process,0.0,original_M0__top2,-39.0,-47.0,-29.0
DK2,price_hour_logit,fixed025,process,0.0005,original_M0__top2,-38.32,-46.3205,-28.3219875
DK2,price_hour_logit,fixed025,process,0.001,original_M0__top2,-37.64,-45.641,-27.643974999999998
DK2,price_hour_logit,fixed025,process,0.0015,original_M0__top2,-36.96,-44.9615,-26.9659625
DK2,price_hour_logit,fixed025,process,0.002,original_M0__top2,-36.28,-44.282,-26.28795
DK2,price_hour_logit,fixed025,process,0.0025,original_M0__top2,-35.6,-43.6025,-25.6099375
DK2,price_hour_logit,fixed025,process,0.003,original_M0__top2,-34.92,-42.923,-24.931925
DK2,price_hour_logit,fixed025,process,0.0035,original_M0__top2,-34.24,-42.2435,-24.2539125
DK2,price_hour_logit,fixed025,process,0.004,original_M0__top2,-33.56,-41.564,-23.5759
DK2,price_hour_logit,fixed025,process,0.0045000000000000005,original_M0__top2,-32.879999999999995,-40.8845,-22.8978875
DK2,price_hour_logit,fixed025,process,0.005000000000000001,original_M0__top2,-32.199999999999996,-40.205,-22.219875
DK2,price_hour_logit,fixed025,process,0.0055,original_M0__top2,-31.52,-39.5255,-21.5418625
DK2,price_hour_logit,fixed025,process,0.006,original_M0__top2,-30.84,-38.846000000000004,-20.863849999999996
DK2,price_hour_logit,fixed025,process,0.006500000000000001,original_M0__top2,-30.159999999999997,-38.1665,-20.1858375
DK2,price_hour_logit,fixed025,process,0.007000000000000001,original_M0__top2,-29.479999999999997,-37.486999999999995,-19.507825
DK2,price_hour_logit,fixed025,process,0.0075,original_M0__top2,-28.8,-36.807500000000005,-18.8298125
DK2,price_hour_logit,fixed025,process,0.008,original_M0__top2,-28.119999999999997,-36.128,-18.1518
DK2,price_hour_logit,fixed025,process,0.0085,original_M0__top2,-27.439999999999998,-35.448499999999996,-17.473787499999997
DK2,price_hour_logit,fixed025,process,0.009000000000000001,original_M0__top2,-26.759999999999998,-34.769,-16.795775
DK2,price_hour_logit,fixed025,process,0.009500000000000001,original_M0__top2,-26.08,-34.0895,-16.117762499999998
DK2,price_hour_logit,fixed025,process,0.01,original_M0__top2,-25.4,-33.41,-15.43975
DK2,price_hour_logit,fixed025,process,0.0105,original_M0__top2,-24.72,-32.7305,-14.761737499999999
DK2,price_hour_logit,fixed025,process,0.011000000000000001,original_M0__top2,-24.04,-32.051,-14.083724999999998
DK2,price_hour_logit,fixed025,process,0.0115,original_M0__top2,-23.36,-31.3715,-13.405712500000002
DK2,price_hour_logit,fixed025,process,0.012,original_M0__top2,-22.68,-30.692,-12.727699999999999
DK2,price_hour_logit,fixed025,process,0.0125,original_M0__top2,-22.0,-30.0125,-12.049687500000001
DK2,price_hour_logit,fixed025,process,0.013000000000000001,original_M0__top2,-21.319999999999997,-29.333,-11.371675
DK2,price_hour_logit,fixed025,process,0.013500000000000002,original_M0__top2,-20.639999999999997,-28.653499999999998,-10.693662499999999
DK2,price_hour_logit,fixed025,process,0.014,original_M0__top2,-19.96,-27.974,-10.015649999999999
DK2,price_hour_logit,fixed025,process,0.0145,original_M0__top2,-19.279999999999998,-27.2945,-9.337637499999998
DK2,price_hour_logit,fixed025,process,0.015,original_M0__top2,-18.6,-26.615000000000002,-8.659625
DK2,price_hour_logit,fixed025,process,0.02,original_M0__top2,-11.8,-19.82,-1.8794999999999995
DK2,price_hour_logit,fixed025,process,0.03,original_M0__top2,1.7999999999999972,-6.290499999999999,11.68075
DK2,price_hour_logit,fixed025,process,0.05,original_M0__top2,29.0,20.84625000000001,38.9525
DK2,price_hour_logit,fixed025,process,0.1,original_M0__top2,97.0,88.1,107.20250000000001
DK2,price_hour_logit,fixed025,process,0.2,original_M0__top2,233.0,221.8,244.8
DK2,price_hour_logit,fixed025,process,0.25,original_M0__top2,301.0,288.99375,314.0
DK2,price_hour_logit,fixed025,process,0.5,original_M0__top2,641.0,622.0,659.5
DK2,price_hour_logit,fixed025,process,1.0,original_M0__top2,1321.0,1287.0,1352.025
DK2,price_hour_logit,fixed025,hour,0.0,original_M0__top2,-274.0,-337.0,-240.0
DK2,price_hour_logit,fixed025,hour,0.0005,original_M0__top2,-273.32,-336.32115000000005,-239.31985
DK2,price_hour_logit,fixed025,hour,0.001,original_M0__top2,-272.64,-335.6423,-238.63969999999998
DK2,price_hour_logit,fixed025,hour,0.0015,original_M0__top2,-271.96,-334.96345,-237.95955
DK2,price_hour_logit,fixed025,hour,0.002,original_M0__top2,-271.28,-334.2846,-237.2794
DK2,price_hour_logit,fixed025,hour,0.0025,original_M0__top2,-270.6,-333.60575,-236.59924999999998
DK2,price_hour_logit,fixed025,hour,0.003,original_M0__top2,-269.92,-332.9269,-235.9191
DK2,price_hour_logit,fixed025,hour,0.0035,original_M0__top2,-269.24,-332.24805000000003,-235.23895000000002
DK2,price_hour_logit,fixed025,hour,0.004,original_M0__top2,-268.56,-331.56919999999997,-234.5588
DK2,price_hour_logit,fixed025,hour,0.0045000000000000005,original_M0__top2,-267.88,-330.89035,-233.87865
DK2,price_hour_logit,fixed025,hour,0.005000000000000001,original_M0__top2,-267.2,-330.2115,-233.1985
DK2,price_hour_logit,fixed025,hour,0.0055,original_M0__top2,-266.52,-329.53265,-232.51835
DK2,price_hour_logit,fixed025,hour,0.006,original_M0__top2,-265.84,-328.8538,-231.8382
DK2,price_hour_logit,fixed025,hour,0.006500000000000001,original_M0__top2,-265.16,-328.17495,-231.15805
DK2,price_hour_logit,fixed025,hour,0.007000000000000001,original_M0__top2,-264.48,-327.49609999999996,-230.4779
DK2,price_hour_logit,fixed025,hour,0.0075,original_M0__top2,-263.8,-326.81725,-229.79775
DK2,price_hour_logit,fixed025,hour,0.008,original_M0__top2,-263.12,-326.13840000000005,-229.1176
DK2,price_hour_logit,fixed025,hour,0.0085,original_M0__top2,-262.44,-325.45955,-228.43745
DK2,price_hour_logit,fixed025,hour,0.009000000000000001,original_M0__top2,-261.76,-324.7807,-227.7573
DK2,price_hour_logit,fixed025,hour,0.009500000000000001,original_M0__top2,-261.08,-324.10185,-227.07715
DK2,price_hour_logit,fixed025,hour,0.01,original_M0__top2,-260.4,-323.423,-226.39700000000002
DK2,price_hour_logit,fixed025,hour,0.0105,original_M0__top2,-259.72,-322.74415,-225.71685
DK2,price_hour_logit,fixed025,hour,0.011000000000000001,original_M0__top2,-259.04,-322.06530000000004,-225.0367
DK2,price_hour_logit,fixed025,hour,0.0115,original_M0__top2,-258.36,-321.38644999999997,-224.35655000000003
DK2,price_hour_logit,fixed025,hour,0.012,original_M0__top2,-257.68,-320.7076,-223.6764
DK2,price_hour_logit,fixed025,hour,0.0125,original_M0__top2,-257.0,-320.02875,-222.99625
DK2,price_hour_logit,fixed025,hour,0.013000000000000001,original_M0__top2,-256.32,-319.3499,-222.3161
DK2,price_hour_logit,fixed025,hour,0.013500000000000002,original_M0__top2,-255.64,-318.67105,-221.63594999999998
DK2,price_hour_logit,fixed025,hour,0.014,original_M0__top2,-254.96,-317.9922,-220.9558
DK2,price_hour_logit,fixed025,hour,0.0145,original_M0__top2,-254.28,-317.31334999999996,-220.27565
DK2,price_hour_logit,fixed025,hour,0.015,original_M0__top2,-253.6,-316.6345,-219.5955
DK2,price_hour_logit,fixed025,hour,0.02,original_M0__top2,-246.8,-309.84599999999995,-212.794
DK2,price_hour_logit,fixed025,hour,0.03,original_M0__top2,-233.2,-296.269,-199.191
DK2,price_hour_logit,fixed025,hour,0.05,original_M0__top2,-206.0,-269.115,-171.985
DK2,price_hour_logit,fixed025,hour,0.1,original_M0__top2,-138.0,-201.20499999999998,-104.195
DK2,price_hour_logit,fixed025,hour,0.2,original_M0__top2,-2.0,-65.60499999999996,32.01999999999998
DK2,price_hour_logit,fixed025,hour,0.25,original_M0__top2,66.0,1.9937500000000004,99.75625
DK2,price_hour_logit,fixed025,hour,0.5,original_M0__top2,406.0,340.9875,441.5125
DK2,price_hour_logit,fixed025,hour,1.0,original_M0__top2,1086.0,1012.0,1127.05
DK2,price_hour_logit,count2022_cool6,process,0.0,original_M0__top2,-18.0,-28.0,-7.0
DK2,price_hour_logit,count2022_cool6,process,0.0005,original_M0__top2,-17.7295,-27.715075,-6.73595
DK2,price_hour_logit,count2022_cool6,process,0.001,original_M0__top2,-17.459,-27.43015,-6.4719
DK2,price_hour_logit,count2022_cool6,process,0.0015,original_M0__top2,-17.1885,-27.145225,-6.2078500000000005
DK2,price_hour_logit,count2022_cool6,process,0.002,original_M0__top2,-16.918,-26.8603,-5.9438
DK2,price_hour_logit,count2022_cool6,process,0.0025,original_M0__top2,-16.6475,-26.575374999999998,-5.67975
DK2,price_hour_logit,count2022_cool6,process,0.003,original_M0__top2,-16.377,-26.29045,-5.415700000000001
DK2,price_hour_logit,count2022_cool6,process,0.0035,original_M0__top2,-16.1065,-26.005525,-5.15165
DK2,price_hour_logit,count2022_cool6,process,0.004,original_M0__top2,-15.836,-25.720599999999997,-4.8876
DK2,price_hour_logit,count2022_cool6,process,0.0045000000000000005,original_M0__top2,-15.5655,-25.435675,-4.62355
DK2,price_hour_logit,count2022_cool6,process,0.005000000000000001,original_M0__top2,-15.295,-25.15075,-4.3595
DK2,price_hour_logit,count2022_cool6,process,0.0055,original_M0__top2,-15.0245,-24.865825,-4.0954500000000005
DK2,price_hour_logit,count2022_cool6,process,0.006,original_M0__top2,-14.754,-24.5809,-3.8314000000000004
DK2,price_hour_logit,count2022_cool6,process,0.006500000000000001,original_M0__top2,-14.4835,-24.295975,-3.5673500000000002
DK2,price_hour_logit,count2022_cool6,process,0.007000000000000001,original_M0__top2,-14.213,-24.011049999999997,-3.3033
DK2,price_hour_logit,count2022_cool6,process,0.0075,original_M0__top2,-13.942499999999999,-23.726125,-3.039250000000001
DK2,price_hour_logit,count2022_cool6,process,0.008,original_M0__top2,-13.672,-23.4412,-2.7752000000000003
DK2,price_hour_logit,count2022_cool6,process,0.0085,original_M0__top2,-13.401499999999999,-23.156275,-2.51115
DK2,price_hour_logit,count2022_cool6,process,0.009000000000000001,original_M0__top2,-13.131,-22.871349999999996,-2.2471
DK2,price_hour_logit,count2022_cool6,process,0.009500000000000001,original_M0__top2,-12.860499999999998,-22.586425000000002,-1.98305
DK2,price_hour_logit,count2022_cool6,process,0.01,original_M0__top2,-12.59,-22.3015,-1.7190000000000007
DK2,price_hour_logit,count2022_cool6,process,0.0105,original_M0__top2,-12.3195,-22.016575,-1.4549500000000004
DK2,price_hour_logit,count2022_cool6,process,0.011000000000000001,original_M0__top2,-12.049,-21.731650000000002,-1.1909000000000003
DK2,price_hour_logit,count2022_cool6,process,0.0115,original_M0__top2,-11.778500000000001,-21.446725,-0.926850000000001
DK2,price_hour_logit,count2022_cool6,process,0.012,original_M0__top2,-11.508,-21.1618,-0.6628000000000008
DK2,price_hour_logit,count2022_cool6,process,0.0125,original_M0__top2,-11.2375,-20.876875,-0.3987500000000006
DK2,price_hour_logit,count2022_cool6,process,0.013000000000000001,original_M0__top2,-10.966999999999999,-20.59195,-0.13470000000000043
DK2,price_hour_logit,count2022_cool6,process,0.013500000000000002,original_M0__top2,-10.6965,-20.307025,0.12934999999999977
DK2,price_hour_logit,count2022_cool6,process,0.014,original_M0__top2,-10.426,-20.0221,0.3933999999999991
DK2,price_hour_logit,count2022_cool6,process,0.0145,original_M0__top2,-10.1555,-19.737175,0.6574499999999993
DK2,price_hour_logit,count2022_cool6,process,0.015,original_M0__top2,-9.885,-19.452250000000003,0.9214999999999985
DK2,price_hour_logit,count2022_cool6,process,0.02,original_M0__top2,-7.18,-16.72,3.5619999999999985
DK2,price_hour_logit,count2022_cool6,process,0.03,original_M0__top2,-1.7699999999999996,-11.29125,8.862499999999997
DK2,price_hour_logit,count2022_cool6,process,0.05,original_M0__top2,9.05,-0.5012499999999999,19.8525
DK2,price_hour_logit,count2022_cool6,process,0.1,original_M0__top2,36.1,26.900000000000006,47.4025
DK2,price_hour_logit,count2022_cool6,process,0.2,original_M0__top2,90.2,80.59500000000001,103.0
DK2,price_hour_logit,count2022_cool6,process,0.25,original_M0__top2,117.25,106.99375,131.25
DK2,price_hour_logit,count2022_cool6,process,0.5,original_M0__top2,252.5,236.9875,273.5125
DK2,price_hour_logit,count2022_cool6,process,1.0,original_M0__top2,523.0,494.0,560.025
DK2,price_hour_logit,count2022_cool6,hour,0.0,original_M0__top2,-152.0,-198.0,-128.0
DK2,price_hour_logit,count2022_cool6,hour,0.0005,original_M0__top2,-151.7295,-197.7181875,-127.735725
DK2,price_hour_logit,count2022_cool6,hour,0.001,original_M0__top2,-151.459,-197.436375,-127.47144999999999
DK2,price_hour_logit,count2022_cool6,hour,0.0015,original_M0__top2,-151.1885,-197.1545625,-127.20717499999999
DK2,price_hour_logit,count2022_cool6,hour,0.002,original_M0__top2,-150.918,-196.87275000000002,-126.94290000000001
DK2,price_hour_logit,count2022_cool6,hour,0.0025,original_M0__top2,-150.6475,-196.5909375,-126.67862500000001
DK2,price_hour_logit,count2022_cool6,hour,0.003,original_M0__top2,-150.377,-196.309125,-126.41435
DK2,price_hour_logit,count2022_cool6,hour,0.0035,original_M0__top2,-150.1065,-196.02731250000002,-126.150075
DK2,price_hour_logit,count2022_cool6,hour,0.004,original_M0__top2,-149.836,-195.7455,-125.8858
DK2,price_hour_logit,count2022_cool6,hour,0.0045000000000000005,original_M0__top2,-149.5655,-195.4636875,-125.62152499999999
DK2,price_hour_logit,count2022_cool6,hour,0.005000000000000001,original_M0__top2,-149.295,-195.18187500000002,-125.35725000000001
DK2,price_hour_logit,count2022_cool6,hour,0.0055,original_M0__top2,-149.0245,-194.9000625,-125.09297500000001
DK2,price_hour_logit,count2022_cool6,hour,0.006,original_M0__top2,-148.754,-194.61825000000002,-124.8287
DK2,price_hour_logit,count2022_cool6,hour,0.006500000000000001,original_M0__top2,-148.4835,-194.33643750000002,-124.564425
DK2,price_hour_logit,count2022_cool6,hour,0.007000000000000001,original_M0__top2,-148.213,-194.054625,-124.30015
DK2,price_hour_logit,count2022_cool6,hour,0.0075,original_M0__top2,-147.9425,-193.77281250000001,-124.035875
DK2,price_hour_logit,count2022_cool6,hour,0.008,original_M0__top2,-147.672,-193.49099999999999,-123.7716
DK2,price_hour_logit,count2022_cool6,hour,0.0085,original_M0__top2,-147.4015,-193.20918749999998,-123.50732500000001
DK2,price_hour_logit,count2022_cool6,hour,0.009000000000000001,original_M0__top2,-147.131,-192.927375,-123.24305000000001
DK2,price_hour_logit,count2022_cool6,hour,0.009500000000000001,original_M0__top2,-146.8605,-192.64556249999998,-122.978775
DK2,price_hour_logit,count2022_cool6,hour,0.01,original_M0__top2,-146.59,-192.36375,-122.7145
DK2,price_hour_logit,count2022_cool6,hour,0.0105,original_M0__top2,-146.3195,-192.0819375,-122.450225
DK2,price_hour_logit,count2022_cool6,hour,0.011000000000000001,original_M0__top2,-146.049,-191.80012499999998,-122.18595
DK2,price_hour_logit,count2022_cool6,hour,0.0115,original_M0__top2,-145.7785,-191.5183125,-121.92167500000001
DK2,price_hour_logit,count2022_cool6,hour,0.012,original_M0__top2,-145.508,-191.2365,-121.65740000000001
DK2,price_hour_logit,count2022_cool6,hour,0.0125,original_M0__top2,-145.2375,-190.95468749999998,-121.39312500000001
DK2,price_hour_logit,count2022_cool6,hour,0.013000000000000001,original_M0__top2,-144.967,-190.672875,-121.12885
DK2,price_hour_logit,count2022_cool6,hour,0.013500000000000002,original_M0__top2,-144.6965,-190.3910625,-120.864575
DK2,price_hour_logit,count2022_cool6,hour,0.014,original_M0__top2,-144.426,-190.10925,-120.6003
DK2,price_hour_logit,count2022_cool6,hour,0.0145,original_M0__top2,-144.1555,-189.8274375,-120.336025
DK2,price_hour_logit,count2022_cool6,hour,0.015,original_M0__top2,-143.885,-189.545625,-120.07175000000001
DK2,price_hour_logit,count2022_cool6,hour,0.02,original_M0__top2,-141.18,-186.7275,-117.429
DK2,price_hour_logit,count2022_cool6,hour,0.03,original_M0__top2,-135.77,-181.09125,-112.14550000000001
DK2,price_hour_logit,count2022_cool6,hour,0.05,original_M0__top2,-124.95,-169.81750000000002,-101.29625
DK2,price_hour_logit,count2022_cool6,hour,0.1,original_M0__top2,-97.9,-142.0225,-74.77000000000002
DK2,price_hour_logit,count2022_cool6,hour,0.2,original_M0__top2,-43.8,-87.21499999999999,-19.599999999999994
DK2,price_hour_logit,count2022_cool6,hour,0.25,original_M0__top2,-16.75,-60.75625,8.006249999999994
DK2,price_hour_logit,count2022_cool6,hour,0.5,original_M0__top2,118.5,76.9875,147.0125
DK2,price_hour_logit,count2022_cool6,hour,1.0,original_M0__top2,389.0,343.0,426.0
DK2,price_hour_logit,count2023_cool6,process,0.0,original_M0__top2,-16.0,-26.0,-5.0
DK2,price_hour_logit,count2023_cool6,process,0.0005,original_M0__top2,-15.7895,-25.7830125,-4.7924750000000005
DK2,price_hour_logit,count2023_cool6,process,0.001,original_M0__top2,-15.579,-25.566025,-4.58495
DK2,price_hour_logit,count2023_cool6,process,0.0015,original_M0__top2,-15.3685,-25.3490375,-4.377425
DK2,price_hour_logit,count2023_cool6,process,0.002,original_M0__top2,-15.158,-25.132050000000003,-4.1699
DK2,price_hour_logit,count2023_cool6,process,0.0025,original_M0__top2,-14.9475,-24.915062499999998,-3.962375
DK2,price_hour_logit,count2023_cool6,process,0.003,original_M0__top2,-14.737,-24.698075,-3.7548500000000002
DK2,price_hour_logit,count2023_cool6,process,0.0035,original_M0__top2,-14.5265,-24.4810875,-3.547325
DK2,price_hour_logit,count2023_cool6,process,0.004,original_M0__top2,-14.316,-24.2641,-3.3398
DK2,price_hour_logit,count2023_cool6,process,0.0045000000000000005,original_M0__top2,-14.1055,-24.0471125,-3.132275
DK2,price_hour_logit,count2023_cool6,process,0.005000000000000001,original_M0__top2,-13.895,-23.830125,-2.9247499999999995
DK2,price_hour_logit,count2023_cool6,process,0.0055,original_M0__top2,-13.6845,-23.6131375,-2.7172250000000004
DK2,price_hour_logit,count2023_cool6,process,0.006,original_M0__top2,-13.474,-23.396150000000002,-2.5097
DK2,price_hour_logit,count2023_cool6,process,0.006500000000000001,original_M0__top2,-13.2635,-23.179162499999997,-2.302175
DK2,price_hour_logit,count2023_cool6,process,0.007000000000000001,original_M0__top2,-13.052999999999999,-22.962175,-2.09465
DK2,price_hour_logit,count2023_cool6,process,0.0075,original_M0__top2,-12.842500000000001,-22.7451875,-1.8871250000000006
DK2,price_hour_logit,count2023_cool6,process,0.008,original_M0__top2,-12.632,-22.5282,-1.6796
DK2,price_hour_logit,count2023_cool6,process,0.0085,original_M0__top2,-12.4215,-22.3112125,-1.472075
DK2,price_hour_logit,count2023_cool6,process,0.009000000000000001,original_M0__top2,-12.210999999999999,-22.094225,-1.26455
DK2,price_hour_logit,count2023_cool6,process,0.009500000000000001,original_M0__top2,-12.000499999999999,-21.8772375,-1.0570249999999997
DK2,price_hour_logit,count2023_cool6,process,0.01,original_M0__top2,-11.79,-21.66025,-0.8495000000000001
DK2,price_hour_logit,count2023_cool6,process,0.0105,original_M0__top2,-11.5795,-21.4432625,-0.6419750000000005
DK2,price_hour_logit,count2023_cool6,process,0.011000000000000001,original_M0__top2,-11.369,-21.226274999999998,-0.4344500000000001
DK2,price_hour_logit,count2023_cool6,process,0.0115,original_M0__top2,-11.1585,-21.0092875,-0.22692500000000057
DK2,price_hour_logit,count2023_cool6,process,0.012,original_M0__top2,-10.948,-20.7923,-0.01940000000000012
DK2,price_hour_logit,count2023_cool6,process,0.0125,original_M0__top2,-10.7375,-20.5753125,0.18812499999999943
DK2,price_hour_logit,count2023_cool6,process,0.013000000000000001,original_M0__top2,-10.527,-20.358325,0.3956499999999999
DK2,price_hour_logit,count2023_cool6,process,0.013500000000000002,original_M0__top2,-10.3165,-20.1413375,0.6031750000000003
DK2,price_hour_logit,count2023_cool6,process,0.014,original_M0__top2,-10.106,-19.92435,0.8106999999999999
DK2,price_hour_logit,count2023_cool6,process,0.0145,original_M0__top2,-9.895499999999998,-19.707362500000002,1.0182249999999995
DK2,price_hour_logit,count2023_cool6,process,0.015,original_M0__top2,-9.685,-19.490375,1.225749999999999
DK2,price_hour_logit,count2023_cool6,process,0.02,original_M0__top2,-7.58,-17.3205,3.3009999999999997
DK2,price_hour_logit,count2023_cool6,process,0.03,original_M0__top2,-3.370000000000001,-12.98075,7.451499999999998
DK2,price_hour_logit,count2023_cool6,process,0.05,original_M0__top2,5.050000000000001,-4.352499999999997,15.752499999999998
DK2,price_hour_logit,count2023_cool6,process,0.1,original_M0__top2,26.1,16.797500000000003,36.504999999999995
DK2,price_hour_logit,count2023_cool6,process,0.2,original_M0__top2,68.2,58.79500000000001,79.2
DK2,price_hour_logit,count2023_cool6,process,0.25,original_M0__top2,89.25,79.49375,100.75
DK2,price_hour_logit,count2023_cool6,process,0.5,original_M0__top2,194.5,182.4875,208.0125
DK2,price_hour_logit,count2023_cool6,process,1.0,original_M0__top2,405.0,386.0,425.025
DK2,price_hour_logit,count2023_cool6,hour,0.0,original_M0__top2,-139.0,-183.0,-112.0
DK2,price_hour_logit,count2023_cool6,hour,0.0005,original_M0__top2,-138.7895,-182.781,-111.7893375
DK2,price_hour_logit,count2023_cool6,hour,0.001,original_M0__top2,-138.579,-182.562,-111.57867499999999
DK2,price_hour_logit,count2023_cool6,hour,0.0015,original_M0__top2,-138.3685,-182.343,-111.36801249999999
DK2,price_hour_logit,count2023_cool6,hour,0.002,original_M0__top2,-138.158,-182.124,-111.15735000000001
DK2,price_hour_logit,count2023_cool6,hour,0.0025,original_M0__top2,-137.9475,-181.905,-110.94668750000001
DK2,price_hour_logit,count2023_cool6,hour,0.003,original_M0__top2,-137.737,-181.686,-110.736025
DK2,price_hour_logit,count2023_cool6,hour,0.0035,original_M0__top2,-137.5265,-181.467,-110.5253625
DK2,price_hour_logit,count2023_cool6,hour,0.004,original_M0__top2,-137.316,-181.248,-110.3147
DK2,price_hour_logit,count2023_cool6,hour,0.0045000000000000005,original_M0__top2,-137.1055,-181.029,-110.1040375
DK2,price_hour_logit,count2023_cool6,hour,0.005000000000000001,original_M0__top2,-136.895,-180.81,-109.89337499999999
DK2,price_hour_logit,count2023_cool6,hour,0.0055,original_M0__top2,-136.6845,-180.591,-109.68271250000001
DK2,price_hour_logit,count2023_cool6,hour,0.006,original_M0__top2,-136.474,-180.372,-109.47205000000001
DK2,price_hour_logit,count2023_cool6,hour,0.006500000000000001,original_M0__top2,-136.2635,-180.153,-109.2613875
DK2,price_hour_logit,count2023_cool6,hour,0.007000000000000001,original_M0__top2,-136.053,-179.934,-109.050725
DK2,price_hour_logit,count2023_cool6,hour,0.0075,original_M0__top2,-135.8425,-179.715,-108.8400625
DK2,price_hour_logit,count2023_cool6,hour,0.008,original_M0__top2,-135.632,-179.496,-108.6294
DK2,price_hour_logit,count2023_cool6,hour,0.0085,original_M0__top2,-135.4215,-179.277,-108.41873749999999
DK2,price_hour_logit,count2023_cool6,hour,0.009000000000000001,original_M0__top2,-135.211,-179.058,-108.20807500000001
DK2,price_hour_logit,count2023_cool6,hour,0.009500000000000001,original_M0__top2,-135.0005,-178.839,-107.99741250000001
DK2,price_hour_logit,count2023_cool6,hour,0.01,original_M0__top2,-134.79,-178.62,-107.78675000000001
DK2,price_hour_logit,count2023_cool6,hour,0.0105,original_M0__top2,-134.5795,-178.401,-107.5760875
DK2,price_hour_logit,count2023_cool6,hour,0.011000000000000001,original_M0__top2,-134.369,-178.182,-107.365425
DK2,price_hour_logit,count2023_cool6,hour,0.0115,original_M0__top2,-134.1585,-177.963,-107.1547625
DK2,price_hour_logit,count2023_cool6,hour,0.012,original_M0__top2,-133.948,-177.744,-106.94409999999999
DK2,price_hour_logit,count2023_cool6,hour,0.0125,original_M0__top2,-133.7375,-177.525,-106.73343750000001
DK2,price_hour_logit,count2023_cool6,hour,0.013000000000000001,original_M0__top2,-133.527,-177.306,-106.52277500000001
DK2,price_hour_logit,count2023_cool6,hour,0.013500000000000002,original_M0__top2,-133.3165,-177.087,-106.31211250000001
DK2,price_hour_logit,count2023_cool6,hour,0.014,original_M0__top2,-133.106,-176.868,-106.10145
DK2,price_hour_logit,count2023_cool6,hour,0.0145,original_M0__top2,-132.8955,-176.649,-105.8907875
DK2,price_hour_logit,count2023_cool6,hour,0.015,original_M0__top2,-132.685,-176.43,-105.680125
DK2,price_hour_logit,count2023_cool6,hour,0.02,original_M0__top2,-130.58,-174.24,-103.57350000000001
DK2,price_hour_logit,count2023_cool6,hour,0.03,original_M0__top2,-126.37,-169.86,-99.36025000000001
DK2,price_hour_logit,count2023_cool6,hour,0.05,original_M0__top2,-117.95,-161.10125,-90.94625
DK2,price_hour_logit,count2023_cool6,hour,0.1,original_M0__top2,-96.9,-139.4025,-70.58500000000001
DK2,price_hour_logit,count2023_cool6,hour,0.2,original_M0__top2,-54.8,-97.80499999999999,-28.970000000000027
DK2,price_hour_logit,count2023_cool6,hour,0.25,original_M0__top2,-33.75,-76.75625,-8.45625000000004
DK2,price_hour_logit,count2023_cool6,hour,0.5,original_M0__top2,71.5,27.9875,99.01249999999999
DK2,price_hour_logit,count2023_cool6,hour,1.0,original_M0__top2,282.0,236.0,310.025
DK2,combined_early_logit,top1,process,0.0,original_M0__top2,-10.0,-17.0,0.0
DK2,combined_early_logit,top1,process,0.0005,original_M0__top2,-9.6375,-16.639,0.363
DK2,combined_early_logit,top1,process,0.001,original_M0__top2,-9.275,-16.278,0.726
DK2,combined_early_logit,top1,process,0.0015,original_M0__top2,-8.9125,-15.917,1.089
DK2,combined_early_logit,top1,process,0.002,original_M0__top2,-8.55,-15.556000000000001,1.452
DK2,combined_early_logit,top1,process,0.0025,original_M0__top2,-8.1875,-15.195,1.815
DK2,combined_early_logit,top1,process,0.003,original_M0__top2,-7.824999999999999,-14.834,2.178
DK2,combined_early_logit,top1,process,0.0035,original_M0__top2,-7.4625,-14.472999999999999,2.541
DK2,combined_early_logit,top1,process,0.004,original_M0__top2,-7.1,-14.112,2.904
DK2,combined_early_logit,top1,process,0.0045000000000000005,original_M0__top2,-6.7375,-13.751,3.2670000000000003
DK2,combined_early_logit,top1,process,0.005000000000000001,original_M0__top2,-6.374999999999999,-13.389999999999999,3.630000000000001
DK2,combined_early_logit,top1,process,0.0055,original_M0__top2,-6.0125,-13.029,3.993
DK2,combined_early_logit,top1,process,0.006,original_M0__top2,-5.6499999999999995,-12.668,4.356
DK2,combined_early_logit,top1,process,0.006500000000000001,original_M0__top2,-5.2875,-12.306999999999999,4.719
DK2,combined_early_logit,top1,process,0.007000000000000001,original_M0__top2,-4.924999999999999,-11.945999999999998,5.082000000000001
DK2,combined_early_logit,top1,process,0.0075,original_M0__top2,-4.5625,-11.585,5.444999999999999
DK2,combined_early_logit,top1,process,0.008,original_M0__top2,-4.2,-11.224,5.808
DK2,combined_early_logit,top1,process,0.0085,original_M0__top2,-3.8374999999999995,-10.863,6.171
DK2,combined_early_logit,top1,process,0.009000000000000001,original_M0__top2,-3.4749999999999996,-10.501999999999999,6.534000000000001
DK2,combined_early_logit,top1,process,0.009500000000000001,original_M0__top2,-3.112499999999999,-10.140999999999998,6.897000000000001
DK2,combined_early_logit,top1,process,0.01,original_M0__top2,-2.75,-9.780000000000001,7.26
DK2,combined_early_logit,top1,process,0.0105,original_M0__top2,-2.3874999999999993,-9.419,7.623
DK2,combined_early_logit,top1,process,0.011000000000000001,original_M0__top2,-2.0249999999999995,-9.058,7.986000000000001
DK2,combined_early_logit,top1,process,0.0115,original_M0__top2,-1.6624999999999996,-8.697000000000001,8.349
DK2,combined_early_logit,top1,process,0.012,original_M0__top2,-1.299999999999999,-8.336,8.712
DK2,combined_early_logit,top1,process,0.0125,original_M0__top2,-0.9375,-7.975,9.075000000000001
DK2,combined_early_logit,top1,process,0.013000000000000001,original_M0__top2,-0.5749999999999993,-7.613999999999999,9.438
DK2,combined_early_logit,top1,process,0.013500000000000002,original_M0__top2,-0.21249999999999858,-7.252999999999998,9.801000000000002
DK2,combined_early_logit,top1,process,0.014,original_M0__top2,0.15000000000000036,-6.8919999999999995,10.164
DK2,combined_early_logit,top1,process,0.0145,original_M0__top2,0.5125000000000011,-6.530999999999999,10.527000000000001
DK2,combined_early_logit,top1,process,0.015,original_M0__top2,0.875,-6.17,10.889999999999999
DK2,combined_early_logit,top1,process,0.02,original_M0__top2,4.5,-2.5600000000000005,14.52
DK2,combined_early_logit,top1,process,0.03,original_M0__top2,11.75,4.66,21.779999999999998
DK2,combined_early_logit,top1,process,0.05,original_M0__top2,26.25,19.1,36.300000000000004
DK2,combined_early_logit,top1,process,0.1,original_M0__top2,62.5,55.2,72.60000000000001
DK2,combined_early_logit,top1,process,0.2,original_M0__top2,135.0,127.4,145.0
DK2,combined_early_logit,top1,process,0.25,original_M0__top2,171.25,163.5,181.0
DK2,combined_early_logit,top1,process,0.5,original_M0__top2,352.5,344.0,362.0125
DK2,combined_early_logit,top1,process,1.0,original_M0__top2,715.0,705.0,725.0
DK2,combined_early_logit,top1,hour,0.0,original_M0__top2,-156.0,-196.025,-130.0
DK2,combined_early_logit,top1,hour,0.0005,original_M0__top2,-155.6375,-195.66493749999998,-129.6379875
DK2,combined_early_logit,top1,hour,0.001,original_M0__top2,-155.275,-195.304875,-129.27597500000002
DK2,combined_early_logit,top1,hour,0.0015,original_M0__top2,-154.9125,-194.94481249999998,-128.9139625
DK2,combined_early_logit,top1,hour,0.002,original_M0__top2,-154.55,-194.58475,-128.55195
DK2,combined_early_logit,top1,hour,0.0025,original_M0__top2,-154.1875,-194.2246875,-128.18993749999998
DK2,combined_early_logit,top1,hour,0.003,original_M0__top2,-153.825,-193.864625,-127.82792500000001
DK2,combined_early_logit,top1,hour,0.0035,original_M0__top2,-153.4625,-193.5045625,-127.46591249999999
DK2,combined_early_logit,top1,hour,0.004,original_M0__top2,-153.1,-193.1445,-127.1039
DK2,combined_early_logit,top1,hour,0.0045000000000000005,original_M0__top2,-152.7375,-192.7844375,-126.7418875
DK2,combined_early_logit,top1,hour,0.005000000000000001,original_M0__top2,-152.375,-192.424375,-126.379875
DK2,combined_early_logit,top1,hour,0.0055,original_M0__top2,-152.0125,-192.0643125,-126.0178625
DK2,combined_early_logit,top1,hour,0.006,original_M0__top2,-151.65,-191.70425,-125.65585
DK2,combined_early_logit,top1,hour,0.006500000000000001,original_M0__top2,-151.2875,-191.3441875,-125.2938375
DK2,combined_early_logit,top1,hour,0.007000000000000001,original_M0__top2,-150.925,-190.984125,-124.931825
DK2,combined_early_logit,top1,hour,0.0075,original_M0__top2,-150.5625,-190.62406249999998,-124.5698125
DK2,combined_early_logit,top1,hour,0.008,original_M0__top2,-150.2,-190.264,-124.20779999999999
DK2,combined_early_logit,top1,hour,0.0085,original_M0__top2,-149.8375,-189.90393749999998,-123.8457875
DK2,combined_early_logit,top1,hour,0.009000000000000001,original_M0__top2,-149.475,-189.543875,-123.483775
DK2,combined_early_logit,top1,hour,0.009500000000000001,original_M0__top2,-149.1125,-189.1838125,-123.1217625
DK2,combined_early_logit,top1,hour,0.01,original_M0__top2,-148.75,-188.82375000000002,-122.75975000000001
DK2,combined_early_logit,top1,hour,0.0105,original_M0__top2,-148.3875,-188.4636875,-122.39773749999999
DK2,combined_early_logit,top1,hour,0.011000000000000001,original_M0__top2,-148.025,-188.10362500000002,-122.035725
DK2,combined_early_logit,top1,hour,0.0115,original_M0__top2,-147.6625,-187.7435625,-121.67371250000001
DK2,combined_early_logit,top1,hour,0.012,original_M0__top2,-147.3,-187.38350000000003,-121.3117
DK2,combined_early_logit,top1,hour,0.0125,original_M0__top2,-146.9375,-187.0234375,-120.9496875
DK2,combined_early_logit,top1,hour,0.013000000000000001,original_M0__top2,-146.575,-186.66337499999997,-120.58767499999999
DK2,combined_early_logit,top1,hour,0.013500000000000002,original_M0__top2,-146.2125,-186.3033125,-120.2256625
DK2,combined_early_logit,top1,hour,0.014,original_M0__top2,-145.85,-185.94324999999998,-119.86365
DK2,combined_early_logit,top1,hour,0.0145,original_M0__top2,-145.4875,-185.5831875,-119.5016375
DK2,combined_early_logit,top1,hour,0.015,original_M0__top2,-145.125,-185.22312499999998,-119.139625
DK2,combined_early_logit,top1,hour,0.02,original_M0__top2,-141.5,-181.6225,-115.5195
DK2,combined_early_logit,top1,hour,0.03,original_M0__top2,-134.25,-174.42125000000001,-108.27925
DK2,combined_early_logit,top1,hour,0.05,original_M0__top2,-119.75,-160.01875,-93.79875
DK2,combined_early_logit,top1,hour,0.1,original_M0__top2,-83.5,-124.0125,-57.5975
DK2,combined_early_logit,top1,hour,0.2,original_M0__top2,-11.0,-52.0,14.805000000000007
DK2,combined_early_logit,top1,hour,0.25,original_M0__top2,25.25,-15.75625,51.006249999999994
DK2,combined_early_logit,top1,hour,0.5,original_M0__top2,206.5,164.9875,232.0125
DK2,combined_early_logit,top1,hour,1.0,original_M0__top2,569.0,526.0,595.0
DK2,combined_early_logit,top2,process,0.0,original_M0__top2,4.0,-3.0,13.0
DK2,combined_early_logit,top2,process,0.0005,original_M0__top2,4.0,-3.0,13.0
DK2,combined_early_logit,top2,process,0.001,original_M0__top2,4.0,-3.0,13.0
DK2,combined_early_logit,top2,process,0.0015,original_M0__top2,4.0,-3.0,13.0
DK2,combined_early_logit,top2,process,0.002,original_M0__top2,4.0,-3.0,13.0
DK2,combined_early_logit,top2,process,0.0025,original_M0__top2,4.0,-3.0,13.0
DK2,combined_early_logit,top2,process,0.003,original_M0__top2,4.0,-3.0,13.0
DK2,combined_early_logit,top2,process,0.0035,original_M0__top2,4.0,-3.0,13.0
DK2,combined_early_logit,top2,process,0.004,original_M0__top2,4.0,-3.0,13.0
DK2,combined_early_logit,top2,process,0.0045000000000000005,original_M0__top2,4.0,-3.0,13.0
DK2,combined_early_logit,top2,process,0.005000000000000001,original_M0__top2,4.0,-3.0,13.0
DK2,combined_early_logit,top2,process,0.0055,original_M0__top2,4.0,-3.0,13.0
DK2,combined_early_logit,top2,process,0.006,original_M0__top2,4.0,-3.0,13.0
DK2,combined_early_logit,top2,process,0.006500000000000001,original_M0__top2,4.0,-3.0,13.0
DK2,combined_early_logit,top2,process,0.007000000000000001,original_M0__top2,4.0,-3.0,13.0
DK2,combined_early_logit,top2,process,0.0075,original_M0__top2,4.0,-3.0,13.0
DK2,combined_early_logit,top2,process,0.008,original_M0__top2,4.0,-3.0,13.0
DK2,combined_early_logit,top2,process,0.0085,original_M0__top2,4.0,-3.0,13.0
DK2,combined_early_logit,top2,process,0.009000000000000001,original_M0__top2,4.0,-3.0,13.0
DK2,combined_early_logit,top2,process,0.009500000000000001,original_M0__top2,4.0,-3.0,13.0
DK2,combined_early_logit,top2,process,0.01,original_M0__top2,4.0,-3.0,13.0
DK2,combined_early_logit,top2,process,0.0105,original_M0__top2,4.0,-3.0,13.0
DK2,combined_early_logit,top2,process,0.011000000000000001,original_M0__top2,4.0,-3.0,13.0
DK2,combined_early_logit,top2,process,0.0115,original_M0__top2,4.0,-3.0,13.0
DK2,combined_early_logit,top2,process,0.012,original_M0__top2,4.0,-3.0,13.0
DK2,combined_early_logit,top2,process,0.0125,original_M0__top2,4.0,-3.0,13.0
DK2,combined_early_logit,top2,process,0.013000000000000001,original_M0__top2,4.0,-3.0,13.0
DK2,combined_early_logit,top2,process,0.013500000000000002,original_M0__top2,4.0,-3.0,13.0
DK2,combined_early_logit,top2,process,0.014,original_M0__top2,4.0,-3.0,13.0
DK2,combined_early_logit,top2,process,0.0145,original_M0__top2,4.0,-3.0,13.0
DK2,combined_early_logit,top2,process,0.015,original_M0__top2,4.0,-3.0,13.0
DK2,combined_early_logit,top2,process,0.02,original_M0__top2,4.0,-3.0,13.0
DK2,combined_early_logit,top2,process,0.03,original_M0__top2,4.0,-3.0,13.0
DK2,combined_early_logit,top2,process,0.05,original_M0__top2,4.0,-3.0,13.0
DK2,combined_early_logit,top2,process,0.1,original_M0__top2,4.0,-3.0,13.0
DK2,combined_early_logit,top2,process,0.2,original_M0__top2,4.0,-3.0,13.0
DK2,combined_early_logit,top2,process,0.25,original_M0__top2,4.0,-3.0,13.0
DK2,combined_early_logit,top2,process,0.5,original_M0__top2,4.0,-3.0,13.0
DK2,combined_early_logit,top2,process,1.0,original_M0__top2,4.0,-3.0,13.0
DK2,combined_early_logit,top2,hour,0.0,original_M0__top2,1.0,-25.0,24.024999999999977
DK2,combined_early_logit,top2,hour,0.0005,original_M0__top2,1.0,-25.0,24.024999999999977
DK2,combined_early_logit,top2,hour,0.001,original_M0__top2,1.0,-25.0,24.024999999999977
DK2,combined_early_logit,top2,hour,0.0015,original_M0__top2,1.0,-25.0,24.024999999999977
DK2,combined_early_logit,top2,hour,0.002,original_M0__top2,1.0,-25.0,24.024999999999977
DK2,combined_early_logit,top2,hour,0.0025,original_M0__top2,1.0,-25.0,24.024999999999977
DK2,combined_early_logit,top2,hour,0.003,original_M0__top2,1.0,-25.0,24.024999999999977
DK2,combined_early_logit,top2,hour,0.0035,original_M0__top2,1.0,-25.0,24.024999999999977
DK2,combined_early_logit,top2,hour,0.004,original_M0__top2,1.0,-25.0,24.024999999999977
DK2,combined_early_logit,top2,hour,0.0045000000000000005,original_M0__top2,1.0,-25.0,24.024999999999977
DK2,combined_early_logit,top2,hour,0.005000000000000001,original_M0__top2,1.0,-25.0,24.024999999999977
DK2,combined_early_logit,top2,hour,0.0055,original_M0__top2,1.0,-25.0,24.024999999999977
DK2,combined_early_logit,top2,hour,0.006,original_M0__top2,1.0,-25.0,24.024999999999977
DK2,combined_early_logit,top2,hour,0.006500000000000001,original_M0__top2,1.0,-25.0,24.024999999999977
DK2,combined_early_logit,top2,hour,0.007000000000000001,original_M0__top2,1.0,-25.0,24.024999999999977
DK2,combined_early_logit,top2,hour,0.0075,original_M0__top2,1.0,-25.0,24.024999999999977
DK2,combined_early_logit,top2,hour,0.008,original_M0__top2,1.0,-25.0,24.024999999999977
DK2,combined_early_logit,top2,hour,0.0085,original_M0__top2,1.0,-25.0,24.024999999999977
DK2,combined_early_logit,top2,hour,0.009000000000000001,original_M0__top2,1.0,-25.0,24.024999999999977
DK2,combined_early_logit,top2,hour,0.009500000000000001,original_M0__top2,1.0,-25.0,24.024999999999977
DK2,combined_early_logit,top2,hour,0.01,original_M0__top2,1.0,-25.0,24.024999999999977
DK2,combined_early_logit,top2,hour,0.0105,original_M0__top2,1.0,-25.0,24.024999999999977
DK2,combined_early_logit,top2,hour,0.011000000000000001,original_M0__top2,1.0,-25.0,24.024999999999977
DK2,combined_early_logit,top2,hour,0.0115,original_M0__top2,1.0,-25.0,24.024999999999977
DK2,combined_early_logit,top2,hour,0.012,original_M0__top2,1.0,-25.0,24.024999999999977
DK2,combined_early_logit,top2,hour,0.0125,original_M0__top2,1.0,-25.0,24.024999999999977
DK2,combined_early_logit,top2,hour,0.013000000000000001,original_M0__top2,1.0,-25.0,24.024999999999977
DK2,combined_early_logit,top2,hour,0.013500000000000002,original_M0__top2,1.0,-25.0,24.024999999999977
DK2,combined_early_logit,top2,hour,0.014,original_M0__top2,1.0,-25.0,24.024999999999977
DK2,combined_early_logit,top2,hour,0.0145,original_M0__top2,1.0,-25.0,24.024999999999977
DK2,combined_early_logit,top2,hour,0.015,original_M0__top2,1.0,-25.0,24.024999999999977
DK2,combined_early_logit,top2,hour,0.02,original_M0__top2,1.0,-25.0,24.024999999999977
DK2,combined_early_logit,top2,hour,0.03,original_M0__top2,1.0,-25.0,24.024999999999977
DK2,combined_early_logit,top2,hour,0.05,original_M0__top2,1.0,-25.0,24.024999999999977
DK2,combined_early_logit,top2,hour,0.1,original_M0__top2,1.0,-25.0,24.024999999999977
DK2,combined_early_logit,top2,hour,0.2,original_M0__top2,1.0,-25.0,24.024999999999977
DK2,combined_early_logit,top2,hour,0.25,original_M0__top2,1.0,-25.0,24.024999999999977
DK2,combined_early_logit,top2,hour,0.5,original_M0__top2,1.0,-25.0,24.024999999999977
DK2,combined_early_logit,top2,hour,1.0,original_M0__top2,1.0,-25.0,24.024999999999977
DK2,combined_early_logit,count2022_target05,process,0.0,original_M0__top2,-1.0,-8.024999999999999,8.024999999999977
DK2,combined_early_logit,count2022_target05,process,0.0005,original_M0__top2,-0.588,-7.647624999999999,8.456812499999979
DK2,combined_early_logit,count2022_target05,process,0.001,original_M0__top2,-0.17599999999999993,-7.270249999999999,8.88862499999998
DK2,combined_early_logit,count2022_target05,process,0.0015,original_M0__top2,0.236,-6.892874999999998,9.32043749999998
DK2,combined_early_logit,count2022_target05,process,0.002,original_M0__top2,0.6480000000000001,-6.515499999999999,9.75224999999998
DK2,combined_early_logit,count2022_target05,process,0.0025,original_M0__top2,1.06,-6.138124999999999,10.184062499999982
DK2,combined_early_logit,count2022_target05,process,0.003,original_M0__top2,1.472,-5.760749999999999,10.615874999999983
DK2,combined_early_logit,count2022_target05,process,0.0035,original_M0__top2,1.884,-5.383374999999999,11.047687499999986
DK2,combined_early_logit,count2022_target05,process,0.004,original_M0__top2,2.2960000000000003,-5.005999999999999,11.479499999999986
DK2,combined_early_logit,count2022_target05,process,0.0045000000000000005,original_M0__top2,2.7080000000000006,-4.628624999999999,11.911312499999987
DK2,combined_early_logit,count2022_target05,process,0.005000000000000001,original_M0__top2,3.120000000000001,-4.251249999999999,12.34312499999999
DK2,combined_early_logit,count2022_target05,process,0.0055,original_M0__top2,3.532,-3.8738749999999995,12.77493749999999
DK2,combined_early_logit,count2022_target05,process,0.006,original_M0__top2,3.944,-3.4964999999999993,13.20674999999999
DK2,combined_early_logit,count2022_target05,process,0.006500000000000001,original_M0__top2,4.356000000000001,-3.1191249999999986,13.638562499999992
DK2,combined_early_logit,count2022_target05,process,0.007000000000000001,original_M0__top2,4.768000000000001,-2.7417499999999984,14.070374999999993
DK2,combined_early_logit,count2022_target05,process,0.0075,original_M0__top2,5.18,-2.364375,14.502187499999994
DK2,combined_early_logit,count2022_target05,process,0.008,original_M0__top2,5.5920000000000005,-1.9869999999999999,14.933999999999996
DK2,combined_early_logit,count2022_target05,process,0.0085,original_M0__top2,6.0040000000000004,-1.6096249999999996,15.365812499999997
DK2,combined_early_logit,count2022_target05,process,0.009000000000000001,original_M0__top2,6.416000000000001,-1.2322499999999994,15.797624999999996
DK2,combined_early_logit,count2022_target05,process,0.009500000000000001,original_M0__top2,6.828000000000001,-0.8121249999999981,16.229437500000003
DK2,combined_early_logit,count2022_target05,process,0.01,original_M0__top2,7.24,-0.41175,16.66125
DK2,combined_early_logit,count2022_target05,process,0.0105,original_M0__top2,7.652000000000001,-0.032337499999998985,17.0930625
DK2,combined_early_logit,count2022_target05,process,0.011000000000000001,original_M0__top2,8.064,0.34792500000000026,17.482125
DK2,combined_early_logit,count2022_target05,process,0.0115,original_M0__top2,8.475999999999999,0.7289874999999992,17.8688125
DK2,combined_early_logit,count2022_target05,process,0.012,original_M0__top2,8.888,1.1509000000000011,18.255499999999998
DK2,combined_early_logit,count2022_target05,process,0.0125,original_M0__top2,9.3,1.5728125000000013,18.654374999999995
DK2,combined_early_logit,count2022_target05,process,0.013000000000000001,original_M0__top2,9.712000000000002,1.9957250000000013,19.080549999999995
DK2,combined_early_logit,count2022_target05,process,0.013500000000000002,original_M0__top2,10.124,2.4186375000000013,19.506725
DK2,combined_early_logit,count2022_target05,process,0.014,original_M0__top2,10.536,2.84155,19.932899999999997
DK2,combined_early_logit,count2022_target05,process,0.0145,original_M0__top2,10.948,3.2644625000000014,20.359062499999993
DK2,combined_early_logit,count2022_target05,process,0.015,original_M0__top2,11.36,3.687375,20.784374999999997
DK2,combined_early_logit,count2022_target05,process,0.02,original_M0__top2,15.48,7.858000000000001,24.862
DK2,combined_early_logit,count2022_target05,process,0.03,original_M0__top2,23.72,15.989249999999998,32.97175
DK2,combined_early_logit,count2022_target05,process,0.05,original_M0__top2,40.2,32.150000000000006,49.300000000000004
DK2,combined_early_logit,count2022_target05,process,0.1,original_M0__top2,81.4,72.4975,91.10000000000001
DK2,combined_early_logit,count2022_target05,process,0.2,original_M0__top2,163.8,151.19500000000002,175.4
DK2,combined_early_logit,count2022_target05,process,0.25,original_M0__top2,205.0,190.0,218.25625
DK2,combined_early_logit,count2022_target05,process,0.5,original_M0__top2,411.0,381.5,433.5125
DK2,combined_early_logit,count2022_target05,process,1.0,original_M0__top2,823.0,762.975,868.025
DK2,combined_early_logit,count2022_target05,hour,0.0,original_M0__top2,-15.0,-46.025,10.0
DK2,combined_early_logit,count2022_target05,hour,0.0005,original_M0__top2,-14.588,-45.625575,10.3980125
DK2,combined_early_logit,count2022_target05,hour,0.001,original_M0__top2,-14.176,-45.22615,10.796025
DK2,combined_early_logit,count2022_target05,hour,0.0015,original_M0__top2,-13.764,-44.826724999999996,11.194037499999999
DK2,combined_early_logit,count2022_target05,hour,0.002,original_M0__top2,-13.352,-44.427299999999995,11.59205
DK2,combined_early_logit,count2022_target05,hour,0.0025,original_M0__top2,-12.94,-44.027875,11.9900625
DK2,combined_early_logit,count2022_target05,hour,0.003,original_M0__top2,-12.528,-43.62845,12.388075
DK2,combined_early_logit,count2022_target05,hour,0.0035,original_M0__top2,-12.116,-43.229025,12.786087499999999
DK2,combined_early_logit,count2022_target05,hour,0.004,original_M0__top2,-11.704,-42.8296,13.1841
DK2,combined_early_logit,count2022_target05,hour,0.0045000000000000005,original_M0__top2,-11.292,-42.430175,13.582112500000001
DK2,combined_early_logit,count2022_target05,hour,0.005000000000000001,original_M0__top2,-10.879999999999999,-42.03075,13.980125000000001
DK2,combined_early_logit,count2022_target05,hour,0.0055,original_M0__top2,-10.468,-41.631325000000004,14.3781375
DK2,combined_early_logit,count2022_target05,hour,0.006,original_M0__top2,-10.056000000000001,-41.2319,14.77615
DK2,combined_early_logit,count2022_target05,hour,0.006500000000000001,original_M0__top2,-9.643999999999998,-40.832475,15.1741625
DK2,combined_early_logit,count2022_target05,hour,0.007000000000000001,original_M0__top2,-9.232,-40.43305,15.572175000000001
DK2,combined_early_logit,count2022_target05,hour,0.0075,original_M0__top2,-8.82,-40.033625,15.970187499999998
DK2,combined_early_logit,count2022_target05,hour,0.008,original_M0__top2,-8.408,-39.6342,16.3682
DK2,combined_early_logit,count2022_target05,hour,0.0085,original_M0__top2,-7.9959999999999996,-39.234775,16.7662125
DK2,combined_early_logit,count2022_target05,hour,0.009000000000000001,original_M0__top2,-7.583999999999999,-38.83535,17.164225000000002
DK2,combined_early_logit,count2022_target05,hour,0.009500000000000001,original_M0__top2,-7.171999999999999,-38.435925,17.562237500000002
DK2,combined_early_logit,count2022_target05,hour,0.01,original_M0__top2,-6.76,-38.0365,17.960250000000002
DK2,combined_early_logit,count2022_target05,hour,0.0105,original_M0__top2,-6.347999999999999,-37.637074999999996,18.3582625
DK2,combined_early_logit,count2022_target05,hour,0.011000000000000001,original_M0__top2,-5.936,-37.23765,18.756275
DK2,combined_early_logit,count2022_target05,hour,0.0115,original_M0__top2,-5.524000000000001,-36.838225,19.1542875
DK2,combined_early_logit,count2022_target05,hour,0.012,original_M0__top2,-5.112,-36.4388,19.5523
DK2,combined_early_logit,count2022_target05,hour,0.0125,original_M0__top2,-4.699999999999999,-36.039375,19.950312500000003
DK2,combined_early_logit,count2022_target05,hour,0.013000000000000001,original_M0__top2,-4.2879999999999985,-35.63995,20.348325
DK2,combined_early_logit,count2022_target05,hour,0.013500000000000002,original_M0__top2,-3.8759999999999994,-35.240525,20.746337500000003
DK2,combined_early_logit,count2022_target05,hour,0.014,original_M0__top2,-3.4640000000000004,-34.841100000000004,21.14435
DK2,combined_early_logit,count2022_target05,hour,0.0145,original_M0__top2,-3.0519999999999996,-34.441675000000004,21.542362500000003
DK2,combined_early_logit,count2022_target05,hour,0.015,original_M0__top2,-2.6400000000000006,-34.04225,21.940374999999996
DK2,combined_early_logit,count2022_target05,hour,0.02,original_M0__top2,1.4800000000000004,-30.048,25.9605
DK2,combined_early_logit,count2022_target05,hour,0.03,original_M0__top2,9.719999999999999,-22.040499999999998,34.1205
DK2,combined_early_logit,count2022_target05,hour,0.05,original_M0__top2,26.200000000000003,-6.051249999999997,50.266249999999985
DK2,combined_early_logit,count2022_target05,hour,0.1,original_M0__top2,67.4,33.80000000000001,91.6025
DK2,combined_early_logit,count2022_target05,hour,0.2,original_M0__top2,149.8,113.59500000000003,174.0
DK2,combined_early_logit,count2022_target05,hour,0.25,original_M0__top2,191.0,154.5,215.77499999999998
DK2,combined_early_logit,count2022_target05,hour,0.5,original_M0__top2,397.0,351.0,427.0125
DK2,combined_early_logit,count2022_target05,hour,1.0,original_M0__top2,809.0,738.975,856.0
DK2,combined_early_logit,count2023_target05,process,0.0,original_M0__top2,-1.0,-8.024999999999999,8.024999999999977
DK2,combined_early_logit,count2023_target05,process,0.0005,original_M0__top2,-0.588,-7.647624999999999,8.456812499999979
DK2,combined_early_logit,count2023_target05,process,0.001,original_M0__top2,-0.17599999999999993,-7.270249999999999,8.88862499999998
DK2,combined_early_logit,count2023_target05,process,0.0015,original_M0__top2,0.236,-6.892874999999998,9.32043749999998
DK2,combined_early_logit,count2023_target05,process,0.002,original_M0__top2,0.6480000000000001,-6.515499999999999,9.75224999999998
DK2,combined_early_logit,count2023_target05,process,0.0025,original_M0__top2,1.06,-6.138124999999999,10.184062499999982
DK2,combined_early_logit,count2023_target05,process,0.003,original_M0__top2,1.472,-5.760749999999999,10.615874999999983
DK2,combined_early_logit,count2023_target05,process,0.0035,original_M0__top2,1.884,-5.383374999999999,11.047687499999986
DK2,combined_early_logit,count2023_target05,process,0.004,original_M0__top2,2.2960000000000003,-5.005999999999999,11.479499999999986
DK2,combined_early_logit,count2023_target05,process,0.0045000000000000005,original_M0__top2,2.7080000000000006,-4.628624999999999,11.911312499999987
DK2,combined_early_logit,count2023_target05,process,0.005000000000000001,original_M0__top2,3.120000000000001,-4.251249999999999,12.34312499999999
DK2,combined_early_logit,count2023_target05,process,0.0055,original_M0__top2,3.532,-3.8738749999999995,12.77493749999999
DK2,combined_early_logit,count2023_target05,process,0.006,original_M0__top2,3.944,-3.4964999999999993,13.20674999999999
DK2,combined_early_logit,count2023_target05,process,0.006500000000000001,original_M0__top2,4.356000000000001,-3.1191249999999986,13.638562499999992
DK2,combined_early_logit,count2023_target05,process,0.007000000000000001,original_M0__top2,4.768000000000001,-2.7417499999999984,14.070374999999993
DK2,combined_early_logit,count2023_target05,process,0.0075,original_M0__top2,5.18,-2.364375,14.502187499999994
DK2,combined_early_logit,count2023_target05,process,0.008,original_M0__top2,5.5920000000000005,-1.9869999999999999,14.933999999999996
DK2,combined_early_logit,count2023_target05,process,0.0085,original_M0__top2,6.0040000000000004,-1.6096249999999996,15.365812499999997
DK2,combined_early_logit,count2023_target05,process,0.009000000000000001,original_M0__top2,6.416000000000001,-1.2322499999999994,15.797624999999996
DK2,combined_early_logit,count2023_target05,process,0.009500000000000001,original_M0__top2,6.828000000000001,-0.8121249999999981,16.229437500000003
DK2,combined_early_logit,count2023_target05,process,0.01,original_M0__top2,7.24,-0.41175,16.66125
DK2,combined_early_logit,count2023_target05,process,0.0105,original_M0__top2,7.652000000000001,-0.032337499999998985,17.0930625
DK2,combined_early_logit,count2023_target05,process,0.011000000000000001,original_M0__top2,8.064,0.34792500000000026,17.482125
DK2,combined_early_logit,count2023_target05,process,0.0115,original_M0__top2,8.475999999999999,0.7289874999999992,17.8688125
DK2,combined_early_logit,count2023_target05,process,0.012,original_M0__top2,8.888,1.1509000000000011,18.255499999999998
DK2,combined_early_logit,count2023_target05,process,0.0125,original_M0__top2,9.3,1.5728125000000013,18.654374999999995
DK2,combined_early_logit,count2023_target05,process,0.013000000000000001,original_M0__top2,9.712000000000002,1.9957250000000013,19.080549999999995
DK2,combined_early_logit,count2023_target05,process,0.013500000000000002,original_M0__top2,10.124,2.4186375000000013,19.506725
DK2,combined_early_logit,count2023_target05,process,0.014,original_M0__top2,10.536,2.84155,19.932899999999997
DK2,combined_early_logit,count2023_target05,process,0.0145,original_M0__top2,10.948,3.2644625000000014,20.359062499999993
DK2,combined_early_logit,count2023_target05,process,0.015,original_M0__top2,11.36,3.687375,20.784374999999997
DK2,combined_early_logit,count2023_target05,process,0.02,original_M0__top2,15.48,7.858000000000001,24.862
DK2,combined_early_logit,count2023_target05,process,0.03,original_M0__top2,23.72,15.989249999999998,32.97175
DK2,combined_early_logit,count2023_target05,process,0.05,original_M0__top2,40.2,32.150000000000006,49.300000000000004
DK2,combined_early_logit,count2023_target05,process,0.1,original_M0__top2,81.4,72.4975,91.10000000000001
DK2,combined_early_logit,count2023_target05,process,0.2,original_M0__top2,163.8,151.19500000000002,175.4
DK2,combined_early_logit,count2023_target05,process,0.25,original_M0__top2,205.0,190.0,218.25625
DK2,combined_early_logit,count2023_target05,process,0.5,original_M0__top2,411.0,381.5,433.5125
DK2,combined_early_logit,count2023_target05,process,1.0,original_M0__top2,823.0,762.975,868.025
DK2,combined_early_logit,count2023_target05,hour,0.0,original_M0__top2,-15.0,-46.025,10.0
DK2,combined_early_logit,count2023_target05,hour,0.0005,original_M0__top2,-14.588,-45.625575,10.3980125
DK2,combined_early_logit,count2023_target05,hour,0.001,original_M0__top2,-14.176,-45.22615,10.796025
DK2,combined_early_logit,count2023_target05,hour,0.0015,original_M0__top2,-13.764,-44.826724999999996,11.194037499999999
DK2,combined_early_logit,count2023_target05,hour,0.002,original_M0__top2,-13.352,-44.427299999999995,11.59205
DK2,combined_early_logit,count2023_target05,hour,0.0025,original_M0__top2,-12.94,-44.027875,11.9900625
DK2,combined_early_logit,count2023_target05,hour,0.003,original_M0__top2,-12.528,-43.62845,12.388075
DK2,combined_early_logit,count2023_target05,hour,0.0035,original_M0__top2,-12.116,-43.229025,12.786087499999999
DK2,combined_early_logit,count2023_target05,hour,0.004,original_M0__top2,-11.704,-42.8296,13.1841
DK2,combined_early_logit,count2023_target05,hour,0.0045000000000000005,original_M0__top2,-11.292,-42.430175,13.582112500000001
DK2,combined_early_logit,count2023_target05,hour,0.005000000000000001,original_M0__top2,-10.879999999999999,-42.03075,13.980125000000001
DK2,combined_early_logit,count2023_target05,hour,0.0055,original_M0__top2,-10.468,-41.631325000000004,14.3781375
DK2,combined_early_logit,count2023_target05,hour,0.006,original_M0__top2,-10.056000000000001,-41.2319,14.77615
DK2,combined_early_logit,count2023_target05,hour,0.006500000000000001,original_M0__top2,-9.643999999999998,-40.832475,15.1741625
DK2,combined_early_logit,count2023_target05,hour,0.007000000000000001,original_M0__top2,-9.232,-40.43305,15.572175000000001
DK2,combined_early_logit,count2023_target05,hour,0.0075,original_M0__top2,-8.82,-40.033625,15.970187499999998
DK2,combined_early_logit,count2023_target05,hour,0.008,original_M0__top2,-8.408,-39.6342,16.3682
DK2,combined_early_logit,count2023_target05,hour,0.0085,original_M0__top2,-7.9959999999999996,-39.234775,16.7662125
DK2,combined_early_logit,count2023_target05,hour,0.009000000000000001,original_M0__top2,-7.583999999999999,-38.83535,17.164225000000002
DK2,combined_early_logit,count2023_target05,hour,0.009500000000000001,original_M0__top2,-7.171999999999999,-38.435925,17.562237500000002
DK2,combined_early_logit,count2023_target05,hour,0.01,original_M0__top2,-6.76,-38.0365,17.960250000000002
DK2,combined_early_logit,count2023_target05,hour,0.0105,original_M0__top2,-6.347999999999999,-37.637074999999996,18.3582625
DK2,combined_early_logit,count2023_target05,hour,0.011000000000000001,original_M0__top2,-5.936,-37.23765,18.756275
DK2,combined_early_logit,count2023_target05,hour,0.0115,original_M0__top2,-5.524000000000001,-36.838225,19.1542875
DK2,combined_early_logit,count2023_target05,hour,0.012,original_M0__top2,-5.112,-36.4388,19.5523
DK2,combined_early_logit,count2023_target05,hour,0.0125,original_M0__top2,-4.699999999999999,-36.039375,19.950312500000003
DK2,combined_early_logit,count2023_target05,hour,0.013000000000000001,original_M0__top2,-4.2879999999999985,-35.63995,20.348325
DK2,combined_early_logit,count2023_target05,hour,0.013500000000000002,original_M0__top2,-3.8759999999999994,-35.240525,20.746337500000003
DK2,combined_early_logit,count2023_target05,hour,0.014,original_M0__top2,-3.4640000000000004,-34.841100000000004,21.14435
DK2,combined_early_logit,count2023_target05,hour,0.0145,original_M0__top2,-3.0519999999999996,-34.441675000000004,21.542362500000003
DK2,combined_early_logit,count2023_target05,hour,0.015,original_M0__top2,-2.6400000000000006,-34.04225,21.940374999999996
DK2,combined_early_logit,count2023_target05,hour,0.02,original_M0__top2,1.4800000000000004,-30.048,25.9605
DK2,combined_early_logit,count2023_target05,hour,0.03,original_M0__top2,9.719999999999999,-22.040499999999998,34.1205
DK2,combined_early_logit,count2023_target05,hour,0.05,original_M0__top2,26.200000000000003,-6.051249999999997,50.266249999999985
DK2,combined_early_logit,count2023_target05,hour,0.1,original_M0__top2,67.4,33.80000000000001,91.6025
DK2,combined_early_logit,count2023_target05,hour,0.2,original_M0__top2,149.8,113.59500000000003,174.0
DK2,combined_early_logit,count2023_target05,hour,0.25,original_M0__top2,191.0,154.5,215.77499999999998
DK2,combined_early_logit,count2023_target05,hour,0.5,original_M0__top2,397.0,351.0,427.0125
DK2,combined_early_logit,count2023_target05,hour,1.0,original_M0__top2,809.0,738.975,856.0
DK2,combined_early_logit,fixed025,process,0.0,original_M0__top2,-40.0,-48.025,-30.0
DK2,combined_early_logit,fixed025,process,0.0005,original_M0__top2,-39.2845,-47.32105,-29.2919875
DK2,combined_early_logit,fixed025,process,0.001,original_M0__top2,-38.569,-46.6171,-28.583975
DK2,combined_early_logit,fixed025,process,0.0015,original_M0__top2,-37.8535,-45.913149999999995,-27.8759625
DK2,combined_early_logit,fixed025,process,0.002,original_M0__top2,-37.138,-45.209199999999996,-27.167949999999998
DK2,combined_early_logit,fixed025,process,0.0025,original_M0__top2,-36.4225,-44.505250000000004,-26.459937500000002
DK2,combined_early_logit,fixed025,process,0.003,original_M0__top2,-35.707,-43.8013,-25.751925
DK2,combined_early_logit,fixed025,process,0.0035,original_M0__top2,-34.9915,-43.09735,-25.0439125
DK2,combined_early_logit,fixed025,process,0.004,original_M0__top2,-34.275999999999996,-42.3934,-24.3359
DK2,combined_early_logit,fixed025,process,0.0045000000000000005,original_M0__top2,-33.5605,-41.68945,-23.6278875
DK2,combined_early_logit,fixed025,process,0.005000000000000001,original_M0__top2,-32.845,-40.985499999999995,-22.919874999999998
DK2,combined_early_logit,fixed025,process,0.0055,original_M0__top2,-32.1295,-40.281549999999996,-22.2118625
DK2,combined_early_logit,fixed025,process,0.006,original_M0__top2,-31.414,-39.5776,-21.503849999999996
DK2,combined_early_logit,fixed025,process,0.006500000000000001,original_M0__top2,-30.6985,-38.87365,-20.7958375
DK2,combined_early_logit,fixed025,process,0.007000000000000001,original_M0__top2,-29.982999999999997,-38.1697,-20.087825000000002
DK2,combined_early_logit,fixed025,process,0.0075,original_M0__top2,-29.2675,-37.46575,-19.379812500000003
DK2,combined_early_logit,fixed025,process,0.008,original_M0__top2,-28.552,-36.7618,-18.6718
DK2,combined_early_logit,fixed025,process,0.0085,original_M0__top2,-27.8365,-36.05785,-17.9637875
DK2,combined_early_logit,fixed025,process,0.009000000000000001,original_M0__top2,-27.121,-35.353899999999996,-17.255775
DK2,combined_early_logit,fixed025,process,0.009500000000000001,original_M0__top2,-26.405499999999996,-34.64995,-16.547762499999997
DK2,combined_early_logit,fixed025,process,0.01,original_M0__top2,-25.689999999999998,-33.946,-15.83975
DK2,combined_early_logit,fixed025,process,0.0105,original_M0__top2,-24.9745,-33.24205,-15.1317375
DK2,combined_early_logit,fixed025,process,0.011000000000000001,original_M0__top2,-24.259,-32.53809999999999,-14.423724999999997
DK2,combined_early_logit,fixed025,process,0.0115,original_M0__top2,-23.5435,-31.83415,-13.7157125
DK2,combined_early_logit,fixed025,process,0.012,original_M0__top2,-22.828,-31.1302,-13.0077
DK2,combined_early_logit,fixed025,process,0.0125,original_M0__top2,-22.1125,-30.426249999999996,-12.299687500000001
DK2,combined_early_logit,fixed025,process,0.013000000000000001,original_M0__top2,-21.397,-29.7223,-11.591674999999999
DK2,combined_early_logit,fixed025,process,0.013500000000000002,original_M0__top2,-20.681499999999996,-29.018349999999998,-10.883662499999996
DK2,combined_early_logit,fixed025,process,0.014,original_M0__top2,-19.966,-28.3144,-10.17565
DK2,combined_early_logit,fixed025,process,0.0145,original_M0__top2,-19.2505,-27.610449999999997,-9.4676375
DK2,combined_early_logit,fixed025,process,0.015,original_M0__top2,-18.535,-26.906499999999998,-8.759625000000002
DK2,combined_early_logit,fixed025,process,0.02,original_M0__top2,-11.379999999999999,-19.866999999999997,-1.6795000000000002
DK2,combined_early_logit,fixed025,process,0.03,original_M0__top2,2.9299999999999997,-5.712000000000001,12.480749999999997
DK2,combined_early_logit,fixed025,process,0.05,original_M0__top2,31.549999999999997,22.79875,40.852500000000006
DK2,combined_early_logit,fixed025,process,0.1,original_M0__top2,103.1,93.79750000000001,112.30000000000001
DK2,combined_early_logit,fixed025,process,0.2,original_M0__top2,246.2,236.195,255.40500000000003
DK2,combined_early_logit,fixed025,process,0.25,original_M0__top2,317.75,307.24375,327.00625
DK2,combined_early_logit,fixed025,process,0.5,original_M0__top2,675.5,661.5,685.0
DK2,combined_early_logit,fixed025,process,1.0,original_M0__top2,1391.0,1368.0,1404.025
DK2,combined_early_logit,fixed025,hour,0.0,original_M0__top2,-302.0,-361.0,-269.0
DK2,combined_early_logit,fixed025,hour,0.0005,original_M0__top2,-301.2845,-360.285575,-268.2824375
DK2,combined_early_logit,fixed025,hour,0.001,original_M0__top2,-300.569,-359.57115000000005,-267.564875
DK2,combined_early_logit,fixed025,hour,0.0015,original_M0__top2,-299.8535,-358.856725,-266.84731250000004
DK2,combined_early_logit,fixed025,hour,0.002,original_M0__top2,-299.138,-358.1423,-266.12975
DK2,combined_early_logit,fixed025,hour,0.0025,original_M0__top2,-298.4225,-357.42787500000003,-265.4121875
DK2,combined_early_logit,fixed025,hour,0.003,original_M0__top2,-297.707,-356.71345,-264.694625
DK2,combined_early_logit,fixed025,hour,0.0035,original_M0__top2,-296.9915,-355.99902499999996,-263.97706250000005
DK2,combined_early_logit,fixed025,hour,0.004,original_M0__top2,-296.276,-355.2846,-263.2595
DK2,combined_early_logit,fixed025,hour,0.0045000000000000005,original_M0__top2,-295.5605,-354.570175,-262.5419375
DK2,combined_early_logit,fixed025,hour,0.005000000000000001,original_M0__top2,-294.845,-353.85575,-261.824375
DK2,combined_early_logit,fixed025,hour,0.0055,original_M0__top2,-294.1295,-353.141325,-261.1068125
DK2,combined_early_logit,fixed025,hour,0.006,original_M0__top2,-293.414,-352.4269,-260.38925
DK2,combined_early_logit,fixed025,hour,0.006500000000000001,original_M0__top2,-292.6985,-351.712475,-259.6716875
DK2,combined_early_logit,fixed025,hour,0.007000000000000001,original_M0__top2,-291.983,-350.99805000000003,-258.954125
DK2,combined_early_logit,fixed025,hour,0.0075,original_M0__top2,-291.2675,-350.28362500000003,-258.2365625
DK2,combined_early_logit,fixed025,hour,0.008,original_M0__top2,-290.552,-349.56919999999997,-257.519
DK2,combined_early_logit,fixed025,hour,0.0085,original_M0__top2,-289.8365,-348.854775,-256.8014375
DK2,combined_early_logit,fixed025,hour,0.009000000000000001,original_M0__top2,-289.121,-348.14035,-256.083875
DK2,combined_early_logit,fixed025,hour,0.009500000000000001,original_M0__top2,-288.4055,-347.425925,-255.36631250000002
DK2,combined_early_logit,fixed025,hour,0.01,original_M0__top2,-287.69,-346.7115,-254.64875
DK2,combined_early_logit,fixed025,hour,0.0105,original_M0__top2,-286.9745,-345.997075,-253.9311875
DK2,combined_early_logit,fixed025,hour,0.011000000000000001,original_M0__top2,-286.259,-345.28265,-253.213625
DK2,combined_early_logit,fixed025,hour,0.0115,original_M0__top2,-285.5435,-344.56822500000004,-252.4960625
DK2,combined_early_logit,fixed025,hour,0.012,original_M0__top2,-284.828,-343.8538,-251.7785
DK2,combined_early_logit,fixed025,hour,0.0125,original_M0__top2,-284.1125,-343.139375,-251.0609375
DK2,combined_early_logit,fixed025,hour,0.013000000000000001,original_M0__top2,-283.397,-342.42495,-250.343375
DK2,combined_early_logit,fixed025,hour,0.013500000000000002,original_M0__top2,-282.68149999999997,-341.710525,-249.6258125
DK2,combined_early_logit,fixed025,hour,0.014,original_M0__top2,-281.966,-340.9961,-248.90825
DK2,combined_early_logit,fixed025,hour,0.0145,original_M0__top2,-281.2505,-340.281675,-248.1906875
DK2,combined_early_logit,fixed025,hour,0.015,original_M0__top2,-280.535,-339.56725,-247.473125
DK2,combined_early_logit,fixed025,hour,0.02,original_M0__top2,-273.38,-332.423,-240.2975
DK2,combined_early_logit,fixed025,hour,0.03,original_M0__top2,-259.07,-318.1345,-225.94625
DK2,combined_early_logit,fixed025,hour,0.05,original_M0__top2,-230.45,-289.5575,-197.24375
DK2,combined_early_logit,fixed025,hour,0.1,original_M0__top2,-158.9,-218.6025,-125.495
DK2,combined_early_logit,fixed025,hour,0.2,original_M0__top2,-15.800000000000011,-76.61499999999997,17.41500000000002
DK2,combined_early_logit,fixed025,hour,0.25,original_M0__top2,55.75,-5.762499999999999,88.77499999999998
DK2,combined_early_logit,fixed025,hour,0.5,original_M0__top2,413.5,348.5,447.525
DK2,combined_early_logit,fixed025,hour,1.0,original_M0__top2,1129.0,1060.0,1165.025
DK2,combined_early_logit,count2022_cool6,process,0.0,original_M0__top2,1.0,-7.0,14.0
DK2,combined_early_logit,count2022_cool6,process,0.0005,original_M0__top2,1.461,-6.549575,14.4421875
DK2,combined_early_logit,count2022_cool6,process,0.001,original_M0__top2,1.9220000000000002,-6.09915,14.884375
DK2,combined_early_logit,count2022_cool6,process,0.0015,original_M0__top2,2.383,-5.648725000000001,15.3265625
DK2,combined_early_logit,count2022_cool6,process,0.002,original_M0__top2,2.8440000000000003,-5.198300000000001,15.76875
DK2,combined_early_logit,count2022_cool6,process,0.0025,original_M0__top2,3.305,-4.7478750000000005,16.2109375
DK2,combined_early_logit,count2022_cool6,process,0.003,original_M0__top2,3.766,-4.29745,16.653125
DK2,combined_early_logit,count2022_cool6,process,0.0035,original_M0__top2,4.227,-3.847025,17.0953125
DK2,combined_early_logit,count2022_cool6,process,0.004,original_M0__top2,4.688000000000001,-3.3966,17.5375
DK2,combined_early_logit,count2022_cool6,process,0.0045000000000000005,original_M0__top2,5.149000000000001,-2.946174999999999,17.9796875
DK2,combined_early_logit,count2022_cool6,process,0.005000000000000001,original_M0__top2,5.610000000000001,-2.4957499999999992,18.421875
DK2,combined_early_logit,count2022_cool6,process,0.0055,original_M0__top2,6.071,-2.045325,18.8640625
DK2,combined_early_logit,count2022_cool6,process,0.006,original_M0__top2,6.532,-1.5949000000000002,19.30625
DK2,combined_early_logit,count2022_cool6,process,0.006500000000000001,original_M0__top2,6.993,-1.1444749999999995,19.7484375
DK2,combined_early_logit,count2022_cool6,process,0.007000000000000001,original_M0__top2,7.454000000000001,-0.6940499999999987,20.190625
DK2,combined_early_logit,count2022_cool6,process,0.0075,original_M0__top2,7.915,-0.24362500000000054,20.632812499999996
DK2,combined_early_logit,count2022_cool6,process,0.008,original_M0__top2,8.376000000000001,0.20680000000000026,21.074999999999996
DK2,combined_early_logit,count2022_cool6,process,0.0085,original_M0__top2,8.837,0.6572250000000011,21.517187499999995
DK2,combined_early_logit,count2022_cool6,process,0.009000000000000001,original_M0__top2,9.298000000000002,1.1076500000000018,21.959375
DK2,combined_early_logit,count2022_cool6,process,0.009500000000000001,original_M0__top2,9.759000000000002,1.5580750000000017,22.4015625
DK2,combined_early_logit,count2022_cool6,process,0.01,original_M0__top2,10.22,2.0084999999999997,22.843749999999996
DK2,combined_early_logit,count2022_cool6,process,0.0105,original_M0__top2,10.681000000000001,2.4589250000000016,23.285937499999996
DK2,combined_early_logit,count2022_cool6,process,0.011000000000000001,original_M0__top2,11.142000000000001,2.9093500000000017,23.728124999999995
DK2,combined_early_logit,count2022_cool6,process,0.0115,original_M0__top2,11.603,3.3597749999999995,24.170312499999998
DK2,combined_early_logit,count2022_cool6,process,0.012,original_M0__top2,12.064,3.8101999999999996,24.612499999999997
DK2,combined_early_logit,count2022_cool6,process,0.0125,original_M0__top2,12.525,4.260625000000001,25.054687499999996
DK2,combined_early_logit,count2022_cool6,process,0.013000000000000001,original_M0__top2,12.986,4.711050000000001,25.496874999999996
DK2,combined_early_logit,count2022_cool6,process,0.013500000000000002,original_M0__top2,13.447000000000001,5.161475000000001,25.939062499999995
DK2,combined_early_logit,count2022_cool6,process,0.014,original_M0__top2,13.908,5.612100000000001,26.381249999999994
DK2,combined_early_logit,count2022_cool6,process,0.0145,original_M0__top2,14.369000000000002,6.0634250000000005,26.823437499999997
DK2,combined_early_logit,count2022_cool6,process,0.015,original_M0__top2,14.83,6.5147499999999985,27.265624999999993
DK2,combined_early_logit,count2022_cool6,process,0.02,original_M0__top2,19.44,11.1965,31.765499999999996
DK2,combined_early_logit,count2022_cool6,process,0.03,original_M0__top2,28.66,20.216749999999998,40.972249999999995
DK2,combined_early_logit,count2022_cool6,process,0.05,original_M0__top2,47.1,38.14875000000001,58.9525
DK2,combined_early_logit,count2022_cool6,process,0.1,original_M0__top2,93.2,83.59750000000001,104.60000000000001
DK2,combined_early_logit,count2022_cool6,process,0.2,original_M0__top2,185.4,172.59000000000003,197.005
DK2,combined_early_logit,count2022_cool6,process,0.25,original_M0__top2,231.5,215.99375,243.75625
DK2,combined_early_logit,count2022_cool6,process,0.5,original_M0__top2,462.0,432.5,481.0125
DK2,combined_early_logit,count2022_cool6,process,1.0,original_M0__top2,923.0,864.975,958.0
DK2,combined_early_logit,count2022_cool6,hour,0.0,original_M0__top2,-64.0,-95.0,-37.0
DK2,combined_early_logit,count2022_cool6,hour,0.0005,original_M0__top2,-63.539,-94.5317,-36.542699999999996
DK2,combined_early_logit,count2022_cool6,hour,0.001,original_M0__top2,-63.078,-94.0634,-36.0854
DK2,combined_early_logit,count2022_cool6,hour,0.0015,original_M0__top2,-62.617,-93.5951,-35.628099999999996
DK2,combined_early_logit,count2022_cool6,hour,0.002,original_M0__top2,-62.156,-93.1268,-35.1708
DK2,combined_early_logit,count2022_cool6,hour,0.0025,original_M0__top2,-61.695,-92.6585,-34.7135
DK2,combined_early_logit,count2022_cool6,hour,0.003,original_M0__top2,-61.234,-92.19019999999999,-34.25620000000001
DK2,combined_early_logit,count2022_cool6,hour,0.0035,original_M0__top2,-60.773,-91.7219,-33.7989
DK2,combined_early_logit,count2022_cool6,hour,0.004,original_M0__top2,-60.312,-91.25359999999999,-33.34160000000001
DK2,combined_early_logit,count2022_cool6,hour,0.0045000000000000005,original_M0__top2,-59.851,-90.7853,-32.8843
DK2,combined_early_logit,count2022_cool6,hour,0.005000000000000001,original_M0__top2,-59.39,-90.317,-32.427
DK2,combined_early_logit,count2022_cool6,hour,0.0055,original_M0__top2,-58.929,-89.84870000000001,-31.969700000000003
DK2,combined_early_logit,count2022_cool6,hour,0.006,original_M0__top2,-58.468,-89.3804,-31.512400000000003
DK2,combined_early_logit,count2022_cool6,hour,0.006500000000000001,original_M0__top2,-58.007,-88.9121,-31.0551
DK2,combined_early_logit,count2022_cool6,hour,0.007000000000000001,original_M0__top2,-57.546,-88.4438,-30.597800000000003
DK2,combined_early_logit,count2022_cool6,hour,0.0075,original_M0__top2,-57.085,-87.9755,-30.140500000000003
DK2,combined_early_logit,count2022_cool6,hour,0.008,original_M0__top2,-56.624,-87.50720000000001,-29.683200000000003
DK2,combined_early_logit,count2022_cool6,hour,0.0085,original_M0__top2,-56.163,-87.0389,-29.225900000000006
DK2,combined_early_logit,count2022_cool6,hour,0.009000000000000001,original_M0__top2,-55.702,-86.5706,-28.768600000000006
DK2,combined_early_logit,count2022_cool6,hour,0.009500000000000001,original_M0__top2,-55.241,-86.1023,-28.311300000000006
DK2,combined_early_logit,count2022_cool6,hour,0.01,original_M0__top2,-54.78,-85.634,-27.854000000000006
DK2,combined_early_logit,count2022_cool6,hour,0.0105,original_M0__top2,-54.319,-85.1657,-27.396700000000003
DK2,combined_early_logit,count2022_cool6,hour,0.011000000000000001,original_M0__top2,-53.858,-84.6974,-26.939400000000003
DK2,combined_early_logit,count2022_cool6,hour,0.0115,original_M0__top2,-53.397,-84.2291,-26.482100000000006
DK2,combined_early_logit,count2022_cool6,hour,0.012,original_M0__top2,-52.936,-83.7608,-26.024800000000006
DK2,combined_early_logit,count2022_cool6,hour,0.0125,original_M0__top2,-52.475,-83.29249999999999,-25.567500000000006
DK2,combined_early_logit,count2022_cool6,hour,0.013000000000000001,original_M0__top2,-52.013999999999996,-82.8242,-25.110200000000006
DK2,combined_early_logit,count2022_cool6,hour,0.013500000000000002,original_M0__top2,-51.553,-82.35589999999999,-24.652900000000006
DK2,combined_early_logit,count2022_cool6,hour,0.014,original_M0__top2,-51.092,-81.8876,-24.19560000000001
DK2,combined_early_logit,count2022_cool6,hour,0.0145,original_M0__top2,-50.631,-81.41929999999999,-23.73830000000001
DK2,combined_early_logit,count2022_cool6,hour,0.015,original_M0__top2,-50.17,-80.951,-23.281125000000007
DK2,combined_early_logit,count2022_cool6,hour,0.02,original_M0__top2,-45.56,-76.26799999999999,-18.677500000000002
DK2,combined_early_logit,count2022_cool6,hour,0.03,original_M0__top2,-36.34,-67.21400000000001,-9.459750000000012
DK2,combined_early_logit,count2022_cool6,hour,0.05,original_M0__top2,-17.9,-49.349999999999994,8.916249999999991
DK2,combined_early_logit,count2022_cool6,hour,0.1,original_M0__top2,28.200000000000003,-4.702499999999989,55.605000000000004
DK2,combined_early_logit,count2022_cool6,hour,0.2,original_M0__top2,120.4,85.39500000000001,149.20000000000002
DK2,combined_early_logit,count2022_cool6,hour,0.25,original_M0__top2,166.5,129.7375,196.0
DK2,combined_early_logit,count2022_cool6,hour,0.5,original_M0__top2,397.0,350.9875,430.0
DK2,combined_early_logit,count2022_cool6,hour,1.0,original_M0__top2,858.0,786.95,903.025
DK2,combined_early_logit,count2023_cool6,process,0.0,original_M0__top2,1.0,-7.0,14.0
DK2,combined_early_logit,count2023_cool6,process,0.0005,original_M0__top2,1.461,-6.549575,14.4421875
DK2,combined_early_logit,count2023_cool6,process,0.001,original_M0__top2,1.9220000000000002,-6.09915,14.884375
DK2,combined_early_logit,count2023_cool6,process,0.0015,original_M0__top2,2.383,-5.648725000000001,15.3265625
DK2,combined_early_logit,count2023_cool6,process,0.002,original_M0__top2,2.8440000000000003,-5.198300000000001,15.76875
DK2,combined_early_logit,count2023_cool6,process,0.0025,original_M0__top2,3.305,-4.7478750000000005,16.2109375
DK2,combined_early_logit,count2023_cool6,process,0.003,original_M0__top2,3.766,-4.29745,16.653125
DK2,combined_early_logit,count2023_cool6,process,0.0035,original_M0__top2,4.227,-3.847025,17.0953125
DK2,combined_early_logit,count2023_cool6,process,0.004,original_M0__top2,4.688000000000001,-3.3966,17.5375
DK2,combined_early_logit,count2023_cool6,process,0.0045000000000000005,original_M0__top2,5.149000000000001,-2.946174999999999,17.9796875
DK2,combined_early_logit,count2023_cool6,process,0.005000000000000001,original_M0__top2,5.610000000000001,-2.4957499999999992,18.421875
DK2,combined_early_logit,count2023_cool6,process,0.0055,original_M0__top2,6.071,-2.045325,18.8640625
DK2,combined_early_logit,count2023_cool6,process,0.006,original_M0__top2,6.532,-1.5949000000000002,19.30625
DK2,combined_early_logit,count2023_cool6,process,0.006500000000000001,original_M0__top2,6.993,-1.1444749999999995,19.7484375
DK2,combined_early_logit,count2023_cool6,process,0.007000000000000001,original_M0__top2,7.454000000000001,-0.6940499999999987,20.190625
DK2,combined_early_logit,count2023_cool6,process,0.0075,original_M0__top2,7.915,-0.24362500000000054,20.632812499999996
DK2,combined_early_logit,count2023_cool6,process,0.008,original_M0__top2,8.376000000000001,0.20680000000000026,21.074999999999996
DK2,combined_early_logit,count2023_cool6,process,0.0085,original_M0__top2,8.837,0.6572250000000011,21.517187499999995
DK2,combined_early_logit,count2023_cool6,process,0.009000000000000001,original_M0__top2,9.298000000000002,1.1076500000000018,21.959375
DK2,combined_early_logit,count2023_cool6,process,0.009500000000000001,original_M0__top2,9.759000000000002,1.5580750000000017,22.4015625
DK2,combined_early_logit,count2023_cool6,process,0.01,original_M0__top2,10.22,2.0084999999999997,22.843749999999996
DK2,combined_early_logit,count2023_cool6,process,0.0105,original_M0__top2,10.681000000000001,2.4589250000000016,23.285937499999996
DK2,combined_early_logit,count2023_cool6,process,0.011000000000000001,original_M0__top2,11.142000000000001,2.9093500000000017,23.728124999999995
DK2,combined_early_logit,count2023_cool6,process,0.0115,original_M0__top2,11.603,3.3597749999999995,24.170312499999998
DK2,combined_early_logit,count2023_cool6,process,0.012,original_M0__top2,12.064,3.8101999999999996,24.612499999999997
DK2,combined_early_logit,count2023_cool6,process,0.0125,original_M0__top2,12.525,4.260625000000001,25.054687499999996
DK2,combined_early_logit,count2023_cool6,process,0.013000000000000001,original_M0__top2,12.986,4.711050000000001,25.496874999999996
DK2,combined_early_logit,count2023_cool6,process,0.013500000000000002,original_M0__top2,13.447000000000001,5.161475000000001,25.939062499999995
DK2,combined_early_logit,count2023_cool6,process,0.014,original_M0__top2,13.908,5.612100000000001,26.381249999999994
DK2,combined_early_logit,count2023_cool6,process,0.0145,original_M0__top2,14.369000000000002,6.0634250000000005,26.823437499999997
DK2,combined_early_logit,count2023_cool6,process,0.015,original_M0__top2,14.83,6.5147499999999985,27.265624999999993
DK2,combined_early_logit,count2023_cool6,process,0.02,original_M0__top2,19.44,11.1965,31.765499999999996
DK2,combined_early_logit,count2023_cool6,process,0.03,original_M0__top2,28.66,20.216749999999998,40.972249999999995
DK2,combined_early_logit,count2023_cool6,process,0.05,original_M0__top2,47.1,38.14875000000001,58.9525
DK2,combined_early_logit,count2023_cool6,process,0.1,original_M0__top2,93.2,83.59750000000001,104.60000000000001
DK2,combined_early_logit,count2023_cool6,process,0.2,original_M0__top2,185.4,172.59000000000003,197.005
DK2,combined_early_logit,count2023_cool6,process,0.25,original_M0__top2,231.5,215.99375,243.75625
DK2,combined_early_logit,count2023_cool6,process,0.5,original_M0__top2,462.0,432.5,481.0125
DK2,combined_early_logit,count2023_cool6,process,1.0,original_M0__top2,923.0,864.975,958.0
DK2,combined_early_logit,count2023_cool6,hour,0.0,original_M0__top2,-64.0,-95.0,-37.0
DK2,combined_early_logit,count2023_cool6,hour,0.0005,original_M0__top2,-63.539,-94.5317,-36.542699999999996
DK2,combined_early_logit,count2023_cool6,hour,0.001,original_M0__top2,-63.078,-94.0634,-36.0854
DK2,combined_early_logit,count2023_cool6,hour,0.0015,original_M0__top2,-62.617,-93.5951,-35.628099999999996
DK2,combined_early_logit,count2023_cool6,hour,0.002,original_M0__top2,-62.156,-93.1268,-35.1708
DK2,combined_early_logit,count2023_cool6,hour,0.0025,original_M0__top2,-61.695,-92.6585,-34.7135
DK2,combined_early_logit,count2023_cool6,hour,0.003,original_M0__top2,-61.234,-92.19019999999999,-34.25620000000001
DK2,combined_early_logit,count2023_cool6,hour,0.0035,original_M0__top2,-60.773,-91.7219,-33.7989
DK2,combined_early_logit,count2023_cool6,hour,0.004,original_M0__top2,-60.312,-91.25359999999999,-33.34160000000001
DK2,combined_early_logit,count2023_cool6,hour,0.0045000000000000005,original_M0__top2,-59.851,-90.7853,-32.8843
DK2,combined_early_logit,count2023_cool6,hour,0.005000000000000001,original_M0__top2,-59.39,-90.317,-32.427
DK2,combined_early_logit,count2023_cool6,hour,0.0055,original_M0__top2,-58.929,-89.84870000000001,-31.969700000000003
DK2,combined_early_logit,count2023_cool6,hour,0.006,original_M0__top2,-58.468,-89.3804,-31.512400000000003
DK2,combined_early_logit,count2023_cool6,hour,0.006500000000000001,original_M0__top2,-58.007,-88.9121,-31.0551
DK2,combined_early_logit,count2023_cool6,hour,0.007000000000000001,original_M0__top2,-57.546,-88.4438,-30.597800000000003
DK2,combined_early_logit,count2023_cool6,hour,0.0075,original_M0__top2,-57.085,-87.9755,-30.140500000000003
DK2,combined_early_logit,count2023_cool6,hour,0.008,original_M0__top2,-56.624,-87.50720000000001,-29.683200000000003
DK2,combined_early_logit,count2023_cool6,hour,0.0085,original_M0__top2,-56.163,-87.0389,-29.225900000000006
DK2,combined_early_logit,count2023_cool6,hour,0.009000000000000001,original_M0__top2,-55.702,-86.5706,-28.768600000000006
DK2,combined_early_logit,count2023_cool6,hour,0.009500000000000001,original_M0__top2,-55.241,-86.1023,-28.311300000000006
DK2,combined_early_logit,count2023_cool6,hour,0.01,original_M0__top2,-54.78,-85.634,-27.854000000000006
DK2,combined_early_logit,count2023_cool6,hour,0.0105,original_M0__top2,-54.319,-85.1657,-27.396700000000003
DK2,combined_early_logit,count2023_cool6,hour,0.011000000000000001,original_M0__top2,-53.858,-84.6974,-26.939400000000003
DK2,combined_early_logit,count2023_cool6,hour,0.0115,original_M0__top2,-53.397,-84.2291,-26.482100000000006
DK2,combined_early_logit,count2023_cool6,hour,0.012,original_M0__top2,-52.936,-83.7608,-26.024800000000006
DK2,combined_early_logit,count2023_cool6,hour,0.0125,original_M0__top2,-52.475,-83.29249999999999,-25.567500000000006
DK2,combined_early_logit,count2023_cool6,hour,0.013000000000000001,original_M0__top2,-52.013999999999996,-82.8242,-25.110200000000006
DK2,combined_early_logit,count2023_cool6,hour,0.013500000000000002,original_M0__top2,-51.553,-82.35589999999999,-24.652900000000006
DK2,combined_early_logit,count2023_cool6,hour,0.014,original_M0__top2,-51.092,-81.8876,-24.19560000000001
DK2,combined_early_logit,count2023_cool6,hour,0.0145,original_M0__top2,-50.631,-81.41929999999999,-23.73830000000001
DK2,combined_early_logit,count2023_cool6,hour,0.015,original_M0__top2,-50.17,-80.951,-23.281125000000007
DK2,combined_early_logit,count2023_cool6,hour,0.02,original_M0__top2,-45.56,-76.26799999999999,-18.677500000000002
DK2,combined_early_logit,count2023_cool6,hour,0.03,original_M0__top2,-36.34,-67.21400000000001,-9.459750000000012
DK2,combined_early_logit,count2023_cool6,hour,0.05,original_M0__top2,-17.9,-49.349999999999994,8.916249999999991
DK2,combined_early_logit,count2023_cool6,hour,0.1,original_M0__top2,28.200000000000003,-4.702499999999989,55.605000000000004
DK2,combined_early_logit,count2023_cool6,hour,0.2,original_M0__top2,120.4,85.39500000000001,149.20000000000002
DK2,combined_early_logit,count2023_cool6,hour,0.25,original_M0__top2,166.5,129.7375,196.0
DK2,combined_early_logit,count2023_cool6,hour,0.5,original_M0__top2,397.0,350.9875,430.0
DK2,combined_early_logit,count2023_cool6,hour,1.0,original_M0__top2,858.0,786.95,903.025
DK2,combined_hour_logit,top1,process,0.0,original_M0__top2,-5.0,-10.0,-1.0
DK2,combined_hour_logit,top1,process,0.0005,original_M0__top2,-4.6375,-9.6395,-0.636
DK2,combined_hour_logit,top1,process,0.001,original_M0__top2,-4.275,-9.279,-0.272
DK2,combined_hour_logit,top1,process,0.0015,original_M0__top2,-3.9124999999999996,-8.9185,0.09200000000000008
DK2,combined_hour_logit,top1,process,0.002,original_M0__top2,-3.55,-8.558,0.45599999999999996
DK2,combined_hour_logit,top1,process,0.0025,original_M0__top2,-3.1875,-8.1975,0.8200000000000001
DK2,combined_hour_logit,top1,process,0.003,original_M0__top2,-2.8249999999999997,-7.837,1.1840000000000002
DK2,combined_hour_logit,top1,process,0.0035,original_M0__top2,-2.4625,-7.4765,1.548
DK2,combined_hour_logit,top1,process,0.004,original_M0__top2,-2.1,-7.116,1.912
DK2,combined_hour_logit,top1,process,0.0045000000000000005,original_M0__top2,-1.7374999999999998,-6.7555,2.2760000000000002
DK2,combined_hour_logit,top1,process,0.005000000000000001,original_M0__top2,-1.3749999999999991,-6.395,2.6400000000000006
DK2,combined_hour_logit,top1,process,0.0055,original_M0__top2,-1.0125000000000002,-6.0345,3.0039999999999996
DK2,combined_hour_logit,top1,process,0.006,original_M0__top2,-0.6499999999999995,-5.6739999999999995,3.3680000000000003
DK2,combined_hour_logit,top1,process,0.006500000000000001,original_M0__top2,-0.28749999999999964,-5.3134999999999994,3.732
DK2,combined_hour_logit,top1,process,0.007000000000000001,original_M0__top2,0.07500000000000107,-4.952999999999999,4.096000000000001
DK2,combined_hour_logit,top1,process,0.0075,original_M0__top2,0.4375,-4.5925,4.46
DK2,combined_hour_logit,top1,process,0.008,original_M0__top2,0.7999999999999998,-4.232,4.824
DK2,combined_hour_logit,top1,process,0.0085,original_M0__top2,1.1625000000000005,-3.8714999999999993,5.188000000000001
DK2,combined_hour_logit,top1,process,0.009000000000000001,original_M0__top2,1.5250000000000004,-3.5109999999999992,5.5520000000000005
DK2,combined_hour_logit,top1,process,0.009500000000000001,original_M0__top2,1.887500000000001,-3.150499999999999,5.916000000000001
DK2,combined_hour_logit,top1,process,0.01,original_M0__top2,2.25,-2.79,6.28
DK2,combined_hour_logit,top1,process,0.0105,original_M0__top2,2.6125000000000007,-2.429499999999999,6.644
DK2,combined_hour_logit,top1,process,0.011000000000000001,original_M0__top2,2.9750000000000005,-2.068999999999999,7.008000000000001
DK2,combined_hour_logit,top1,process,0.0115,original_M0__top2,3.3375000000000004,-1.7085000000000008,7.372
DK2,combined_hour_logit,top1,process,0.012,original_M0__top2,3.700000000000001,-1.347999999999999,7.736000000000001
DK2,combined_hour_logit,top1,process,0.0125,original_M0__top2,4.0625,-0.9874999999999989,8.1
DK2,combined_hour_logit,top1,process,0.013000000000000001,original_M0__top2,4.425000000000001,-0.6269999999999989,8.464
DK2,combined_hour_logit,top1,process,0.013500000000000002,original_M0__top2,4.787500000000001,-0.26649999999999885,8.828000000000001
DK2,combined_hour_logit,top1,process,0.014,original_M0__top2,5.15,0.09399999999999942,9.192
DK2,combined_hour_logit,top1,process,0.0145,original_M0__top2,5.512500000000001,0.45450000000000124,9.556000000000001
DK2,combined_hour_logit,top1,process,0.015,original_M0__top2,5.875,0.8149999999999995,9.92
DK2,combined_hour_logit,top1,process,0.02,original_M0__top2,9.5,4.42,13.56
DK2,combined_hour_logit,top1,process,0.03,original_M0__top2,16.75,11.629999999999999,20.84
DK2,combined_hour_logit,top1,process,0.05,original_M0__top2,31.25,26.050000000000004,35.4
DK2,combined_hour_logit,top1,process,0.1,original_M0__top2,67.5,62.10000000000001,71.8
DK2,combined_hour_logit,top1,process,0.2,original_M0__top2,140.0,134.20000000000002,144.6
DK2,combined_hour_logit,top1,process,0.25,original_M0__top2,176.25,170.49375,180.75
DK2,combined_hour_logit,top1,process,0.5,original_M0__top2,357.5,350.9875,362.5
DK2,combined_hour_logit,top1,process,1.0,original_M0__top2,720.0,711.0,726.0
DK2,combined_hour_logit,top1,hour,0.0,original_M0__top2,-138.0,-172.0,-121.0
DK2,combined_hour_logit,top1,hour,0.0005,original_M0__top2,-137.6375,-171.636525,-120.6379625
DK2,combined_hour_logit,top1,hour,0.001,original_M0__top2,-137.275,-171.27304999999998,-120.275925
DK2,combined_hour_logit,top1,hour,0.0015,original_M0__top2,-136.9125,-170.90957500000002,-119.9138875
DK2,combined_hour_logit,top1,hour,0.002,original_M0__top2,-136.55,-170.5461,-119.55185
DK2,combined_hour_logit,top1,hour,0.0025,original_M0__top2,-136.1875,-170.182625,-119.1898125
DK2,combined_hour_logit,top1,hour,0.003,original_M0__top2,-135.825,-169.81914999999998,-118.827775
DK2,combined_hour_logit,top1,hour,0.0035,original_M0__top2,-135.4625,-169.455675,-118.46573749999999
DK2,combined_hour_logit,top1,hour,0.004,original_M0__top2,-135.1,-169.09220000000002,-118.1037
DK2,combined_hour_logit,top1,hour,0.0045000000000000005,original_M0__top2,-134.7375,-168.728725,-117.7416625
DK2,combined_hour_logit,top1,hour,0.005000000000000001,original_M0__top2,-134.375,-168.36525,-117.37962499999999
DK2,combined_hour_logit,top1,hour,0.0055,original_M0__top2,-134.0125,-168.00177499999998,-117.0175875
DK2,combined_hour_logit,top1,hour,0.006,original_M0__top2,-133.65,-167.63830000000002,-116.65555
DK2,combined_hour_logit,top1,hour,0.006500000000000001,original_M0__top2,-133.2875,-167.274825,-116.29351249999999
DK2,combined_hour_logit,top1,hour,0.007000000000000001,original_M0__top2,-132.925,-166.91135,-115.931475
DK2,combined_hour_logit,top1,hour,0.0075,original_M0__top2,-132.5625,-166.547875,-115.56943749999999
DK2,combined_hour_logit,top1,hour,0.008,original_M0__top2,-132.2,-166.1844,-115.20739999999999
DK2,combined_hour_logit,top1,hour,0.0085,original_M0__top2,-131.8375,-165.82092500000002,-114.84536250000001
DK2,combined_hour_logit,top1,hour,0.009000000000000001,original_M0__top2,-131.475,-165.45745,-114.483325
DK2,combined_hour_logit,top1,hour,0.009500000000000001,original_M0__top2,-131.1125,-165.093975,-114.1212875
DK2,combined_hour_logit,top1,hour,0.01,original_M0__top2,-130.75,-164.73049999999998,-113.75925000000001
DK2,combined_hour_logit,top1,hour,0.0105,original_M0__top2,-130.3875,-164.367025,-113.3972125
DK2,combined_hour_logit,top1,hour,0.011000000000000001,original_M0__top2,-130.025,-164.00355,-113.035175
DK2,combined_hour_logit,top1,hour,0.0115,original_M0__top2,-129.6625,-163.640075,-112.67313750000001
DK2,combined_hour_logit,top1,hour,0.012,original_M0__top2,-129.3,-163.2766,-112.3111
DK2,combined_hour_logit,top1,hour,0.0125,original_M0__top2,-128.9375,-162.913125,-111.9490625
DK2,combined_hour_logit,top1,hour,0.013000000000000001,original_M0__top2,-128.575,-162.54965,-111.587025
DK2,combined_hour_logit,top1,hour,0.013500000000000002,original_M0__top2,-128.2125,-162.186175,-111.2249875
DK2,combined_hour_logit,top1,hour,0.014,original_M0__top2,-127.85,-161.8227,-110.86295000000001
DK2,combined_hour_logit,top1,hour,0.0145,original_M0__top2,-127.4875,-161.45922499999998,-110.5009125
DK2,combined_hour_logit,top1,hour,0.015,original_M0__top2,-127.125,-161.09575,-110.138875
DK2,combined_hour_logit,top1,hour,0.02,original_M0__top2,-123.5,-157.461,-106.5185
DK2,combined_hour_logit,top1,hour,0.03,original_M0__top2,-116.25,-150.1915,-99.27775
DK2,combined_hour_logit,top1,hour,0.05,original_M0__top2,-101.75,-135.6525,-84.79625
DK2,combined_hour_logit,top1,hour,0.1,original_M0__top2,-65.5,-99.30499999999999,-48.5925
DK2,combined_hour_logit,top1,hour,0.2,original_M0__top2,7.0,-26.609999999999992,23.814999999999998
DK2,combined_hour_logit,top1,hour,0.25,original_M0__top2,43.25,9.7375,60.01874999999998
DK2,combined_hour_logit,top1,hour,0.5,original_M0__top2,224.5,190.0,241.5
DK2,combined_hour_logit,top1,hour,1.0,original_M0__top2,587.0,551.0,604.0
DK2,combined_hour_logit,top2,process,0.0,original_M0__top2,8.0,2.0,13.0
DK2,combined_hour_logit,top2,process,0.0005,original_M0__top2,8.0,2.0,13.0
DK2,combined_hour_logit,top2,process,0.001,original_M0__top2,8.0,2.0,13.0
DK2,combined_hour_logit,top2,process,0.0015,original_M0__top2,8.0,2.0,13.0
DK2,combined_hour_logit,top2,process,0.002,original_M0__top2,8.0,2.0,13.0
DK2,combined_hour_logit,top2,process,0.0025,original_M0__top2,8.0,2.0,13.0
DK2,combined_hour_logit,top2,process,0.003,original_M0__top2,8.0,2.0,13.0
DK2,combined_hour_logit,top2,process,0.0035,original_M0__top2,8.0,2.0,13.0
DK2,combined_hour_logit,top2,process,0.004,original_M0__top2,8.0,2.0,13.0
DK2,combined_hour_logit,top2,process,0.0045000000000000005,original_M0__top2,8.0,2.0,13.0
DK2,combined_hour_logit,top2,process,0.005000000000000001,original_M0__top2,8.0,2.0,13.0
DK2,combined_hour_logit,top2,process,0.0055,original_M0__top2,8.0,2.0,13.0
DK2,combined_hour_logit,top2,process,0.006,original_M0__top2,8.0,2.0,13.0
DK2,combined_hour_logit,top2,process,0.006500000000000001,original_M0__top2,8.0,2.0,13.0
DK2,combined_hour_logit,top2,process,0.007000000000000001,original_M0__top2,8.0,2.0,13.0
DK2,combined_hour_logit,top2,process,0.0075,original_M0__top2,8.0,2.0,13.0
DK2,combined_hour_logit,top2,process,0.008,original_M0__top2,8.0,2.0,13.0
DK2,combined_hour_logit,top2,process,0.0085,original_M0__top2,8.0,2.0,13.0
DK2,combined_hour_logit,top2,process,0.009000000000000001,original_M0__top2,8.0,2.0,13.0
DK2,combined_hour_logit,top2,process,0.009500000000000001,original_M0__top2,8.0,2.0,13.0
DK2,combined_hour_logit,top2,process,0.01,original_M0__top2,8.0,2.0,13.0
DK2,combined_hour_logit,top2,process,0.0105,original_M0__top2,8.0,2.0,13.0
DK2,combined_hour_logit,top2,process,0.011000000000000001,original_M0__top2,8.0,2.0,13.0
DK2,combined_hour_logit,top2,process,0.0115,original_M0__top2,8.0,2.0,13.0
DK2,combined_hour_logit,top2,process,0.012,original_M0__top2,8.0,2.0,13.0
DK2,combined_hour_logit,top2,process,0.0125,original_M0__top2,8.0,2.0,13.0
DK2,combined_hour_logit,top2,process,0.013000000000000001,original_M0__top2,8.0,2.0,13.0
DK2,combined_hour_logit,top2,process,0.013500000000000002,original_M0__top2,8.0,2.0,13.0
DK2,combined_hour_logit,top2,process,0.014,original_M0__top2,8.0,2.0,13.0
DK2,combined_hour_logit,top2,process,0.0145,original_M0__top2,8.0,2.0,13.0
DK2,combined_hour_logit,top2,process,0.015,original_M0__top2,8.0,2.0,13.0
DK2,combined_hour_logit,top2,process,0.02,original_M0__top2,8.0,2.0,13.0
DK2,combined_hour_logit,top2,process,0.03,original_M0__top2,8.0,2.0,13.0
DK2,combined_hour_logit,top2,process,0.05,original_M0__top2,8.0,2.0,13.0
DK2,combined_hour_logit,top2,process,0.1,original_M0__top2,8.0,2.0,13.0
DK2,combined_hour_logit,top2,process,0.2,original_M0__top2,8.0,2.0,13.0
DK2,combined_hour_logit,top2,process,0.25,original_M0__top2,8.0,2.0,13.0
DK2,combined_hour_logit,top2,process,0.5,original_M0__top2,8.0,2.0,13.0
DK2,combined_hour_logit,top2,process,1.0,original_M0__top2,8.0,2.0,13.0
DK2,combined_hour_logit,top2,hour,0.0,original_M0__top2,20.0,7.0,31.0
DK2,combined_hour_logit,top2,hour,0.0005,original_M0__top2,20.0,7.0,31.0
DK2,combined_hour_logit,top2,hour,0.001,original_M0__top2,20.0,7.0,31.0
DK2,combined_hour_logit,top2,hour,0.0015,original_M0__top2,20.0,7.0,31.0
DK2,combined_hour_logit,top2,hour,0.002,original_M0__top2,20.0,7.0,31.0
DK2,combined_hour_logit,top2,hour,0.0025,original_M0__top2,20.0,7.0,31.0
DK2,combined_hour_logit,top2,hour,0.003,original_M0__top2,20.0,7.0,31.0
DK2,combined_hour_logit,top2,hour,0.0035,original_M0__top2,20.0,7.0,31.0
DK2,combined_hour_logit,top2,hour,0.004,original_M0__top2,20.0,7.0,31.0
DK2,combined_hour_logit,top2,hour,0.0045000000000000005,original_M0__top2,20.0,7.0,31.0
DK2,combined_hour_logit,top2,hour,0.005000000000000001,original_M0__top2,20.0,7.0,31.0
DK2,combined_hour_logit,top2,hour,0.0055,original_M0__top2,20.0,7.0,31.0
DK2,combined_hour_logit,top2,hour,0.006,original_M0__top2,20.0,7.0,31.0
DK2,combined_hour_logit,top2,hour,0.006500000000000001,original_M0__top2,20.0,7.0,31.0
DK2,combined_hour_logit,top2,hour,0.007000000000000001,original_M0__top2,20.0,7.0,31.0
DK2,combined_hour_logit,top2,hour,0.0075,original_M0__top2,20.0,7.0,31.0
DK2,combined_hour_logit,top2,hour,0.008,original_M0__top2,20.0,7.0,31.0
DK2,combined_hour_logit,top2,hour,0.0085,original_M0__top2,20.0,7.0,31.0
DK2,combined_hour_logit,top2,hour,0.009000000000000001,original_M0__top2,20.0,7.0,31.0
DK2,combined_hour_logit,top2,hour,0.009500000000000001,original_M0__top2,20.0,7.0,31.0
DK2,combined_hour_logit,top2,hour,0.01,original_M0__top2,20.0,7.0,31.0
DK2,combined_hour_logit,top2,hour,0.0105,original_M0__top2,20.0,7.0,31.0
DK2,combined_hour_logit,top2,hour,0.011000000000000001,original_M0__top2,20.0,7.0,31.0
DK2,combined_hour_logit,top2,hour,0.0115,original_M0__top2,20.0,7.0,31.0
DK2,combined_hour_logit,top2,hour,0.012,original_M0__top2,20.0,7.0,31.0
DK2,combined_hour_logit,top2,hour,0.0125,original_M0__top2,20.0,7.0,31.0
DK2,combined_hour_logit,top2,hour,0.013000000000000001,original_M0__top2,20.0,7.0,31.0
DK2,combined_hour_logit,top2,hour,0.013500000000000002,original_M0__top2,20.0,7.0,31.0
DK2,combined_hour_logit,top2,hour,0.014,original_M0__top2,20.0,7.0,31.0
DK2,combined_hour_logit,top2,hour,0.0145,original_M0__top2,20.0,7.0,31.0
DK2,combined_hour_logit,top2,hour,0.015,original_M0__top2,20.0,7.0,31.0
DK2,combined_hour_logit,top2,hour,0.02,original_M0__top2,20.0,7.0,31.0
DK2,combined_hour_logit,top2,hour,0.03,original_M0__top2,20.0,7.0,31.0
DK2,combined_hour_logit,top2,hour,0.05,original_M0__top2,20.0,7.0,31.0
DK2,combined_hour_logit,top2,hour,0.1,original_M0__top2,20.0,7.0,31.0
DK2,combined_hour_logit,top2,hour,0.2,original_M0__top2,20.0,7.0,31.0
DK2,combined_hour_logit,top2,hour,0.25,original_M0__top2,20.0,7.0,31.0
DK2,combined_hour_logit,top2,hour,0.5,original_M0__top2,20.0,7.0,31.0
DK2,combined_hour_logit,top2,hour,1.0,original_M0__top2,20.0,7.0,31.0
DK2,combined_hour_logit,count2022_target05,process,0.0,original_M0__top2,6.0,-0.02499999999999858,11.0
DK2,combined_hour_logit,count2022_target05,process,0.0005,original_M0__top2,6.3315,0.28288750000000135,11.3330125
DK2,combined_hour_logit,count2022_target05,process,0.001,original_M0__top2,6.663,0.5907750000000013,11.666025000000001
DK2,combined_hour_logit,count2022_target05,process,0.0015,original_M0__top2,6.9945,0.8986625000000011,11.9990375
DK2,combined_hour_logit,count2022_target05,process,0.002,original_M0__top2,7.3260000000000005,1.2065500000000011,12.33205
DK2,combined_hour_logit,count2022_target05,process,0.0025,original_M0__top2,7.6575,1.514437500000001,12.6650625
DK2,combined_hour_logit,count2022_target05,process,0.003,original_M0__top2,7.989,1.8223250000000009,12.998075
DK2,combined_hour_logit,count2022_target05,process,0.0035,original_M0__top2,8.3205,2.130212500000001,13.331087499999999
DK2,combined_hour_logit,count2022_target05,process,0.004,original_M0__top2,8.652000000000001,2.438100000000001,13.6641
DK2,combined_hour_logit,count2022_target05,process,0.0045000000000000005,original_M0__top2,8.9835,2.745987500000001,13.9971125
DK2,combined_hour_logit,count2022_target05,process,0.005000000000000001,original_M0__top2,9.315000000000001,3.053875000000001,14.330125
DK2,combined_hour_logit,count2022_target05,process,0.0055,original_M0__top2,9.6465,3.3617625,14.6631375
DK2,combined_hour_logit,count2022_target05,process,0.006,original_M0__top2,9.978,3.6696500000000003,14.99615
DK2,combined_hour_logit,count2022_target05,process,0.006500000000000001,original_M0__top2,10.3095,3.9775375000000004,15.3291625
DK2,combined_hour_logit,count2022_target05,process,0.007000000000000001,original_M0__top2,10.641000000000002,4.285425000000001,15.662175000000001
DK2,combined_hour_logit,count2022_target05,process,0.0075,original_M0__top2,10.9725,4.593312500000001,15.9951875
DK2,combined_hour_logit,count2022_target05,process,0.008,original_M0__top2,11.304,4.9012,16.3282
DK2,combined_hour_logit,count2022_target05,process,0.0085,original_M0__top2,11.6355,5.209087500000001,16.6612125
DK2,combined_hour_logit,count2022_target05,process,0.009000000000000001,original_M0__top2,11.967,5.516975,16.994225
DK2,combined_hour_logit,count2022_target05,process,0.009500000000000001,original_M0__top2,12.2985,5.860550000000002,17.327237500000003
DK2,combined_hour_logit,count2022_target05,process,0.01,original_M0__top2,12.629999999999999,6.169,17.66025
DK2,combined_hour_logit,count2022_target05,process,0.0105,original_M0__top2,12.961500000000001,6.47745,17.9932625
DK2,combined_hour_logit,count2022_target05,process,0.011000000000000001,original_M0__top2,13.293000000000001,6.785900000000001,18.326275
DK2,combined_hour_logit,count2022_target05,process,0.0115,original_M0__top2,13.624500000000001,7.0943499999999995,18.659287499999998
DK2,combined_hour_logit,count2022_target05,process,0.012,original_M0__top2,13.956,7.4028,18.9923
DK2,combined_hour_logit,count2022_target05,process,0.0125,original_M0__top2,14.2875,7.711250000000001,19.325312500000003
DK2,combined_hour_logit,count2022_target05,process,0.013000000000000001,original_M0__top2,14.619000000000002,8.020050000000001,19.658325
DK2,combined_hour_logit,count2022_target05,process,0.013500000000000002,original_M0__top2,14.950500000000002,8.329475,19.9913375
DK2,combined_hour_logit,count2022_target05,process,0.014,original_M0__top2,15.282,8.67365,20.32435
DK2,combined_hour_logit,count2022_target05,process,0.0145,original_M0__top2,15.6135,9.019137500000001,20.6573625
DK2,combined_hour_logit,count2022_target05,process,0.015,original_M0__top2,15.945,9.364625,20.990375
DK2,combined_hour_logit,count2022_target05,process,0.02,original_M0__top2,19.259999999999998,12.638,24.3415
DK2,combined_hour_logit,count2022_target05,process,0.03,original_M0__top2,25.89,19.11875,30.98075
DK2,combined_hour_logit,count2022_target05,process,0.05,original_M0__top2,39.15,32.050000000000004,44.5
DK2,combined_hour_logit,count2022_target05,process,0.1,original_M0__top2,72.3,63.89750000000001,78.6025
DK2,combined_hour_logit,count2022_target05,process,0.2,original_M0__top2,138.6,126.39500000000001,148.605
DK2,combined_hour_logit,count2022_target05,process,0.25,original_M0__top2,171.75,157.0,184.0
DK2,combined_hour_logit,count2022_target05,process,0.5,original_M0__top2,337.5,311.0,363.0
DK2,combined_hour_logit,count2022_target05,process,1.0,original_M0__top2,669.0,617.0,721.0
DK2,combined_hour_logit,count2022_target05,hour,0.0,original_M0__top2,16.0,2.0,26.0
DK2,combined_hour_logit,count2022_target05,hour,0.0005,original_M0__top2,16.3315,2.3298875,26.327137500000003
DK2,combined_hour_logit,count2022_target05,hour,0.001,original_M0__top2,16.663,2.6597750000000002,26.654275
DK2,combined_hour_logit,count2022_target05,hour,0.0015,original_M0__top2,16.9945,2.9896625,26.9814125
DK2,combined_hour_logit,count2022_target05,hour,0.002,original_M0__top2,17.326,3.3195500000000004,27.30855
DK2,combined_hour_logit,count2022_target05,hour,0.0025,original_M0__top2,17.6575,3.6494375000000003,27.6356875
DK2,combined_hour_logit,count2022_target05,hour,0.003,original_M0__top2,17.989,3.9793250000000002,27.962825
DK2,combined_hour_logit,count2022_target05,hour,0.0035,original_M0__top2,18.3205,4.3092125,28.2899625
DK2,combined_hour_logit,count2022_target05,hour,0.004,original_M0__top2,18.652,4.639100000000001,28.617099999999997
DK2,combined_hour_logit,count2022_target05,hour,0.0045000000000000005,original_M0__top2,18.9835,4.968987500000001,28.9442375
DK2,combined_hour_logit,count2022_target05,hour,0.005000000000000001,original_M0__top2,19.315,5.298875000000001,29.271375
DK2,combined_hour_logit,count2022_target05,hour,0.0055,original_M0__top2,19.6465,5.6287625,29.5985125
DK2,combined_hour_logit,count2022_target05,hour,0.006,original_M0__top2,19.978,5.9586500000000004,29.925649999999997
DK2,combined_hour_logit,count2022_target05,hour,0.006500000000000001,original_M0__top2,20.3095,6.2885375,30.2527875
DK2,combined_hour_logit,count2022_target05,hour,0.007000000000000001,original_M0__top2,20.641000000000002,6.618425000000001,30.579925
DK2,combined_hour_logit,count2022_target05,hour,0.0075,original_M0__top2,20.9725,6.9483125,30.9070625
DK2,combined_hour_logit,count2022_target05,hour,0.008,original_M0__top2,21.304000000000002,7.2782,31.234199999999998
DK2,combined_hour_logit,count2022_target05,hour,0.0085,original_M0__top2,21.6355,7.608087500000001,31.5613375
DK2,combined_hour_logit,count2022_target05,hour,0.009000000000000001,original_M0__top2,21.967,7.937975000000001,31.888475
DK2,combined_hour_logit,count2022_target05,hour,0.009500000000000001,original_M0__top2,22.2985,8.267862500000001,32.2156125
DK2,combined_hour_logit,count2022_target05,hour,0.01,original_M0__top2,22.63,8.597750000000001,32.54275
DK2,combined_hour_logit,count2022_target05,hour,0.0105,original_M0__top2,22.9615,8.9276375,32.8698875
DK2,combined_hour_logit,count2022_target05,hour,0.011000000000000001,original_M0__top2,23.293,9.257525000000001,33.197025
DK2,combined_hour_logit,count2022_target05,hour,0.0115,original_M0__top2,23.6245,9.5874125,33.524162499999996
DK2,combined_hour_logit,count2022_target05,hour,0.012,original_M0__top2,23.956,9.917300000000001,33.851299999999995
DK2,combined_hour_logit,count2022_target05,hour,0.0125,original_M0__top2,24.2875,10.2471875,34.178437499999994
DK2,combined_hour_logit,count2022_target05,hour,0.013000000000000001,original_M0__top2,24.619,10.577075,34.505575
DK2,combined_hour_logit,count2022_target05,hour,0.013500000000000002,original_M0__top2,24.9505,10.906962500000002,34.8327125
DK2,combined_hour_logit,count2022_target05,hour,0.014,original_M0__top2,25.282,11.23685,35.15985
DK2,combined_hour_logit,count2022_target05,hour,0.0145,original_M0__top2,25.613500000000002,11.5667375,35.4869875
DK2,combined_hour_logit,count2022_target05,hour,0.015,original_M0__top2,25.945,11.896625,35.814125
DK2,combined_hour_logit,count2022_target05,hour,0.02,original_M0__top2,29.259999999999998,15.195500000000001,39.302499999999995
DK2,combined_hour_logit,count2022_target05,hour,0.03,original_M0__top2,35.89,21.8585,46.3615
DK2,combined_hour_logit,count2022_target05,hour,0.05,original_M0__top2,49.15,34.948750000000004,59.256249999999994
DK2,combined_hour_logit,count2022_target05,hour,0.1,original_M0__top2,82.3,67.0,92.9075
DK2,combined_hour_logit,count2022_target05,hour,0.2,original_M0__top2,148.6,130.59500000000003,161.205
DK2,combined_hour_logit,count2022_target05,hour,0.25,original_M0__top2,181.75,162.24375,195.75625
DK2,combined_hour_logit,count2022_target05,hour,0.5,original_M0__top2,347.5,316.9875,371.5
DK2,combined_hour_logit,count2022_target05,hour,1.0,original_M0__top2,679.0,623.975,729.0
DK2,combined_hour_logit,count2023_target05,process,0.0,original_M0__top2,6.0,-0.02499999999999858,11.0
DK2,combined_hour_logit,count2023_target05,process,0.0005,original_M0__top2,6.2805,0.22762500000000133,11.2850125
DK2,combined_hour_logit,count2023_target05,process,0.001,original_M0__top2,6.561,0.48025000000000123,11.570025000000001
DK2,combined_hour_logit,count2023_target05,process,0.0015,original_M0__top2,6.8415,0.7328750000000012,11.8550375
DK2,combined_hour_logit,count2023_target05,process,0.002,original_M0__top2,7.122,0.985500000000001,12.14005
DK2,combined_hour_logit,count2023_target05,process,0.0025,original_M0__top2,7.4025,1.238125000000001,12.425062500000001
DK2,combined_hour_logit,count2023_target05,process,0.003,original_M0__top2,7.683,1.490750000000001,12.710075000000002
DK2,combined_hour_logit,count2023_target05,process,0.0035,original_M0__top2,7.9635,1.7433750000000008,12.9950875
DK2,combined_hour_logit,count2023_target05,process,0.004,original_M0__top2,8.244,1.9960000000000007,13.280100000000001
DK2,combined_hour_logit,count2023_target05,process,0.0045000000000000005,original_M0__top2,8.5245,2.248625000000001,13.565112500000001
DK2,combined_hour_logit,count2023_target05,process,0.005000000000000001,original_M0__top2,8.805,2.501250000000001,13.850125000000002
DK2,combined_hour_logit,count2023_target05,process,0.0055,original_M0__top2,9.0855,2.7538750000000003,14.135137499999999
DK2,combined_hour_logit,count2023_target05,process,0.006,original_M0__top2,9.366,3.0065000000000004,14.42015
DK2,combined_hour_logit,count2023_target05,process,0.006500000000000001,original_M0__top2,9.6465,3.2591250000000005,14.7051625
DK2,combined_hour_logit,count2023_target05,process,0.007000000000000001,original_M0__top2,9.927,3.5117500000000006,14.990175
DK2,combined_hour_logit,count2023_target05,process,0.0075,original_M0__top2,10.2075,3.764375,15.275187499999998
DK2,combined_hour_logit,count2023_target05,process,0.008,original_M0__top2,10.488,4.055,15.5602
DK2,combined_hour_logit,count2023_target05,process,0.0085,original_M0__top2,10.7685,4.369375000000001,15.8452125
DK2,combined_hour_logit,count2023_target05,process,0.009000000000000001,original_M0__top2,11.049,4.64085,16.130225000000003
DK2,combined_hour_logit,count2023_target05,process,0.009500000000000001,original_M0__top2,11.329500000000001,4.898675000000001,16.4152375
DK2,combined_hour_logit,count2023_target05,process,0.01,original_M0__top2,11.61,5.1565,16.70025
DK2,combined_hour_logit,count2023_target05,process,0.0105,original_M0__top2,11.8905,5.41505,16.985262499999997
DK2,combined_hour_logit,count2023_target05,process,0.011000000000000001,original_M0__top2,12.171,5.6741,17.270274999999998
DK2,combined_hour_logit,count2023_target05,process,0.0115,original_M0__top2,12.4515,5.93315,17.5552875
DK2,combined_hour_logit,count2023_target05,process,0.012,original_M0__top2,12.732,6.1998,17.8403
DK2,combined_hour_logit,count2023_target05,process,0.0125,original_M0__top2,13.0125,6.49875,18.1253125
DK2,combined_hour_logit,count2023_target05,process,0.013000000000000001,original_M0__top2,13.293000000000001,6.797700000000001,18.410325
DK2,combined_hour_logit,count2023_target05,process,0.013500000000000002,original_M0__top2,13.573500000000001,7.096650000000001,18.6953375
DK2,combined_hour_logit,count2023_target05,process,0.014,original_M0__top2,13.854,7.3614,18.98035
DK2,combined_hour_logit,count2023_target05,process,0.0145,original_M0__top2,14.134500000000001,7.6252,19.265362500000002
DK2,combined_hour_logit,count2023_target05,process,0.015,original_M0__top2,14.415,7.888999999999999,19.545125000000002
DK2,combined_hour_logit,count2023_target05,process,0.02,original_M0__top2,17.22,10.5395,22.3405
DK2,combined_hour_logit,count2023_target05,process,0.03,original_M0__top2,22.83,16.068,28.03175
DK2,combined_hour_logit,count2023_target05,process,0.05,original_M0__top2,34.05,26.848750000000003,39.35125
DK2,combined_hour_logit,count2023_target05,process,0.1,original_M0__top2,62.1,53.6,68.10249999999999
DK2,combined_hour_logit,count2023_target05,process,0.2,original_M0__top2,118.2,105.2,128.60000000000002
DK2,combined_hour_logit,count2023_target05,process,0.25,original_M0__top2,146.25,130.99375,159.00625
DK2,combined_hour_logit,count2023_target05,process,0.5,original_M0__top2,286.5,258.9875,311.5125
DK2,combined_hour_logit,count2023_target05,process,1.0,original_M0__top2,567.0,513.0,619.0
DK2,combined_hour_logit,count2023_target05,hour,0.0,original_M0__top2,18.0,5.0,29.0
DK2,combined_hour_logit,count2023_target05,hour,0.0005,original_M0__top2,18.2805,5.265925,29.2715375
DK2,combined_hour_logit,count2023_target05,hour,0.001,original_M0__top2,18.561,5.53185,29.543074999999998
DK2,combined_hour_logit,count2023_target05,hour,0.0015,original_M0__top2,18.8415,5.797775,29.8146125
DK2,combined_hour_logit,count2023_target05,hour,0.002,original_M0__top2,19.122,6.0637,30.08615
DK2,combined_hour_logit,count2023_target05,hour,0.0025,original_M0__top2,19.4025,6.329625,30.3576875
DK2,combined_hour_logit,count2023_target05,hour,0.003,original_M0__top2,19.683,6.59555,30.629225
DK2,combined_hour_logit,count2023_target05,hour,0.0035,original_M0__top2,19.9635,6.861475,30.9007625
DK2,combined_hour_logit,count2023_target05,hour,0.004,original_M0__top2,20.244,7.1274,31.1723
DK2,combined_hour_logit,count2023_target05,hour,0.0045000000000000005,original_M0__top2,20.5245,7.393325,31.4438375
DK2,combined_hour_logit,count2023_target05,hour,0.005000000000000001,original_M0__top2,20.805,7.65925,31.715374999999998
DK2,combined_hour_logit,count2023_target05,hour,0.0055,original_M0__top2,21.0855,7.925175,31.9869125
DK2,combined_hour_logit,count2023_target05,hour,0.006,original_M0__top2,21.366,8.1911,32.25845
DK2,combined_hour_logit,count2023_target05,hour,0.006500000000000001,original_M0__top2,21.6465,8.457025,32.5299875
DK2,combined_hour_logit,count2023_target05,hour,0.007000000000000001,original_M0__top2,21.927,8.72295,32.801525
DK2,combined_hour_logit,count2023_target05,hour,0.0075,original_M0__top2,22.2075,8.988875,33.0730625
DK2,combined_hour_logit,count2023_target05,hour,0.008,original_M0__top2,22.488,9.2548,33.3446
DK2,combined_hour_logit,count2023_target05,hour,0.0085,original_M0__top2,22.7685,9.520725,33.616137499999994
DK2,combined_hour_logit,count2023_target05,hour,0.009000000000000001,original_M0__top2,23.049,9.78665,33.887675
DK2,combined_hour_logit,count2023_target05,hour,0.009500000000000001,original_M0__top2,23.329500000000003,10.052575000000003,34.1592125
DK2,combined_hour_logit,count2023_target05,hour,0.01,original_M0__top2,23.61,10.3185,34.430749999999996
DK2,combined_hour_logit,count2023_target05,hour,0.0105,original_M0__top2,23.8905,10.584425,34.702287500000004
DK2,combined_hour_logit,count2023_target05,hour,0.011000000000000001,original_M0__top2,24.171,10.850375,34.973825
DK2,combined_hour_logit,count2023_target05,hour,0.0115,original_M0__top2,24.4515,11.117437500000001,35.2453625
DK2,combined_hour_logit,count2023_target05,hour,0.012,original_M0__top2,24.732,11.4035,35.5169
DK2,combined_hour_logit,count2023_target05,hour,0.0125,original_M0__top2,25.0125,11.6865625,35.7884375
DK2,combined_hour_logit,count2023_target05,hour,0.013000000000000001,original_M0__top2,25.293,11.954025000000001,36.059974999999994
DK2,combined_hour_logit,count2023_target05,hour,0.013500000000000002,original_M0__top2,25.573500000000003,12.2214875,36.3315125
DK2,combined_hour_logit,count2023_target05,hour,0.014,original_M0__top2,25.854,12.48895,36.638149999999996
DK2,combined_hour_logit,count2023_target05,hour,0.0145,original_M0__top2,26.134500000000003,12.7564125,36.9177375
DK2,combined_hour_logit,count2023_target05,hour,0.015,original_M0__top2,26.415,13.023875,37.191624999999995
DK2,combined_hour_logit,count2023_target05,hour,0.02,original_M0__top2,29.22,15.7195,39.9225
DK2,combined_hour_logit,count2023_target05,hour,0.03,original_M0__top2,34.83,21.158,45.38374999999999
DK2,combined_hour_logit,count2023_target05,hour,0.05,original_M0__top2,46.05,31.946250000000003,56.562499999999986
DK2,combined_hour_logit,count2023_target05,hour,0.1,original_M0__top2,74.1,59.49,84.81
DK2,combined_hour_logit,count2023_target05,hour,0.2,original_M0__top2,130.2,112.2,142.8
DK2,combined_hour_logit,count2023_target05,hour,0.25,original_M0__top2,158.25,138.7375,172.0
DK2,combined_hour_logit,count2023_target05,hour,0.5,original_M0__top2,298.5,267.975,324.0
DK2,combined_hour_logit,count2023_target05,hour,1.0,original_M0__top2,579.0,522.975,629.025
DK2,combined_hour_logit,fixed025,process,0.0,original_M0__top2,-6.0,-13.0,-1.0
DK2,combined_hour_logit,fixed025,process,0.0005,original_M0__top2,-5.508,-12.530199999999999,-0.5029250000000001
DK2,combined_hour_logit,fixed025,process,0.001,original_M0__top2,-5.016,-12.060400000000001,-0.0058500000000001415
DK2,combined_hour_logit,fixed025,process,0.0015,original_M0__top2,-4.524,-11.5906,0.4912249999999999
DK2,combined_hour_logit,fixed025,process,0.002,original_M0__top2,-4.032,-11.1208,0.9882999999999997
DK2,combined_hour_logit,fixed025,process,0.0025,original_M0__top2,-3.54,-10.651,1.4853749999999994
DK2,combined_hour_logit,fixed025,process,0.003,original_M0__top2,-3.048,-10.1812,1.9824499999999998
DK2,combined_hour_logit,fixed025,process,0.0035,original_M0__top2,-2.556,-9.711400000000001,2.4795249999999998
DK2,combined_hour_logit,fixed025,process,0.004,original_M0__top2,-2.064,-9.2416,2.9765999999999995
DK2,combined_hour_logit,fixed025,process,0.0045000000000000005,original_M0__top2,-1.5719999999999992,-8.771799999999999,3.473675
DK2,combined_hour_logit,fixed025,process,0.005000000000000001,original_M0__top2,-1.0799999999999992,-8.302,3.97075
DK2,combined_hour_logit,fixed025,process,0.0055,original_M0__top2,-0.5880000000000001,-7.8322,4.467824999999999
DK2,combined_hour_logit,fixed025,process,0.006,original_M0__top2,-0.09600000000000009,-7.3619,4.964899999999999
DK2,combined_hour_logit,fixed025,process,0.006500000000000001,original_M0__top2,0.3960000000000008,-6.889024999999999,5.461975
DK2,combined_hour_logit,fixed025,process,0.007000000000000001,original_M0__top2,0.8880000000000008,-6.365399999999999,5.95905
DK2,combined_hour_logit,fixed025,process,0.0075,original_M0__top2,1.38,-5.891500000000001,6.456124999999999
DK2,combined_hour_logit,fixed025,process,0.008,original_M0__top2,1.8719999999999999,-5.417599999999999,6.953199999999999
DK2,combined_hour_logit,fixed025,process,0.0085,original_M0__top2,2.3640000000000008,-4.9437,7.449774999999999
DK2,combined_hour_logit,fixed025,process,0.009000000000000001,original_M0__top2,2.8560000000000016,-4.469799999999998,7.92065
DK2,combined_hour_logit,fixed025,process,0.009500000000000001,original_M0__top2,3.3480000000000008,-3.995899999999998,8.4152125
DK2,combined_hour_logit,fixed025,process,0.01,original_M0__top2,3.84,-3.5219999999999994,8.91075
DK2,combined_hour_logit,fixed025,process,0.0105,original_M0__top2,4.332000000000001,-3.0480999999999994,9.4062875
DK2,combined_hour_logit,fixed025,process,0.011000000000000001,original_M0__top2,4.824000000000002,-2.574199999999999,9.901825
DK2,combined_hour_logit,fixed025,process,0.0115,original_M0__top2,5.315999999999999,-2.1003000000000007,10.397362499999998
DK2,combined_hour_logit,fixed025,process,0.012,original_M0__top2,5.808,-1.6264000000000005,10.8929
DK2,combined_hour_logit,fixed025,process,0.0125,original_M0__top2,6.300000000000001,-1.1524999999999985,11.3884375
DK2,combined_hour_logit,fixed025,process,0.013000000000000001,original_M0__top2,6.792000000000002,-0.6785999999999982,11.883975
DK2,combined_hour_logit,fixed025,process,0.013500000000000002,original_M0__top2,7.284000000000001,-0.20469999999999805,12.3795125
DK2,combined_hour_logit,fixed025,process,0.014,original_M0__top2,7.776,0.2692000000000004,12.87505
DK2,combined_hour_logit,fixed025,process,0.0145,original_M0__top2,8.268,0.7431000000000006,13.3705875
DK2,combined_hour_logit,fixed025,process,0.015,original_M0__top2,8.76,1.216999999999999,13.870999999999999
DK2,combined_hour_logit,fixed025,process,0.02,original_M0__top2,13.68,5.979500000000001,18.8215
DK2,combined_hour_logit,fixed025,process,0.03,original_M0__top2,23.52,15.6395,28.9305
DK2,combined_hour_logit,fixed025,process,0.05,original_M0__top2,43.2,34.74875,48.7
DK2,combined_hour_logit,fixed025,process,0.1,original_M0__top2,92.4,82.0,99.4
DK2,combined_hour_logit,fixed025,process,0.2,original_M0__top2,190.8,174.79500000000002,201.20000000000002
DK2,combined_hour_logit,fixed025,process,0.25,original_M0__top2,240.0,220.75,252.2625
DK2,combined_hour_logit,fixed025,process,0.5,original_M0__top2,486.0,450.5,509.5125
DK2,combined_hour_logit,fixed025,process,1.0,original_M0__top2,978.0,910.925,1025.025
DK2,combined_hour_logit,fixed025,hour,0.0,original_M0__top2,-20.0,-40.0,-8.0
DK2,combined_hour_logit,fixed025,hour,0.0005,original_M0__top2,-19.508,-39.527625,-7.499250000000001
DK2,combined_hour_logit,fixed025,hour,0.001,original_M0__top2,-19.016,-39.05525,-6.9985
DK2,combined_hour_logit,fixed025,hour,0.0015,original_M0__top2,-18.524,-38.582875,-6.497750000000001
DK2,combined_hour_logit,fixed025,hour,0.002,original_M0__top2,-18.032,-38.1105,-5.997
DK2,combined_hour_logit,fixed025,hour,0.0025,original_M0__top2,-17.54,-37.638125,-5.496250000000002
DK2,combined_hour_logit,fixed025,hour,0.003,original_M0__top2,-17.048000000000002,-37.165749999999996,-4.995500000000002
DK2,combined_hour_logit,fixed025,hour,0.0035,original_M0__top2,-16.556,-36.693375,-4.494750000000001
DK2,combined_hour_logit,fixed025,hour,0.004,original_M0__top2,-16.064,-36.221,-3.9940000000000015
DK2,combined_hour_logit,fixed025,hour,0.0045000000000000005,original_M0__top2,-15.572,-35.748625000000004,-3.493250000000002
DK2,combined_hour_logit,fixed025,hour,0.005000000000000001,original_M0__top2,-15.079999999999998,-35.27625,-2.9925000000000015
DK2,combined_hour_logit,fixed025,hour,0.0055,original_M0__top2,-14.588000000000001,-34.803875000000005,-2.491750000000003
DK2,combined_hour_logit,fixed025,hour,0.006,original_M0__top2,-14.096,-34.3315,-1.9910000000000025
DK2,combined_hour_logit,fixed025,hour,0.006500000000000001,original_M0__top2,-13.604,-33.859125,-1.490250000000002
DK2,combined_hour_logit,fixed025,hour,0.007000000000000001,original_M0__top2,-13.111999999999998,-33.38675,-0.9895000000000017
DK2,combined_hour_logit,fixed025,hour,0.0075,original_M0__top2,-12.620000000000001,-32.914375,-0.488750000000004
DK2,combined_hour_logit,fixed025,hour,0.008,original_M0__top2,-12.128,-32.442,0.011999999999997261
DK2,combined_hour_logit,fixed025,hour,0.0085,original_M0__top2,-11.636,-31.969625,0.5127499999999959
DK2,combined_hour_logit,fixed025,hour,0.009000000000000001,original_M0__top2,-11.143999999999998,-31.497249999999998,1.0134999999999963
DK2,combined_hour_logit,fixed025,hour,0.009500000000000001,original_M0__top2,-10.652,-31.024875,1.5142499999999968
DK2,combined_hour_logit,fixed025,hour,0.01,original_M0__top2,-10.16,-30.5525,2.0149999999999952
DK2,combined_hour_logit,fixed025,hour,0.0105,original_M0__top2,-9.668,-30.080125,2.5157499999999957
DK2,combined_hour_logit,fixed025,hour,0.011000000000000001,original_M0__top2,-9.175999999999998,-29.607749999999996,3.016499999999996
DK2,combined_hour_logit,fixed025,hour,0.0115,original_M0__top2,-8.684000000000001,-29.135375,3.5172499999999944
DK2,combined_hour_logit,fixed025,hour,0.012,original_M0__top2,-8.192,-28.663,4.017999999999995
DK2,combined_hour_logit,fixed025,hour,0.0125,original_M0__top2,-7.699999999999999,-28.190625,4.518124999999996
DK2,combined_hour_logit,fixed025,hour,0.013000000000000001,original_M0__top2,-7.207999999999998,-27.718249999999998,5.0178499999999975
DK2,combined_hour_logit,fixed025,hour,0.013500000000000002,original_M0__top2,-6.715999999999999,-27.245874999999998,5.517574999999998
DK2,combined_hour_logit,fixed025,hour,0.014,original_M0__top2,-6.224,-26.7735,6.017299999999998
DK2,combined_hour_logit,fixed025,hour,0.0145,original_M0__top2,-5.731999999999999,-26.301125,6.517024999999998
DK2,combined_hour_logit,fixed025,hour,0.015,original_M0__top2,-5.24,-25.828750000000003,7.016749999999997
DK2,combined_hour_logit,fixed025,hour,0.02,original_M0__top2,-0.3200000000000003,-21.102999999999998,11.824499999999997
DK2,combined_hour_logit,fixed025,hour,0.03,original_M0__top2,9.52,-11.330000000000002,21.554499999999994
DK2,combined_hour_logit,fixed025,hour,0.05,original_M0__top2,29.200000000000003,8.393750000000006,41.1525
DK2,combined_hour_logit,fixed025,hour,0.1,original_M0__top2,78.4,56.60000000000001,90.5025
DK2,combined_hour_logit,fixed025,hour,0.2,original_M0__top2,176.8,152.58500000000004,189.60500000000002
DK2,combined_hour_logit,fixed025,hour,0.25,original_M0__top2,226.0,199.5,239.75
DK2,combined_hour_logit,fixed025,hour,0.5,original_M0__top2,472.0,433.0,493.0125
DK2,combined_hour_logit,fixed025,hour,1.0,original_M0__top2,964.0,893.975,1006.0
DK2,combined_hour_logit,count2022_cool6,process,0.0,original_M0__top2,2.0,-6.0,9.0
DK2,combined_hour_logit,count2022_cool6,process,0.0005,original_M0__top2,2.387,-5.62505,9.3840375
DK2,combined_hour_logit,count2022_cool6,process,0.001,original_M0__top2,2.774,-5.2501,9.768075000000001
DK2,combined_hour_logit,count2022_cool6,process,0.0015,original_M0__top2,3.161,-4.87515,10.152112500000001
DK2,combined_hour_logit,count2022_cool6,process,0.002,original_M0__top2,3.548,-4.5002,10.53615
DK2,combined_hour_logit,count2022_cool6,process,0.0025,original_M0__top2,3.935,-4.12525,10.920187499999999
DK2,combined_hour_logit,count2022_cool6,process,0.003,original_M0__top2,4.322,-3.7503,11.304225
DK2,combined_hour_logit,count2022_cool6,process,0.0035,original_M0__top2,4.709,-3.37535,11.6882625
DK2,combined_hour_logit,count2022_cool6,process,0.004,original_M0__top2,5.096,-3.0004,12.072299999999998
DK2,combined_hour_logit,count2022_cool6,process,0.0045000000000000005,original_M0__top2,5.4830000000000005,-2.6254499999999994,12.4563375
DK2,combined_hour_logit,count2022_cool6,process,0.005000000000000001,original_M0__top2,5.870000000000001,-2.2504999999999993,12.840375
DK2,combined_hour_logit,count2022_cool6,process,0.0055,original_M0__top2,6.257,-1.87555,13.2244125
DK2,combined_hour_logit,count2022_cool6,process,0.006,original_M0__top2,6.644,-1.5006,13.60845
DK2,combined_hour_logit,count2022_cool6,process,0.006500000000000001,original_M0__top2,7.031000000000001,-1.12565,13.992487500000001
DK2,combined_hour_logit,count2022_cool6,process,0.007000000000000001,original_M0__top2,7.418000000000001,-0.750699999999999,14.376525
DK2,combined_hour_logit,count2022_cool6,process,0.0075,original_M0__top2,7.805,-0.37575,14.760562499999999
DK2,combined_hour_logit,count2022_cool6,process,0.008,original_M0__top2,8.192,-0.0007999999999999553,15.144599999999999
DK2,combined_hour_logit,count2022_cool6,process,0.0085,original_M0__top2,8.579,0.3741500000000009,15.5286375
DK2,combined_hour_logit,count2022_cool6,process,0.009000000000000001,original_M0__top2,8.966000000000001,0.7491000000000009,15.912675
DK2,combined_hour_logit,count2022_cool6,process,0.009500000000000001,original_M0__top2,9.353000000000002,1.1240500000000009,16.296712499999998
DK2,combined_hour_logit,count2022_cool6,process,0.01,original_M0__top2,9.74,1.499,16.68075
DK2,combined_hour_logit,count2022_cool6,process,0.0105,original_M0__top2,10.127,1.873950000000001,17.064787499999998
DK2,combined_hour_logit,count2022_cool6,process,0.011000000000000001,original_M0__top2,10.514000000000001,2.2489,17.448825
DK2,combined_hour_logit,count2022_cool6,process,0.0115,original_M0__top2,10.901,2.62385,17.8328625
DK2,combined_hour_logit,count2022_cool6,process,0.012,original_M0__top2,11.288,2.9988,18.2169
DK2,combined_hour_logit,count2022_cool6,process,0.0125,original_M0__top2,11.675,3.3737500000000002,18.6009375
DK2,combined_hour_logit,count2022_cool6,process,0.013000000000000001,original_M0__top2,12.062000000000001,3.7487,18.984975000000002
DK2,combined_hour_logit,count2022_cool6,process,0.013500000000000002,original_M0__top2,12.449000000000002,4.123650000000002,19.3690125
DK2,combined_hour_logit,count2022_cool6,process,0.014,original_M0__top2,12.836,4.4986,19.75305
DK2,combined_hour_logit,count2022_cool6,process,0.0145,original_M0__top2,13.223,4.87355,20.137087500000003
DK2,combined_hour_logit,count2022_cool6,process,0.015,original_M0__top2,13.61,5.2485,20.521124999999998
DK2,combined_hour_logit,count2022_cool6,process,0.02,original_M0__top2,17.48,8.9995,24.360999999999997
DK2,combined_hour_logit,count2022_cool6,process,0.03,original_M0__top2,25.22,16.56825,32.04
DK2,combined_hour_logit,count2022_cool6,process,0.05,original_M0__top2,40.7,31.5,47.35125
DK2,combined_hour_logit,count2022_cool6,process,0.1,original_M0__top2,79.4,68.59500000000001,87.2
DK2,combined_hour_logit,count2022_cool6,process,0.2,original_M0__top2,156.8,141.79500000000002,166.8
DK2,combined_hour_logit,count2022_cool6,process,0.25,original_M0__top2,195.5,178.25,207.0
DK2,combined_hour_logit,count2022_cool6,process,0.5,original_M0__top2,389.0,359.5,409.5125
DK2,combined_hour_logit,count2022_cool6,process,1.0,original_M0__top2,776.0,719.0,814.025
DK2,combined_hour_logit,count2022_cool6,hour,0.0,original_M0__top2,-54.0,-81.0,-33.0
DK2,combined_hour_logit,count2022_cool6,hour,0.0005,original_M0__top2,-53.613,-80.6046875,-32.6233625
DK2,combined_hour_logit,count2022_cool6,hour,0.001,original_M0__top2,-53.226,-80.20937500000001,-32.246725
DK2,combined_hour_logit,count2022_cool6,hour,0.0015,original_M0__top2,-52.839,-79.8140625,-31.8700875
DK2,combined_hour_logit,count2022_cool6,hour,0.002,original_M0__top2,-52.452,-79.41875,-31.49345
DK2,combined_hour_logit,count2022_cool6,hour,0.0025,original_M0__top2,-52.065,-79.0234375,-31.1168125
DK2,combined_hour_logit,count2022_cool6,hour,0.003,original_M0__top2,-51.678,-78.628125,-30.740175
DK2,combined_hour_logit,count2022_cool6,hour,0.0035,original_M0__top2,-51.291,-78.2328125,-30.3635375
DK2,combined_hour_logit,count2022_cool6,hour,0.004,original_M0__top2,-50.903999999999996,-77.83749999999999,-29.986900000000002
DK2,combined_hour_logit,count2022_cool6,hour,0.0045000000000000005,original_M0__top2,-50.516999999999996,-77.4421875,-29.6102625
DK2,combined_hour_logit,count2022_cool6,hour,0.005000000000000001,original_M0__top2,-50.13,-77.046875,-29.233625
DK2,combined_hour_logit,count2022_cool6,hour,0.0055,original_M0__top2,-49.743,-76.6515625,-28.856987500000002
DK2,combined_hour_logit,count2022_cool6,hour,0.006,original_M0__top2,-49.356,-76.25625000000001,-28.48035
DK2,combined_hour_logit,count2022_cool6,hour,0.006500000000000001,original_M0__top2,-48.969,-75.86093749999999,-28.1037125
DK2,combined_hour_logit,count2022_cool6,hour,0.007000000000000001,original_M0__top2,-48.582,-75.46562499999999,-27.727075
DK2,combined_hour_logit,count2022_cool6,hour,0.0075,original_M0__top2,-48.195,-75.0703125,-27.3504375
DK2,combined_hour_logit,count2022_cool6,hour,0.008,original_M0__top2,-47.808,-74.675,-26.9738
DK2,combined_hour_logit,count2022_cool6,hour,0.0085,original_M0__top2,-47.421,-74.2796875,-26.5971625
DK2,combined_hour_logit,count2022_cool6,hour,0.009000000000000001,original_M0__top2,-47.034,-73.884375,-26.220525000000002
DK2,combined_hour_logit,count2022_cool6,hour,0.009500000000000001,original_M0__top2,-46.647,-73.4890625,-25.8438875
DK2,combined_hour_logit,count2022_cool6,hour,0.01,original_M0__top2,-46.26,-73.09375,-25.46725
DK2,combined_hour_logit,count2022_cool6,hour,0.0105,original_M0__top2,-45.873,-72.69843750000001,-25.090612500000002
DK2,combined_hour_logit,count2022_cool6,hour,0.011000000000000001,original_M0__top2,-45.486,-72.30312500000001,-24.713975
DK2,combined_hour_logit,count2022_cool6,hour,0.0115,original_M0__top2,-45.099000000000004,-71.90781249999999,-24.3373375
DK2,combined_hour_logit,count2022_cool6,hour,0.012,original_M0__top2,-44.712,-71.51249999999999,-23.960700000000003
DK2,combined_hour_logit,count2022_cool6,hour,0.0125,original_M0__top2,-44.325,-71.1171875,-23.5840625
DK2,combined_hour_logit,count2022_cool6,hour,0.013000000000000001,original_M0__top2,-43.938,-70.721875,-23.207425
DK2,combined_hour_logit,count2022_cool6,hour,0.013500000000000002,original_M0__top2,-43.551,-70.3265625,-22.830787500000003
DK2,combined_hour_logit,count2022_cool6,hour,0.014,original_M0__top2,-43.164,-69.93125,-22.454150000000002
DK2,combined_hour_logit,count2022_cool6,hour,0.0145,original_M0__top2,-42.777,-69.5505625,-22.0775125
DK2,combined_hour_logit,count2022_cool6,hour,0.015,original_M0__top2,-42.39,-69.189375,-21.700875000000003
DK2,combined_hour_logit,count2022_cool6,hour,0.02,original_M0__top2,-38.519999999999996,-65.4825,-17.895500000000002
DK2,combined_hour_logit,count2022_cool6,hour,0.03,original_M0__top2,-30.78,-57.7935,-10.077750000000004
DK2,combined_hour_logit,count2022_cool6,hour,0.05,original_M0__top2,-15.299999999999997,-42.76125,5.352499999999999
DK2,combined_hour_logit,count2022_cool6,hour,0.1,original_M0__top2,23.400000000000006,-6.299999999999997,44.705
DK2,combined_hour_logit,count2022_cool6,hour,0.2,original_M0__top2,100.80000000000001,67.995,122.4
DK2,combined_hour_logit,count2022_cool6,hour,0.25,original_M0__top2,139.5,105.4875,161.25625
DK2,combined_hour_logit,count2022_cool6,hour,0.5,original_M0__top2,333.0,289.4875,360.0
DK2,combined_hour_logit,count2022_cool6,hour,1.0,original_M0__top2,720.0,648.975,763.0
DK2,combined_hour_logit,count2023_cool6,process,0.0,original_M0__top2,4.0,-4.0,12.0
DK2,combined_hour_logit,count2023_cool6,process,0.0005,original_M0__top2,4.333,-3.6631,12.342025000000001
DK2,combined_hour_logit,count2023_cool6,process,0.001,original_M0__top2,4.666,-3.3262,12.68405
DK2,combined_hour_logit,count2023_cool6,process,0.0015,original_M0__top2,4.999,-2.9893,13.026075
DK2,combined_hour_logit,count2023_cool6,process,0.002,original_M0__top2,5.332,-2.6524,13.3681
DK2,combined_hour_logit,count2023_cool6,process,0.0025,original_M0__top2,5.665,-2.3155,13.710125000000001
DK2,combined_hour_logit,count2023_cool6,process,0.003,original_M0__top2,5.998,-1.9785999999999997,14.05215
DK2,combined_hour_logit,count2023_cool6,process,0.0035,original_M0__top2,6.3309999999999995,-1.6417,14.394175
DK2,combined_hour_logit,count2023_cool6,process,0.004,original_M0__top2,6.664,-1.3047999999999997,14.7362
DK2,combined_hour_logit,count2023_cool6,process,0.0045000000000000005,original_M0__top2,6.997,-0.9678999999999995,15.078225
DK2,combined_hour_logit,count2023_cool6,process,0.005000000000000001,original_M0__top2,7.33,-0.6309999999999993,15.420250000000001
DK2,combined_hour_logit,count2023_cool6,process,0.0055,original_M0__top2,7.663,-0.2941000000000001,15.762275
DK2,combined_hour_logit,count2023_cool6,process,0.006,original_M0__top2,7.996,0.04280000000000054,16.1043
DK2,combined_hour_logit,count2023_cool6,process,0.006500000000000001,original_M0__top2,8.329,0.3797000000000003,16.446325
DK2,combined_hour_logit,count2023_cool6,process,0.007000000000000001,original_M0__top2,8.662,0.7166000000000009,16.78835
DK2,combined_hour_logit,count2023_cool6,process,0.0075,original_M0__top2,8.995000000000001,1.0534999999999999,17.130374999999997
DK2,combined_hour_logit,count2023_cool6,process,0.008,original_M0__top2,9.328,1.3904000000000005,17.4724
DK2,combined_hour_logit,count2023_cool6,process,0.0085,original_M0__top2,9.661000000000001,1.7273000000000003,17.814425
DK2,combined_hour_logit,count2023_cool6,process,0.009000000000000001,original_M0__top2,9.994,2.064200000000001,18.15645
DK2,combined_hour_logit,count2023_cool6,process,0.009500000000000001,original_M0__top2,10.327000000000002,2.4011000000000013,18.498475
DK2,combined_hour_logit,count2023_cool6,process,0.01,original_M0__top2,10.66,2.7380000000000004,18.8405
DK2,combined_hour_logit,count2023_cool6,process,0.0105,original_M0__top2,10.993,3.074900000000001,19.182525000000002
DK2,combined_hour_logit,count2023_cool6,process,0.011000000000000001,original_M0__top2,11.326,3.411800000000001,19.52455
DK2,combined_hour_logit,count2023_cool6,process,0.0115,original_M0__top2,11.658999999999999,3.7486999999999995,19.866574999999997
DK2,combined_hour_logit,count2023_cool6,process,0.012,original_M0__top2,11.992,4.085600000000001,20.2002
DK2,combined_hour_logit,count2023_cool6,process,0.0125,original_M0__top2,12.325000000000001,4.422500000000001,20.50125
DK2,combined_hour_logit,count2023_cool6,process,0.013000000000000001,original_M0__top2,12.658000000000001,4.7594,20.8023
DK2,combined_hour_logit,count2023_cool6,process,0.013500000000000002,original_M0__top2,12.991000000000001,5.0963,21.10335
DK2,combined_hour_logit,count2023_cool6,process,0.014,original_M0__top2,13.324,5.4332,21.403499999999994
DK2,combined_hour_logit,count2023_cool6,process,0.0145,original_M0__top2,13.657,5.7701,21.703625
DK2,combined_hour_logit,count2023_cool6,process,0.015,original_M0__top2,13.99,6.106999999999999,22.003749999999997
DK2,combined_hour_logit,count2023_cool6,process,0.02,original_M0__top2,17.32,9.319,25.004999999999995
DK2,combined_hour_logit,count2023_cool6,process,0.03,original_M0__top2,23.98,15.85925,31.322499999999998
DK2,combined_hour_logit,count2023_cool6,process,0.05,original_M0__top2,37.300000000000004,28.938750000000002,44.6025
DK2,combined_hour_logit,count2023_cool6,process,0.1,original_M0__top2,70.60000000000001,60.10000000000001,78.9
DK2,combined_hour_logit,count2023_cool6,process,0.2,original_M0__top2,137.20000000000002,122.59500000000001,148.4
DK2,combined_hour_logit,count2023_cool6,process,0.25,original_M0__top2,170.5,153.5,183.50625
DK2,combined_hour_logit,count2023_cool6,process,0.5,original_M0__top2,337.0,307.4875,359.5125
DK2,combined_hour_logit,count2023_cool6,process,1.0,original_M0__top2,670.0,611.975,713.0
DK2,combined_hour_logit,count2023_cool6,hour,0.0,original_M0__top2,-49.0,-73.025,-29.975000000000023
DK2,combined_hour_logit,count2023_cool6,hour,0.0005,original_M0__top2,-48.667,-72.7232375,-29.62872500000002
DK2,combined_hour_logit,count2023_cool6,hour,0.001,original_M0__top2,-48.334,-72.421475,-29.282450000000022
DK2,combined_hour_logit,count2023_cool6,hour,0.0015,original_M0__top2,-48.001,-72.11971249999999,-28.93617500000002
DK2,combined_hour_logit,count2023_cool6,hour,0.002,original_M0__top2,-47.668,-71.81795,-28.589900000000018
DK2,combined_hour_logit,count2023_cool6,hour,0.0025,original_M0__top2,-47.335,-71.5161875,-28.24362500000002
DK2,combined_hour_logit,count2023_cool6,hour,0.003,original_M0__top2,-47.002,-71.214425,-27.897350000000017
DK2,combined_hour_logit,count2023_cool6,hour,0.0035,original_M0__top2,-46.669,-70.91266250000001,-27.551075000000015
DK2,combined_hour_logit,count2023_cool6,hour,0.004,original_M0__top2,-46.336,-70.6109,-27.204800000000017
DK2,combined_hour_logit,count2023_cool6,hour,0.0045000000000000005,original_M0__top2,-46.003,-70.30913749999999,-26.858525000000014
DK2,combined_hour_logit,count2023_cool6,hour,0.005000000000000001,original_M0__top2,-45.67,-70.007375,-26.512250000000016
DK2,combined_hour_logit,count2023_cool6,hour,0.0055,original_M0__top2,-45.337,-69.7056125,-26.165975000000014
DK2,combined_hour_logit,count2023_cool6,hour,0.006,original_M0__top2,-45.004,-69.40385,-25.81970000000001
DK2,combined_hour_logit,count2023_cool6,hour,0.006500000000000001,original_M0__top2,-44.671,-69.1020875,-25.473425000000017
DK2,combined_hour_logit,count2023_cool6,hour,0.007000000000000001,original_M0__top2,-44.338,-68.800325,-25.127150000000015
DK2,combined_hour_logit,count2023_cool6,hour,0.0075,original_M0__top2,-44.005,-68.44393749999999,-24.780875000000016
DK2,combined_hour_logit,count2023_cool6,hour,0.008,original_M0__top2,-43.672,-68.13759999999999,-24.434600000000014
DK2,combined_hour_logit,count2023_cool6,hour,0.0085,original_M0__top2,-43.339,-67.8337,-24.08832500000001
DK2,combined_hour_logit,count2023_cool6,hour,0.009000000000000001,original_M0__top2,-43.006,-67.52980000000001,-23.74205000000001
DK2,combined_hour_logit,count2023_cool6,hour,0.009500000000000001,original_M0__top2,-42.673,-67.22590000000001,-23.39577500000001
DK2,combined_hour_logit,count2023_cool6,hour,0.01,original_M0__top2,-42.34,-66.922,-23.04950000000001
DK2,combined_hour_logit,count2023_cool6,hour,0.0105,original_M0__top2,-42.007,-66.6181,-22.70322500000001
DK2,combined_hour_logit,count2023_cool6,hour,0.011000000000000001,original_M0__top2,-41.674,-66.3142,-22.35695000000001
DK2,combined_hour_logit,count2023_cool6,hour,0.0115,original_M0__top2,-41.341,-66.0103,-22.010675000000006
DK2,combined_hour_logit,count2023_cool6,hour,0.012,original_M0__top2,-41.008,-65.70639999999999,-21.664400000000008
DK2,combined_hour_logit,count2023_cool6,hour,0.0125,original_M0__top2,-40.675,-65.4025,-21.318125000000006
DK2,combined_hour_logit,count2023_cool6,hour,0.013000000000000001,original_M0__top2,-40.342,-65.0986,-20.971850000000007
DK2,combined_hour_logit,count2023_cool6,hour,0.013500000000000002,original_M0__top2,-40.009,-64.7947,-20.625575000000005
DK2,combined_hour_logit,count2023_cool6,hour,0.014,original_M0__top2,-39.676,-64.4908,-20.279300000000003
DK2,combined_hour_logit,count2023_cool6,hour,0.0145,original_M0__top2,-39.343,-64.1869,-19.933025
DK2,combined_hour_logit,count2023_cool6,hour,0.015,original_M0__top2,-39.01,-63.883,-19.586750000000002
DK2,combined_hour_logit,count2023_cool6,hour,0.02,original_M0__top2,-35.68,-60.8205,-16.276000000000003
DK2,combined_hour_logit,count2023_cool6,hour,0.03,original_M0__top2,-29.02,-54.231500000000004,-9.914000000000007
DK2,combined_hour_logit,count2023_cool6,hour,0.05,original_M0__top2,-15.699999999999996,-41.052499999999995,3.2524999999999977
DK2,combined_hour_logit,count2023_cool6,hour,0.1,original_M0__top2,17.60000000000001,-9.799999999999997,36.400000000000006
DK2,combined_hour_logit,count2023_cool6,hour,0.2,original_M0__top2,84.20000000000002,53.195000000000014,104.20500000000001
DK2,combined_hour_logit,count2023_cool6,hour,0.25,original_M0__top2,117.5,84.24375,138.75625
DK2,combined_hour_logit,count2023_cool6,hour,0.5,original_M0__top2,284.0,241.5,312.0125
DK2,combined_hour_logit,count2023_cool6,hour,1.0,original_M0__top2,617.0,548.0,663.025
