zone,candidate,reference,endpoint,cost_ratio,difference,lower,upper,lower_gridband,upper_gridband,replicates
DE_LU_FR_BE,forecast_early_logit__count2023_target05,original_M0__count2023_target05,process,0.0,9.0,-1.0,18.0,-30.0,48.0,2000
DE_LU_FR_BE,forecast_early_logit__count2023_target05,original_M0__count2023_target05,process,0.0005,8.9535,-1.048525,17.9465125,-30.0465,47.9535,2000
DE_LU_FR_BE,forecast_early_logit__count2023_target05,original_M0__count2023_target05,process,0.001,8.907,-1.09705,17.893025,-30.093,47.907,2000
DE_LU_FR_BE,forecast_early_logit__count2023_target05,original_M0__count2023_target05,process,0.0015,8.8605,-1.145575,17.839537500000002,-30.139499999999998,47.8605,2000
DE_LU_FR_BE,forecast_early_logit__count2023_target05,original_M0__count2023_target05,process,0.002,8.814,-1.1941,17.78605,-30.186,47.814,2000
DE_LU_FR_BE,forecast_early_logit__count2023_target05,original_M0__count2023_target05,process,0.0025,8.7675,-1.2426249999999999,17.7325625,-30.2325,47.7675,2000
DE_LU_FR_BE,forecast_early_logit__count2023_target05,original_M0__count2023_target05,process,0.003,8.721,-1.29115,17.679074999999997,-30.279,47.721000000000004,2000
DE_LU_FR_BE,forecast_early_logit__count2023_target05,original_M0__count2023_target05,process,0.0035,8.6745,-1.3396750000000002,17.625587499999998,-30.325499999999998,47.6745,2000
DE_LU_FR_BE,forecast_early_logit__count2023_target05,original_M0__count2023_target05,process,0.004,8.628,-1.3881999999999999,17.5721,-30.372,47.628,2000
DE_LU_FR_BE,forecast_early_logit__count2023_target05,original_M0__count2023_target05,process,0.0045000000000000005,8.5815,-1.436725,17.5186125,-30.4185,47.5815,2000
DE_LU_FR_BE,forecast_early_logit__count2023_target05,original_M0__count2023_target05,process,0.005000000000000001,8.535,-1.4852500000000002,17.465125,-30.465,47.535,2000
DE_LU_FR_BE,forecast_early_logit__count2023_target05,original_M0__count2023_target05,process,0.0055,8.4885,-1.533775,17.4116375,-30.511499999999998,47.4885,2000
DE_LU_FR_BE,forecast_early_logit__count2023_target05,original_M0__count2023_target05,process,0.006,8.442,-1.5822999999999998,17.35815,-30.558,47.442,2000
DE_LU_FR_BE,forecast_early_logit__count2023_target05,original_M0__count2023_target05,process,0.006500000000000001,8.3955,-1.630825,17.3046625,-30.6045,47.3955,2000
DE_LU_FR_BE,forecast_early_logit__count2023_target05,original_M0__count2023_target05,process,0.007000000000000001,8.349,-1.6793500000000001,17.251175,-30.651,47.349000000000004,2000
DE_LU_FR_BE,forecast_early_logit__count2023_target05,original_M0__count2023_target05,process,0.0075,8.3025,-1.727875,17.1976875,-30.697499999999998,47.3025,2000
DE_LU_FR_BE,forecast_early_logit__count2023_target05,original_M0__count2023_target05,process,0.008,8.256,-1.7764,17.144199999999998,-30.744,47.256,2000
DE_LU_FR_BE,forecast_early_logit__count2023_target05,original_M0__count2023_target05,process,0.0085,8.2095,-1.824925,17.0907125,-30.7905,47.2095,2000
DE_LU_FR_BE,forecast_early_logit__count2023_target05,original_M0__count2023_target05,process,0.009000000000000001,8.163,-1.8734500000000003,17.037225,-30.837,47.163,2000
DE_LU_FR_BE,forecast_early_logit__count2023_target05,original_M0__count2023_target05,process,0.009500000000000001,8.1165,-1.921975,16.983737499999997,-30.883499999999998,47.1165,2000
DE_LU_FR_BE,forecast_early_logit__count2023_target05,original_M0__count2023_target05,process,0.01,8.07,-1.9705,16.930249999999997,-30.93,47.07,2000
DE_LU_FR_BE,forecast_early_logit__count2023_target05,original_M0__count2023_target05,process,0.0105,8.0235,-2.019025,16.876762499999998,-30.9765,47.0235,2000
DE_LU_FR_BE,forecast_early_logit__count2023_target05,original_M0__count2023_target05,process,0.011000000000000001,7.977,-2.06755,16.823275,-31.023,46.977000000000004,2000
DE_LU_FR_BE,forecast_early_logit__count2023_target05,original_M0__count2023_target05,process,0.0115,7.9305,-2.116075,16.7697875,-31.069499999999998,46.9305,2000
DE_LU_FR_BE,forecast_early_logit__count2023_target05,original_M0__count2023_target05,process,0.012,7.884,-2.1645999999999996,16.7163,-31.116,46.884,2000
DE_LU_FR_BE,forecast_early_logit__count2023_target05,original_M0__count2023_target05,process,0.0125,7.8375,-2.2131250000000002,16.6628125,-31.1625,46.8375,2000
DE_LU_FR_BE,forecast_early_logit__count2023_target05,original_M0__count2023_target05,process,0.013000000000000001,7.791,-2.26165,16.609325,-31.209,46.791,2000
DE_LU_FR_BE,forecast_early_logit__count2023_target05,original_M0__count2023_target05,process,0.013500000000000002,7.7445,-2.3101749999999996,16.555837499999996,-31.255499999999998,46.7445,2000
DE_LU_FR_BE,forecast_early_logit__count2023_target05,original_M0__count2023_target05,process,0.014,7.698,-2.3587000000000002,16.502349999999996,-31.302,46.698,2000
DE_LU_FR_BE,forecast_early_logit__count2023_target05,original_M0__count2023_target05,process,0.0145,7.6515,-2.4072250000000004,16.448862499999997,-31.3485,46.6515,2000
DE_LU_FR_BE,forecast_early_logit__count2023_target05,original_M0__count2023_target05,process,0.015,7.605,-2.45575,16.395374999999998,-31.395,46.605000000000004,2000
DE_LU_FR_BE,forecast_early_logit__count2023_target05,original_M0__count2023_target05,process,0.02,7.14,-2.941,15.920999999999994,-31.86,46.14,2000
DE_LU_FR_BE,forecast_early_logit__count2023_target05,original_M0__count2023_target05,process,0.03,6.21,-3.9699999999999998,14.993249999999982,-32.79,45.21,2000
DE_LU_FR_BE,forecast_early_logit__count2023_target05,original_M0__count2023_target05,process,0.05,4.35,-5.95,13.45,-34.65,43.35,2000
DE_LU_FR_BE,forecast_early_logit__count2023_target05,original_M0__count2023_target05,process,0.1,-0.3000000000000007,-10.9025,9.202499999999986,-39.3,38.7,2000
DE_LU_FR_BE,forecast_early_logit__count2023_target05,original_M0__count2023_target05,process,0.2,-9.600000000000001,-22.405,2.3999999999999986,-48.6,29.4,2000
DE_LU_FR_BE,forecast_early_logit__count2023_target05,original_M0__count2023_target05,process,0.25,-14.25,-28.5,-1.0,-53.25,24.75,2000
DE_LU_FR_BE,forecast_early_logit__count2023_target05,original_M0__count2023_target05,process,0.5,-37.5,-59.5125,-16.5,-76.5,1.5,2000
DE_LU_FR_BE,forecast_early_logit__count2023_target05,original_M0__count2023_target05,process,1.0,-84.0,-125.0,-45.0,-123.0,-45.0,2000
DE_LU_FR_BE,forecast_early_logit__count2023_target05,original_M0__count2023_target05,hour,0.0,0.0,-25.0,17.0,-40.049999999999955,40.049999999999955,2000
DE_LU_FR_BE,forecast_early_logit__count2023_target05,original_M0__count2023_target05,hour,0.0005,-0.0465,-25.0415,16.9585,-40.096499999999956,40.00349999999995,2000
DE_LU_FR_BE,forecast_early_logit__count2023_target05,original_M0__count2023_target05,hour,0.001,-0.093,-25.083,16.917,-40.14299999999996,39.95699999999995,2000
DE_LU_FR_BE,forecast_early_logit__count2023_target05,original_M0__count2023_target05,hour,0.0015,-0.1395,-25.1245,16.8755,-40.18949999999995,39.910499999999956,2000
DE_LU_FR_BE,forecast_early_logit__count2023_target05,original_M0__count2023_target05,hour,0.002,-0.186,-25.166,16.834,-40.235999999999954,39.863999999999955,2000
DE_LU_FR_BE,forecast_early_logit__count2023_target05,original_M0__count2023_target05,hour,0.0025,-0.2325,-25.2075,16.7925,-40.282499999999956,39.81749999999995,2000
DE_LU_FR_BE,forecast_early_logit__count2023_target05,original_M0__count2023_target05,hour,0.003,-0.279,-25.249,16.751,-40.32899999999996,39.77099999999995,2000
DE_LU_FR_BE,forecast_early_logit__count2023_target05,original_M0__count2023_target05,hour,0.0035,-0.3255,-25.2905,16.7095,-40.37549999999995,39.724499999999956,2000
DE_LU_FR_BE,forecast_early_logit__count2023_target05,original_M0__count2023_target05,hour,0.004,-0.372,-25.332,16.668,-40.421999999999954,39.677999999999955,2000
DE_LU_FR_BE,forecast_early_logit__count2023_target05,original_M0__count2023_target05,hour,0.0045000000000000005,-0.41850000000000004,-25.3735,16.6265,-40.468499999999956,39.63149999999995,2000
DE_LU_FR_BE,forecast_early_logit__count2023_target05,original_M0__count2023_target05,hour,0.005000000000000001,-0.4650000000000001,-25.415,16.585,-40.51499999999996,39.58499999999995,2000
DE_LU_FR_BE,forecast_early_logit__count2023_target05,original_M0__count2023_target05,hour,0.0055,-0.5115,-25.4565,16.5435,-40.56149999999995,39.53849999999996,2000
DE_LU_FR_BE,forecast_early_logit__count2023_target05,original_M0__count2023_target05,hour,0.006,-0.558,-25.498,16.502,-40.607999999999954,39.491999999999955,2000
DE_LU_FR_BE,forecast_early_logit__count2023_target05,original_M0__count2023_target05,hour,0.006500000000000001,-0.6045,-25.5395,16.4605,-40.654499999999956,39.44549999999995,2000
DE_LU_FR_BE,forecast_early_logit__count2023_target05,original_M0__count2023_target05,hour,0.007000000000000001,-0.6510000000000001,-25.581,16.419,-40.70099999999996,39.39899999999995,2000
DE_LU_FR_BE,forecast_early_logit__count2023_target05,original_M0__count2023_target05,hour,0.0075,-0.6975,-25.6225,16.3775,-40.74749999999995,39.35249999999996,2000
DE_LU_FR_BE,forecast_early_logit__count2023_target05,original_M0__count2023_target05,hour,0.008,-0.744,-25.664,16.336,-40.793999999999954,39.305999999999955,2000
DE_LU_FR_BE,forecast_early_logit__count2023_target05,original_M0__count2023_target05,hour,0.0085,-0.7905000000000001,-25.7055,16.2945,-40.840499999999956,39.25949999999995,2000
DE_LU_FR_BE,forecast_early_logit__count2023_target05,original_M0__count2023_target05,hour,0.009000000000000001,-0.8370000000000001,-25.747,16.253,-40.88699999999996,39.21299999999995,2000
DE_LU_FR_BE,forecast_early_logit__count2023_target05,original_M0__count2023_target05,hour,0.009500000000000001,-0.8835000000000002,-25.7885,16.2115,-40.93349999999995,39.16649999999996,2000
DE_LU_FR_BE,forecast_early_logit__count2023_target05,original_M0__count2023_target05,hour,0.01,-0.93,-25.83,16.17,-40.979999999999954,39.119999999999955,2000
DE_LU_FR_BE,forecast_early_logit__count2023_target05,original_M0__count2023_target05,hour,0.0105,-0.9765,-25.8715,16.1285,-41.026499999999956,39.07349999999995,2000
DE_LU_FR_BE,forecast_early_logit__count2023_target05,original_M0__count2023_target05,hour,0.011000000000000001,-1.0230000000000001,-25.913,16.087,-41.07299999999996,39.02699999999995,2000
DE_LU_FR_BE,forecast_early_logit__count2023_target05,original_M0__count2023_target05,hour,0.0115,-1.0695,-25.9545,16.0455,-41.11949999999995,38.98049999999996,2000
DE_LU_FR_BE,forecast_early_logit__count2023_target05,original_M0__count2023_target05,hour,0.012,-1.116,-25.996,16.004,-41.165999999999954,38.933999999999955,2000
DE_LU_FR_BE,forecast_early_logit__count2023_target05,original_M0__count2023_target05,hour,0.0125,-1.1625,-26.0375,15.9625,-41.212499999999956,38.88749999999995,2000
DE_LU_FR_BE,forecast_early_logit__count2023_target05,original_M0__count2023_target05,hour,0.013000000000000001,-1.209,-26.079,15.921,-41.25899999999996,38.84099999999995,2000
DE_LU_FR_BE,forecast_early_logit__count2023_target05,original_M0__count2023_target05,hour,0.013500000000000002,-1.2555,-26.1205,15.8795,-41.30549999999995,38.79449999999996,2000
DE_LU_FR_BE,forecast_early_logit__count2023_target05,original_M0__count2023_target05,hour,0.014,-1.302,-26.162,15.838000000000001,-41.351999999999954,38.747999999999955,2000
DE_LU_FR_BE,forecast_early_logit__count2023_target05,original_M0__count2023_target05,hour,0.0145,-1.3485,-26.2035,15.7965,-41.398499999999956,38.70149999999995,2000
DE_LU_FR_BE,forecast_early_logit__count2023_target05,original_M0__count2023_target05,hour,0.015,-1.395,-26.245,15.755,-41.44499999999996,38.65499999999995,2000
DE_LU_FR_BE,forecast_early_logit__count2023_target05,original_M0__count2023_target05,hour,0.02,-1.86,-26.66,15.34,-41.909999999999954,38.189999999999955,2000
DE_LU_FR_BE,forecast_early_logit__count2023_target05,original_M0__count2023_target05,hour,0.03,-2.79,-27.495749999999997,14.333249999999982,-42.839999999999954,37.259999999999955,2000
DE_LU_FR_BE,forecast_early_logit__count2023_target05,original_M0__count2023_target05,hour,0.05,-4.65,-29.60125,12.253749999999979,-44.69999999999995,35.399999999999956,2000
DE_LU_FR_BE,forecast_early_logit__count2023_target05,original_M0__count2023_target05,hour,0.1,-9.3,-34.302499999999995,7.699999999999999,-49.34999999999995,30.749999999999954,2000
DE_LU_FR_BE,forecast_early_logit__count2023_target05,original_M0__count2023_target05,hour,0.2,-18.6,-43.6,-1.19500000000003,-58.649999999999956,21.449999999999953,2000
DE_LU_FR_BE,forecast_early_logit__count2023_target05,original_M0__count2023_target05,hour,0.25,-23.25,-48.75,-5.5,-63.299999999999955,16.799999999999955,2000
DE_LU_FR_BE,forecast_early_logit__count2023_target05,original_M0__count2023_target05,hour,0.5,-46.5,-76.5,-23.987500000000068,-86.54999999999995,-6.4500000000000455,2000
DE_LU_FR_BE,forecast_early_logit__count2023_target05,original_M0__count2023_target05,hour,1.0,-93.0,-137.0,-56.0,-133.04999999999995,-52.950000000000045,2000
DE_LU_FR_BE,forecast_early_logit__count2023_target05,forecast_hour_logit__count2023_target05,process,0.0,4.0,-4.0,13.0,-19.0,27.0,2000
DE_LU_FR_BE,forecast_early_logit__count2023_target05,forecast_hour_logit__count2023_target05,process,0.0005,4.044,-3.952525,13.03605,-18.956,27.044,2000
DE_LU_FR_BE,forecast_early_logit__count2023_target05,forecast_hour_logit__count2023_target05,process,0.001,4.088,-3.9050499999999997,13.072099999999999,-18.912,27.088,2000
DE_LU_FR_BE,forecast_early_logit__count2023_target05,forecast_hour_logit__count2023_target05,process,0.0015,4.132,-3.8575749999999998,13.10815,-18.868000000000002,27.131999999999998,2000
DE_LU_FR_BE,forecast_early_logit__count2023_target05,forecast_hour_logit__count2023_target05,process,0.002,4.176,-3.8101000000000003,13.1442,-18.823999999999998,27.176000000000002,2000
DE_LU_FR_BE,forecast_early_logit__count2023_target05,forecast_hour_logit__count2023_target05,process,0.0025,4.22,-3.7626250000000003,13.18025,-18.78,27.22,2000
DE_LU_FR_BE,forecast_early_logit__count2023_target05,forecast_hour_logit__count2023_target05,process,0.003,4.264,-3.71515,13.216299999999997,-18.736,27.264,2000
DE_LU_FR_BE,forecast_early_logit__count2023_target05,forecast_hour_logit__count2023_target05,process,0.0035,4.308,-3.667675,13.252349999999998,-18.692,27.308,2000
DE_LU_FR_BE,forecast_early_logit__count2023_target05,forecast_hour_logit__count2023_target05,process,0.004,4.352,-3.6202,13.288399999999998,-18.648,27.352,2000
DE_LU_FR_BE,forecast_early_logit__count2023_target05,forecast_hour_logit__count2023_target05,process,0.0045000000000000005,4.396,-3.5727249999999997,13.324449999999997,-18.604,27.396,2000
DE_LU_FR_BE,forecast_early_logit__count2023_target05,forecast_hour_logit__count2023_target05,process,0.005000000000000001,4.44,-3.5252499999999998,13.360499999999996,-18.56,27.44,2000
DE_LU_FR_BE,forecast_early_logit__count2023_target05,forecast_hour_logit__count2023_target05,process,0.0055,4.484,-3.477775,13.396549999999998,-18.516,27.484,2000
DE_LU_FR_BE,forecast_early_logit__count2023_target05,forecast_hour_logit__count2023_target05,process,0.006,4.5280000000000005,-3.4303,13.432599999999997,-18.472,27.528,2000
DE_LU_FR_BE,forecast_early_logit__count2023_target05,forecast_hour_logit__count2023_target05,process,0.006500000000000001,4.572,-3.382825,13.468649999999997,-18.428,27.572,2000
DE_LU_FR_BE,forecast_early_logit__count2023_target05,forecast_hour_logit__count2023_target05,process,0.007000000000000001,4.616,-3.33535,13.504699999999996,-18.384,27.616,2000
DE_LU_FR_BE,forecast_early_logit__count2023_target05,forecast_hour_logit__count2023_target05,process,0.0075,4.66,-3.287875,13.540749999999996,-18.34,27.66,2000
DE_LU_FR_BE,forecast_early_logit__count2023_target05,forecast_hour_logit__count2023_target05,process,0.008,4.704,-3.2404,13.576799999999997,-18.296,27.704,2000
DE_LU_FR_BE,forecast_early_logit__count2023_target05,forecast_hour_logit__count2023_target05,process,0.0085,4.748,-3.192925,13.612849999999996,-18.252,27.748,2000
DE_LU_FR_BE,forecast_early_logit__count2023_target05,forecast_hour_logit__count2023_target05,process,0.009000000000000001,4.792,-3.14545,13.648899999999994,-18.208,27.792,2000
DE_LU_FR_BE,forecast_early_logit__count2023_target05,forecast_hour_logit__count2023_target05,process,0.009500000000000001,4.836,-3.0979749999999995,13.684949999999995,-18.164,27.836,2000
DE_LU_FR_BE,forecast_early_logit__count2023_target05,forecast_hour_logit__count2023_target05,process,0.01,4.88,-3.0505,13.720999999999995,-18.12,27.88,2000
DE_LU_FR_BE,forecast_early_logit__count2023_target05,forecast_hour_logit__count2023_target05,process,0.0105,4.924,-3.003025,13.757049999999994,-18.076,27.924,2000
DE_LU_FR_BE,forecast_early_logit__count2023_target05,forecast_hour_logit__count2023_target05,process,0.011000000000000001,4.968,-2.95555,13.793099999999994,-18.032,27.968,2000
DE_LU_FR_BE,forecast_early_logit__count2023_target05,forecast_hour_logit__count2023_target05,process,0.0115,5.0120000000000005,-2.9080749999999997,13.829149999999993,-17.988,28.012,2000
DE_LU_FR_BE,forecast_early_logit__count2023_target05,forecast_hour_logit__count2023_target05,process,0.012,5.056,-2.8606,13.865199999999994,-17.944,28.056,2000
DE_LU_FR_BE,forecast_early_logit__count2023_target05,forecast_hour_logit__count2023_target05,process,0.0125,5.1,-2.813125,13.901249999999994,-17.9,28.1,2000
DE_LU_FR_BE,forecast_early_logit__count2023_target05,forecast_hour_logit__count2023_target05,process,0.013000000000000001,5.144,-2.7656499999999995,13.937299999999993,-17.856,28.144,2000
DE_LU_FR_BE,forecast_early_logit__count2023_target05,forecast_hour_logit__count2023_target05,process,0.013500000000000002,5.188000000000001,-2.7181749999999996,13.973349999999993,-17.811999999999998,28.188000000000002,2000
DE_LU_FR_BE,forecast_early_logit__count2023_target05,forecast_hour_logit__count2023_target05,process,0.014,5.232,-2.6707,14.009399999999992,-17.768,28.232,2000
DE_LU_FR_BE,forecast_early_logit__count2023_target05,forecast_hour_logit__count2023_target05,process,0.0145,5.276,-2.6232249999999997,14.045449999999992,-17.724,28.276,2000
DE_LU_FR_BE,forecast_early_logit__count2023_target05,forecast_hour_logit__count2023_target05,process,0.015,5.32,-2.57575,14.081499999999991,-17.68,28.32,2000
DE_LU_FR_BE,forecast_early_logit__count2023_target05,forecast_hour_logit__count2023_target05,process,0.02,5.76,-2.1009999999999995,14.441999999999988,-17.240000000000002,28.759999999999998,2000
DE_LU_FR_BE,forecast_early_logit__count2023_target05,forecast_hour_logit__count2023_target05,process,0.03,6.64,-1.1514999999999997,15.162999999999984,-16.36,29.64,2000
DE_LU_FR_BE,forecast_early_logit__count2023_target05,forecast_hour_logit__count2023_target05,process,0.05,8.4,0.75,17.0,-14.6,31.4,2000
DE_LU_FR_BE,forecast_early_logit__count2023_target05,forecast_hour_logit__count2023_target05,process,0.1,12.8,5.300000000000001,21.502499999999987,-10.2,35.8,2000
DE_LU_FR_BE,forecast_early_logit__count2023_target05,forecast_hour_logit__count2023_target05,process,0.2,21.6,13.8,31.200000000000003,-1.3999999999999986,44.6,2000
DE_LU_FR_BE,forecast_early_logit__count2023_target05,forecast_hour_logit__count2023_target05,process,0.25,26.0,18.0,36.256249999999966,3.0,49.0,2000
DE_LU_FR_BE,forecast_early_logit__count2023_target05,forecast_hour_logit__count2023_target05,process,0.5,48.0,37.4875,63.0,25.0,71.0,2000
DE_LU_FR_BE,forecast_early_logit__count2023_target05,forecast_hour_logit__count2023_target05,process,1.0,92.0,74.0,118.0,69.0,115.0,2000
DE_LU_FR_BE,forecast_early_logit__count2023_target05,forecast_hour_logit__count2023_target05,hour,0.0,-17.0,-39.0,-5.0,-42.0,8.0,2000
DE_LU_FR_BE,forecast_early_logit__count2023_target05,forecast_hour_logit__count2023_target05,hour,0.0005,-16.956,-38.948637500000004,-4.961475,-41.956,8.044,2000
DE_LU_FR_BE,forecast_early_logit__count2023_target05,forecast_hour_logit__count2023_target05,hour,0.001,-16.912,-38.897275,-4.92295,-41.912,8.088000000000001,2000
DE_LU_FR_BE,forecast_early_logit__count2023_target05,forecast_hour_logit__count2023_target05,hour,0.0015,-16.868,-38.845912500000004,-4.884425,-41.867999999999995,8.132000000000001,2000
DE_LU_FR_BE,forecast_early_logit__count2023_target05,forecast_hour_logit__count2023_target05,hour,0.002,-16.824,-38.794549999999994,-4.8459,-41.824,8.175999999999998,2000
DE_LU_FR_BE,forecast_early_logit__count2023_target05,forecast_hour_logit__count2023_target05,hour,0.0025,-16.78,-38.7431875,-4.807375,-41.78,8.219999999999999,2000
DE_LU_FR_BE,forecast_early_logit__count2023_target05,forecast_hour_logit__count2023_target05,hour,0.003,-16.736,-38.691825,-4.768850000000001,-41.736000000000004,8.264,2000
DE_LU_FR_BE,forecast_early_logit__count2023_target05,forecast_hour_logit__count2023_target05,hour,0.0035,-16.692,-38.6404625,-4.7303250000000014,-41.692,8.308,2000
DE_LU_FR_BE,forecast_early_logit__count2023_target05,forecast_hour_logit__count2023_target05,hour,0.004,-16.648,-38.5891,-4.6918000000000015,-41.647999999999996,8.352,2000
DE_LU_FR_BE,forecast_early_logit__count2023_target05,forecast_hour_logit__count2023_target05,hour,0.0045000000000000005,-16.604,-38.5377375,-4.653275000000002,-41.604,8.396,2000
DE_LU_FR_BE,forecast_early_logit__count2023_target05,forecast_hour_logit__count2023_target05,hour,0.005000000000000001,-16.56,-38.486375,-4.614750000000002,-41.56,8.440000000000001,2000
DE_LU_FR_BE,forecast_early_logit__count2023_target05,forecast_hour_logit__count2023_target05,hour,0.0055,-16.516,-38.4350125,-4.576225000000002,-41.516,8.484000000000002,2000
DE_LU_FR_BE,forecast_early_logit__count2023_target05,forecast_hour_logit__count2023_target05,hour,0.006,-16.472,-38.383649999999996,-4.537700000000002,-41.472,8.527999999999999,2000
DE_LU_FR_BE,forecast_early_logit__count2023_target05,forecast_hour_logit__count2023_target05,hour,0.006500000000000001,-16.428,-38.3322875,-4.499175000000002,-41.428,8.572,2000
DE_LU_FR_BE,forecast_early_logit__count2023_target05,forecast_hour_logit__count2023_target05,hour,0.007000000000000001,-16.384,-38.280924999999996,-4.460650000000002,-41.384,8.616,2000
DE_LU_FR_BE,forecast_early_logit__count2023_target05,forecast_hour_logit__count2023_target05,hour,0.0075,-16.34,-38.2295625,-4.422125000000002,-41.34,8.66,2000
DE_LU_FR_BE,forecast_early_logit__count2023_target05,forecast_hour_logit__count2023_target05,hour,0.008,-16.296,-38.178200000000004,-4.383600000000002,-41.296,8.704,2000
DE_LU_FR_BE,forecast_early_logit__count2023_target05,forecast_hour_logit__count2023_target05,hour,0.0085,-16.252,-38.1268375,-4.345075000000002,-41.251999999999995,8.748000000000001,2000
DE_LU_FR_BE,forecast_early_logit__count2023_target05,forecast_hour_logit__count2023_target05,hour,0.009000000000000001,-16.208,-38.075475,-4.306550000000003,-41.208,8.792000000000002,2000
DE_LU_FR_BE,forecast_early_logit__count2023_target05,forecast_hour_logit__count2023_target05,hour,0.009500000000000001,-16.164,-38.0241125,-4.268025000000002,-41.164,8.835999999999999,2000
DE_LU_FR_BE,forecast_early_logit__count2023_target05,forecast_hour_logit__count2023_target05,hour,0.01,-16.12,-37.97275,-4.229500000000003,-41.120000000000005,8.879999999999999,2000
DE_LU_FR_BE,forecast_early_logit__count2023_target05,forecast_hour_logit__count2023_target05,hour,0.0105,-16.076,-37.9213875,-4.190975000000003,-41.076,8.924,2000
DE_LU_FR_BE,forecast_early_logit__count2023_target05,forecast_hour_logit__count2023_target05,hour,0.011000000000000001,-16.032,-37.870025,-4.152450000000003,-41.032,8.968,2000
DE_LU_FR_BE,forecast_early_logit__count2023_target05,forecast_hour_logit__count2023_target05,hour,0.0115,-15.988,-37.8186625,-4.113925000000003,-40.988,9.012,2000
DE_LU_FR_BE,forecast_early_logit__count2023_target05,forecast_hour_logit__count2023_target05,hour,0.012,-15.943999999999999,-37.767300000000006,-4.075400000000003,-40.944,9.056000000000001,2000
DE_LU_FR_BE,forecast_early_logit__count2023_target05,forecast_hour_logit__count2023_target05,hour,0.0125,-15.9,-37.715937499999995,-4.036875000000003,-40.9,9.1,2000
DE_LU_FR_BE,forecast_early_logit__count2023_target05,forecast_hour_logit__count2023_target05,hour,0.013000000000000001,-15.856,-37.664575,-3.9983500000000034,-40.856,9.144,2000
DE_LU_FR_BE,forecast_early_logit__count2023_target05,forecast_hour_logit__count2023_target05,hour,0.013500000000000002,-15.812,-37.613212499999996,-3.9598250000000035,-40.812,9.188,2000
DE_LU_FR_BE,forecast_early_logit__count2023_target05,forecast_hour_logit__count2023_target05,hour,0.014,-15.768,-37.56185,-3.9213000000000036,-40.768,9.232,2000
DE_LU_FR_BE,forecast_early_logit__count2023_target05,forecast_hour_logit__count2023_target05,hour,0.0145,-15.724,-37.5104875,-3.8827750000000036,-40.724000000000004,9.276,2000
DE_LU_FR_BE,forecast_early_logit__count2023_target05,forecast_hour_logit__count2023_target05,hour,0.015,-15.68,-37.459125,-3.8442500000000037,-40.68,9.32,2000
DE_LU_FR_BE,forecast_early_logit__count2023_target05,forecast_hour_logit__count2023_target05,hour,0.02,-15.24,-36.945499999999996,-3.4590000000000054,-40.24,9.76,2000
DE_LU_FR_BE,forecast_early_logit__count2023_target05,forecast_hour_logit__count2023_target05,hour,0.03,-14.36,-35.91824999999999,-2.6885000000000083,-39.36,10.64,2000
DE_LU_FR_BE,forecast_early_logit__count2023_target05,forecast_hour_logit__count2023_target05,hour,0.05,-12.6,-34.1,-0.9475000000000138,-37.6,12.4,2000
DE_LU_FR_BE,forecast_early_logit__count2023_target05,forecast_hour_logit__count2023_target05,hour,0.1,-8.2,-29.4,3.3049999999999735,-33.2,16.8,2000
DE_LU_FR_BE,forecast_early_logit__count2023_target05,forecast_hour_logit__count2023_target05,hour,0.2,0.6000000000000014,-20.0,12.604999999999974,-24.4,25.6,2000
DE_LU_FR_BE,forecast_early_logit__count2023_target05,forecast_hour_logit__count2023_target05,hour,0.25,5.0,-15.5,17.256249999999966,-20.0,30.0,2000
DE_LU_FR_BE,forecast_early_logit__count2023_target05,forecast_hour_logit__count2023_target05,hour,0.5,27.0,7.0,42.0,2.0,52.0,2000
DE_LU_FR_BE,forecast_early_logit__count2023_target05,forecast_hour_logit__count2023_target05,hour,1.0,71.0,46.0,94.0,46.0,96.0,2000
DE_LU_FR_BE,forecast_early_logit__count2023_target05,original_M0__fixed025,process,0.0,9.0,-1.0,18.0,-30.0,48.0,2000
DE_LU_FR_BE,forecast_early_logit__count2023_target05,original_M0__fixed025,process,0.0005,8.9415,-1.0580125,17.9365,-30.058500000000002,47.9415,2000
DE_LU_FR_BE,forecast_early_logit__count2023_target05,original_M0__fixed025,process,0.001,8.883,-1.116025,17.873,-30.117,47.882999999999996,2000
DE_LU_FR_BE,forecast_early_logit__count2023_target05,original_M0__fixed025,process,0.0015,8.8245,-1.1740374999999998,17.8095,-30.1755,47.8245,2000
DE_LU_FR_BE,forecast_early_logit__count2023_target05,original_M0__fixed025,process,0.002,8.766,-1.23205,17.746,-30.234,47.766,2000
DE_LU_FR_BE,forecast_early_logit__count2023_target05,original_M0__fixed025,process,0.0025,8.7075,-1.2900625000000001,17.6825,-30.2925,47.707499999999996,2000
DE_LU_FR_BE,forecast_early_logit__count2023_target05,original_M0__fixed025,process,0.003,8.649,-1.3480750000000001,17.619,-30.351,47.649,2000
DE_LU_FR_BE,forecast_early_logit__count2023_target05,original_M0__fixed025,process,0.0035,8.5905,-1.4060875000000002,17.5555,-30.4095,47.5905,2000
DE_LU_FR_BE,forecast_early_logit__count2023_target05,original_M0__fixed025,process,0.004,8.532,-1.4641,17.492,-30.468,47.532,2000
DE_LU_FR_BE,forecast_early_logit__count2023_target05,original_M0__fixed025,process,0.0045000000000000005,8.4735,-1.5221125,17.4285,-30.5265,47.4735,2000
DE_LU_FR_BE,forecast_early_logit__count2023_target05,original_M0__fixed025,process,0.005000000000000001,8.415,-1.580125,17.365,-30.585,47.415,2000
DE_LU_FR_BE,forecast_early_logit__count2023_target05,original_M0__fixed025,process,0.0055,8.3565,-1.6381374999999998,17.3015,-30.6435,47.3565,2000
DE_LU_FR_BE,forecast_early_logit__count2023_target05,original_M0__fixed025,process,0.006,8.298,-1.6961500000000003,17.238,-30.701999999999998,47.298,2000
DE_LU_FR_BE,forecast_early_logit__count2023_target05,original_M0__fixed025,process,0.006500000000000001,8.2395,-1.7541625,17.1745,-30.7605,47.2395,2000
DE_LU_FR_BE,forecast_early_logit__count2023_target05,original_M0__fixed025,process,0.007000000000000001,8.181,-1.8121750000000003,17.111,-30.819000000000003,47.181,2000
DE_LU_FR_BE,forecast_early_logit__count2023_target05,original_M0__fixed025,process,0.0075,8.1225,-1.8701875000000001,17.0475,-30.877499999999998,47.1225,2000
DE_LU_FR_BE,forecast_early_logit__count2023_target05,original_M0__fixed025,process,0.008,8.064,-1.9282,16.984,-30.936,47.064,2000
DE_LU_FR_BE,forecast_early_logit__count2023_target05,original_M0__fixed025,process,0.0085,8.0055,-1.9862125000000002,16.9205,-30.994500000000002,47.0055,2000
DE_LU_FR_BE,forecast_early_logit__count2023_target05,original_M0__fixed025,process,0.009000000000000001,7.947,-2.044225,16.857,-31.053,46.947,2000
DE_LU_FR_BE,forecast_early_logit__count2023_target05,original_M0__fixed025,process,0.009500000000000001,7.8885,-2.1022375,16.7935,-31.1115,46.8885,2000
DE_LU_FR_BE,forecast_early_logit__count2023_target05,original_M0__fixed025,process,0.01,7.83,-2.16025,16.73,-31.17,46.83,2000
DE_LU_FR_BE,forecast_early_logit__count2023_target05,original_M0__fixed025,process,0.0105,7.7715,-2.2182625,16.6665,-31.2285,46.7715,2000
DE_LU_FR_BE,forecast_early_logit__count2023_target05,original_M0__fixed025,process,0.011000000000000001,7.713,-2.2762749999999996,16.603,-31.287,46.713,2000
DE_LU_FR_BE,forecast_early_logit__count2023_target05,original_M0__fixed025,process,0.0115,7.6545000000000005,-2.3342875,16.5395,-31.3455,46.6545,2000
DE_LU_FR_BE,forecast_early_logit__count2023_target05,original_M0__fixed025,process,0.012,7.596,-2.3923000000000005,16.476,-31.404,46.596000000000004,2000
DE_LU_FR_BE,forecast_early_logit__count2023_target05,original_M0__fixed025,process,0.0125,7.5375,-2.4503125000000003,16.4125,-31.4625,46.5375,2000
DE_LU_FR_BE,forecast_early_logit__count2023_target05,original_M0__fixed025,process,0.013000000000000001,7.479,-2.508325,16.349,-31.521,46.479,2000
DE_LU_FR_BE,forecast_early_logit__count2023_target05,original_M0__fixed025,process,0.013500000000000002,7.4205,-2.5663375000000004,16.2855,-31.5795,46.4205,2000
DE_LU_FR_BE,forecast_early_logit__count2023_target05,original_M0__fixed025,process,0.014,7.362,-2.62435,16.222,-31.637999999999998,46.362,2000
DE_LU_FR_BE,forecast_early_logit__count2023_target05,original_M0__fixed025,process,0.0145,7.3035,-2.6823625000000004,16.1585,-31.6965,46.3035,2000
DE_LU_FR_BE,forecast_early_logit__count2023_target05,original_M0__fixed025,process,0.015,7.245,-2.7403750000000002,16.095,-31.755,46.245,2000
DE_LU_FR_BE,forecast_early_logit__count2023_target05,original_M0__fixed025,process,0.02,6.66,-3.3205,15.64,-32.34,45.66,2000
DE_LU_FR_BE,forecast_early_logit__count2023_target05,original_M0__fixed025,process,0.03,5.49,-4.51,14.50025,-33.51,44.49,2000
DE_LU_FR_BE,forecast_early_logit__count2023_target05,original_M0__fixed025,process,0.05,3.1499999999999995,-6.8525,12.351249999999993,-35.85,42.15,2000
DE_LU_FR_BE,forecast_early_logit__count2023_target05,original_M0__fixed025,process,0.1,-2.700000000000001,-13.0,7.399999999999999,-41.7,36.3,2000
DE_LU_FR_BE,forecast_early_logit__count2023_target05,original_M0__fixed025,process,0.2,-14.400000000000002,-26.405,-1.8000000000000007,-53.400000000000006,24.599999999999998,2000
DE_LU_FR_BE,forecast_early_logit__count2023_target05,original_M0__fixed025,process,0.25,-20.25,-33.25,-6.25,-59.25,18.75,2000
DE_LU_FR_BE,forecast_early_logit__count2023_target05,original_M0__fixed025,process,0.5,-49.5,-70.0,-27.0,-88.5,-10.5,2000
DE_LU_FR_BE,forecast_early_logit__count2023_target05,original_M0__fixed025,process,1.0,-108.0,-144.0,-66.0,-147.0,-69.0,2000
DE_LU_FR_BE,forecast_early_logit__count2023_target05,original_M0__fixed025,hour,0.0,2.0,-24.0,20.0,-37.0,41.0,2000
DE_LU_FR_BE,forecast_early_logit__count2023_target05,original_M0__fixed025,hour,0.0005,1.9415,-24.0426375,19.949025000000002,-37.0585,40.9415,2000
DE_LU_FR_BE,forecast_early_logit__count2023_target05,original_M0__fixed025,hour,0.001,1.883,-24.085275,19.898049999999998,-37.117,40.883,2000
DE_LU_FR_BE,forecast_early_logit__count2023_target05,original_M0__fixed025,hour,0.0015,1.8245,-24.1279125,19.847075,-37.1755,40.8245,2000
DE_LU_FR_BE,forecast_early_logit__count2023_target05,original_M0__fixed025,hour,0.002,1.766,-24.170550000000002,19.7961,-37.234,40.766,2000
DE_LU_FR_BE,forecast_early_logit__count2023_target05,original_M0__fixed025,hour,0.0025,1.7075,-24.2131875,19.745125,-37.2925,40.7075,2000
DE_LU_FR_BE,forecast_early_logit__count2023_target05,original_M0__fixed025,hour,0.003,1.649,-24.255824999999998,19.694149999999997,-37.351,40.649,2000
DE_LU_FR_BE,forecast_early_logit__count2023_target05,original_M0__fixed025,hour,0.0035,1.5905,-24.2984625,19.643175,-37.4095,40.5905,2000
DE_LU_FR_BE,forecast_early_logit__count2023_target05,original_M0__fixed025,hour,0.004,1.532,-24.3411,19.5922,-37.468,40.532,2000
DE_LU_FR_BE,forecast_early_logit__count2023_target05,original_M0__fixed025,hour,0.0045000000000000005,1.4735,-24.3837375,19.541225,-37.5265,40.4735,2000
DE_LU_FR_BE,forecast_early_logit__count2023_target05,original_M0__fixed025,hour,0.005000000000000001,1.415,-24.426375,19.490249999999996,-37.585,40.415,2000
DE_LU_FR_BE,forecast_early_logit__count2023_target05,original_M0__fixed025,hour,0.0055,1.3565,-24.4690125,19.439275,-37.6435,40.3565,2000
DE_LU_FR_BE,forecast_early_logit__count2023_target05,original_M0__fixed025,hour,0.006,1.298,-24.511650000000003,19.3883,-37.702,40.298,2000
DE_LU_FR_BE,forecast_early_logit__count2023_target05,original_M0__fixed025,hour,0.006500000000000001,1.2395,-24.554287499999997,19.337324999999996,-37.7605,40.2395,2000
DE_LU_FR_BE,forecast_early_logit__count2023_target05,original_M0__fixed025,hour,0.007000000000000001,1.1809999999999998,-24.596925,19.28635,-37.819,40.181,2000
DE_LU_FR_BE,forecast_early_logit__count2023_target05,original_M0__fixed025,hour,0.0075,1.1225,-24.6395625,19.235374999999998,-37.8775,40.1225,2000
DE_LU_FR_BE,forecast_early_logit__count2023_target05,original_M0__fixed025,hour,0.008,1.064,-24.682199999999998,19.1844,-37.936,40.064,2000
DE_LU_FR_BE,forecast_early_logit__count2023_target05,original_M0__fixed025,hour,0.0085,1.0055,-24.7248375,19.133424999999995,-37.9945,40.0055,2000
DE_LU_FR_BE,forecast_early_logit__count2023_target05,original_M0__fixed025,hour,0.009000000000000001,0.9469999999999998,-24.767475,19.082449999999998,-38.053,39.947,2000
DE_LU_FR_BE,forecast_early_logit__count2023_target05,original_M0__fixed025,hour,0.009500000000000001,0.8884999999999998,-24.810112500000002,19.031474999999997,-38.1115,39.8885,2000
DE_LU_FR_BE,forecast_early_logit__count2023_target05,original_M0__fixed025,hour,0.01,0.8300000000000001,-24.85275,18.9805,-38.17,39.83,2000
DE_LU_FR_BE,forecast_early_logit__count2023_target05,original_M0__fixed025,hour,0.0105,0.7714999999999999,-24.8953875,18.929524999999995,-38.2285,39.7715,2000
DE_LU_FR_BE,forecast_early_logit__count2023_target05,original_M0__fixed025,hour,0.011000000000000001,0.7129999999999999,-24.938025,18.878549999999997,-38.287,39.713,2000
DE_LU_FR_BE,forecast_early_logit__count2023_target05,original_M0__fixed025,hour,0.0115,0.6545000000000001,-24.980662499999998,18.827574999999996,-38.3455,39.6545,2000
DE_LU_FR_BE,forecast_early_logit__count2023_target05,original_M0__fixed025,hour,0.012,0.5959999999999999,-25.0233,18.776599999999995,-38.404,39.596,2000
DE_LU_FR_BE,forecast_early_logit__count2023_target05,original_M0__fixed025,hour,0.0125,0.5374999999999999,-25.0659375,18.725624999999997,-38.4625,39.5375,2000
DE_LU_FR_BE,forecast_early_logit__count2023_target05,original_M0__fixed025,hour,0.013000000000000001,0.47899999999999987,-25.108575000000002,18.674649999999996,-38.521,39.479,2000
DE_LU_FR_BE,forecast_early_logit__count2023_target05,original_M0__fixed025,hour,0.013500000000000002,0.4204999999999999,-25.1512125,18.623675,-38.5795,39.4205,2000
DE_LU_FR_BE,forecast_early_logit__count2023_target05,original_M0__fixed025,hour,0.014,0.3619999999999999,-25.19385,18.572699999999994,-38.638,39.362,2000
DE_LU_FR_BE,forecast_early_logit__count2023_target05,original_M0__fixed025,hour,0.0145,0.3034999999999999,-25.236487500000003,18.521724999999996,-38.6965,39.3035,2000
DE_LU_FR_BE,forecast_early_logit__count2023_target05,original_M0__fixed025,hour,0.015,0.2450000000000001,-25.279124999999997,18.470749999999995,-38.755,39.245,2000
DE_LU_FR_BE,forecast_early_logit__count2023_target05,original_M0__fixed025,hour,0.02,-0.33999999999999986,-25.9215,17.960999999999995,-39.34,38.66,2000
DE_LU_FR_BE,forecast_early_logit__count2023_target05,original_M0__fixed025,hour,0.03,-1.5099999999999998,-27.09125,16.861999999999988,-40.51,37.49,2000
DE_LU_FR_BE,forecast_early_logit__count2023_target05,original_M0__fixed025,hour,0.05,-3.8500000000000005,-29.205,14.603749999999978,-42.85,35.15,2000
DE_LU_FR_BE,forecast_early_logit__count2023_target05,original_M0__fixed025,hour,0.1,-9.700000000000001,-34.302499999999995,8.502499999999987,-48.7,29.299999999999997,2000
DE_LU_FR_BE,forecast_early_logit__count2023_target05,original_M0__fixed025,hour,0.2,-21.400000000000002,-46.400000000000006,-2.6000000000000014,-60.400000000000006,17.599999999999998,2000
DE_LU_FR_BE,forecast_early_logit__count2023_target05,original_M0__fixed025,hour,0.25,-27.25,-52.0,-7.75,-66.25,11.75,2000
DE_LU_FR_BE,forecast_early_logit__count2023_target05,original_M0__fixed025,hour,0.5,-56.5,-84.5125,-32.0,-95.5,-17.5,2000
DE_LU_FR_BE,forecast_early_logit__count2023_target05,original_M0__fixed025,hour,1.0,-115.0,-155.0,-76.0,-154.0,-76.0,2000
DE_LU_FR_BE,forecast_early_logit__count2022_target05,original_M0__fixed025,process,0.0,8.0,-2.0,17.0,-25.0,41.0,2000
DE_LU_FR_BE,forecast_early_logit__count2022_target05,original_M0__fixed025,process,0.0005,7.9935,-1.9930625000000002,16.987525,-25.0065,40.9935,2000
DE_LU_FR_BE,forecast_early_logit__count2022_target05,original_M0__fixed025,process,0.001,7.987,-1.986125,16.97505,-25.012999999999998,40.987,2000
DE_LU_FR_BE,forecast_early_logit__count2022_target05,original_M0__fixed025,process,0.0015,7.9805,-1.9791875,16.962574999999998,-25.0195,40.9805,2000
DE_LU_FR_BE,forecast_early_logit__count2022_target05,original_M0__fixed025,process,0.002,7.974,-1.97225,16.9501,-25.026,40.974000000000004,2000
DE_LU_FR_BE,forecast_early_logit__count2022_target05,original_M0__fixed025,process,0.0025,7.9675,-1.9653125,16.937625,-25.0325,40.9675,2000
DE_LU_FR_BE,forecast_early_logit__count2022_target05,original_M0__fixed025,process,0.003,7.961,-1.958375,16.92515,-25.039,40.961,2000
DE_LU_FR_BE,forecast_early_logit__count2022_target05,original_M0__fixed025,process,0.0035,7.9545,-1.9514375,16.912675,-25.0455,40.9545,2000
DE_LU_FR_BE,forecast_early_logit__count2022_target05,original_M0__fixed025,process,0.004,7.948,-1.9445,16.900199999999998,-25.052,40.948,2000
DE_LU_FR_BE,forecast_early_logit__count2022_target05,original_M0__fixed025,process,0.0045000000000000005,7.9415,-1.9375625,16.887725,-25.058500000000002,40.9415,2000
DE_LU_FR_BE,forecast_early_logit__count2022_target05,original_M0__fixed025,process,0.005000000000000001,7.935,-1.9306249999999998,16.875249999999998,-25.065,40.935,2000
DE_LU_FR_BE,forecast_early_logit__count2022_target05,original_M0__fixed025,process,0.0055,7.9285,-1.9236875,16.862775,-25.0715,40.9285,2000
DE_LU_FR_BE,forecast_early_logit__count2022_target05,original_M0__fixed025,process,0.006,7.922,-1.91675,16.8503,-25.078,40.922,2000
DE_LU_FR_BE,forecast_early_logit__count2022_target05,original_M0__fixed025,process,0.006500000000000001,7.9155,-1.9098125,16.837824999999995,-25.0845,40.9155,2000
DE_LU_FR_BE,forecast_early_logit__count2022_target05,original_M0__fixed025,process,0.007000000000000001,7.909,-1.9028749999999999,16.825349999999997,-25.091,40.909,2000
DE_LU_FR_BE,forecast_early_logit__count2022_target05,original_M0__fixed025,process,0.0075,7.9025,-1.8959375,16.812875,-25.0975,40.9025,2000
DE_LU_FR_BE,forecast_early_logit__count2022_target05,original_M0__fixed025,process,0.008,7.896,-1.8889999999999998,16.8004,-25.104,40.896,2000
DE_LU_FR_BE,forecast_early_logit__count2022_target05,original_M0__fixed025,process,0.0085,7.8895,-1.8820625,16.787924999999998,-25.110500000000002,40.8895,2000
DE_LU_FR_BE,forecast_early_logit__count2022_target05,original_M0__fixed025,process,0.009000000000000001,7.883,-1.8751250000000002,16.775449999999996,-25.117,40.883,2000
DE_LU_FR_BE,forecast_early_logit__count2022_target05,original_M0__fixed025,process,0.009500000000000001,7.8765,-1.8681875,16.762974999999997,-25.1235,40.8765,2000
DE_LU_FR_BE,forecast_early_logit__count2022_target05,original_M0__fixed025,process,0.01,7.87,-1.8612499999999998,16.7505,-25.13,40.87,2000
DE_LU_FR_BE,forecast_early_logit__count2022_target05,original_M0__fixed025,process,0.0105,7.8635,-1.8543124999999998,16.738024999999997,-25.136499999999998,40.8635,2000
DE_LU_FR_BE,forecast_early_logit__count2022_target05,original_M0__fixed025,process,0.011000000000000001,7.857,-1.847375,16.72555,-25.143,40.857,2000
DE_LU_FR_BE,forecast_early_logit__count2022_target05,original_M0__fixed025,process,0.0115,7.8505,-1.8404375,16.713074999999996,-25.1495,40.8505,2000
DE_LU_FR_BE,forecast_early_logit__count2022_target05,original_M0__fixed025,process,0.012,7.844,-1.8335,16.700599999999994,-25.156,40.844,2000
DE_LU_FR_BE,forecast_early_logit__count2022_target05,original_M0__fixed025,process,0.0125,7.8375,-1.8265624999999999,16.688124999999996,-25.1625,40.8375,2000
DE_LU_FR_BE,forecast_early_logit__count2022_target05,original_M0__fixed025,process,0.013000000000000001,7.831,-1.819625,16.675649999999997,-25.169,40.831,2000
DE_LU_FR_BE,forecast_early_logit__count2022_target05,original_M0__fixed025,process,0.013500000000000002,7.8245,-1.8126874999999998,16.663175,-25.1755,40.8245,2000
DE_LU_FR_BE,forecast_early_logit__count2022_target05,original_M0__fixed025,process,0.014,7.818,-1.80575,16.650699999999993,-25.182000000000002,40.818,2000
DE_LU_FR_BE,forecast_early_logit__count2022_target05,original_M0__fixed025,process,0.0145,7.8115,-1.7988125,16.638224999999995,-25.1885,40.8115,2000
DE_LU_FR_BE,forecast_early_logit__count2022_target05,original_M0__fixed025,process,0.015,7.805,-1.811375,16.625749999999996,-25.195,40.805,2000
DE_LU_FR_BE,forecast_early_logit__count2022_target05,original_M0__fixed025,process,0.02,7.74,-1.821,16.500999999999994,-25.259999999999998,40.74,2000
DE_LU_FR_BE,forecast_early_logit__count2022_target05,original_M0__fixed025,process,0.03,7.61,-1.7905,16.52,-25.39,40.61,2000
DE_LU_FR_BE,forecast_early_logit__count2022_target05,original_M0__fixed025,process,0.05,7.35,-2.0012499999999998,16.301249999999992,-25.65,40.35,2000
DE_LU_FR_BE,forecast_early_logit__count2022_target05,original_M0__fixed025,process,0.1,6.7,-2.9025000000000003,16.0,-26.3,39.7,2000
DE_LU_FR_BE,forecast_early_logit__count2022_target05,original_M0__fixed025,process,0.2,5.4,-5.405,16.2,-27.6,38.4,2000
DE_LU_FR_BE,forecast_early_logit__count2022_target05,original_M0__fixed025,process,0.25,4.75,-7.0,17.0,-28.25,37.75,2000
DE_LU_FR_BE,forecast_early_logit__count2022_target05,original_M0__fixed025,process,0.5,1.5,-16.0,20.5,-31.5,34.5,2000
DE_LU_FR_BE,forecast_early_logit__count2022_target05,original_M0__fixed025,process,1.0,-5.0,-36.0,30.0,-38.0,28.0,2000
DE_LU_FR_BE,forecast_early_logit__count2022_target05,original_M0__fixed025,hour,0.0,-9.0,-37.0,10.024999999999864,-42.0,24.0,2000
DE_LU_FR_BE,forecast_early_logit__count2022_target05,original_M0__fixed025,hour,0.0005,-9.0065,-36.984175,10.020612499999865,-42.0065,23.993499999999997,2000
DE_LU_FR_BE,forecast_early_logit__count2022_target05,original_M0__fixed025,hour,0.001,-9.013,-36.96835,10.016224999999869,-42.013,23.987000000000002,2000
DE_LU_FR_BE,forecast_early_logit__count2022_target05,original_M0__fixed025,hour,0.0015,-9.0195,-36.952525,10.011837499999869,-42.0195,23.9805,2000
DE_LU_FR_BE,forecast_early_logit__count2022_target05,original_M0__fixed025,hour,0.002,-9.026,-36.9367,10.007449999999873,-42.025999999999996,23.974,2000
DE_LU_FR_BE,forecast_early_logit__count2022_target05,original_M0__fixed025,hour,0.0025,-9.0325,-36.920875,10.003062499999874,-42.0325,23.9675,2000
DE_LU_FR_BE,forecast_early_logit__count2022_target05,original_M0__fixed025,hour,0.003,-9.039,-36.90505,9.998674999999878,-42.039,23.961,2000
DE_LU_FR_BE,forecast_early_logit__count2022_target05,original_M0__fixed025,hour,0.0035,-9.0455,-36.889224999999996,9.994287499999878,-42.045500000000004,23.9545,2000
DE_LU_FR_BE,forecast_early_logit__count2022_target05,original_M0__fixed025,hour,0.004,-9.052,-36.8734,9.98989999999988,-42.052,23.948,2000
DE_LU_FR_BE,forecast_early_logit__count2022_target05,original_M0__fixed025,hour,0.0045000000000000005,-9.0585,-36.857575000000004,9.985512499999883,-42.0585,23.941499999999998,2000
DE_LU_FR_BE,forecast_early_logit__count2022_target05,original_M0__fixed025,hour,0.005000000000000001,-9.065,-36.841750000000005,9.981124999999885,-42.065,23.935000000000002,2000
DE_LU_FR_BE,forecast_early_logit__count2022_target05,original_M0__fixed025,hour,0.0055,-9.0715,-36.825925,9.976737499999887,-42.0715,23.9285,2000
DE_LU_FR_BE,forecast_early_logit__count2022_target05,original_M0__fixed025,hour,0.006,-9.078,-36.8101,9.972349999999889,-42.078,23.922,2000
DE_LU_FR_BE,forecast_early_logit__count2022_target05,original_M0__fixed025,hour,0.006500000000000001,-9.0845,-36.794275,9.967962499999892,-42.0845,23.9155,2000
DE_LU_FR_BE,forecast_early_logit__count2022_target05,original_M0__fixed025,hour,0.007000000000000001,-9.091,-36.77845000000001,9.963574999999894,-42.091,23.909,2000
DE_LU_FR_BE,forecast_early_logit__count2022_target05,original_M0__fixed025,hour,0.0075,-9.0975,-36.762625,9.959187499999894,-42.0975,23.9025,2000
DE_LU_FR_BE,forecast_early_logit__count2022_target05,original_M0__fixed025,hour,0.008,-9.104,-36.7468,9.954799999999898,-42.104,23.896,2000
DE_LU_FR_BE,forecast_early_logit__count2022_target05,original_M0__fixed025,hour,0.0085,-9.1105,-36.730975,9.9504124999999,-42.1105,23.889499999999998,2000
DE_LU_FR_BE,forecast_early_logit__count2022_target05,original_M0__fixed025,hour,0.009000000000000001,-9.117,-36.71515,9.946024999999903,-42.117000000000004,23.883,2000
DE_LU_FR_BE,forecast_early_logit__count2022_target05,original_M0__fixed025,hour,0.009500000000000001,-9.1235,-36.699324999999995,9.941637499999903,-42.1235,23.8765,2000
DE_LU_FR_BE,forecast_early_logit__count2022_target05,original_M0__fixed025,hour,0.01,-9.13,-36.6835,9.937249999999906,-42.13,23.869999999999997,2000
DE_LU_FR_BE,forecast_early_logit__count2022_target05,original_M0__fixed025,hour,0.0105,-9.1365,-36.667675,9.932862499999908,-42.1365,23.863500000000002,2000
DE_LU_FR_BE,forecast_early_logit__count2022_target05,original_M0__fixed025,hour,0.011000000000000001,-9.143,-36.65185,9.92847499999991,-42.143,23.857,2000
DE_LU_FR_BE,forecast_early_logit__count2022_target05,original_M0__fixed025,hour,0.0115,-9.1495,-36.636025,9.924087499999912,-42.1495,23.8505,2000
DE_LU_FR_BE,forecast_early_logit__count2022_target05,original_M0__fixed025,hour,0.012,-9.156,-36.6202,9.919699999999914,-42.156,23.844,2000
DE_LU_FR_BE,forecast_early_logit__count2022_target05,original_M0__fixed025,hour,0.0125,-9.1625,-36.604375000000005,9.915312499999917,-42.1625,23.8375,2000
DE_LU_FR_BE,forecast_early_logit__count2022_target05,original_M0__fixed025,hour,0.013000000000000001,-9.169,-36.588550000000005,9.910924999999919,-42.169,23.831,2000
DE_LU_FR_BE,forecast_early_logit__count2022_target05,original_M0__fixed025,hour,0.013500000000000002,-9.1755,-36.572725,9.90653749999992,-42.1755,23.8245,2000
DE_LU_FR_BE,forecast_early_logit__count2022_target05,original_M0__fixed025,hour,0.014,-9.182,-36.5569,9.902149999999923,-42.182,23.817999999999998,2000
DE_LU_FR_BE,forecast_early_logit__count2022_target05,original_M0__fixed025,hour,0.0145,-9.1885,-36.541075,9.897762499999926,-42.1885,23.811500000000002,2000
DE_LU_FR_BE,forecast_early_logit__count2022_target05,original_M0__fixed025,hour,0.015,-9.195,-36.52525,9.893374999999928,-42.195,23.805,2000
DE_LU_FR_BE,forecast_early_logit__count2022_target05,original_M0__fixed025,hour,0.02,-9.26,-36.406,9.849499999999948,-42.26,23.740000000000002,2000
DE_LU_FR_BE,forecast_early_logit__count2022_target05,original_M0__fixed025,hour,0.03,-9.39,-36.46225,9.76174999999999,-42.39,23.61,2000
DE_LU_FR_BE,forecast_early_logit__count2022_target05,original_M0__fixed025,hour,0.05,-9.65,-36.4525,9.05374999999998,-42.65,23.35,2000
DE_LU_FR_BE,forecast_early_logit__count2022_target05,original_M0__fixed025,hour,0.1,-10.3,-36.5,8.202499999999986,-43.3,22.7,2000
DE_LU_FR_BE,forecast_early_logit__count2022_target05,original_M0__fixed025,hour,0.2,-11.6,-36.605000000000004,6.404999999999972,-44.6,21.4,2000
DE_LU_FR_BE,forecast_early_logit__count2022_target05,original_M0__fixed025,hour,0.25,-12.25,-37.0,5.506249999999966,-45.25,20.75,2000
DE_LU_FR_BE,forecast_early_logit__count2022_target05,original_M0__fixed025,hour,0.5,-15.5,-41.0,5.0,-48.5,17.5,2000
DE_LU_FR_BE,forecast_early_logit__count2022_target05,original_M0__fixed025,hour,1.0,-22.0,-56.025,8.0,-55.0,11.0,2000
DE_LU_FR_BE,forecast_early_logit__count2022_target05,forecast_hour_logit__count2022_target05,process,0.0,4.0,-4.0,12.0,-20.0,28.0,2000
DE_LU_FR_BE,forecast_early_logit__count2022_target05,forecast_hour_logit__count2022_target05,process,0.0005,4.0535,-3.944025,12.0620125,-19.9465,28.0535,2000
DE_LU_FR_BE,forecast_early_logit__count2022_target05,forecast_hour_logit__count2022_target05,process,0.001,4.107,-3.88805,12.124025,-19.893,28.107,2000
DE_LU_FR_BE,forecast_early_logit__count2022_target05,forecast_hour_logit__count2022_target05,process,0.0015,4.1605,-3.8320749999999997,12.1860375,-19.8395,28.1605,2000
DE_LU_FR_BE,forecast_early_logit__count2022_target05,forecast_hour_logit__count2022_target05,process,0.002,4.214,-3.7761,12.24805,-19.786,28.214,2000
DE_LU_FR_BE,forecast_early_logit__count2022_target05,forecast_hour_logit__count2022_target05,process,0.0025,4.2675,-3.720125,12.3100625,-19.7325,28.2675,2000
DE_LU_FR_BE,forecast_early_logit__count2022_target05,forecast_hour_logit__count2022_target05,process,0.003,4.321,-3.6641500000000002,12.372074999999999,-19.679000000000002,28.320999999999998,2000
DE_LU_FR_BE,forecast_early_logit__count2022_target05,forecast_hour_logit__count2022_target05,process,0.0035,4.3745,-3.608175,12.434087499999999,-19.6255,28.3745,2000
DE_LU_FR_BE,forecast_early_logit__count2022_target05,forecast_hour_logit__count2022_target05,process,0.004,4.428,-3.5522,12.4961,-19.572,28.428,2000
DE_LU_FR_BE,forecast_early_logit__count2022_target05,forecast_hour_logit__count2022_target05,process,0.0045000000000000005,4.4815000000000005,-3.496225,12.5581125,-19.5185,28.4815,2000
DE_LU_FR_BE,forecast_early_logit__count2022_target05,forecast_hour_logit__count2022_target05,process,0.005000000000000001,4.535,-3.44025,12.620125,-19.465,28.535,2000
DE_LU_FR_BE,forecast_early_logit__count2022_target05,forecast_hour_logit__count2022_target05,process,0.0055,4.5885,-3.3842749999999997,12.6821375,-19.4115,28.5885,2000
DE_LU_FR_BE,forecast_early_logit__count2022_target05,forecast_hour_logit__count2022_target05,process,0.006,4.642,-3.3283,12.74415,-19.358,28.642,2000
DE_LU_FR_BE,forecast_early_logit__count2022_target05,forecast_hour_logit__count2022_target05,process,0.006500000000000001,4.6955,-3.272325,12.8061625,-19.3045,28.6955,2000
DE_LU_FR_BE,forecast_early_logit__count2022_target05,forecast_hour_logit__count2022_target05,process,0.007000000000000001,4.7490000000000006,-3.21635,12.868174999999999,-19.250999999999998,28.749000000000002,2000
DE_LU_FR_BE,forecast_early_logit__count2022_target05,forecast_hour_logit__count2022_target05,process,0.0075,4.8025,-3.160375,12.930187499999999,-19.197499999999998,28.802500000000002,2000
DE_LU_FR_BE,forecast_early_logit__count2022_target05,forecast_hour_logit__count2022_target05,process,0.008,4.856,-3.1044,12.9922,-19.144,28.856,2000
DE_LU_FR_BE,forecast_early_logit__count2022_target05,forecast_hour_logit__count2022_target05,process,0.0085,4.9095,-3.048425,13.054212499999998,-19.0905,28.9095,2000
DE_LU_FR_BE,forecast_early_logit__count2022_target05,forecast_hour_logit__count2022_target05,process,0.009000000000000001,4.963,-2.99245,13.116224999999998,-19.037,28.963,2000
DE_LU_FR_BE,forecast_early_logit__count2022_target05,forecast_hour_logit__count2022_target05,process,0.009500000000000001,5.016500000000001,-2.9364749999999997,13.1782375,-18.9835,29.0165,2000
DE_LU_FR_BE,forecast_early_logit__count2022_target05,forecast_hour_logit__count2022_target05,process,0.01,5.07,-2.8805,13.24025,-18.93,29.07,2000
DE_LU_FR_BE,forecast_early_logit__count2022_target05,forecast_hour_logit__count2022_target05,process,0.0105,5.1235,-2.824525,13.302262499999998,-18.8765,29.1235,2000
DE_LU_FR_BE,forecast_early_logit__count2022_target05,forecast_hour_logit__count2022_target05,process,0.011000000000000001,5.177,-2.76855,13.364275,-18.823,29.177,2000
DE_LU_FR_BE,forecast_early_logit__count2022_target05,forecast_hour_logit__count2022_target05,process,0.0115,5.2305,-2.7125749999999997,13.426287499999999,-18.7695,29.2305,2000
DE_LU_FR_BE,forecast_early_logit__count2022_target05,forecast_hour_logit__count2022_target05,process,0.012,5.284,-2.6565999999999996,13.488299999999997,-18.716,29.284,2000
DE_LU_FR_BE,forecast_early_logit__count2022_target05,forecast_hour_logit__count2022_target05,process,0.0125,5.3375,-2.6006249999999995,13.550312499999999,-18.6625,29.3375,2000
DE_LU_FR_BE,forecast_early_logit__count2022_target05,forecast_hour_logit__count2022_target05,process,0.013000000000000001,5.391,-2.5446499999999994,13.612324999999998,-18.609,29.391,2000
DE_LU_FR_BE,forecast_early_logit__count2022_target05,forecast_hour_logit__count2022_target05,process,0.013500000000000002,5.4445,-2.4886749999999993,13.674337499999998,-18.555500000000002,29.444499999999998,2000
DE_LU_FR_BE,forecast_early_logit__count2022_target05,forecast_hour_logit__count2022_target05,process,0.014,5.498,-2.4327,13.736349999999998,-18.502,29.498,2000
DE_LU_FR_BE,forecast_early_logit__count2022_target05,forecast_hour_logit__count2022_target05,process,0.0145,5.5515,-2.376725,13.798362499999998,-18.4485,29.5515,2000
DE_LU_FR_BE,forecast_early_logit__count2022_target05,forecast_hour_logit__count2022_target05,process,0.015,5.605,-2.3207500000000003,13.860374999999998,-18.395,29.605,2000
DE_LU_FR_BE,forecast_early_logit__count2022_target05,forecast_hour_logit__count2022_target05,process,0.02,6.140000000000001,-1.7609999999999997,14.48,-17.86,30.14,2000
DE_LU_FR_BE,forecast_early_logit__count2022_target05,forecast_hour_logit__count2022_target05,process,0.03,7.21,-0.7000000000000002,15.520499999999997,-16.79,31.21,2000
DE_LU_FR_BE,forecast_early_logit__count2022_target05,forecast_hour_logit__count2022_target05,process,0.05,9.350000000000001,1.4487500000000002,17.50124999999999,-14.649999999999999,33.35,2000
DE_LU_FR_BE,forecast_early_logit__count2022_target05,forecast_hour_logit__count2022_target05,process,0.1,14.700000000000001,6.600000000000001,22.9,-9.299999999999999,38.7,2000
DE_LU_FR_BE,forecast_early_logit__count2022_target05,forecast_hour_logit__count2022_target05,process,0.2,25.400000000000002,16.400000000000002,34.2,1.4000000000000021,49.400000000000006,2000
DE_LU_FR_BE,forecast_early_logit__count2022_target05,forecast_hour_logit__count2022_target05,process,0.25,30.75,20.99375,39.75,6.75,54.75,2000
DE_LU_FR_BE,forecast_early_logit__count2022_target05,forecast_hour_logit__count2022_target05,process,0.5,57.5,43.0,69.5,33.5,81.5,2000
DE_LU_FR_BE,forecast_early_logit__count2022_target05,forecast_hour_logit__count2022_target05,process,1.0,111.0,84.975,132.0,87.0,135.0,2000
DE_LU_FR_BE,forecast_early_logit__count2022_target05,forecast_hour_logit__count2022_target05,hour,0.0,-22.0,-44.025,-8.0,-51.0,7.0,2000
DE_LU_FR_BE,forecast_early_logit__count2022_target05,forecast_hour_logit__count2022_target05,hour,0.0005,-21.9465,-43.979037500000004,-7.95695,-50.9465,7.0535,2000
DE_LU_FR_BE,forecast_early_logit__count2022_target05,forecast_hour_logit__count2022_target05,hour,0.001,-21.893,-43.933074999999995,-7.9139,-50.893,7.106999999999999,2000
DE_LU_FR_BE,forecast_early_logit__count2022_target05,forecast_hour_logit__count2022_target05,hour,0.0015,-21.8395,-43.8871125,-7.870850000000002,-50.8395,7.160499999999999,2000
DE_LU_FR_BE,forecast_early_logit__count2022_target05,forecast_hour_logit__count2022_target05,hour,0.002,-21.786,-43.84115,-7.827800000000002,-50.786,7.213999999999999,2000
DE_LU_FR_BE,forecast_early_logit__count2022_target05,forecast_hour_logit__count2022_target05,hour,0.0025,-21.7325,-43.7951875,-7.784750000000002,-50.7325,7.267499999999998,2000
DE_LU_FR_BE,forecast_early_logit__count2022_target05,forecast_hour_logit__count2022_target05,hour,0.003,-21.679,-43.749224999999996,-7.741700000000002,-50.679,7.3210000000000015,2000
DE_LU_FR_BE,forecast_early_logit__count2022_target05,forecast_hour_logit__count2022_target05,hour,0.0035,-21.6255,-43.7032625,-7.6986500000000015,-50.6255,7.374500000000001,2000
DE_LU_FR_BE,forecast_early_logit__count2022_target05,forecast_hour_logit__count2022_target05,hour,0.004,-21.572,-43.6573,-7.6556000000000015,-50.572,7.428000000000001,2000
DE_LU_FR_BE,forecast_early_logit__count2022_target05,forecast_hour_logit__count2022_target05,hour,0.0045000000000000005,-21.5185,-43.6113375,-7.612550000000002,-50.5185,7.4815000000000005,2000
DE_LU_FR_BE,forecast_early_logit__count2022_target05,forecast_hour_logit__count2022_target05,hour,0.005000000000000001,-21.465,-43.565375,-7.569500000000003,-50.465,7.535,2000
DE_LU_FR_BE,forecast_early_logit__count2022_target05,forecast_hour_logit__count2022_target05,hour,0.0055,-21.4115,-43.519412499999994,-7.526450000000003,-50.411500000000004,7.5885,2000
DE_LU_FR_BE,forecast_early_logit__count2022_target05,forecast_hour_logit__count2022_target05,hour,0.006,-21.358,-43.47345,-7.483400000000003,-50.358000000000004,7.6419999999999995,2000
DE_LU_FR_BE,forecast_early_logit__count2022_target05,forecast_hour_logit__count2022_target05,hour,0.006500000000000001,-21.3045,-43.4274875,-7.440350000000003,-50.304500000000004,7.695499999999999,2000
DE_LU_FR_BE,forecast_early_logit__count2022_target05,forecast_hour_logit__count2022_target05,hour,0.007000000000000001,-21.251,-43.381524999999996,-7.397300000000003,-50.251000000000005,7.748999999999999,2000
DE_LU_FR_BE,forecast_early_logit__count2022_target05,forecast_hour_logit__count2022_target05,hour,0.0075,-21.1975,-43.3355625,-7.354250000000005,-50.197500000000005,7.802499999999998,2000
DE_LU_FR_BE,forecast_early_logit__count2022_target05,forecast_hour_logit__count2022_target05,hour,0.008,-21.144,-43.2896,-7.311200000000005,-50.144,7.856000000000002,2000
DE_LU_FR_BE,forecast_early_logit__count2022_target05,forecast_hour_logit__count2022_target05,hour,0.0085,-21.0905,-43.2436375,-7.268150000000005,-50.0905,7.909500000000001,2000
DE_LU_FR_BE,forecast_early_logit__count2022_target05,forecast_hour_logit__count2022_target05,hour,0.009000000000000001,-21.037,-43.197675,-7.225100000000005,-50.037,7.963000000000001,2000
DE_LU_FR_BE,forecast_early_logit__count2022_target05,forecast_hour_logit__count2022_target05,hour,0.009500000000000001,-20.9835,-43.1517125,-7.182050000000005,-49.9835,8.0165,2000
DE_LU_FR_BE,forecast_early_logit__count2022_target05,forecast_hour_logit__count2022_target05,hour,0.01,-20.93,-43.10575,-7.139000000000006,-49.93,8.07,2000
DE_LU_FR_BE,forecast_early_logit__count2022_target05,forecast_hour_logit__count2022_target05,hour,0.0105,-20.8765,-43.0597875,-7.0959500000000055,-49.8765,8.1235,2000
DE_LU_FR_BE,forecast_early_logit__count2022_target05,forecast_hour_logit__count2022_target05,hour,0.011000000000000001,-20.823,-43.013825000000004,-7.052900000000006,-49.823,8.177,2000
DE_LU_FR_BE,forecast_early_logit__count2022_target05,forecast_hour_logit__count2022_target05,hour,0.0115,-20.7695,-42.967862499999995,-7.009850000000006,-49.7695,8.2305,2000
DE_LU_FR_BE,forecast_early_logit__count2022_target05,forecast_hour_logit__count2022_target05,hour,0.012,-20.716,-42.9219,-6.966800000000006,-49.716,8.283999999999999,2000
DE_LU_FR_BE,forecast_early_logit__count2022_target05,forecast_hour_logit__count2022_target05,hour,0.0125,-20.6625,-42.8759375,-6.923750000000006,-49.6625,8.337499999999999,2000
DE_LU_FR_BE,forecast_early_logit__count2022_target05,forecast_hour_logit__count2022_target05,hour,0.013000000000000001,-20.609,-42.829975,-6.880700000000007,-49.609,8.390999999999998,2000
DE_LU_FR_BE,forecast_early_logit__count2022_target05,forecast_hour_logit__count2022_target05,hour,0.013500000000000002,-20.5555,-42.7840125,-6.837650000000008,-49.555499999999995,8.444500000000001,2000
DE_LU_FR_BE,forecast_early_logit__count2022_target05,forecast_hour_logit__count2022_target05,hour,0.014,-20.502,-42.73805,-6.794600000000008,-49.501999999999995,8.498000000000001,2000
DE_LU_FR_BE,forecast_early_logit__count2022_target05,forecast_hour_logit__count2022_target05,hour,0.0145,-20.4485,-42.6920875,-6.751550000000008,-49.448499999999996,8.5515,2000
DE_LU_FR_BE,forecast_early_logit__count2022_target05,forecast_hour_logit__count2022_target05,hour,0.015,-20.395,-42.646125,-6.708500000000008,-49.394999999999996,8.605,2000
DE_LU_FR_BE,forecast_early_logit__count2022_target05,forecast_hour_logit__count2022_target05,hour,0.02,-19.86,-42.1865,-6.278000000000011,-48.86,9.14,2000
DE_LU_FR_BE,forecast_early_logit__count2022_target05,forecast_hour_logit__count2022_target05,hour,0.03,-18.79,-41.162749999999996,-5.417000000000017,-47.79,10.21,2000
DE_LU_FR_BE,forecast_early_logit__count2022_target05,forecast_hour_logit__count2022_target05,hour,0.05,-16.65,-38.8525,-3.5975000000000135,-45.65,12.350000000000001,2000
DE_LU_FR_BE,forecast_early_logit__count2022_target05,forecast_hour_logit__count2022_target05,hour,0.1,-11.299999999999999,-33.305,1.4000000000000004,-40.3,17.700000000000003,2000
DE_LU_FR_BE,forecast_early_logit__count2022_target05,forecast_hour_logit__count2022_target05,hour,0.2,-0.5999999999999979,-23.0,11.604999999999974,-29.599999999999998,28.400000000000002,2000
DE_LU_FR_BE,forecast_early_logit__count2022_target05,forecast_hour_logit__count2022_target05,hour,0.25,4.75,-17.75,16.75,-24.25,33.75,2000
DE_LU_FR_BE,forecast_early_logit__count2022_target05,forecast_hour_logit__count2022_target05,hour,0.5,31.5,6.987500000000001,43.5,2.5,60.5,2000
DE_LU_FR_BE,forecast_early_logit__count2022_target05,forecast_hour_logit__count2022_target05,hour,1.0,85.0,53.0,101.0,56.0,114.0,2000
DE_LU_FR_BE,forecast_early_logit__top2,forecast_hour_logit__top2,process,0.0,5.0,-3.0,13.0,-3.0,13.0,2000
DE_LU_FR_BE,forecast_early_logit__top2,forecast_hour_logit__top2,process,0.0005,5.0,-3.0,13.0,-3.0,13.0,2000
DE_LU_FR_BE,forecast_early_logit__top2,forecast_hour_logit__top2,process,0.001,5.0,-3.0,13.0,-3.0,13.0,2000
DE_LU_FR_BE,forecast_early_logit__top2,forecast_hour_logit__top2,process,0.0015,5.0,-3.0,13.0,-3.0,13.0,2000
DE_LU_FR_BE,forecast_early_logit__top2,forecast_hour_logit__top2,process,0.002,5.0,-3.0,13.0,-3.0,13.0,2000
DE_LU_FR_BE,forecast_early_logit__top2,forecast_hour_logit__top2,process,0.0025,5.0,-3.0,13.0,-3.0,13.0,2000
DE_LU_FR_BE,forecast_early_logit__top2,forecast_hour_logit__top2,process,0.003,5.0,-3.0,13.0,-3.0,13.0,2000
DE_LU_FR_BE,forecast_early_logit__top2,forecast_hour_logit__top2,process,0.0035,5.0,-3.0,13.0,-3.0,13.0,2000
DE_LU_FR_BE,forecast_early_logit__top2,forecast_hour_logit__top2,process,0.004,5.0,-3.0,13.0,-3.0,13.0,2000
DE_LU_FR_BE,forecast_early_logit__top2,forecast_hour_logit__top2,process,0.0045000000000000005,5.0,-3.0,13.0,-3.0,13.0,2000
DE_LU_FR_BE,forecast_early_logit__top2,forecast_hour_logit__top2,process,0.005000000000000001,5.0,-3.0,13.0,-3.0,13.0,2000
DE_LU_FR_BE,forecast_early_logit__top2,forecast_hour_logit__top2,process,0.0055,5.0,-3.0,13.0,-3.0,13.0,2000
DE_LU_FR_BE,forecast_early_logit__top2,forecast_hour_logit__top2,process,0.006,5.0,-3.0,13.0,-3.0,13.0,2000
DE_LU_FR_BE,forecast_early_logit__top2,forecast_hour_logit__top2,process,0.006500000000000001,5.0,-3.0,13.0,-3.0,13.0,2000
DE_LU_FR_BE,forecast_early_logit__top2,forecast_hour_logit__top2,process,0.007000000000000001,5.0,-3.0,13.0,-3.0,13.0,2000
DE_LU_FR_BE,forecast_early_logit__top2,forecast_hour_logit__top2,process,0.0075,5.0,-3.0,13.0,-3.0,13.0,2000
DE_LU_FR_BE,forecast_early_logit__top2,forecast_hour_logit__top2,process,0.008,5.0,-3.0,13.0,-3.0,13.0,2000
DE_LU_FR_BE,forecast_early_logit__top2,forecast_hour_logit__top2,process,0.0085,5.0,-3.0,13.0,-3.0,13.0,2000
DE_LU_FR_BE,forecast_early_logit__top2,forecast_hour_logit__top2,process,0.009000000000000001,5.0,-3.0,13.0,-3.0,13.0,2000
DE_LU_FR_BE,forecast_early_logit__top2,forecast_hour_logit__top2,process,0.009500000000000001,5.0,-3.0,13.0,-3.0,13.0,2000
DE_LU_FR_BE,forecast_early_logit__top2,forecast_hour_logit__top2,process,0.01,5.0,-3.0,13.0,-3.0,13.0,2000
DE_LU_FR_BE,forecast_early_logit__top2,forecast_hour_logit__top2,process,0.0105,5.0,-3.0,13.0,-3.0,13.0,2000
DE_LU_FR_BE,forecast_early_logit__top2,forecast_hour_logit__top2,process,0.011000000000000001,5.0,-3.0,13.0,-3.0,13.0,2000
DE_LU_FR_BE,forecast_early_logit__top2,forecast_hour_logit__top2,process,0.0115,5.0,-3.0,13.0,-3.0,13.0,2000
DE_LU_FR_BE,forecast_early_logit__top2,forecast_hour_logit__top2,process,0.012,5.0,-3.0,13.0,-3.0,13.0,2000
DE_LU_FR_BE,forecast_early_logit__top2,forecast_hour_logit__top2,process,0.0125,5.0,-3.0,13.0,-3.0,13.0,2000
DE_LU_FR_BE,forecast_early_logit__top2,forecast_hour_logit__top2,process,0.013000000000000001,5.0,-3.0,13.0,-3.0,13.0,2000
DE_LU_FR_BE,forecast_early_logit__top2,forecast_hour_logit__top2,process,0.013500000000000002,5.0,-3.0,13.0,-3.0,13.0,2000
DE_LU_FR_BE,forecast_early_logit__top2,forecast_hour_logit__top2,process,0.014,5.0,-3.0,13.0,-3.0,13.0,2000
DE_LU_FR_BE,forecast_early_logit__top2,forecast_hour_logit__top2,process,0.0145,5.0,-3.0,13.0,-3.0,13.0,2000
DE_LU_FR_BE,forecast_early_logit__top2,forecast_hour_logit__top2,process,0.015,5.0,-3.0,13.0,-3.0,13.0,2000
DE_LU_FR_BE,forecast_early_logit__top2,forecast_hour_logit__top2,process,0.02,5.0,-3.0,13.0,-3.0,13.0,2000
DE_LU_FR_BE,forecast_early_logit__top2,forecast_hour_logit__top2,process,0.03,5.0,-3.0,13.0,-3.0,13.0,2000
DE_LU_FR_BE,forecast_early_logit__top2,forecast_hour_logit__top2,process,0.05,5.0,-3.0,13.0,-3.0,13.0,2000
DE_LU_FR_BE,forecast_early_logit__top2,forecast_hour_logit__top2,process,0.1,5.0,-3.0,13.0,-3.0,13.0,2000
DE_LU_FR_BE,forecast_early_logit__top2,forecast_hour_logit__top2,process,0.2,5.0,-3.0,13.0,-3.0,13.0,2000
DE_LU_FR_BE,forecast_early_logit__top2,forecast_hour_logit__top2,process,0.25,5.0,-3.0,13.0,-3.0,13.0,2000
DE_LU_FR_BE,forecast_early_logit__top2,forecast_hour_logit__top2,process,0.5,5.0,-3.0,13.0,-3.0,13.0,2000
DE_LU_FR_BE,forecast_early_logit__top2,forecast_hour_logit__top2,process,1.0,5.0,-3.0,13.0,-3.0,13.0,2000
DE_LU_FR_BE,forecast_early_logit__top2,forecast_hour_logit__top2,hour,0.0,-9.0,-31.0,4.0,-29.0,11.0,2000
DE_LU_FR_BE,forecast_early_logit__top2,forecast_hour_logit__top2,hour,0.0005,-9.0,-31.0,4.0,-29.0,11.0,2000
DE_LU_FR_BE,forecast_early_logit__top2,forecast_hour_logit__top2,hour,0.001,-9.0,-31.0,4.0,-29.0,11.0,2000
DE_LU_FR_BE,forecast_early_logit__top2,forecast_hour_logit__top2,hour,0.0015,-9.0,-31.0,4.0,-29.0,11.0,2000
DE_LU_FR_BE,forecast_early_logit__top2,forecast_hour_logit__top2,hour,0.002,-9.0,-31.0,4.0,-29.0,11.0,2000
DE_LU_FR_BE,forecast_early_logit__top2,forecast_hour_logit__top2,hour,0.0025,-9.0,-31.0,4.0,-29.0,11.0,2000
DE_LU_FR_BE,forecast_early_logit__top2,forecast_hour_logit__top2,hour,0.003,-9.0,-31.0,4.0,-29.0,11.0,2000
DE_LU_FR_BE,forecast_early_logit__top2,forecast_hour_logit__top2,hour,0.0035,-9.0,-31.0,4.0,-29.0,11.0,2000
DE_LU_FR_BE,forecast_early_logit__top2,forecast_hour_logit__top2,hour,0.004,-9.0,-31.0,4.0,-29.0,11.0,2000
DE_LU_FR_BE,forecast_early_logit__top2,forecast_hour_logit__top2,hour,0.0045000000000000005,-9.0,-31.0,4.0,-29.0,11.0,2000
DE_LU_FR_BE,forecast_early_logit__top2,forecast_hour_logit__top2,hour,0.005000000000000001,-9.0,-31.0,4.0,-29.0,11.0,2000
DE_LU_FR_BE,forecast_early_logit__top2,forecast_hour_logit__top2,hour,0.0055,-9.0,-31.0,4.0,-29.0,11.0,2000
DE_LU_FR_BE,forecast_early_logit__top2,forecast_hour_logit__top2,hour,0.006,-9.0,-31.0,4.0,-29.0,11.0,2000
DE_LU_FR_BE,forecast_early_logit__top2,forecast_hour_logit__top2,hour,0.006500000000000001,-9.0,-31.0,4.0,-29.0,11.0,2000
DE_LU_FR_BE,forecast_early_logit__top2,forecast_hour_logit__top2,hour,0.007000000000000001,-9.0,-31.0,4.0,-29.0,11.0,2000
DE_LU_FR_BE,forecast_early_logit__top2,forecast_hour_logit__top2,hour,0.0075,-9.0,-31.0,4.0,-29.0,11.0,2000
DE_LU_FR_BE,forecast_early_logit__top2,forecast_hour_logit__top2,hour,0.008,-9.0,-31.0,4.0,-29.0,11.0,2000
DE_LU_FR_BE,forecast_early_logit__top2,forecast_hour_logit__top2,hour,0.0085,-9.0,-31.0,4.0,-29.0,11.0,2000
DE_LU_FR_BE,forecast_early_logit__top2,forecast_hour_logit__top2,hour,0.009000000000000001,-9.0,-31.0,4.0,-29.0,11.0,2000
DE_LU_FR_BE,forecast_early_logit__top2,forecast_hour_logit__top2,hour,0.009500000000000001,-9.0,-31.0,4.0,-29.0,11.0,2000
DE_LU_FR_BE,forecast_early_logit__top2,forecast_hour_logit__top2,hour,0.01,-9.0,-31.0,4.0,-29.0,11.0,2000
DE_LU_FR_BE,forecast_early_logit__top2,forecast_hour_logit__top2,hour,0.0105,-9.0,-31.0,4.0,-29.0,11.0,2000
DE_LU_FR_BE,forecast_early_logit__top2,forecast_hour_logit__top2,hour,0.011000000000000001,-9.0,-31.0,4.0,-29.0,11.0,2000
DE_LU_FR_BE,forecast_early_logit__top2,forecast_hour_logit__top2,hour,0.0115,-9.0,-31.0,4.0,-29.0,11.0,2000
DE_LU_FR_BE,forecast_early_logit__top2,forecast_hour_logit__top2,hour,0.012,-9.0,-31.0,4.0,-29.0,11.0,2000
DE_LU_FR_BE,forecast_early_logit__top2,forecast_hour_logit__top2,hour,0.0125,-9.0,-31.0,4.0,-29.0,11.0,2000
DE_LU_FR_BE,forecast_early_logit__top2,forecast_hour_logit__top2,hour,0.013000000000000001,-9.0,-31.0,4.0,-29.0,11.0,2000
DE_LU_FR_BE,forecast_early_logit__top2,forecast_hour_logit__top2,hour,0.013500000000000002,-9.0,-31.0,4.0,-29.0,11.0,2000
DE_LU_FR_BE,forecast_early_logit__top2,forecast_hour_logit__top2,hour,0.014,-9.0,-31.0,4.0,-29.0,11.0,2000
DE_LU_FR_BE,forecast_early_logit__top2,forecast_hour_logit__top2,hour,0.0145,-9.0,-31.0,4.0,-29.0,11.0,2000
DE_LU_FR_BE,forecast_early_logit__top2,forecast_hour_logit__top2,hour,0.015,-9.0,-31.0,4.0,-29.0,11.0,2000
DE_LU_FR_BE,forecast_early_logit__top2,forecast_hour_logit__top2,hour,0.02,-9.0,-31.0,4.0,-29.0,11.0,2000
DE_LU_FR_BE,forecast_early_logit__top2,forecast_hour_logit__top2,hour,0.03,-9.0,-31.0,4.0,-29.0,11.0,2000
DE_LU_FR_BE,forecast_early_logit__top2,forecast_hour_logit__top2,hour,0.05,-9.0,-31.0,4.0,-29.0,11.0,2000
DE_LU_FR_BE,forecast_early_logit__top2,forecast_hour_logit__top2,hour,0.1,-9.0,-31.0,4.0,-29.0,11.0,2000
DE_LU_FR_BE,forecast_early_logit__top2,forecast_hour_logit__top2,hour,0.2,-9.0,-31.0,4.0,-29.0,11.0,2000
DE_LU_FR_BE,forecast_early_logit__top2,forecast_hour_logit__top2,hour,0.25,-9.0,-31.0,4.0,-29.0,11.0,2000
DE_LU_FR_BE,forecast_early_logit__top2,forecast_hour_logit__top2,hour,0.5,-9.0,-31.0,4.0,-29.0,11.0,2000
DE_LU_FR_BE,forecast_early_logit__top2,forecast_hour_logit__top2,hour,1.0,-9.0,-31.0,4.0,-29.0,11.0,2000
DE_LU_FR_BE,forecast_early_logit__top2,original_M0__top2,process,0.0,8.0,-1.0,17.0,-1.0,17.0,2000
DE_LU_FR_BE,forecast_early_logit__top2,original_M0__top2,process,0.0005,8.0,-1.0,17.0,-1.0,17.0,2000
DE_LU_FR_BE,forecast_early_logit__top2,original_M0__top2,process,0.001,8.0,-1.0,17.0,-1.0,17.0,2000
DE_LU_FR_BE,forecast_early_logit__top2,original_M0__top2,process,0.0015,8.0,-1.0,17.0,-1.0,17.0,2000
DE_LU_FR_BE,forecast_early_logit__top2,original_M0__top2,process,0.002,8.0,-1.0,17.0,-1.0,17.0,2000
DE_LU_FR_BE,forecast_early_logit__top2,original_M0__top2,process,0.0025,8.0,-1.0,17.0,-1.0,17.0,2000
DE_LU_FR_BE,forecast_early_logit__top2,original_M0__top2,process,0.003,8.0,-1.0,17.0,-1.0,17.0,2000
DE_LU_FR_BE,forecast_early_logit__top2,original_M0__top2,process,0.0035,8.0,-1.0,17.0,-1.0,17.0,2000
DE_LU_FR_BE,forecast_early_logit__top2,original_M0__top2,process,0.004,8.0,-1.0,17.0,-1.0,17.0,2000
DE_LU_FR_BE,forecast_early_logit__top2,original_M0__top2,process,0.0045000000000000005,8.0,-1.0,17.0,-1.0,17.0,2000
DE_LU_FR_BE,forecast_early_logit__top2,original_M0__top2,process,0.005000000000000001,8.0,-1.0,17.0,-1.0,17.0,2000
DE_LU_FR_BE,forecast_early_logit__top2,original_M0__top2,process,0.0055,8.0,-1.0,17.0,-1.0,17.0,2000
DE_LU_FR_BE,forecast_early_logit__top2,original_M0__top2,process,0.006,8.0,-1.0,17.0,-1.0,17.0,2000
DE_LU_FR_BE,forecast_early_logit__top2,original_M0__top2,process,0.006500000000000001,8.0,-1.0,17.0,-1.0,17.0,2000
DE_LU_FR_BE,forecast_early_logit__top2,original_M0__top2,process,0.007000000000000001,8.0,-1.0,17.0,-1.0,17.0,2000
DE_LU_FR_BE,forecast_early_logit__top2,original_M0__top2,process,0.0075,8.0,-1.0,17.0,-1.0,17.0,2000
DE_LU_FR_BE,forecast_early_logit__top2,original_M0__top2,process,0.008,8.0,-1.0,17.0,-1.0,17.0,2000
DE_LU_FR_BE,forecast_early_logit__top2,original_M0__top2,process,0.0085,8.0,-1.0,17.0,-1.0,17.0,2000
DE_LU_FR_BE,forecast_early_logit__top2,original_M0__top2,process,0.009000000000000001,8.0,-1.0,17.0,-1.0,17.0,2000
DE_LU_FR_BE,forecast_early_logit__top2,original_M0__top2,process,0.009500000000000001,8.0,-1.0,17.0,-1.0,17.0,2000
DE_LU_FR_BE,forecast_early_logit__top2,original_M0__top2,process,0.01,8.0,-1.0,17.0,-1.0,17.0,2000
DE_LU_FR_BE,forecast_early_logit__top2,original_M0__top2,process,0.0105,8.0,-1.0,17.0,-1.0,17.0,2000
DE_LU_FR_BE,forecast_early_logit__top2,original_M0__top2,process,0.011000000000000001,8.0,-1.0,17.0,-1.0,17.0,2000
DE_LU_FR_BE,forecast_early_logit__top2,original_M0__top2,process,0.0115,8.0,-1.0,17.0,-1.0,17.0,2000
DE_LU_FR_BE,forecast_early_logit__top2,original_M0__top2,process,0.012,8.0,-1.0,17.0,-1.0,17.0,2000
DE_LU_FR_BE,forecast_early_logit__top2,original_M0__top2,process,0.0125,8.0,-1.0,17.0,-1.0,17.0,2000
DE_LU_FR_BE,forecast_early_logit__top2,original_M0__top2,process,0.013000000000000001,8.0,-1.0,17.0,-1.0,17.0,2000
DE_LU_FR_BE,forecast_early_logit__top2,original_M0__top2,process,0.013500000000000002,8.0,-1.0,17.0,-1.0,17.0,2000
DE_LU_FR_BE,forecast_early_logit__top2,original_M0__top2,process,0.014,8.0,-1.0,17.0,-1.0,17.0,2000
DE_LU_FR_BE,forecast_early_logit__top2,original_M0__top2,process,0.0145,8.0,-1.0,17.0,-1.0,17.0,2000
DE_LU_FR_BE,forecast_early_logit__top2,original_M0__top2,process,0.015,8.0,-1.0,17.0,-1.0,17.0,2000
DE_LU_FR_BE,forecast_early_logit__top2,original_M0__top2,process,0.02,8.0,-1.0,17.0,-1.0,17.0,2000
DE_LU_FR_BE,forecast_early_logit__top2,original_M0__top2,process,0.03,8.0,-1.0,17.0,-1.0,17.0,2000
DE_LU_FR_BE,forecast_early_logit__top2,original_M0__top2,process,0.05,8.0,-1.0,17.0,-1.0,17.0,2000
DE_LU_FR_BE,forecast_early_logit__top2,original_M0__top2,process,0.1,8.0,-1.0,17.0,-1.0,17.0,2000
DE_LU_FR_BE,forecast_early_logit__top2,original_M0__top2,process,0.2,8.0,-1.0,17.0,-1.0,17.0,2000
DE_LU_FR_BE,forecast_early_logit__top2,original_M0__top2,process,0.25,8.0,-1.0,17.0,-1.0,17.0,2000
DE_LU_FR_BE,forecast_early_logit__top2,original_M0__top2,process,0.5,8.0,-1.0,17.0,-1.0,17.0,2000
DE_LU_FR_BE,forecast_early_logit__top2,original_M0__top2,process,1.0,8.0,-1.0,17.0,-1.0,17.0,2000
DE_LU_FR_BE,forecast_early_logit__top2,original_M0__top2,hour,0.0,-1.0,-25.0,15.0,-22.0,20.0,2000
DE_LU_FR_BE,forecast_early_logit__top2,original_M0__top2,hour,0.0005,-1.0,-25.0,15.0,-22.0,20.0,2000
DE_LU_FR_BE,forecast_early_logit__top2,original_M0__top2,hour,0.001,-1.0,-25.0,15.0,-22.0,20.0,2000
DE_LU_FR_BE,forecast_early_logit__top2,original_M0__top2,hour,0.0015,-1.0,-25.0,15.0,-22.0,20.0,2000
DE_LU_FR_BE,forecast_early_logit__top2,original_M0__top2,hour,0.002,-1.0,-25.0,15.0,-22.0,20.0,2000
DE_LU_FR_BE,forecast_early_logit__top2,original_M0__top2,hour,0.0025,-1.0,-25.0,15.0,-22.0,20.0,2000
DE_LU_FR_BE,forecast_early_logit__top2,original_M0__top2,hour,0.003,-1.0,-25.0,15.0,-22.0,20.0,2000
DE_LU_FR_BE,forecast_early_logit__top2,original_M0__top2,hour,0.0035,-1.0,-25.0,15.0,-22.0,20.0,2000
DE_LU_FR_BE,forecast_early_logit__top2,original_M0__top2,hour,0.004,-1.0,-25.0,15.0,-22.0,20.0,2000
DE_LU_FR_BE,forecast_early_logit__top2,original_M0__top2,hour,0.0045000000000000005,-1.0,-25.0,15.0,-22.0,20.0,2000
DE_LU_FR_BE,forecast_early_logit__top2,original_M0__top2,hour,0.005000000000000001,-1.0,-25.0,15.0,-22.0,20.0,2000
DE_LU_FR_BE,forecast_early_logit__top2,original_M0__top2,hour,0.0055,-1.0,-25.0,15.0,-22.0,20.0,2000
DE_LU_FR_BE,forecast_early_logit__top2,original_M0__top2,hour,0.006,-1.0,-25.0,15.0,-22.0,20.0,2000
DE_LU_FR_BE,forecast_early_logit__top2,original_M0__top2,hour,0.006500000000000001,-1.0,-25.0,15.0,-22.0,20.0,2000
DE_LU_FR_BE,forecast_early_logit__top2,original_M0__top2,hour,0.007000000000000001,-1.0,-25.0,15.0,-22.0,20.0,2000
DE_LU_FR_BE,forecast_early_logit__top2,original_M0__top2,hour,0.0075,-1.0,-25.0,15.0,-22.0,20.0,2000
DE_LU_FR_BE,forecast_early_logit__top2,original_M0__top2,hour,0.008,-1.0,-25.0,15.0,-22.0,20.0,2000
DE_LU_FR_BE,forecast_early_logit__top2,original_M0__top2,hour,0.0085,-1.0,-25.0,15.0,-22.0,20.0,2000
DE_LU_FR_BE,forecast_early_logit__top2,original_M0__top2,hour,0.009000000000000001,-1.0,-25.0,15.0,-22.0,20.0,2000
DE_LU_FR_BE,forecast_early_logit__top2,original_M0__top2,hour,0.009500000000000001,-1.0,-25.0,15.0,-22.0,20.0,2000
DE_LU_FR_BE,forecast_early_logit__top2,original_M0__top2,hour,0.01,-1.0,-25.0,15.0,-22.0,20.0,2000
DE_LU_FR_BE,forecast_early_logit__top2,original_M0__top2,hour,0.0105,-1.0,-25.0,15.0,-22.0,20.0,2000
DE_LU_FR_BE,forecast_early_logit__top2,original_M0__top2,hour,0.011000000000000001,-1.0,-25.0,15.0,-22.0,20.0,2000
DE_LU_FR_BE,forecast_early_logit__top2,original_M0__top2,hour,0.0115,-1.0,-25.0,15.0,-22.0,20.0,2000
DE_LU_FR_BE,forecast_early_logit__top2,original_M0__top2,hour,0.012,-1.0,-25.0,15.0,-22.0,20.0,2000
DE_LU_FR_BE,forecast_early_logit__top2,original_M0__top2,hour,0.0125,-1.0,-25.0,15.0,-22.0,20.0,2000
DE_LU_FR_BE,forecast_early_logit__top2,original_M0__top2,hour,0.013000000000000001,-1.0,-25.0,15.0,-22.0,20.0,2000
DE_LU_FR_BE,forecast_early_logit__top2,original_M0__top2,hour,0.013500000000000002,-1.0,-25.0,15.0,-22.0,20.0,2000
DE_LU_FR_BE,forecast_early_logit__top2,original_M0__top2,hour,0.014,-1.0,-25.0,15.0,-22.0,20.0,2000
DE_LU_FR_BE,forecast_early_logit__top2,original_M0__top2,hour,0.0145,-1.0,-25.0,15.0,-22.0,20.0,2000
DE_LU_FR_BE,forecast_early_logit__top2,original_M0__top2,hour,0.015,-1.0,-25.0,15.0,-22.0,20.0,2000
DE_LU_FR_BE,forecast_early_logit__top2,original_M0__top2,hour,0.02,-1.0,-25.0,15.0,-22.0,20.0,2000
DE_LU_FR_BE,forecast_early_logit__top2,original_M0__top2,hour,0.03,-1.0,-25.0,15.0,-22.0,20.0,2000
DE_LU_FR_BE,forecast_early_logit__top2,original_M0__top2,hour,0.05,-1.0,-25.0,15.0,-22.0,20.0,2000
DE_LU_FR_BE,forecast_early_logit__top2,original_M0__top2,hour,0.1,-1.0,-25.0,15.0,-22.0,20.0,2000
DE_LU_FR_BE,forecast_early_logit__top2,original_M0__top2,hour,0.2,-1.0,-25.0,15.0,-22.0,20.0,2000
DE_LU_FR_BE,forecast_early_logit__top2,original_M0__top2,hour,0.25,-1.0,-25.0,15.0,-22.0,20.0,2000
DE_LU_FR_BE,forecast_early_logit__top2,original_M0__top2,hour,0.5,-1.0,-25.0,15.0,-22.0,20.0,2000
DE_LU_FR_BE,forecast_early_logit__top2,original_M0__top2,hour,1.0,-1.0,-25.0,15.0,-22.0,20.0,2000
DK1,combined_early_logit__top2,base_early_logit__top2,process,0.0,6.0,-3.0,15.0,-3.0,15.0,2000
DK1,combined_early_logit__top2,base_early_logit__top2,process,0.0005,6.0,-3.0,15.0,-3.0,15.0,2000
DK1,combined_early_logit__top2,base_early_logit__top2,process,0.001,6.0,-3.0,15.0,-3.0,15.0,2000
DK1,combined_early_logit__top2,base_early_logit__top2,process,0.0015,6.0,-3.0,15.0,-3.0,15.0,2000
DK1,combined_early_logit__top2,base_early_logit__top2,process,0.002,6.0,-3.0,15.0,-3.0,15.0,2000
DK1,combined_early_logit__top2,base_early_logit__top2,process,0.0025,6.0,-3.0,15.0,-3.0,15.0,2000
DK1,combined_early_logit__top2,base_early_logit__top2,process,0.003,6.0,-3.0,15.0,-3.0,15.0,2000
DK1,combined_early_logit__top2,base_early_logit__top2,process,0.0035,6.0,-3.0,15.0,-3.0,15.0,2000
DK1,combined_early_logit__top2,base_early_logit__top2,process,0.004,6.0,-3.0,15.0,-3.0,15.0,2000
DK1,combined_early_logit__top2,base_early_logit__top2,process,0.0045000000000000005,6.0,-3.0,15.0,-3.0,15.0,2000
DK1,combined_early_logit__top2,base_early_logit__top2,process,0.005000000000000001,6.0,-3.0,15.0,-3.0,15.0,2000
DK1,combined_early_logit__top2,base_early_logit__top2,process,0.0055,6.0,-3.0,15.0,-3.0,15.0,2000
DK1,combined_early_logit__top2,base_early_logit__top2,process,0.006,6.0,-3.0,15.0,-3.0,15.0,2000
DK1,combined_early_logit__top2,base_early_logit__top2,process,0.006500000000000001,6.0,-3.0,15.0,-3.0,15.0,2000
DK1,combined_early_logit__top2,base_early_logit__top2,process,0.007000000000000001,6.0,-3.0,15.0,-3.0,15.0,2000
DK1,combined_early_logit__top2,base_early_logit__top2,process,0.0075,6.0,-3.0,15.0,-3.0,15.0,2000
DK1,combined_early_logit__top2,base_early_logit__top2,process,0.008,6.0,-3.0,15.0,-3.0,15.0,2000
DK1,combined_early_logit__top2,base_early_logit__top2,process,0.0085,6.0,-3.0,15.0,-3.0,15.0,2000
DK1,combined_early_logit__top2,base_early_logit__top2,process,0.009000000000000001,6.0,-3.0,15.0,-3.0,15.0,2000
DK1,combined_early_logit__top2,base_early_logit__top2,process,0.009500000000000001,6.0,-3.0,15.0,-3.0,15.0,2000
DK1,combined_early_logit__top2,base_early_logit__top2,process,0.01,6.0,-3.0,15.0,-3.0,15.0,2000
DK1,combined_early_logit__top2,base_early_logit__top2,process,0.0105,6.0,-3.0,15.0,-3.0,15.0,2000
DK1,combined_early_logit__top2,base_early_logit__top2,process,0.011000000000000001,6.0,-3.0,15.0,-3.0,15.0,2000
DK1,combined_early_logit__top2,base_early_logit__top2,process,0.0115,6.0,-3.0,15.0,-3.0,15.0,2000
DK1,combined_early_logit__top2,base_early_logit__top2,process,0.012,6.0,-3.0,15.0,-3.0,15.0,2000
DK1,combined_early_logit__top2,base_early_logit__top2,process,0.0125,6.0,-3.0,15.0,-3.0,15.0,2000
DK1,combined_early_logit__top2,base_early_logit__top2,process,0.013000000000000001,6.0,-3.0,15.0,-3.0,15.0,2000
DK1,combined_early_logit__top2,base_early_logit__top2,process,0.013500000000000002,6.0,-3.0,15.0,-3.0,15.0,2000
DK1,combined_early_logit__top2,base_early_logit__top2,process,0.014,6.0,-3.0,15.0,-3.0,15.0,2000
DK1,combined_early_logit__top2,base_early_logit__top2,process,0.0145,6.0,-3.0,15.0,-3.0,15.0,2000
DK1,combined_early_logit__top2,base_early_logit__top2,process,0.015,6.0,-3.0,15.0,-3.0,15.0,2000
DK1,combined_early_logit__top2,base_early_logit__top2,process,0.02,6.0,-3.0,15.0,-3.0,15.0,2000
DK1,combined_early_logit__top2,base_early_logit__top2,process,0.03,6.0,-3.0,15.0,-3.0,15.0,2000
DK1,combined_early_logit__top2,base_early_logit__top2,process,0.05,6.0,-3.0,15.0,-3.0,15.0,2000
DK1,combined_early_logit__top2,base_early_logit__top2,process,0.1,6.0,-3.0,15.0,-3.0,15.0,2000
DK1,combined_early_logit__top2,base_early_logit__top2,process,0.2,6.0,-3.0,15.0,-3.0,15.0,2000
DK1,combined_early_logit__top2,base_early_logit__top2,process,0.25,6.0,-3.0,15.0,-3.0,15.0,2000
DK1,combined_early_logit__top2,base_early_logit__top2,process,0.5,6.0,-3.0,15.0,-3.0,15.0,2000
DK1,combined_early_logit__top2,base_early_logit__top2,process,1.0,6.0,-3.0,15.0,-3.0,15.0,2000
DK1,combined_early_logit__top2,base_early_logit__top2,hour,0.0,63.0,41.0,93.0,35.0,91.0,2000
DK1,combined_early_logit__top2,base_early_logit__top2,hour,0.0005,63.0,41.0,93.0,35.0,91.0,2000
DK1,combined_early_logit__top2,base_early_logit__top2,hour,0.001,63.0,41.0,93.0,35.0,91.0,2000
DK1,combined_early_logit__top2,base_early_logit__top2,hour,0.0015,63.0,41.0,93.0,35.0,91.0,2000
DK1,combined_early_logit__top2,base_early_logit__top2,hour,0.002,63.0,41.0,93.0,35.0,91.0,2000
DK1,combined_early_logit__top2,base_early_logit__top2,hour,0.0025,63.0,41.0,93.0,35.0,91.0,2000
DK1,combined_early_logit__top2,base_early_logit__top2,hour,0.003,63.0,41.0,93.0,35.0,91.0,2000
DK1,combined_early_logit__top2,base_early_logit__top2,hour,0.0035,63.0,41.0,93.0,35.0,91.0,2000
DK1,combined_early_logit__top2,base_early_logit__top2,hour,0.004,63.0,41.0,93.0,35.0,91.0,2000
DK1,combined_early_logit__top2,base_early_logit__top2,hour,0.0045000000000000005,63.0,41.0,93.0,35.0,91.0,2000
DK1,combined_early_logit__top2,base_early_logit__top2,hour,0.005000000000000001,63.0,41.0,93.0,35.0,91.0,2000
DK1,combined_early_logit__top2,base_early_logit__top2,hour,0.0055,63.0,41.0,93.0,35.0,91.0,2000
DK1,combined_early_logit__top2,base_early_logit__top2,hour,0.006,63.0,41.0,93.0,35.0,91.0,2000
DK1,combined_early_logit__top2,base_early_logit__top2,hour,0.006500000000000001,63.0,41.0,93.0,35.0,91.0,2000
DK1,combined_early_logit__top2,base_early_logit__top2,hour,0.007000000000000001,63.0,41.0,93.0,35.0,91.0,2000
DK1,combined_early_logit__top2,base_early_logit__top2,hour,0.0075,63.0,41.0,93.0,35.0,91.0,2000
DK1,combined_early_logit__top2,base_early_logit__top2,hour,0.008,63.0,41.0,93.0,35.0,91.0,2000
DK1,combined_early_logit__top2,base_early_logit__top2,hour,0.0085,63.0,41.0,93.0,35.0,91.0,2000
DK1,combined_early_logit__top2,base_early_logit__top2,hour,0.009000000000000001,63.0,41.0,93.0,35.0,91.0,2000
DK1,combined_early_logit__top2,base_early_logit__top2,hour,0.009500000000000001,63.0,41.0,93.0,35.0,91.0,2000
DK1,combined_early_logit__top2,base_early_logit__top2,hour,0.01,63.0,41.0,93.0,35.0,91.0,2000
DK1,combined_early_logit__top2,base_early_logit__top2,hour,0.0105,63.0,41.0,93.0,35.0,91.0,2000
DK1,combined_early_logit__top2,base_early_logit__top2,hour,0.011000000000000001,63.0,41.0,93.0,35.0,91.0,2000
DK1,combined_early_logit__top2,base_early_logit__top2,hour,0.0115,63.0,41.0,93.0,35.0,91.0,2000
DK1,combined_early_logit__top2,base_early_logit__top2,hour,0.012,63.0,41.0,93.0,35.0,91.0,2000
DK1,combined_early_logit__top2,base_early_logit__top2,hour,0.0125,63.0,41.0,93.0,35.0,91.0,2000
DK1,combined_early_logit__top2,base_early_logit__top2,hour,0.013000000000000001,63.0,41.0,93.0,35.0,91.0,2000
DK1,combined_early_logit__top2,base_early_logit__top2,hour,0.013500000000000002,63.0,41.0,93.0,35.0,91.0,2000
DK1,combined_early_logit__top2,base_early_logit__top2,hour,0.014,63.0,41.0,93.0,35.0,91.0,2000
DK1,combined_early_logit__top2,base_early_logit__top2,hour,0.0145,63.0,41.0,93.0,35.0,91.0,2000
DK1,combined_early_logit__top2,base_early_logit__top2,hour,0.015,63.0,41.0,93.0,35.0,91.0,2000
DK1,combined_early_logit__top2,base_early_logit__top2,hour,0.02,63.0,41.0,93.0,35.0,91.0,2000
DK1,combined_early_logit__top2,base_early_logit__top2,hour,0.03,63.0,41.0,93.0,35.0,91.0,2000
DK1,combined_early_logit__top2,base_early_logit__top2,hour,0.05,63.0,41.0,93.0,35.0,91.0,2000
DK1,combined_early_logit__top2,base_early_logit__top2,hour,0.1,63.0,41.0,93.0,35.0,91.0,2000
DK1,combined_early_logit__top2,base_early_logit__top2,hour,0.2,63.0,41.0,93.0,35.0,91.0,2000
DK1,combined_early_logit__top2,base_early_logit__top2,hour,0.25,63.0,41.0,93.0,35.0,91.0,2000
DK1,combined_early_logit__top2,base_early_logit__top2,hour,0.5,63.0,41.0,93.0,35.0,91.0,2000
DK1,combined_early_logit__top2,base_early_logit__top2,hour,1.0,63.0,41.0,93.0,35.0,91.0,2000
DK1,combined_hour_logit__top2,base_hour_logit__top2,process,0.0,5.0,-1.0,12.0,-1.0499999999999545,11.049999999999955,2000
DK1,combined_hour_logit__top2,base_hour_logit__top2,process,0.0005,5.0,-1.0,12.0,-1.0499999999999545,11.049999999999955,2000
DK1,combined_hour_logit__top2,base_hour_logit__top2,process,0.001,5.0,-1.0,12.0,-1.0499999999999545,11.049999999999955,2000
DK1,combined_hour_logit__top2,base_hour_logit__top2,process,0.0015,5.0,-1.0,12.0,-1.0499999999999545,11.049999999999955,2000
DK1,combined_hour_logit__top2,base_hour_logit__top2,process,0.002,5.0,-1.0,12.0,-1.0499999999999545,11.049999999999955,2000
DK1,combined_hour_logit__top2,base_hour_logit__top2,process,0.0025,5.0,-1.0,12.0,-1.0499999999999545,11.049999999999955,2000
DK1,combined_hour_logit__top2,base_hour_logit__top2,process,0.003,5.0,-1.0,12.0,-1.0499999999999545,11.049999999999955,2000
DK1,combined_hour_logit__top2,base_hour_logit__top2,process,0.0035,5.0,-1.0,12.0,-1.0499999999999545,11.049999999999955,2000
DK1,combined_hour_logit__top2,base_hour_logit__top2,process,0.004,5.0,-1.0,12.0,-1.0499999999999545,11.049999999999955,2000
DK1,combined_hour_logit__top2,base_hour_logit__top2,process,0.0045000000000000005,5.0,-1.0,12.0,-1.0499999999999545,11.049999999999955,2000
DK1,combined_hour_logit__top2,base_hour_logit__top2,process,0.005000000000000001,5.0,-1.0,12.0,-1.0499999999999545,11.049999999999955,2000
DK1,combined_hour_logit__top2,base_hour_logit__top2,process,0.0055,5.0,-1.0,12.0,-1.0499999999999545,11.049999999999955,2000
DK1,combined_hour_logit__top2,base_hour_logit__top2,process,0.006,5.0,-1.0,12.0,-1.0499999999999545,11.049999999999955,2000
DK1,combined_hour_logit__top2,base_hour_logit__top2,process,0.006500000000000001,5.0,-1.0,12.0,-1.0499999999999545,11.049999999999955,2000
DK1,combined_hour_logit__top2,base_hour_logit__top2,process,0.007000000000000001,5.0,-1.0,12.0,-1.0499999999999545,11.049999999999955,2000
DK1,combined_hour_logit__top2,base_hour_logit__top2,process,0.0075,5.0,-1.0,12.0,-1.0499999999999545,11.049999999999955,2000
DK1,combined_hour_logit__top2,base_hour_logit__top2,process,0.008,5.0,-1.0,12.0,-1.0499999999999545,11.049999999999955,2000
DK1,combined_hour_logit__top2,base_hour_logit__top2,process,0.0085,5.0,-1.0,12.0,-1.0499999999999545,11.049999999999955,2000
DK1,combined_hour_logit__top2,base_hour_logit__top2,process,0.009000000000000001,5.0,-1.0,12.0,-1.0499999999999545,11.049999999999955,2000
DK1,combined_hour_logit__top2,base_hour_logit__top2,process,0.009500000000000001,5.0,-1.0,12.0,-1.0499999999999545,11.049999999999955,2000
DK1,combined_hour_logit__top2,base_hour_logit__top2,process,0.01,5.0,-1.0,12.0,-1.0499999999999545,11.049999999999955,2000
DK1,combined_hour_logit__top2,base_hour_logit__top2,process,0.0105,5.0,-1.0,12.0,-1.0499999999999545,11.049999999999955,2000
DK1,combined_hour_logit__top2,base_hour_logit__top2,process,0.011000000000000001,5.0,-1.0,12.0,-1.0499999999999545,11.049999999999955,2000
DK1,combined_hour_logit__top2,base_hour_logit__top2,process,0.0115,5.0,-1.0,12.0,-1.0499999999999545,11.049999999999955,2000
DK1,combined_hour_logit__top2,base_hour_logit__top2,process,0.012,5.0,-1.0,12.0,-1.0499999999999545,11.049999999999955,2000
DK1,combined_hour_logit__top2,base_hour_logit__top2,process,0.0125,5.0,-1.0,12.0,-1.0499999999999545,11.049999999999955,2000
DK1,combined_hour_logit__top2,base_hour_logit__top2,process,0.013000000000000001,5.0,-1.0,12.0,-1.0499999999999545,11.049999999999955,2000
DK1,combined_hour_logit__top2,base_hour_logit__top2,process,0.013500000000000002,5.0,-1.0,12.0,-1.0499999999999545,11.049999999999955,2000
DK1,combined_hour_logit__top2,base_hour_logit__top2,process,0.014,5.0,-1.0,12.0,-1.0499999999999545,11.049999999999955,2000
DK1,combined_hour_logit__top2,base_hour_logit__top2,process,0.0145,5.0,-1.0,12.0,-1.0499999999999545,11.049999999999955,2000
DK1,combined_hour_logit__top2,base_hour_logit__top2,process,0.015,5.0,-1.0,12.0,-1.0499999999999545,11.049999999999955,2000
DK1,combined_hour_logit__top2,base_hour_logit__top2,process,0.02,5.0,-1.0,12.0,-1.0499999999999545,11.049999999999955,2000
DK1,combined_hour_logit__top2,base_hour_logit__top2,process,0.03,5.0,-1.0,12.0,-1.0499999999999545,11.049999999999955,2000
DK1,combined_hour_logit__top2,base_hour_logit__top2,process,0.05,5.0,-1.0,12.0,-1.0499999999999545,11.049999999999955,2000
DK1,combined_hour_logit__top2,base_hour_logit__top2,process,0.1,5.0,-1.0,12.0,-1.0499999999999545,11.049999999999955,2000
DK1,combined_hour_logit__top2,base_hour_logit__top2,process,0.2,5.0,-1.0,12.0,-1.0499999999999545,11.049999999999955,2000
DK1,combined_hour_logit__top2,base_hour_logit__top2,process,0.25,5.0,-1.0,12.0,-1.0499999999999545,11.049999999999955,2000
DK1,combined_hour_logit__top2,base_hour_logit__top2,process,0.5,5.0,-1.0,12.0,-1.0499999999999545,11.049999999999955,2000
DK1,combined_hour_logit__top2,base_hour_logit__top2,process,1.0,5.0,-1.0,12.0,-1.0499999999999545,11.049999999999955,2000
DK1,combined_hour_logit__top2,base_hour_logit__top2,hour,0.0,24.0,11.0,39.0,10.950000000000045,37.049999999999955,2000
DK1,combined_hour_logit__top2,base_hour_logit__top2,hour,0.0005,24.0,11.0,39.0,10.950000000000045,37.049999999999955,2000
DK1,combined_hour_logit__top2,base_hour_logit__top2,hour,0.001,24.0,11.0,39.0,10.950000000000045,37.049999999999955,2000
DK1,combined_hour_logit__top2,base_hour_logit__top2,hour,0.0015,24.0,11.0,39.0,10.950000000000045,37.049999999999955,2000
DK1,combined_hour_logit__top2,base_hour_logit__top2,hour,0.002,24.0,11.0,39.0,10.950000000000045,37.049999999999955,2000
DK1,combined_hour_logit__top2,base_hour_logit__top2,hour,0.0025,24.0,11.0,39.0,10.950000000000045,37.049999999999955,2000
DK1,combined_hour_logit__top2,base_hour_logit__top2,hour,0.003,24.0,11.0,39.0,10.950000000000045,37.049999999999955,2000
DK1,combined_hour_logit__top2,base_hour_logit__top2,hour,0.0035,24.0,11.0,39.0,10.950000000000045,37.049999999999955,2000
DK1,combined_hour_logit__top2,base_hour_logit__top2,hour,0.004,24.0,11.0,39.0,10.950000000000045,37.049999999999955,2000
DK1,combined_hour_logit__top2,base_hour_logit__top2,hour,0.0045000000000000005,24.0,11.0,39.0,10.950000000000045,37.049999999999955,2000
DK1,combined_hour_logit__top2,base_hour_logit__top2,hour,0.005000000000000001,24.0,11.0,39.0,10.950000000000045,37.049999999999955,2000
DK1,combined_hour_logit__top2,base_hour_logit__top2,hour,0.0055,24.0,11.0,39.0,10.950000000000045,37.049999999999955,2000
DK1,combined_hour_logit__top2,base_hour_logit__top2,hour,0.006,24.0,11.0,39.0,10.950000000000045,37.049999999999955,2000
DK1,combined_hour_logit__top2,base_hour_logit__top2,hour,0.006500000000000001,24.0,11.0,39.0,10.950000000000045,37.049999999999955,2000
DK1,combined_hour_logit__top2,base_hour_logit__top2,hour,0.007000000000000001,24.0,11.0,39.0,10.950000000000045,37.049999999999955,2000
DK1,combined_hour_logit__top2,base_hour_logit__top2,hour,0.0075,24.0,11.0,39.0,10.950000000000045,37.049999999999955,2000
DK1,combined_hour_logit__top2,base_hour_logit__top2,hour,0.008,24.0,11.0,39.0,10.950000000000045,37.049999999999955,2000
DK1,combined_hour_logit__top2,base_hour_logit__top2,hour,0.0085,24.0,11.0,39.0,10.950000000000045,37.049999999999955,2000
DK1,combined_hour_logit__top2,base_hour_logit__top2,hour,0.009000000000000001,24.0,11.0,39.0,10.950000000000045,37.049999999999955,2000
DK1,combined_hour_logit__top2,base_hour_logit__top2,hour,0.009500000000000001,24.0,11.0,39.0,10.950000000000045,37.049999999999955,2000
DK1,combined_hour_logit__top2,base_hour_logit__top2,hour,0.01,24.0,11.0,39.0,10.950000000000045,37.049999999999955,2000
DK1,combined_hour_logit__top2,base_hour_logit__top2,hour,0.0105,24.0,11.0,39.0,10.950000000000045,37.049999999999955,2000
DK1,combined_hour_logit__top2,base_hour_logit__top2,hour,0.011000000000000001,24.0,11.0,39.0,10.950000000000045,37.049999999999955,2000
DK1,combined_hour_logit__top2,base_hour_logit__top2,hour,0.0115,24.0,11.0,39.0,10.950000000000045,37.049999999999955,2000
DK1,combined_hour_logit__top2,base_hour_logit__top2,hour,0.012,24.0,11.0,39.0,10.950000000000045,37.049999999999955,2000
DK1,combined_hour_logit__top2,base_hour_logit__top2,hour,0.0125,24.0,11.0,39.0,10.950000000000045,37.049999999999955,2000
DK1,combined_hour_logit__top2,base_hour_logit__top2,hour,0.013000000000000001,24.0,11.0,39.0,10.950000000000045,37.049999999999955,2000
DK1,combined_hour_logit__top2,base_hour_logit__top2,hour,0.013500000000000002,24.0,11.0,39.0,10.950000000000045,37.049999999999955,2000
DK1,combined_hour_logit__top2,base_hour_logit__top2,hour,0.014,24.0,11.0,39.0,10.950000000000045,37.049999999999955,2000
DK1,combined_hour_logit__top2,base_hour_logit__top2,hour,0.0145,24.0,11.0,39.0,10.950000000000045,37.049999999999955,2000
DK1,combined_hour_logit__top2,base_hour_logit__top2,hour,0.015,24.0,11.0,39.0,10.950000000000045,37.049999999999955,2000
DK1,combined_hour_logit__top2,base_hour_logit__top2,hour,0.02,24.0,11.0,39.0,10.950000000000045,37.049999999999955,2000
DK1,combined_hour_logit__top2,base_hour_logit__top2,hour,0.03,24.0,11.0,39.0,10.950000000000045,37.049999999999955,2000
DK1,combined_hour_logit__top2,base_hour_logit__top2,hour,0.05,24.0,11.0,39.0,10.950000000000045,37.049999999999955,2000
DK1,combined_hour_logit__top2,base_hour_logit__top2,hour,0.1,24.0,11.0,39.0,10.950000000000045,37.049999999999955,2000
DK1,combined_hour_logit__top2,base_hour_logit__top2,hour,0.2,24.0,11.0,39.0,10.950000000000045,37.049999999999955,2000
DK1,combined_hour_logit__top2,base_hour_logit__top2,hour,0.25,24.0,11.0,39.0,10.950000000000045,37.049999999999955,2000
DK1,combined_hour_logit__top2,base_hour_logit__top2,hour,0.5,24.0,11.0,39.0,10.950000000000045,37.049999999999955,2000
DK1,combined_hour_logit__top2,base_hour_logit__top2,hour,1.0,24.0,11.0,39.0,10.950000000000045,37.049999999999955,2000
DK1,combined_early_logit__count2022_target05,base_early_logit__count2022_target05,process,0.0,6.0,-4.0,14.0,-12.0,24.0,2000
DK1,combined_early_logit__count2022_target05,base_early_logit__count2022_target05,process,0.0005,5.977,-4.025,13.9795,-12.023,23.977,2000
DK1,combined_early_logit__count2022_target05,base_early_logit__count2022_target05,process,0.001,5.954,-4.05,13.959,-12.046,23.954,2000
DK1,combined_early_logit__count2022_target05,base_early_logit__count2022_target05,process,0.0015,5.931,-4.075,13.9385,-12.068999999999999,23.931,2000
DK1,combined_early_logit__count2022_target05,base_early_logit__count2022_target05,process,0.002,5.908,-4.1,13.918,-12.091999999999999,23.908,2000
DK1,combined_early_logit__count2022_target05,base_early_logit__count2022_target05,process,0.0025,5.885,-4.125,13.8975,-12.115,23.884999999999998,2000
DK1,combined_early_logit__count2022_target05,base_early_logit__count2022_target05,process,0.003,5.862,-4.15,13.877,-12.138,23.862000000000002,2000
DK1,combined_early_logit__count2022_target05,base_early_logit__count2022_target05,process,0.0035,5.839,-4.175,13.8565,-12.161,23.839,2000
DK1,combined_early_logit__count2022_target05,base_early_logit__count2022_target05,process,0.004,5.816,-4.2,13.836,-12.184000000000001,23.816,2000
DK1,combined_early_logit__count2022_target05,base_early_logit__count2022_target05,process,0.0045000000000000005,5.793,-4.225,13.8155,-12.207,23.793,2000
DK1,combined_early_logit__count2022_target05,base_early_logit__count2022_target05,process,0.005000000000000001,5.77,-4.25,13.795,-12.23,23.77,2000
DK1,combined_early_logit__count2022_target05,base_early_logit__count2022_target05,process,0.0055,5.747,-4.275,13.7745,-12.253,23.747,2000
DK1,combined_early_logit__count2022_target05,base_early_logit__count2022_target05,process,0.006,5.724,-4.3,13.754,-12.276,23.724,2000
DK1,combined_early_logit__count2022_target05,base_early_logit__count2022_target05,process,0.006500000000000001,5.701,-4.325,13.7335,-12.299,23.701,2000
DK1,combined_early_logit__count2022_target05,base_early_logit__count2022_target05,process,0.007000000000000001,5.678,-4.35,13.713,-12.322,23.678,2000
DK1,combined_early_logit__count2022_target05,base_early_logit__count2022_target05,process,0.0075,5.655,-4.375,13.6925,-12.344999999999999,23.655,2000
DK1,combined_early_logit__count2022_target05,base_early_logit__count2022_target05,process,0.008,5.632,-4.4,13.672,-12.368,23.631999999999998,2000
DK1,combined_early_logit__count2022_target05,base_early_logit__count2022_target05,process,0.0085,5.609,-4.425,13.6515,-12.391,23.609,2000
DK1,combined_early_logit__count2022_target05,base_early_logit__count2022_target05,process,0.009000000000000001,5.586,-4.45,13.631,-12.414,23.586,2000
DK1,combined_early_logit__count2022_target05,base_early_logit__count2022_target05,process,0.009500000000000001,5.563,-4.475,13.6105,-12.437000000000001,23.563,2000
DK1,combined_early_logit__count2022_target05,base_early_logit__count2022_target05,process,0.01,5.54,-4.5,13.59,-12.46,23.54,2000
DK1,combined_early_logit__count2022_target05,base_early_logit__count2022_target05,process,0.0105,5.517,-4.525,13.5695,-12.483,23.517,2000
DK1,combined_early_logit__count2022_target05,base_early_logit__count2022_target05,process,0.011000000000000001,5.494,-4.55,13.549,-12.506,23.494,2000
DK1,combined_early_logit__count2022_target05,base_early_logit__count2022_target05,process,0.0115,5.471,-4.575,13.5285,-12.529,23.471,2000
DK1,combined_early_logit__count2022_target05,base_early_logit__count2022_target05,process,0.012,5.448,-4.6,13.508,-12.552,23.448,2000
DK1,combined_early_logit__count2022_target05,base_early_logit__count2022_target05,process,0.0125,5.425,-4.625,13.4875,-12.575,23.425,2000
DK1,combined_early_logit__count2022_target05,base_early_logit__count2022_target05,process,0.013000000000000001,5.402,-4.65,13.467,-12.597999999999999,23.402,2000
DK1,combined_early_logit__count2022_target05,base_early_logit__count2022_target05,process,0.013500000000000002,5.379,-4.675,13.4465,-12.621,23.378999999999998,2000
DK1,combined_early_logit__count2022_target05,base_early_logit__count2022_target05,process,0.014,5.356,-4.7,13.426,-12.644,23.356,2000
DK1,combined_early_logit__count2022_target05,base_early_logit__count2022_target05,process,0.0145,5.333,-4.725,13.4055,-12.667,23.333,2000
DK1,combined_early_logit__count2022_target05,base_early_logit__count2022_target05,process,0.015,5.3100000000000005,-4.75,13.385,-12.69,23.310000000000002,2000
DK1,combined_early_logit__count2022_target05,base_early_logit__count2022_target05,process,0.02,5.08,-5.0,13.18,-12.92,23.08,2000
DK1,combined_early_logit__count2022_target05,base_early_logit__count2022_target05,process,0.03,4.62,-5.5,12.77,-13.379999999999999,22.62,2000
DK1,combined_early_logit__count2022_target05,base_early_logit__count2022_target05,process,0.05,3.6999999999999997,-6.5,11.95,-14.3,21.7,2000
DK1,combined_early_logit__count2022_target05,base_early_logit__count2022_target05,process,0.1,1.3999999999999995,-9.0,9.899999999999999,-16.6,19.4,2000
DK1,combined_early_logit__count2022_target05,base_early_logit__count2022_target05,process,0.2,-3.200000000000001,-13.4,6.0,-21.200000000000003,14.799999999999999,2000
DK1,combined_early_logit__count2022_target05,base_early_logit__count2022_target05,process,0.25,-5.5,-15.75,4.5,-23.5,12.5,2000
DK1,combined_early_logit__count2022_target05,base_early_logit__count2022_target05,process,0.5,-17.0,-28.5125,-4.0,-35.0,1.0,2000
DK1,combined_early_logit__count2022_target05,base_early_logit__count2022_target05,process,1.0,-40.0,-56.0,-20.0,-58.0,-22.0,2000
DK1,combined_early_logit__count2022_target05,base_early_logit__count2022_target05,hour,0.0,63.0,39.0,93.0,30.950000000000045,95.04999999999995,2000
DK1,combined_early_logit__count2022_target05,base_early_logit__count2022_target05,hour,0.0005,62.977,38.982475,92.98053750000001,30.927000000000042,95.02699999999996,2000
DK1,combined_early_logit__count2022_target05,base_early_logit__count2022_target05,hour,0.001,62.954,38.96495,92.961075,30.904000000000046,95.00399999999996,2000
DK1,combined_early_logit__count2022_target05,base_early_logit__count2022_target05,hour,0.0015,62.931,38.947424999999996,92.9416125,30.881000000000043,94.98099999999995,2000
DK1,combined_early_logit__count2022_target05,base_early_logit__count2022_target05,hour,0.002,62.908,38.929899999999996,92.92215,30.858000000000047,94.95799999999996,2000
DK1,combined_early_logit__count2022_target05,base_early_logit__count2022_target05,hour,0.0025,62.885,38.912375000000004,92.9026875,30.835000000000043,94.93499999999995,2000
DK1,combined_early_logit__count2022_target05,base_early_logit__count2022_target05,hour,0.003,62.862,38.894850000000005,92.883225,30.812000000000047,94.91199999999995,2000
DK1,combined_early_logit__count2022_target05,base_early_logit__count2022_target05,hour,0.0035,62.839,38.877325,92.8637625,30.789000000000044,94.88899999999995,2000
DK1,combined_early_logit__count2022_target05,base_early_logit__count2022_target05,hour,0.004,62.816,38.8598,92.84429999999999,30.766000000000048,94.86599999999996,2000
DK1,combined_early_logit__count2022_target05,base_early_logit__count2022_target05,hour,0.0045000000000000005,62.793,38.842275,92.8248375,30.743000000000045,94.84299999999996,2000
DK1,combined_early_logit__count2022_target05,base_early_logit__count2022_target05,hour,0.005000000000000001,62.77,38.82475,92.805375,30.72000000000005,94.81999999999996,2000
DK1,combined_early_logit__count2022_target05,base_early_logit__count2022_target05,hour,0.0055,62.747,38.807224999999995,92.7859125,30.697000000000045,94.79699999999995,2000
DK1,combined_early_logit__count2022_target05,base_early_logit__count2022_target05,hour,0.006,62.724,38.789699999999996,92.76645,30.674000000000042,94.77399999999994,2000
DK1,combined_early_logit__count2022_target05,base_early_logit__count2022_target05,hour,0.006500000000000001,62.701,38.772175000000004,92.74698749999999,30.651000000000046,94.75099999999995,2000
DK1,combined_early_logit__count2022_target05,base_early_logit__count2022_target05,hour,0.007000000000000001,62.678,38.754650000000005,92.727525,30.628000000000043,94.72799999999995,2000
DK1,combined_early_logit__count2022_target05,base_early_logit__count2022_target05,hour,0.0075,62.655,38.737125,92.7080625,30.605000000000047,94.70499999999996,2000
DK1,combined_early_logit__count2022_target05,base_early_logit__count2022_target05,hour,0.008,62.632,38.7196,92.6886,30.582000000000043,94.68199999999996,2000
DK1,combined_early_logit__count2022_target05,base_early_logit__count2022_target05,hour,0.0085,62.609,38.702075,92.66913749999999,30.559000000000047,94.65899999999996,2000
DK1,combined_early_logit__count2022_target05,base_early_logit__count2022_target05,hour,0.009000000000000001,62.586,38.68455,92.649675,30.536000000000044,94.63599999999995,2000
DK1,combined_early_logit__count2022_target05,base_early_logit__count2022_target05,hour,0.009500000000000001,62.563,38.667024999999995,92.63021249999998,30.513000000000048,94.61299999999996,2000
DK1,combined_early_logit__count2022_target05,base_early_logit__count2022_target05,hour,0.01,62.54,38.649499999999996,92.61075,30.490000000000045,94.58999999999995,2000
DK1,combined_early_logit__count2022_target05,base_early_logit__count2022_target05,hour,0.0105,62.517,38.631975,92.5912875,30.46700000000005,94.56699999999995,2000
DK1,combined_early_logit__count2022_target05,base_early_logit__count2022_target05,hour,0.011000000000000001,62.494,38.614450000000005,92.57182499999999,30.444000000000045,94.54399999999995,2000
DK1,combined_early_logit__count2022_target05,base_early_logit__count2022_target05,hour,0.0115,62.471,38.596925,92.5523625,30.421000000000042,94.52099999999996,2000
DK1,combined_early_logit__count2022_target05,base_early_logit__count2022_target05,hour,0.012,62.448,38.5794,92.5329,30.398000000000046,94.49799999999996,2000
DK1,combined_early_logit__count2022_target05,base_early_logit__count2022_target05,hour,0.0125,62.425,38.561875,92.5134375,30.375000000000043,94.47499999999995,2000
DK1,combined_early_logit__count2022_target05,base_early_logit__count2022_target05,hour,0.013000000000000001,62.402,38.54435,92.49397499999999,30.352000000000046,94.45199999999996,2000
DK1,combined_early_logit__count2022_target05,base_early_logit__count2022_target05,hour,0.013500000000000002,62.379,38.526825,92.47451249999999,30.329000000000043,94.42899999999995,2000
DK1,combined_early_logit__count2022_target05,base_early_logit__count2022_target05,hour,0.014,62.356,38.509299999999996,92.45504999999999,30.306000000000047,94.40599999999995,2000
DK1,combined_early_logit__count2022_target05,base_early_logit__count2022_target05,hour,0.0145,62.333,38.491775,92.4355875,30.283000000000044,94.38299999999995,2000
DK1,combined_early_logit__count2022_target05,base_early_logit__count2022_target05,hour,0.015,62.31,38.474250000000005,92.416125,30.260000000000048,94.35999999999996,2000
DK1,combined_early_logit__count2022_target05,base_early_logit__count2022_target05,hour,0.02,62.08,38.299,92.22149999999999,30.030000000000044,94.12999999999995,2000
DK1,combined_early_logit__count2022_target05,base_early_logit__count2022_target05,hour,0.03,61.62,37.9485,91.83224999999999,29.570000000000043,93.66999999999996,2000
DK1,combined_early_logit__count2022_target05,base_early_logit__count2022_target05,hour,0.05,60.7,37.2475,91.05374999999998,28.65000000000005,92.74999999999996,2000
DK1,combined_early_logit__count2022_target05,base_early_logit__count2022_target05,hour,0.1,58.4,35.2,88.70749999999997,26.350000000000044,90.44999999999996,2000
DK1,combined_early_logit__count2022_target05,base_early_logit__count2022_target05,hour,0.2,53.8,31.0,84.20499999999997,21.750000000000043,85.84999999999995,2000
DK1,combined_early_logit__count2022_target05,base_early_logit__count2022_target05,hour,0.25,51.5,28.74375,82.0,19.450000000000045,83.54999999999995,2000
DK1,combined_early_logit__count2022_target05,base_early_logit__count2022_target05,hour,0.5,40.0,17.5,71.5,7.9500000000000455,72.04999999999995,2000
DK1,combined_early_logit__count2022_target05,base_early_logit__count2022_target05,hour,1.0,17.0,-7.0,52.0,-15.049999999999955,49.049999999999955,2000
DK1,combined_hour_logit__count2022_target05,base_hour_logit__count2022_target05,process,0.0,5.0,-1.0,12.0,-14.0,24.0,2000
DK1,combined_hour_logit__count2022_target05,base_hour_logit__count2022_target05,process,0.0005,4.9775,-1.0165,11.983012500000001,-14.0225,23.9775,2000
DK1,combined_hour_logit__count2022_target05,base_hour_logit__count2022_target05,process,0.001,4.955,-1.033,11.966024999999998,-14.045,23.955,2000
DK1,combined_hour_logit__count2022_target05,base_hour_logit__count2022_target05,process,0.0015,4.9325,-1.0495,11.9490375,-14.067499999999999,23.9325,2000
DK1,combined_hour_logit__count2022_target05,base_hour_logit__count2022_target05,process,0.002,4.91,-1.066,11.93205,-14.09,23.91,2000
DK1,combined_hour_logit__count2022_target05,base_hour_logit__count2022_target05,process,0.0025,4.8875,-1.0825,11.9150625,-14.1125,23.8875,2000
DK1,combined_hour_logit__count2022_target05,base_hour_logit__count2022_target05,process,0.003,4.865,-1.099,11.898074999999999,-14.135,23.865000000000002,2000
DK1,combined_hour_logit__count2022_target05,base_hour_logit__count2022_target05,process,0.0035,4.8425,-1.1155,11.8810875,-14.157499999999999,23.8425,2000
DK1,combined_hour_logit__count2022_target05,base_hour_logit__count2022_target05,process,0.004,4.82,-1.1320000000000001,11.8641,-14.18,23.82,2000
DK1,combined_hour_logit__count2022_target05,base_hour_logit__count2022_target05,process,0.0045000000000000005,4.7975,-1.1485,11.8471125,-14.2025,23.7975,2000
DK1,combined_hour_logit__count2022_target05,base_hour_logit__count2022_target05,process,0.005000000000000001,4.775,-1.165,11.830124999999999,-14.225,23.775,2000
DK1,combined_hour_logit__count2022_target05,base_hour_logit__count2022_target05,process,0.0055,4.7525,-1.1815,11.8131375,-14.247499999999999,23.7525,2000
DK1,combined_hour_logit__count2022_target05,base_hour_logit__count2022_target05,process,0.006,4.73,-1.198,11.796149999999999,-14.27,23.73,2000
DK1,combined_hour_logit__count2022_target05,base_hour_logit__count2022_target05,process,0.006500000000000001,4.7075,-1.2145000000000001,11.779162499999998,-14.2925,23.7075,2000
DK1,combined_hour_logit__count2022_target05,base_hour_logit__count2022_target05,process,0.007000000000000001,4.685,-1.231,11.762175,-14.315000000000001,23.685,2000
DK1,combined_hour_logit__count2022_target05,base_hour_logit__count2022_target05,process,0.0075,4.6625,-1.2475,11.745187499999998,-14.3375,23.6625,2000
DK1,combined_hour_logit__count2022_target05,base_hour_logit__count2022_target05,process,0.008,4.64,-1.264,11.7282,-14.36,23.64,2000
DK1,combined_hour_logit__count2022_target05,base_hour_logit__count2022_target05,process,0.0085,4.6175,-1.2805,11.711212499999998,-14.3825,23.6175,2000
DK1,combined_hour_logit__count2022_target05,base_hour_logit__count2022_target05,process,0.009000000000000001,4.595,-1.2970000000000002,11.694224999999998,-14.405000000000001,23.595,2000
DK1,combined_hour_logit__count2022_target05,base_hour_logit__count2022_target05,process,0.009500000000000001,4.5725,-1.3135000000000001,11.677237499999999,-14.4275,23.572499999999998,2000
DK1,combined_hour_logit__count2022_target05,base_hour_logit__count2022_target05,process,0.01,4.55,-1.33,11.66025,-14.45,23.55,2000
DK1,combined_hour_logit__count2022_target05,base_hour_logit__count2022_target05,process,0.0105,4.5275,-1.3465,11.643262499999999,-14.4725,23.5275,2000
DK1,combined_hour_logit__count2022_target05,base_hour_logit__count2022_target05,process,0.011000000000000001,4.505,-1.363,11.626274999999998,-14.495000000000001,23.505,2000
DK1,combined_hour_logit__count2022_target05,base_hour_logit__count2022_target05,process,0.0115,4.4825,-1.3795,11.609287499999999,-14.5175,23.4825,2000
DK1,combined_hour_logit__count2022_target05,base_hour_logit__count2022_target05,process,0.012,4.46,-1.396,11.592299999999998,-14.54,23.46,2000
DK1,combined_hour_logit__count2022_target05,base_hour_logit__count2022_target05,process,0.0125,4.4375,-1.4125,11.575312499999997,-14.5625,23.4375,2000
DK1,combined_hour_logit__count2022_target05,base_hour_logit__count2022_target05,process,0.013000000000000001,4.415,-1.429,11.558324999999998,-14.585,23.415,2000
DK1,combined_hour_logit__count2022_target05,base_hour_logit__count2022_target05,process,0.013500000000000002,4.3925,-1.4455,11.5413375,-14.6075,23.3925,2000
DK1,combined_hour_logit__count2022_target05,base_hour_logit__count2022_target05,process,0.014,4.37,-1.462,11.524349999999997,-14.629999999999999,23.37,2000
DK1,combined_hour_logit__count2022_target05,base_hour_logit__count2022_target05,process,0.0145,4.3475,-1.4785,11.507362499999997,-14.6525,23.3475,2000
DK1,combined_hour_logit__count2022_target05,base_hour_logit__count2022_target05,process,0.015,4.325,-1.495,11.490374999999998,-14.675,23.325,2000
DK1,combined_hour_logit__count2022_target05,base_hour_logit__count2022_target05,process,0.02,4.1,-1.6600000000000001,11.320499999999997,-14.9,23.1,2000
DK1,combined_hour_logit__count2022_target05,base_hour_logit__count2022_target05,process,0.03,3.6500000000000004,-1.99,10.980749999999997,-15.35,22.65,2000
DK1,combined_hour_logit__count2022_target05,base_hour_logit__count2022_target05,process,0.05,2.75,-2.70125,10.251249999999994,-16.25,21.75,2000
DK1,combined_hour_logit__count2022_target05,base_hour_logit__count2022_target05,process,0.1,0.5,-5.2,8.399999999999999,-18.5,19.5,2000
DK1,combined_hour_logit__count2022_target05,base_hour_logit__count2022_target05,process,0.2,-4.0,-10.4,4.8,-23.0,15.0,2000
DK1,combined_hour_logit__count2022_target05,base_hour_logit__count2022_target05,process,0.25,-6.25,-13.0,3.25,-25.25,12.75,2000
DK1,combined_hour_logit__count2022_target05,base_hour_logit__count2022_target05,process,0.5,-17.5,-26.5,-4.5,-36.5,1.5,2000
DK1,combined_hour_logit__count2022_target05,base_hour_logit__count2022_target05,process,1.0,-40.0,-55.025,-20.0,-59.0,-21.0,2000
DK1,combined_hour_logit__count2022_target05,base_hour_logit__count2022_target05,hour,0.0,24.0,11.0,39.0,1.9500000000000455,46.049999999999955,2000
DK1,combined_hour_logit__count2022_target05,base_hour_logit__count2022_target05,hour,0.0005,23.9775,10.9805,38.972525,1.9275000000000446,46.027499999999954,2000
DK1,combined_hour_logit__count2022_target05,base_hour_logit__count2022_target05,hour,0.001,23.955,10.961,38.94505,1.9050000000000438,46.00499999999995,2000
DK1,combined_hour_logit__count2022_target05,base_hour_logit__count2022_target05,hour,0.0015,23.9325,10.9415,38.917575,1.8825000000000465,45.98249999999996,2000
DK1,combined_hour_logit__count2022_target05,base_hour_logit__count2022_target05,hour,0.002,23.91,10.922,38.8901,1.8600000000000456,45.95999999999995,2000
DK1,combined_hour_logit__count2022_target05,base_hour_logit__count2022_target05,hour,0.0025,23.8875,10.9025,38.862624999999994,1.8375000000000448,45.93749999999996,2000
DK1,combined_hour_logit__count2022_target05,base_hour_logit__count2022_target05,hour,0.003,23.865,10.883,38.83515,1.815000000000044,45.91499999999995,2000
DK1,combined_hour_logit__count2022_target05,base_hour_logit__count2022_target05,hour,0.0035,23.8425,10.8635,38.807674999999996,1.7925000000000466,45.892499999999956,2000
DK1,combined_hour_logit__count2022_target05,base_hour_logit__count2022_target05,hour,0.004,23.82,10.844,38.7802,1.7700000000000458,45.869999999999955,2000
DK1,combined_hour_logit__count2022_target05,base_hour_logit__count2022_target05,hour,0.0045000000000000005,23.7975,10.8245,38.752725,1.747500000000045,45.847499999999954,2000
DK1,combined_hour_logit__count2022_target05,base_hour_logit__count2022_target05,hour,0.005000000000000001,23.775,10.805,38.72525,1.725000000000044,45.82499999999995,2000
DK1,combined_hour_logit__count2022_target05,base_hour_logit__count2022_target05,hour,0.0055,23.7525,10.7855,38.697775,1.7025000000000468,45.80249999999995,2000
DK1,combined_hour_logit__count2022_target05,base_hour_logit__count2022_target05,hour,0.006,23.73,10.766,38.6703,1.680000000000046,45.77999999999996,2000
DK1,combined_hour_logit__count2022_target05,base_hour_logit__count2022_target05,hour,0.006500000000000001,23.7075,10.7465,38.642824999999995,1.657500000000045,45.75749999999995,2000
DK1,combined_hour_logit__count2022_target05,base_hour_logit__count2022_target05,hour,0.007000000000000001,23.685,10.727,38.61535,1.6350000000000442,45.73499999999996,2000
DK1,combined_hour_logit__count2022_target05,base_hour_logit__count2022_target05,hour,0.0075,23.6625,10.7075,38.587875,1.612500000000047,45.712499999999956,2000
DK1,combined_hour_logit__count2022_target05,base_hour_logit__count2022_target05,hour,0.008,23.64,10.688,38.5604,1.590000000000046,45.689999999999955,2000
DK1,combined_hour_logit__count2022_target05,base_hour_logit__count2022_target05,hour,0.0085,23.6175,10.6685,38.532925,1.5675000000000452,45.667499999999954,2000
DK1,combined_hour_logit__count2022_target05,base_hour_logit__count2022_target05,hour,0.009000000000000001,23.595,10.649,38.50545,1.5450000000000443,45.64499999999995,2000
DK1,combined_hour_logit__count2022_target05,base_hour_logit__count2022_target05,hour,0.009500000000000001,23.5725,10.6295,38.477974999999994,1.522500000000047,45.62249999999996,2000
DK1,combined_hour_logit__count2022_target05,base_hour_logit__count2022_target05,hour,0.01,23.55,10.61,38.4505,1.5000000000000462,45.59999999999995,2000
DK1,combined_hour_logit__count2022_target05,base_hour_logit__count2022_target05,hour,0.0105,23.5275,10.5905,38.423024999999996,1.4775000000000453,45.57749999999996,2000
DK1,combined_hour_logit__count2022_target05,base_hour_logit__count2022_target05,hour,0.011000000000000001,23.505,10.571,38.39555,1.4550000000000445,45.55499999999995,2000
DK1,combined_hour_logit__count2022_target05,base_hour_logit__count2022_target05,hour,0.0115,23.4825,10.5515,38.368075,1.4325000000000472,45.532499999999956,2000
DK1,combined_hour_logit__count2022_target05,base_hour_logit__count2022_target05,hour,0.012,23.46,10.532,38.3406,1.4100000000000463,45.509999999999955,2000
DK1,combined_hour_logit__count2022_target05,base_hour_logit__count2022_target05,hour,0.0125,23.4375,10.5125,38.313125,1.3875000000000455,45.487499999999955,2000
DK1,combined_hour_logit__count2022_target05,base_hour_logit__count2022_target05,hour,0.013000000000000001,23.415,10.493,38.28564999999999,1.3650000000000446,45.464999999999954,2000
DK1,combined_hour_logit__count2022_target05,base_hour_logit__count2022_target05,hour,0.013500000000000002,23.3925,10.4735,38.258174999999994,1.3425000000000438,45.44249999999995,2000
DK1,combined_hour_logit__count2022_target05,base_hour_logit__count2022_target05,hour,0.014,23.37,10.454,38.23069999999999,1.3200000000000465,45.41999999999996,2000
DK1,combined_hour_logit__count2022_target05,base_hour_logit__count2022_target05,hour,0.0145,23.3475,10.4345,38.203224999999996,1.2975000000000456,45.39749999999995,2000
DK1,combined_hour_logit__count2022_target05,base_hour_logit__count2022_target05,hour,0.015,23.325,10.415,38.175749999999994,1.2750000000000448,45.37499999999996,2000
DK1,combined_hour_logit__count2022_target05,base_hour_logit__count2022_target05,hour,0.02,23.1,10.22,37.900999999999996,1.050000000000047,45.149999999999956,2000
DK1,combined_hour_logit__count2022_target05,base_hour_logit__count2022_target05,hour,0.03,22.65,9.83,37.351499999999994,0.600000000000044,44.69999999999995,2000
DK1,combined_hour_logit__count2022_target05,base_hour_logit__count2022_target05,hour,0.05,21.75,9.05,36.55124999999999,-0.2999999999999545,43.799999999999955,2000
DK1,combined_hour_logit__count2022_target05,base_hour_logit__count2022_target05,hour,0.1,19.5,6.8,34.40249999999998,-2.5499999999999545,41.549999999999955,2000
DK1,combined_hour_logit__count2022_target05,base_hour_logit__count2022_target05,hour,0.2,15.0,2.1949999999999994,30.404999999999973,-7.0499999999999545,37.049999999999955,2000
DK1,combined_hour_logit__count2022_target05,base_hour_logit__count2022_target05,hour,0.25,12.75,-0.5,28.75,-9.299999999999955,34.799999999999955,2000
DK1,combined_hour_logit__count2022_target05,base_hour_logit__count2022_target05,hour,0.5,1.5,-13.5,20.0,-20.549999999999955,23.549999999999955,2000
DK1,combined_hour_logit__count2022_target05,base_hour_logit__count2022_target05,hour,1.0,-21.0,-41.0,4.0,-43.049999999999955,1.0499999999999545,2000
DK1,combined_early_logit__count2023_target05,base_early_logit__count2023_target05,process,0.0,6.0,-4.0,14.0,-12.0,24.0,2000
DK1,combined_early_logit__count2023_target05,base_early_logit__count2023_target05,process,0.0005,5.977,-4.025,13.9795,-12.023,23.977,2000
DK1,combined_early_logit__count2023_target05,base_early_logit__count2023_target05,process,0.001,5.954,-4.05,13.959,-12.046,23.954,2000
DK1,combined_early_logit__count2023_target05,base_early_logit__count2023_target05,process,0.0015,5.931,-4.075,13.9385,-12.068999999999999,23.931,2000
DK1,combined_early_logit__count2023_target05,base_early_logit__count2023_target05,process,0.002,5.908,-4.1,13.918,-12.091999999999999,23.908,2000
DK1,combined_early_logit__count2023_target05,base_early_logit__count2023_target05,process,0.0025,5.885,-4.125,13.8975,-12.115,23.884999999999998,2000
DK1,combined_early_logit__count2023_target05,base_early_logit__count2023_target05,process,0.003,5.862,-4.15,13.877,-12.138,23.862000000000002,2000
DK1,combined_early_logit__count2023_target05,base_early_logit__count2023_target05,process,0.0035,5.839,-4.175,13.8565,-12.161,23.839,2000
DK1,combined_early_logit__count2023_target05,base_early_logit__count2023_target05,process,0.004,5.816,-4.2,13.836,-12.184000000000001,23.816,2000
DK1,combined_early_logit__count2023_target05,base_early_logit__count2023_target05,process,0.0045000000000000005,5.793,-4.225,13.8155,-12.207,23.793,2000
DK1,combined_early_logit__count2023_target05,base_early_logit__count2023_target05,process,0.005000000000000001,5.77,-4.25,13.795,-12.23,23.77,2000
DK1,combined_early_logit__count2023_target05,base_early_logit__count2023_target05,process,0.0055,5.747,-4.275,13.7745,-12.253,23.747,2000
DK1,combined_early_logit__count2023_target05,base_early_logit__count2023_target05,process,0.006,5.724,-4.3,13.754,-12.276,23.724,2000
DK1,combined_early_logit__count2023_target05,base_early_logit__count2023_target05,process,0.006500000000000001,5.701,-4.325,13.7335,-12.299,23.701,2000
DK1,combined_early_logit__count2023_target05,base_early_logit__count2023_target05,process,0.007000000000000001,5.678,-4.35,13.713,-12.322,23.678,2000
DK1,combined_early_logit__count2023_target05,base_early_logit__count2023_target05,process,0.0075,5.655,-4.375,13.6925,-12.344999999999999,23.655,2000
DK1,combined_early_logit__count2023_target05,base_early_logit__count2023_target05,process,0.008,5.632,-4.4,13.672,-12.368,23.631999999999998,2000
DK1,combined_early_logit__count2023_target05,base_early_logit__count2023_target05,process,0.0085,5.609,-4.425,13.6515,-12.391,23.609,2000
DK1,combined_early_logit__count2023_target05,base_early_logit__count2023_target05,process,0.009000000000000001,5.586,-4.45,13.631,-12.414,23.586,2000
DK1,combined_early_logit__count2023_target05,base_early_logit__count2023_target05,process,0.009500000000000001,5.563,-4.475,13.6105,-12.437000000000001,23.563,2000
DK1,combined_early_logit__count2023_target05,base_early_logit__count2023_target05,process,0.01,5.54,-4.5,13.59,-12.46,23.54,2000
DK1,combined_early_logit__count2023_target05,base_early_logit__count2023_target05,process,0.0105,5.517,-4.525,13.5695,-12.483,23.517,2000
DK1,combined_early_logit__count2023_target05,base_early_logit__count2023_target05,process,0.011000000000000001,5.494,-4.55,13.549,-12.506,23.494,2000
DK1,combined_early_logit__count2023_target05,base_early_logit__count2023_target05,process,0.0115,5.471,-4.575,13.5285,-12.529,23.471,2000
DK1,combined_early_logit__count2023_target05,base_early_logit__count2023_target05,process,0.012,5.448,-4.6,13.508,-12.552,23.448,2000
DK1,combined_early_logit__count2023_target05,base_early_logit__count2023_target05,process,0.0125,5.425,-4.625,13.4875,-12.575,23.425,2000
DK1,combined_early_logit__count2023_target05,base_early_logit__count2023_target05,process,0.013000000000000001,5.402,-4.65,13.467,-12.597999999999999,23.402,2000
DK1,combined_early_logit__count2023_target05,base_early_logit__count2023_target05,process,0.013500000000000002,5.379,-4.675,13.4465,-12.621,23.378999999999998,2000
DK1,combined_early_logit__count2023_target05,base_early_logit__count2023_target05,process,0.014,5.356,-4.7,13.426,-12.644,23.356,2000
DK1,combined_early_logit__count2023_target05,base_early_logit__count2023_target05,process,0.0145,5.333,-4.725,13.4055,-12.667,23.333,2000
DK1,combined_early_logit__count2023_target05,base_early_logit__count2023_target05,process,0.015,5.3100000000000005,-4.75,13.385,-12.69,23.310000000000002,2000
DK1,combined_early_logit__count2023_target05,base_early_logit__count2023_target05,process,0.02,5.08,-5.0,13.18,-12.92,23.08,2000
DK1,combined_early_logit__count2023_target05,base_early_logit__count2023_target05,process,0.03,4.62,-5.5,12.77,-13.379999999999999,22.62,2000
DK1,combined_early_logit__count2023_target05,base_early_logit__count2023_target05,process,0.05,3.6999999999999997,-6.5,11.95,-14.3,21.7,2000
DK1,combined_early_logit__count2023_target05,base_early_logit__count2023_target05,process,0.1,1.3999999999999995,-9.0,9.899999999999999,-16.6,19.4,2000
DK1,combined_early_logit__count2023_target05,base_early_logit__count2023_target05,process,0.2,-3.200000000000001,-13.4,6.0,-21.200000000000003,14.799999999999999,2000
DK1,combined_early_logit__count2023_target05,base_early_logit__count2023_target05,process,0.25,-5.5,-15.75,4.5,-23.5,12.5,2000
DK1,combined_early_logit__count2023_target05,base_early_logit__count2023_target05,process,0.5,-17.0,-28.5125,-4.0,-35.0,1.0,2000
DK1,combined_early_logit__count2023_target05,base_early_logit__count2023_target05,process,1.0,-40.0,-56.0,-20.0,-58.0,-22.0,2000
DK1,combined_early_logit__count2023_target05,base_early_logit__count2023_target05,hour,0.0,63.0,39.0,93.0,30.950000000000045,95.04999999999995,2000
DK1,combined_early_logit__count2023_target05,base_early_logit__count2023_target05,hour,0.0005,62.977,38.982475,92.98053750000001,30.927000000000042,95.02699999999996,2000
DK1,combined_early_logit__count2023_target05,base_early_logit__count2023_target05,hour,0.001,62.954,38.96495,92.961075,30.904000000000046,95.00399999999996,2000
DK1,combined_early_logit__count2023_target05,base_early_logit__count2023_target05,hour,0.0015,62.931,38.947424999999996,92.9416125,30.881000000000043,94.98099999999995,2000
DK1,combined_early_logit__count2023_target05,base_early_logit__count2023_target05,hour,0.002,62.908,38.929899999999996,92.92215,30.858000000000047,94.95799999999996,2000
DK1,combined_early_logit__count2023_target05,base_early_logit__count2023_target05,hour,0.0025,62.885,38.912375000000004,92.9026875,30.835000000000043,94.93499999999995,2000
DK1,combined_early_logit__count2023_target05,base_early_logit__count2023_target05,hour,0.003,62.862,38.894850000000005,92.883225,30.812000000000047,94.91199999999995,2000
DK1,combined_early_logit__count2023_target05,base_early_logit__count2023_target05,hour,0.0035,62.839,38.877325,92.8637625,30.789000000000044,94.88899999999995,2000
DK1,combined_early_logit__count2023_target05,base_early_logit__count2023_target05,hour,0.004,62.816,38.8598,92.84429999999999,30.766000000000048,94.86599999999996,2000
DK1,combined_early_logit__count2023_target05,base_early_logit__count2023_target05,hour,0.0045000000000000005,62.793,38.842275,92.8248375,30.743000000000045,94.84299999999996,2000
DK1,combined_early_logit__count2023_target05,base_early_logit__count2023_target05,hour,0.005000000000000001,62.77,38.82475,92.805375,30.72000000000005,94.81999999999996,2000
DK1,combined_early_logit__count2023_target05,base_early_logit__count2023_target05,hour,0.0055,62.747,38.807224999999995,92.7859125,30.697000000000045,94.79699999999995,2000
DK1,combined_early_logit__count2023_target05,base_early_logit__count2023_target05,hour,0.006,62.724,38.789699999999996,92.76645,30.674000000000042,94.77399999999994,2000
DK1,combined_early_logit__count2023_target05,base_early_logit__count2023_target05,hour,0.006500000000000001,62.701,38.772175000000004,92.74698749999999,30.651000000000046,94.75099999999995,2000
DK1,combined_early_logit__count2023_target05,base_early_logit__count2023_target05,hour,0.007000000000000001,62.678,38.754650000000005,92.727525,30.628000000000043,94.72799999999995,2000
DK1,combined_early_logit__count2023_target05,base_early_logit__count2023_target05,hour,0.0075,62.655,38.737125,92.7080625,30.605000000000047,94.70499999999996,2000
DK1,combined_early_logit__count2023_target05,base_early_logit__count2023_target05,hour,0.008,62.632,38.7196,92.6886,30.582000000000043,94.68199999999996,2000
DK1,combined_early_logit__count2023_target05,base_early_logit__count2023_target05,hour,0.0085,62.609,38.702075,92.66913749999999,30.559000000000047,94.65899999999996,2000
DK1,combined_early_logit__count2023_target05,base_early_logit__count2023_target05,hour,0.009000000000000001,62.586,38.68455,92.649675,30.536000000000044,94.63599999999995,2000
DK1,combined_early_logit__count2023_target05,base_early_logit__count2023_target05,hour,0.009500000000000001,62.563,38.667024999999995,92.63021249999998,30.513000000000048,94.61299999999996,2000
DK1,combined_early_logit__count2023_target05,base_early_logit__count2023_target05,hour,0.01,62.54,38.649499999999996,92.61075,30.490000000000045,94.58999999999995,2000
DK1,combined_early_logit__count2023_target05,base_early_logit__count2023_target05,hour,0.0105,62.517,38.631975,92.5912875,30.46700000000005,94.56699999999995,2000
DK1,combined_early_logit__count2023_target05,base_early_logit__count2023_target05,hour,0.011000000000000001,62.494,38.614450000000005,92.57182499999999,30.444000000000045,94.54399999999995,2000
DK1,combined_early_logit__count2023_target05,base_early_logit__count2023_target05,hour,0.0115,62.471,38.596925,92.5523625,30.421000000000042,94.52099999999996,2000
DK1,combined_early_logit__count2023_target05,base_early_logit__count2023_target05,hour,0.012,62.448,38.5794,92.5329,30.398000000000046,94.49799999999996,2000
DK1,combined_early_logit__count2023_target05,base_early_logit__count2023_target05,hour,0.0125,62.425,38.561875,92.5134375,30.375000000000043,94.47499999999995,2000
DK1,combined_early_logit__count2023_target05,base_early_logit__count2023_target05,hour,0.013000000000000001,62.402,38.54435,92.49397499999999,30.352000000000046,94.45199999999996,2000
DK1,combined_early_logit__count2023_target05,base_early_logit__count2023_target05,hour,0.013500000000000002,62.379,38.526825,92.47451249999999,30.329000000000043,94.42899999999995,2000
DK1,combined_early_logit__count2023_target05,base_early_logit__count2023_target05,hour,0.014,62.356,38.509299999999996,92.45504999999999,30.306000000000047,94.40599999999995,2000
DK1,combined_early_logit__count2023_target05,base_early_logit__count2023_target05,hour,0.0145,62.333,38.491775,92.4355875,30.283000000000044,94.38299999999995,2000
DK1,combined_early_logit__count2023_target05,base_early_logit__count2023_target05,hour,0.015,62.31,38.474250000000005,92.416125,30.260000000000048,94.35999999999996,2000
DK1,combined_early_logit__count2023_target05,base_early_logit__count2023_target05,hour,0.02,62.08,38.299,92.22149999999999,30.030000000000044,94.12999999999995,2000
DK1,combined_early_logit__count2023_target05,base_early_logit__count2023_target05,hour,0.03,61.62,37.9485,91.83224999999999,29.570000000000043,93.66999999999996,2000
DK1,combined_early_logit__count2023_target05,base_early_logit__count2023_target05,hour,0.05,60.7,37.2475,91.05374999999998,28.65000000000005,92.74999999999996,2000
DK1,combined_early_logit__count2023_target05,base_early_logit__count2023_target05,hour,0.1,58.4,35.2,88.70749999999997,26.350000000000044,90.44999999999996,2000
DK1,combined_early_logit__count2023_target05,base_early_logit__count2023_target05,hour,0.2,53.8,31.0,84.20499999999997,21.750000000000043,85.84999999999995,2000
DK1,combined_early_logit__count2023_target05,base_early_logit__count2023_target05,hour,0.25,51.5,28.74375,82.0,19.450000000000045,83.54999999999995,2000
DK1,combined_early_logit__count2023_target05,base_early_logit__count2023_target05,hour,0.5,40.0,17.5,71.5,7.9500000000000455,72.04999999999995,2000
DK1,combined_early_logit__count2023_target05,base_early_logit__count2023_target05,hour,1.0,17.0,-7.0,52.0,-15.049999999999955,49.049999999999955,2000
DK1,combined_hour_logit__count2023_target05,base_hour_logit__count2023_target05,process,0.0,5.0,-1.0,12.0,-22.0,32.0,2000
DK1,combined_hour_logit__count2023_target05,base_hour_logit__count2023_target05,process,0.0005,4.938,-1.053525,11.943,-22.062,31.938,2000
DK1,combined_hour_logit__count2023_target05,base_hour_logit__count2023_target05,process,0.001,4.876,-1.10705,11.886,-22.124,31.876,2000
DK1,combined_hour_logit__count2023_target05,base_hour_logit__count2023_target05,process,0.0015,4.814,-1.1605750000000001,11.829,-22.186,31.814,2000
DK1,combined_hour_logit__count2023_target05,base_hour_logit__count2023_target05,process,0.002,4.752,-1.2141,11.772,-22.248,31.752,2000
DK1,combined_hour_logit__count2023_target05,base_hour_logit__count2023_target05,process,0.0025,4.69,-1.267625,11.715,-22.31,31.69,2000
DK1,combined_hour_logit__count2023_target05,base_hour_logit__count2023_target05,process,0.003,4.628,-1.32115,11.658,-22.372,31.628,2000
DK1,combined_hour_logit__count2023_target05,base_hour_logit__count2023_target05,process,0.0035,4.566,-1.374675,11.600999999999999,-22.434,31.566,2000
DK1,combined_hour_logit__count2023_target05,base_hour_logit__count2023_target05,process,0.004,4.504,-1.4282,11.544,-22.496000000000002,31.503999999999998,2000
DK1,combined_hour_logit__count2023_target05,base_hour_logit__count2023_target05,process,0.0045000000000000005,4.442,-1.481725,11.487,-22.558,31.442,2000
DK1,combined_hour_logit__count2023_target05,base_hour_logit__count2023_target05,process,0.005000000000000001,4.38,-1.5352500000000002,11.43,-22.62,31.38,2000
DK1,combined_hour_logit__count2023_target05,base_hour_logit__count2023_target05,process,0.0055,4.318,-1.5887749999999998,11.373,-22.682000000000002,31.317999999999998,2000
DK1,combined_hour_logit__count2023_target05,base_hour_logit__count2023_target05,process,0.006,4.256,-1.6422999999999999,11.316,-22.744,31.256,2000
DK1,combined_hour_logit__count2023_target05,base_hour_logit__count2023_target05,process,0.006500000000000001,4.194,-1.695825,11.259,-22.806,31.194,2000
DK1,combined_hour_logit__count2023_target05,base_hour_logit__count2023_target05,process,0.007000000000000001,4.132,-1.7493500000000002,11.202,-22.868000000000002,31.131999999999998,2000
DK1,combined_hour_logit__count2023_target05,base_hour_logit__count2023_target05,process,0.0075,4.07,-1.802875,11.145,-22.93,31.07,2000
DK1,combined_hour_logit__count2023_target05,base_hour_logit__count2023_target05,process,0.008,4.008,-1.8563999999999998,11.088,-22.992,31.008,2000
DK1,combined_hour_logit__count2023_target05,base_hour_logit__count2023_target05,process,0.0085,3.9459999999999997,-1.9099249999999999,11.031,-23.054000000000002,30.945999999999998,2000
DK1,combined_hour_logit__count2023_target05,base_hour_logit__count2023_target05,process,0.009000000000000001,3.884,-1.9634500000000001,10.974,-23.116,30.884,2000
DK1,combined_hour_logit__count2023_target05,base_hour_logit__count2023_target05,process,0.009500000000000001,3.822,-2.016975,10.917,-23.178,30.822,2000
DK1,combined_hour_logit__count2023_target05,base_hour_logit__count2023_target05,process,0.01,3.76,-2.0705000000000005,10.86,-23.240000000000002,30.759999999999998,2000
DK1,combined_hour_logit__count2023_target05,base_hour_logit__count2023_target05,process,0.0105,3.698,-2.124025,10.803,-23.302,30.698,2000
DK1,combined_hour_logit__count2023_target05,base_hour_logit__count2023_target05,process,0.011000000000000001,3.636,-2.17755,10.746,-23.364,30.636,2000
DK1,combined_hour_logit__count2023_target05,base_hour_logit__count2023_target05,process,0.0115,3.574,-2.231075,10.689,-23.426000000000002,30.573999999999998,2000
DK1,combined_hour_logit__count2023_target05,base_hour_logit__count2023_target05,process,0.012,3.512,-2.2845999999999997,10.632,-23.488,30.512,2000
DK1,combined_hour_logit__count2023_target05,base_hour_logit__count2023_target05,process,0.0125,3.45,-2.3381250000000002,10.575,-23.55,30.45,2000
DK1,combined_hour_logit__count2023_target05,base_hour_logit__count2023_target05,process,0.013000000000000001,3.388,-2.39165,10.518,-23.612000000000002,30.387999999999998,2000
DK1,combined_hour_logit__count2023_target05,base_hour_logit__count2023_target05,process,0.013500000000000002,3.3259999999999996,-2.445175,10.461,-23.674,30.326,2000
DK1,combined_hour_logit__count2023_target05,base_hour_logit__count2023_target05,process,0.014,3.2640000000000002,-2.4987000000000004,10.404,-23.736,30.264,2000
DK1,combined_hour_logit__count2023_target05,base_hour_logit__count2023_target05,process,0.0145,3.202,-2.552225,10.347,-23.798000000000002,30.201999999999998,2000
DK1,combined_hour_logit__count2023_target05,base_hour_logit__count2023_target05,process,0.015,3.14,-2.60575,10.29,-23.86,30.14,2000
DK1,combined_hour_logit__count2023_target05,base_hour_logit__count2023_target05,process,0.02,2.52,-3.141,9.719999999999999,-24.48,29.52,2000
DK1,combined_hour_logit__count2023_target05,base_hour_logit__count2023_target05,process,0.03,1.2800000000000002,-4.41075,8.58,-25.72,28.28,2000
DK1,combined_hour_logit__count2023_target05,base_hour_logit__count2023_target05,process,0.05,-1.2000000000000002,-6.90125,6.2512499999999935,-28.2,25.8,2000
DK1,combined_hour_logit__count2023_target05,base_hour_logit__count2023_target05,process,0.1,-7.4,-13.7025,0.3024999999999853,-34.4,19.6,2000
DK1,combined_hour_logit__count2023_target05,base_hour_logit__count2023_target05,process,0.2,-19.8,-27.400000000000002,-10.400000000000002,-46.8,7.199999999999999,2000
DK1,combined_hour_logit__count2023_target05,base_hour_logit__count2023_target05,process,0.25,-26.0,-34.50625,-16.0,-53.0,1.0,2000
DK1,combined_hour_logit__count2023_target05,base_hour_logit__count2023_target05,process,0.5,-57.0,-71.5,-42.5,-84.0,-30.0,2000
DK1,combined_hour_logit__count2023_target05,base_hour_logit__count2023_target05,process,1.0,-119.0,-146.0,-94.0,-146.0,-92.0,2000
DK1,combined_hour_logit__count2023_target05,base_hour_logit__count2023_target05,hour,0.0,24.0,11.0,39.0,-6.0,54.0,2000
DK1,combined_hour_logit__count2023_target05,base_hour_logit__count2023_target05,hour,0.0005,23.938,10.9435,38.929050000000004,-6.062000000000001,53.938,2000
DK1,combined_hour_logit__count2023_target05,base_hour_logit__count2023_target05,hour,0.001,23.876,10.887,38.85809999999999,-6.123999999999999,53.876000000000005,2000
DK1,combined_hour_logit__count2023_target05,base_hour_logit__count2023_target05,hour,0.0015,23.814,10.8305,38.78715,-6.186,53.814,2000
DK1,combined_hour_logit__count2023_target05,base_hour_logit__count2023_target05,hour,0.002,23.752,10.774,38.7162,-6.248000000000001,53.751999999999995,2000
DK1,combined_hour_logit__count2023_target05,base_hour_logit__count2023_target05,hour,0.0025,23.69,10.7175,38.645250000000004,-6.309999999999999,53.69,2000
DK1,combined_hour_logit__count2023_target05,base_hour_logit__count2023_target05,hour,0.003,23.628,10.661,38.574299999999994,-6.372,53.628,2000
DK1,combined_hour_logit__count2023_target05,base_hour_logit__count2023_target05,hour,0.0035,23.566,10.6045,38.50335,-6.434000000000001,53.566,2000
DK1,combined_hour_logit__count2023_target05,base_hour_logit__count2023_target05,hour,0.004,23.504,10.548,38.4324,-6.495999999999999,53.504000000000005,2000
DK1,combined_hour_logit__count2023_target05,base_hour_logit__count2023_target05,hour,0.0045000000000000005,23.442,10.4915,38.36145,-6.558,53.442,2000
DK1,combined_hour_logit__count2023_target05,base_hour_logit__count2023_target05,hour,0.005000000000000001,23.38,10.435,38.290499999999994,-6.620000000000001,53.379999999999995,2000
DK1,combined_hour_logit__count2023_target05,base_hour_logit__count2023_target05,hour,0.0055,23.318,10.3785,38.21955,-6.681999999999999,53.318,2000
DK1,combined_hour_logit__count2023_target05,base_hour_logit__count2023_target05,hour,0.006,23.256,10.322,38.1486,-6.744,53.256,2000
DK1,combined_hour_logit__count2023_target05,base_hour_logit__count2023_target05,hour,0.006500000000000001,23.194,10.2655,38.07764999999999,-6.806000000000001,53.194,2000
DK1,combined_hour_logit__count2023_target05,base_hour_logit__count2023_target05,hour,0.007000000000000001,23.132,10.209,38.006699999999995,-6.8679999999999986,53.132000000000005,2000
DK1,combined_hour_logit__count2023_target05,base_hour_logit__count2023_target05,hour,0.0075,23.07,10.1525,37.93575,-6.93,53.07,2000
DK1,combined_hour_logit__count2023_target05,base_hour_logit__count2023_target05,hour,0.008,23.008,10.096,37.864799999999995,-6.992000000000001,53.007999999999996,2000
DK1,combined_hour_logit__count2023_target05,base_hour_logit__count2023_target05,hour,0.0085,22.946,10.0395,37.79384999999999,-7.0539999999999985,52.946,2000
DK1,combined_hour_logit__count2023_target05,base_hour_logit__count2023_target05,hour,0.009000000000000001,22.884,9.983,37.722899999999996,-7.116,52.884,2000
DK1,combined_hour_logit__count2023_target05,base_hour_logit__count2023_target05,hour,0.009500000000000001,22.822,9.9265,37.65194999999999,-7.178000000000001,52.822,2000
DK1,combined_hour_logit__count2023_target05,base_hour_logit__count2023_target05,hour,0.01,22.76,9.87,37.580999999999996,-7.239999999999998,52.760000000000005,2000
DK1,combined_hour_logit__count2023_target05,base_hour_logit__count2023_target05,hour,0.0105,22.698,9.8135,37.51004999999999,-7.302,52.698,2000
DK1,combined_hour_logit__count2023_target05,base_hour_logit__count2023_target05,hour,0.011000000000000001,22.636,9.757,37.439099999999996,-7.364000000000001,52.635999999999996,2000
DK1,combined_hour_logit__count2023_target05,base_hour_logit__count2023_target05,hour,0.0115,22.574,9.7005,37.36814999999999,-7.425999999999998,52.574,2000
DK1,combined_hour_logit__count2023_target05,base_hour_logit__count2023_target05,hour,0.012,22.512,9.644,37.29719999999999,-7.4879999999999995,52.512,2000
DK1,combined_hour_logit__count2023_target05,base_hour_logit__count2023_target05,hour,0.0125,22.45,9.5875,37.22624999999999,-7.550000000000001,52.45,2000
DK1,combined_hour_logit__count2023_target05,base_hour_logit__count2023_target05,hour,0.013000000000000001,22.387999999999998,9.531,37.15529999999999,-7.612000000000002,52.388,2000
DK1,combined_hour_logit__count2023_target05,base_hour_logit__count2023_target05,hour,0.013500000000000002,22.326,9.474499999999999,37.08434999999999,-7.6739999999999995,52.326,2000
DK1,combined_hour_logit__count2023_target05,base_hour_logit__count2023_target05,hour,0.014,22.264,9.418,37.01339999999999,-7.736000000000001,52.263999999999996,2000
DK1,combined_hour_logit__count2023_target05,base_hour_logit__count2023_target05,hour,0.0145,22.201999999999998,9.3615,36.942449999999994,-7.798000000000002,52.202,2000
DK1,combined_hour_logit__count2023_target05,base_hour_logit__count2023_target05,hour,0.015,22.14,9.305,36.87149999999999,-7.859999999999999,52.14,2000
DK1,combined_hour_logit__count2023_target05,base_hour_logit__count2023_target05,hour,0.02,21.52,8.74,36.161999999999985,-8.48,51.519999999999996,2000
DK1,combined_hour_logit__count2023_target05,base_hour_logit__count2023_target05,hour,0.03,20.28,7.60925,34.86424999999998,-9.719999999999999,50.28,2000
DK1,combined_hour_logit__count2023_target05,base_hour_logit__count2023_target05,hour,0.05,17.8,5.0475,32.256249999999966,-12.2,47.8,2000
DK1,combined_hour_logit__count2023_target05,base_hour_logit__count2023_target05,hour,0.1,11.6,-1.6000000000000014,26.4,-18.4,41.6,2000
DK1,combined_hour_logit__count2023_target05,base_hour_logit__count2023_target05,hour,0.2,-0.8000000000000007,-15.200000000000003,15.0,-30.8,29.2,2000
DK1,combined_hour_logit__count2023_target05,base_hour_logit__count2023_target05,hour,0.25,-7.0,-22.0,9.25,-37.0,23.0,2000
DK1,combined_hour_logit__count2023_target05,base_hour_logit__count2023_target05,hour,0.5,-38.0,-57.5,-18.0,-68.0,-8.0,2000
DK1,combined_hour_logit__count2023_target05,base_hour_logit__count2023_target05,hour,1.0,-100.0,-130.0,-71.0,-130.0,-70.0,2000
DK1,price_hour_logit__top2,original_M0__top2,process,0.0,-9.0,-17.0,-1.0,-17.0,-1.0,2000
DK1,price_hour_logit__top2,original_M0__top2,process,0.0005,-9.0,-17.0,-1.0,-17.0,-1.0,2000
DK1,price_hour_logit__top2,original_M0__top2,process,0.001,-9.0,-17.0,-1.0,-17.0,-1.0,2000
DK1,price_hour_logit__top2,original_M0__top2,process,0.0015,-9.0,-17.0,-1.0,-17.0,-1.0,2000
DK1,price_hour_logit__top2,original_M0__top2,process,0.002,-9.0,-17.0,-1.0,-17.0,-1.0,2000
DK1,price_hour_logit__top2,original_M0__top2,process,0.0025,-9.0,-17.0,-1.0,-17.0,-1.0,2000
DK1,price_hour_logit__top2,original_M0__top2,process,0.003,-9.0,-17.0,-1.0,-17.0,-1.0,2000
DK1,price_hour_logit__top2,original_M0__top2,process,0.0035,-9.0,-17.0,-1.0,-17.0,-1.0,2000
DK1,price_hour_logit__top2,original_M0__top2,process,0.004,-9.0,-17.0,-1.0,-17.0,-1.0,2000
DK1,price_hour_logit__top2,original_M0__top2,process,0.0045000000000000005,-9.0,-17.0,-1.0,-17.0,-1.0,2000
DK1,price_hour_logit__top2,original_M0__top2,process,0.005000000000000001,-9.0,-17.0,-1.0,-17.0,-1.0,2000
DK1,price_hour_logit__top2,original_M0__top2,process,0.0055,-9.0,-17.0,-1.0,-17.0,-1.0,2000
DK1,price_hour_logit__top2,original_M0__top2,process,0.006,-9.0,-17.0,-1.0,-17.0,-1.0,2000
DK1,price_hour_logit__top2,original_M0__top2,process,0.006500000000000001,-9.0,-17.0,-1.0,-17.0,-1.0,2000
DK1,price_hour_logit__top2,original_M0__top2,process,0.007000000000000001,-9.0,-17.0,-1.0,-17.0,-1.0,2000
DK1,price_hour_logit__top2,original_M0__top2,process,0.0075,-9.0,-17.0,-1.0,-17.0,-1.0,2000
DK1,price_hour_logit__top2,original_M0__top2,process,0.008,-9.0,-17.0,-1.0,-17.0,-1.0,2000
DK1,price_hour_logit__top2,original_M0__top2,process,0.0085,-9.0,-17.0,-1.0,-17.0,-1.0,2000
DK1,price_hour_logit__top2,original_M0__top2,process,0.009000000000000001,-9.0,-17.0,-1.0,-17.0,-1.0,2000
DK1,price_hour_logit__top2,original_M0__top2,process,0.009500000000000001,-9.0,-17.0,-1.0,-17.0,-1.0,2000
DK1,price_hour_logit__top2,original_M0__top2,process,0.01,-9.0,-17.0,-1.0,-17.0,-1.0,2000
DK1,price_hour_logit__top2,original_M0__top2,process,0.0105,-9.0,-17.0,-1.0,-17.0,-1.0,2000
DK1,price_hour_logit__top2,original_M0__top2,process,0.011000000000000001,-9.0,-17.0,-1.0,-17.0,-1.0,2000
DK1,price_hour_logit__top2,original_M0__top2,process,0.0115,-9.0,-17.0,-1.0,-17.0,-1.0,2000
DK1,price_hour_logit__top2,original_M0__top2,process,0.012,-9.0,-17.0,-1.0,-17.0,-1.0,2000
DK1,price_hour_logit__top2,original_M0__top2,process,0.0125,-9.0,-17.0,-1.0,-17.0,-1.0,2000
DK1,price_hour_logit__top2,original_M0__top2,process,0.013000000000000001,-9.0,-17.0,-1.0,-17.0,-1.0,2000
DK1,price_hour_logit__top2,original_M0__top2,process,0.013500000000000002,-9.0,-17.0,-1.0,-17.0,-1.0,2000
DK1,price_hour_logit__top2,original_M0__top2,process,0.014,-9.0,-17.0,-1.0,-17.0,-1.0,2000
DK1,price_hour_logit__top2,original_M0__top2,process,0.0145,-9.0,-17.0,-1.0,-17.0,-1.0,2000
DK1,price_hour_logit__top2,original_M0__top2,process,0.015,-9.0,-17.0,-1.0,-17.0,-1.0,2000
DK1,price_hour_logit__top2,original_M0__top2,process,0.02,-9.0,-17.0,-1.0,-17.0,-1.0,2000
DK1,price_hour_logit__top2,original_M0__top2,process,0.03,-9.0,-17.0,-1.0,-17.0,-1.0,2000
DK1,price_hour_logit__top2,original_M0__top2,process,0.05,-9.0,-17.0,-1.0,-17.0,-1.0,2000
DK1,price_hour_logit__top2,original_M0__top2,process,0.1,-9.0,-17.0,-1.0,-17.0,-1.0,2000
DK1,price_hour_logit__top2,original_M0__top2,process,0.2,-9.0,-17.0,-1.0,-17.0,-1.0,2000
DK1,price_hour_logit__top2,original_M0__top2,process,0.25,-9.0,-17.0,-1.0,-17.0,-1.0,2000
DK1,price_hour_logit__top2,original_M0__top2,process,0.5,-9.0,-17.0,-1.0,-17.0,-1.0,2000
DK1,price_hour_logit__top2,original_M0__top2,process,1.0,-9.0,-17.0,-1.0,-17.0,-1.0,2000
DK1,price_hour_logit__top2,original_M0__top2,hour,0.0,-82.0,-120.0,-56.0,-117.0,-47.0,2000
DK1,price_hour_logit__top2,original_M0__top2,hour,0.0005,-82.0,-120.0,-56.0,-117.0,-47.0,2000
DK1,price_hour_logit__top2,original_M0__top2,hour,0.001,-82.0,-120.0,-56.0,-117.0,-47.0,2000
DK1,price_hour_logit__top2,original_M0__top2,hour,0.0015,-82.0,-120.0,-56.0,-117.0,-47.0,2000
DK1,price_hour_logit__top2,original_M0__top2,hour,0.002,-82.0,-120.0,-56.0,-117.0,-47.0,2000
DK1,price_hour_logit__top2,original_M0__top2,hour,0.0025,-82.0,-120.0,-56.0,-117.0,-47.0,2000
DK1,price_hour_logit__top2,original_M0__top2,hour,0.003,-82.0,-120.0,-56.0,-117.0,-47.0,2000
DK1,price_hour_logit__top2,original_M0__top2,hour,0.0035,-82.0,-120.0,-56.0,-117.0,-47.0,2000
DK1,price_hour_logit__top2,original_M0__top2,hour,0.004,-82.0,-120.0,-56.0,-117.0,-47.0,2000
DK1,price_hour_logit__top2,original_M0__top2,hour,0.0045000000000000005,-82.0,-120.0,-56.0,-117.0,-47.0,2000
DK1,price_hour_logit__top2,original_M0__top2,hour,0.005000000000000001,-82.0,-120.0,-56.0,-117.0,-47.0,2000
DK1,price_hour_logit__top2,original_M0__top2,hour,0.0055,-82.0,-120.0,-56.0,-117.0,-47.0,2000
DK1,price_hour_logit__top2,original_M0__top2,hour,0.006,-82.0,-120.0,-56.0,-117.0,-47.0,2000
DK1,price_hour_logit__top2,original_M0__top2,hour,0.006500000000000001,-82.0,-120.0,-56.0,-117.0,-47.0,2000
DK1,price_hour_logit__top2,original_M0__top2,hour,0.007000000000000001,-82.0,-120.0,-56.0,-117.0,-47.0,2000
DK1,price_hour_logit__top2,original_M0__top2,hour,0.0075,-82.0,-120.0,-56.0,-117.0,-47.0,2000
DK1,price_hour_logit__top2,original_M0__top2,hour,0.008,-82.0,-120.0,-56.0,-117.0,-47.0,2000
DK1,price_hour_logit__top2,original_M0__top2,hour,0.0085,-82.0,-120.0,-56.0,-117.0,-47.0,2000
DK1,price_hour_logit__top2,original_M0__top2,hour,0.009000000000000001,-82.0,-120.0,-56.0,-117.0,-47.0,2000
DK1,price_hour_logit__top2,original_M0__top2,hour,0.009500000000000001,-82.0,-120.0,-56.0,-117.0,-47.0,2000
DK1,price_hour_logit__top2,original_M0__top2,hour,0.01,-82.0,-120.0,-56.0,-117.0,-47.0,2000
DK1,price_hour_logit__top2,original_M0__top2,hour,0.0105,-82.0,-120.0,-56.0,-117.0,-47.0,2000
DK1,price_hour_logit__top2,original_M0__top2,hour,0.011000000000000001,-82.0,-120.0,-56.0,-117.0,-47.0,2000
DK1,price_hour_logit__top2,original_M0__top2,hour,0.0115,-82.0,-120.0,-56.0,-117.0,-47.0,2000
DK1,price_hour_logit__top2,original_M0__top2,hour,0.012,-82.0,-120.0,-56.0,-117.0,-47.0,2000
DK1,price_hour_logit__top2,original_M0__top2,hour,0.0125,-82.0,-120.0,-56.0,-117.0,-47.0,2000
DK1,price_hour_logit__top2,original_M0__top2,hour,0.013000000000000001,-82.0,-120.0,-56.0,-117.0,-47.0,2000
DK1,price_hour_logit__top2,original_M0__top2,hour,0.013500000000000002,-82.0,-120.0,-56.0,-117.0,-47.0,2000
DK1,price_hour_logit__top2,original_M0__top2,hour,0.014,-82.0,-120.0,-56.0,-117.0,-47.0,2000
DK1,price_hour_logit__top2,original_M0__top2,hour,0.0145,-82.0,-120.0,-56.0,-117.0,-47.0,2000
DK1,price_hour_logit__top2,original_M0__top2,hour,0.015,-82.0,-120.0,-56.0,-117.0,-47.0,2000
DK1,price_hour_logit__top2,original_M0__top2,hour,0.02,-82.0,-120.0,-56.0,-117.0,-47.0,2000
DK1,price_hour_logit__top2,original_M0__top2,hour,0.03,-82.0,-120.0,-56.0,-117.0,-47.0,2000
DK1,price_hour_logit__top2,original_M0__top2,hour,0.05,-82.0,-120.0,-56.0,-117.0,-47.0,2000
DK1,price_hour_logit__top2,original_M0__top2,hour,0.1,-82.0,-120.0,-56.0,-117.0,-47.0,2000
DK1,price_hour_logit__top2,original_M0__top2,hour,0.2,-82.0,-120.0,-56.0,-117.0,-47.0,2000
DK1,price_hour_logit__top2,original_M0__top2,hour,0.25,-82.0,-120.0,-56.0,-117.0,-47.0,2000
DK1,price_hour_logit__top2,original_M0__top2,hour,0.5,-82.0,-120.0,-56.0,-117.0,-47.0,2000
DK1,price_hour_logit__top2,original_M0__top2,hour,1.0,-82.0,-120.0,-56.0,-117.0,-47.0,2000
DK2,combined_early_logit__top2,base_early_logit__top2,process,0.0,4.0,-2.0,12.0,-4.0,12.0,2000
DK2,combined_early_logit__top2,base_early_logit__top2,process,0.0005,4.0,-2.0,12.0,-4.0,12.0,2000
DK2,combined_early_logit__top2,base_early_logit__top2,process,0.001,4.0,-2.0,12.0,-4.0,12.0,2000
DK2,combined_early_logit__top2,base_early_logit__top2,process,0.0015,4.0,-2.0,12.0,-4.0,12.0,2000
DK2,combined_early_logit__top2,base_early_logit__top2,process,0.002,4.0,-2.0,12.0,-4.0,12.0,2000
DK2,combined_early_logit__top2,base_early_logit__top2,process,0.0025,4.0,-2.0,12.0,-4.0,12.0,2000
DK2,combined_early_logit__top2,base_early_logit__top2,process,0.003,4.0,-2.0,12.0,-4.0,12.0,2000
DK2,combined_early_logit__top2,base_early_logit__top2,process,0.0035,4.0,-2.0,12.0,-4.0,12.0,2000
DK2,combined_early_logit__top2,base_early_logit__top2,process,0.004,4.0,-2.0,12.0,-4.0,12.0,2000
DK2,combined_early_logit__top2,base_early_logit__top2,process,0.0045000000000000005,4.0,-2.0,12.0,-4.0,12.0,2000
DK2,combined_early_logit__top2,base_early_logit__top2,process,0.005000000000000001,4.0,-2.0,12.0,-4.0,12.0,2000
DK2,combined_early_logit__top2,base_early_logit__top2,process,0.0055,4.0,-2.0,12.0,-4.0,12.0,2000
DK2,combined_early_logit__top2,base_early_logit__top2,process,0.006,4.0,-2.0,12.0,-4.0,12.0,2000
DK2,combined_early_logit__top2,base_early_logit__top2,process,0.006500000000000001,4.0,-2.0,12.0,-4.0,12.0,2000
DK2,combined_early_logit__top2,base_early_logit__top2,process,0.007000000000000001,4.0,-2.0,12.0,-4.0,12.0,2000
DK2,combined_early_logit__top2,base_early_logit__top2,process,0.0075,4.0,-2.0,12.0,-4.0,12.0,2000
DK2,combined_early_logit__top2,base_early_logit__top2,process,0.008,4.0,-2.0,12.0,-4.0,12.0,2000
DK2,combined_early_logit__top2,base_early_logit__top2,process,0.0085,4.0,-2.0,12.0,-4.0,12.0,2000
DK2,combined_early_logit__top2,base_early_logit__top2,process,0.009000000000000001,4.0,-2.0,12.0,-4.0,12.0,2000
DK2,combined_early_logit__top2,base_early_logit__top2,process,0.009500000000000001,4.0,-2.0,12.0,-4.0,12.0,2000
DK2,combined_early_logit__top2,base_early_logit__top2,process,0.01,4.0,-2.0,12.0,-4.0,12.0,2000
DK2,combined_early_logit__top2,base_early_logit__top2,process,0.0105,4.0,-2.0,12.0,-4.0,12.0,2000
DK2,combined_early_logit__top2,base_early_logit__top2,process,0.011000000000000001,4.0,-2.0,12.0,-4.0,12.0,2000
DK2,combined_early_logit__top2,base_early_logit__top2,process,0.0115,4.0,-2.0,12.0,-4.0,12.0,2000
DK2,combined_early_logit__top2,base_early_logit__top2,process,0.012,4.0,-2.0,12.0,-4.0,12.0,2000
DK2,combined_early_logit__top2,base_early_logit__top2,process,0.0125,4.0,-2.0,12.0,-4.0,12.0,2000
DK2,combined_early_logit__top2,base_early_logit__top2,process,0.013000000000000001,4.0,-2.0,12.0,-4.0,12.0,2000
DK2,combined_early_logit__top2,base_early_logit__top2,process,0.013500000000000002,4.0,-2.0,12.0,-4.0,12.0,2000
DK2,combined_early_logit__top2,base_early_logit__top2,process,0.014,4.0,-2.0,12.0,-4.0,12.0,2000
DK2,combined_early_logit__top2,base_early_logit__top2,process,0.0145,4.0,-2.0,12.0,-4.0,12.0,2000
DK2,combined_early_logit__top2,base_early_logit__top2,process,0.015,4.0,-2.0,12.0,-4.0,12.0,2000
DK2,combined_early_logit__top2,base_early_logit__top2,process,0.02,4.0,-2.0,12.0,-4.0,12.0,2000
DK2,combined_early_logit__top2,base_early_logit__top2,process,0.03,4.0,-2.0,12.0,-4.0,12.0,2000
DK2,combined_early_logit__top2,base_early_logit__top2,process,0.05,4.0,-2.0,12.0,-4.0,12.0,2000
DK2,combined_early_logit__top2,base_early_logit__top2,process,0.1,4.0,-2.0,12.0,-4.0,12.0,2000
DK2,combined_early_logit__top2,base_early_logit__top2,process,0.2,4.0,-2.0,12.0,-4.0,12.0,2000
DK2,combined_early_logit__top2,base_early_logit__top2,process,0.25,4.0,-2.0,12.0,-4.0,12.0,2000
DK2,combined_early_logit__top2,base_early_logit__top2,process,0.5,4.0,-2.0,12.0,-4.0,12.0,2000
DK2,combined_early_logit__top2,base_early_logit__top2,process,1.0,4.0,-2.0,12.0,-4.0,12.0,2000
DK2,combined_early_logit__top2,base_early_logit__top2,hour,0.0,26.0,9.0,51.0,4.0,48.0,2000
DK2,combined_early_logit__top2,base_early_logit__top2,hour,0.0005,26.0,9.0,51.0,4.0,48.0,2000
DK2,combined_early_logit__top2,base_early_logit__top2,hour,0.001,26.0,9.0,51.0,4.0,48.0,2000
DK2,combined_early_logit__top2,base_early_logit__top2,hour,0.0015,26.0,9.0,51.0,4.0,48.0,2000
DK2,combined_early_logit__top2,base_early_logit__top2,hour,0.002,26.0,9.0,51.0,4.0,48.0,2000
DK2,combined_early_logit__top2,base_early_logit__top2,hour,0.0025,26.0,9.0,51.0,4.0,48.0,2000
DK2,combined_early_logit__top2,base_early_logit__top2,hour,0.003,26.0,9.0,51.0,4.0,48.0,2000
DK2,combined_early_logit__top2,base_early_logit__top2,hour,0.0035,26.0,9.0,51.0,4.0,48.0,2000
DK2,combined_early_logit__top2,base_early_logit__top2,hour,0.004,26.0,9.0,51.0,4.0,48.0,2000
DK2,combined_early_logit__top2,base_early_logit__top2,hour,0.0045000000000000005,26.0,9.0,51.0,4.0,48.0,2000
DK2,combined_early_logit__top2,base_early_logit__top2,hour,0.005000000000000001,26.0,9.0,51.0,4.0,48.0,2000
DK2,combined_early_logit__top2,base_early_logit__top2,hour,0.0055,26.0,9.0,51.0,4.0,48.0,2000
DK2,combined_early_logit__top2,base_early_logit__top2,hour,0.006,26.0,9.0,51.0,4.0,48.0,2000
DK2,combined_early_logit__top2,base_early_logit__top2,hour,0.006500000000000001,26.0,9.0,51.0,4.0,48.0,2000
DK2,combined_early_logit__top2,base_early_logit__top2,hour,0.007000000000000001,26.0,9.0,51.0,4.0,48.0,2000
DK2,combined_early_logit__top2,base_early_logit__top2,hour,0.0075,26.0,9.0,51.0,4.0,48.0,2000
DK2,combined_early_logit__top2,base_early_logit__top2,hour,0.008,26.0,9.0,51.0,4.0,48.0,2000
DK2,combined_early_logit__top2,base_early_logit__top2,hour,0.0085,26.0,9.0,51.0,4.0,48.0,2000
DK2,combined_early_logit__top2,base_early_logit__top2,hour,0.009000000000000001,26.0,9.0,51.0,4.0,48.0,2000
DK2,combined_early_logit__top2,base_early_logit__top2,hour,0.009500000000000001,26.0,9.0,51.0,4.0,48.0,2000
DK2,combined_early_logit__top2,base_early_logit__top2,hour,0.01,26.0,9.0,51.0,4.0,48.0,2000
DK2,combined_early_logit__top2,base_early_logit__top2,hour,0.0105,26.0,9.0,51.0,4.0,48.0,2000
DK2,combined_early_logit__top2,base_early_logit__top2,hour,0.011000000000000001,26.0,9.0,51.0,4.0,48.0,2000
DK2,combined_early_logit__top2,base_early_logit__top2,hour,0.0115,26.0,9.0,51.0,4.0,48.0,2000
DK2,combined_early_logit__top2,base_early_logit__top2,hour,0.012,26.0,9.0,51.0,4.0,48.0,2000
DK2,combined_early_logit__top2,base_early_logit__top2,hour,0.0125,26.0,9.0,51.0,4.0,48.0,2000
DK2,combined_early_logit__top2,base_early_logit__top2,hour,0.013000000000000001,26.0,9.0,51.0,4.0,48.0,2000
DK2,combined_early_logit__top2,base_early_logit__top2,hour,0.013500000000000002,26.0,9.0,51.0,4.0,48.0,2000
DK2,combined_early_logit__top2,base_early_logit__top2,hour,0.014,26.0,9.0,51.0,4.0,48.0,2000
DK2,combined_early_logit__top2,base_early_logit__top2,hour,0.0145,26.0,9.0,51.0,4.0,48.0,2000
DK2,combined_early_logit__top2,base_early_logit__top2,hour,0.015,26.0,9.0,51.0,4.0,48.0,2000
DK2,combined_early_logit__top2,base_early_logit__top2,hour,0.02,26.0,9.0,51.0,4.0,48.0,2000
DK2,combined_early_logit__top2,base_early_logit__top2,hour,0.03,26.0,9.0,51.0,4.0,48.0,2000
DK2,combined_early_logit__top2,base_early_logit__top2,hour,0.05,26.0,9.0,51.0,4.0,48.0,2000
DK2,combined_early_logit__top2,base_early_logit__top2,hour,0.1,26.0,9.0,51.0,4.0,48.0,2000
DK2,combined_early_logit__top2,base_early_logit__top2,hour,0.2,26.0,9.0,51.0,4.0,48.0,2000
DK2,combined_early_logit__top2,base_early_logit__top2,hour,0.25,26.0,9.0,51.0,4.0,48.0,2000
DK2,combined_early_logit__top2,base_early_logit__top2,hour,0.5,26.0,9.0,51.0,4.0,48.0,2000
DK2,combined_early_logit__top2,base_early_logit__top2,hour,1.0,26.0,9.0,51.0,4.0,48.0,2000
DK2,combined_hour_logit__top2,base_hour_logit__top2,process,0.0,7.0,2.0,13.0,1.0,13.0,2000
DK2,combined_hour_logit__top2,base_hour_logit__top2,process,0.0005,7.0,2.0,13.0,1.0,13.0,2000
DK2,combined_hour_logit__top2,base_hour_logit__top2,process,0.001,7.0,2.0,13.0,1.0,13.0,2000
DK2,combined_hour_logit__top2,base_hour_logit__top2,process,0.0015,7.0,2.0,13.0,1.0,13.0,2000
DK2,combined_hour_logit__top2,base_hour_logit__top2,process,0.002,7.0,2.0,13.0,1.0,13.0,2000
DK2,combined_hour_logit__top2,base_hour_logit__top2,process,0.0025,7.0,2.0,13.0,1.0,13.0,2000
DK2,combined_hour_logit__top2,base_hour_logit__top2,process,0.003,7.0,2.0,13.0,1.0,13.0,2000
DK2,combined_hour_logit__top2,base_hour_logit__top2,process,0.0035,7.0,2.0,13.0,1.0,13.0,2000
DK2,combined_hour_logit__top2,base_hour_logit__top2,process,0.004,7.0,2.0,13.0,1.0,13.0,2000
DK2,combined_hour_logit__top2,base_hour_logit__top2,process,0.0045000000000000005,7.0,2.0,13.0,1.0,13.0,2000
DK2,combined_hour_logit__top2,base_hour_logit__top2,process,0.005000000000000001,7.0,2.0,13.0,1.0,13.0,2000
DK2,combined_hour_logit__top2,base_hour_logit__top2,process,0.0055,7.0,2.0,13.0,1.0,13.0,2000
DK2,combined_hour_logit__top2,base_hour_logit__top2,process,0.006,7.0,2.0,13.0,1.0,13.0,2000
DK2,combined_hour_logit__top2,base_hour_logit__top2,process,0.006500000000000001,7.0,2.0,13.0,1.0,13.0,2000
DK2,combined_hour_logit__top2,base_hour_logit__top2,process,0.007000000000000001,7.0,2.0,13.0,1.0,13.0,2000
DK2,combined_hour_logit__top2,base_hour_logit__top2,process,0.0075,7.0,2.0,13.0,1.0,13.0,2000
DK2,combined_hour_logit__top2,base_hour_logit__top2,process,0.008,7.0,2.0,13.0,1.0,13.0,2000
DK2,combined_hour_logit__top2,base_hour_logit__top2,process,0.0085,7.0,2.0,13.0,1.0,13.0,2000
DK2,combined_hour_logit__top2,base_hour_logit__top2,process,0.009000000000000001,7.0,2.0,13.0,1.0,13.0,2000
DK2,combined_hour_logit__top2,base_hour_logit__top2,process,0.009500000000000001,7.0,2.0,13.0,1.0,13.0,2000
DK2,combined_hour_logit__top2,base_hour_logit__top2,process,0.01,7.0,2.0,13.0,1.0,13.0,2000
DK2,combined_hour_logit__top2,base_hour_logit__top2,process,0.0105,7.0,2.0,13.0,1.0,13.0,2000
DK2,combined_hour_logit__top2,base_hour_logit__top2,process,0.011000000000000001,7.0,2.0,13.0,1.0,13.0,2000
DK2,combined_hour_logit__top2,base_hour_logit__top2,process,0.0115,7.0,2.0,13.0,1.0,13.0,2000
DK2,combined_hour_logit__top2,base_hour_logit__top2,process,0.012,7.0,2.0,13.0,1.0,13.0,2000
DK2,combined_hour_logit__top2,base_hour_logit__top2,process,0.0125,7.0,2.0,13.0,1.0,13.0,2000
DK2,combined_hour_logit__top2,base_hour_logit__top2,process,0.013000000000000001,7.0,2.0,13.0,1.0,13.0,2000
DK2,combined_hour_logit__top2,base_hour_logit__top2,process,0.013500000000000002,7.0,2.0,13.0,1.0,13.0,2000
DK2,combined_hour_logit__top2,base_hour_logit__top2,process,0.014,7.0,2.0,13.0,1.0,13.0,2000
DK2,combined_hour_logit__top2,base_hour_logit__top2,process,0.0145,7.0,2.0,13.0,1.0,13.0,2000
DK2,combined_hour_logit__top2,base_hour_logit__top2,process,0.015,7.0,2.0,13.0,1.0,13.0,2000
DK2,combined_hour_logit__top2,base_hour_logit__top2,process,0.02,7.0,2.0,13.0,1.0,13.0,2000
DK2,combined_hour_logit__top2,base_hour_logit__top2,process,0.03,7.0,2.0,13.0,1.0,13.0,2000
DK2,combined_hour_logit__top2,base_hour_logit__top2,process,0.05,7.0,2.0,13.0,1.0,13.0,2000
DK2,combined_hour_logit__top2,base_hour_logit__top2,process,0.1,7.0,2.0,13.0,1.0,13.0,2000
DK2,combined_hour_logit__top2,base_hour_logit__top2,process,0.2,7.0,2.0,13.0,1.0,13.0,2000
DK2,combined_hour_logit__top2,base_hour_logit__top2,process,0.25,7.0,2.0,13.0,1.0,13.0,2000
DK2,combined_hour_logit__top2,base_hour_logit__top2,process,0.5,7.0,2.0,13.0,1.0,13.0,2000
DK2,combined_hour_logit__top2,base_hour_logit__top2,process,1.0,7.0,2.0,13.0,1.0,13.0,2000
DK2,combined_hour_logit__top2,base_hour_logit__top2,hour,0.0,20.0,9.0,32.0,8.0,32.0,2000
DK2,combined_hour_logit__top2,base_hour_logit__top2,hour,0.0005,20.0,9.0,32.0,8.0,32.0,2000
DK2,combined_hour_logit__top2,base_hour_logit__top2,hour,0.001,20.0,9.0,32.0,8.0,32.0,2000
DK2,combined_hour_logit__top2,base_hour_logit__top2,hour,0.0015,20.0,9.0,32.0,8.0,32.0,2000
DK2,combined_hour_logit__top2,base_hour_logit__top2,hour,0.002,20.0,9.0,32.0,8.0,32.0,2000
DK2,combined_hour_logit__top2,base_hour_logit__top2,hour,0.0025,20.0,9.0,32.0,8.0,32.0,2000
DK2,combined_hour_logit__top2,base_hour_logit__top2,hour,0.003,20.0,9.0,32.0,8.0,32.0,2000
DK2,combined_hour_logit__top2,base_hour_logit__top2,hour,0.0035,20.0,9.0,32.0,8.0,32.0,2000
DK2,combined_hour_logit__top2,base_hour_logit__top2,hour,0.004,20.0,9.0,32.0,8.0,32.0,2000
DK2,combined_hour_logit__top2,base_hour_logit__top2,hour,0.0045000000000000005,20.0,9.0,32.0,8.0,32.0,2000
DK2,combined_hour_logit__top2,base_hour_logit__top2,hour,0.005000000000000001,20.0,9.0,32.0,8.0,32.0,2000
DK2,combined_hour_logit__top2,base_hour_logit__top2,hour,0.0055,20.0,9.0,32.0,8.0,32.0,2000
DK2,combined_hour_logit__top2,base_hour_logit__top2,hour,0.006,20.0,9.0,32.0,8.0,32.0,2000
DK2,combined_hour_logit__top2,base_hour_logit__top2,hour,0.006500000000000001,20.0,9.0,32.0,8.0,32.0,2000
DK2,combined_hour_logit__top2,base_hour_logit__top2,hour,0.007000000000000001,20.0,9.0,32.0,8.0,32.0,2000
DK2,combined_hour_logit__top2,base_hour_logit__top2,hour,0.0075,20.0,9.0,32.0,8.0,32.0,2000
DK2,combined_hour_logit__top2,base_hour_logit__top2,hour,0.008,20.0,9.0,32.0,8.0,32.0,2000
DK2,combined_hour_logit__top2,base_hour_logit__top2,hour,0.0085,20.0,9.0,32.0,8.0,32.0,2000
DK2,combined_hour_logit__top2,base_hour_logit__top2,hour,0.009000000000000001,20.0,9.0,32.0,8.0,32.0,2000
DK2,combined_hour_logit__top2,base_hour_logit__top2,hour,0.009500000000000001,20.0,9.0,32.0,8.0,32.0,2000
DK2,combined_hour_logit__top2,base_hour_logit__top2,hour,0.01,20.0,9.0,32.0,8.0,32.0,2000
DK2,combined_hour_logit__top2,base_hour_logit__top2,hour,0.0105,20.0,9.0,32.0,8.0,32.0,2000
DK2,combined_hour_logit__top2,base_hour_logit__top2,hour,0.011000000000000001,20.0,9.0,32.0,8.0,32.0,2000
DK2,combined_hour_logit__top2,base_hour_logit__top2,hour,0.0115,20.0,9.0,32.0,8.0,32.0,2000
DK2,combined_hour_logit__top2,base_hour_logit__top2,hour,0.012,20.0,9.0,32.0,8.0,32.0,2000
DK2,combined_hour_logit__top2,base_hour_logit__top2,hour,0.0125,20.0,9.0,32.0,8.0,32.0,2000
DK2,combined_hour_logit__top2,base_hour_logit__top2,hour,0.013000000000000001,20.0,9.0,32.0,8.0,32.0,2000
DK2,combined_hour_logit__top2,base_hour_logit__top2,hour,0.013500000000000002,20.0,9.0,32.0,8.0,32.0,2000
DK2,combined_hour_logit__top2,base_hour_logit__top2,hour,0.014,20.0,9.0,32.0,8.0,32.0,2000
DK2,combined_hour_logit__top2,base_hour_logit__top2,hour,0.0145,20.0,9.0,32.0,8.0,32.0,2000
DK2,combined_hour_logit__top2,base_hour_logit__top2,hour,0.015,20.0,9.0,32.0,8.0,32.0,2000
DK2,combined_hour_logit__top2,base_hour_logit__top2,hour,0.02,20.0,9.0,32.0,8.0,32.0,2000
DK2,combined_hour_logit__top2,base_hour_logit__top2,hour,0.03,20.0,9.0,32.0,8.0,32.0,2000
DK2,combined_hour_logit__top2,base_hour_logit__top2,hour,0.05,20.0,9.0,32.0,8.0,32.0,2000
DK2,combined_hour_logit__top2,base_hour_logit__top2,hour,0.1,20.0,9.0,32.0,8.0,32.0,2000
DK2,combined_hour_logit__top2,base_hour_logit__top2,hour,0.2,20.0,9.0,32.0,8.0,32.0,2000
DK2,combined_hour_logit__top2,base_hour_logit__top2,hour,0.25,20.0,9.0,32.0,8.0,32.0,2000
DK2,combined_hour_logit__top2,base_hour_logit__top2,hour,0.5,20.0,9.0,32.0,8.0,32.0,2000
DK2,combined_hour_logit__top2,base_hour_logit__top2,hour,1.0,20.0,9.0,32.0,8.0,32.0,2000
DK2,combined_early_logit__count2022_target05,base_early_logit__count2022_target05,process,0.0,5.0,-1.0249999999999986,12.0,-17.0,27.0,2000
DK2,combined_early_logit__count2022_target05,base_early_logit__count2022_target05,process,0.0005,4.974,-1.0555624999999986,11.9835125,-17.026,26.974,2000
DK2,combined_early_logit__count2022_target05,base_early_logit__count2022_target05,process,0.001,4.948,-1.0861249999999987,11.967025,-17.052,26.948,2000
DK2,combined_early_logit__count2022_target05,base_early_logit__count2022_target05,process,0.0015,4.922,-1.1166874999999987,11.9505375,-17.078,26.922,2000
DK2,combined_early_logit__count2022_target05,base_early_logit__count2022_target05,process,0.002,4.896,-1.1472499999999988,11.93405,-17.104,26.896,2000
DK2,combined_early_logit__count2022_target05,base_early_logit__count2022_target05,process,0.0025,4.87,-1.1778124999999988,11.9175625,-17.13,26.87,2000
DK2,combined_early_logit__count2022_target05,base_early_logit__count2022_target05,process,0.003,4.844,-1.2083749999999986,11.901074999999999,-17.156,26.844,2000
DK2,combined_early_logit__count2022_target05,base_early_logit__count2022_target05,process,0.0035,4.818,-1.238937499999999,11.884587499999999,-17.182000000000002,26.817999999999998,2000
DK2,combined_early_logit__count2022_target05,base_early_logit__count2022_target05,process,0.004,4.792,-1.2694999999999987,11.8681,-17.208,26.792,2000
DK2,combined_early_logit__count2022_target05,base_early_logit__count2022_target05,process,0.0045000000000000005,4.766,-1.3000624999999988,11.8516125,-17.234,26.766,2000
DK2,combined_early_logit__count2022_target05,base_early_logit__count2022_target05,process,0.005000000000000001,4.74,-1.3306249999999988,11.835125,-17.259999999999998,26.740000000000002,2000
DK2,combined_early_logit__count2022_target05,base_early_logit__count2022_target05,process,0.0055,4.714,-1.3611874999999989,11.8186375,-17.286,26.714,2000
DK2,combined_early_logit__count2022_target05,base_early_logit__count2022_target05,process,0.006,4.688,-1.3917499999999987,11.80215,-17.312,26.688,2000
DK2,combined_early_logit__count2022_target05,base_early_logit__count2022_target05,process,0.006500000000000001,4.662,-1.422312499999999,11.785662499999999,-17.338,26.662,2000
DK2,combined_early_logit__count2022_target05,base_early_logit__count2022_target05,process,0.007000000000000001,4.636,-1.452874999999999,11.769174999999999,-17.364,26.636,2000
DK2,combined_early_logit__count2022_target05,base_early_logit__count2022_target05,process,0.0075,4.61,-1.4834374999999989,11.752687499999999,-17.39,26.61,2000
DK2,combined_early_logit__count2022_target05,base_early_logit__count2022_target05,process,0.008,4.584,-1.513999999999999,11.7362,-17.416,26.584,2000
DK2,combined_early_logit__count2022_target05,base_early_logit__count2022_target05,process,0.0085,4.558,-1.5445624999999992,11.719712499999998,-17.442,26.558,2000
DK2,combined_early_logit__count2022_target05,base_early_logit__count2022_target05,process,0.009000000000000001,4.532,-1.575124999999999,11.703224999999998,-17.468,26.532,2000
DK2,combined_early_logit__count2022_target05,base_early_logit__count2022_target05,process,0.009500000000000001,4.506,-1.605687499999999,11.6867375,-17.494,26.506,2000
DK2,combined_early_logit__count2022_target05,base_early_logit__count2022_target05,process,0.01,4.48,-1.636249999999999,11.67025,-17.52,26.48,2000
DK2,combined_early_logit__count2022_target05,base_early_logit__count2022_target05,process,0.0105,4.454,-1.6668124999999991,11.653762499999997,-17.546,26.454,2000
DK2,combined_early_logit__count2022_target05,base_early_logit__count2022_target05,process,0.011000000000000001,4.428,-1.697374999999999,11.637274999999999,-17.572,26.428,2000
DK2,combined_early_logit__count2022_target05,base_early_logit__count2022_target05,process,0.0115,4.402,-1.7279374999999992,11.620787499999999,-17.598,26.402,2000
DK2,combined_early_logit__count2022_target05,base_early_logit__count2022_target05,process,0.012,4.376,-1.758499999999999,11.604299999999997,-17.624,26.376,2000
DK2,combined_early_logit__count2022_target05,base_early_logit__count2022_target05,process,0.0125,4.35,-1.7890624999999991,11.587812499999998,-17.65,26.35,2000
DK2,combined_early_logit__count2022_target05,base_early_logit__count2022_target05,process,0.013000000000000001,4.324,-1.8196249999999994,11.571324999999998,-17.676000000000002,26.323999999999998,2000
DK2,combined_early_logit__count2022_target05,base_early_logit__count2022_target05,process,0.013500000000000002,4.298,-1.8501874999999994,11.554837499999998,-17.701999999999998,26.298000000000002,2000
DK2,combined_early_logit__count2022_target05,base_early_logit__count2022_target05,process,0.014,4.272,-1.8807499999999993,11.538349999999998,-17.728,26.272,2000
DK2,combined_early_logit__count2022_target05,base_early_logit__count2022_target05,process,0.0145,4.246,-1.9113124999999993,11.521862499999997,-17.753999999999998,26.246000000000002,2000
DK2,combined_early_logit__count2022_target05,base_early_logit__count2022_target05,process,0.015,4.22,-1.9418749999999994,11.505374999999999,-17.78,26.22,2000
DK2,combined_early_logit__count2022_target05,base_early_logit__count2022_target05,process,0.02,3.96,-2.2474999999999996,11.340499999999997,-18.04,25.96,2000
DK2,combined_early_logit__count2022_target05,base_early_logit__count2022_target05,process,0.03,3.44,-2.8405,11.010749999999996,-18.56,25.44,2000
DK2,combined_early_logit__count2022_target05,base_early_logit__count2022_target05,process,0.05,2.4,-3.85,10.301249999999994,-19.6,24.4,2000
DK2,combined_early_logit__count2022_target05,base_early_logit__count2022_target05,process,0.1,-0.20000000000000018,-6.4025,8.0,-22.2,21.8,2000
DK2,combined_early_logit__count2022_target05,base_early_logit__count2022_target05,process,0.2,-5.4,-11.600000000000001,3.6049999999999724,-27.4,16.6,2000
DK2,combined_early_logit__count2022_target05,base_early_logit__count2022_target05,process,0.25,-8.0,-14.25625,1.756249999999966,-30.0,14.0,2000
DK2,combined_early_logit__count2022_target05,base_early_logit__count2022_target05,process,0.5,-21.0,-29.5,-7.0,-43.0,1.0,2000
DK2,combined_early_logit__count2022_target05,base_early_logit__count2022_target05,process,1.0,-47.0,-61.0,-23.0,-69.0,-25.0,2000
DK2,combined_early_logit__count2022_target05,base_early_logit__count2022_target05,hour,0.0,39.0,22.0,61.0,11.0,67.0,2000
DK2,combined_early_logit__count2022_target05,base_early_logit__count2022_target05,hour,0.0005,38.974,21.979,60.9775375,10.973999999999997,66.97399999999999,2000
DK2,combined_early_logit__count2022_target05,base_early_logit__count2022_target05,hour,0.001,38.948,21.958,60.955075,10.948,66.94800000000001,2000
DK2,combined_early_logit__count2022_target05,base_early_logit__count2022_target05,hour,0.0015,38.922,21.937,60.9326125,10.921999999999997,66.922,2000
DK2,combined_early_logit__count2022_target05,base_early_logit__count2022_target05,hour,0.002,38.896,21.916,60.910149999999994,10.896,66.896,2000
DK2,combined_early_logit__count2022_target05,base_early_logit__count2022_target05,hour,0.0025,38.87,21.895,60.8876875,10.869999999999997,66.87,2000
DK2,combined_early_logit__count2022_target05,base_early_logit__count2022_target05,hour,0.003,38.844,21.874,60.865225,10.844000000000001,66.844,2000
DK2,combined_early_logit__count2022_target05,base_early_logit__count2022_target05,hour,0.0035,38.818,21.853,60.8427625,10.817999999999998,66.818,2000
DK2,combined_early_logit__count2022_target05,base_early_logit__count2022_target05,hour,0.004,38.792,21.832,60.820299999999996,10.792000000000002,66.792,2000
DK2,combined_early_logit__count2022_target05,base_early_logit__count2022_target05,hour,0.0045000000000000005,38.766,21.811,60.7978375,10.765999999999998,66.76599999999999,2000
DK2,combined_early_logit__count2022_target05,base_early_logit__count2022_target05,hour,0.005000000000000001,38.74,21.79,60.775375,10.740000000000002,66.74000000000001,2000
DK2,combined_early_logit__count2022_target05,base_early_logit__count2022_target05,hour,0.0055,38.714,21.769,60.752912499999994,10.713999999999999,66.714,2000
DK2,combined_early_logit__count2022_target05,base_early_logit__count2022_target05,hour,0.006,38.688,21.748,60.73045,10.688000000000002,66.688,2000
DK2,combined_early_logit__count2022_target05,base_early_logit__count2022_target05,hour,0.006500000000000001,38.662,21.727,60.7079875,10.661999999999999,66.662,2000
DK2,combined_early_logit__count2022_target05,base_early_logit__count2022_target05,hour,0.007000000000000001,38.636,21.706,60.685525,10.636000000000003,66.636,2000
DK2,combined_early_logit__count2022_target05,base_early_logit__count2022_target05,hour,0.0075,38.61,21.685,60.663062499999995,10.61,66.61,2000
DK2,combined_early_logit__count2022_target05,base_early_logit__count2022_target05,hour,0.008,38.584,21.664,60.6406,10.584000000000003,66.584,2000
DK2,combined_early_logit__count2022_target05,base_early_logit__count2022_target05,hour,0.0085,38.558,21.643,60.618137499999996,10.558,66.55799999999999,2000
DK2,combined_early_logit__count2022_target05,base_early_logit__count2022_target05,hour,0.009000000000000001,38.532,21.622,60.59567499999999,10.531999999999996,66.532,2000
DK2,combined_early_logit__count2022_target05,base_early_logit__count2022_target05,hour,0.009500000000000001,38.506,21.601,60.5732125,10.506,66.506,2000
DK2,combined_early_logit__count2022_target05,base_early_logit__count2022_target05,hour,0.01,38.48,21.58,60.550749999999994,10.479999999999997,66.47999999999999,2000
DK2,combined_early_logit__count2022_target05,base_early_logit__count2022_target05,hour,0.0105,38.454,21.559,60.5282875,10.454,66.45400000000001,2000
DK2,combined_early_logit__count2022_target05,base_early_logit__count2022_target05,hour,0.011000000000000001,38.428,21.538,60.505824999999994,10.427999999999997,66.428,2000
DK2,combined_early_logit__count2022_target05,base_early_logit__count2022_target05,hour,0.0115,38.402,21.517,60.4833625,10.402000000000001,66.402,2000
DK2,combined_early_logit__count2022_target05,base_early_logit__count2022_target05,hour,0.012,38.376,21.496,60.460899999999995,10.375999999999998,66.376,2000
DK2,combined_early_logit__count2022_target05,base_early_logit__count2022_target05,hour,0.0125,38.35,21.475,60.43843749999999,10.350000000000001,66.35,2000
DK2,combined_early_logit__count2022_target05,base_early_logit__count2022_target05,hour,0.013000000000000001,38.324,21.454,60.415974999999996,10.323999999999998,66.324,2000
DK2,combined_early_logit__count2022_target05,base_early_logit__count2022_target05,hour,0.013500000000000002,38.298,21.433,60.39351249999999,10.298000000000002,66.298,2000
DK2,combined_early_logit__count2022_target05,base_early_logit__count2022_target05,hour,0.014,38.272,21.412,60.37104999999999,10.271999999999998,66.27199999999999,2000
DK2,combined_early_logit__count2022_target05,base_early_logit__count2022_target05,hour,0.0145,38.246,21.391,60.348587499999994,10.246000000000002,66.24600000000001,2000
DK2,combined_early_logit__count2022_target05,base_early_logit__count2022_target05,hour,0.015,38.22,21.37,60.326125,10.219999999999999,66.22,2000
DK2,combined_early_logit__count2022_target05,base_early_logit__count2022_target05,hour,0.02,37.96,21.16,60.101499999999994,9.96,65.96000000000001,2000
DK2,combined_early_logit__count2022_target05,base_early_logit__count2022_target05,hour,0.03,37.44,20.74,59.65224999999999,9.439999999999998,65.44,2000
DK2,combined_early_logit__count2022_target05,base_early_logit__count2022_target05,hour,0.05,36.4,19.9,58.75,8.399999999999999,64.4,2000
DK2,combined_early_logit__count2022_target05,base_early_logit__count2022_target05,hour,0.1,33.8,17.4975,56.604999999999976,5.799999999999997,61.8,2000
DK2,combined_early_logit__count2022_target05,base_early_logit__count2022_target05,hour,0.2,28.6,12.799999999999999,52.0,0.6000000000000014,56.6,2000
DK2,combined_early_logit__count2022_target05,base_early_logit__count2022_target05,hour,0.25,26.0,10.25,49.5,-2.0,54.0,2000
DK2,combined_early_logit__count2022_target05,base_early_logit__count2022_target05,hour,0.5,13.0,-2.5,39.0,-15.0,41.0,2000
DK2,combined_early_logit__count2022_target05,base_early_logit__count2022_target05,hour,1.0,-13.0,-31.0,20.0,-41.0,15.0,2000
DK2,combined_hour_logit__count2022_target05,base_hour_logit__count2022_target05,process,0.0,6.0,1.0,11.0,-13.0,25.0,2000
DK2,combined_hour_logit__count2022_target05,base_hour_logit__count2022_target05,process,0.0005,5.982,0.9849875,10.989,-13.018,24.982,2000
DK2,combined_hour_logit__count2022_target05,base_hour_logit__count2022_target05,process,0.001,5.964,0.9699749999999999,10.978,-13.036,24.964,2000
DK2,combined_hour_logit__count2022_target05,base_hour_logit__count2022_target05,process,0.0015,5.946,0.9549624999999999,10.967,-13.054,24.945999999999998,2000
DK2,combined_hour_logit__count2022_target05,base_hour_logit__count2022_target05,process,0.002,5.928,0.93995,10.956,-13.072,24.928,2000
DK2,combined_hour_logit__count2022_target05,base_hour_logit__count2022_target05,process,0.0025,5.91,0.9249375000000001,10.945,-13.09,24.91,2000
DK2,combined_hour_logit__count2022_target05,base_hour_logit__count2022_target05,process,0.003,5.892,0.909925,10.934,-13.108,24.892,2000
DK2,combined_hour_logit__count2022_target05,base_hour_logit__count2022_target05,process,0.0035,5.874,0.8949125,10.923,-13.126000000000001,24.874,2000
DK2,combined_hour_logit__count2022_target05,base_hour_logit__count2022_target05,process,0.004,5.856,0.8799,10.912,-13.144,24.856,2000
DK2,combined_hour_logit__count2022_target05,base_hour_logit__count2022_target05,process,0.0045000000000000005,5.838,0.8648875,10.901,-13.161999999999999,24.838,2000
DK2,combined_hour_logit__count2022_target05,base_hour_logit__count2022_target05,process,0.005000000000000001,5.82,0.8498749999999999,10.89,-13.18,24.82,2000
DK2,combined_hour_logit__count2022_target05,base_hour_logit__count2022_target05,process,0.0055,5.802,0.8348625,10.879,-13.198,24.802,2000
DK2,combined_hour_logit__count2022_target05,base_hour_logit__count2022_target05,process,0.006,5.784,0.8198500000000001,10.868,-13.216000000000001,24.784,2000
DK2,combined_hour_logit__count2022_target05,base_hour_logit__count2022_target05,process,0.006500000000000001,5.766,0.8048375,10.857,-13.234,24.766,2000
DK2,combined_hour_logit__count2022_target05,base_hour_logit__count2022_target05,process,0.007000000000000001,5.748,0.789825,10.846,-13.251999999999999,24.748,2000
DK2,combined_hour_logit__count2022_target05,base_hour_logit__count2022_target05,process,0.0075,5.73,0.7748125,10.835,-13.27,24.73,2000
DK2,combined_hour_logit__count2022_target05,base_hour_logit__count2022_target05,process,0.008,5.712,0.7598,10.824,-13.288,24.712,2000
DK2,combined_hour_logit__count2022_target05,base_hour_logit__count2022_target05,process,0.0085,5.694,0.7447875,10.813,-13.306000000000001,24.694,2000
DK2,combined_hour_logit__count2022_target05,base_hour_logit__count2022_target05,process,0.009000000000000001,5.676,0.729775,10.802,-13.324,24.676000000000002,2000
DK2,combined_hour_logit__count2022_target05,base_hour_logit__count2022_target05,process,0.009500000000000001,5.6579999999999995,0.7147625,10.791,-13.342,24.658,2000
DK2,combined_hour_logit__count2022_target05,base_hour_logit__count2022_target05,process,0.01,5.64,0.69975,10.78,-13.36,24.64,2000
DK2,combined_hour_logit__count2022_target05,base_hour_logit__count2022_target05,process,0.0105,5.622,0.6847375000000001,10.769,-13.378,24.622,2000
DK2,combined_hour_logit__count2022_target05,base_hour_logit__count2022_target05,process,0.011000000000000001,5.604,0.6697249999999999,10.758,-13.396,24.604,2000
DK2,combined_hour_logit__count2022_target05,base_hour_logit__count2022_target05,process,0.0115,5.586,0.6547125,10.747,-13.414,24.586,2000
DK2,combined_hour_logit__count2022_target05,base_hour_logit__count2022_target05,process,0.012,5.568,0.6397,10.736,-13.432,24.567999999999998,2000
DK2,combined_hour_logit__count2022_target05,base_hour_logit__count2022_target05,process,0.0125,5.55,0.6246875000000001,10.725,-13.45,24.55,2000
DK2,combined_hour_logit__count2022_target05,base_hour_logit__count2022_target05,process,0.013000000000000001,5.532,0.609675,10.714,-13.468,24.532,2000
DK2,combined_hour_logit__count2022_target05,base_hour_logit__count2022_target05,process,0.013500000000000002,5.514,0.5946625,10.703,-13.486,24.514,2000
DK2,combined_hour_logit__count2022_target05,base_hour_logit__count2022_target05,process,0.014,5.496,0.5796500000000001,10.692,-13.504,24.496000000000002,2000
DK2,combined_hour_logit__count2022_target05,base_hour_logit__count2022_target05,process,0.0145,5.478,0.5646375,10.681,-13.522,24.478,2000
DK2,combined_hour_logit__count2022_target05,base_hour_logit__count2022_target05,process,0.015,5.46,0.549625,10.67,-13.54,24.46,2000
DK2,combined_hour_logit__count2022_target05,base_hour_logit__count2022_target05,process,0.02,5.28,0.3995000000000001,10.56,-13.719999999999999,24.28,2000
DK2,combined_hour_logit__count2022_target05,base_hour_logit__count2022_target05,process,0.03,4.92,0.09925000000000013,10.34,-14.08,23.92,2000
DK2,combined_hour_logit__count2022_target05,base_hour_logit__count2022_target05,process,0.05,4.2,-0.50125,9.85,-14.8,23.2,2000
DK2,combined_hour_logit__count2022_target05,base_hour_logit__count2022_target05,process,0.1,2.4,-2.2,8.4,-16.6,21.4,2000
DK2,combined_hour_logit__count2022_target05,base_hour_logit__count2022_target05,process,0.2,-1.2000000000000002,-5.6000000000000005,6.0,-20.2,17.8,2000
DK2,combined_hour_logit__count2022_target05,base_hour_logit__count2022_target05,process,0.25,-3.0,-7.75,4.75,-22.0,16.0,2000
DK2,combined_hour_logit__count2022_target05,base_hour_logit__count2022_target05,process,0.5,-12.0,-18.0,0.0,-31.0,7.0,2000
DK2,combined_hour_logit__count2022_target05,base_hour_logit__count2022_target05,process,1.0,-30.0,-40.0,-9.0,-49.0,-11.0,2000
DK2,combined_hour_logit__count2022_target05,base_hour_logit__count2022_target05,hour,0.0,21.0,9.0,32.0,3.0,39.0,2000
DK2,combined_hour_logit__count2022_target05,base_hour_logit__count2022_target05,hour,0.0005,20.982,8.9845,31.981012500000002,2.9819999999999993,38.982,2000
DK2,combined_hour_logit__count2022_target05,base_hour_logit__count2022_target05,hour,0.001,20.964,8.969,31.962025,2.9639999999999986,38.964,2000
DK2,combined_hour_logit__count2022_target05,base_hour_logit__count2022_target05,hour,0.0015,20.946,8.9535,31.943037500000003,2.9460000000000015,38.946,2000
DK2,combined_hour_logit__count2022_target05,base_hour_logit__count2022_target05,hour,0.002,20.928,8.938,31.924049999999998,2.928000000000001,38.928,2000
DK2,combined_hour_logit__count2022_target05,base_hour_logit__count2022_target05,hour,0.0025,20.91,8.9225,31.9050625,2.91,38.91,2000
DK2,combined_hour_logit__count2022_target05,base_hour_logit__count2022_target05,hour,0.003,20.892,8.907,31.886074999999998,2.8919999999999995,38.891999999999996,2000
DK2,combined_hour_logit__count2022_target05,base_hour_logit__count2022_target05,hour,0.0035,20.874,8.8915,31.8670875,2.8739999999999988,38.873999999999995,2000
DK2,combined_hour_logit__count2022_target05,base_hour_logit__count2022_target05,hour,0.004,20.856,8.876,31.8481,2.8560000000000016,38.856,2000
DK2,combined_hour_logit__count2022_target05,base_hour_logit__count2022_target05,hour,0.0045000000000000005,20.838,8.8605,31.8291125,2.838000000000001,38.838,2000
DK2,combined_hour_logit__count2022_target05,base_hour_logit__count2022_target05,hour,0.005000000000000001,20.82,8.845,31.810125,2.8200000000000003,38.82,2000
DK2,combined_hour_logit__count2022_target05,base_hour_logit__count2022_target05,hour,0.0055,20.802,8.8295,31.7911375,2.8019999999999996,38.802,2000
DK2,combined_hour_logit__count2022_target05,base_hour_logit__count2022_target05,hour,0.006,20.784,8.814,31.772149999999996,2.783999999999999,38.784,2000
DK2,combined_hour_logit__count2022_target05,base_hour_logit__count2022_target05,hour,0.006500000000000001,20.766,8.7985,31.7531625,2.7659999999999982,38.766,2000
DK2,combined_hour_logit__count2022_target05,base_hour_logit__count2022_target05,hour,0.007000000000000001,20.748,8.783,31.734175,2.748000000000001,38.748000000000005,2000
DK2,combined_hour_logit__count2022_target05,base_hour_logit__count2022_target05,hour,0.0075,20.73,8.7675,31.7151875,2.7300000000000004,38.730000000000004,2000
DK2,combined_hour_logit__count2022_target05,base_hour_logit__count2022_target05,hour,0.008,20.712,8.752,31.6962,2.7119999999999997,38.712,2000
DK2,combined_hour_logit__count2022_target05,base_hour_logit__count2022_target05,hour,0.0085,20.694,8.7365,31.6772125,2.693999999999999,38.694,2000
DK2,combined_hour_logit__count2022_target05,base_hour_logit__count2022_target05,hour,0.009000000000000001,20.676,8.721,31.658225,2.6759999999999984,38.676,2000
DK2,combined_hour_logit__count2022_target05,base_hour_logit__count2022_target05,hour,0.009500000000000001,20.658,8.7055,31.639237499999997,2.6580000000000013,38.658,2000
DK2,combined_hour_logit__count2022_target05,base_hour_logit__count2022_target05,hour,0.01,20.64,8.69,31.62025,2.6400000000000006,38.64,2000
DK2,combined_hour_logit__count2022_target05,base_hour_logit__count2022_target05,hour,0.0105,20.622,8.6745,31.601262499999997,2.622,38.622,2000
DK2,combined_hour_logit__count2022_target05,base_hour_logit__count2022_target05,hour,0.011000000000000001,20.604,8.659,31.582275,2.603999999999999,38.604,2000
DK2,combined_hour_logit__count2022_target05,base_hour_logit__count2022_target05,hour,0.0115,20.586,8.6435,31.563287499999998,2.5859999999999985,38.586,2000
DK2,combined_hour_logit__count2022_target05,base_hour_logit__count2022_target05,hour,0.012,20.568,8.628,31.5443,2.5680000000000014,38.568,2000
DK2,combined_hour_logit__count2022_target05,base_hour_logit__count2022_target05,hour,0.0125,20.55,8.6125,31.5253125,2.5500000000000007,38.55,2000
DK2,combined_hour_logit__count2022_target05,base_hour_logit__count2022_target05,hour,0.013000000000000001,20.532,8.597,31.506324999999997,2.532,38.532,2000
DK2,combined_hour_logit__count2022_target05,base_hour_logit__count2022_target05,hour,0.013500000000000002,20.514,8.5815,31.487337499999995,2.5139999999999993,38.513999999999996,2000
DK2,combined_hour_logit__count2022_target05,base_hour_logit__count2022_target05,hour,0.014,20.496,8.566,31.468349999999997,2.4959999999999987,38.495999999999995,2000
DK2,combined_hour_logit__count2022_target05,base_hour_logit__count2022_target05,hour,0.0145,20.478,8.5505,31.4493625,2.4780000000000015,38.478,2000
DK2,combined_hour_logit__count2022_target05,base_hour_logit__count2022_target05,hour,0.015,20.46,8.535,31.430374999999998,2.460000000000001,38.46,2000
DK2,combined_hour_logit__count2022_target05,base_hour_logit__count2022_target05,hour,0.02,20.28,8.38,31.240499999999997,2.280000000000001,38.28,2000
DK2,combined_hour_logit__count2022_target05,base_hour_logit__count2022_target05,hour,0.03,19.92,8.07,30.860749999999996,1.9200000000000017,37.92,2000
DK2,combined_hour_logit__count2022_target05,base_hour_logit__count2022_target05,hour,0.05,19.2,7.45,30.101249999999993,1.1999999999999993,37.2,2000
DK2,combined_hour_logit__count2022_target05,base_hour_logit__count2022_target05,hour,0.1,17.4,5.9,28.3,-0.6000000000000014,35.4,2000
DK2,combined_hour_logit__count2022_target05,base_hour_logit__count2022_target05,hour,0.2,13.8,3.1999999999999993,24.799999999999997,-4.199999999999999,31.8,2000
DK2,combined_hour_logit__count2022_target05,base_hour_logit__count2022_target05,hour,0.25,12.0,1.5,23.25,-6.0,30.0,2000
DK2,combined_hour_logit__count2022_target05,base_hour_logit__count2022_target05,hour,0.5,3.0,-7.0,16.5,-15.0,21.0,2000
DK2,combined_hour_logit__count2022_target05,base_hour_logit__count2022_target05,hour,1.0,-15.0,-26.0,6.0,-33.0,3.0,2000
DK2,combined_early_logit__count2023_target05,base_early_logit__count2023_target05,process,0.0,5.0,-1.0249999999999986,12.0,-17.0,27.0,2000
DK2,combined_early_logit__count2023_target05,base_early_logit__count2023_target05,process,0.0005,4.974,-1.0555624999999986,11.9835125,-17.026,26.974,2000
DK2,combined_early_logit__count2023_target05,base_early_logit__count2023_target05,process,0.001,4.948,-1.0861249999999987,11.967025,-17.052,26.948,2000
DK2,combined_early_logit__count2023_target05,base_early_logit__count2023_target05,process,0.0015,4.922,-1.1166874999999987,11.9505375,-17.078,26.922,2000
DK2,combined_early_logit__count2023_target05,base_early_logit__count2023_target05,process,0.002,4.896,-1.1472499999999988,11.93405,-17.104,26.896,2000
DK2,combined_early_logit__count2023_target05,base_early_logit__count2023_target05,process,0.0025,4.87,-1.1778124999999988,11.9175625,-17.13,26.87,2000
DK2,combined_early_logit__count2023_target05,base_early_logit__count2023_target05,process,0.003,4.844,-1.2083749999999986,11.901074999999999,-17.156,26.844,2000
DK2,combined_early_logit__count2023_target05,base_early_logit__count2023_target05,process,0.0035,4.818,-1.238937499999999,11.884587499999999,-17.182000000000002,26.817999999999998,2000
DK2,combined_early_logit__count2023_target05,base_early_logit__count2023_target05,process,0.004,4.792,-1.2694999999999987,11.8681,-17.208,26.792,2000
DK2,combined_early_logit__count2023_target05,base_early_logit__count2023_target05,process,0.0045000000000000005,4.766,-1.3000624999999988,11.8516125,-17.234,26.766,2000
DK2,combined_early_logit__count2023_target05,base_early_logit__count2023_target05,process,0.005000000000000001,4.74,-1.3306249999999988,11.835125,-17.259999999999998,26.740000000000002,2000
DK2,combined_early_logit__count2023_target05,base_early_logit__count2023_target05,process,0.0055,4.714,-1.3611874999999989,11.8186375,-17.286,26.714,2000
DK2,combined_early_logit__count2023_target05,base_early_logit__count2023_target05,process,0.006,4.688,-1.3917499999999987,11.80215,-17.312,26.688,2000
DK2,combined_early_logit__count2023_target05,base_early_logit__count2023_target05,process,0.006500000000000001,4.662,-1.422312499999999,11.785662499999999,-17.338,26.662,2000
DK2,combined_early_logit__count2023_target05,base_early_logit__count2023_target05,process,0.007000000000000001,4.636,-1.452874999999999,11.769174999999999,-17.364,26.636,2000
DK2,combined_early_logit__count2023_target05,base_early_logit__count2023_target05,process,0.0075,4.61,-1.4834374999999989,11.752687499999999,-17.39,26.61,2000
DK2,combined_early_logit__count2023_target05,base_early_logit__count2023_target05,process,0.008,4.584,-1.513999999999999,11.7362,-17.416,26.584,2000
DK2,combined_early_logit__count2023_target05,base_early_logit__count2023_target05,process,0.0085,4.558,-1.5445624999999992,11.719712499999998,-17.442,26.558,2000
DK2,combined_early_logit__count2023_target05,base_early_logit__count2023_target05,process,0.009000000000000001,4.532,-1.575124999999999,11.703224999999998,-17.468,26.532,2000
DK2,combined_early_logit__count2023_target05,base_early_logit__count2023_target05,process,0.009500000000000001,4.506,-1.605687499999999,11.6867375,-17.494,26.506,2000
DK2,combined_early_logit__count2023_target05,base_early_logit__count2023_target05,process,0.01,4.48,-1.636249999999999,11.67025,-17.52,26.48,2000
DK2,combined_early_logit__count2023_target05,base_early_logit__count2023_target05,process,0.0105,4.454,-1.6668124999999991,11.653762499999997,-17.546,26.454,2000
DK2,combined_early_logit__count2023_target05,base_early_logit__count2023_target05,process,0.011000000000000001,4.428,-1.697374999999999,11.637274999999999,-17.572,26.428,2000
DK2,combined_early_logit__count2023_target05,base_early_logit__count2023_target05,process,0.0115,4.402,-1.7279374999999992,11.620787499999999,-17.598,26.402,2000
DK2,combined_early_logit__count2023_target05,base_early_logit__count2023_target05,process,0.012,4.376,-1.758499999999999,11.604299999999997,-17.624,26.376,2000
DK2,combined_early_logit__count2023_target05,base_early_logit__count2023_target05,process,0.0125,4.35,-1.7890624999999991,11.587812499999998,-17.65,26.35,2000
DK2,combined_early_logit__count2023_target05,base_early_logit__count2023_target05,process,0.013000000000000001,4.324,-1.8196249999999994,11.571324999999998,-17.676000000000002,26.323999999999998,2000
DK2,combined_early_logit__count2023_target05,base_early_logit__count2023_target05,process,0.013500000000000002,4.298,-1.8501874999999994,11.554837499999998,-17.701999999999998,26.298000000000002,2000
DK2,combined_early_logit__count2023_target05,base_early_logit__count2023_target05,process,0.014,4.272,-1.8807499999999993,11.538349999999998,-17.728,26.272,2000
DK2,combined_early_logit__count2023_target05,base_early_logit__count2023_target05,process,0.0145,4.246,-1.9113124999999993,11.521862499999997,-17.753999999999998,26.246000000000002,2000
DK2,combined_early_logit__count2023_target05,base_early_logit__count2023_target05,process,0.015,4.22,-1.9418749999999994,11.505374999999999,-17.78,26.22,2000
DK2,combined_early_logit__count2023_target05,base_early_logit__count2023_target05,process,0.02,3.96,-2.2474999999999996,11.340499999999997,-18.04,25.96,2000
DK2,combined_early_logit__count2023_target05,base_early_logit__count2023_target05,process,0.03,3.44,-2.8405,11.010749999999996,-18.56,25.44,2000
DK2,combined_early_logit__count2023_target05,base_early_logit__count2023_target05,process,0.05,2.4,-3.85,10.301249999999994,-19.6,24.4,2000
DK2,combined_early_logit__count2023_target05,base_early_logit__count2023_target05,process,0.1,-0.20000000000000018,-6.4025,8.0,-22.2,21.8,2000
DK2,combined_early_logit__count2023_target05,base_early_logit__count2023_target05,process,0.2,-5.4,-11.600000000000001,3.6049999999999724,-27.4,16.6,2000
DK2,combined_early_logit__count2023_target05,base_early_logit__count2023_target05,process,0.25,-8.0,-14.25625,1.756249999999966,-30.0,14.0,2000
DK2,combined_early_logit__count2023_target05,base_early_logit__count2023_target05,process,0.5,-21.0,-29.5,-7.0,-43.0,1.0,2000
DK2,combined_early_logit__count2023_target05,base_early_logit__count2023_target05,process,1.0,-47.0,-61.0,-23.0,-69.0,-25.0,2000
DK2,combined_early_logit__count2023_target05,base_early_logit__count2023_target05,hour,0.0,39.0,22.0,61.0,11.0,67.0,2000
DK2,combined_early_logit__count2023_target05,base_early_logit__count2023_target05,hour,0.0005,38.974,21.979,60.9775375,10.973999999999997,66.97399999999999,2000
DK2,combined_early_logit__count2023_target05,base_early_logit__count2023_target05,hour,0.001,38.948,21.958,60.955075,10.948,66.94800000000001,2000
DK2,combined_early_logit__count2023_target05,base_early_logit__count2023_target05,hour,0.0015,38.922,21.937,60.9326125,10.921999999999997,66.922,2000
DK2,combined_early_logit__count2023_target05,base_early_logit__count2023_target05,hour,0.002,38.896,21.916,60.910149999999994,10.896,66.896,2000
DK2,combined_early_logit__count2023_target05,base_early_logit__count2023_target05,hour,0.0025,38.87,21.895,60.8876875,10.869999999999997,66.87,2000
DK2,combined_early_logit__count2023_target05,base_early_logit__count2023_target05,hour,0.003,38.844,21.874,60.865225,10.844000000000001,66.844,2000
DK2,combined_early_logit__count2023_target05,base_early_logit__count2023_target05,hour,0.0035,38.818,21.853,60.8427625,10.817999999999998,66.818,2000
DK2,combined_early_logit__count2023_target05,base_early_logit__count2023_target05,hour,0.004,38.792,21.832,60.820299999999996,10.792000000000002,66.792,2000
DK2,combined_early_logit__count2023_target05,base_early_logit__count2023_target05,hour,0.0045000000000000005,38.766,21.811,60.7978375,10.765999999999998,66.76599999999999,2000
DK2,combined_early_logit__count2023_target05,base_early_logit__count2023_target05,hour,0.005000000000000001,38.74,21.79,60.775375,10.740000000000002,66.74000000000001,2000
DK2,combined_early_logit__count2023_target05,base_early_logit__count2023_target05,hour,0.0055,38.714,21.769,60.752912499999994,10.713999999999999,66.714,2000
DK2,combined_early_logit__count2023_target05,base_early_logit__count2023_target05,hour,0.006,38.688,21.748,60.73045,10.688000000000002,66.688,2000
DK2,combined_early_logit__count2023_target05,base_early_logit__count2023_target05,hour,0.006500000000000001,38.662,21.727,60.7079875,10.661999999999999,66.662,2000
DK2,combined_early_logit__count2023_target05,base_early_logit__count2023_target05,hour,0.007000000000000001,38.636,21.706,60.685525,10.636000000000003,66.636,2000
DK2,combined_early_logit__count2023_target05,base_early_logit__count2023_target05,hour,0.0075,38.61,21.685,60.663062499999995,10.61,66.61,2000
DK2,combined_early_logit__count2023_target05,base_early_logit__count2023_target05,hour,0.008,38.584,21.664,60.6406,10.584000000000003,66.584,2000
DK2,combined_early_logit__count2023_target05,base_early_logit__count2023_target05,hour,0.0085,38.558,21.643,60.618137499999996,10.558,66.55799999999999,2000
DK2,combined_early_logit__count2023_target05,base_early_logit__count2023_target05,hour,0.009000000000000001,38.532,21.622,60.59567499999999,10.531999999999996,66.532,2000
DK2,combined_early_logit__count2023_target05,base_early_logit__count2023_target05,hour,0.009500000000000001,38.506,21.601,60.5732125,10.506,66.506,2000
DK2,combined_early_logit__count2023_target05,base_early_logit__count2023_target05,hour,0.01,38.48,21.58,60.550749999999994,10.479999999999997,66.47999999999999,2000
DK2,combined_early_logit__count2023_target05,base_early_logit__count2023_target05,hour,0.0105,38.454,21.559,60.5282875,10.454,66.45400000000001,2000
DK2,combined_early_logit__count2023_target05,base_early_logit__count2023_target05,hour,0.011000000000000001,38.428,21.538,60.505824999999994,10.427999999999997,66.428,2000
DK2,combined_early_logit__count2023_target05,base_early_logit__count2023_target05,hour,0.0115,38.402,21.517,60.4833625,10.402000000000001,66.402,2000
DK2,combined_early_logit__count2023_target05,base_early_logit__count2023_target05,hour,0.012,38.376,21.496,60.460899999999995,10.375999999999998,66.376,2000
DK2,combined_early_logit__count2023_target05,base_early_logit__count2023_target05,hour,0.0125,38.35,21.475,60.43843749999999,10.350000000000001,66.35,2000
DK2,combined_early_logit__count2023_target05,base_early_logit__count2023_target05,hour,0.013000000000000001,38.324,21.454,60.415974999999996,10.323999999999998,66.324,2000
DK2,combined_early_logit__count2023_target05,base_early_logit__count2023_target05,hour,0.013500000000000002,38.298,21.433,60.39351249999999,10.298000000000002,66.298,2000
DK2,combined_early_logit__count2023_target05,base_early_logit__count2023_target05,hour,0.014,38.272,21.412,60.37104999999999,10.271999999999998,66.27199999999999,2000
DK2,combined_early_logit__count2023_target05,base_early_logit__count2023_target05,hour,0.0145,38.246,21.391,60.348587499999994,10.246000000000002,66.24600000000001,2000
DK2,combined_early_logit__count2023_target05,base_early_logit__count2023_target05,hour,0.015,38.22,21.37,60.326125,10.219999999999999,66.22,2000
DK2,combined_early_logit__count2023_target05,base_early_logit__count2023_target05,hour,0.02,37.96,21.16,60.101499999999994,9.96,65.96000000000001,2000
DK2,combined_early_logit__count2023_target05,base_early_logit__count2023_target05,hour,0.03,37.44,20.74,59.65224999999999,9.439999999999998,65.44,2000
DK2,combined_early_logit__count2023_target05,base_early_logit__count2023_target05,hour,0.05,36.4,19.9,58.75,8.399999999999999,64.4,2000
DK2,combined_early_logit__count2023_target05,base_early_logit__count2023_target05,hour,0.1,33.8,17.4975,56.604999999999976,5.799999999999997,61.8,2000
DK2,combined_early_logit__count2023_target05,base_early_logit__count2023_target05,hour,0.2,28.6,12.799999999999999,52.0,0.6000000000000014,56.6,2000
DK2,combined_early_logit__count2023_target05,base_early_logit__count2023_target05,hour,0.25,26.0,10.25,49.5,-2.0,54.0,2000
DK2,combined_early_logit__count2023_target05,base_early_logit__count2023_target05,hour,0.5,13.0,-2.5,39.0,-15.0,41.0,2000
DK2,combined_early_logit__count2023_target05,base_early_logit__count2023_target05,hour,1.0,-13.0,-31.0,20.0,-41.0,15.0,2000
DK2,combined_hour_logit__count2023_target05,base_hour_logit__count2023_target05,process,0.0,6.0,1.0,11.0,-19.0,31.0,2000
DK2,combined_hour_logit__count2023_target05,base_hour_logit__count2023_target05,process,0.0005,5.931,0.933,10.9385,-19.069,30.931,2000
DK2,combined_hour_logit__count2023_target05,base_hour_logit__count2023_target05,process,0.001,5.862,0.866,10.877,-19.137999999999998,30.862000000000002,2000
DK2,combined_hour_logit__count2023_target05,base_hour_logit__count2023_target05,process,0.0015,5.793,0.7989999999999999,10.8155,-19.207,30.793,2000
DK2,combined_hour_logit__count2023_target05,base_hour_logit__count2023_target05,process,0.002,5.724,0.732,10.754,-19.276,30.724,2000
DK2,combined_hour_logit__count2023_target05,base_hour_logit__count2023_target05,process,0.0025,5.655,0.665,10.6925,-19.345,30.655,2000
DK2,combined_hour_logit__count2023_target05,base_hour_logit__count2023_target05,process,0.003,5.586,0.598,10.631,-19.414,30.586,2000
DK2,combined_hour_logit__count2023_target05,base_hour_logit__count2023_target05,process,0.0035,5.517,0.5309999999999999,10.5695,-19.483,30.517,2000
DK2,combined_hour_logit__count2023_target05,base_hour_logit__count2023_target05,process,0.004,5.448,0.46399999999999997,10.508,-19.552,30.448,2000
DK2,combined_hour_logit__count2023_target05,base_hour_logit__count2023_target05,process,0.0045000000000000005,5.379,0.3969999999999999,10.4465,-19.621000000000002,30.378999999999998,2000
DK2,combined_hour_logit__count2023_target05,base_hour_logit__count2023_target05,process,0.005000000000000001,5.31,0.32999999999999985,10.385,-19.69,30.31,2000
DK2,combined_hour_logit__count2023_target05,base_hour_logit__count2023_target05,process,0.0055,5.241,0.263,10.3235,-19.759,30.241,2000
DK2,combined_hour_logit__count2023_target05,base_hour_logit__count2023_target05,process,0.006,5.172,0.19599999999999995,10.262,-19.828,30.172,2000
DK2,combined_hour_logit__count2023_target05,base_hour_logit__count2023_target05,process,0.006500000000000001,5.103,0.1289999999999999,10.2005,-19.897,30.103,2000
DK2,combined_hour_logit__count2023_target05,base_hour_logit__count2023_target05,process,0.007000000000000001,5.034,0.06199999999999983,10.139,-19.966,30.034,2000
DK2,combined_hour_logit__count2023_target05,base_hour_logit__count2023_target05,process,0.0075,4.965,-0.004999999999999893,10.0775,-20.035,29.965,2000
DK2,combined_hour_logit__count2023_target05,base_hour_logit__count2023_target05,process,0.008,4.896,-0.07200000000000006,10.016,-20.104,29.896,2000
DK2,combined_hour_logit__count2023_target05,base_hour_logit__count2023_target05,process,0.0085,4.827,-0.139,9.9545,-20.173000000000002,29.826999999999998,2000
DK2,combined_hour_logit__count2023_target05,base_hour_logit__count2023_target05,process,0.009000000000000001,4.758,-0.20600000000000018,9.893,-20.242,29.758,2000
DK2,combined_hour_logit__count2023_target05,base_hour_logit__count2023_target05,process,0.009500000000000001,4.689,-0.27300000000000013,9.8315,-20.311,29.689,2000
DK2,combined_hour_logit__count2023_target05,base_hour_logit__count2023_target05,process,0.01,4.62,-0.3400000000000001,9.77,-20.38,29.62,2000
DK2,combined_hour_logit__count2023_target05,base_hour_logit__count2023_target05,process,0.0105,4.551,-0.40700000000000003,9.7085,-20.448999999999998,29.551000000000002,2000
DK2,combined_hour_logit__count2023_target05,base_hour_logit__count2023_target05,process,0.011000000000000001,4.481999999999999,-0.4740000000000002,9.647,-20.518,29.482,2000
DK2,combined_hour_logit__count2023_target05,base_hour_logit__count2023_target05,process,0.0115,4.413,-0.5409999999999999,9.5855,-20.587,29.413,2000
DK2,combined_hour_logit__count2023_target05,base_hour_logit__count2023_target05,process,0.012,4.343999999999999,-0.6080000000000001,9.524000000000001,-20.656,29.344,2000
DK2,combined_hour_logit__count2023_target05,base_hour_logit__count2023_target05,process,0.0125,4.275,-0.675,9.4625,-20.725,29.275,2000
DK2,combined_hour_logit__count2023_target05,base_hour_logit__count2023_target05,process,0.013000000000000001,4.2059999999999995,-0.7420000000000002,9.401,-20.794,29.206,2000
DK2,combined_hour_logit__count2023_target05,base_hour_logit__count2023_target05,process,0.013500000000000002,4.137,-0.8090000000000002,9.3395,-20.863,29.137,2000
DK2,combined_hour_logit__count2023_target05,base_hour_logit__count2023_target05,process,0.014,4.068,-0.8760000000000001,9.278,-20.932000000000002,29.067999999999998,2000
DK2,combined_hour_logit__count2023_target05,base_hour_logit__count2023_target05,process,0.0145,3.999,-0.9430000000000001,9.2165,-21.001,28.999,2000
DK2,combined_hour_logit__count2023_target05,base_hour_logit__count2023_target05,process,0.015,3.93,-1.0099999999999998,9.155,-21.07,28.93,2000
DK2,combined_hour_logit__count2023_target05,base_hour_logit__count2023_target05,process,0.02,3.2399999999999998,-1.6800000000000002,8.54,-21.76,28.24,2000
DK2,combined_hour_logit__count2023_target05,base_hour_logit__count2023_target05,process,0.03,1.8600000000000003,-3.0199999999999996,7.290499999999997,-23.14,26.86,2000
DK2,combined_hour_logit__count2023_target05,base_hour_logit__count2023_target05,process,0.05,-0.9000000000000004,-5.7,4.8,-25.9,24.1,2000
DK2,combined_hour_logit__count2023_target05,base_hour_logit__count2023_target05,process,0.1,-7.800000000000001,-12.9,-1.700000000000001,-32.8,17.2,2000
DK2,combined_hour_logit__count2023_target05,base_hour_logit__count2023_target05,process,0.2,-21.6,-27.6,-14.0,-46.6,3.3999999999999986,2000
DK2,combined_hour_logit__count2023_target05,base_hour_logit__count2023_target05,process,0.25,-28.5,-35.0,-20.0,-53.5,-3.5,2000
DK2,combined_hour_logit__count2023_target05,base_hour_logit__count2023_target05,process,0.5,-63.0,-73.0125,-48.5,-88.0,-38.0,2000
DK2,combined_hour_logit__count2023_target05,base_hour_logit__count2023_target05,process,1.0,-132.0,-151.025,-104.0,-157.0,-107.0,2000
DK2,combined_hour_logit__count2023_target05,base_hour_logit__count2023_target05,hour,0.0,23.0,11.0,34.0,-1.0499999999999545,47.049999999999955,2000
DK2,combined_hour_logit__count2023_target05,base_hour_logit__count2023_target05,hour,0.0005,22.931,10.9404875,33.934025,-1.1189999999999536,46.98099999999995,2000
DK2,combined_hour_logit__count2023_target05,base_hour_logit__count2023_target05,hour,0.001,22.862,10.880975,33.868050000000004,-1.1879999999999562,46.91199999999995,2000
DK2,combined_hour_logit__count2023_target05,base_hour_logit__count2023_target05,hour,0.0015,22.793,10.8214625,33.802075,-1.2569999999999553,46.842999999999954,2000
DK2,combined_hour_logit__count2023_target05,base_hour_logit__count2023_target05,hour,0.002,22.724,10.76195,33.73609999999999,-1.3259999999999543,46.77399999999996,2000
DK2,combined_hour_logit__count2023_target05,base_hour_logit__count2023_target05,hour,0.0025,22.655,10.7024375,33.670125,-1.3949999999999534,46.704999999999956,2000
DK2,combined_hour_logit__count2023_target05,base_hour_logit__count2023_target05,hour,0.003,22.586,10.642925,33.60415,-1.463999999999956,46.63599999999995,2000
DK2,combined_hour_logit__count2023_target05,base_hour_logit__count2023_target05,hour,0.0035,22.517,10.583412500000001,33.538174999999995,-1.532999999999955,46.56699999999995,2000
DK2,combined_hour_logit__count2023_target05,base_hour_logit__count2023_target05,hour,0.004,22.448,10.5239,33.4722,-1.6019999999999541,46.497999999999955,2000
DK2,combined_hour_logit__count2023_target05,base_hour_logit__count2023_target05,hour,0.0045000000000000005,22.379,10.464387499999999,33.406225,-1.6709999999999532,46.42899999999996,2000
DK2,combined_hour_logit__count2023_target05,base_hour_logit__count2023_target05,hour,0.005000000000000001,22.31,10.404874999999999,33.340250000000005,-1.7399999999999558,46.35999999999996,2000
DK2,combined_hour_logit__count2023_target05,base_hour_logit__count2023_target05,hour,0.0055,22.241,10.3453625,33.274274999999996,-1.8089999999999549,46.290999999999954,2000
DK2,combined_hour_logit__count2023_target05,base_hour_logit__count2023_target05,hour,0.006,22.172,10.28585,33.208299999999994,-1.877999999999954,46.22199999999995,2000
DK2,combined_hour_logit__count2023_target05,base_hour_logit__count2023_target05,hour,0.006500000000000001,22.103,10.2263375,33.142325,-1.946999999999953,46.152999999999956,2000
DK2,combined_hour_logit__count2023_target05,base_hour_logit__count2023_target05,hour,0.007000000000000001,22.034,10.166825,33.07635,-2.0159999999999556,46.08399999999995,2000
DK2,combined_hour_logit__count2023_target05,base_hour_logit__count2023_target05,hour,0.0075,21.965,10.1073125,33.010374999999996,-2.0849999999999547,46.01499999999996,2000
DK2,combined_hour_logit__count2023_target05,base_hour_logit__count2023_target05,hour,0.008,21.896,10.0478,32.9444,-2.1539999999999537,45.945999999999955,2000
DK2,combined_hour_logit__count2023_target05,base_hour_logit__count2023_target05,hour,0.0085,21.826999999999998,9.9882875,32.878425,-2.2229999999999563,45.87699999999995,2000
DK2,combined_hour_logit__count2023_target05,base_hour_logit__count2023_target05,hour,0.009000000000000001,21.758,9.928775,32.81245,-2.2919999999999554,45.80799999999995,2000
DK2,combined_hour_logit__count2023_target05,base_hour_logit__count2023_target05,hour,0.009500000000000001,21.689,9.8692625,32.746475,-2.3609999999999545,45.738999999999955,2000
DK2,combined_hour_logit__count2023_target05,base_hour_logit__count2023_target05,hour,0.01,21.62,9.809750000000001,32.680499999999995,-2.4299999999999535,45.66999999999996,2000
DK2,combined_hour_logit__count2023_target05,base_hour_logit__count2023_target05,hour,0.0105,21.551,9.7502375,32.61452499999999,-2.498999999999956,45.60099999999996,2000
DK2,combined_hour_logit__count2023_target05,base_hour_logit__count2023_target05,hour,0.011000000000000001,21.482,9.690724999999999,32.54855,-2.567999999999955,45.531999999999954,2000
DK2,combined_hour_logit__count2023_target05,base_hour_logit__count2023_target05,hour,0.0115,21.413,9.631212499999998,32.482575,-2.6369999999999543,45.46299999999995,2000
DK2,combined_hour_logit__count2023_target05,base_hour_logit__count2023_target05,hour,0.012,21.344,9.5717,32.416599999999995,-2.7059999999999533,45.393999999999956,2000
DK2,combined_hour_logit__count2023_target05,base_hour_logit__count2023_target05,hour,0.0125,21.275,9.5121875,32.350625,-2.774999999999956,45.32499999999995,2000
DK2,combined_hour_logit__count2023_target05,base_hour_logit__count2023_target05,hour,0.013000000000000001,21.206,9.452675,32.28464999999999,-2.843999999999955,45.25599999999996,2000
DK2,combined_hour_logit__count2023_target05,base_hour_logit__count2023_target05,hour,0.013500000000000002,21.137,9.393162499999999,32.21867499999999,-2.912999999999954,45.186999999999955,2000
DK2,combined_hour_logit__count2023_target05,base_hour_logit__count2023_target05,hour,0.014,21.068,9.33365,32.152699999999996,-2.981999999999953,45.11799999999995,2000
DK2,combined_hour_logit__count2023_target05,base_hour_logit__count2023_target05,hour,0.0145,20.999,9.2741375,32.086724999999994,-3.0509999999999557,45.04899999999995,2000
DK2,combined_hour_logit__count2023_target05,base_hour_logit__count2023_target05,hour,0.015,20.93,9.214625,32.02075,-3.119999999999955,44.979999999999954,2000
DK2,combined_hour_logit__count2023_target05,base_hour_logit__count2023_target05,hour,0.02,20.24,8.6195,31.360999999999994,-3.809999999999956,44.28999999999995,2000
DK2,combined_hour_logit__count2023_target05,base_hour_logit__count2023_target05,hour,0.03,18.86,7.398750000000001,30.04,-5.189999999999955,42.909999999999954,2000
DK2,combined_hour_logit__count2023_target05,base_hour_logit__count2023_target05,hour,0.05,16.1,4.84875,27.20124999999999,-7.949999999999953,40.149999999999956,2000
DK2,combined_hour_logit__count2023_target05,base_hour_logit__count2023_target05,hour,0.1,9.2,-1.9000000000000004,20.4,-14.849999999999955,33.24999999999996,2000
DK2,combined_hour_logit__count2023_target05,base_hour_logit__count2023_target05,hour,0.2,-4.600000000000001,-15.400000000000002,7.399999999999999,-28.649999999999956,19.449999999999953,2000
DK2,combined_hour_logit__count2023_target05,base_hour_logit__count2023_target05,hour,0.25,-11.5,-22.50625,0.7562499999999659,-35.549999999999955,12.549999999999955,2000
DK2,combined_hour_logit__count2023_target05,base_hour_logit__count2023_target05,hour,0.5,-46.0,-59.0,-29.5,-70.04999999999995,-21.950000000000045,2000
DK2,combined_hour_logit__count2023_target05,base_hour_logit__count2023_target05,hour,1.0,-115.0,-136.0,-88.0,-139.04999999999995,-90.95000000000005,2000
DK2,price_hour_logit__top2,original_M0__top2,process,0.0,-14.0,-24.0,-3.0,-24.0,-4.0,2000
DK2,price_hour_logit__top2,original_M0__top2,process,0.0005,-14.0,-24.0,-3.0,-24.0,-4.0,2000
DK2,price_hour_logit__top2,original_M0__top2,process,0.001,-14.0,-24.0,-3.0,-24.0,-4.0,2000
DK2,price_hour_logit__top2,original_M0__top2,process,0.0015,-14.0,-24.0,-3.0,-24.0,-4.0,2000
DK2,price_hour_logit__top2,original_M0__top2,process,0.002,-14.0,-24.0,-3.0,-24.0,-4.0,2000
DK2,price_hour_logit__top2,original_M0__top2,process,0.0025,-14.0,-24.0,-3.0,-24.0,-4.0,2000
DK2,price_hour_logit__top2,original_M0__top2,process,0.003,-14.0,-24.0,-3.0,-24.0,-4.0,2000
DK2,price_hour_logit__top2,original_M0__top2,process,0.0035,-14.0,-24.0,-3.0,-24.0,-4.0,2000
DK2,price_hour_logit__top2,original_M0__top2,process,0.004,-14.0,-24.0,-3.0,-24.0,-4.0,2000
DK2,price_hour_logit__top2,original_M0__top2,process,0.0045000000000000005,-14.0,-24.0,-3.0,-24.0,-4.0,2000
DK2,price_hour_logit__top2,original_M0__top2,process,0.005000000000000001,-14.0,-24.0,-3.0,-24.0,-4.0,2000
DK2,price_hour_logit__top2,original_M0__top2,process,0.0055,-14.0,-24.0,-3.0,-24.0,-4.0,2000
DK2,price_hour_logit__top2,original_M0__top2,process,0.006,-14.0,-24.0,-3.0,-24.0,-4.0,2000
DK2,price_hour_logit__top2,original_M0__top2,process,0.006500000000000001,-14.0,-24.0,-3.0,-24.0,-4.0,2000
DK2,price_hour_logit__top2,original_M0__top2,process,0.007000000000000001,-14.0,-24.0,-3.0,-24.0,-4.0,2000
DK2,price_hour_logit__top2,original_M0__top2,process,0.0075,-14.0,-24.0,-3.0,-24.0,-4.0,2000
DK2,price_hour_logit__top2,original_M0__top2,process,0.008,-14.0,-24.0,-3.0,-24.0,-4.0,2000
DK2,price_hour_logit__top2,original_M0__top2,process,0.0085,-14.0,-24.0,-3.0,-24.0,-4.0,2000
DK2,price_hour_logit__top2,original_M0__top2,process,0.009000000000000001,-14.0,-24.0,-3.0,-24.0,-4.0,2000
DK2,price_hour_logit__top2,original_M0__top2,process,0.009500000000000001,-14.0,-24.0,-3.0,-24.0,-4.0,2000
DK2,price_hour_logit__top2,original_M0__top2,process,0.01,-14.0,-24.0,-3.0,-24.0,-4.0,2000
DK2,price_hour_logit__top2,original_M0__top2,process,0.0105,-14.0,-24.0,-3.0,-24.0,-4.0,2000
DK2,price_hour_logit__top2,original_M0__top2,process,0.011000000000000001,-14.0,-24.0,-3.0,-24.0,-4.0,2000
DK2,price_hour_logit__top2,original_M0__top2,process,0.0115,-14.0,-24.0,-3.0,-24.0,-4.0,2000
DK2,price_hour_logit__top2,original_M0__top2,process,0.012,-14.0,-24.0,-3.0,-24.0,-4.0,2000
DK2,price_hour_logit__top2,original_M0__top2,process,0.0125,-14.0,-24.0,-3.0,-24.0,-4.0,2000
DK2,price_hour_logit__top2,original_M0__top2,process,0.013000000000000001,-14.0,-24.0,-3.0,-24.0,-4.0,2000
DK2,price_hour_logit__top2,original_M0__top2,process,0.013500000000000002,-14.0,-24.0,-3.0,-24.0,-4.0,2000
DK2,price_hour_logit__top2,original_M0__top2,process,0.014,-14.0,-24.0,-3.0,-24.0,-4.0,2000
DK2,price_hour_logit__top2,original_M0__top2,process,0.0145,-14.0,-24.0,-3.0,-24.0,-4.0,2000
DK2,price_hour_logit__top2,original_M0__top2,process,0.015,-14.0,-24.0,-3.0,-24.0,-4.0,2000
DK2,price_hour_logit__top2,original_M0__top2,process,0.02,-14.0,-24.0,-3.0,-24.0,-4.0,2000
DK2,price_hour_logit__top2,original_M0__top2,process,0.03,-14.0,-24.0,-3.0,-24.0,-4.0,2000
DK2,price_hour_logit__top2,original_M0__top2,process,0.05,-14.0,-24.0,-3.0,-24.0,-4.0,2000
DK2,price_hour_logit__top2,original_M0__top2,process,0.1,-14.0,-24.0,-3.0,-24.0,-4.0,2000
DK2,price_hour_logit__top2,original_M0__top2,process,0.2,-14.0,-24.0,-3.0,-24.0,-4.0,2000
DK2,price_hour_logit__top2,original_M0__top2,process,0.25,-14.0,-24.0,-3.0,-24.0,-4.0,2000
DK2,price_hour_logit__top2,original_M0__top2,process,0.5,-14.0,-24.0,-3.0,-24.0,-4.0,2000
DK2,price_hour_logit__top2,original_M0__top2,process,1.0,-14.0,-24.0,-3.0,-24.0,-4.0,2000
DK2,price_hour_logit__top2,original_M0__top2,hour,0.0,-85.0,-123.0,-55.0,-120.0,-50.0,2000
DK2,price_hour_logit__top2,original_M0__top2,hour,0.0005,-85.0,-123.0,-55.0,-120.0,-50.0,2000
DK2,price_hour_logit__top2,original_M0__top2,hour,0.001,-85.0,-123.0,-55.0,-120.0,-50.0,2000
DK2,price_hour_logit__top2,original_M0__top2,hour,0.0015,-85.0,-123.0,-55.0,-120.0,-50.0,2000
DK2,price_hour_logit__top2,original_M0__top2,hour,0.002,-85.0,-123.0,-55.0,-120.0,-50.0,2000
DK2,price_hour_logit__top2,original_M0__top2,hour,0.0025,-85.0,-123.0,-55.0,-120.0,-50.0,2000
DK2,price_hour_logit__top2,original_M0__top2,hour,0.003,-85.0,-123.0,-55.0,-120.0,-50.0,2000
DK2,price_hour_logit__top2,original_M0__top2,hour,0.0035,-85.0,-123.0,-55.0,-120.0,-50.0,2000
DK2,price_hour_logit__top2,original_M0__top2,hour,0.004,-85.0,-123.0,-55.0,-120.0,-50.0,2000
DK2,price_hour_logit__top2,original_M0__top2,hour,0.0045000000000000005,-85.0,-123.0,-55.0,-120.0,-50.0,2000
DK2,price_hour_logit__top2,original_M0__top2,hour,0.005000000000000001,-85.0,-123.0,-55.0,-120.0,-50.0,2000
DK2,price_hour_logit__top2,original_M0__top2,hour,0.0055,-85.0,-123.0,-55.0,-120.0,-50.0,2000
DK2,price_hour_logit__top2,original_M0__top2,hour,0.006,-85.0,-123.0,-55.0,-120.0,-50.0,2000
DK2,price_hour_logit__top2,original_M0__top2,hour,0.006500000000000001,-85.0,-123.0,-55.0,-120.0,-50.0,2000
DK2,price_hour_logit__top2,original_M0__top2,hour,0.007000000000000001,-85.0,-123.0,-55.0,-120.0,-50.0,2000
DK2,price_hour_logit__top2,original_M0__top2,hour,0.0075,-85.0,-123.0,-55.0,-120.0,-50.0,2000
DK2,price_hour_logit__top2,original_M0__top2,hour,0.008,-85.0,-123.0,-55.0,-120.0,-50.0,2000
DK2,price_hour_logit__top2,original_M0__top2,hour,0.0085,-85.0,-123.0,-55.0,-120.0,-50.0,2000
DK2,price_hour_logit__top2,original_M0__top2,hour,0.009000000000000001,-85.0,-123.0,-55.0,-120.0,-50.0,2000
DK2,price_hour_logit__top2,original_M0__top2,hour,0.009500000000000001,-85.0,-123.0,-55.0,-120.0,-50.0,2000
DK2,price_hour_logit__top2,original_M0__top2,hour,0.01,-85.0,-123.0,-55.0,-120.0,-50.0,2000
DK2,price_hour_logit__top2,original_M0__top2,hour,0.0105,-85.0,-123.0,-55.0,-120.0,-50.0,2000
DK2,price_hour_logit__top2,original_M0__top2,hour,0.011000000000000001,-85.0,-123.0,-55.0,-120.0,-50.0,2000
DK2,price_hour_logit__top2,original_M0__top2,hour,0.0115,-85.0,-123.0,-55.0,-120.0,-50.0,2000
DK2,price_hour_logit__top2,original_M0__top2,hour,0.012,-85.0,-123.0,-55.0,-120.0,-50.0,2000
DK2,price_hour_logit__top2,original_M0__top2,hour,0.0125,-85.0,-123.0,-55.0,-120.0,-50.0,2000
DK2,price_hour_logit__top2,original_M0__top2,hour,0.013000000000000001,-85.0,-123.0,-55.0,-120.0,-50.0,2000
DK2,price_hour_logit__top2,original_M0__top2,hour,0.013500000000000002,-85.0,-123.0,-55.0,-120.0,-50.0,2000
DK2,price_hour_logit__top2,original_M0__top2,hour,0.014,-85.0,-123.0,-55.0,-120.0,-50.0,2000
DK2,price_hour_logit__top2,original_M0__top2,hour,0.0145,-85.0,-123.0,-55.0,-120.0,-50.0,2000
DK2,price_hour_logit__top2,original_M0__top2,hour,0.015,-85.0,-123.0,-55.0,-120.0,-50.0,2000
DK2,price_hour_logit__top2,original_M0__top2,hour,0.02,-85.0,-123.0,-55.0,-120.0,-50.0,2000
DK2,price_hour_logit__top2,original_M0__top2,hour,0.03,-85.0,-123.0,-55.0,-120.0,-50.0,2000
DK2,price_hour_logit__top2,original_M0__top2,hour,0.05,-85.0,-123.0,-55.0,-120.0,-50.0,2000
DK2,price_hour_logit__top2,original_M0__top2,hour,0.1,-85.0,-123.0,-55.0,-120.0,-50.0,2000
DK2,price_hour_logit__top2,original_M0__top2,hour,0.2,-85.0,-123.0,-55.0,-120.0,-50.0,2000
DK2,price_hour_logit__top2,original_M0__top2,hour,0.25,-85.0,-123.0,-55.0,-120.0,-50.0,2000
DK2,price_hour_logit__top2,original_M0__top2,hour,0.5,-85.0,-123.0,-55.0,-120.0,-50.0,2000
DK2,price_hour_logit__top2,original_M0__top2,hour,1.0,-85.0,-123.0,-55.0,-120.0,-50.0,2000
