panel,source_file,zone,model,level,endpoint,policy,N,hits,false,C,processes,coverage,event_hours,complete_days,shared_DE_FR_event_hours,parent_processes,model_policy,pivotal_hits,nested_opportunities,nested_covered,reclustered_processes,reclustered_covered,reclustered_coverage,pivotal_event_hours,rule,gate,gate_training_slots,gate_training_days,gate_training_year,target,n,positives,brier,logloss,candidate,reference,difference,lower,upper,replicates,inference,rows,exposed,future_local_day_excluded,first_release_availability,auction_local_timezone,unavailable_price_handling
A_original_Danish_pivotal_endpoints,policy_analysis/danish_specific_early.csv,DK1,M0,q90,pivotal_parent_onset,none,0.0,0.0,0.0,0.0,45.0,0.0,717.0,725.0,924.0,71.0,,,,,,,,,,,,,,,,,,,,,,,,,,,,,,,
A_original_Danish_pivotal_endpoints,policy_analysis/danish_specific_early.csv,DK1,M0,q90,pivotal_parent_onset,top1,725.0,61.0,664.0,17.0,45.0,0.3777777777777777,717.0,725.0,924.0,71.0,,,,,,,,,,,,,,,,,,,,,,,,,,,,,,,
A_original_Danish_pivotal_endpoints,policy_analysis/danish_specific_early.csv,DK1,M0,q90,pivotal_parent_onset,top2,1450.0,117.0,1333.0,22.0,45.0,0.4888888888888889,717.0,725.0,924.0,71.0,,,,,,,,,,,,,,,,,,,,,,,,,,,,,,,
A_original_Danish_pivotal_endpoints,policy_analysis/danish_specific_early.csv,DK1,M0,q90,pivotal_parent_onset,gate025,469.0,97.0,372.0,21.0,45.0,0.4666666666666667,717.0,725.0,924.0,71.0,,,,,,,,,,,,,,,,,,,,,,,,,,,,,,,
A_original_Danish_pivotal_endpoints,policy_analysis/danish_specific_early.csv,DK1,M0,q90,pivotal_parent_onset,inherited_priority019,432.0,78.0,354.0,19.0,45.0,0.4222222222222222,717.0,725.0,924.0,71.0,,,,,,,,,,,,,,,,,,,,,,,,,,,,,,,
A_original_Danish_pivotal_endpoints,policy_analysis/danish_specific_early.csv,DK1,M0,q90,pivotal_parent_onset,gate025_cool6,373.0,79.0,294.0,19.0,45.0,0.4222222222222222,717.0,725.0,924.0,71.0,,,,,,,,,,,,,,,,,,,,,,,,,,,,,,,
A_original_Danish_pivotal_endpoints,policy_analysis/danish_specific_early.csv,DK1,M0,q90,pivotal_parent_onset,gate025_rise,469.0,83.0,386.0,19.0,45.0,0.4222222222222222,717.0,725.0,924.0,71.0,,,,,,,,,,,,,,,,,,,,,,,,,,,,,,,
A_original_Danish_pivotal_endpoints,policy_analysis/danish_specific_early.csv,DK1,M0,q90,pivotal_parent_onset,gate025_rise_cool6,383.0,77.0,306.0,20.0,45.0,0.4444444444444444,717.0,725.0,924.0,71.0,,,,,,,,,,,,,,,,,,,,,,,,,,,,,,,
A_original_Danish_pivotal_endpoints,policy_analysis/danish_specific_early.csv,DK1,M0,q90,pivotal_parent_onset,rolling90_target05,360.0,82.0,278.0,16.0,45.0,0.3555555555555555,717.0,725.0,924.0,71.0,,,,,,,,,,,,,,,,,,,,,,,,,,,,,,,
A_original_Danish_pivotal_endpoints,policy_analysis/danish_specific_early.csv,DK1,M0,q90,pivotal_parent_onset,development_count_gate,624.0,110.0,514.0,22.0,45.0,0.4888888888888889,717.0,725.0,924.0,71.0,,,,,,,,,,,,,,,,,,,,,,,,,,,,,,,
A_original_Danish_pivotal_endpoints,policy_analysis/danish_specific_early.csv,DK1,M0,q90,pivotal_parent_onset,gate019,526.0,103.0,423.0,22.0,45.0,0.4888888888888889,717.0,725.0,924.0,71.0,,,,,,,,,,,,,,,,,,,,,,,,,,,,,,,
A_original_Danish_pivotal_endpoints,policy_analysis/danish_specific_early.csv,DK1,M0,q90,pivotal_parent_onset,gate019_cool6,425.0,82.0,343.0,19.0,45.0,0.4222222222222222,717.0,725.0,924.0,71.0,,,,,,,,,,,,,,,,,,,,,,,,,,,,,,,
A_original_Danish_pivotal_endpoints,policy_analysis/danish_specific_early.csv,DK1,M0,q90,pivotal_parent_onset,gate019_rise,526.0,89.0,437.0,19.0,45.0,0.4222222222222222,717.0,725.0,924.0,71.0,,,,,,,,,,,,,,,,,,,,,,,,,,,,,,,
A_original_Danish_pivotal_endpoints,policy_analysis/danish_specific_early.csv,DK1,M0,q90,pivotal_reclustered,none,0.0,0.0,0.0,0.0,63.0,0.0,717.0,725.0,924.0,71.0,,,,,,,,,,,,,,,,,,,,,,,,,,,,,,,
A_original_Danish_pivotal_endpoints,policy_analysis/danish_specific_early.csv,DK1,M0,q90,pivotal_reclustered,top1,725.0,61.0,664.0,20.0,63.0,0.3174603174603174,717.0,725.0,924.0,71.0,,,,,,,,,,,,,,,,,,,,,,,,,,,,,,,
A_original_Danish_pivotal_endpoints,policy_analysis/danish_specific_early.csv,DK1,M0,q90,pivotal_reclustered,top2,1450.0,117.0,1333.0,26.0,63.0,0.4126984126984127,717.0,725.0,924.0,71.0,,,,,,,,,,,,,,,,,,,,,,,,,,,,,,,
A_original_Danish_pivotal_endpoints,policy_analysis/danish_specific_early.csv,DK1,M0,q90,pivotal_reclustered,gate025,469.0,97.0,372.0,24.0,63.0,0.3809523809523809,717.0,725.0,924.0,71.0,,,,,,,,,,,,,,,,,,,,,,,,,,,,,,,
A_original_Danish_pivotal_endpoints,policy_analysis/danish_specific_early.csv,DK1,M0,q90,pivotal_reclustered,inherited_priority019,432.0,78.0,354.0,25.0,63.0,0.3968253968253968,717.0,725.0,924.0,71.0,,,,,,,,,,,,,,,,,,,,,,,,,,,,,,,
A_original_Danish_pivotal_endpoints,policy_analysis/danish_specific_early.csv,DK1,M0,q90,pivotal_reclustered,gate025_cool6,373.0,79.0,294.0,27.0,63.0,0.4285714285714285,717.0,725.0,924.0,71.0,,,,,,,,,,,,,,,,,,,,,,,,,,,,,,,
A_original_Danish_pivotal_endpoints,policy_analysis/danish_specific_early.csv,DK1,M0,q90,pivotal_reclustered,gate025_rise,469.0,83.0,386.0,24.0,63.0,0.3809523809523809,717.0,725.0,924.0,71.0,,,,,,,,,,,,,,,,,,,,,,,,,,,,,,,
A_original_Danish_pivotal_endpoints,policy_analysis/danish_specific_early.csv,DK1,M0,q90,pivotal_reclustered,gate025_rise_cool6,383.0,77.0,306.0,26.0,63.0,0.4126984126984127,717.0,725.0,924.0,71.0,,,,,,,,,,,,,,,,,,,,,,,,,,,,,,,
A_original_Danish_pivotal_endpoints,policy_analysis/danish_specific_early.csv,DK1,M0,q90,pivotal_reclustered,rolling90_target05,360.0,82.0,278.0,19.0,63.0,0.3015873015873015,717.0,725.0,924.0,71.0,,,,,,,,,,,,,,,,,,,,,,,,,,,,,,,
A_original_Danish_pivotal_endpoints,policy_analysis/danish_specific_early.csv,DK1,M0,q90,pivotal_reclustered,development_count_gate,624.0,110.0,514.0,25.0,63.0,0.3968253968253968,717.0,725.0,924.0,71.0,,,,,,,,,,,,,,,,,,,,,,,,,,,,,,,
A_original_Danish_pivotal_endpoints,policy_analysis/danish_specific_early.csv,DK1,M0,q90,pivotal_reclustered,gate019,526.0,103.0,423.0,25.0,63.0,0.3968253968253968,717.0,725.0,924.0,71.0,,,,,,,,,,,,,,,,,,,,,,,,,,,,,,,
A_original_Danish_pivotal_endpoints,policy_analysis/danish_specific_early.csv,DK1,M0,q90,pivotal_reclustered,gate019_cool6,425.0,82.0,343.0,27.0,63.0,0.4285714285714285,717.0,725.0,924.0,71.0,,,,,,,,,,,,,,,,,,,,,,,,,,,,,,,
A_original_Danish_pivotal_endpoints,policy_analysis/danish_specific_early.csv,DK1,M0,q90,pivotal_reclustered,gate019_rise,526.0,89.0,437.0,24.0,63.0,0.3809523809523809,717.0,725.0,924.0,71.0,,,,,,,,,,,,,,,,,,,,,,,,,,,,,,,
A_original_Danish_pivotal_endpoints,policy_analysis/danish_specific_early.csv,DK1,M1,q90,pivotal_parent_onset,none,0.0,0.0,0.0,0.0,45.0,0.0,717.0,725.0,924.0,71.0,,,,,,,,,,,,,,,,,,,,,,,,,,,,,,,
A_original_Danish_pivotal_endpoints,policy_analysis/danish_specific_early.csv,DK1,M1,q90,pivotal_parent_onset,top1,725.0,63.0,662.0,19.0,45.0,0.4222222222222222,717.0,725.0,924.0,71.0,,,,,,,,,,,,,,,,,,,,,,,,,,,,,,,
A_original_Danish_pivotal_endpoints,policy_analysis/danish_specific_early.csv,DK1,M1,q90,pivotal_parent_onset,top2,1450.0,117.0,1333.0,22.0,45.0,0.4888888888888889,717.0,725.0,924.0,71.0,,,,,,,,,,,,,,,,,,,,,,,,,,,,,,,
A_original_Danish_pivotal_endpoints,policy_analysis/danish_specific_early.csv,DK1,M1,q90,pivotal_parent_onset,gate025,477.0,101.0,376.0,22.0,45.0,0.4888888888888889,717.0,725.0,924.0,71.0,,,,,,,,,,,,,,,,,,,,,,,,,,,,,,,
A_original_Danish_pivotal_endpoints,policy_analysis/danish_specific_early.csv,DK1,M1,q90,pivotal_parent_onset,inherited_priority019,446.0,78.0,368.0,18.0,45.0,0.4,717.0,725.0,924.0,71.0,,,,,,,,,,,,,,,,,,,,,,,,,,,,,,,
A_original_Danish_pivotal_endpoints,policy_analysis/danish_specific_early.csv,DK1,M1,q90,pivotal_parent_onset,gate025_cool6,379.0,82.0,297.0,21.0,45.0,0.4666666666666667,717.0,725.0,924.0,71.0,,,,,,,,,,,,,,,,,,,,,,,,,,,,,,,
A_original_Danish_pivotal_endpoints,policy_analysis/danish_specific_early.csv,DK1,M1,q90,pivotal_parent_onset,gate025_rise,477.0,83.0,394.0,18.0,45.0,0.4,717.0,725.0,924.0,71.0,,,,,,,,,,,,,,,,,,,,,,,,,,,,,,,
A_original_Danish_pivotal_endpoints,policy_analysis/danish_specific_early.csv,DK1,M1,q90,pivotal_parent_onset,gate025_rise_cool6,386.0,78.0,308.0,18.0,45.0,0.4,717.0,725.0,924.0,71.0,,,,,,,,,,,,,,,,,,,,,,,,,,,,,,,
A_original_Danish_pivotal_endpoints,policy_analysis/danish_specific_early.csv,DK1,M1,q90,pivotal_parent_onset,rolling90_target05,359.0,83.0,276.0,17.0,45.0,0.3777777777777777,717.0,725.0,924.0,71.0,,,,,,,,,,,,,,,,,,,,,,,,,,,,,,,
A_original_Danish_pivotal_endpoints,policy_analysis/danish_specific_early.csv,DK1,M1,q90,pivotal_parent_onset,development_count_gate,609.0,111.0,498.0,22.0,45.0,0.4888888888888889,717.0,725.0,924.0,71.0,,,,,,,,,,,,,,,,,,,,,,,,,,,,,,,
A_original_Danish_pivotal_endpoints,policy_analysis/danish_specific_early.csv,DK1,M1,q90,pivotal_parent_onset,gate019,542.0,104.0,438.0,22.0,45.0,0.4888888888888889,717.0,725.0,924.0,71.0,,,,,,,,,,,,,,,,,,,,,,,,,,,,,,,
A_original_Danish_pivotal_endpoints,policy_analysis/danish_specific_early.csv,DK1,M1,q90,pivotal_parent_onset,gate019_cool6,443.0,84.0,359.0,21.0,45.0,0.4666666666666667,717.0,725.0,924.0,71.0,,,,,,,,,,,,,,,,,,,,,,,,,,,,,,,
A_original_Danish_pivotal_endpoints,policy_analysis/danish_specific_early.csv,DK1,M1,q90,pivotal_parent_onset,gate019_rise,542.0,86.0,456.0,18.0,45.0,0.4,717.0,725.0,924.0,71.0,,,,,,,,,,,,,,,,,,,,,,,,,,,,,,,
A_original_Danish_pivotal_endpoints,policy_analysis/danish_specific_early.csv,DK1,M1,q90,pivotal_reclustered,none,0.0,0.0,0.0,0.0,63.0,0.0,717.0,725.0,924.0,71.0,,,,,,,,,,,,,,,,,,,,,,,,,,,,,,,
A_original_Danish_pivotal_endpoints,policy_analysis/danish_specific_early.csv,DK1,M1,q90,pivotal_reclustered,top1,725.0,63.0,662.0,22.0,63.0,0.3492063492063492,717.0,725.0,924.0,71.0,,,,,,,,,,,,,,,,,,,,,,,,,,,,,,,
A_original_Danish_pivotal_endpoints,policy_analysis/danish_specific_early.csv,DK1,M1,q90,pivotal_reclustered,top2,1450.0,117.0,1333.0,25.0,63.0,0.3968253968253968,717.0,725.0,924.0,71.0,,,,,,,,,,,,,,,,,,,,,,,,,,,,,,,
A_original_Danish_pivotal_endpoints,policy_analysis/danish_specific_early.csv,DK1,M1,q90,pivotal_reclustered,gate025,477.0,101.0,376.0,25.0,63.0,0.3968253968253968,717.0,725.0,924.0,71.0,,,,,,,,,,,,,,,,,,,,,,,,,,,,,,,
A_original_Danish_pivotal_endpoints,policy_analysis/danish_specific_early.csv,DK1,M1,q90,pivotal_reclustered,inherited_priority019,446.0,78.0,368.0,24.0,63.0,0.3809523809523809,717.0,725.0,924.0,71.0,,,,,,,,,,,,,,,,,,,,,,,,,,,,,,,
A_original_Danish_pivotal_endpoints,policy_analysis/danish_specific_early.csv,DK1,M1,q90,pivotal_reclustered,gate025_cool6,379.0,82.0,297.0,29.0,63.0,0.4603174603174603,717.0,725.0,924.0,71.0,,,,,,,,,,,,,,,,,,,,,,,,,,,,,,,
A_original_Danish_pivotal_endpoints,policy_analysis/danish_specific_early.csv,DK1,M1,q90,pivotal_reclustered,gate025_rise,477.0,83.0,394.0,22.0,63.0,0.3492063492063492,717.0,725.0,924.0,71.0,,,,,,,,,,,,,,,,,,,,,,,,,,,,,,,
A_original_Danish_pivotal_endpoints,policy_analysis/danish_specific_early.csv,DK1,M1,q90,pivotal_reclustered,gate025_rise_cool6,386.0,78.0,308.0,24.0,63.0,0.3809523809523809,717.0,725.0,924.0,71.0,,,,,,,,,,,,,,,,,,,,,,,,,,,,,,,
A_original_Danish_pivotal_endpoints,policy_analysis/danish_specific_early.csv,DK1,M1,q90,pivotal_reclustered,rolling90_target05,359.0,83.0,276.0,20.0,63.0,0.3174603174603174,717.0,725.0,924.0,71.0,,,,,,,,,,,,,,,,,,,,,,,,,,,,,,,
A_original_Danish_pivotal_endpoints,policy_analysis/danish_specific_early.csv,DK1,M1,q90,pivotal_reclustered,development_count_gate,609.0,111.0,498.0,25.0,63.0,0.3968253968253968,717.0,725.0,924.0,71.0,,,,,,,,,,,,,,,,,,,,,,,,,,,,,,,
A_original_Danish_pivotal_endpoints,policy_analysis/danish_specific_early.csv,DK1,M1,q90,pivotal_reclustered,gate019,542.0,104.0,438.0,25.0,63.0,0.3968253968253968,717.0,725.0,924.0,71.0,,,,,,,,,,,,,,,,,,,,,,,,,,,,,,,
A_original_Danish_pivotal_endpoints,policy_analysis/danish_specific_early.csv,DK1,M1,q90,pivotal_reclustered,gate019_cool6,443.0,84.0,359.0,29.0,63.0,0.4603174603174603,717.0,725.0,924.0,71.0,,,,,,,,,,,,,,,,,,,,,,,,,,,,,,,
A_original_Danish_pivotal_endpoints,policy_analysis/danish_specific_early.csv,DK1,M1,q90,pivotal_reclustered,gate019_rise,542.0,86.0,456.0,22.0,63.0,0.3492063492063492,717.0,725.0,924.0,71.0,,,,,,,,,,,,,,,,,,,,,,,,,,,,,,,
A_original_Danish_pivotal_endpoints,policy_analysis/danish_specific_early.csv,DK1,M2,q90,pivotal_parent_onset,none,0.0,0.0,0.0,0.0,45.0,0.0,717.0,725.0,924.0,71.0,,,,,,,,,,,,,,,,,,,,,,,,,,,,,,,
A_original_Danish_pivotal_endpoints,policy_analysis/danish_specific_early.csv,DK1,M2,q90,pivotal_parent_onset,top1,725.0,63.0,662.0,18.0,45.0,0.4,717.0,725.0,924.0,71.0,,,,,,,,,,,,,,,,,,,,,,,,,,,,,,,
A_original_Danish_pivotal_endpoints,policy_analysis/danish_specific_early.csv,DK1,M2,q90,pivotal_parent_onset,top2,1450.0,118.0,1332.0,23.0,45.0,0.5111111111111111,717.0,725.0,924.0,71.0,,,,,,,,,,,,,,,,,,,,,,,,,,,,,,,
A_original_Danish_pivotal_endpoints,policy_analysis/danish_specific_early.csv,DK1,M2,q90,pivotal_parent_onset,gate025,468.0,99.0,369.0,22.0,45.0,0.4888888888888889,717.0,725.0,924.0,71.0,,,,,,,,,,,,,,,,,,,,,,,,,,,,,,,
A_original_Danish_pivotal_endpoints,policy_analysis/danish_specific_early.csv,DK1,M2,q90,pivotal_parent_onset,inherited_priority019,432.0,79.0,353.0,19.0,45.0,0.4222222222222222,717.0,725.0,924.0,71.0,,,,,,,,,,,,,,,,,,,,,,,,,,,,,,,
A_original_Danish_pivotal_endpoints,policy_analysis/danish_specific_early.csv,DK1,M2,q90,pivotal_parent_onset,gate025_cool6,369.0,80.0,289.0,19.0,45.0,0.4222222222222222,717.0,725.0,924.0,71.0,,,,,,,,,,,,,,,,,,,,,,,,,,,,,,,
A_original_Danish_pivotal_endpoints,policy_analysis/danish_specific_early.csv,DK1,M2,q90,pivotal_parent_onset,gate025_rise,468.0,85.0,383.0,20.0,45.0,0.4444444444444444,717.0,725.0,924.0,71.0,,,,,,,,,,,,,,,,,,,,,,,,,,,,,,,
A_original_Danish_pivotal_endpoints,policy_analysis/danish_specific_early.csv,DK1,M2,q90,pivotal_parent_onset,gate025_rise_cool6,380.0,78.0,302.0,20.0,45.0,0.4444444444444444,717.0,725.0,924.0,71.0,,,,,,,,,,,,,,,,,,,,,,,,,,,,,,,
A_original_Danish_pivotal_endpoints,policy_analysis/danish_specific_early.csv,DK1,M2,q90,pivotal_parent_onset,rolling90_target05,359.0,82.0,277.0,17.0,45.0,0.3777777777777777,717.0,725.0,924.0,71.0,,,,,,,,,,,,,,,,,,,,,,,,,,,,,,,
A_original_Danish_pivotal_endpoints,policy_analysis/danish_specific_early.csv,DK1,M2,q90,pivotal_parent_onset,development_count_gate,597.0,109.0,488.0,23.0,45.0,0.5111111111111111,717.0,725.0,924.0,71.0,,,,,,,,,,,,,,,,,,,,,,,,,,,,,,,
A_original_Danish_pivotal_endpoints,policy_analysis/danish_specific_early.csv,DK1,M2,q90,pivotal_parent_onset,gate019,527.0,104.0,423.0,23.0,45.0,0.5111111111111111,717.0,725.0,924.0,71.0,,,,,,,,,,,,,,,,,,,,,,,,,,,,,,,
A_original_Danish_pivotal_endpoints,policy_analysis/danish_specific_early.csv,DK1,M2,q90,pivotal_parent_onset,gate019_cool6,425.0,85.0,340.0,21.0,45.0,0.4666666666666667,717.0,725.0,924.0,71.0,,,,,,,,,,,,,,,,,,,,,,,,,,,,,,,
A_original_Danish_pivotal_endpoints,policy_analysis/danish_specific_early.csv,DK1,M2,q90,pivotal_parent_onset,gate019_rise,527.0,90.0,437.0,20.0,45.0,0.4444444444444444,717.0,725.0,924.0,71.0,,,,,,,,,,,,,,,,,,,,,,,,,,,,,,,
A_original_Danish_pivotal_endpoints,policy_analysis/danish_specific_early.csv,DK1,M2,q90,pivotal_reclustered,none,0.0,0.0,0.0,0.0,63.0,0.0,717.0,725.0,924.0,71.0,,,,,,,,,,,,,,,,,,,,,,,,,,,,,,,
A_original_Danish_pivotal_endpoints,policy_analysis/danish_specific_early.csv,DK1,M2,q90,pivotal_reclustered,top1,725.0,63.0,662.0,21.0,63.0,0.3333333333333333,717.0,725.0,924.0,71.0,,,,,,,,,,,,,,,,,,,,,,,,,,,,,,,
A_original_Danish_pivotal_endpoints,policy_analysis/danish_specific_early.csv,DK1,M2,q90,pivotal_reclustered,top2,1450.0,118.0,1332.0,27.0,63.0,0.4285714285714285,717.0,725.0,924.0,71.0,,,,,,,,,,,,,,,,,,,,,,,,,,,,,,,
A_original_Danish_pivotal_endpoints,policy_analysis/danish_specific_early.csv,DK1,M2,q90,pivotal_reclustered,gate025,468.0,99.0,369.0,25.0,63.0,0.3968253968253968,717.0,725.0,924.0,71.0,,,,,,,,,,,,,,,,,,,,,,,,,,,,,,,
A_original_Danish_pivotal_endpoints,policy_analysis/danish_specific_early.csv,DK1,M2,q90,pivotal_reclustered,inherited_priority019,432.0,79.0,353.0,26.0,63.0,0.4126984126984127,717.0,725.0,924.0,71.0,,,,,,,,,,,,,,,,,,,,,,,,,,,,,,,
A_original_Danish_pivotal_endpoints,policy_analysis/danish_specific_early.csv,DK1,M2,q90,pivotal_reclustered,gate025_cool6,369.0,80.0,289.0,27.0,63.0,0.4285714285714285,717.0,725.0,924.0,71.0,,,,,,,,,,,,,,,,,,,,,,,,,,,,,,,
A_original_Danish_pivotal_endpoints,policy_analysis/danish_specific_early.csv,DK1,M2,q90,pivotal_reclustered,gate025_rise,468.0,85.0,383.0,25.0,63.0,0.3968253968253968,717.0,725.0,924.0,71.0,,,,,,,,,,,,,,,,,,,,,,,,,,,,,,,
A_original_Danish_pivotal_endpoints,policy_analysis/danish_specific_early.csv,DK1,M2,q90,pivotal_reclustered,gate025_rise_cool6,380.0,78.0,302.0,27.0,63.0,0.4285714285714285,717.0,725.0,924.0,71.0,,,,,,,,,,,,,,,,,,,,,,,,,,,,,,,
A_original_Danish_pivotal_endpoints,policy_analysis/danish_specific_early.csv,DK1,M2,q90,pivotal_reclustered,rolling90_target05,359.0,82.0,277.0,20.0,63.0,0.3174603174603174,717.0,725.0,924.0,71.0,,,,,,,,,,,,,,,,,,,,,,,,,,,,,,,
A_original_Danish_pivotal_endpoints,policy_analysis/danish_specific_early.csv,DK1,M2,q90,pivotal_reclustered,development_count_gate,597.0,109.0,488.0,26.0,63.0,0.4126984126984127,717.0,725.0,924.0,71.0,,,,,,,,,,,,,,,,,,,,,,,,,,,,,,,
A_original_Danish_pivotal_endpoints,policy_analysis/danish_specific_early.csv,DK1,M2,q90,pivotal_reclustered,gate019,527.0,104.0,423.0,26.0,63.0,0.4126984126984127,717.0,725.0,924.0,71.0,,,,,,,,,,,,,,,,,,,,,,,,,,,,,,,
A_original_Danish_pivotal_endpoints,policy_analysis/danish_specific_early.csv,DK1,M2,q90,pivotal_reclustered,gate019_cool6,425.0,85.0,340.0,29.0,63.0,0.4603174603174603,717.0,725.0,924.0,71.0,,,,,,,,,,,,,,,,,,,,,,,,,,,,,,,
A_original_Danish_pivotal_endpoints,policy_analysis/danish_specific_early.csv,DK1,M2,q90,pivotal_reclustered,gate019_rise,527.0,90.0,437.0,25.0,63.0,0.3968253968253968,717.0,725.0,924.0,71.0,,,,,,,,,,,,,,,,,,,,,,,,,,,,,,,
A_original_Danish_pivotal_endpoints,policy_analysis/danish_specific_early.csv,DK1,M3,q90,pivotal_parent_onset,none,0.0,0.0,0.0,0.0,45.0,0.0,717.0,725.0,924.0,71.0,,,,,,,,,,,,,,,,,,,,,,,,,,,,,,,
A_original_Danish_pivotal_endpoints,policy_analysis/danish_specific_early.csv,DK1,M3,q90,pivotal_parent_onset,top1,725.0,63.0,662.0,19.0,45.0,0.4222222222222222,717.0,725.0,924.0,71.0,,,,,,,,,,,,,,,,,,,,,,,,,,,,,,,
A_original_Danish_pivotal_endpoints,policy_analysis/danish_specific_early.csv,DK1,M3,q90,pivotal_parent_onset,top2,1450.0,118.0,1332.0,23.0,45.0,0.5111111111111111,717.0,725.0,924.0,71.0,,,,,,,,,,,,,,,,,,,,,,,,,,,,,,,
A_original_Danish_pivotal_endpoints,policy_analysis/danish_specific_early.csv,DK1,M3,q90,pivotal_parent_onset,gate025,471.0,101.0,370.0,22.0,45.0,0.4888888888888889,717.0,725.0,924.0,71.0,,,,,,,,,,,,,,,,,,,,,,,,,,,,,,,
A_original_Danish_pivotal_endpoints,policy_analysis/danish_specific_early.csv,DK1,M3,q90,pivotal_parent_onset,inherited_priority019,446.0,80.0,366.0,19.0,45.0,0.4222222222222222,717.0,725.0,924.0,71.0,,,,,,,,,,,,,,,,,,,,,,,,,,,,,,,
A_original_Danish_pivotal_endpoints,policy_analysis/danish_specific_early.csv,DK1,M3,q90,pivotal_parent_onset,gate025_cool6,375.0,82.0,293.0,20.0,45.0,0.4444444444444444,717.0,725.0,924.0,71.0,,,,,,,,,,,,,,,,,,,,,,,,,,,,,,,
A_original_Danish_pivotal_endpoints,policy_analysis/danish_specific_early.csv,DK1,M3,q90,pivotal_parent_onset,gate025_rise,471.0,83.0,388.0,18.0,45.0,0.4,717.0,725.0,924.0,71.0,,,,,,,,,,,,,,,,,,,,,,,,,,,,,,,
A_original_Danish_pivotal_endpoints,policy_analysis/danish_specific_early.csv,DK1,M3,q90,pivotal_parent_onset,gate025_rise_cool6,384.0,80.0,304.0,19.0,45.0,0.4222222222222222,717.0,725.0,924.0,71.0,,,,,,,,,,,,,,,,,,,,,,,,,,,,,,,
A_original_Danish_pivotal_endpoints,policy_analysis/danish_specific_early.csv,DK1,M3,q90,pivotal_parent_onset,rolling90_target05,359.0,84.0,275.0,17.0,45.0,0.3777777777777777,717.0,725.0,924.0,71.0,,,,,,,,,,,,,,,,,,,,,,,,,,,,,,,
A_original_Danish_pivotal_endpoints,policy_analysis/danish_specific_early.csv,DK1,M3,q90,pivotal_parent_onset,development_count_gate,609.0,110.0,499.0,22.0,45.0,0.4888888888888889,717.0,725.0,924.0,71.0,,,,,,,,,,,,,,,,,,,,,,,,,,,,,,,
A_original_Danish_pivotal_endpoints,policy_analysis/danish_specific_early.csv,DK1,M3,q90,pivotal_parent_onset,gate019,542.0,104.0,438.0,22.0,45.0,0.4888888888888889,717.0,725.0,924.0,71.0,,,,,,,,,,,,,,,,,,,,,,,,,,,,,,,
A_original_Danish_pivotal_endpoints,policy_analysis/danish_specific_early.csv,DK1,M3,q90,pivotal_parent_onset,gate019_cool6,440.0,84.0,356.0,20.0,45.0,0.4444444444444444,717.0,725.0,924.0,71.0,,,,,,,,,,,,,,,,,,,,,,,,,,,,,,,
A_original_Danish_pivotal_endpoints,policy_analysis/danish_specific_early.csv,DK1,M3,q90,pivotal_parent_onset,gate019_rise,542.0,86.0,456.0,18.0,45.0,0.4,717.0,725.0,924.0,71.0,,,,,,,,,,,,,,,,,,,,,,,,,,,,,,,
A_original_Danish_pivotal_endpoints,policy_analysis/danish_specific_early.csv,DK1,M3,q90,pivotal_reclustered,none,0.0,0.0,0.0,0.0,63.0,0.0,717.0,725.0,924.0,71.0,,,,,,,,,,,,,,,,,,,,,,,,,,,,,,,
A_original_Danish_pivotal_endpoints,policy_analysis/danish_specific_early.csv,DK1,M3,q90,pivotal_reclustered,top1,725.0,63.0,662.0,22.0,63.0,0.3492063492063492,717.0,725.0,924.0,71.0,,,,,,,,,,,,,,,,,,,,,,,,,,,,,,,
A_original_Danish_pivotal_endpoints,policy_analysis/danish_specific_early.csv,DK1,M3,q90,pivotal_reclustered,top2,1450.0,118.0,1332.0,26.0,63.0,0.4126984126984127,717.0,725.0,924.0,71.0,,,,,,,,,,,,,,,,,,,,,,,,,,,,,,,
A_original_Danish_pivotal_endpoints,policy_analysis/danish_specific_early.csv,DK1,M3,q90,pivotal_reclustered,gate025,471.0,101.0,370.0,25.0,63.0,0.3968253968253968,717.0,725.0,924.0,71.0,,,,,,,,,,,,,,,,,,,,,,,,,,,,,,,
A_original_Danish_pivotal_endpoints,policy_analysis/danish_specific_early.csv,DK1,M3,q90,pivotal_reclustered,inherited_priority019,446.0,80.0,366.0,25.0,63.0,0.3968253968253968,717.0,725.0,924.0,71.0,,,,,,,,,,,,,,,,,,,,,,,,,,,,,,,
A_original_Danish_pivotal_endpoints,policy_analysis/danish_specific_early.csv,DK1,M3,q90,pivotal_reclustered,gate025_cool6,375.0,82.0,293.0,28.0,63.0,0.4444444444444444,717.0,725.0,924.0,71.0,,,,,,,,,,,,,,,,,,,,,,,,,,,,,,,
A_original_Danish_pivotal_endpoints,policy_analysis/danish_specific_early.csv,DK1,M3,q90,pivotal_reclustered,gate025_rise,471.0,83.0,388.0,22.0,63.0,0.3492063492063492,717.0,725.0,924.0,71.0,,,,,,,,,,,,,,,,,,,,,,,,,,,,,,,
A_original_Danish_pivotal_endpoints,policy_analysis/danish_specific_early.csv,DK1,M3,q90,pivotal_reclustered,gate025_rise_cool6,384.0,80.0,304.0,25.0,63.0,0.3968253968253968,717.0,725.0,924.0,71.0,,,,,,,,,,,,,,,,,,,,,,,,,,,,,,,
A_original_Danish_pivotal_endpoints,policy_analysis/danish_specific_early.csv,DK1,M3,q90,pivotal_reclustered,rolling90_target05,359.0,84.0,275.0,20.0,63.0,0.3174603174603174,717.0,725.0,924.0,71.0,,,,,,,,,,,,,,,,,,,,,,,,,,,,,,,
A_original_Danish_pivotal_endpoints,policy_analysis/danish_specific_early.csv,DK1,M3,q90,pivotal_reclustered,development_count_gate,609.0,110.0,499.0,25.0,63.0,0.3968253968253968,717.0,725.0,924.0,71.0,,,,,,,,,,,,,,,,,,,,,,,,,,,,,,,
A_original_Danish_pivotal_endpoints,policy_analysis/danish_specific_early.csv,DK1,M3,q90,pivotal_reclustered,gate019,542.0,104.0,438.0,25.0,63.0,0.3968253968253968,717.0,725.0,924.0,71.0,,,,,,,,,,,,,,,,,,,,,,,,,,,,,,,
A_original_Danish_pivotal_endpoints,policy_analysis/danish_specific_early.csv,DK1,M3,q90,pivotal_reclustered,gate019_cool6,440.0,84.0,356.0,28.0,63.0,0.4444444444444444,717.0,725.0,924.0,71.0,,,,,,,,,,,,,,,,,,,,,,,,,,,,,,,
A_original_Danish_pivotal_endpoints,policy_analysis/danish_specific_early.csv,DK1,M3,q90,pivotal_reclustered,gate019_rise,542.0,86.0,456.0,22.0,63.0,0.3492063492063492,717.0,725.0,924.0,71.0,,,,,,,,,,,,,,,,,,,,,,,,,,,,,,,
A_original_Danish_pivotal_endpoints,policy_analysis/danish_specific_early.csv,DK1,M0,q95,pivotal_parent_onset,none,0.0,0.0,0.0,0.0,35.0,0.0,377.0,725.0,408.0,58.0,,,,,,,,,,,,,,,,,,,,,,,,,,,,,,,
A_original_Danish_pivotal_endpoints,policy_analysis/danish_specific_early.csv,DK1,M0,q95,pivotal_parent_onset,top1,725.0,39.0,686.0,15.0,35.0,0.4285714285714285,377.0,725.0,408.0,58.0,,,,,,,,,,,,,,,,,,,,,,,,,,,,,,,
A_original_Danish_pivotal_endpoints,policy_analysis/danish_specific_early.csv,DK1,M0,q95,pivotal_parent_onset,top2,1450.0,80.0,1370.0,19.0,35.0,0.5428571428571428,377.0,725.0,408.0,58.0,,,,,,,,,,,,,,,,,,,,,,,,,,,,,,,
A_original_Danish_pivotal_endpoints,policy_analysis/danish_specific_early.csv,DK1,M0,q95,pivotal_parent_onset,gate025,266.0,55.0,211.0,12.0,35.0,0.3428571428571428,377.0,725.0,408.0,58.0,,,,,,,,,,,,,,,,,,,,,,,,,,,,,,,
A_original_Danish_pivotal_endpoints,policy_analysis/danish_specific_early.csv,DK1,M0,q95,pivotal_parent_onset,inherited_priority019,250.0,38.0,212.0,8.0,35.0,0.2285714285714285,377.0,725.0,408.0,58.0,,,,,,,,,,,,,,,,,,,,,,,,,,,,,,,
A_original_Danish_pivotal_endpoints,policy_analysis/danish_specific_early.csv,DK1,M0,q95,pivotal_parent_onset,gate025_cool6,200.0,39.0,161.0,9.0,35.0,0.2571428571428571,377.0,725.0,408.0,58.0,,,,,,,,,,,,,,,,,,,,,,,,,,,,,,,
A_original_Danish_pivotal_endpoints,policy_analysis/danish_specific_early.csv,DK1,M0,q95,pivotal_parent_onset,gate025_rise,266.0,46.0,220.0,13.0,35.0,0.3714285714285714,377.0,725.0,408.0,58.0,,,,,,,,,,,,,,,,,,,,,,,,,,,,,,,
A_original_Danish_pivotal_endpoints,policy_analysis/danish_specific_early.csv,DK1,M0,q95,pivotal_parent_onset,gate025_rise_cool6,205.0,35.0,170.0,7.0,35.0,0.2,377.0,725.0,408.0,58.0,,,,,,,,,,,,,,,,,,,,,,,,,,,,,,,
A_original_Danish_pivotal_endpoints,policy_analysis/danish_specific_early.csv,DK1,M0,q95,pivotal_parent_onset,rolling90_target05,354.0,65.0,289.0,17.0,35.0,0.4857142857142857,377.0,725.0,408.0,58.0,,,,,,,,,,,,,,,,,,,,,,,,,,,,,,,
A_original_Danish_pivotal_endpoints,policy_analysis/danish_specific_early.csv,DK1,M0,q95,pivotal_parent_onset,development_count_gate,546.0,76.0,470.0,19.0,35.0,0.5428571428571428,377.0,725.0,408.0,58.0,,,,,,,,,,,,,,,,,,,,,,,,,,,,,,,
A_original_Danish_pivotal_endpoints,policy_analysis/danish_specific_early.csv,DK1,M0,q95,pivotal_parent_onset,gate019,327.0,62.0,265.0,14.0,35.0,0.4,377.0,725.0,408.0,58.0,,,,,,,,,,,,,,,,,,,,,,,,,,,,,,,
A_original_Danish_pivotal_endpoints,policy_analysis/danish_specific_early.csv,DK1,M0,q95,pivotal_parent_onset,gate019_cool6,245.0,41.0,204.0,10.0,35.0,0.2857142857142857,377.0,725.0,408.0,58.0,,,,,,,,,,,,,,,,,,,,,,,,,,,,,,,
A_original_Danish_pivotal_endpoints,policy_analysis/danish_specific_early.csv,DK1,M0,q95,pivotal_parent_onset,gate019_rise,327.0,52.0,275.0,15.0,35.0,0.4285714285714285,377.0,725.0,408.0,58.0,,,,,,,,,,,,,,,,,,,,,,,,,,,,,,,
A_original_Danish_pivotal_endpoints,policy_analysis/danish_specific_early.csv,DK1,M0,q95,pivotal_reclustered,none,0.0,0.0,0.0,0.0,43.0,0.0,377.0,725.0,408.0,58.0,,,,,,,,,,,,,,,,,,,,,,,,,,,,,,,
A_original_Danish_pivotal_endpoints,policy_analysis/danish_specific_early.csv,DK1,M0,q95,pivotal_reclustered,top1,725.0,39.0,686.0,18.0,43.0,0.4186046511627907,377.0,725.0,408.0,58.0,,,,,,,,,,,,,,,,,,,,,,,,,,,,,,,
A_original_Danish_pivotal_endpoints,policy_analysis/danish_specific_early.csv,DK1,M0,q95,pivotal_reclustered,top2,1450.0,80.0,1370.0,22.0,43.0,0.5116279069767442,377.0,725.0,408.0,58.0,,,,,,,,,,,,,,,,,,,,,,,,,,,,,,,
A_original_Danish_pivotal_endpoints,policy_analysis/danish_specific_early.csv,DK1,M0,q95,pivotal_reclustered,gate025,266.0,55.0,211.0,15.0,43.0,0.3488372093023256,377.0,725.0,408.0,58.0,,,,,,,,,,,,,,,,,,,,,,,,,,,,,,,
A_original_Danish_pivotal_endpoints,policy_analysis/danish_specific_early.csv,DK1,M0,q95,pivotal_reclustered,inherited_priority019,250.0,38.0,212.0,11.0,43.0,0.2558139534883721,377.0,725.0,408.0,58.0,,,,,,,,,,,,,,,,,,,,,,,,,,,,,,,
A_original_Danish_pivotal_endpoints,policy_analysis/danish_specific_early.csv,DK1,M0,q95,pivotal_reclustered,gate025_cool6,200.0,39.0,161.0,12.0,43.0,0.2790697674418604,377.0,725.0,408.0,58.0,,,,,,,,,,,,,,,,,,,,,,,,,,,,,,,
A_original_Danish_pivotal_endpoints,policy_analysis/danish_specific_early.csv,DK1,M0,q95,pivotal_reclustered,gate025_rise,266.0,46.0,220.0,16.0,43.0,0.3720930232558139,377.0,725.0,408.0,58.0,,,,,,,,,,,,,,,,,,,,,,,,,,,,,,,
A_original_Danish_pivotal_endpoints,policy_analysis/danish_specific_early.csv,DK1,M0,q95,pivotal_reclustered,gate025_rise_cool6,205.0,35.0,170.0,10.0,43.0,0.2325581395348837,377.0,725.0,408.0,58.0,,,,,,,,,,,,,,,,,,,,,,,,,,,,,,,
A_original_Danish_pivotal_endpoints,policy_analysis/danish_specific_early.csv,DK1,M0,q95,pivotal_reclustered,rolling90_target05,354.0,65.0,289.0,20.0,43.0,0.4651162790697674,377.0,725.0,408.0,58.0,,,,,,,,,,,,,,,,,,,,,,,,,,,,,,,
A_original_Danish_pivotal_endpoints,policy_analysis/danish_specific_early.csv,DK1,M0,q95,pivotal_reclustered,development_count_gate,546.0,76.0,470.0,22.0,43.0,0.5116279069767442,377.0,725.0,408.0,58.0,,,,,,,,,,,,,,,,,,,,,,,,,,,,,,,
A_original_Danish_pivotal_endpoints,policy_analysis/danish_specific_early.csv,DK1,M0,q95,pivotal_reclustered,gate019,327.0,62.0,265.0,17.0,43.0,0.3953488372093023,377.0,725.0,408.0,58.0,,,,,,,,,,,,,,,,,,,,,,,,,,,,,,,
A_original_Danish_pivotal_endpoints,policy_analysis/danish_specific_early.csv,DK1,M0,q95,pivotal_reclustered,gate019_cool6,245.0,41.0,204.0,13.0,43.0,0.3023255813953488,377.0,725.0,408.0,58.0,,,,,,,,,,,,,,,,,,,,,,,,,,,,,,,
A_original_Danish_pivotal_endpoints,policy_analysis/danish_specific_early.csv,DK1,M0,q95,pivotal_reclustered,gate019_rise,327.0,52.0,275.0,18.0,43.0,0.4186046511627907,377.0,725.0,408.0,58.0,,,,,,,,,,,,,,,,,,,,,,,,,,,,,,,
A_original_Danish_pivotal_endpoints,policy_analysis/danish_specific_early.csv,DK1,M1,q95,pivotal_parent_onset,none,0.0,0.0,0.0,0.0,35.0,0.0,377.0,725.0,408.0,58.0,,,,,,,,,,,,,,,,,,,,,,,,,,,,,,,
A_original_Danish_pivotal_endpoints,policy_analysis/danish_specific_early.csv,DK1,M1,q95,pivotal_parent_onset,top1,725.0,39.0,686.0,15.0,35.0,0.4285714285714285,377.0,725.0,408.0,58.0,,,,,,,,,,,,,,,,,,,,,,,,,,,,,,,
A_original_Danish_pivotal_endpoints,policy_analysis/danish_specific_early.csv,DK1,M1,q95,pivotal_parent_onset,top2,1450.0,77.0,1373.0,18.0,35.0,0.5142857142857142,377.0,725.0,408.0,58.0,,,,,,,,,,,,,,,,,,,,,,,,,,,,,,,
A_original_Danish_pivotal_endpoints,policy_analysis/danish_specific_early.csv,DK1,M1,q95,pivotal_parent_onset,gate025,279.0,55.0,224.0,12.0,35.0,0.3428571428571428,377.0,725.0,408.0,58.0,,,,,,,,,,,,,,,,,,,,,,,,,,,,,,,
A_original_Danish_pivotal_endpoints,policy_analysis/danish_specific_early.csv,DK1,M1,q95,pivotal_parent_onset,inherited_priority019,265.0,44.0,221.0,11.0,35.0,0.3142857142857143,377.0,725.0,408.0,58.0,,,,,,,,,,,,,,,,,,,,,,,,,,,,,,,
A_original_Danish_pivotal_endpoints,policy_analysis/danish_specific_early.csv,DK1,M1,q95,pivotal_parent_onset,gate025_cool6,205.0,41.0,164.0,11.0,35.0,0.3142857142857143,377.0,725.0,408.0,58.0,,,,,,,,,,,,,,,,,,,,,,,,,,,,,,,
A_original_Danish_pivotal_endpoints,policy_analysis/danish_specific_early.csv,DK1,M1,q95,pivotal_parent_onset,gate025_rise,279.0,51.0,228.0,15.0,35.0,0.4285714285714285,377.0,725.0,408.0,58.0,,,,,,,,,,,,,,,,,,,,,,,,,,,,,,,
A_original_Danish_pivotal_endpoints,policy_analysis/danish_specific_early.csv,DK1,M1,q95,pivotal_parent_onset,gate025_rise_cool6,211.0,37.0,174.0,8.0,35.0,0.2285714285714285,377.0,725.0,408.0,58.0,,,,,,,,,,,,,,,,,,,,,,,,,,,,,,,
A_original_Danish_pivotal_endpoints,policy_analysis/danish_specific_early.csv,DK1,M1,q95,pivotal_parent_onset,rolling90_target05,355.0,66.0,289.0,17.0,35.0,0.4857142857142857,377.0,725.0,408.0,58.0,,,,,,,,,,,,,,,,,,,,,,,,,,,,,,,
A_original_Danish_pivotal_endpoints,policy_analysis/danish_specific_early.csv,DK1,M1,q95,pivotal_parent_onset,development_count_gate,537.0,73.0,464.0,18.0,35.0,0.5142857142857142,377.0,725.0,408.0,58.0,,,,,,,,,,,,,,,,,,,,,,,,,,,,,,,
A_original_Danish_pivotal_endpoints,policy_analysis/danish_specific_early.csv,DK1,M1,q95,pivotal_parent_onset,gate019,347.0,63.0,284.0,15.0,35.0,0.4285714285714285,377.0,725.0,408.0,58.0,,,,,,,,,,,,,,,,,,,,,,,,,,,,,,,
A_original_Danish_pivotal_endpoints,policy_analysis/danish_specific_early.csv,DK1,M1,q95,pivotal_parent_onset,gate019_cool6,261.0,48.0,213.0,14.0,35.0,0.4,377.0,725.0,408.0,58.0,,,,,,,,,,,,,,,,,,,,,,,,,,,,,,,
A_original_Danish_pivotal_endpoints,policy_analysis/danish_specific_early.csv,DK1,M1,q95,pivotal_parent_onset,gate019_rise,347.0,60.0,287.0,18.0,35.0,0.5142857142857142,377.0,725.0,408.0,58.0,,,,,,,,,,,,,,,,,,,,,,,,,,,,,,,
A_original_Danish_pivotal_endpoints,policy_analysis/danish_specific_early.csv,DK1,M1,q95,pivotal_reclustered,none,0.0,0.0,0.0,0.0,43.0,0.0,377.0,725.0,408.0,58.0,,,,,,,,,,,,,,,,,,,,,,,,,,,,,,,
A_original_Danish_pivotal_endpoints,policy_analysis/danish_specific_early.csv,DK1,M1,q95,pivotal_reclustered,top1,725.0,39.0,686.0,18.0,43.0,0.4186046511627907,377.0,725.0,408.0,58.0,,,,,,,,,,,,,,,,,,,,,,,,,,,,,,,
A_original_Danish_pivotal_endpoints,policy_analysis/danish_specific_early.csv,DK1,M1,q95,pivotal_reclustered,top2,1450.0,77.0,1373.0,21.0,43.0,0.4883720930232558,377.0,725.0,408.0,58.0,,,,,,,,,,,,,,,,,,,,,,,,,,,,,,,
A_original_Danish_pivotal_endpoints,policy_analysis/danish_specific_early.csv,DK1,M1,q95,pivotal_reclustered,gate025,279.0,55.0,224.0,15.0,43.0,0.3488372093023256,377.0,725.0,408.0,58.0,,,,,,,,,,,,,,,,,,,,,,,,,,,,,,,
A_original_Danish_pivotal_endpoints,policy_analysis/danish_specific_early.csv,DK1,M1,q95,pivotal_reclustered,inherited_priority019,265.0,44.0,221.0,14.0,43.0,0.3255813953488372,377.0,725.0,408.0,58.0,,,,,,,,,,,,,,,,,,,,,,,,,,,,,,,
A_original_Danish_pivotal_endpoints,policy_analysis/danish_specific_early.csv,DK1,M1,q95,pivotal_reclustered,gate025_cool6,205.0,41.0,164.0,14.0,43.0,0.3255813953488372,377.0,725.0,408.0,58.0,,,,,,,,,,,,,,,,,,,,,,,,,,,,,,,
A_original_Danish_pivotal_endpoints,policy_analysis/danish_specific_early.csv,DK1,M1,q95,pivotal_reclustered,gate025_rise,279.0,51.0,228.0,18.0,43.0,0.4186046511627907,377.0,725.0,408.0,58.0,,,,,,,,,,,,,,,,,,,,,,,,,,,,,,,
A_original_Danish_pivotal_endpoints,policy_analysis/danish_specific_early.csv,DK1,M1,q95,pivotal_reclustered,gate025_rise_cool6,211.0,37.0,174.0,11.0,43.0,0.2558139534883721,377.0,725.0,408.0,58.0,,,,,,,,,,,,,,,,,,,,,,,,,,,,,,,
A_original_Danish_pivotal_endpoints,policy_analysis/danish_specific_early.csv,DK1,M1,q95,pivotal_reclustered,rolling90_target05,355.0,66.0,289.0,20.0,43.0,0.4651162790697674,377.0,725.0,408.0,58.0,,,,,,,,,,,,,,,,,,,,,,,,,,,,,,,
A_original_Danish_pivotal_endpoints,policy_analysis/danish_specific_early.csv,DK1,M1,q95,pivotal_reclustered,development_count_gate,537.0,73.0,464.0,21.0,43.0,0.4883720930232558,377.0,725.0,408.0,58.0,,,,,,,,,,,,,,,,,,,,,,,,,,,,,,,
A_original_Danish_pivotal_endpoints,policy_analysis/danish_specific_early.csv,DK1,M1,q95,pivotal_reclustered,gate019,347.0,63.0,284.0,18.0,43.0,0.4186046511627907,377.0,725.0,408.0,58.0,,,,,,,,,,,,,,,,,,,,,,,,,,,,,,,
A_original_Danish_pivotal_endpoints,policy_analysis/danish_specific_early.csv,DK1,M1,q95,pivotal_reclustered,gate019_cool6,261.0,48.0,213.0,17.0,43.0,0.3953488372093023,377.0,725.0,408.0,58.0,,,,,,,,,,,,,,,,,,,,,,,,,,,,,,,
A_original_Danish_pivotal_endpoints,policy_analysis/danish_specific_early.csv,DK1,M1,q95,pivotal_reclustered,gate019_rise,347.0,60.0,287.0,21.0,43.0,0.4883720930232558,377.0,725.0,408.0,58.0,,,,,,,,,,,,,,,,,,,,,,,,,,,,,,,
A_original_Danish_pivotal_endpoints,policy_analysis/danish_specific_early.csv,DK1,M2,q95,pivotal_parent_onset,none,0.0,0.0,0.0,0.0,35.0,0.0,377.0,725.0,408.0,58.0,,,,,,,,,,,,,,,,,,,,,,,,,,,,,,,
A_original_Danish_pivotal_endpoints,policy_analysis/danish_specific_early.csv,DK1,M2,q95,pivotal_parent_onset,top1,725.0,39.0,686.0,14.0,35.0,0.4,377.0,725.0,408.0,58.0,,,,,,,,,,,,,,,,,,,,,,,,,,,,,,,
A_original_Danish_pivotal_endpoints,policy_analysis/danish_specific_early.csv,DK1,M2,q95,pivotal_parent_onset,top2,1450.0,81.0,1369.0,18.0,35.0,0.5142857142857142,377.0,725.0,408.0,58.0,,,,,,,,,,,,,,,,,,,,,,,,,,,,,,,
A_original_Danish_pivotal_endpoints,policy_analysis/danish_specific_early.csv,DK1,M2,q95,pivotal_parent_onset,gate025,260.0,54.0,206.0,12.0,35.0,0.3428571428571428,377.0,725.0,408.0,58.0,,,,,,,,,,,,,,,,,,,,,,,,,,,,,,,
A_original_Danish_pivotal_endpoints,policy_analysis/danish_specific_early.csv,DK1,M2,q95,pivotal_parent_onset,inherited_priority019,247.0,39.0,208.0,9.0,35.0,0.2571428571428571,377.0,725.0,408.0,58.0,,,,,,,,,,,,,,,,,,,,,,,,,,,,,,,
A_original_Danish_pivotal_endpoints,policy_analysis/danish_specific_early.csv,DK1,M2,q95,pivotal_parent_onset,gate025_cool6,197.0,38.0,159.0,9.0,35.0,0.2571428571428571,377.0,725.0,408.0,58.0,,,,,,,,,,,,,,,,,,,,,,,,,,,,,,,
A_original_Danish_pivotal_endpoints,policy_analysis/danish_specific_early.csv,DK1,M2,q95,pivotal_parent_onset,gate025_rise,260.0,45.0,215.0,13.0,35.0,0.3714285714285714,377.0,725.0,408.0,58.0,,,,,,,,,,,,,,,,,,,,,,,,,,,,,,,
A_original_Danish_pivotal_endpoints,policy_analysis/danish_specific_early.csv,DK1,M2,q95,pivotal_parent_onset,gate025_rise_cool6,201.0,34.0,167.0,8.0,35.0,0.2285714285714285,377.0,725.0,408.0,58.0,,,,,,,,,,,,,,,,,,,,,,,,,,,,,,,
A_original_Danish_pivotal_endpoints,policy_analysis/danish_specific_early.csv,DK1,M2,q95,pivotal_parent_onset,rolling90_target05,356.0,66.0,290.0,17.0,35.0,0.4857142857142857,377.0,725.0,408.0,58.0,,,,,,,,,,,,,,,,,,,,,,,,,,,,,,,
A_original_Danish_pivotal_endpoints,policy_analysis/danish_specific_early.csv,DK1,M2,q95,pivotal_parent_onset,development_count_gate,535.0,77.0,458.0,18.0,35.0,0.5142857142857142,377.0,725.0,408.0,58.0,,,,,,,,,,,,,,,,,,,,,,,,,,,,,,,
A_original_Danish_pivotal_endpoints,policy_analysis/danish_specific_early.csv,DK1,M2,q95,pivotal_parent_onset,gate019,328.0,63.0,265.0,14.0,35.0,0.4,377.0,725.0,408.0,58.0,,,,,,,,,,,,,,,,,,,,,,,,,,,,,,,
A_original_Danish_pivotal_endpoints,policy_analysis/danish_specific_early.csv,DK1,M2,q95,pivotal_parent_onset,gate019_cool6,243.0,41.0,202.0,10.0,35.0,0.2857142857142857,377.0,725.0,408.0,58.0,,,,,,,,,,,,,,,,,,,,,,,,,,,,,,,
A_original_Danish_pivotal_endpoints,policy_analysis/danish_specific_early.csv,DK1,M2,q95,pivotal_parent_onset,gate019_rise,328.0,52.0,276.0,15.0,35.0,0.4285714285714285,377.0,725.0,408.0,58.0,,,,,,,,,,,,,,,,,,,,,,,,,,,,,,,
A_original_Danish_pivotal_endpoints,policy_analysis/danish_specific_early.csv,DK1,M2,q95,pivotal_reclustered,none,0.0,0.0,0.0,0.0,43.0,0.0,377.0,725.0,408.0,58.0,,,,,,,,,,,,,,,,,,,,,,,,,,,,,,,
A_original_Danish_pivotal_endpoints,policy_analysis/danish_specific_early.csv,DK1,M2,q95,pivotal_reclustered,top1,725.0,39.0,686.0,17.0,43.0,0.3953488372093023,377.0,725.0,408.0,58.0,,,,,,,,,,,,,,,,,,,,,,,,,,,,,,,
A_original_Danish_pivotal_endpoints,policy_analysis/danish_specific_early.csv,DK1,M2,q95,pivotal_reclustered,top2,1450.0,81.0,1369.0,21.0,43.0,0.4883720930232558,377.0,725.0,408.0,58.0,,,,,,,,,,,,,,,,,,,,,,,,,,,,,,,
A_original_Danish_pivotal_endpoints,policy_analysis/danish_specific_early.csv,DK1,M2,q95,pivotal_reclustered,gate025,260.0,54.0,206.0,15.0,43.0,0.3488372093023256,377.0,725.0,408.0,58.0,,,,,,,,,,,,,,,,,,,,,,,,,,,,,,,
A_original_Danish_pivotal_endpoints,policy_analysis/danish_specific_early.csv,DK1,M2,q95,pivotal_reclustered,inherited_priority019,247.0,39.0,208.0,12.0,43.0,0.2790697674418604,377.0,725.0,408.0,58.0,,,,,,,,,,,,,,,,,,,,,,,,,,,,,,,
A_original_Danish_pivotal_endpoints,policy_analysis/danish_specific_early.csv,DK1,M2,q95,pivotal_reclustered,gate025_cool6,197.0,38.0,159.0,12.0,43.0,0.2790697674418604,377.0,725.0,408.0,58.0,,,,,,,,,,,,,,,,,,,,,,,,,,,,,,,
A_original_Danish_pivotal_endpoints,policy_analysis/danish_specific_early.csv,DK1,M2,q95,pivotal_reclustered,gate025_rise,260.0,45.0,215.0,16.0,43.0,0.3720930232558139,377.0,725.0,408.0,58.0,,,,,,,,,,,,,,,,,,,,,,,,,,,,,,,
A_original_Danish_pivotal_endpoints,policy_analysis/danish_specific_early.csv,DK1,M2,q95,pivotal_reclustered,gate025_rise_cool6,201.0,34.0,167.0,11.0,43.0,0.2558139534883721,377.0,725.0,408.0,58.0,,,,,,,,,,,,,,,,,,,,,,,,,,,,,,,
A_original_Danish_pivotal_endpoints,policy_analysis/danish_specific_early.csv,DK1,M2,q95,pivotal_reclustered,rolling90_target05,356.0,66.0,290.0,20.0,43.0,0.4651162790697674,377.0,725.0,408.0,58.0,,,,,,,,,,,,,,,,,,,,,,,,,,,,,,,
A_original_Danish_pivotal_endpoints,policy_analysis/danish_specific_early.csv,DK1,M2,q95,pivotal_reclustered,development_count_gate,535.0,77.0,458.0,21.0,43.0,0.4883720930232558,377.0,725.0,408.0,58.0,,,,,,,,,,,,,,,,,,,,,,,,,,,,,,,
A_original_Danish_pivotal_endpoints,policy_analysis/danish_specific_early.csv,DK1,M2,q95,pivotal_reclustered,gate019,328.0,63.0,265.0,17.0,43.0,0.3953488372093023,377.0,725.0,408.0,58.0,,,,,,,,,,,,,,,,,,,,,,,,,,,,,,,
A_original_Danish_pivotal_endpoints,policy_analysis/danish_specific_early.csv,DK1,M2,q95,pivotal_reclustered,gate019_cool6,243.0,41.0,202.0,13.0,43.0,0.3023255813953488,377.0,725.0,408.0,58.0,,,,,,,,,,,,,,,,,,,,,,,,,,,,,,,
A_original_Danish_pivotal_endpoints,policy_analysis/danish_specific_early.csv,DK1,M2,q95,pivotal_reclustered,gate019_rise,328.0,52.0,276.0,18.0,43.0,0.4186046511627907,377.0,725.0,408.0,58.0,,,,,,,,,,,,,,,,,,,,,,,,,,,,,,,
A_original_Danish_pivotal_endpoints,policy_analysis/danish_specific_early.csv,DK1,M3,q95,pivotal_parent_onset,none,0.0,0.0,0.0,0.0,35.0,0.0,377.0,725.0,408.0,58.0,,,,,,,,,,,,,,,,,,,,,,,,,,,,,,,
A_original_Danish_pivotal_endpoints,policy_analysis/danish_specific_early.csv,DK1,M3,q95,pivotal_parent_onset,top1,725.0,38.0,687.0,13.0,35.0,0.3714285714285714,377.0,725.0,408.0,58.0,,,,,,,,,,,,,,,,,,,,,,,,,,,,,,,
A_original_Danish_pivotal_endpoints,policy_analysis/danish_specific_early.csv,DK1,M3,q95,pivotal_parent_onset,top2,1450.0,80.0,1370.0,17.0,35.0,0.4857142857142857,377.0,725.0,408.0,58.0,,,,,,,,,,,,,,,,,,,,,,,,,,,,,,,
A_original_Danish_pivotal_endpoints,policy_analysis/danish_specific_early.csv,DK1,M3,q95,pivotal_parent_onset,gate025,276.0,56.0,220.0,12.0,35.0,0.3428571428571428,377.0,725.0,408.0,58.0,,,,,,,,,,,,,,,,,,,,,,,,,,,,,,,
A_original_Danish_pivotal_endpoints,policy_analysis/danish_specific_early.csv,DK1,M3,q95,pivotal_parent_onset,inherited_priority019,266.0,45.0,221.0,11.0,35.0,0.3142857142857143,377.0,725.0,408.0,58.0,,,,,,,,,,,,,,,,,,,,,,,,,,,,,,,
A_original_Danish_pivotal_endpoints,policy_analysis/danish_specific_early.csv,DK1,M3,q95,pivotal_parent_onset,gate025_cool6,204.0,41.0,163.0,11.0,35.0,0.3142857142857143,377.0,725.0,408.0,58.0,,,,,,,,,,,,,,,,,,,,,,,,,,,,,,,
A_original_Danish_pivotal_endpoints,policy_analysis/danish_specific_early.csv,DK1,M3,q95,pivotal_parent_onset,gate025_rise,276.0,52.0,224.0,16.0,35.0,0.4571428571428571,377.0,725.0,408.0,58.0,,,,,,,,,,,,,,,,,,,,,,,,,,,,,,,
A_original_Danish_pivotal_endpoints,policy_analysis/danish_specific_early.csv,DK1,M3,q95,pivotal_parent_onset,gate025_rise_cool6,209.0,36.0,173.0,8.0,35.0,0.2285714285714285,377.0,725.0,408.0,58.0,,,,,,,,,,,,,,,,,,,,,,,,,,,,,,,
A_original_Danish_pivotal_endpoints,policy_analysis/danish_specific_early.csv,DK1,M3,q95,pivotal_parent_onset,rolling90_target05,357.0,69.0,288.0,17.0,35.0,0.4857142857142857,377.0,725.0,408.0,58.0,,,,,,,,,,,,,,,,,,,,,,,,,,,,,,,
A_original_Danish_pivotal_endpoints,policy_analysis/danish_specific_early.csv,DK1,M3,q95,pivotal_parent_onset,development_count_gate,549.0,76.0,473.0,17.0,35.0,0.4857142857142857,377.0,725.0,408.0,58.0,,,,,,,,,,,,,,,,,,,,,,,,,,,,,,,
A_original_Danish_pivotal_endpoints,policy_analysis/danish_specific_early.csv,DK1,M3,q95,pivotal_parent_onset,gate019,346.0,66.0,280.0,15.0,35.0,0.4285714285714285,377.0,725.0,408.0,58.0,,,,,,,,,,,,,,,,,,,,,,,,,,,,,,,
A_original_Danish_pivotal_endpoints,policy_analysis/danish_specific_early.csv,DK1,M3,q95,pivotal_parent_onset,gate019_cool6,261.0,48.0,213.0,14.0,35.0,0.4,377.0,725.0,408.0,58.0,,,,,,,,,,,,,,,,,,,,,,,,,,,,,,,
A_original_Danish_pivotal_endpoints,policy_analysis/danish_specific_early.csv,DK1,M3,q95,pivotal_parent_onset,gate019_rise,346.0,62.0,284.0,19.0,35.0,0.5428571428571428,377.0,725.0,408.0,58.0,,,,,,,,,,,,,,,,,,,,,,,,,,,,,,,
A_original_Danish_pivotal_endpoints,policy_analysis/danish_specific_early.csv,DK1,M3,q95,pivotal_reclustered,none,0.0,0.0,0.0,0.0,43.0,0.0,377.0,725.0,408.0,58.0,,,,,,,,,,,,,,,,,,,,,,,,,,,,,,,
A_original_Danish_pivotal_endpoints,policy_analysis/danish_specific_early.csv,DK1,M3,q95,pivotal_reclustered,top1,725.0,38.0,687.0,16.0,43.0,0.3720930232558139,377.0,725.0,408.0,58.0,,,,,,,,,,,,,,,,,,,,,,,,,,,,,,,
A_original_Danish_pivotal_endpoints,policy_analysis/danish_specific_early.csv,DK1,M3,q95,pivotal_reclustered,top2,1450.0,80.0,1370.0,20.0,43.0,0.4651162790697674,377.0,725.0,408.0,58.0,,,,,,,,,,,,,,,,,,,,,,,,,,,,,,,
A_original_Danish_pivotal_endpoints,policy_analysis/danish_specific_early.csv,DK1,M3,q95,pivotal_reclustered,gate025,276.0,56.0,220.0,15.0,43.0,0.3488372093023256,377.0,725.0,408.0,58.0,,,,,,,,,,,,,,,,,,,,,,,,,,,,,,,
A_original_Danish_pivotal_endpoints,policy_analysis/danish_specific_early.csv,DK1,M3,q95,pivotal_reclustered,inherited_priority019,266.0,45.0,221.0,14.0,43.0,0.3255813953488372,377.0,725.0,408.0,58.0,,,,,,,,,,,,,,,,,,,,,,,,,,,,,,,
A_original_Danish_pivotal_endpoints,policy_analysis/danish_specific_early.csv,DK1,M3,q95,pivotal_reclustered,gate025_cool6,204.0,41.0,163.0,14.0,43.0,0.3255813953488372,377.0,725.0,408.0,58.0,,,,,,,,,,,,,,,,,,,,,,,,,,,,,,,
A_original_Danish_pivotal_endpoints,policy_analysis/danish_specific_early.csv,DK1,M3,q95,pivotal_reclustered,gate025_rise,276.0,52.0,224.0,19.0,43.0,0.4418604651162791,377.0,725.0,408.0,58.0,,,,,,,,,,,,,,,,,,,,,,,,,,,,,,,
A_original_Danish_pivotal_endpoints,policy_analysis/danish_specific_early.csv,DK1,M3,q95,pivotal_reclustered,gate025_rise_cool6,209.0,36.0,173.0,11.0,43.0,0.2558139534883721,377.0,725.0,408.0,58.0,,,,,,,,,,,,,,,,,,,,,,,,,,,,,,,
A_original_Danish_pivotal_endpoints,policy_analysis/danish_specific_early.csv,DK1,M3,q95,pivotal_reclustered,rolling90_target05,357.0,69.0,288.0,20.0,43.0,0.4651162790697674,377.0,725.0,408.0,58.0,,,,,,,,,,,,,,,,,,,,,,,,,,,,,,,
A_original_Danish_pivotal_endpoints,policy_analysis/danish_specific_early.csv,DK1,M3,q95,pivotal_reclustered,development_count_gate,549.0,76.0,473.0,20.0,43.0,0.4651162790697674,377.0,725.0,408.0,58.0,,,,,,,,,,,,,,,,,,,,,,,,,,,,,,,
A_original_Danish_pivotal_endpoints,policy_analysis/danish_specific_early.csv,DK1,M3,q95,pivotal_reclustered,gate019,346.0,66.0,280.0,18.0,43.0,0.4186046511627907,377.0,725.0,408.0,58.0,,,,,,,,,,,,,,,,,,,,,,,,,,,,,,,
A_original_Danish_pivotal_endpoints,policy_analysis/danish_specific_early.csv,DK1,M3,q95,pivotal_reclustered,gate019_cool6,261.0,48.0,213.0,17.0,43.0,0.3953488372093023,377.0,725.0,408.0,58.0,,,,,,,,,,,,,,,,,,,,,,,,,,,,,,,
A_original_Danish_pivotal_endpoints,policy_analysis/danish_specific_early.csv,DK1,M3,q95,pivotal_reclustered,gate019_rise,346.0,62.0,284.0,22.0,43.0,0.5116279069767442,377.0,725.0,408.0,58.0,,,,,,,,,,,,,,,,,,,,,,,,,,,,,,,
A_original_Danish_pivotal_endpoints,policy_analysis/danish_specific_early.csv,DK2,M0,q90,pivotal_parent_onset,none,0.0,0.0,0.0,0.0,54.0,0.0,902.0,725.0,924.0,75.0,,,,,,,,,,,,,,,,,,,,,,,,,,,,,,,
A_original_Danish_pivotal_endpoints,policy_analysis/danish_specific_early.csv,DK2,M0,q90,pivotal_parent_onset,top1,725.0,79.0,646.0,22.0,54.0,0.4074074074074074,902.0,725.0,924.0,75.0,,,,,,,,,,,,,,,,,,,,,,,,,,,,,,,
A_original_Danish_pivotal_endpoints,policy_analysis/danish_specific_early.csv,DK2,M0,q90,pivotal_parent_onset,top2,1450.0,146.0,1304.0,29.0,54.0,0.5370370370370371,902.0,725.0,924.0,75.0,,,,,,,,,,,,,,,,,,,,,,,,,,,,,,,
A_original_Danish_pivotal_endpoints,policy_analysis/danish_specific_early.csv,DK2,M0,q90,pivotal_parent_onset,gate025,517.0,128.0,389.0,23.0,54.0,0.4259259259259259,902.0,725.0,924.0,75.0,,,,,,,,,,,,,,,,,,,,,,,,,,,,,,,
A_original_Danish_pivotal_endpoints,policy_analysis/danish_specific_early.csv,DK2,M0,q90,pivotal_parent_onset,inherited_priority019,492.0,102.0,390.0,23.0,54.0,0.4259259259259259,902.0,725.0,924.0,75.0,,,,,,,,,,,,,,,,,,,,,,,,,,,,,,,
A_original_Danish_pivotal_endpoints,policy_analysis/danish_specific_early.csv,DK2,M0,q90,pivotal_parent_onset,gate025_cool6,415.0,105.0,310.0,25.0,54.0,0.4629629629629629,902.0,725.0,924.0,75.0,,,,,,,,,,,,,,,,,,,,,,,,,,,,,,,
A_original_Danish_pivotal_endpoints,policy_analysis/danish_specific_early.csv,DK2,M0,q90,pivotal_parent_onset,gate025_rise,517.0,117.0,400.0,24.0,54.0,0.4444444444444444,902.0,725.0,924.0,75.0,,,,,,,,,,,,,,,,,,,,,,,,,,,,,,,
A_original_Danish_pivotal_endpoints,policy_analysis/danish_specific_early.csv,DK2,M0,q90,pivotal_parent_onset,gate025_rise_cool6,428.0,102.0,326.0,23.0,54.0,0.4259259259259259,902.0,725.0,924.0,75.0,,,,,,,,,,,,,,,,,,,,,,,,,,,,,,,
A_original_Danish_pivotal_endpoints,policy_analysis/danish_specific_early.csv,DK2,M0,q90,pivotal_parent_onset,rolling90_target05,355.0,93.0,262.0,17.0,54.0,0.3148148148148148,902.0,725.0,924.0,75.0,,,,,,,,,,,,,,,,,,,,,,,,,,,,,,,
A_original_Danish_pivotal_endpoints,policy_analysis/danish_specific_early.csv,DK2,M0,q90,pivotal_parent_onset,development_count_gate,624.0,137.0,487.0,27.0,54.0,0.5,902.0,725.0,924.0,75.0,,,,,,,,,,,,,,,,,,,,,,,,,,,,,,,
A_original_Danish_pivotal_endpoints,policy_analysis/danish_specific_early.csv,DK2,M0,q90,pivotal_parent_onset,gate019,588.0,136.0,452.0,27.0,54.0,0.5,902.0,725.0,924.0,75.0,,,,,,,,,,,,,,,,,,,,,,,,,,,,,,,
A_original_Danish_pivotal_endpoints,policy_analysis/danish_specific_early.csv,DK2,M0,q90,pivotal_parent_onset,gate019_cool6,482.0,108.0,374.0,27.0,54.0,0.5,902.0,725.0,924.0,75.0,,,,,,,,,,,,,,,,,,,,,,,,,,,,,,,
A_original_Danish_pivotal_endpoints,policy_analysis/danish_specific_early.csv,DK2,M0,q90,pivotal_parent_onset,gate019_rise,588.0,125.0,463.0,28.0,54.0,0.5185185185185185,902.0,725.0,924.0,75.0,,,,,,,,,,,,,,,,,,,,,,,,,,,,,,,
A_original_Danish_pivotal_endpoints,policy_analysis/danish_specific_early.csv,DK2,M0,q90,pivotal_reclustered,none,0.0,0.0,0.0,0.0,76.0,0.0,902.0,725.0,924.0,75.0,,,,,,,,,,,,,,,,,,,,,,,,,,,,,,,
A_original_Danish_pivotal_endpoints,policy_analysis/danish_specific_early.csv,DK2,M0,q90,pivotal_reclustered,top1,725.0,79.0,646.0,27.0,76.0,0.3552631578947368,902.0,725.0,924.0,75.0,,,,,,,,,,,,,,,,,,,,,,,,,,,,,,,
A_original_Danish_pivotal_endpoints,policy_analysis/danish_specific_early.csv,DK2,M0,q90,pivotal_reclustered,top2,1450.0,146.0,1304.0,36.0,76.0,0.4736842105263157,902.0,725.0,924.0,75.0,,,,,,,,,,,,,,,,,,,,,,,,,,,,,,,
A_original_Danish_pivotal_endpoints,policy_analysis/danish_specific_early.csv,DK2,M0,q90,pivotal_reclustered,gate025,517.0,128.0,389.0,27.0,76.0,0.3552631578947368,902.0,725.0,924.0,75.0,,,,,,,,,,,,,,,,,,,,,,,,,,,,,,,
A_original_Danish_pivotal_endpoints,policy_analysis/danish_specific_early.csv,DK2,M0,q90,pivotal_reclustered,inherited_priority019,492.0,102.0,390.0,29.0,76.0,0.3815789473684211,902.0,725.0,924.0,75.0,,,,,,,,,,,,,,,,,,,,,,,,,,,,,,,
A_original_Danish_pivotal_endpoints,policy_analysis/danish_specific_early.csv,DK2,M0,q90,pivotal_reclustered,gate025_cool6,415.0,105.0,310.0,31.0,76.0,0.4078947368421052,902.0,725.0,924.0,75.0,,,,,,,,,,,,,,,,,,,,,,,,,,,,,,,
A_original_Danish_pivotal_endpoints,policy_analysis/danish_specific_early.csv,DK2,M0,q90,pivotal_reclustered,gate025_rise,517.0,117.0,400.0,28.0,76.0,0.3684210526315789,902.0,725.0,924.0,75.0,,,,,,,,,,,,,,,,,,,,,,,,,,,,,,,
A_original_Danish_pivotal_endpoints,policy_analysis/danish_specific_early.csv,DK2,M0,q90,pivotal_reclustered,gate025_rise_cool6,428.0,102.0,326.0,29.0,76.0,0.3815789473684211,902.0,725.0,924.0,75.0,,,,,,,,,,,,,,,,,,,,,,,,,,,,,,,
A_original_Danish_pivotal_endpoints,policy_analysis/danish_specific_early.csv,DK2,M0,q90,pivotal_reclustered,rolling90_target05,355.0,93.0,262.0,19.0,76.0,0.25,902.0,725.0,924.0,75.0,,,,,,,,,,,,,,,,,,,,,,,,,,,,,,,
A_original_Danish_pivotal_endpoints,policy_analysis/danish_specific_early.csv,DK2,M0,q90,pivotal_reclustered,development_count_gate,624.0,137.0,487.0,32.0,76.0,0.4210526315789473,902.0,725.0,924.0,75.0,,,,,,,,,,,,,,,,,,,,,,,,,,,,,,,
A_original_Danish_pivotal_endpoints,policy_analysis/danish_specific_early.csv,DK2,M0,q90,pivotal_reclustered,gate019,588.0,136.0,452.0,31.0,76.0,0.4078947368421052,902.0,725.0,924.0,75.0,,,,,,,,,,,,,,,,,,,,,,,,,,,,,,,
A_original_Danish_pivotal_endpoints,policy_analysis/danish_specific_early.csv,DK2,M0,q90,pivotal_reclustered,gate019_cool6,482.0,108.0,374.0,33.0,76.0,0.4342105263157895,902.0,725.0,924.0,75.0,,,,,,,,,,,,,,,,,,,,,,,,,,,,,,,
A_original_Danish_pivotal_endpoints,policy_analysis/danish_specific_early.csv,DK2,M0,q90,pivotal_reclustered,gate019_rise,588.0,125.0,463.0,32.0,76.0,0.4210526315789473,902.0,725.0,924.0,75.0,,,,,,,,,,,,,,,,,,,,,,,,,,,,,,,
A_original_Danish_pivotal_endpoints,policy_analysis/danish_specific_early.csv,DK2,M1,q90,pivotal_parent_onset,none,0.0,0.0,0.0,0.0,54.0,0.0,902.0,725.0,924.0,75.0,,,,,,,,,,,,,,,,,,,,,,,,,,,,,,,
A_original_Danish_pivotal_endpoints,policy_analysis/danish_specific_early.csv,DK2,M1,q90,pivotal_parent_onset,top1,725.0,81.0,644.0,22.0,54.0,0.4074074074074074,902.0,725.0,924.0,75.0,,,,,,,,,,,,,,,,,,,,,,,,,,,,,,,
A_original_Danish_pivotal_endpoints,policy_analysis/danish_specific_early.csv,DK2,M1,q90,pivotal_parent_onset,top2,1450.0,148.0,1302.0,30.0,54.0,0.5555555555555556,902.0,725.0,924.0,75.0,,,,,,,,,,,,,,,,,,,,,,,,,,,,,,,
A_original_Danish_pivotal_endpoints,policy_analysis/danish_specific_early.csv,DK2,M1,q90,pivotal_parent_onset,gate025,528.0,132.0,396.0,26.0,54.0,0.4814814814814814,902.0,725.0,924.0,75.0,,,,,,,,,,,,,,,,,,,,,,,,,,,,,,,
A_original_Danish_pivotal_endpoints,policy_analysis/danish_specific_early.csv,DK2,M1,q90,pivotal_parent_onset,inherited_priority019,506.0,110.0,396.0,25.0,54.0,0.4629629629629629,902.0,725.0,924.0,75.0,,,,,,,,,,,,,,,,,,,,,,,,,,,,,,,
A_original_Danish_pivotal_endpoints,policy_analysis/danish_specific_early.csv,DK2,M1,q90,pivotal_parent_onset,gate025_cool6,427.0,109.0,318.0,26.0,54.0,0.4814814814814814,902.0,725.0,924.0,75.0,,,,,,,,,,,,,,,,,,,,,,,,,,,,,,,
A_original_Danish_pivotal_endpoints,policy_analysis/danish_specific_early.csv,DK2,M1,q90,pivotal_parent_onset,gate025_rise,528.0,118.0,410.0,27.0,54.0,0.5,902.0,725.0,924.0,75.0,,,,,,,,,,,,,,,,,,,,,,,,,,,,,,,
A_original_Danish_pivotal_endpoints,policy_analysis/danish_specific_early.csv,DK2,M1,q90,pivotal_parent_onset,gate025_rise_cool6,434.0,105.0,329.0,23.0,54.0,0.4259259259259259,902.0,725.0,924.0,75.0,,,,,,,,,,,,,,,,,,,,,,,,,,,,,,,
A_original_Danish_pivotal_endpoints,policy_analysis/danish_specific_early.csv,DK2,M1,q90,pivotal_parent_onset,rolling90_target05,364.0,99.0,265.0,19.0,54.0,0.3518518518518518,902.0,725.0,924.0,75.0,,,,,,,,,,,,,,,,,,,,,,,,,,,,,,,
A_original_Danish_pivotal_endpoints,policy_analysis/danish_specific_early.csv,DK2,M1,q90,pivotal_parent_onset,development_count_gate,602.0,140.0,462.0,28.0,54.0,0.5185185185185185,902.0,725.0,924.0,75.0,,,,,,,,,,,,,,,,,,,,,,,,,,,,,,,
A_original_Danish_pivotal_endpoints,policy_analysis/danish_specific_early.csv,DK2,M1,q90,pivotal_parent_onset,gate019,602.0,140.0,462.0,28.0,54.0,0.5185185185185185,902.0,725.0,924.0,75.0,,,,,,,,,,,,,,,,,,,,,,,,,,,,,,,
A_original_Danish_pivotal_endpoints,policy_analysis/danish_specific_early.csv,DK2,M1,q90,pivotal_parent_onset,gate019_cool6,499.0,113.0,386.0,27.0,54.0,0.5,902.0,725.0,924.0,75.0,,,,,,,,,,,,,,,,,,,,,,,,,,,,,,,
A_original_Danish_pivotal_endpoints,policy_analysis/danish_specific_early.csv,DK2,M1,q90,pivotal_parent_onset,gate019_rise,602.0,124.0,478.0,27.0,54.0,0.5,902.0,725.0,924.0,75.0,,,,,,,,,,,,,,,,,,,,,,,,,,,,,,,
A_original_Danish_pivotal_endpoints,policy_analysis/danish_specific_early.csv,DK2,M1,q90,pivotal_reclustered,none,0.0,0.0,0.0,0.0,76.0,0.0,902.0,725.0,924.0,75.0,,,,,,,,,,,,,,,,,,,,,,,,,,,,,,,
A_original_Danish_pivotal_endpoints,policy_analysis/danish_specific_early.csv,DK2,M1,q90,pivotal_reclustered,top1,725.0,81.0,644.0,27.0,76.0,0.3552631578947368,902.0,725.0,924.0,75.0,,,,,,,,,,,,,,,,,,,,,,,,,,,,,,,
A_original_Danish_pivotal_endpoints,policy_analysis/danish_specific_early.csv,DK2,M1,q90,pivotal_reclustered,top2,1450.0,148.0,1302.0,37.0,76.0,0.4868421052631579,902.0,725.0,924.0,75.0,,,,,,,,,,,,,,,,,,,,,,,,,,,,,,,
A_original_Danish_pivotal_endpoints,policy_analysis/danish_specific_early.csv,DK2,M1,q90,pivotal_reclustered,gate025,528.0,132.0,396.0,30.0,76.0,0.3947368421052631,902.0,725.0,924.0,75.0,,,,,,,,,,,,,,,,,,,,,,,,,,,,,,,
A_original_Danish_pivotal_endpoints,policy_analysis/danish_specific_early.csv,DK2,M1,q90,pivotal_reclustered,inherited_priority019,506.0,110.0,396.0,33.0,76.0,0.4342105263157895,902.0,725.0,924.0,75.0,,,,,,,,,,,,,,,,,,,,,,,,,,,,,,,
A_original_Danish_pivotal_endpoints,policy_analysis/danish_specific_early.csv,DK2,M1,q90,pivotal_reclustered,gate025_cool6,427.0,109.0,318.0,33.0,76.0,0.4342105263157895,902.0,725.0,924.0,75.0,,,,,,,,,,,,,,,,,,,,,,,,,,,,,,,
A_original_Danish_pivotal_endpoints,policy_analysis/danish_specific_early.csv,DK2,M1,q90,pivotal_reclustered,gate025_rise,528.0,118.0,410.0,31.0,76.0,0.4078947368421052,902.0,725.0,924.0,75.0,,,,,,,,,,,,,,,,,,,,,,,,,,,,,,,
A_original_Danish_pivotal_endpoints,policy_analysis/danish_specific_early.csv,DK2,M1,q90,pivotal_reclustered,gate025_rise_cool6,434.0,105.0,329.0,30.0,76.0,0.3947368421052631,902.0,725.0,924.0,75.0,,,,,,,,,,,,,,,,,,,,,,,,,,,,,,,
A_original_Danish_pivotal_endpoints,policy_analysis/danish_specific_early.csv,DK2,M1,q90,pivotal_reclustered,rolling90_target05,364.0,99.0,265.0,21.0,76.0,0.2763157894736842,902.0,725.0,924.0,75.0,,,,,,,,,,,,,,,,,,,,,,,,,,,,,,,
A_original_Danish_pivotal_endpoints,policy_analysis/danish_specific_early.csv,DK2,M1,q90,pivotal_reclustered,development_count_gate,602.0,140.0,462.0,33.0,76.0,0.4342105263157895,902.0,725.0,924.0,75.0,,,,,,,,,,,,,,,,,,,,,,,,,,,,,,,
A_original_Danish_pivotal_endpoints,policy_analysis/danish_specific_early.csv,DK2,M1,q90,pivotal_reclustered,gate019,602.0,140.0,462.0,33.0,76.0,0.4342105263157895,902.0,725.0,924.0,75.0,,,,,,,,,,,,,,,,,,,,,,,,,,,,,,,
A_original_Danish_pivotal_endpoints,policy_analysis/danish_specific_early.csv,DK2,M1,q90,pivotal_reclustered,gate019_cool6,499.0,113.0,386.0,35.0,76.0,0.4605263157894737,902.0,725.0,924.0,75.0,,,,,,,,,,,,,,,,,,,,,,,,,,,,,,,
A_original_Danish_pivotal_endpoints,policy_analysis/danish_specific_early.csv,DK2,M1,q90,pivotal_reclustered,gate019_rise,602.0,124.0,478.0,32.0,76.0,0.4210526315789473,902.0,725.0,924.0,75.0,,,,,,,,,,,,,,,,,,,,,,,,,,,,,,,
A_original_Danish_pivotal_endpoints,policy_analysis/danish_specific_early.csv,DK2,M2,q90,pivotal_parent_onset,none,0.0,0.0,0.0,0.0,54.0,0.0,902.0,725.0,924.0,75.0,,,,,,,,,,,,,,,,,,,,,,,,,,,,,,,
A_original_Danish_pivotal_endpoints,policy_analysis/danish_specific_early.csv,DK2,M2,q90,pivotal_parent_onset,top1,725.0,81.0,644.0,22.0,54.0,0.4074074074074074,902.0,725.0,924.0,75.0,,,,,,,,,,,,,,,,,,,,,,,,,,,,,,,
A_original_Danish_pivotal_endpoints,policy_analysis/danish_specific_early.csv,DK2,M2,q90,pivotal_parent_onset,top2,1450.0,149.0,1301.0,29.0,54.0,0.5370370370370371,902.0,725.0,924.0,75.0,,,,,,,,,,,,,,,,,,,,,,,,,,,,,,,
A_original_Danish_pivotal_endpoints,policy_analysis/danish_specific_early.csv,DK2,M2,q90,pivotal_parent_onset,gate025,513.0,128.0,385.0,22.0,54.0,0.4074074074074074,902.0,725.0,924.0,75.0,,,,,,,,,,,,,,,,,,,,,,,,,,,,,,,
A_original_Danish_pivotal_endpoints,policy_analysis/danish_specific_early.csv,DK2,M2,q90,pivotal_parent_onset,inherited_priority019,491.0,103.0,388.0,24.0,54.0,0.4444444444444444,902.0,725.0,924.0,75.0,,,,,,,,,,,,,,,,,,,,,,,,,,,,,,,
A_original_Danish_pivotal_endpoints,policy_analysis/danish_specific_early.csv,DK2,M2,q90,pivotal_parent_onset,gate025_cool6,412.0,103.0,309.0,24.0,54.0,0.4444444444444444,902.0,725.0,924.0,75.0,,,,,,,,,,,,,,,,,,,,,,,,,,,,,,,
A_original_Danish_pivotal_endpoints,policy_analysis/danish_specific_early.csv,DK2,M2,q90,pivotal_parent_onset,gate025_rise,513.0,114.0,399.0,23.0,54.0,0.4259259259259259,902.0,725.0,924.0,75.0,,,,,,,,,,,,,,,,,,,,,,,,,,,,,,,
A_original_Danish_pivotal_endpoints,policy_analysis/danish_specific_early.csv,DK2,M2,q90,pivotal_parent_onset,gate025_rise_cool6,425.0,100.0,325.0,22.0,54.0,0.4074074074074074,902.0,725.0,924.0,75.0,,,,,,,,,,,,,,,,,,,,,,,,,,,,,,,
A_original_Danish_pivotal_endpoints,policy_analysis/danish_specific_early.csv,DK2,M2,q90,pivotal_parent_onset,rolling90_target05,358.0,95.0,263.0,17.0,54.0,0.3148148148148148,902.0,725.0,924.0,75.0,,,,,,,,,,,,,,,,,,,,,,,,,,,,,,,
A_original_Danish_pivotal_endpoints,policy_analysis/danish_specific_early.csv,DK2,M2,q90,pivotal_parent_onset,development_count_gate,622.0,140.0,482.0,27.0,54.0,0.5,902.0,725.0,924.0,75.0,,,,,,,,,,,,,,,,,,,,,,,,,,,,,,,
A_original_Danish_pivotal_endpoints,policy_analysis/danish_specific_early.csv,DK2,M2,q90,pivotal_parent_onset,gate019,586.0,139.0,447.0,27.0,54.0,0.5,902.0,725.0,924.0,75.0,,,,,,,,,,,,,,,,,,,,,,,,,,,,,,,
A_original_Danish_pivotal_endpoints,policy_analysis/danish_specific_early.csv,DK2,M2,q90,pivotal_parent_onset,gate019_cool6,482.0,108.0,374.0,27.0,54.0,0.5,902.0,725.0,924.0,75.0,,,,,,,,,,,,,,,,,,,,,,,,,,,,,,,
A_original_Danish_pivotal_endpoints,policy_analysis/danish_specific_early.csv,DK2,M2,q90,pivotal_parent_onset,gate019_rise,586.0,126.0,460.0,28.0,54.0,0.5185185185185185,902.0,725.0,924.0,75.0,,,,,,,,,,,,,,,,,,,,,,,,,,,,,,,
A_original_Danish_pivotal_endpoints,policy_analysis/danish_specific_early.csv,DK2,M2,q90,pivotal_reclustered,none,0.0,0.0,0.0,0.0,76.0,0.0,902.0,725.0,924.0,75.0,,,,,,,,,,,,,,,,,,,,,,,,,,,,,,,
A_original_Danish_pivotal_endpoints,policy_analysis/danish_specific_early.csv,DK2,M2,q90,pivotal_reclustered,top1,725.0,81.0,644.0,27.0,76.0,0.3552631578947368,902.0,725.0,924.0,75.0,,,,,,,,,,,,,,,,,,,,,,,,,,,,,,,
A_original_Danish_pivotal_endpoints,policy_analysis/danish_specific_early.csv,DK2,M2,q90,pivotal_reclustered,top2,1450.0,149.0,1301.0,36.0,76.0,0.4736842105263157,902.0,725.0,924.0,75.0,,,,,,,,,,,,,,,,,,,,,,,,,,,,,,,
A_original_Danish_pivotal_endpoints,policy_analysis/danish_specific_early.csv,DK2,M2,q90,pivotal_reclustered,gate025,513.0,128.0,385.0,26.0,76.0,0.3421052631578947,902.0,725.0,924.0,75.0,,,,,,,,,,,,,,,,,,,,,,,,,,,,,,,
A_original_Danish_pivotal_endpoints,policy_analysis/danish_specific_early.csv,DK2,M2,q90,pivotal_reclustered,inherited_priority019,491.0,103.0,388.0,30.0,76.0,0.3947368421052631,902.0,725.0,924.0,75.0,,,,,,,,,,,,,,,,,,,,,,,,,,,,,,,
A_original_Danish_pivotal_endpoints,policy_analysis/danish_specific_early.csv,DK2,M2,q90,pivotal_reclustered,gate025_cool6,412.0,103.0,309.0,30.0,76.0,0.3947368421052631,902.0,725.0,924.0,75.0,,,,,,,,,,,,,,,,,,,,,,,,,,,,,,,
A_original_Danish_pivotal_endpoints,policy_analysis/danish_specific_early.csv,DK2,M2,q90,pivotal_reclustered,gate025_rise,513.0,114.0,399.0,27.0,76.0,0.3552631578947368,902.0,725.0,924.0,75.0,,,,,,,,,,,,,,,,,,,,,,,,,,,,,,,
A_original_Danish_pivotal_endpoints,policy_analysis/danish_specific_early.csv,DK2,M2,q90,pivotal_reclustered,gate025_rise_cool6,425.0,100.0,325.0,28.0,76.0,0.3684210526315789,902.0,725.0,924.0,75.0,,,,,,,,,,,,,,,,,,,,,,,,,,,,,,,
A_original_Danish_pivotal_endpoints,policy_analysis/danish_specific_early.csv,DK2,M2,q90,pivotal_reclustered,rolling90_target05,358.0,95.0,263.0,19.0,76.0,0.25,902.0,725.0,924.0,75.0,,,,,,,,,,,,,,,,,,,,,,,,,,,,,,,
A_original_Danish_pivotal_endpoints,policy_analysis/danish_specific_early.csv,DK2,M2,q90,pivotal_reclustered,development_count_gate,622.0,140.0,482.0,32.0,76.0,0.4210526315789473,902.0,725.0,924.0,75.0,,,,,,,,,,,,,,,,,,,,,,,,,,,,,,,
A_original_Danish_pivotal_endpoints,policy_analysis/danish_specific_early.csv,DK2,M2,q90,pivotal_reclustered,gate019,586.0,139.0,447.0,31.0,76.0,0.4078947368421052,902.0,725.0,924.0,75.0,,,,,,,,,,,,,,,,,,,,,,,,,,,,,,,
A_original_Danish_pivotal_endpoints,policy_analysis/danish_specific_early.csv,DK2,M2,q90,pivotal_reclustered,gate019_cool6,482.0,108.0,374.0,33.0,76.0,0.4342105263157895,902.0,725.0,924.0,75.0,,,,,,,,,,,,,,,,,,,,,,,,,,,,,,,
A_original_Danish_pivotal_endpoints,policy_analysis/danish_specific_early.csv,DK2,M2,q90,pivotal_reclustered,gate019_rise,586.0,126.0,460.0,32.0,76.0,0.4210526315789473,902.0,725.0,924.0,75.0,,,,,,,,,,,,,,,,,,,,,,,,,,,,,,,
A_original_Danish_pivotal_endpoints,policy_analysis/danish_specific_early.csv,DK2,M3,q90,pivotal_parent_onset,none,0.0,0.0,0.0,0.0,54.0,0.0,902.0,725.0,924.0,75.0,,,,,,,,,,,,,,,,,,,,,,,,,,,,,,,
A_original_Danish_pivotal_endpoints,policy_analysis/danish_specific_early.csv,DK2,M3,q90,pivotal_parent_onset,top1,725.0,82.0,643.0,21.0,54.0,0.3888888888888889,902.0,725.0,924.0,75.0,,,,,,,,,,,,,,,,,,,,,,,,,,,,,,,
A_original_Danish_pivotal_endpoints,policy_analysis/danish_specific_early.csv,DK2,M3,q90,pivotal_parent_onset,top2,1450.0,150.0,1300.0,30.0,54.0,0.5555555555555556,902.0,725.0,924.0,75.0,,,,,,,,,,,,,,,,,,,,,,,,,,,,,,,
A_original_Danish_pivotal_endpoints,policy_analysis/danish_specific_early.csv,DK2,M3,q90,pivotal_parent_onset,gate025,522.0,131.0,391.0,25.0,54.0,0.4629629629629629,902.0,725.0,924.0,75.0,,,,,,,,,,,,,,,,,,,,,,,,,,,,,,,
A_original_Danish_pivotal_endpoints,policy_analysis/danish_specific_early.csv,DK2,M3,q90,pivotal_parent_onset,inherited_priority019,503.0,113.0,390.0,26.0,54.0,0.4814814814814814,902.0,725.0,924.0,75.0,,,,,,,,,,,,,,,,,,,,,,,,,,,,,,,
A_original_Danish_pivotal_endpoints,policy_analysis/danish_specific_early.csv,DK2,M3,q90,pivotal_parent_onset,gate025_cool6,421.0,109.0,312.0,26.0,54.0,0.4814814814814814,902.0,725.0,924.0,75.0,,,,,,,,,,,,,,,,,,,,,,,,,,,,,,,
A_original_Danish_pivotal_endpoints,policy_analysis/danish_specific_early.csv,DK2,M3,q90,pivotal_parent_onset,gate025_rise,522.0,116.0,406.0,26.0,54.0,0.4814814814814814,902.0,725.0,924.0,75.0,,,,,,,,,,,,,,,,,,,,,,,,,,,,,,,
A_original_Danish_pivotal_endpoints,policy_analysis/danish_specific_early.csv,DK2,M3,q90,pivotal_parent_onset,gate025_rise_cool6,429.0,106.0,323.0,23.0,54.0,0.4259259259259259,902.0,725.0,924.0,75.0,,,,,,,,,,,,,,,,,,,,,,,,,,,,,,,
A_original_Danish_pivotal_endpoints,policy_analysis/danish_specific_early.csv,DK2,M3,q90,pivotal_parent_onset,rolling90_target05,361.0,100.0,261.0,19.0,54.0,0.3518518518518518,902.0,725.0,924.0,75.0,,,,,,,,,,,,,,,,,,,,,,,,,,,,,,,
A_original_Danish_pivotal_endpoints,policy_analysis/danish_specific_early.csv,DK2,M3,q90,pivotal_parent_onset,development_count_gate,608.0,142.0,466.0,28.0,54.0,0.5185185185185185,902.0,725.0,924.0,75.0,,,,,,,,,,,,,,,,,,,,,,,,,,,,,,,
A_original_Danish_pivotal_endpoints,policy_analysis/danish_specific_early.csv,DK2,M3,q90,pivotal_parent_onset,gate019,599.0,141.0,458.0,28.0,54.0,0.5185185185185185,902.0,725.0,924.0,75.0,,,,,,,,,,,,,,,,,,,,,,,,,,,,,,,
A_original_Danish_pivotal_endpoints,policy_analysis/danish_specific_early.csv,DK2,M3,q90,pivotal_parent_onset,gate019_cool6,497.0,114.0,383.0,27.0,54.0,0.5,902.0,725.0,924.0,75.0,,,,,,,,,,,,,,,,,,,,,,,,,,,,,,,
A_original_Danish_pivotal_endpoints,policy_analysis/danish_specific_early.csv,DK2,M3,q90,pivotal_parent_onset,gate019_rise,599.0,123.0,476.0,28.0,54.0,0.5185185185185185,902.0,725.0,924.0,75.0,,,,,,,,,,,,,,,,,,,,,,,,,,,,,,,
A_original_Danish_pivotal_endpoints,policy_analysis/danish_specific_early.csv,DK2,M3,q90,pivotal_reclustered,none,0.0,0.0,0.0,0.0,76.0,0.0,902.0,725.0,924.0,75.0,,,,,,,,,,,,,,,,,,,,,,,,,,,,,,,
A_original_Danish_pivotal_endpoints,policy_analysis/danish_specific_early.csv,DK2,M3,q90,pivotal_reclustered,top1,725.0,82.0,643.0,26.0,76.0,0.3421052631578947,902.0,725.0,924.0,75.0,,,,,,,,,,,,,,,,,,,,,,,,,,,,,,,
A_original_Danish_pivotal_endpoints,policy_analysis/danish_specific_early.csv,DK2,M3,q90,pivotal_reclustered,top2,1450.0,150.0,1300.0,37.0,76.0,0.4868421052631579,902.0,725.0,924.0,75.0,,,,,,,,,,,,,,,,,,,,,,,,,,,,,,,
A_original_Danish_pivotal_endpoints,policy_analysis/danish_specific_early.csv,DK2,M3,q90,pivotal_reclustered,gate025,522.0,131.0,391.0,29.0,76.0,0.3815789473684211,902.0,725.0,924.0,75.0,,,,,,,,,,,,,,,,,,,,,,,,,,,,,,,
A_original_Danish_pivotal_endpoints,policy_analysis/danish_specific_early.csv,DK2,M3,q90,pivotal_reclustered,inherited_priority019,503.0,113.0,390.0,34.0,76.0,0.4473684210526316,902.0,725.0,924.0,75.0,,,,,,,,,,,,,,,,,,,,,,,,,,,,,,,
A_original_Danish_pivotal_endpoints,policy_analysis/danish_specific_early.csv,DK2,M3,q90,pivotal_reclustered,gate025_cool6,421.0,109.0,312.0,33.0,76.0,0.4342105263157895,902.0,725.0,924.0,75.0,,,,,,,,,,,,,,,,,,,,,,,,,,,,,,,
A_original_Danish_pivotal_endpoints,policy_analysis/danish_specific_early.csv,DK2,M3,q90,pivotal_reclustered,gate025_rise,522.0,116.0,406.0,30.0,76.0,0.3947368421052631,902.0,725.0,924.0,75.0,,,,,,,,,,,,,,,,,,,,,,,,,,,,,,,
A_original_Danish_pivotal_endpoints,policy_analysis/danish_specific_early.csv,DK2,M3,q90,pivotal_reclustered,gate025_rise_cool6,429.0,106.0,323.0,30.0,76.0,0.3947368421052631,902.0,725.0,924.0,75.0,,,,,,,,,,,,,,,,,,,,,,,,,,,,,,,
A_original_Danish_pivotal_endpoints,policy_analysis/danish_specific_early.csv,DK2,M3,q90,pivotal_reclustered,rolling90_target05,361.0,100.0,261.0,21.0,76.0,0.2763157894736842,902.0,725.0,924.0,75.0,,,,,,,,,,,,,,,,,,,,,,,,,,,,,,,
A_original_Danish_pivotal_endpoints,policy_analysis/danish_specific_early.csv,DK2,M3,q90,pivotal_reclustered,development_count_gate,608.0,142.0,466.0,33.0,76.0,0.4342105263157895,902.0,725.0,924.0,75.0,,,,,,,,,,,,,,,,,,,,,,,,,,,,,,,
A_original_Danish_pivotal_endpoints,policy_analysis/danish_specific_early.csv,DK2,M3,q90,pivotal_reclustered,gate019,599.0,141.0,458.0,33.0,76.0,0.4342105263157895,902.0,725.0,924.0,75.0,,,,,,,,,,,,,,,,,,,,,,,,,,,,,,,
A_original_Danish_pivotal_endpoints,policy_analysis/danish_specific_early.csv,DK2,M3,q90,pivotal_reclustered,gate019_cool6,497.0,114.0,383.0,35.0,76.0,0.4605263157894737,902.0,725.0,924.0,75.0,,,,,,,,,,,,,,,,,,,,,,,,,,,,,,,
A_original_Danish_pivotal_endpoints,policy_analysis/danish_specific_early.csv,DK2,M3,q90,pivotal_reclustered,gate019_rise,599.0,123.0,476.0,33.0,76.0,0.4342105263157895,902.0,725.0,924.0,75.0,,,,,,,,,,,,,,,,,,,,,,,,,,,,,,,
A_original_Danish_pivotal_endpoints,policy_analysis/danish_specific_early.csv,DK2,M0,q95,pivotal_parent_onset,none,0.0,0.0,0.0,0.0,42.0,0.0,451.0,725.0,408.0,59.0,,,,,,,,,,,,,,,,,,,,,,,,,,,,,,,
A_original_Danish_pivotal_endpoints,policy_analysis/danish_specific_early.csv,DK2,M0,q95,pivotal_parent_onset,top1,725.0,42.0,683.0,17.0,42.0,0.4047619047619047,451.0,725.0,408.0,59.0,,,,,,,,,,,,,,,,,,,,,,,,,,,,,,,
A_original_Danish_pivotal_endpoints,policy_analysis/danish_specific_early.csv,DK2,M0,q95,pivotal_parent_onset,top2,1450.0,83.0,1367.0,22.0,42.0,0.5238095238095238,451.0,725.0,408.0,59.0,,,,,,,,,,,,,,,,,,,,,,,,,,,,,,,
A_original_Danish_pivotal_endpoints,policy_analysis/danish_specific_early.csv,DK2,M0,q95,pivotal_parent_onset,gate025,298.0,61.0,237.0,18.0,42.0,0.4285714285714285,451.0,725.0,408.0,59.0,,,,,,,,,,,,,,,,,,,,,,,,,,,,,,,
A_original_Danish_pivotal_endpoints,policy_analysis/danish_specific_early.csv,DK2,M0,q95,pivotal_parent_onset,inherited_priority019,280.0,46.0,234.0,13.0,42.0,0.3095238095238095,451.0,725.0,408.0,59.0,,,,,,,,,,,,,,,,,,,,,,,,,,,,,,,
A_original_Danish_pivotal_endpoints,policy_analysis/danish_specific_early.csv,DK2,M0,q95,pivotal_parent_onset,gate025_cool6,228.0,44.0,184.0,15.0,42.0,0.3571428571428571,451.0,725.0,408.0,59.0,,,,,,,,,,,,,,,,,,,,,,,,,,,,,,,
A_original_Danish_pivotal_endpoints,policy_analysis/danish_specific_early.csv,DK2,M0,q95,pivotal_parent_onset,gate025_rise,298.0,54.0,244.0,19.0,42.0,0.4523809523809524,451.0,725.0,408.0,59.0,,,,,,,,,,,,,,,,,,,,,,,,,,,,,,,
A_original_Danish_pivotal_endpoints,policy_analysis/danish_specific_early.csv,DK2,M0,q95,pivotal_parent_onset,gate025_rise_cool6,230.0,41.0,189.0,12.0,42.0,0.2857142857142857,451.0,725.0,408.0,59.0,,,,,,,,,,,,,,,,,,,,,,,,,,,,,,,
A_original_Danish_pivotal_endpoints,policy_analysis/danish_specific_early.csv,DK2,M0,q95,pivotal_parent_onset,rolling90_target05,353.0,66.0,287.0,15.0,42.0,0.3571428571428571,451.0,725.0,408.0,59.0,,,,,,,,,,,,,,,,,,,,,,,,,,,,,,,
A_original_Danish_pivotal_endpoints,policy_analysis/danish_specific_early.csv,DK2,M0,q95,pivotal_parent_onset,development_count_gate,556.0,80.0,476.0,20.0,42.0,0.4761904761904761,451.0,725.0,408.0,59.0,,,,,,,,,,,,,,,,,,,,,,,,,,,,,,,
A_original_Danish_pivotal_endpoints,policy_analysis/danish_specific_early.csv,DK2,M0,q95,pivotal_parent_onset,gate019,369.0,71.0,298.0,19.0,42.0,0.4523809523809524,451.0,725.0,408.0,59.0,,,,,,,,,,,,,,,,,,,,,,,,,,,,,,,
A_original_Danish_pivotal_endpoints,policy_analysis/danish_specific_early.csv,DK2,M0,q95,pivotal_parent_onset,gate019_cool6,275.0,47.0,228.0,16.0,42.0,0.3809523809523809,451.0,725.0,408.0,59.0,,,,,,,,,,,,,,,,,,,,,,,,,,,,,,,
A_original_Danish_pivotal_endpoints,policy_analysis/danish_specific_early.csv,DK2,M0,q95,pivotal_parent_onset,gate019_rise,369.0,63.0,306.0,18.0,42.0,0.4285714285714285,451.0,725.0,408.0,59.0,,,,,,,,,,,,,,,,,,,,,,,,,,,,,,,
A_original_Danish_pivotal_endpoints,policy_analysis/danish_specific_early.csv,DK2,M0,q95,pivotal_reclustered,none,0.0,0.0,0.0,0.0,51.0,0.0,451.0,725.0,408.0,59.0,,,,,,,,,,,,,,,,,,,,,,,,,,,,,,,
A_original_Danish_pivotal_endpoints,policy_analysis/danish_specific_early.csv,DK2,M0,q95,pivotal_reclustered,top1,725.0,42.0,683.0,19.0,51.0,0.3725490196078431,451.0,725.0,408.0,59.0,,,,,,,,,,,,,,,,,,,,,,,,,,,,,,,
A_original_Danish_pivotal_endpoints,policy_analysis/danish_specific_early.csv,DK2,M0,q95,pivotal_reclustered,top2,1450.0,83.0,1367.0,25.0,51.0,0.4901960784313725,451.0,725.0,408.0,59.0,,,,,,,,,,,,,,,,,,,,,,,,,,,,,,,
A_original_Danish_pivotal_endpoints,policy_analysis/danish_specific_early.csv,DK2,M0,q95,pivotal_reclustered,gate025,298.0,61.0,237.0,21.0,51.0,0.4117647058823529,451.0,725.0,408.0,59.0,,,,,,,,,,,,,,,,,,,,,,,,,,,,,,,
A_original_Danish_pivotal_endpoints,policy_analysis/danish_specific_early.csv,DK2,M0,q95,pivotal_reclustered,inherited_priority019,280.0,46.0,234.0,17.0,51.0,0.3333333333333333,451.0,725.0,408.0,59.0,,,,,,,,,,,,,,,,,,,,,,,,,,,,,,,
A_original_Danish_pivotal_endpoints,policy_analysis/danish_specific_early.csv,DK2,M0,q95,pivotal_reclustered,gate025_cool6,228.0,44.0,184.0,19.0,51.0,0.3725490196078431,451.0,725.0,408.0,59.0,,,,,,,,,,,,,,,,,,,,,,,,,,,,,,,
A_original_Danish_pivotal_endpoints,policy_analysis/danish_specific_early.csv,DK2,M0,q95,pivotal_reclustered,gate025_rise,298.0,54.0,244.0,23.0,51.0,0.4509803921568627,451.0,725.0,408.0,59.0,,,,,,,,,,,,,,,,,,,,,,,,,,,,,,,
A_original_Danish_pivotal_endpoints,policy_analysis/danish_specific_early.csv,DK2,M0,q95,pivotal_reclustered,gate025_rise_cool6,230.0,41.0,189.0,16.0,51.0,0.3137254901960784,451.0,725.0,408.0,59.0,,,,,,,,,,,,,,,,,,,,,,,,,,,,,,,
A_original_Danish_pivotal_endpoints,policy_analysis/danish_specific_early.csv,DK2,M0,q95,pivotal_reclustered,rolling90_target05,353.0,66.0,287.0,18.0,51.0,0.3529411764705882,451.0,725.0,408.0,59.0,,,,,,,,,,,,,,,,,,,,,,,,,,,,,,,
A_original_Danish_pivotal_endpoints,policy_analysis/danish_specific_early.csv,DK2,M0,q95,pivotal_reclustered,development_count_gate,556.0,80.0,476.0,23.0,51.0,0.4509803921568627,451.0,725.0,408.0,59.0,,,,,,,,,,,,,,,,,,,,,,,,,,,,,,,
A_original_Danish_pivotal_endpoints,policy_analysis/danish_specific_early.csv,DK2,M0,q95,pivotal_reclustered,gate019,369.0,71.0,298.0,22.0,51.0,0.4313725490196078,451.0,725.0,408.0,59.0,,,,,,,,,,,,,,,,,,,,,,,,,,,,,,,
A_original_Danish_pivotal_endpoints,policy_analysis/danish_specific_early.csv,DK2,M0,q95,pivotal_reclustered,gate019_cool6,275.0,47.0,228.0,21.0,51.0,0.4117647058823529,451.0,725.0,408.0,59.0,,,,,,,,,,,,,,,,,,,,,,,,,,,,,,,
A_original_Danish_pivotal_endpoints,policy_analysis/danish_specific_early.csv,DK2,M0,q95,pivotal_reclustered,gate019_rise,369.0,63.0,306.0,22.0,51.0,0.4313725490196078,451.0,725.0,408.0,59.0,,,,,,,,,,,,,,,,,,,,,,,,,,,,,,,
A_original_Danish_pivotal_endpoints,policy_analysis/danish_specific_early.csv,DK2,M1,q95,pivotal_parent_onset,none,0.0,0.0,0.0,0.0,42.0,0.0,451.0,725.0,408.0,59.0,,,,,,,,,,,,,,,,,,,,,,,,,,,,,,,
A_original_Danish_pivotal_endpoints,policy_analysis/danish_specific_early.csv,DK2,M1,q95,pivotal_parent_onset,top1,725.0,40.0,685.0,15.0,42.0,0.3571428571428571,451.0,725.0,408.0,59.0,,,,,,,,,,,,,,,,,,,,,,,,,,,,,,,
A_original_Danish_pivotal_endpoints,policy_analysis/danish_specific_early.csv,DK2,M1,q95,pivotal_parent_onset,top2,1450.0,86.0,1364.0,23.0,42.0,0.5476190476190477,451.0,725.0,408.0,59.0,,,,,,,,,,,,,,,,,,,,,,,,,,,,,,,
A_original_Danish_pivotal_endpoints,policy_analysis/danish_specific_early.csv,DK2,M1,q95,pivotal_parent_onset,gate025,317.0,65.0,252.0,16.0,42.0,0.3809523809523809,451.0,725.0,408.0,59.0,,,,,,,,,,,,,,,,,,,,,,,,,,,,,,,
A_original_Danish_pivotal_endpoints,policy_analysis/danish_specific_early.csv,DK2,M1,q95,pivotal_parent_onset,inherited_priority019,296.0,49.0,247.0,15.0,42.0,0.3571428571428571,451.0,725.0,408.0,59.0,,,,,,,,,,,,,,,,,,,,,,,,,,,,,,,
A_original_Danish_pivotal_endpoints,policy_analysis/danish_specific_early.csv,DK2,M1,q95,pivotal_parent_onset,gate025_cool6,234.0,44.0,190.0,14.0,42.0,0.3333333333333333,451.0,725.0,408.0,59.0,,,,,,,,,,,,,,,,,,,,,,,,,,,,,,,
A_original_Danish_pivotal_endpoints,policy_analysis/danish_specific_early.csv,DK2,M1,q95,pivotal_parent_onset,gate025_rise,317.0,60.0,257.0,17.0,42.0,0.4047619047619047,451.0,725.0,408.0,59.0,,,,,,,,,,,,,,,,,,,,,,,,,,,,,,,
A_original_Danish_pivotal_endpoints,policy_analysis/danish_specific_early.csv,DK2,M1,q95,pivotal_parent_onset,gate025_rise_cool6,237.0,40.0,197.0,11.0,42.0,0.2619047619047619,451.0,725.0,408.0,59.0,,,,,,,,,,,,,,,,,,,,,,,,,,,,,,,
A_original_Danish_pivotal_endpoints,policy_analysis/danish_specific_early.csv,DK2,M1,q95,pivotal_parent_onset,rolling90_target05,356.0,69.0,287.0,16.0,42.0,0.3809523809523809,451.0,725.0,408.0,59.0,,,,,,,,,,,,,,,,,,,,,,,,,,,,,,,
A_original_Danish_pivotal_endpoints,policy_analysis/danish_specific_early.csv,DK2,M1,q95,pivotal_parent_onset,development_count_gate,527.0,82.0,445.0,21.0,42.0,0.5,451.0,725.0,408.0,59.0,,,,,,,,,,,,,,,,,,,,,,,,,,,,,,,
A_original_Danish_pivotal_endpoints,policy_analysis/danish_specific_early.csv,DK2,M1,q95,pivotal_parent_onset,gate019,382.0,75.0,307.0,21.0,42.0,0.5,451.0,725.0,408.0,59.0,,,,,,,,,,,,,,,,,,,,,,,,,,,,,,,
A_original_Danish_pivotal_endpoints,policy_analysis/danish_specific_early.csv,DK2,M1,q95,pivotal_parent_onset,gate019_cool6,288.0,52.0,236.0,19.0,42.0,0.4523809523809524,451.0,725.0,408.0,59.0,,,,,,,,,,,,,,,,,,,,,,,,,,,,,,,
A_original_Danish_pivotal_endpoints,policy_analysis/danish_specific_early.csv,DK2,M1,q95,pivotal_parent_onset,gate019_rise,382.0,69.0,313.0,20.0,42.0,0.4761904761904761,451.0,725.0,408.0,59.0,,,,,,,,,,,,,,,,,,,,,,,,,,,,,,,
A_original_Danish_pivotal_endpoints,policy_analysis/danish_specific_early.csv,DK2,M1,q95,pivotal_reclustered,none,0.0,0.0,0.0,0.0,51.0,0.0,451.0,725.0,408.0,59.0,,,,,,,,,,,,,,,,,,,,,,,,,,,,,,,
A_original_Danish_pivotal_endpoints,policy_analysis/danish_specific_early.csv,DK2,M1,q95,pivotal_reclustered,top1,725.0,40.0,685.0,17.0,51.0,0.3333333333333333,451.0,725.0,408.0,59.0,,,,,,,,,,,,,,,,,,,,,,,,,,,,,,,
A_original_Danish_pivotal_endpoints,policy_analysis/danish_specific_early.csv,DK2,M1,q95,pivotal_reclustered,top2,1450.0,86.0,1364.0,26.0,51.0,0.5098039215686274,451.0,725.0,408.0,59.0,,,,,,,,,,,,,,,,,,,,,,,,,,,,,,,
A_original_Danish_pivotal_endpoints,policy_analysis/danish_specific_early.csv,DK2,M1,q95,pivotal_reclustered,gate025,317.0,65.0,252.0,19.0,51.0,0.3725490196078431,451.0,725.0,408.0,59.0,,,,,,,,,,,,,,,,,,,,,,,,,,,,,,,
A_original_Danish_pivotal_endpoints,policy_analysis/danish_specific_early.csv,DK2,M1,q95,pivotal_reclustered,inherited_priority019,296.0,49.0,247.0,19.0,51.0,0.3725490196078431,451.0,725.0,408.0,59.0,,,,,,,,,,,,,,,,,,,,,,,,,,,,,,,
A_original_Danish_pivotal_endpoints,policy_analysis/danish_specific_early.csv,DK2,M1,q95,pivotal_reclustered,gate025_cool6,234.0,44.0,190.0,18.0,51.0,0.3529411764705882,451.0,725.0,408.0,59.0,,,,,,,,,,,,,,,,,,,,,,,,,,,,,,,
A_original_Danish_pivotal_endpoints,policy_analysis/danish_specific_early.csv,DK2,M1,q95,pivotal_reclustered,gate025_rise,317.0,60.0,257.0,21.0,51.0,0.4117647058823529,451.0,725.0,408.0,59.0,,,,,,,,,,,,,,,,,,,,,,,,,,,,,,,
A_original_Danish_pivotal_endpoints,policy_analysis/danish_specific_early.csv,DK2,M1,q95,pivotal_reclustered,gate025_rise_cool6,237.0,40.0,197.0,15.0,51.0,0.2941176470588235,451.0,725.0,408.0,59.0,,,,,,,,,,,,,,,,,,,,,,,,,,,,,,,
A_original_Danish_pivotal_endpoints,policy_analysis/danish_specific_early.csv,DK2,M1,q95,pivotal_reclustered,rolling90_target05,356.0,69.0,287.0,19.0,51.0,0.3725490196078431,451.0,725.0,408.0,59.0,,,,,,,,,,,,,,,,,,,,,,,,,,,,,,,
A_original_Danish_pivotal_endpoints,policy_analysis/danish_specific_early.csv,DK2,M1,q95,pivotal_reclustered,development_count_gate,527.0,82.0,445.0,24.0,51.0,0.4705882352941176,451.0,725.0,408.0,59.0,,,,,,,,,,,,,,,,,,,,,,,,,,,,,,,
A_original_Danish_pivotal_endpoints,policy_analysis/danish_specific_early.csv,DK2,M1,q95,pivotal_reclustered,gate019,382.0,75.0,307.0,24.0,51.0,0.4705882352941176,451.0,725.0,408.0,59.0,,,,,,,,,,,,,,,,,,,,,,,,,,,,,,,
A_original_Danish_pivotal_endpoints,policy_analysis/danish_specific_early.csv,DK2,M1,q95,pivotal_reclustered,gate019_cool6,288.0,52.0,236.0,24.0,51.0,0.4705882352941176,451.0,725.0,408.0,59.0,,,,,,,,,,,,,,,,,,,,,,,,,,,,,,,
A_original_Danish_pivotal_endpoints,policy_analysis/danish_specific_early.csv,DK2,M1,q95,pivotal_reclustered,gate019_rise,382.0,69.0,313.0,24.0,51.0,0.4705882352941176,451.0,725.0,408.0,59.0,,,,,,,,,,,,,,,,,,,,,,,,,,,,,,,
A_original_Danish_pivotal_endpoints,policy_analysis/danish_specific_early.csv,DK2,M2,q95,pivotal_parent_onset,none,0.0,0.0,0.0,0.0,42.0,0.0,451.0,725.0,408.0,59.0,,,,,,,,,,,,,,,,,,,,,,,,,,,,,,,
A_original_Danish_pivotal_endpoints,policy_analysis/danish_specific_early.csv,DK2,M2,q95,pivotal_parent_onset,top1,725.0,41.0,684.0,16.0,42.0,0.3809523809523809,451.0,725.0,408.0,59.0,,,,,,,,,,,,,,,,,,,,,,,,,,,,,,,
A_original_Danish_pivotal_endpoints,policy_analysis/danish_specific_early.csv,DK2,M2,q95,pivotal_parent_onset,top2,1450.0,83.0,1367.0,22.0,42.0,0.5238095238095238,451.0,725.0,408.0,59.0,,,,,,,,,,,,,,,,,,,,,,,,,,,,,,,
A_original_Danish_pivotal_endpoints,policy_analysis/danish_specific_early.csv,DK2,M2,q95,pivotal_parent_onset,gate025,293.0,60.0,233.0,17.0,42.0,0.4047619047619047,451.0,725.0,408.0,59.0,,,,,,,,,,,,,,,,,,,,,,,,,,,,,,,
A_original_Danish_pivotal_endpoints,policy_analysis/danish_specific_early.csv,DK2,M2,q95,pivotal_parent_onset,inherited_priority019,279.0,45.0,234.0,12.0,42.0,0.2857142857142857,451.0,725.0,408.0,59.0,,,,,,,,,,,,,,,,,,,,,,,,,,,,,,,
A_original_Danish_pivotal_endpoints,policy_analysis/danish_specific_early.csv,DK2,M2,q95,pivotal_parent_onset,gate025_cool6,226.0,44.0,182.0,15.0,42.0,0.3571428571428571,451.0,725.0,408.0,59.0,,,,,,,,,,,,,,,,,,,,,,,,,,,,,,,
A_original_Danish_pivotal_endpoints,policy_analysis/danish_specific_early.csv,DK2,M2,q95,pivotal_parent_onset,gate025_rise,293.0,54.0,239.0,19.0,42.0,0.4523809523809524,451.0,725.0,408.0,59.0,,,,,,,,,,,,,,,,,,,,,,,,,,,,,,,
A_original_Danish_pivotal_endpoints,policy_analysis/danish_specific_early.csv,DK2,M2,q95,pivotal_parent_onset,gate025_rise_cool6,227.0,42.0,185.0,13.0,42.0,0.3095238095238095,451.0,725.0,408.0,59.0,,,,,,,,,,,,,,,,,,,,,,,,,,,,,,,
A_original_Danish_pivotal_endpoints,policy_analysis/danish_specific_early.csv,DK2,M2,q95,pivotal_parent_onset,rolling90_target05,351.0,66.0,285.0,15.0,42.0,0.3571428571428571,451.0,725.0,408.0,59.0,,,,,,,,,,,,,,,,,,,,,,,,,,,,,,,
A_original_Danish_pivotal_endpoints,policy_analysis/danish_specific_early.csv,DK2,M2,q95,pivotal_parent_onset,development_count_gate,538.0,78.0,460.0,20.0,42.0,0.4761904761904761,451.0,725.0,408.0,59.0,,,,,,,,,,,,,,,,,,,,,,,,,,,,,,,
A_original_Danish_pivotal_endpoints,policy_analysis/danish_specific_early.csv,DK2,M2,q95,pivotal_parent_onset,gate019,365.0,71.0,294.0,19.0,42.0,0.4523809523809524,451.0,725.0,408.0,59.0,,,,,,,,,,,,,,,,,,,,,,,,,,,,,,,
A_original_Danish_pivotal_endpoints,policy_analysis/danish_specific_early.csv,DK2,M2,q95,pivotal_parent_onset,gate019_cool6,274.0,47.0,227.0,16.0,42.0,0.3809523809523809,451.0,725.0,408.0,59.0,,,,,,,,,,,,,,,,,,,,,,,,,,,,,,,
A_original_Danish_pivotal_endpoints,policy_analysis/danish_specific_early.csv,DK2,M2,q95,pivotal_parent_onset,gate019_rise,365.0,62.0,303.0,18.0,42.0,0.4285714285714285,451.0,725.0,408.0,59.0,,,,,,,,,,,,,,,,,,,,,,,,,,,,,,,
A_original_Danish_pivotal_endpoints,policy_analysis/danish_specific_early.csv,DK2,M2,q95,pivotal_reclustered,none,0.0,0.0,0.0,0.0,51.0,0.0,451.0,725.0,408.0,59.0,,,,,,,,,,,,,,,,,,,,,,,,,,,,,,,
A_original_Danish_pivotal_endpoints,policy_analysis/danish_specific_early.csv,DK2,M2,q95,pivotal_reclustered,top1,725.0,41.0,684.0,18.0,51.0,0.3529411764705882,451.0,725.0,408.0,59.0,,,,,,,,,,,,,,,,,,,,,,,,,,,,,,,
A_original_Danish_pivotal_endpoints,policy_analysis/danish_specific_early.csv,DK2,M2,q95,pivotal_reclustered,top2,1450.0,83.0,1367.0,25.0,51.0,0.4901960784313725,451.0,725.0,408.0,59.0,,,,,,,,,,,,,,,,,,,,,,,,,,,,,,,
A_original_Danish_pivotal_endpoints,policy_analysis/danish_specific_early.csv,DK2,M2,q95,pivotal_reclustered,gate025,293.0,60.0,233.0,20.0,51.0,0.392156862745098,451.0,725.0,408.0,59.0,,,,,,,,,,,,,,,,,,,,,,,,,,,,,,,
A_original_Danish_pivotal_endpoints,policy_analysis/danish_specific_early.csv,DK2,M2,q95,pivotal_reclustered,inherited_priority019,279.0,45.0,234.0,16.0,51.0,0.3137254901960784,451.0,725.0,408.0,59.0,,,,,,,,,,,,,,,,,,,,,,,,,,,,,,,
A_original_Danish_pivotal_endpoints,policy_analysis/danish_specific_early.csv,DK2,M2,q95,pivotal_reclustered,gate025_cool6,226.0,44.0,182.0,19.0,51.0,0.3725490196078431,451.0,725.0,408.0,59.0,,,,,,,,,,,,,,,,,,,,,,,,,,,,,,,
A_original_Danish_pivotal_endpoints,policy_analysis/danish_specific_early.csv,DK2,M2,q95,pivotal_reclustered,gate025_rise,293.0,54.0,239.0,23.0,51.0,0.4509803921568627,451.0,725.0,408.0,59.0,,,,,,,,,,,,,,,,,,,,,,,,,,,,,,,
A_original_Danish_pivotal_endpoints,policy_analysis/danish_specific_early.csv,DK2,M2,q95,pivotal_reclustered,gate025_rise_cool6,227.0,42.0,185.0,17.0,51.0,0.3333333333333333,451.0,725.0,408.0,59.0,,,,,,,,,,,,,,,,,,,,,,,,,,,,,,,
A_original_Danish_pivotal_endpoints,policy_analysis/danish_specific_early.csv,DK2,M2,q95,pivotal_reclustered,rolling90_target05,351.0,66.0,285.0,18.0,51.0,0.3529411764705882,451.0,725.0,408.0,59.0,,,,,,,,,,,,,,,,,,,,,,,,,,,,,,,
A_original_Danish_pivotal_endpoints,policy_analysis/danish_specific_early.csv,DK2,M2,q95,pivotal_reclustered,development_count_gate,538.0,78.0,460.0,23.0,51.0,0.4509803921568627,451.0,725.0,408.0,59.0,,,,,,,,,,,,,,,,,,,,,,,,,,,,,,,
A_original_Danish_pivotal_endpoints,policy_analysis/danish_specific_early.csv,DK2,M2,q95,pivotal_reclustered,gate019,365.0,71.0,294.0,22.0,51.0,0.4313725490196078,451.0,725.0,408.0,59.0,,,,,,,,,,,,,,,,,,,,,,,,,,,,,,,
A_original_Danish_pivotal_endpoints,policy_analysis/danish_specific_early.csv,DK2,M2,q95,pivotal_reclustered,gate019_cool6,274.0,47.0,227.0,21.0,51.0,0.4117647058823529,451.0,725.0,408.0,59.0,,,,,,,,,,,,,,,,,,,,,,,,,,,,,,,
A_original_Danish_pivotal_endpoints,policy_analysis/danish_specific_early.csv,DK2,M2,q95,pivotal_reclustered,gate019_rise,365.0,62.0,303.0,22.0,51.0,0.4313725490196078,451.0,725.0,408.0,59.0,,,,,,,,,,,,,,,,,,,,,,,,,,,,,,,
A_original_Danish_pivotal_endpoints,policy_analysis/danish_specific_early.csv,DK2,M3,q95,pivotal_parent_onset,none,0.0,0.0,0.0,0.0,42.0,0.0,451.0,725.0,408.0,59.0,,,,,,,,,,,,,,,,,,,,,,,,,,,,,,,
A_original_Danish_pivotal_endpoints,policy_analysis/danish_specific_early.csv,DK2,M3,q95,pivotal_parent_onset,top1,725.0,40.0,685.0,15.0,42.0,0.3571428571428571,451.0,725.0,408.0,59.0,,,,,,,,,,,,,,,,,,,,,,,,,,,,,,,
A_original_Danish_pivotal_endpoints,policy_analysis/danish_specific_early.csv,DK2,M3,q95,pivotal_parent_onset,top2,1450.0,84.0,1366.0,22.0,42.0,0.5238095238095238,451.0,725.0,408.0,59.0,,,,,,,,,,,,,,,,,,,,,,,,,,,,,,,
A_original_Danish_pivotal_endpoints,policy_analysis/danish_specific_early.csv,DK2,M3,q95,pivotal_parent_onset,gate025,313.0,65.0,248.0,16.0,42.0,0.3809523809523809,451.0,725.0,408.0,59.0,,,,,,,,,,,,,,,,,,,,,,,,,,,,,,,
A_original_Danish_pivotal_endpoints,policy_analysis/danish_specific_early.csv,DK2,M3,q95,pivotal_parent_onset,inherited_priority019,286.0,48.0,238.0,14.0,42.0,0.3333333333333333,451.0,725.0,408.0,59.0,,,,,,,,,,,,,,,,,,,,,,,,,,,,,,,
A_original_Danish_pivotal_endpoints,policy_analysis/danish_specific_early.csv,DK2,M3,q95,pivotal_parent_onset,gate025_cool6,231.0,44.0,187.0,14.0,42.0,0.3333333333333333,451.0,725.0,408.0,59.0,,,,,,,,,,,,,,,,,,,,,,,,,,,,,,,
A_original_Danish_pivotal_endpoints,policy_analysis/danish_specific_early.csv,DK2,M3,q95,pivotal_parent_onset,gate025_rise,313.0,59.0,254.0,17.0,42.0,0.4047619047619047,451.0,725.0,408.0,59.0,,,,,,,,,,,,,,,,,,,,,,,,,,,,,,,
A_original_Danish_pivotal_endpoints,policy_analysis/danish_specific_early.csv,DK2,M3,q95,pivotal_parent_onset,gate025_rise_cool6,234.0,40.0,194.0,11.0,42.0,0.2619047619047619,451.0,725.0,408.0,59.0,,,,,,,,,,,,,,,,,,,,,,,,,,,,,,,
A_original_Danish_pivotal_endpoints,policy_analysis/danish_specific_early.csv,DK2,M3,q95,pivotal_parent_onset,rolling90_target05,362.0,71.0,291.0,17.0,42.0,0.4047619047619047,451.0,725.0,408.0,59.0,,,,,,,,,,,,,,,,,,,,,,,,,,,,,,,
A_original_Danish_pivotal_endpoints,policy_analysis/danish_specific_early.csv,DK2,M3,q95,pivotal_parent_onset,development_count_gate,536.0,81.0,455.0,20.0,42.0,0.4761904761904761,451.0,725.0,408.0,59.0,,,,,,,,,,,,,,,,,,,,,,,,,,,,,,,
A_original_Danish_pivotal_endpoints,policy_analysis/danish_specific_early.csv,DK2,M3,q95,pivotal_parent_onset,gate019,377.0,74.0,303.0,20.0,42.0,0.4761904761904761,451.0,725.0,408.0,59.0,,,,,,,,,,,,,,,,,,,,,,,,,,,,,,,
A_original_Danish_pivotal_endpoints,policy_analysis/danish_specific_early.csv,DK2,M3,q95,pivotal_parent_onset,gate019_cool6,280.0,51.0,229.0,18.0,42.0,0.4285714285714285,451.0,725.0,408.0,59.0,,,,,,,,,,,,,,,,,,,,,,,,,,,,,,,
A_original_Danish_pivotal_endpoints,policy_analysis/danish_specific_early.csv,DK2,M3,q95,pivotal_parent_onset,gate019_rise,377.0,67.0,310.0,19.0,42.0,0.4523809523809524,451.0,725.0,408.0,59.0,,,,,,,,,,,,,,,,,,,,,,,,,,,,,,,
A_original_Danish_pivotal_endpoints,policy_analysis/danish_specific_early.csv,DK2,M3,q95,pivotal_reclustered,none,0.0,0.0,0.0,0.0,51.0,0.0,451.0,725.0,408.0,59.0,,,,,,,,,,,,,,,,,,,,,,,,,,,,,,,
A_original_Danish_pivotal_endpoints,policy_analysis/danish_specific_early.csv,DK2,M3,q95,pivotal_reclustered,top1,725.0,40.0,685.0,17.0,51.0,0.3333333333333333,451.0,725.0,408.0,59.0,,,,,,,,,,,,,,,,,,,,,,,,,,,,,,,
A_original_Danish_pivotal_endpoints,policy_analysis/danish_specific_early.csv,DK2,M3,q95,pivotal_reclustered,top2,1450.0,84.0,1366.0,25.0,51.0,0.4901960784313725,451.0,725.0,408.0,59.0,,,,,,,,,,,,,,,,,,,,,,,,,,,,,,,
A_original_Danish_pivotal_endpoints,policy_analysis/danish_specific_early.csv,DK2,M3,q95,pivotal_reclustered,gate025,313.0,65.0,248.0,19.0,51.0,0.3725490196078431,451.0,725.0,408.0,59.0,,,,,,,,,,,,,,,,,,,,,,,,,,,,,,,
A_original_Danish_pivotal_endpoints,policy_analysis/danish_specific_early.csv,DK2,M3,q95,pivotal_reclustered,inherited_priority019,286.0,48.0,238.0,18.0,51.0,0.3529411764705882,451.0,725.0,408.0,59.0,,,,,,,,,,,,,,,,,,,,,,,,,,,,,,,
A_original_Danish_pivotal_endpoints,policy_analysis/danish_specific_early.csv,DK2,M3,q95,pivotal_reclustered,gate025_cool6,231.0,44.0,187.0,18.0,51.0,0.3529411764705882,451.0,725.0,408.0,59.0,,,,,,,,,,,,,,,,,,,,,,,,,,,,,,,
A_original_Danish_pivotal_endpoints,policy_analysis/danish_specific_early.csv,DK2,M3,q95,pivotal_reclustered,gate025_rise,313.0,59.0,254.0,21.0,51.0,0.4117647058823529,451.0,725.0,408.0,59.0,,,,,,,,,,,,,,,,,,,,,,,,,,,,,,,
A_original_Danish_pivotal_endpoints,policy_analysis/danish_specific_early.csv,DK2,M3,q95,pivotal_reclustered,gate025_rise_cool6,234.0,40.0,194.0,15.0,51.0,0.2941176470588235,451.0,725.0,408.0,59.0,,,,,,,,,,,,,,,,,,,,,,,,,,,,,,,
A_original_Danish_pivotal_endpoints,policy_analysis/danish_specific_early.csv,DK2,M3,q95,pivotal_reclustered,rolling90_target05,362.0,71.0,291.0,20.0,51.0,0.392156862745098,451.0,725.0,408.0,59.0,,,,,,,,,,,,,,,,,,,,,,,,,,,,,,,
A_original_Danish_pivotal_endpoints,policy_analysis/danish_specific_early.csv,DK2,M3,q95,pivotal_reclustered,development_count_gate,536.0,81.0,455.0,23.0,51.0,0.4509803921568627,451.0,725.0,408.0,59.0,,,,,,,,,,,,,,,,,,,,,,,,,,,,,,,
A_original_Danish_pivotal_endpoints,policy_analysis/danish_specific_early.csv,DK2,M3,q95,pivotal_reclustered,gate019,377.0,74.0,303.0,23.0,51.0,0.4509803921568627,451.0,725.0,408.0,59.0,,,,,,,,,,,,,,,,,,,,,,,,,,,,,,,
A_original_Danish_pivotal_endpoints,policy_analysis/danish_specific_early.csv,DK2,M3,q95,pivotal_reclustered,gate019_cool6,280.0,51.0,229.0,23.0,51.0,0.4509803921568627,451.0,725.0,408.0,59.0,,,,,,,,,,,,,,,,,,,,,,,,,,,,,,,
A_original_Danish_pivotal_endpoints,policy_analysis/danish_specific_early.csv,DK2,M3,q95,pivotal_reclustered,gate019_rise,377.0,67.0,310.0,23.0,51.0,0.4509803921568627,451.0,725.0,408.0,59.0,,,,,,,,,,,,,,,,,,,,,,,,,,,,,,,
B_learned_pivotal_endpoints,early_price/pivotal_policy_metrics.csv,DK1,,,,,725.0,,,,,,,,,,original_M0__top1,61.0,45.0,17.0,63.0,20.0,0.3174603174603174,717.0,,,,,,,,,,,,,,,,,,,,,,,
B_learned_pivotal_endpoints,early_price/pivotal_policy_metrics.csv,DK1,,,,,1450.0,,,,,,,,,,original_M0__top2,117.0,45.0,22.0,63.0,26.0,0.4126984126984127,717.0,,,,,,,,,,,,,,,,,,,,,,,
B_learned_pivotal_endpoints,early_price/pivotal_policy_metrics.csv,DK1,,,,,624.0,,,,,,,,,,original_M0__count2022_target05,110.0,45.0,22.0,63.0,25.0,0.3968253968253968,717.0,,,,,,,,,,,,,,,,,,,,,,,
B_learned_pivotal_endpoints,early_price/pivotal_policy_metrics.csv,DK1,,,,,559.0,,,,,,,,,,original_M0__count2023_target05,103.0,45.0,22.0,63.0,25.0,0.3968253968253968,717.0,,,,,,,,,,,,,,,,,,,,,,,
B_learned_pivotal_endpoints,early_price/pivotal_policy_metrics.csv,DK1,,,,,469.0,,,,,,,,,,original_M0__fixed025,97.0,45.0,21.0,63.0,24.0,0.3809523809523809,717.0,,,,,,,,,,,,,,,,,,,,,,,
B_learned_pivotal_endpoints,early_price/pivotal_policy_metrics.csv,DK1,,,,,514.0,,,,,,,,,,original_M0__count2022_cool6,85.0,45.0,19.0,63.0,27.0,0.4285714285714285,717.0,,,,,,,,,,,,,,,,,,,,,,,
B_learned_pivotal_endpoints,early_price/pivotal_policy_metrics.csv,DK1,,,,,460.0,,,,,,,,,,original_M0__count2023_cool6,82.0,45.0,19.0,63.0,27.0,0.4285714285714285,717.0,,,,,,,,,,,,,,,,,,,,,,,
B_learned_pivotal_endpoints,early_price/pivotal_policy_metrics.csv,DK1,,,,,725.0,,,,,,,,,,base_early_logit__top1,48.0,45.0,12.0,63.0,15.0,0.238095238095238,717.0,,,,,,,,,,,,,,,,,,,,,,,
B_learned_pivotal_endpoints,early_price/pivotal_policy_metrics.csv,DK1,,,,,1450.0,,,,,,,,,,base_early_logit__top2,96.0,45.0,19.0,63.0,21.0,0.3333333333333333,717.0,,,,,,,,,,,,,,,,,,,,,,,
B_learned_pivotal_endpoints,early_price/pivotal_policy_metrics.csv,DK1,,,,,693.0,,,,,,,,,,base_early_logit__count2022_target05,90.0,45.0,18.0,63.0,20.0,0.3174603174603174,717.0,,,,,,,,,,,,,,,,,,,,,,,
B_learned_pivotal_endpoints,early_price/pivotal_policy_metrics.csv,DK1,,,,,693.0,,,,,,,,,,base_early_logit__count2023_target05,90.0,45.0,18.0,63.0,20.0,0.3174603174603174,717.0,,,,,,,,,,,,,,,,,,,,,,,
B_learned_pivotal_endpoints,early_price/pivotal_policy_metrics.csv,DK1,,,,,15.0,,,,,,,,,,base_early_logit__fixed025,3.0,45.0,0.0,63.0,0.0,0.0,717.0,,,,,,,,,,,,,,,,,,,,,,,
B_learned_pivotal_endpoints,early_price/pivotal_policy_metrics.csv,DK1,,,,,595.0,,,,,,,,,,base_early_logit__count2022_cool6,74.0,45.0,17.0,63.0,22.0,0.3492063492063492,717.0,,,,,,,,,,,,,,,,,,,,,,,
B_learned_pivotal_endpoints,early_price/pivotal_policy_metrics.csv,DK1,,,,,595.0,,,,,,,,,,base_early_logit__count2023_cool6,74.0,45.0,17.0,63.0,22.0,0.3492063492063492,717.0,,,,,,,,,,,,,,,,,,,,,,,
B_learned_pivotal_endpoints,early_price/pivotal_policy_metrics.csv,DK1,,,,,725.0,,,,,,,,,,base_hour_logit__top1,60.0,45.0,17.0,63.0,20.0,0.3174603174603174,717.0,,,,,,,,,,,,,,,,,,,,,,,
B_learned_pivotal_endpoints,early_price/pivotal_policy_metrics.csv,DK1,,,,,1450.0,,,,,,,,,,base_hour_logit__top2,115.0,45.0,22.0,63.0,25.0,0.3968253968253968,717.0,,,,,,,,,,,,,,,,,,,,,,,
B_learned_pivotal_endpoints,early_price/pivotal_policy_metrics.csv,DK1,,,,,797.0,,,,,,,,,,base_hour_logit__count2022_target05,115.0,45.0,22.0,63.0,25.0,0.3968253968253968,717.0,,,,,,,,,,,,,,,,,,,,,,,
B_learned_pivotal_endpoints,early_price/pivotal_policy_metrics.csv,DK1,,,,,797.0,,,,,,,,,,base_hour_logit__count2023_target05,115.0,45.0,22.0,63.0,25.0,0.3968253968253968,717.0,,,,,,,,,,,,,,,,,,,,,,,
B_learned_pivotal_endpoints,early_price/pivotal_policy_metrics.csv,DK1,,,,,386.0,,,,,,,,,,base_hour_logit__fixed025,89.0,45.0,20.0,63.0,23.0,0.365079365079365,717.0,,,,,,,,,,,,,,,,,,,,,,,
B_learned_pivotal_endpoints,early_price/pivotal_policy_metrics.csv,DK1,,,,,701.0,,,,,,,,,,base_hour_logit__count2022_cool6,93.0,45.0,21.0,63.0,29.0,0.4603174603174603,717.0,,,,,,,,,,,,,,,,,,,,,,,
B_learned_pivotal_endpoints,early_price/pivotal_policy_metrics.csv,DK1,,,,,701.0,,,,,,,,,,base_hour_logit__count2023_cool6,93.0,45.0,21.0,63.0,29.0,0.4603174603174603,717.0,,,,,,,,,,,,,,,,,,,,,,,
B_learned_pivotal_endpoints,early_price/pivotal_policy_metrics.csv,DK1,,,,,725.0,,,,,,,,,,price_early_logit__top1,48.0,45.0,14.0,63.0,18.0,0.2857142857142857,717.0,,,,,,,,,,,,,,,,,,,,,,,
B_learned_pivotal_endpoints,early_price/pivotal_policy_metrics.csv,DK1,,,,,1450.0,,,,,,,,,,price_early_logit__top2,97.0,45.0,21.0,63.0,26.0,0.4126984126984127,717.0,,,,,,,,,,,,,,,,,,,,,,,
B_learned_pivotal_endpoints,early_price/pivotal_policy_metrics.csv,DK1,,,,,650.0,,,,,,,,,,price_early_logit__count2022_target05,74.0,45.0,16.0,63.0,19.0,0.3015873015873015,717.0,,,,,,,,,,,,,,,,,,,,,,,
B_learned_pivotal_endpoints,early_price/pivotal_policy_metrics.csv,DK1,,,,,992.0,,,,,,,,,,price_early_logit__count2023_target05,94.0,45.0,21.0,63.0,26.0,0.4126984126984127,717.0,,,,,,,,,,,,,,,,,,,,,,,
B_learned_pivotal_endpoints,early_price/pivotal_policy_metrics.csv,DK1,,,,,17.0,,,,,,,,,,price_early_logit__fixed025,3.0,45.0,0.0,63.0,0.0,0.0,717.0,,,,,,,,,,,,,,,,,,,,,,,
B_learned_pivotal_endpoints,early_price/pivotal_policy_metrics.csv,DK1,,,,,531.0,,,,,,,,,,price_early_logit__count2022_cool6,63.0,45.0,17.0,63.0,21.0,0.3333333333333333,717.0,,,,,,,,,,,,,,,,,,,,,,,
B_learned_pivotal_endpoints,early_price/pivotal_policy_metrics.csv,DK1,,,,,906.0,,,,,,,,,,price_early_logit__count2023_cool6,80.0,45.0,22.0,63.0,28.0,0.4444444444444444,717.0,,,,,,,,,,,,,,,,,,,,,,,
B_learned_pivotal_endpoints,early_price/pivotal_policy_metrics.csv,DK1,,,,,725.0,,,,,,,,,,price_hour_logit__top1,47.0,45.0,10.0,63.0,16.0,0.2539682539682539,717.0,,,,,,,,,,,,,,,,,,,,,,,
B_learned_pivotal_endpoints,early_price/pivotal_policy_metrics.csv,DK1,,,,,1450.0,,,,,,,,,,price_hour_logit__top2,93.0,45.0,17.0,63.0,25.0,0.3968253968253968,717.0,,,,,,,,,,,,,,,,,,,,,,,
B_learned_pivotal_endpoints,early_price/pivotal_policy_metrics.csv,DK1,,,,,1017.0,,,,,,,,,,price_hour_logit__count2022_target05,89.0,45.0,17.0,63.0,24.0,0.3809523809523809,717.0,,,,,,,,,,,,,,,,,,,,,,,
B_learned_pivotal_endpoints,early_price/pivotal_policy_metrics.csv,DK1,,,,,1167.0,,,,,,,,,,price_hour_logit__count2023_target05,91.0,45.0,17.0,63.0,24.0,0.3809523809523809,717.0,,,,,,,,,,,,,,,,,,,,,,,
B_learned_pivotal_endpoints,early_price/pivotal_policy_metrics.csv,DK1,,,,,108.0,,,,,,,,,,price_hour_logit__fixed025,20.0,45.0,2.0,63.0,4.0,0.0634920634920634,717.0,,,,,,,,,,,,,,,,,,,,,,,
B_learned_pivotal_endpoints,early_price/pivotal_policy_metrics.csv,DK1,,,,,992.0,,,,,,,,,,price_hour_logit__count2022_cool6,73.0,45.0,18.0,63.0,24.0,0.3809523809523809,717.0,,,,,,,,,,,,,,,,,,,,,,,
B_learned_pivotal_endpoints,early_price/pivotal_policy_metrics.csv,DK1,,,,,1151.0,,,,,,,,,,price_hour_logit__count2023_cool6,75.0,45.0,18.0,63.0,24.0,0.3809523809523809,717.0,,,,,,,,,,,,,,,,,,,,,,,
B_learned_pivotal_endpoints,early_price/pivotal_policy_metrics.csv,DK1,,,,,725.0,,,,,,,,,,combined_early_logit__top1,57.0,45.0,17.0,63.0,20.0,0.3174603174603174,717.0,,,,,,,,,,,,,,,,,,,,,,,
B_learned_pivotal_endpoints,early_price/pivotal_policy_metrics.csv,DK1,,,,,1450.0,,,,,,,,,,combined_early_logit__top2,110.0,45.0,21.0,63.0,25.0,0.3968253968253968,717.0,,,,,,,,,,,,,,,,,,,,,,,
B_learned_pivotal_endpoints,early_price/pivotal_policy_metrics.csv,DK1,,,,,739.0,,,,,,,,,,combined_early_logit__count2022_target05,104.0,45.0,20.0,63.0,24.0,0.3809523809523809,717.0,,,,,,,,,,,,,,,,,,,,,,,
B_learned_pivotal_endpoints,early_price/pivotal_policy_metrics.csv,DK1,,,,,739.0,,,,,,,,,,combined_early_logit__count2023_target05,104.0,45.0,20.0,63.0,24.0,0.3809523809523809,717.0,,,,,,,,,,,,,,,,,,,,,,,
B_learned_pivotal_endpoints,early_price/pivotal_policy_metrics.csv,DK1,,,,,28.0,,,,,,,,,,combined_early_logit__fixed025,6.0,45.0,1.0,63.0,1.0,0.0158730158730158,717.0,,,,,,,,,,,,,,,,,,,,,,,
B_learned_pivotal_endpoints,early_price/pivotal_policy_metrics.csv,DK1,,,,,628.0,,,,,,,,,,combined_early_logit__count2022_cool6,89.0,45.0,22.0,63.0,30.0,0.4761904761904761,717.0,,,,,,,,,,,,,,,,,,,,,,,
B_learned_pivotal_endpoints,early_price/pivotal_policy_metrics.csv,DK1,,,,,628.0,,,,,,,,,,combined_early_logit__count2023_cool6,89.0,45.0,22.0,63.0,30.0,0.4761904761904761,717.0,,,,,,,,,,,,,,,,,,,,,,,
B_learned_pivotal_endpoints,early_price/pivotal_policy_metrics.csv,DK1,,,,,725.0,,,,,,,,,,combined_hour_logit__top1,63.0,45.0,19.0,63.0,22.0,0.3492063492063492,717.0,,,,,,,,,,,,,,,,,,,,,,,
B_learned_pivotal_endpoints,early_price/pivotal_policy_metrics.csv,DK1,,,,,1450.0,,,,,,,,,,combined_hour_logit__top2,123.0,45.0,25.0,63.0,30.0,0.4761904761904761,717.0,,,,,,,,,,,,,,,,,,,,,,,
B_learned_pivotal_endpoints,early_price/pivotal_policy_metrics.csv,DK1,,,,,842.0,,,,,,,,,,combined_hour_logit__count2022_target05,123.0,45.0,25.0,63.0,30.0,0.4761904761904761,717.0,,,,,,,,,,,,,,,,,,,,,,,
B_learned_pivotal_endpoints,early_price/pivotal_policy_metrics.csv,DK1,,,,,921.0,,,,,,,,,,combined_hour_logit__count2023_target05,123.0,45.0,25.0,63.0,30.0,0.4761904761904761,717.0,,,,,,,,,,,,,,,,,,,,,,,
B_learned_pivotal_endpoints,early_price/pivotal_policy_metrics.csv,DK1,,,,,419.0,,,,,,,,,,combined_hour_logit__fixed025,92.0,45.0,19.0,63.0,22.0,0.3492063492063492,717.0,,,,,,,,,,,,,,,,,,,,,,,
B_learned_pivotal_endpoints,early_price/pivotal_policy_metrics.csv,DK1,,,,,735.0,,,,,,,,,,combined_hour_logit__count2022_cool6,102.0,45.0,25.0,63.0,35.0,0.5555555555555556,717.0,,,,,,,,,,,,,,,,,,,,,,,
B_learned_pivotal_endpoints,early_price/pivotal_policy_metrics.csv,DK1,,,,,821.0,,,,,,,,,,combined_hour_logit__count2023_cool6,104.0,45.0,25.0,63.0,36.0,0.5714285714285714,717.0,,,,,,,,,,,,,,,,,,,,,,,
B_learned_pivotal_endpoints,early_price/pivotal_policy_metrics.csv,DK2,,,,,725.0,,,,,,,,,,original_M0__top1,79.0,54.0,22.0,76.0,27.0,0.3552631578947368,902.0,,,,,,,,,,,,,,,,,,,,,,,
B_learned_pivotal_endpoints,early_price/pivotal_policy_metrics.csv,DK2,,,,,1450.0,,,,,,,,,,original_M0__top2,146.0,54.0,29.0,76.0,36.0,0.4736842105263157,902.0,,,,,,,,,,,,,,,,,,,,,,,
B_learned_pivotal_endpoints,early_price/pivotal_policy_metrics.csv,DK2,,,,,624.0,,,,,,,,,,original_M0__count2022_target05,137.0,54.0,27.0,76.0,32.0,0.4210526315789473,902.0,,,,,,,,,,,,,,,,,,,,,,,
B_learned_pivotal_endpoints,early_price/pivotal_policy_metrics.csv,DK2,,,,,560.0,,,,,,,,,,original_M0__count2023_target05,134.0,54.0,27.0,76.0,31.0,0.4078947368421052,902.0,,,,,,,,,,,,,,,,,,,,,,,
B_learned_pivotal_endpoints,early_price/pivotal_policy_metrics.csv,DK2,,,,,517.0,,,,,,,,,,original_M0__fixed025,128.0,54.0,23.0,76.0,27.0,0.3552631578947368,902.0,,,,,,,,,,,,,,,,,,,,,,,
B_learned_pivotal_endpoints,early_price/pivotal_policy_metrics.csv,DK2,,,,,529.0,,,,,,,,,,original_M0__count2022_cool6,113.0,54.0,29.0,76.0,36.0,0.4736842105263157,902.0,,,,,,,,,,,,,,,,,,,,,,,
B_learned_pivotal_endpoints,early_price/pivotal_policy_metrics.csv,DK2,,,,,460.0,,,,,,,,,,original_M0__count2023_cool6,108.0,54.0,27.0,76.0,33.0,0.4342105263157895,902.0,,,,,,,,,,,,,,,,,,,,,,,
B_learned_pivotal_endpoints,early_price/pivotal_policy_metrics.csv,DK2,,,,,725.0,,,,,,,,,,base_early_logit__top1,68.0,54.0,25.0,76.0,29.0,0.3815789473684211,902.0,,,,,,,,,,,,,,,,,,,,,,,
B_learned_pivotal_endpoints,early_price/pivotal_policy_metrics.csv,DK2,,,,,1450.0,,,,,,,,,,base_early_logit__top2,130.0,54.0,30.0,76.0,39.0,0.5131578947368421,902.0,,,,,,,,,,,,,,,,,,,,,,,
B_learned_pivotal_endpoints,early_price/pivotal_policy_metrics.csv,DK2,,,,,574.0,,,,,,,,,,base_early_logit__count2022_target05,107.0,54.0,25.0,76.0,30.0,0.3947368421052631,902.0,,,,,,,,,,,,,,,,,,,,,,,
B_learned_pivotal_endpoints,early_price/pivotal_policy_metrics.csv,DK2,,,,,574.0,,,,,,,,,,base_early_logit__count2023_target05,107.0,54.0,25.0,76.0,30.0,0.3947368421052631,902.0,,,,,,,,,,,,,,,,,,,,,,,
B_learned_pivotal_endpoints,early_price/pivotal_policy_metrics.csv,DK2,,,,,11.0,,,,,,,,,,base_early_logit__fixed025,0.0,54.0,0.0,76.0,0.0,0.0,902.0,,,,,,,,,,,,,,,,,,,,,,,
B_learned_pivotal_endpoints,early_price/pivotal_policy_metrics.csv,DK2,,,,,472.0,,,,,,,,,,base_early_logit__count2022_cool6,96.0,54.0,24.0,76.0,28.0,0.3684210526315789,902.0,,,,,,,,,,,,,,,,,,,,,,,
B_learned_pivotal_endpoints,early_price/pivotal_policy_metrics.csv,DK2,,,,,472.0,,,,,,,,,,base_early_logit__count2023_cool6,96.0,54.0,24.0,76.0,28.0,0.3684210526315789,902.0,,,,,,,,,,,,,,,,,,,,,,,
B_learned_pivotal_endpoints,early_price/pivotal_policy_metrics.csv,DK2,,,,,725.0,,,,,,,,,,base_hour_logit__top1,82.0,54.0,22.0,76.0,27.0,0.3552631578947368,902.0,,,,,,,,,,,,,,,,,,,,,,,
B_learned_pivotal_endpoints,early_price/pivotal_policy_metrics.csv,DK2,,,,,1450.0,,,,,,,,,,base_hour_logit__top2,149.0,54.0,30.0,76.0,36.0,0.4736842105263157,902.0,,,,,,,,,,,,,,,,,,,,,,,
B_learned_pivotal_endpoints,early_price/pivotal_policy_metrics.csv,DK2,,,,,751.0,,,,,,,,,,base_hour_logit__count2022_target05,144.0,54.0,29.0,76.0,34.0,0.4473684210526316,902.0,,,,,,,,,,,,,,,,,,,,,,,
B_learned_pivotal_endpoints,early_price/pivotal_policy_metrics.csv,DK2,,,,,751.0,,,,,,,,,,base_hour_logit__count2023_target05,144.0,54.0,29.0,76.0,34.0,0.4473684210526316,902.0,,,,,,,,,,,,,,,,,,,,,,,
B_learned_pivotal_endpoints,early_price/pivotal_policy_metrics.csv,DK2,,,,,429.0,,,,,,,,,,base_hour_logit__fixed025,126.0,54.0,22.0,76.0,24.0,0.3157894736842105,902.0,,,,,,,,,,,,,,,,,,,,,,,
B_learned_pivotal_endpoints,early_price/pivotal_policy_metrics.csv,DK2,,,,,651.0,,,,,,,,,,base_hour_logit__count2022_cool6,118.0,54.0,29.0,76.0,37.0,0.4868421052631579,902.0,,,,,,,,,,,,,,,,,,,,,,,
B_learned_pivotal_endpoints,early_price/pivotal_policy_metrics.csv,DK2,,,,,651.0,,,,,,,,,,base_hour_logit__count2023_cool6,118.0,54.0,29.0,76.0,37.0,0.4868421052631579,902.0,,,,,,,,,,,,,,,,,,,,,,,
B_learned_pivotal_endpoints,early_price/pivotal_policy_metrics.csv,DK2,,,,,725.0,,,,,,,,,,price_early_logit__top1,52.0,54.0,11.0,76.0,15.0,0.1973684210526315,902.0,,,,,,,,,,,,,,,,,,,,,,,
B_learned_pivotal_endpoints,early_price/pivotal_policy_metrics.csv,DK2,,,,,1450.0,,,,,,,,,,price_early_logit__top2,95.0,54.0,16.0,76.0,22.0,0.2894736842105263,902.0,,,,,,,,,,,,,,,,,,,,,,,
B_learned_pivotal_endpoints,early_price/pivotal_policy_metrics.csv,DK2,,,,,425.0,,,,,,,,,,price_early_logit__count2022_target05,59.0,54.0,11.0,76.0,15.0,0.1973684210526315,902.0,,,,,,,,,,,,,,,,,,,,,,,
B_learned_pivotal_endpoints,early_price/pivotal_policy_metrics.csv,DK2,,,,,1015.0,,,,,,,,,,price_early_logit__count2023_target05,94.0,54.0,16.0,76.0,22.0,0.2894736842105263,902.0,,,,,,,,,,,,,,,,,,,,,,,
B_learned_pivotal_endpoints,early_price/pivotal_policy_metrics.csv,DK2,,,,,3.0,,,,,,,,,,price_early_logit__fixed025,0.0,54.0,0.0,76.0,0.0,0.0,902.0,,,,,,,,,,,,,,,,,,,,,,,
B_learned_pivotal_endpoints,early_price/pivotal_policy_metrics.csv,DK2,,,,,306.0,,,,,,,,,,price_early_logit__count2022_cool6,53.0,54.0,12.0,76.0,15.0,0.1973684210526315,902.0,,,,,,,,,,,,,,,,,,,,,,,
B_learned_pivotal_endpoints,early_price/pivotal_policy_metrics.csv,DK2,,,,,957.0,,,,,,,,,,price_early_logit__count2023_cool6,90.0,54.0,18.0,76.0,25.0,0.3289473684210526,902.0,,,,,,,,,,,,,,,,,,,,,,,
B_learned_pivotal_endpoints,early_price/pivotal_policy_metrics.csv,DK2,,,,,725.0,,,,,,,,,,price_hour_logit__top1,49.0,54.0,9.0,76.0,14.0,0.1842105263157894,902.0,,,,,,,,,,,,,,,,,,,,,,,
B_learned_pivotal_endpoints,early_price/pivotal_policy_metrics.csv,DK2,,,,,1450.0,,,,,,,,,,price_hour_logit__top2,115.0,54.0,18.0,76.0,27.0,0.3552631578947368,902.0,,,,,,,,,,,,,,,,,,,,,,,
B_learned_pivotal_endpoints,early_price/pivotal_policy_metrics.csv,DK2,,,,,922.0,,,,,,,,,,price_hour_logit__count2022_target05,97.0,54.0,15.0,76.0,21.0,0.2763157894736842,902.0,,,,,,,,,,,,,,,,,,,,,,,
B_learned_pivotal_endpoints,early_price/pivotal_policy_metrics.csv,DK2,,,,,1037.0,,,,,,,,,,price_hour_logit__count2023_target05,102.0,54.0,15.0,76.0,23.0,0.3026315789473684,902.0,,,,,,,,,,,,,,,,,,,,,,,
B_learned_pivotal_endpoints,early_price/pivotal_policy_metrics.csv,DK2,,,,,90.0,,,,,,,,,,price_hour_logit__fixed025,20.0,54.0,0.0,76.0,2.0,0.0263157894736842,902.0,,,,,,,,,,,,,,,,,,,,,,,
B_learned_pivotal_endpoints,early_price/pivotal_policy_metrics.csv,DK2,,,,,909.0,,,,,,,,,,price_hour_logit__count2022_cool6,85.0,54.0,17.0,76.0,22.0,0.2894736842105263,902.0,,,,,,,,,,,,,,,,,,,,,,,
B_learned_pivotal_endpoints,early_price/pivotal_policy_metrics.csv,DK2,,,,,1029.0,,,,,,,,,,price_hour_logit__count2023_cool6,89.0,54.0,17.0,76.0,25.0,0.3289473684210526,902.0,,,,,,,,,,,,,,,,,,,,,,,
B_learned_pivotal_endpoints,early_price/pivotal_policy_metrics.csv,DK2,,,,,725.0,,,,,,,,,,combined_early_logit__top1,68.0,54.0,19.0,76.0,22.0,0.2894736842105263,902.0,,,,,,,,,,,,,,,,,,,,,,,
B_learned_pivotal_endpoints,early_price/pivotal_policy_metrics.csv,DK2,,,,,1450.0,,,,,,,,,,combined_early_logit__top2,137.0,54.0,31.0,76.0,37.0,0.4868421052631579,902.0,,,,,,,,,,,,,,,,,,,,,,,
B_learned_pivotal_endpoints,early_price/pivotal_policy_metrics.csv,DK2,,,,,626.0,,,,,,,,,,combined_early_logit__count2022_target05,125.0,54.0,26.0,76.0,31.0,0.4078947368421052,902.0,,,,,,,,,,,,,,,,,,,,,,,
B_learned_pivotal_endpoints,early_price/pivotal_policy_metrics.csv,DK2,,,,,626.0,,,,,,,,,,combined_early_logit__count2023_target05,125.0,54.0,26.0,76.0,31.0,0.4078947368421052,902.0,,,,,,,,,,,,,,,,,,,,,,,
B_learned_pivotal_endpoints,early_price/pivotal_policy_metrics.csv,DK2,,,,,19.0,,,,,,,,,,combined_early_logit__fixed025,3.0,54.0,0.0,76.0,0.0,0.0,902.0,,,,,,,,,,,,,,,,,,,,,,,
B_learned_pivotal_endpoints,early_price/pivotal_policy_metrics.csv,DK2,,,,,528.0,,,,,,,,,,combined_early_logit__count2022_cool6,107.0,54.0,25.0,76.0,30.0,0.3947368421052631,902.0,,,,,,,,,,,,,,,,,,,,,,,
B_learned_pivotal_endpoints,early_price/pivotal_policy_metrics.csv,DK2,,,,,528.0,,,,,,,,,,combined_early_logit__count2023_cool6,107.0,54.0,25.0,76.0,30.0,0.3947368421052631,902.0,,,,,,,,,,,,,,,,,,,,,,,
B_learned_pivotal_endpoints,early_price/pivotal_policy_metrics.csv,DK2,,,,,725.0,,,,,,,,,,combined_hour_logit__top1,83.0,54.0,26.0,76.0,30.0,0.3947368421052631,902.0,,,,,,,,,,,,,,,,,,,,,,,
B_learned_pivotal_endpoints,early_price/pivotal_policy_metrics.csv,DK2,,,,,1450.0,,,,,,,,,,combined_hour_logit__top2,146.0,54.0,35.0,76.0,40.0,0.5263157894736842,902.0,,,,,,,,,,,,,,,,,,,,,,,
B_learned_pivotal_endpoints,early_price/pivotal_policy_metrics.csv,DK2,,,,,787.0,,,,,,,,,,combined_hour_logit__count2022_target05,142.0,54.0,33.0,76.0,38.0,0.5,902.0,,,,,,,,,,,,,,,,,,,,,,,
B_learned_pivotal_endpoints,early_price/pivotal_policy_metrics.csv,DK2,,,,,889.0,,,,,,,,,,combined_hour_logit__count2023_target05,144.0,54.0,33.0,76.0,38.0,0.5,902.0,,,,,,,,,,,,,,,,,,,,,,,
B_learned_pivotal_endpoints,early_price/pivotal_policy_metrics.csv,DK2,,,,,466.0,,,,,,,,,,combined_hour_logit__fixed025,126.0,54.0,23.0,76.0,25.0,0.3289473684210526,902.0,,,,,,,,,,,,,,,,,,,,,,,
B_learned_pivotal_endpoints,early_price/pivotal_policy_metrics.csv,DK2,,,,,676.0,,,,,,,,,,combined_hour_logit__count2022_cool6,122.0,54.0,30.0,76.0,42.0,0.5526315789473685,902.0,,,,,,,,,,,,,,,,,,,,,,,
B_learned_pivotal_endpoints,early_price/pivotal_policy_metrics.csv,DK2,,,,,784.0,,,,,,,,,,combined_hour_logit__count2023_cool6,125.0,54.0,31.0,76.0,43.0,0.5657894736842105,902.0,,,,,,,,,,,,,,,,,,,,,,,
C_price_and_control_native_counts,early_price/policy_metrics.csv,DK1,original_M0,,,,725.0,149.0,576.0,28.0,71.0,0.3943661971830985,1641.0,725.0,,,,,,,,,,,top1,0.0,181.0,363.0,2022.0,,,,,,,,,,,,,,,,,,
C_price_and_control_native_counts,early_price/policy_metrics.csv,DK1,original_M0,,,,1450.0,290.0,1160.0,35.0,71.0,0.4929577464788732,1641.0,725.0,,,,,,,,,,,top2,0.0,181.0,363.0,2022.0,,,,,,,,,,,,,,,,,,
C_price_and_control_native_counts,early_price/policy_metrics.csv,DK1,original_M0,,,,624.0,282.0,342.0,35.0,71.0,0.4929577464788732,1641.0,725.0,,,,,,,,,,,count2022_target05,0.13,181.0,363.0,2022.0,,,,,,,,,,,,,,,,,,
C_price_and_control_native_counts,early_price/policy_metrics.csv,DK1,original_M0,,,,559.0,268.0,291.0,34.0,71.0,0.4788732394366197,1641.0,725.0,,,,,,,,,,,count2023_target05,0.17,177.0,357.0,2023.0,,,,,,,,,,,,,,,,,,
C_price_and_control_native_counts,early_price/policy_metrics.csv,DK1,original_M0,,,,469.0,255.0,214.0,32.0,71.0,0.4507042253521127,1641.0,725.0,,,,,,,,,,,fixed025,0.25,181.0,363.0,2022.0,,,,,,,,,,,,,,,,,,
C_price_and_control_native_counts,early_price/policy_metrics.csv,DK1,original_M0,,,,514.0,220.0,294.0,36.0,71.0,0.5070422535211268,1641.0,725.0,,,,,,,,,,,count2022_cool6,0.13,181.0,363.0,2022.0,,,,,,,,,,,,,,,,,,
C_price_and_control_native_counts,early_price/policy_metrics.csv,DK1,original_M0,,,,460.0,209.0,251.0,34.0,71.0,0.4788732394366197,1641.0,725.0,,,,,,,,,,,count2023_cool6,0.17,177.0,357.0,2023.0,,,,,,,,,,,,,,,,,,
C_price_and_control_native_counts,early_price/policy_metrics.csv,DK1,base_early_logit,,,,725.0,109.0,616.0,22.0,71.0,0.3098591549295774,1641.0,725.0,,,,,,,,,,,top1,0.0,144.0,363.0,2022.0,,,,,,,,,,,,,,,,,,
C_price_and_control_native_counts,early_price/policy_metrics.csv,DK1,base_early_logit,,,,1450.0,217.0,1233.0,30.0,71.0,0.4225352112676056,1641.0,725.0,,,,,,,,,,,top2,0.0,144.0,363.0,2022.0,,,,,,,,,,,,,,,,,,
C_price_and_control_native_counts,early_price/policy_metrics.csv,DK1,base_early_logit,,,,693.0,210.0,483.0,29.0,71.0,0.4084507042253521,1641.0,725.0,,,,,,,,,,,count2022_target05,0.02,144.0,363.0,2022.0,,,,,,,,,,,,,,,,,,
C_price_and_control_native_counts,early_price/policy_metrics.csv,DK1,base_early_logit,,,,693.0,210.0,483.0,29.0,71.0,0.4084507042253521,1641.0,725.0,,,,,,,,,,,count2023_target05,0.02,158.0,357.0,2023.0,,,,,,,,,,,,,,,,,,
C_price_and_control_native_counts,early_price/policy_metrics.csv,DK1,base_early_logit,,,,15.0,15.0,0.0,0.0,71.0,0.0,1641.0,725.0,,,,,,,,,,,fixed025,0.25,144.0,363.0,2022.0,,,,,,,,,,,,,,,,,,
C_price_and_control_native_counts,early_price/policy_metrics.csv,DK1,base_early_logit,,,,595.0,174.0,421.0,29.0,71.0,0.4084507042253521,1641.0,725.0,,,,,,,,,,,count2022_cool6,0.02,144.0,363.0,2022.0,,,,,,,,,,,,,,,,,,
C_price_and_control_native_counts,early_price/policy_metrics.csv,DK1,base_early_logit,,,,595.0,174.0,421.0,29.0,71.0,0.4084507042253521,1641.0,725.0,,,,,,,,,,,count2023_cool6,0.02,158.0,357.0,2023.0,,,,,,,,,,,,,,,,,,
C_price_and_control_native_counts,early_price/policy_metrics.csv,DK1,base_hour_logit,,,,725.0,152.0,573.0,28.0,71.0,0.3943661971830985,1641.0,725.0,,,,,,,,,,,top1,0.0,174.0,363.0,2022.0,,,,,,,,,,,,,,,,,,
C_price_and_control_native_counts,early_price/policy_metrics.csv,DK1,base_hour_logit,,,,1450.0,292.0,1158.0,35.0,71.0,0.4929577464788732,1641.0,725.0,,,,,,,,,,,top2,0.0,174.0,363.0,2022.0,,,,,,,,,,,,,,,,,,
C_price_and_control_native_counts,early_price/policy_metrics.csv,DK1,base_hour_logit,,,,797.0,292.0,505.0,35.0,71.0,0.4929577464788732,1641.0,725.0,,,,,,,,,,,count2022_target05,0.03,174.0,363.0,2022.0,,,,,,,,,,,,,,,,,,
C_price_and_control_native_counts,early_price/policy_metrics.csv,DK1,base_hour_logit,,,,797.0,292.0,505.0,35.0,71.0,0.4929577464788732,1641.0,725.0,,,,,,,,,,,count2023_target05,0.03,177.0,357.0,2023.0,,,,,,,,,,,,,,,,,,
C_price_and_control_native_counts,early_price/policy_metrics.csv,DK1,base_hour_logit,,,,386.0,234.0,152.0,30.0,71.0,0.4225352112676056,1641.0,725.0,,,,,,,,,,,fixed025,0.25,174.0,363.0,2022.0,,,,,,,,,,,,,,,,,,
C_price_and_control_native_counts,early_price/policy_metrics.csv,DK1,base_hour_logit,,,,701.0,234.0,467.0,39.0,71.0,0.5492957746478874,1641.0,725.0,,,,,,,,,,,count2022_cool6,0.03,174.0,363.0,2022.0,,,,,,,,,,,,,,,,,,
C_price_and_control_native_counts,early_price/policy_metrics.csv,DK1,base_hour_logit,,,,701.0,234.0,467.0,39.0,71.0,0.5492957746478874,1641.0,725.0,,,,,,,,,,,count2023_cool6,0.03,177.0,357.0,2023.0,,,,,,,,,,,,,,,,,,
C_price_and_control_native_counts,early_price/policy_metrics.csv,DK1,price_early_logit,,,,725.0,116.0,609.0,22.0,71.0,0.3098591549295774,1641.0,725.0,,,,,,,,,,,top1,0.0,158.0,363.0,2022.0,,,,,,,,,,,,,,,,,,
C_price_and_control_native_counts,early_price/policy_metrics.csv,DK1,price_early_logit,,,,1450.0,234.0,1216.0,31.0,71.0,0.4366197183098591,1641.0,725.0,,,,,,,,,,,top2,0.0,158.0,363.0,2022.0,,,,,,,,,,,,,,,,,,
C_price_and_control_native_counts,early_price/policy_metrics.csv,DK1,price_early_logit,,,,650.0,172.0,478.0,25.0,71.0,0.352112676056338,1641.0,725.0,,,,,,,,,,,count2022_target05,0.02,158.0,363.0,2022.0,,,,,,,,,,,,,,,,,,
C_price_and_control_native_counts,early_price/policy_metrics.csv,DK1,price_early_logit,,,,992.0,229.0,763.0,31.0,71.0,0.4366197183098591,1641.0,725.0,,,,,,,,,,,count2023_target05,0.01,147.0,357.0,2023.0,,,,,,,,,,,,,,,,,,
C_price_and_control_native_counts,early_price/policy_metrics.csv,DK1,price_early_logit,,,,17.0,14.0,3.0,1.0,71.0,0.0140845070422535,1641.0,725.0,,,,,,,,,,,fixed025,0.25,158.0,363.0,2022.0,,,,,,,,,,,,,,,,,,
C_price_and_control_native_counts,early_price/policy_metrics.csv,DK1,price_early_logit,,,,531.0,142.0,389.0,27.0,71.0,0.380281690140845,1641.0,725.0,,,,,,,,,,,count2022_cool6,0.02,158.0,363.0,2022.0,,,,,,,,,,,,,,,,,,
C_price_and_control_native_counts,early_price/policy_metrics.csv,DK1,price_early_logit,,,,906.0,187.0,719.0,34.0,71.0,0.4788732394366197,1641.0,725.0,,,,,,,,,,,count2023_cool6,0.01,147.0,357.0,2023.0,,,,,,,,,,,,,,,,,,
C_price_and_control_native_counts,early_price/policy_metrics.csv,DK1,price_hour_logit,,,,725.0,100.0,625.0,16.0,71.0,0.2253521126760563,1641.0,725.0,,,,,,,,,,,top1,0.0,174.0,363.0,2022.0,,,,,,,,,,,,,,,,,,
C_price_and_control_native_counts,early_price/policy_metrics.csv,DK1,price_hour_logit,,,,1450.0,208.0,1242.0,26.0,71.0,0.3661971830985915,1641.0,725.0,,,,,,,,,,,top2,0.0,174.0,363.0,2022.0,,,,,,,,,,,,,,,,,,
C_price_and_control_native_counts,early_price/policy_metrics.csv,DK1,price_hour_logit,,,,1017.0,201.0,816.0,26.0,71.0,0.3661971830985915,1641.0,725.0,,,,,,,,,,,count2022_target05,0.02,174.0,363.0,2022.0,,,,,,,,,,,,,,,,,,
C_price_and_control_native_counts,early_price/policy_metrics.csv,DK1,price_hour_logit,,,,1167.0,206.0,961.0,26.0,71.0,0.3661971830985915,1641.0,725.0,,,,,,,,,,,count2023_target05,0.01,123.0,357.0,2023.0,,,,,,,,,,,,,,,,,,
C_price_and_control_native_counts,early_price/policy_metrics.csv,DK1,price_hour_logit,,,,108.0,51.0,57.0,5.0,71.0,0.0704225352112676,1641.0,725.0,,,,,,,,,,,fixed025,0.25,174.0,363.0,2022.0,,,,,,,,,,,,,,,,,,
C_price_and_control_native_counts,early_price/policy_metrics.csv,DK1,price_hour_logit,,,,992.0,159.0,833.0,28.0,71.0,0.3943661971830985,1641.0,725.0,,,,,,,,,,,count2022_cool6,0.02,174.0,363.0,2022.0,,,,,,,,,,,,,,,,,,
C_price_and_control_native_counts,early_price/policy_metrics.csv,DK1,price_hour_logit,,,,1151.0,166.0,985.0,30.0,71.0,0.4225352112676056,1641.0,725.0,,,,,,,,,,,count2023_cool6,0.01,123.0,357.0,2023.0,,,,,,,,,,,,,,,,,,
C_price_and_control_native_counts,early_price/policy_metrics.csv,DK1,combined_early_logit,,,,725.0,142.0,583.0,29.0,71.0,0.4084507042253521,1641.0,725.0,,,,,,,,,,,top1,0.0,152.0,363.0,2022.0,,,,,,,,,,,,,,,,,,
C_price_and_control_native_counts,early_price/policy_metrics.csv,DK1,combined_early_logit,,,,1450.0,280.0,1170.0,36.0,71.0,0.5070422535211268,1641.0,725.0,,,,,,,,,,,top2,0.0,152.0,363.0,2022.0,,,,,,,,,,,,,,,,,,
C_price_and_control_native_counts,early_price/policy_metrics.csv,DK1,combined_early_logit,,,,739.0,273.0,466.0,35.0,71.0,0.4929577464788732,1641.0,725.0,,,,,,,,,,,count2022_target05,0.02,152.0,363.0,2022.0,,,,,,,,,,,,,,,,,,
C_price_and_control_native_counts,early_price/policy_metrics.csv,DK1,combined_early_logit,,,,739.0,273.0,466.0,35.0,71.0,0.4929577464788732,1641.0,725.0,,,,,,,,,,,count2023_target05,0.02,129.0,357.0,2023.0,,,,,,,,,,,,,,,,,,
C_price_and_control_native_counts,early_price/policy_metrics.csv,DK1,combined_early_logit,,,,28.0,28.0,0.0,3.0,71.0,0.0422535211267605,1641.0,725.0,,,,,,,,,,,fixed025,0.25,152.0,363.0,2022.0,,,,,,,,,,,,,,,,,,
C_price_and_control_native_counts,early_price/policy_metrics.csv,DK1,combined_early_logit,,,,628.0,224.0,404.0,41.0,71.0,0.5774647887323944,1641.0,725.0,,,,,,,,,,,count2022_cool6,0.02,152.0,363.0,2022.0,,,,,,,,,,,,,,,,,,
C_price_and_control_native_counts,early_price/policy_metrics.csv,DK1,combined_early_logit,,,,628.0,224.0,404.0,41.0,71.0,0.5774647887323944,1641.0,725.0,,,,,,,,,,,count2023_cool6,0.02,129.0,357.0,2023.0,,,,,,,,,,,,,,,,,,
C_price_and_control_native_counts,early_price/policy_metrics.csv,DK1,combined_hour_logit,,,,725.0,165.0,560.0,32.0,71.0,0.4507042253521127,1641.0,725.0,,,,,,,,,,,top1,0.0,165.0,363.0,2022.0,,,,,,,,,,,,,,,,,,
C_price_and_control_native_counts,early_price/policy_metrics.csv,DK1,combined_hour_logit,,,,1450.0,316.0,1134.0,40.0,71.0,0.5633802816901409,1641.0,725.0,,,,,,,,,,,top2,0.0,165.0,363.0,2022.0,,,,,,,,,,,,,,,,,,
C_price_and_control_native_counts,early_price/policy_metrics.csv,DK1,combined_hour_logit,,,,842.0,316.0,526.0,40.0,71.0,0.5633802816901409,1641.0,725.0,,,,,,,,,,,count2022_target05,0.03,165.0,363.0,2022.0,,,,,,,,,,,,,,,,,,
C_price_and_control_native_counts,early_price/policy_metrics.csv,DK1,combined_hour_logit,,,,921.0,316.0,605.0,40.0,71.0,0.5633802816901409,1641.0,725.0,,,,,,,,,,,count2023_target05,0.02,137.0,357.0,2023.0,,,,,,,,,,,,,,,,,,
C_price_and_control_native_counts,early_price/policy_metrics.csv,DK1,combined_hour_logit,,,,419.0,259.0,160.0,31.0,71.0,0.4366197183098591,1641.0,725.0,,,,,,,,,,,fixed025,0.25,165.0,363.0,2022.0,,,,,,,,,,,,,,,,,,
C_price_and_control_native_counts,early_price/policy_metrics.csv,DK1,combined_hour_logit,,,,735.0,252.0,483.0,43.0,71.0,0.6056338028169014,1641.0,725.0,,,,,,,,,,,count2022_cool6,0.03,165.0,363.0,2022.0,,,,,,,,,,,,,,,,,,
C_price_and_control_native_counts,early_price/policy_metrics.csv,DK1,combined_hour_logit,,,,821.0,256.0,565.0,43.0,71.0,0.6056338028169014,1641.0,725.0,,,,,,,,,,,count2023_cool6,0.02,137.0,357.0,2023.0,,,,,,,,,,,,,,,,,,
C_price_and_control_native_counts,early_price/policy_metrics.csv,DK2,original_M0,,,,725.0,169.0,556.0,33.0,75.0,0.44,1826.0,725.0,,,,,,,,,,,top1,0.0,181.0,363.0,2022.0,,,,,,,,,,,,,,,,,,
C_price_and_control_native_counts,early_price/policy_metrics.csv,DK2,original_M0,,,,1450.0,321.0,1129.0,40.0,75.0,0.5333333333333333,1826.0,725.0,,,,,,,,,,,top2,0.0,181.0,363.0,2022.0,,,,,,,,,,,,,,,,,,
C_price_and_control_native_counts,early_price/policy_metrics.csv,DK2,original_M0,,,,624.0,307.0,317.0,38.0,75.0,0.5066666666666667,1826.0,725.0,,,,,,,,,,,count2022_target05,0.16,181.0,363.0,2022.0,,,,,,,,,,,,,,,,,,
C_price_and_control_native_counts,early_price/policy_metrics.csv,DK2,original_M0,,,,560.0,301.0,259.0,37.0,75.0,0.4933333333333333,1826.0,725.0,,,,,,,,,,,count2023_target05,0.21,178.0,357.0,2023.0,,,,,,,,,,,,,,,,,,
C_price_and_control_native_counts,early_price/policy_metrics.csv,DK2,original_M0,,,,517.0,294.0,223.0,33.0,75.0,0.44,1826.0,725.0,,,,,,,,,,,fixed025,0.25,181.0,363.0,2022.0,,,,,,,,,,,,,,,,,,
C_price_and_control_native_counts,early_price/policy_metrics.csv,DK2,original_M0,,,,529.0,245.0,284.0,42.0,75.0,0.56,1826.0,725.0,,,,,,,,,,,count2022_cool6,0.16,181.0,363.0,2022.0,,,,,,,,,,,,,,,,,,
C_price_and_control_native_counts,early_price/policy_metrics.csv,DK2,original_M0,,,,460.0,238.0,222.0,39.0,75.0,0.52,1826.0,725.0,,,,,,,,,,,count2023_cool6,0.21,178.0,357.0,2023.0,,,,,,,,,,,,,,,,,,
C_price_and_control_native_counts,early_price/policy_metrics.csv,DK2,base_early_logit,,,,725.0,153.0,572.0,34.0,75.0,0.4533333333333333,1826.0,725.0,,,,,,,,,,,top1,0.0,140.0,363.0,2022.0,,,,,,,,,,,,,,,,,,
C_price_and_control_native_counts,early_price/policy_metrics.csv,DK2,base_early_logit,,,,1450.0,296.0,1154.0,40.0,75.0,0.5333333333333333,1826.0,725.0,,,,,,,,,,,top2,0.0,140.0,363.0,2022.0,,,,,,,,,,,,,,,,,,
C_price_and_control_native_counts,early_price/policy_metrics.csv,DK2,base_early_logit,,,,574.0,267.0,307.0,34.0,75.0,0.4533333333333333,1826.0,725.0,,,,,,,,,,,count2022_target05,0.03,140.0,363.0,2022.0,,,,,,,,,,,,,,,,,,
C_price_and_control_native_counts,early_price/policy_metrics.csv,DK2,base_early_logit,,,,574.0,267.0,307.0,34.0,75.0,0.4533333333333333,1826.0,725.0,,,,,,,,,,,count2023_target05,0.03,158.0,357.0,2023.0,,,,,,,,,,,,,,,,,,
C_price_and_control_native_counts,early_price/policy_metrics.csv,DK2,base_early_logit,,,,11.0,11.0,0.0,0.0,75.0,0.0,1826.0,725.0,,,,,,,,,,,fixed025,0.25,140.0,363.0,2022.0,,,,,,,,,,,,,,,,,,
C_price_and_control_native_counts,early_price/policy_metrics.csv,DK2,base_early_logit,,,,472.0,216.0,256.0,35.0,75.0,0.4666666666666667,1826.0,725.0,,,,,,,,,,,count2022_cool6,0.03,140.0,363.0,2022.0,,,,,,,,,,,,,,,,,,
C_price_and_control_native_counts,early_price/policy_metrics.csv,DK2,base_early_logit,,,,472.0,216.0,256.0,35.0,75.0,0.4666666666666667,1826.0,725.0,,,,,,,,,,,count2023_cool6,0.03,158.0,357.0,2023.0,,,,,,,,,,,,,,,,,,
C_price_and_control_native_counts,early_price/policy_metrics.csv,DK2,base_hour_logit,,,,725.0,172.0,553.0,33.0,75.0,0.44,1826.0,725.0,,,,,,,,,,,top1,0.0,177.0,363.0,2022.0,,,,,,,,,,,,,,,,,,
C_price_and_control_native_counts,early_price/policy_metrics.csv,DK2,base_hour_logit,,,,1450.0,321.0,1129.0,41.0,75.0,0.5466666666666666,1826.0,725.0,,,,,,,,,,,top2,0.0,177.0,363.0,2022.0,,,,,,,,,,,,,,,,,,
C_price_and_control_native_counts,early_price/policy_metrics.csv,DK2,base_hour_logit,,,,751.0,316.0,435.0,40.0,75.0,0.5333333333333333,1826.0,725.0,,,,,,,,,,,count2022_target05,0.05,177.0,363.0,2022.0,,,,,,,,,,,,,,,,,,
C_price_and_control_native_counts,early_price/policy_metrics.csv,DK2,base_hour_logit,,,,751.0,316.0,435.0,40.0,75.0,0.5333333333333333,1826.0,725.0,,,,,,,,,,,count2023_target05,0.05,161.0,357.0,2023.0,,,,,,,,,,,,,,,,,,
C_price_and_control_native_counts,early_price/policy_metrics.csv,DK2,base_hour_logit,,,,429.0,276.0,153.0,32.0,75.0,0.4266666666666667,1826.0,725.0,,,,,,,,,,,fixed025,0.25,177.0,363.0,2022.0,,,,,,,,,,,,,,,,,,
C_price_and_control_native_counts,early_price/policy_metrics.csv,DK2,base_hour_logit,,,,651.0,253.0,398.0,42.0,75.0,0.56,1826.0,725.0,,,,,,,,,,,count2022_cool6,0.05,177.0,363.0,2022.0,,,,,,,,,,,,,,,,,,
C_price_and_control_native_counts,early_price/policy_metrics.csv,DK2,base_hour_logit,,,,651.0,253.0,398.0,42.0,75.0,0.56,1826.0,725.0,,,,,,,,,,,count2023_cool6,0.05,161.0,357.0,2023.0,,,,,,,,,,,,,,,,,,
C_price_and_control_native_counts,early_price/policy_metrics.csv,DK2,price_early_logit,,,,725.0,114.0,611.0,16.0,75.0,0.2133333333333333,1826.0,725.0,,,,,,,,,,,top1,0.0,148.0,363.0,2022.0,,,,,,,,,,,,,,,,,,
C_price_and_control_native_counts,early_price/policy_metrics.csv,DK2,price_early_logit,,,,1450.0,222.0,1228.0,25.0,75.0,0.3333333333333333,1826.0,725.0,,,,,,,,,,,top2,0.0,148.0,363.0,2022.0,,,,,,,,,,,,,,,,,,
C_price_and_control_native_counts,early_price/policy_metrics.csv,DK2,price_early_logit,,,,425.0,134.0,291.0,15.0,75.0,0.2,1826.0,725.0,,,,,,,,,,,count2022_target05,0.02,148.0,363.0,2022.0,,,,,,,,,,,,,,,,,,
C_price_and_control_native_counts,early_price/policy_metrics.csv,DK2,price_early_logit,,,,1015.0,217.0,798.0,24.0,75.0,0.32,1826.0,725.0,,,,,,,,,,,count2023_target05,0.01,158.0,357.0,2023.0,,,,,,,,,,,,,,,,,,
C_price_and_control_native_counts,early_price/policy_metrics.csv,DK2,price_early_logit,,,,3.0,3.0,0.0,0.0,75.0,0.0,1826.0,725.0,,,,,,,,,,,fixed025,0.25,148.0,363.0,2022.0,,,,,,,,,,,,,,,,,,
C_price_and_control_native_counts,early_price/policy_metrics.csv,DK2,price_early_logit,,,,306.0,110.0,196.0,16.0,75.0,0.2133333333333333,1826.0,725.0,,,,,,,,,,,count2022_cool6,0.02,148.0,363.0,2022.0,,,,,,,,,,,,,,,,,,
C_price_and_control_native_counts,early_price/policy_metrics.csv,DK2,price_early_logit,,,,957.0,181.0,776.0,24.0,75.0,0.32,1826.0,725.0,,,,,,,,,,,count2023_cool6,0.01,158.0,357.0,2023.0,,,,,,,,,,,,,,,,,,
C_price_and_control_native_counts,early_price/policy_metrics.csv,DK2,price_hour_logit,,,,725.0,106.0,619.0,15.0,75.0,0.2,1826.0,725.0,,,,,,,,,,,top1,0.0,171.0,363.0,2022.0,,,,,,,,,,,,,,,,,,
C_price_and_control_native_counts,early_price/policy_metrics.csv,DK2,price_hour_logit,,,,1450.0,236.0,1214.0,26.0,75.0,0.3466666666666667,1826.0,725.0,,,,,,,,,,,top2,0.0,171.0,363.0,2022.0,,,,,,,,,,,,,,,,,,
C_price_and_control_native_counts,early_price/policy_metrics.csv,DK2,price_hour_logit,,,,922.0,199.0,723.0,21.0,75.0,0.28,1826.0,725.0,,,,,,,,,,,count2022_target05,0.04,171.0,363.0,2022.0,,,,,,,,,,,,,,,,,,
C_price_and_control_native_counts,early_price/policy_metrics.csv,DK2,price_hour_logit,,,,1037.0,222.0,815.0,23.0,75.0,0.3066666666666666,1826.0,725.0,,,,,,,,,,,count2023_target05,0.02,145.0,357.0,2023.0,,,,,,,,,,,,,,,,,,
C_price_and_control_native_counts,early_price/policy_metrics.csv,DK2,price_hour_logit,,,,90.0,47.0,43.0,1.0,75.0,0.0133333333333333,1826.0,725.0,,,,,,,,,,,fixed025,0.25,171.0,363.0,2022.0,,,,,,,,,,,,,,,,,,
C_price_and_control_native_counts,early_price/policy_metrics.csv,DK2,price_hour_logit,,,,909.0,169.0,740.0,22.0,75.0,0.2933333333333333,1826.0,725.0,,,,,,,,,,,count2022_cool6,0.04,171.0,363.0,2022.0,,,,,,,,,,,,,,,,,,
C_price_and_control_native_counts,early_price/policy_metrics.csv,DK2,price_hour_logit,,,,1029.0,182.0,847.0,24.0,75.0,0.32,1826.0,725.0,,,,,,,,,,,count2023_cool6,0.02,145.0,357.0,2023.0,,,,,,,,,,,,,,,,,,
C_price_and_control_native_counts,early_price/policy_metrics.csv,DK2,combined_early_logit,,,,725.0,165.0,560.0,30.0,75.0,0.4,1826.0,725.0,,,,,,,,,,,top1,0.0,154.0,363.0,2022.0,,,,,,,,,,,,,,,,,,
C_price_and_control_native_counts,early_price/policy_metrics.csv,DK2,combined_early_logit,,,,1450.0,322.0,1128.0,44.0,75.0,0.5866666666666667,1826.0,725.0,,,,,,,,,,,top2,0.0,154.0,363.0,2022.0,,,,,,,,,,,,,,,,,,
C_price_and_control_native_counts,early_price/policy_metrics.csv,DK2,combined_early_logit,,,,626.0,306.0,320.0,39.0,75.0,0.52,1826.0,725.0,,,,,,,,,,,count2022_target05,0.03,154.0,363.0,2022.0,,,,,,,,,,,,,,,,,,
C_price_and_control_native_counts,early_price/policy_metrics.csv,DK2,combined_early_logit,,,,626.0,306.0,320.0,39.0,75.0,0.52,1826.0,725.0,,,,,,,,,,,count2023_target05,0.03,147.0,357.0,2023.0,,,,,,,,,,,,,,,,,,
C_price_and_control_native_counts,early_price/policy_metrics.csv,DK2,combined_early_logit,,,,19.0,19.0,0.0,0.0,75.0,0.0,1826.0,725.0,,,,,,,,,,,fixed025,0.25,154.0,363.0,2022.0,,,,,,,,,,,,,,,,,,
C_price_and_control_native_counts,early_price/policy_metrics.csv,DK2,combined_early_logit,,,,528.0,257.0,271.0,41.0,75.0,0.5466666666666666,1826.0,725.0,,,,,,,,,,,count2022_cool6,0.03,154.0,363.0,2022.0,,,,,,,,,,,,,,,,,,
C_price_and_control_native_counts,early_price/policy_metrics.csv,DK2,combined_early_logit,,,,528.0,257.0,271.0,41.0,75.0,0.5466666666666666,1826.0,725.0,,,,,,,,,,,count2023_cool6,0.03,147.0,357.0,2023.0,,,,,,,,,,,,,,,,,,
C_price_and_control_native_counts,early_price/policy_metrics.csv,DK2,combined_hour_logit,,,,725.0,183.0,542.0,35.0,75.0,0.4666666666666667,1826.0,725.0,,,,,,,,,,,top1,0.0,164.0,363.0,2022.0,,,,,,,,,,,,,,,,,,
C_price_and_control_native_counts,early_price/policy_metrics.csv,DK2,combined_hour_logit,,,,1450.0,341.0,1109.0,48.0,75.0,0.64,1826.0,725.0,,,,,,,,,,,top2,0.0,164.0,363.0,2022.0,,,,,,,,,,,,,,,,,,
C_price_and_control_native_counts,early_price/policy_metrics.csv,DK2,combined_hour_logit,,,,787.0,337.0,450.0,46.0,75.0,0.6133333333333333,1826.0,725.0,,,,,,,,,,,count2022_target05,0.05,164.0,363.0,2022.0,,,,,,,,,,,,,,,,,,
C_price_and_control_native_counts,early_price/policy_metrics.csv,DK2,combined_hour_logit,,,,889.0,339.0,550.0,46.0,75.0,0.6133333333333333,1826.0,725.0,,,,,,,,,,,count2023_target05,0.03,155.0,357.0,2023.0,,,,,,,,,,,,,,,,,,
C_price_and_control_native_counts,early_price/policy_metrics.csv,DK2,combined_hour_logit,,,,466.0,301.0,165.0,34.0,75.0,0.4533333333333333,1826.0,725.0,,,,,,,,,,,fixed025,0.25,164.0,363.0,2022.0,,,,,,,,,,,,,,,,,,
C_price_and_control_native_counts,early_price/policy_metrics.csv,DK2,combined_hour_logit,,,,676.0,267.0,409.0,42.0,75.0,0.56,1826.0,725.0,,,,,,,,,,,count2022_cool6,0.05,164.0,363.0,2022.0,,,,,,,,,,,,,,,,,,
C_price_and_control_native_counts,early_price/policy_metrics.csv,DK2,combined_hour_logit,,,,784.0,272.0,512.0,44.0,75.0,0.5866666666666667,1826.0,725.0,,,,,,,,,,,count2023_cool6,0.03,155.0,357.0,2023.0,,,,,,,,,,,,,,,,,,
C_price_and_control_native_counts,early_price/policy_metrics.csv,DK1,raw_price_rank,,,,725.0,99.0,626.0,16.0,71.0,0.2253521126760563,1641.0,725.0,,,,,,,,,,,top1,,,,,,,,,,,,,,,,,,,,,,
C_price_and_control_native_counts,early_price/policy_metrics.csv,DK1,raw_price_rank,,,,1450.0,206.0,1244.0,24.0,71.0,0.3380281690140845,1641.0,725.0,,,,,,,,,,,top2,,,,,,,,,,,,,,,,,,,,,,
C_price_and_control_native_counts,early_price/policy_metrics.csv,DK2,raw_price_rank,,,,725.0,104.0,621.0,10.0,75.0,0.1333333333333333,1826.0,725.0,,,,,,,,,,,top1,,,,,,,,,,,,,,,,,,,,,,
C_price_and_control_native_counts,early_price/policy_metrics.csv,DK2,raw_price_rank,,,,1450.0,217.0,1233.0,22.0,75.0,0.2933333333333333,1826.0,725.0,,,,,,,,,,,top2,,,,,,,,,,,,,,,,,,,,,,
D_price_and_control_scores,early_price/probability_scores.csv,DK1,original_M0,,,,,,,,,,,,,,,,,,,,,,,,,,,hour,17400.0,1641.0,0.0487455102348818,0.1575276064237355,,,,,,,,,,,,,
D_price_and_control_scores,early_price/probability_scores.csv,DK1,original_M0,,,,,,,,,,,,,,,,,,,,,,,,,,,early_hour,17400.0,235.0,0.0474163133793405,0.1538523809180523,,,,,,,,,,,,,
D_price_and_control_scores,early_price/probability_scores.csv,DK1,base_early_logit,,,,,,,,,,,,,,,,,,,,,,,,,,,hour,17400.0,1641.0,0.0830906068956842,0.296057865764457,,,,,,,,,,,,,
D_price_and_control_scores,early_price/probability_scores.csv,DK1,base_early_logit,,,,,,,,,,,,,,,,,,,,,,,,,,,early_hour,17400.0,235.0,0.0133381152667122,0.0593332991595428,,,,,,,,,,,,,
D_price_and_control_scores,early_price/probability_scores.csv,DK1,base_hour_logit,,,,,,,,,,,,,,,,,,,,,,,,,,,hour,17400.0,1641.0,0.0490480363843837,0.1600493206772775,,,,,,,,,,,,,
D_price_and_control_scores,early_price/probability_scores.csv,DK1,base_hour_logit,,,,,,,,,,,,,,,,,,,,,,,,,,,early_hour,17400.0,235.0,0.0437440396842926,0.1443076928330793,,,,,,,,,,,,,
D_price_and_control_scores,early_price/probability_scores.csv,DK1,price_early_logit,,,,,,,,,,,,,,,,,,,,,,,,,,,hour,17400.0,1641.0,0.0903248350583529,0.4285616846040408,,,,,,,,,,,,,
D_price_and_control_scores,early_price/probability_scores.csv,DK1,price_early_logit,,,,,,,,,,,,,,,,,,,,,,,,,,,early_hour,17400.0,235.0,0.0135561711686316,0.0692720850183247,,,,,,,,,,,,,
D_price_and_control_scores,early_price/probability_scores.csv,DK1,price_hour_logit,,,,,,,,,,,,,,,,,,,,,,,,,,,hour,17400.0,1641.0,0.0817749282492,0.3102175108941205,,,,,,,,,,,,,
D_price_and_control_scores,early_price/probability_scores.csv,DK1,price_hour_logit,,,,,,,,,,,,,,,,,,,,,,,,,,,early_hour,17400.0,235.0,0.0206878946390845,0.0998891713703159,,,,,,,,,,,,,
D_price_and_control_scores,early_price/probability_scores.csv,DK1,combined_early_logit,,,,,,,,,,,,,,,,,,,,,,,,,,,hour,17400.0,1641.0,0.0823872759572503,0.3025511222779306,,,,,,,,,,,,,
D_price_and_control_scores,early_price/probability_scores.csv,DK1,combined_early_logit,,,,,,,,,,,,,,,,,,,,,,,,,,,early_hour,17400.0,235.0,0.0135208899119837,0.0593819011961342,,,,,,,,,,,,,
D_price_and_control_scores,early_price/probability_scores.csv,DK1,combined_hour_logit,,,,,,,,,,,,,,,,,,,,,,,,,,,hour,17400.0,1641.0,0.0476128267428718,0.1556551519931018,,,,,,,,,,,,,
D_price_and_control_scores,early_price/probability_scores.csv,DK1,combined_hour_logit,,,,,,,,,,,,,,,,,,,,,,,,,,,early_hour,17400.0,235.0,0.0459464041660402,0.152085519201128,,,,,,,,,,,,,
D_price_and_control_scores,early_price/probability_scores.csv,DK2,original_M0,,,,,,,,,,,,,,,,,,,,,,,,,,,hour,17400.0,1826.0,0.0534303497061583,0.1717472803770363,,,,,,,,,,,,,
D_price_and_control_scores,early_price/probability_scores.csv,DK2,original_M0,,,,,,,,,,,,,,,,,,,,,,,,,,,early_hour,17400.0,250.0,0.0549834987043208,0.17913187962012,,,,,,,,,,,,,
D_price_and_control_scores,early_price/probability_scores.csv,DK2,base_early_logit,,,,,,,,,,,,,,,,,,,,,,,,,,,hour,17400.0,1826.0,0.0932652652898639,0.3280471639383517,,,,,,,,,,,,,
D_price_and_control_scores,early_price/probability_scores.csv,DK2,base_early_logit,,,,,,,,,,,,,,,,,,,,,,,,,,,early_hour,17400.0,250.0,0.0141105348864455,0.0627122754688054,,,,,,,,,,,,,
D_price_and_control_scores,early_price/probability_scores.csv,DK2,base_hour_logit,,,,,,,,,,,,,,,,,,,,,,,,,,,hour,17400.0,1826.0,0.0525950972321563,0.1707438085528212,,,,,,,,,,,,,
D_price_and_control_scores,early_price/probability_scores.csv,DK2,base_hour_logit,,,,,,,,,,,,,,,,,,,,,,,,,,,early_hour,17400.0,250.0,0.0500203704534392,0.1660640569975846,,,,,,,,,,,,,
D_price_and_control_scores,early_price/probability_scores.csv,DK2,price_early_logit,,,,,,,,,,,,,,,,,,,,,,,,,,,hour,17400.0,1826.0,0.1016739245327845,0.4700418607572841,,,,,,,,,,,,,
D_price_and_control_scores,early_price/probability_scores.csv,DK2,price_early_logit,,,,,,,,,,,,,,,,,,,,,,,,,,,early_hour,17400.0,250.0,0.0141731555646159,0.0731108558093189,,,,,,,,,,,,,
D_price_and_control_scores,early_price/probability_scores.csv,DK2,price_hour_logit,,,,,,,,,,,,,,,,,,,,,,,,,,,hour,17400.0,1826.0,0.0899172402357698,0.3269176926022389,,,,,,,,,,,,,
D_price_and_control_scores,early_price/probability_scores.csv,DK2,price_hour_logit,,,,,,,,,,,,,,,,,,,,,,,,,,,early_hour,17400.0,250.0,0.0212426277544056,0.1048860044267474,,,,,,,,,,,,,
D_price_and_control_scores,early_price/probability_scores.csv,DK2,combined_early_logit,,,,,,,,,,,,,,,,,,,,,,,,,,,hour,17400.0,1826.0,0.0921123130125743,0.3234769968431267,,,,,,,,,,,,,
D_price_and_control_scores,early_price/probability_scores.csv,DK2,combined_early_logit,,,,,,,,,,,,,,,,,,,,,,,,,,,early_hour,17400.0,250.0,0.0144526314908412,0.0632558083780667,,,,,,,,,,,,,
D_price_and_control_scores,early_price/probability_scores.csv,DK2,combined_hour_logit,,,,,,,,,,,,,,,,,,,,,,,,,,,hour,17400.0,1826.0,0.0509563984160678,0.1659140215486168,,,,,,,,,,,,,
D_price_and_control_scores,early_price/probability_scores.csv,DK2,combined_hour_logit,,,,,,,,,,,,,,,,,,,,,,,,,,,early_hour,17400.0,250.0,0.0523756839333349,0.1739092490827449,,,,,,,,,,,,,
E_paired_Danish_contrasts,early_price/primary_paired_contrasts.csv,DK1,,,slots,,,,,,,,,,,,,,,,,,,,,,,,,,,,,,combined_early_logit__top2,base_early_logit__top2,0.0,0.0,0.0,2000.0,conditional on saved rolling forecasts; no model-refitting bootstrap,,,,,,
E_paired_Danish_contrasts,early_price/primary_paired_contrasts.csv,DK1,,,event_hour_hits,,,,,,,,,,,,,,,,,,,,,,,,,,,,,,combined_early_logit__top2,base_early_logit__top2,63.0,41.0,93.0,2000.0,conditional on saved rolling forecasts; no model-refitting bootstrap,,,,,,
E_paired_Danish_contrasts,early_price/primary_paired_contrasts.csv,DK1,,,early_processes,,,,,,,,,,,,,,,,,,,,,,,,,,,,,,combined_early_logit__top2,base_early_logit__top2,6.0,-3.0,15.0,2000.0,conditional on saved rolling forecasts; no model-refitting bootstrap,,,,,,
E_paired_Danish_contrasts,early_price/primary_paired_contrasts.csv,DK1,,,slots,,,,,,,,,,,,,,,,,,,,,,,,,,,,,,combined_hour_logit__top2,base_hour_logit__top2,0.0,0.0,0.0,2000.0,conditional on saved rolling forecasts; no model-refitting bootstrap,,,,,,
E_paired_Danish_contrasts,early_price/primary_paired_contrasts.csv,DK1,,,event_hour_hits,,,,,,,,,,,,,,,,,,,,,,,,,,,,,,combined_hour_logit__top2,base_hour_logit__top2,24.0,11.0,39.0,2000.0,conditional on saved rolling forecasts; no model-refitting bootstrap,,,,,,
E_paired_Danish_contrasts,early_price/primary_paired_contrasts.csv,DK1,,,early_processes,,,,,,,,,,,,,,,,,,,,,,,,,,,,,,combined_hour_logit__top2,base_hour_logit__top2,5.0,-1.0,12.0,2000.0,conditional on saved rolling forecasts; no model-refitting bootstrap,,,,,,
E_paired_Danish_contrasts,early_price/primary_paired_contrasts.csv,DK1,,,slots,,,,,,,,,,,,,,,,,,,,,,,,,,,,,,combined_early_logit__count2022_target05,base_early_logit__count2022_target05,46.0,30.0,58.0,2000.0,conditional on saved rolling forecasts; no model-refitting bootstrap,,,,,,
E_paired_Danish_contrasts,early_price/primary_paired_contrasts.csv,DK1,,,event_hour_hits,,,,,,,,,,,,,,,,,,,,,,,,,,,,,,combined_early_logit__count2022_target05,base_early_logit__count2022_target05,63.0,39.0,93.0,2000.0,conditional on saved rolling forecasts; no model-refitting bootstrap,,,,,,
E_paired_Danish_contrasts,early_price/primary_paired_contrasts.csv,DK1,,,early_processes,,,,,,,,,,,,,,,,,,,,,,,,,,,,,,combined_early_logit__count2022_target05,base_early_logit__count2022_target05,6.0,-4.0,14.0,2000.0,conditional on saved rolling forecasts; no model-refitting bootstrap,,,,,,
E_paired_Danish_contrasts,early_price/primary_paired_contrasts.csv,DK1,,,slots,,,,,,,,,,,,,,,,,,,,,,,,,,,,,,combined_hour_logit__count2022_target05,base_hour_logit__count2022_target05,45.0,28.0,60.0,2000.0,conditional on saved rolling forecasts; no model-refitting bootstrap,,,,,,
E_paired_Danish_contrasts,early_price/primary_paired_contrasts.csv,DK1,,,event_hour_hits,,,,,,,,,,,,,,,,,,,,,,,,,,,,,,combined_hour_logit__count2022_target05,base_hour_logit__count2022_target05,24.0,11.0,39.0,2000.0,conditional on saved rolling forecasts; no model-refitting bootstrap,,,,,,
E_paired_Danish_contrasts,early_price/primary_paired_contrasts.csv,DK1,,,early_processes,,,,,,,,,,,,,,,,,,,,,,,,,,,,,,combined_hour_logit__count2022_target05,base_hour_logit__count2022_target05,5.0,-1.0,12.0,2000.0,conditional on saved rolling forecasts; no model-refitting bootstrap,,,,,,
E_paired_Danish_contrasts,early_price/primary_paired_contrasts.csv,DK1,,,slots,,,,,,,,,,,,,,,,,,,,,,,,,,,,,,combined_early_logit__count2023_target05,base_early_logit__count2023_target05,46.0,30.0,58.0,2000.0,conditional on saved rolling forecasts; no model-refitting bootstrap,,,,,,
E_paired_Danish_contrasts,early_price/primary_paired_contrasts.csv,DK1,,,event_hour_hits,,,,,,,,,,,,,,,,,,,,,,,,,,,,,,combined_early_logit__count2023_target05,base_early_logit__count2023_target05,63.0,39.0,93.0,2000.0,conditional on saved rolling forecasts; no model-refitting bootstrap,,,,,,
E_paired_Danish_contrasts,early_price/primary_paired_contrasts.csv,DK1,,,early_processes,,,,,,,,,,,,,,,,,,,,,,,,,,,,,,combined_early_logit__count2023_target05,base_early_logit__count2023_target05,6.0,-4.0,14.0,2000.0,conditional on saved rolling forecasts; no model-refitting bootstrap,,,,,,
E_paired_Danish_contrasts,early_price/primary_paired_contrasts.csv,DK1,,,slots,,,,,,,,,,,,,,,,,,,,,,,,,,,,,,combined_hour_logit__count2023_target05,base_hour_logit__count2023_target05,124.0,101.0,150.02499999999986,2000.0,conditional on saved rolling forecasts; no model-refitting bootstrap,,,,,,
E_paired_Danish_contrasts,early_price/primary_paired_contrasts.csv,DK1,,,event_hour_hits,,,,,,,,,,,,,,,,,,,,,,,,,,,,,,combined_hour_logit__count2023_target05,base_hour_logit__count2023_target05,24.0,11.0,39.0,2000.0,conditional on saved rolling forecasts; no model-refitting bootstrap,,,,,,
E_paired_Danish_contrasts,early_price/primary_paired_contrasts.csv,DK1,,,early_processes,,,,,,,,,,,,,,,,,,,,,,,,,,,,,,combined_hour_logit__count2023_target05,base_hour_logit__count2023_target05,5.0,-1.0,12.0,2000.0,conditional on saved rolling forecasts; no model-refitting bootstrap,,,,,,
E_paired_Danish_contrasts,early_price/primary_paired_contrasts.csv,DK1,,,slots,,,,,,,,,,,,,,,,,,,,,,,,,,,,,,price_hour_logit__top2,original_M0__top2,0.0,0.0,0.0,2000.0,conditional on saved rolling forecasts; no model-refitting bootstrap,,,,,,
E_paired_Danish_contrasts,early_price/primary_paired_contrasts.csv,DK1,,,event_hour_hits,,,,,,,,,,,,,,,,,,,,,,,,,,,,,,price_hour_logit__top2,original_M0__top2,-82.0,-120.0,-56.0,2000.0,conditional on saved rolling forecasts; no model-refitting bootstrap,,,,,,
E_paired_Danish_contrasts,early_price/primary_paired_contrasts.csv,DK1,,,early_processes,,,,,,,,,,,,,,,,,,,,,,,,,,,,,,price_hour_logit__top2,original_M0__top2,-9.0,-17.0,-1.0,2000.0,conditional on saved rolling forecasts; no model-refitting bootstrap,,,,,,
E_paired_Danish_contrasts,early_price/primary_paired_contrasts.csv,DK2,,,slots,,,,,,,,,,,,,,,,,,,,,,,,,,,,,,combined_early_logit__top2,base_early_logit__top2,0.0,0.0,0.0,2000.0,conditional on saved rolling forecasts; no model-refitting bootstrap,,,,,,
E_paired_Danish_contrasts,early_price/primary_paired_contrasts.csv,DK2,,,event_hour_hits,,,,,,,,,,,,,,,,,,,,,,,,,,,,,,combined_early_logit__top2,base_early_logit__top2,26.0,9.0,51.0,2000.0,conditional on saved rolling forecasts; no model-refitting bootstrap,,,,,,
E_paired_Danish_contrasts,early_price/primary_paired_contrasts.csv,DK2,,,early_processes,,,,,,,,,,,,,,,,,,,,,,,,,,,,,,combined_early_logit__top2,base_early_logit__top2,4.0,-2.0,12.0,2000.0,conditional on saved rolling forecasts; no model-refitting bootstrap,,,,,,
E_paired_Danish_contrasts,early_price/primary_paired_contrasts.csv,DK2,,,slots,,,,,,,,,,,,,,,,,,,,,,,,,,,,,,combined_hour_logit__top2,base_hour_logit__top2,0.0,0.0,0.0,2000.0,conditional on saved rolling forecasts; no model-refitting bootstrap,,,,,,
E_paired_Danish_contrasts,early_price/primary_paired_contrasts.csv,DK2,,,event_hour_hits,,,,,,,,,,,,,,,,,,,,,,,,,,,,,,combined_hour_logit__top2,base_hour_logit__top2,20.0,9.0,32.0,2000.0,conditional on saved rolling forecasts; no model-refitting bootstrap,,,,,,
E_paired_Danish_contrasts,early_price/primary_paired_contrasts.csv,DK2,,,early_processes,,,,,,,,,,,,,,,,,,,,,,,,,,,,,,combined_hour_logit__top2,base_hour_logit__top2,7.0,2.0,13.0,2000.0,conditional on saved rolling forecasts; no model-refitting bootstrap,,,,,,
E_paired_Danish_contrasts,early_price/primary_paired_contrasts.csv,DK2,,,slots,,,,,,,,,,,,,,,,,,,,,,,,,,,,,,combined_early_logit__count2022_target05,base_early_logit__count2022_target05,52.0,29.0,65.0,2000.0,conditional on saved rolling forecasts; no model-refitting bootstrap,,,,,,
E_paired_Danish_contrasts,early_price/primary_paired_contrasts.csv,DK2,,,event_hour_hits,,,,,,,,,,,,,,,,,,,,,,,,,,,,,,combined_early_logit__count2022_target05,base_early_logit__count2022_target05,39.0,22.0,61.0,2000.0,conditional on saved rolling forecasts; no model-refitting bootstrap,,,,,,
E_paired_Danish_contrasts,early_price/primary_paired_contrasts.csv,DK2,,,early_processes,,,,,,,,,,,,,,,,,,,,,,,,,,,,,,combined_early_logit__count2022_target05,base_early_logit__count2022_target05,5.0,-1.0249999999999986,12.0,2000.0,conditional on saved rolling forecasts; no model-refitting bootstrap,,,,,,
E_paired_Danish_contrasts,early_price/primary_paired_contrasts.csv,DK2,,,slots,,,,,,,,,,,,,,,,,,,,,,,,,,,,,,combined_hour_logit__count2022_target05,base_hour_logit__count2022_target05,36.0,16.0,45.0,2000.0,conditional on saved rolling forecasts; no model-refitting bootstrap,,,,,,
E_paired_Danish_contrasts,early_price/primary_paired_contrasts.csv,DK2,,,event_hour_hits,,,,,,,,,,,,,,,,,,,,,,,,,,,,,,combined_hour_logit__count2022_target05,base_hour_logit__count2022_target05,21.0,9.0,32.0,2000.0,conditional on saved rolling forecasts; no model-refitting bootstrap,,,,,,
E_paired_Danish_contrasts,early_price/primary_paired_contrasts.csv,DK2,,,early_processes,,,,,,,,,,,,,,,,,,,,,,,,,,,,,,combined_hour_logit__count2022_target05,base_hour_logit__count2022_target05,6.0,1.0,11.0,2000.0,conditional on saved rolling forecasts; no model-refitting bootstrap,,,,,,
E_paired_Danish_contrasts,early_price/primary_paired_contrasts.csv,DK2,,,slots,,,,,,,,,,,,,,,,,,,,,,,,,,,,,,combined_early_logit__count2023_target05,base_early_logit__count2023_target05,52.0,29.0,65.0,2000.0,conditional on saved rolling forecasts; no model-refitting bootstrap,,,,,,
E_paired_Danish_contrasts,early_price/primary_paired_contrasts.csv,DK2,,,event_hour_hits,,,,,,,,,,,,,,,,,,,,,,,,,,,,,,combined_early_logit__count2023_target05,base_early_logit__count2023_target05,39.0,22.0,61.0,2000.0,conditional on saved rolling forecasts; no model-refitting bootstrap,,,,,,
E_paired_Danish_contrasts,early_price/primary_paired_contrasts.csv,DK2,,,early_processes,,,,,,,,,,,,,,,,,,,,,,,,,,,,,,combined_early_logit__count2023_target05,base_early_logit__count2023_target05,5.0,-1.0249999999999986,12.0,2000.0,conditional on saved rolling forecasts; no model-refitting bootstrap,,,,,,
E_paired_Danish_contrasts,early_price/primary_paired_contrasts.csv,DK2,,,slots,,,,,,,,,,,,,,,,,,,,,,,,,,,,,,combined_hour_logit__count2023_target05,base_hour_logit__count2023_target05,138.0,111.0,156.02499999999986,2000.0,conditional on saved rolling forecasts; no model-refitting bootstrap,,,,,,
E_paired_Danish_contrasts,early_price/primary_paired_contrasts.csv,DK2,,,event_hour_hits,,,,,,,,,,,,,,,,,,,,,,,,,,,,,,combined_hour_logit__count2023_target05,base_hour_logit__count2023_target05,23.0,11.0,34.0,2000.0,conditional on saved rolling forecasts; no model-refitting bootstrap,,,,,,
E_paired_Danish_contrasts,early_price/primary_paired_contrasts.csv,DK2,,,early_processes,,,,,,,,,,,,,,,,,,,,,,,,,,,,,,combined_hour_logit__count2023_target05,base_hour_logit__count2023_target05,6.0,1.0,11.0,2000.0,conditional on saved rolling forecasts; no model-refitting bootstrap,,,,,,
E_paired_Danish_contrasts,early_price/primary_paired_contrasts.csv,DK2,,,slots,,,,,,,,,,,,,,,,,,,,,,,,,,,,,,price_hour_logit__top2,original_M0__top2,0.0,0.0,0.0,2000.0,conditional on saved rolling forecasts; no model-refitting bootstrap,,,,,,
E_paired_Danish_contrasts,early_price/primary_paired_contrasts.csv,DK2,,,event_hour_hits,,,,,,,,,,,,,,,,,,,,,,,,,,,,,,price_hour_logit__top2,original_M0__top2,-85.0,-123.0,-55.0,2000.0,conditional on saved rolling forecasts; no model-refitting bootstrap,,,,,,
E_paired_Danish_contrasts,early_price/primary_paired_contrasts.csv,DK2,,,early_processes,,,,,,,,,,,,,,,,,,,,,,,,,,,,,,price_hour_logit__top2,original_M0__top2,-14.0,-24.0,-3.0,2000.0,conditional on saved rolling forecasts; no model-refitting bootstrap,,,,,,
F_price_exposure,early_price/price_availability.csv,DK1,,,,,,,,,,,,,,,,,,,,,,,,,,,,,,,,,,,,,,,,35064.0,32749.0,2315.0,assumed; no historical publication snapshots,Europe/Copenhagen,training median plus missing indicators
F_price_exposure,early_price/price_availability.csv,DK2,,,,,,,,,,,,,,,,,,,,,,,,,,,,,,,,,,,,,,,,35064.0,32749.0,2315.0,assumed; no historical publication snapshots,Europe/Copenhagen,training median plus missing indicators
