panel,source_file,zone,year,n_hours,event_hours,early_event_hours,early_prior,processes,uncertain_boundary_processes,model,C,train_n,validation_n,train_positives,validation_positives,maturation_days,train_interval_end_cutoff,validation_interval_end_cutoff,latest_validation_target_end,validation_brier,validation_logloss,quarter,first_issue,label_cutoff,latest_fit_target,fit_n,latest_fit_target_end,fit_positives,features,past_matured_test_labels_used,N,hits,false,coverage,complete_days,rule,gate,gate_training_slots,gate_training_days,gate_training_year,target,n,positives,brier,logloss,candidate,reference,endpoint,difference,lower,upper,replicates,inference,cost_ratio,lower_gridband,upper_gridband
A_target_support,early_price/early_target_support.csv,DE_LU_FR_BE,2022.0,8688.0,256.0,61.0,0.0070211786372007,25.0,0.0,,,,,,,,,,,,,,,,,,,,,,,,,,,,,,,,,,,,,,,,,,,,,,,
A_target_support,early_price/early_target_support.csv,DE_LU_FR_BE,2023.0,8472.0,419.0,98.0,0.0115675165250236,28.0,7.0,,,,,,,,,,,,,,,,,,,,,,,,,,,,,,,,,,,,,,,,,,,,,,,
A_target_support,early_price/early_target_support.csv,DE_LU_FR_BE,2024.0,8712.0,1415.0,132.0,0.0151515151515151,39.0,3.0,,,,,,,,,,,,,,,,,,,,,,,,,,,,,,,,,,,,,,,,,,,,,,,
A_target_support,early_price/early_target_support.csv,DE_LU_FR_BE,2025.0,8688.0,690.0,91.0,0.0104742173112338,32.0,0.0,,,,,,,,,,,,,,,,,,,,,,,,,,,,,,,,,,,,,,,,,,,,,,,
A_target_support,early_price/early_target_support.csv,DK1,2022.0,8688.0,148.0,48.0,0.005524861878453,19.0,0.0,,,,,,,,,,,,,,,,,,,,,,,,,,,,,,,,,,,,,,,,,,,,,,,
A_target_support,early_price/early_target_support.csv,DK1,2023.0,8544.0,399.0,99.0,0.0115870786516853,31.0,5.0,,,,,,,,,,,,,,,,,,,,,,,,,,,,,,,,,,,,,,,,,,,,,,,
A_target_support,early_price/early_target_support.csv,DK1,2024.0,8712.0,1075.0,138.0,0.0158402203856749,40.0,2.0,,,,,,,,,,,,,,,,,,,,,,,,,,,,,,,,,,,,,,,,,,,,,,,
A_target_support,early_price/early_target_support.csv,DK1,2025.0,8688.0,566.0,97.0,0.0111648250460405,31.0,2.0,,,,,,,,,,,,,,,,,,,,,,,,,,,,,,,,,,,,,,,,,,,,,,,
A_target_support,early_price/early_target_support.csv,DK2,2022.0,8688.0,206.0,60.0,0.0069060773480662,22.0,0.0,,,,,,,,,,,,,,,,,,,,,,,,,,,,,,,,,,,,,,,,,,,,,,,
A_target_support,early_price/early_target_support.csv,DK2,2023.0,8544.0,450.0,81.0,0.0094803370786516,26.0,4.0,,,,,,,,,,,,,,,,,,,,,,,,,,,,,,,,,,,,,,,,,,,,,,,
A_target_support,early_price/early_target_support.csv,DK2,2024.0,8712.0,1155.0,152.0,0.017447199265381,41.0,2.0,,,,,,,,,,,,,,,,,,,,,,,,,,,,,,,,,,,,,,,,,,,,,,,
A_target_support,early_price/early_target_support.csv,DK2,2025.0,8688.0,671.0,98.0,0.0112799263351749,34.0,2.0,,,,,,,,,,,,,,,,,,,,,,,,,,,,,,,,,,,,,,,,,,,,,,,
B_regularization_validation,early_price/regularization_validation.csv,DE_LU_FR_BE,,,,,,,,forecast_early_logit,0.1,8508.0,8292.0,61.0,98.0,7.0,2022-12-24T12:00:00+00:00,2023-12-24T12:00:00+00:00,2023-12-24T12:00:00+00:00,0.0109415726116952,0.0496590967368994,,,,,,,,,,,,,,,,,,,,,,,,,,,,,,,,,,,
B_regularization_validation,early_price/regularization_validation.csv,DE_LU_FR_BE,,,,,,,,forecast_early_logit,1.0,8508.0,8292.0,61.0,98.0,7.0,2022-12-24T12:00:00+00:00,2023-12-24T12:00:00+00:00,2023-12-24T12:00:00+00:00,0.0110113882393383,0.0528369319343782,,,,,,,,,,,,,,,,,,,,,,,,,,,,,,,,,,,
B_regularization_validation,early_price/regularization_validation.csv,DE_LU_FR_BE,,,,,,,,forecast_early_logit,10.0,8508.0,8292.0,61.0,98.0,7.0,2022-12-24T12:00:00+00:00,2023-12-24T12:00:00+00:00,2023-12-24T12:00:00+00:00,0.0110918866461369,0.0560862571374435,,,,,,,,,,,,,,,,,,,,,,,,,,,,,,,,,,,
B_regularization_validation,early_price/regularization_validation.csv,DE_LU_FR_BE,,,,,,,,forecast_hour_logit,0.1,8508.0,8292.0,256.0,419.0,7.0,2022-12-24T12:00:00+00:00,2023-12-24T12:00:00+00:00,2023-12-24T12:00:00+00:00,0.0389536483100928,0.147896991483275,,,,,,,,,,,,,,,,,,,,,,,,,,,,,,,,,,,
B_regularization_validation,early_price/regularization_validation.csv,DE_LU_FR_BE,,,,,,,,forecast_hour_logit,1.0,8508.0,8292.0,256.0,419.0,7.0,2022-12-24T12:00:00+00:00,2023-12-24T12:00:00+00:00,2023-12-24T12:00:00+00:00,0.040007374108958,0.1540440618383597,,,,,,,,,,,,,,,,,,,,,,,,,,,,,,,,,,,
B_regularization_validation,early_price/regularization_validation.csv,DE_LU_FR_BE,,,,,,,,forecast_hour_logit,10.0,8508.0,8292.0,256.0,419.0,7.0,2022-12-24T12:00:00+00:00,2023-12-24T12:00:00+00:00,2023-12-24T12:00:00+00:00,0.0402575374194647,0.1558967506107238,,,,,,,,,,,,,,,,,,,,,,,,,,,,,,,,,,,
B_regularization_validation,early_price/regularization_validation.csv,DK1,,,,,,,,base_early_logit,0.1,8316.0,8172.0,48.0,99.0,15.0,2022-12-16T12:00:00+00:00,2023-12-16T12:00:00+00:00,2023-12-16T12:00:00+00:00,0.0121855732370648,0.0518137260456458,,,,,,,,,,,,,,,,,,,,,,,,,,,,,,,,,,,
B_regularization_validation,early_price/regularization_validation.csv,DK1,,,,,,,,base_early_logit,1.0,8316.0,8172.0,48.0,99.0,15.0,2022-12-16T12:00:00+00:00,2023-12-16T12:00:00+00:00,2023-12-16T12:00:00+00:00,0.0119786342308437,0.0504533756288957,,,,,,,,,,,,,,,,,,,,,,,,,,,,,,,,,,,
B_regularization_validation,early_price/regularization_validation.csv,DK1,,,,,,,,base_early_logit,10.0,8316.0,8172.0,48.0,99.0,15.0,2022-12-16T12:00:00+00:00,2023-12-16T12:00:00+00:00,2023-12-16T12:00:00+00:00,0.011943465466971,0.0500518339889619,,,,,,,,,,,,,,,,,,,,,,,,,,,,,,,,,,,
B_regularization_validation,early_price/regularization_validation.csv,DK1,,,,,,,,base_hour_logit,0.1,8316.0,8172.0,148.0,399.0,15.0,2022-12-16T12:00:00+00:00,2023-12-16T12:00:00+00:00,2023-12-16T12:00:00+00:00,0.0337770563421011,0.1290728593684211,,,,,,,,,,,,,,,,,,,,,,,,,,,,,,,,,,,
B_regularization_validation,early_price/regularization_validation.csv,DK1,,,,,,,,base_hour_logit,1.0,8316.0,8172.0,148.0,399.0,15.0,2022-12-16T12:00:00+00:00,2023-12-16T12:00:00+00:00,2023-12-16T12:00:00+00:00,0.035132776030853,0.1393785634820726,,,,,,,,,,,,,,,,,,,,,,,,,,,,,,,,,,,
B_regularization_validation,early_price/regularization_validation.csv,DK1,,,,,,,,base_hour_logit,10.0,8316.0,8172.0,148.0,399.0,15.0,2022-12-16T12:00:00+00:00,2023-12-16T12:00:00+00:00,2023-12-16T12:00:00+00:00,0.0356556285112085,0.1424329519875103,,,,,,,,,,,,,,,,,,,,,,,,,,,,,,,,,,,
B_regularization_validation,early_price/regularization_validation.csv,DK1,,,,,,,,price_early_logit,0.1,8316.0,8172.0,48.0,99.0,15.0,2022-12-16T12:00:00+00:00,2023-12-16T12:00:00+00:00,2023-12-16T12:00:00+00:00,0.0119563464102212,0.071894050824203,,,,,,,,,,,,,,,,,,,,,,,,,,,,,,,,,,,
B_regularization_validation,early_price/regularization_validation.csv,DK1,,,,,,,,price_early_logit,1.0,8316.0,8172.0,48.0,99.0,15.0,2022-12-16T12:00:00+00:00,2023-12-16T12:00:00+00:00,2023-12-16T12:00:00+00:00,0.0119192807255568,0.0755122219769973,,,,,,,,,,,,,,,,,,,,,,,,,,,,,,,,,,,
B_regularization_validation,early_price/regularization_validation.csv,DK1,,,,,,,,price_early_logit,10.0,8316.0,8172.0,48.0,99.0,15.0,2022-12-16T12:00:00+00:00,2023-12-16T12:00:00+00:00,2023-12-16T12:00:00+00:00,0.0119101613724704,0.0765139593115642,,,,,,,,,,,,,,,,,,,,,,,,,,,,,,,,,,,
B_regularization_validation,early_price/regularization_validation.csv,DK1,,,,,,,,price_hour_logit,0.1,8316.0,8172.0,148.0,399.0,15.0,2022-12-16T12:00:00+00:00,2023-12-16T12:00:00+00:00,2023-12-16T12:00:00+00:00,0.0479700641740598,0.2988112855825111,,,,,,,,,,,,,,,,,,,,,,,,,,,,,,,,,,,
B_regularization_validation,early_price/regularization_validation.csv,DK1,,,,,,,,price_hour_logit,1.0,8316.0,8172.0,148.0,399.0,15.0,2022-12-16T12:00:00+00:00,2023-12-16T12:00:00+00:00,2023-12-16T12:00:00+00:00,0.0479609792171958,0.3320200870070805,,,,,,,,,,,,,,,,,,,,,,,,,,,,,,,,,,,
B_regularization_validation,early_price/regularization_validation.csv,DK1,,,,,,,,price_hour_logit,10.0,8316.0,8172.0,148.0,399.0,15.0,2022-12-16T12:00:00+00:00,2023-12-16T12:00:00+00:00,2023-12-16T12:00:00+00:00,0.0479565913707486,0.3426543401121881,,,,,,,,,,,,,,,,,,,,,,,,,,,,,,,,,,,
B_regularization_validation,early_price/regularization_validation.csv,DK1,,,,,,,,combined_early_logit,0.1,8316.0,8172.0,48.0,99.0,15.0,2022-12-16T12:00:00+00:00,2023-12-16T12:00:00+00:00,2023-12-16T12:00:00+00:00,0.0117521664478553,0.053234981738709,,,,,,,,,,,,,,,,,,,,,,,,,,,,,,,,,,,
B_regularization_validation,early_price/regularization_validation.csv,DK1,,,,,,,,combined_early_logit,1.0,8316.0,8172.0,48.0,99.0,15.0,2022-12-16T12:00:00+00:00,2023-12-16T12:00:00+00:00,2023-12-16T12:00:00+00:00,0.0116860821169201,0.0515782349649011,,,,,,,,,,,,,,,,,,,,,,,,,,,,,,,,,,,
B_regularization_validation,early_price/regularization_validation.csv,DK1,,,,,,,,combined_early_logit,10.0,8316.0,8172.0,48.0,99.0,15.0,2022-12-16T12:00:00+00:00,2023-12-16T12:00:00+00:00,2023-12-16T12:00:00+00:00,0.0117600600422907,0.0514983550126299,,,,,,,,,,,,,,,,,,,,,,,,,,,,,,,,,,,
B_regularization_validation,early_price/regularization_validation.csv,DK1,,,,,,,,combined_hour_logit,0.1,8316.0,8172.0,148.0,399.0,15.0,2022-12-16T12:00:00+00:00,2023-12-16T12:00:00+00:00,2023-12-16T12:00:00+00:00,0.0373082452154772,0.1587610977314915,,,,,,,,,,,,,,,,,,,,,,,,,,,,,,,,,,,
B_regularization_validation,early_price/regularization_validation.csv,DK1,,,,,,,,combined_hour_logit,1.0,8316.0,8172.0,148.0,399.0,15.0,2022-12-16T12:00:00+00:00,2023-12-16T12:00:00+00:00,2023-12-16T12:00:00+00:00,0.0384703114871235,0.1755574009549166,,,,,,,,,,,,,,,,,,,,,,,,,,,,,,,,,,,
B_regularization_validation,early_price/regularization_validation.csv,DK1,,,,,,,,combined_hour_logit,10.0,8316.0,8172.0,148.0,399.0,15.0,2022-12-16T12:00:00+00:00,2023-12-16T12:00:00+00:00,2023-12-16T12:00:00+00:00,0.0387045612634095,0.1749409457255175,,,,,,,,,,,,,,,,,,,,,,,,,,,,,,,,,,,
B_regularization_validation,early_price/regularization_validation.csv,DK2,,,,,,,,base_early_logit,0.1,8316.0,8172.0,60.0,81.0,15.0,2022-12-16T12:00:00+00:00,2023-12-16T12:00:00+00:00,2023-12-16T12:00:00+00:00,0.0110261826992988,0.0474098030196334,,,,,,,,,,,,,,,,,,,,,,,,,,,,,,,,,,,
B_regularization_validation,early_price/regularization_validation.csv,DK2,,,,,,,,base_early_logit,1.0,8316.0,8172.0,60.0,81.0,15.0,2022-12-16T12:00:00+00:00,2023-12-16T12:00:00+00:00,2023-12-16T12:00:00+00:00,0.0107400933845868,0.0457853189830921,,,,,,,,,,,,,,,,,,,,,,,,,,,,,,,,,,,
B_regularization_validation,early_price/regularization_validation.csv,DK2,,,,,,,,base_early_logit,10.0,8316.0,8172.0,60.0,81.0,15.0,2022-12-16T12:00:00+00:00,2023-12-16T12:00:00+00:00,2023-12-16T12:00:00+00:00,0.0106343382266562,0.0452239809328169,,,,,,,,,,,,,,,,,,,,,,,,,,,,,,,,,,,
B_regularization_validation,early_price/regularization_validation.csv,DK2,,,,,,,,base_hour_logit,0.1,8316.0,8172.0,197.0,450.0,15.0,2022-12-16T12:00:00+00:00,2023-12-16T12:00:00+00:00,2023-12-16T12:00:00+00:00,0.034968472695243,0.1290301513573847,,,,,,,,,,,,,,,,,,,,,,,,,,,,,,,,,,,
B_regularization_validation,early_price/regularization_validation.csv,DK2,,,,,,,,base_hour_logit,1.0,8316.0,8172.0,197.0,450.0,15.0,2022-12-16T12:00:00+00:00,2023-12-16T12:00:00+00:00,2023-12-16T12:00:00+00:00,0.0371797437582218,0.1371188138130106,,,,,,,,,,,,,,,,,,,,,,,,,,,,,,,,,,,
B_regularization_validation,early_price/regularization_validation.csv,DK2,,,,,,,,base_hour_logit,10.0,8316.0,8172.0,197.0,450.0,15.0,2022-12-16T12:00:00+00:00,2023-12-16T12:00:00+00:00,2023-12-16T12:00:00+00:00,0.0377085709925967,0.1382414639364887,,,,,,,,,,,,,,,,,,,,,,,,,,,,,,,,,,,
B_regularization_validation,early_price/regularization_validation.csv,DK2,,,,,,,,price_early_logit,0.1,8316.0,8172.0,60.0,81.0,15.0,2022-12-16T12:00:00+00:00,2023-12-16T12:00:00+00:00,2023-12-16T12:00:00+00:00,0.0098375547987122,0.0592488801818493,,,,,,,,,,,,,,,,,,,,,,,,,,,,,,,,,,,
B_regularization_validation,early_price/regularization_validation.csv,DK2,,,,,,,,price_early_logit,1.0,8316.0,8172.0,60.0,81.0,15.0,2022-12-16T12:00:00+00:00,2023-12-16T12:00:00+00:00,2023-12-16T12:00:00+00:00,0.0098428594852341,0.0608169856342054,,,,,,,,,,,,,,,,,,,,,,,,,,,,,,,,,,,
B_regularization_validation,early_price/regularization_validation.csv,DK2,,,,,,,,price_early_logit,10.0,8316.0,8172.0,60.0,81.0,15.0,2022-12-16T12:00:00+00:00,2023-12-16T12:00:00+00:00,2023-12-16T12:00:00+00:00,0.0098456762021391,0.0612478454702345,,,,,,,,,,,,,,,,,,,,,,,,,,,,,,,,,,,
B_regularization_validation,early_price/regularization_validation.csv,DK2,,,,,,,,price_hour_logit,0.1,8316.0,8172.0,197.0,450.0,15.0,2022-12-16T12:00:00+00:00,2023-12-16T12:00:00+00:00,2023-12-16T12:00:00+00:00,0.0541263686443314,0.3220468507629537,,,,,,,,,,,,,,,,,,,,,,,,,,,,,,,,,,,
B_regularization_validation,early_price/regularization_validation.csv,DK2,,,,,,,,price_hour_logit,1.0,8316.0,8172.0,197.0,450.0,15.0,2022-12-16T12:00:00+00:00,2023-12-16T12:00:00+00:00,2023-12-16T12:00:00+00:00,0.0540237119736838,0.3327375236084535,,,,,,,,,,,,,,,,,,,,,,,,,,,,,,,,,,,
B_regularization_validation,early_price/regularization_validation.csv,DK2,,,,,,,,price_hour_logit,10.0,8316.0,8172.0,197.0,450.0,15.0,2022-12-16T12:00:00+00:00,2023-12-16T12:00:00+00:00,2023-12-16T12:00:00+00:00,0.0538802210216252,0.333032969091204,,,,,,,,,,,,,,,,,,,,,,,,,,,,,,,,,,,
B_regularization_validation,early_price/regularization_validation.csv,DK2,,,,,,,,combined_early_logit,0.1,8316.0,8172.0,60.0,81.0,15.0,2022-12-16T12:00:00+00:00,2023-12-16T12:00:00+00:00,2023-12-16T12:00:00+00:00,0.0102738662302129,0.0456396080615761,,,,,,,,,,,,,,,,,,,,,,,,,,,,,,,,,,,
B_regularization_validation,early_price/regularization_validation.csv,DK2,,,,,,,,combined_early_logit,1.0,8316.0,8172.0,60.0,81.0,15.0,2022-12-16T12:00:00+00:00,2023-12-16T12:00:00+00:00,2023-12-16T12:00:00+00:00,0.0102690363409764,0.0444571551070043,,,,,,,,,,,,,,,,,,,,,,,,,,,,,,,,,,,
B_regularization_validation,early_price/regularization_validation.csv,DK2,,,,,,,,combined_early_logit,10.0,8316.0,8172.0,60.0,81.0,15.0,2022-12-16T12:00:00+00:00,2023-12-16T12:00:00+00:00,2023-12-16T12:00:00+00:00,0.0102785273683542,0.0441057585107163,,,,,,,,,,,,,,,,,,,,,,,,,,,,,,,,,,,
B_regularization_validation,early_price/regularization_validation.csv,DK2,,,,,,,,combined_hour_logit,0.1,8316.0,8172.0,197.0,450.0,15.0,2022-12-16T12:00:00+00:00,2023-12-16T12:00:00+00:00,2023-12-16T12:00:00+00:00,0.0387228759775453,0.1505993216464074,,,,,,,,,,,,,,,,,,,,,,,,,,,,,,,,,,,
B_regularization_validation,early_price/regularization_validation.csv,DK2,,,,,,,,combined_hour_logit,1.0,8316.0,8172.0,197.0,450.0,15.0,2022-12-16T12:00:00+00:00,2023-12-16T12:00:00+00:00,2023-12-16T12:00:00+00:00,0.0398494183966271,0.1566223689748493,,,,,,,,,,,,,,,,,,,,,,,,,,,,,,,,,,,
B_regularization_validation,early_price/regularization_validation.csv,DK2,,,,,,,,combined_hour_logit,10.0,8316.0,8172.0,197.0,450.0,15.0,2022-12-16T12:00:00+00:00,2023-12-16T12:00:00+00:00,2023-12-16T12:00:00+00:00,0.0401647052897099,0.1577935298942526,,,,,,,,,,,,,,,,,,,,,,,,,,,,,,,,,,,
C_quarterly_refits,early_price/quarterly_refits.csv,DE_LU_FR_BE,,,,,,,,forecast_early_logit,0.1,,,,,7.0,,,,,,2024Q1,2023-12-31T12:00:00+00:00,2023-12-24T12:00:00+00:00,2023-12-24T11:00:00+00:00,16980.0,2023-12-24T12:00:00+00:00,159.0,"[""hour_sin"", ""hour_cos"", ""season_sin"", ""season_cos"", ""weekend"", ""p"", ""logit_p"", ""previous6_mean"", ""previous6_max"", ""following6_mean"", ""following6_max"", ""day_mean"", ""day_max"", ""rise"", ""common_temperature"", ""common_temperature_spread"", ""common_land_wind"", ""common_land_wind_spread"", ""common_marine_wind"", ""common_marine_wind_spread"", ""common_solar"", ""common_solar_spread""]",False,,,,,,,,,,,,,,,,,,,,,,,,,,
C_quarterly_refits,early_price/quarterly_refits.csv,DE_LU_FR_BE,,,,,,,,forecast_early_logit,0.1,,,,,7.0,,,,,,2024Q2,2024-03-31T12:00:00+00:00,2024-03-24T12:00:00+00:00,2024-03-24T11:00:00+00:00,19164.0,2024-03-24T12:00:00+00:00,173.0,"[""hour_sin"", ""hour_cos"", ""season_sin"", ""season_cos"", ""weekend"", ""p"", ""logit_p"", ""previous6_mean"", ""previous6_max"", ""following6_mean"", ""following6_max"", ""day_mean"", ""day_max"", ""rise"", ""common_temperature"", ""common_temperature_spread"", ""common_land_wind"", ""common_land_wind_spread"", ""common_marine_wind"", ""common_marine_wind_spread"", ""common_solar"", ""common_solar_spread""]",True,,,,,,,,,,,,,,,,,,,,,,,,,,
C_quarterly_refits,early_price/quarterly_refits.csv,DE_LU_FR_BE,,,,,,,,forecast_early_logit,0.1,,,,,7.0,,,,,,2024Q3,2024-06-30T12:00:00+00:00,2024-06-23T12:00:00+00:00,2024-06-23T11:00:00+00:00,21348.0,2024-06-23T12:00:00+00:00,207.0,"[""hour_sin"", ""hour_cos"", ""season_sin"", ""season_cos"", ""weekend"", ""p"", ""logit_p"", ""previous6_mean"", ""previous6_max"", ""following6_mean"", ""following6_max"", ""day_mean"", ""day_max"", ""rise"", ""common_temperature"", ""common_temperature_spread"", ""common_land_wind"", ""common_land_wind_spread"", ""common_marine_wind"", ""common_marine_wind_spread"", ""common_solar"", ""common_solar_spread""]",True,,,,,,,,,,,,,,,,,,,,,,,,,,
C_quarterly_refits,early_price/quarterly_refits.csv,DE_LU_FR_BE,,,,,,,,forecast_early_logit,0.1,,,,,7.0,,,,,,2024Q4,2024-09-30T12:00:00+00:00,2024-09-23T12:00:00+00:00,2024-09-23T11:00:00+00:00,23556.0,2024-09-23T12:00:00+00:00,242.0,"[""hour_sin"", ""hour_cos"", ""season_sin"", ""season_cos"", ""weekend"", ""p"", ""logit_p"", ""previous6_mean"", ""previous6_max"", ""following6_mean"", ""following6_max"", ""day_mean"", ""day_max"", ""rise"", ""common_temperature"", ""common_temperature_spread"", ""common_land_wind"", ""common_land_wind_spread"", ""common_marine_wind"", ""common_marine_wind_spread"", ""common_solar"", ""common_solar_spread""]",True,,,,,,,,,,,,,,,,,,,,,,,,,,
C_quarterly_refits,early_price/quarterly_refits.csv,DE_LU_FR_BE,,,,,,,,forecast_early_logit,0.1,,,,,7.0,,,,,,2025Q1,2024-12-31T12:00:00+00:00,2024-12-24T12:00:00+00:00,2024-12-24T11:00:00+00:00,25692.0,2024-12-24T12:00:00+00:00,291.0,"[""hour_sin"", ""hour_cos"", ""season_sin"", ""season_cos"", ""weekend"", ""p"", ""logit_p"", ""previous6_mean"", ""previous6_max"", ""following6_mean"", ""following6_max"", ""day_mean"", ""day_max"", ""rise"", ""common_temperature"", ""common_temperature_spread"", ""common_land_wind"", ""common_land_wind_spread"", ""common_marine_wind"", ""common_marine_wind_spread"", ""common_solar"", ""common_solar_spread""]",True,,,,,,,,,,,,,,,,,,,,,,,,,,
C_quarterly_refits,early_price/quarterly_refits.csv,DE_LU_FR_BE,,,,,,,,forecast_early_logit,0.1,,,,,7.0,,,,,,2025Q2,2025-03-31T12:00:00+00:00,2025-03-24T12:00:00+00:00,2025-03-24T11:00:00+00:00,27852.0,2025-03-24T12:00:00+00:00,313.0,"[""hour_sin"", ""hour_cos"", ""season_sin"", ""season_cos"", ""weekend"", ""p"", ""logit_p"", ""previous6_mean"", ""previous6_max"", ""following6_mean"", ""following6_max"", ""day_mean"", ""day_max"", ""rise"", ""common_temperature"", ""common_temperature_spread"", ""common_land_wind"", ""common_land_wind_spread"", ""common_marine_wind"", ""common_marine_wind_spread"", ""common_solar"", ""common_solar_spread""]",True,,,,,,,,,,,,,,,,,,,,,,,,,,
C_quarterly_refits,early_price/quarterly_refits.csv,DE_LU_FR_BE,,,,,,,,forecast_early_logit,0.1,,,,,7.0,,,,,,2025Q3,2025-06-30T12:00:00+00:00,2025-06-23T12:00:00+00:00,2025-06-23T11:00:00+00:00,30036.0,2025-06-23T12:00:00+00:00,332.0,"[""hour_sin"", ""hour_cos"", ""season_sin"", ""season_cos"", ""weekend"", ""p"", ""logit_p"", ""previous6_mean"", ""previous6_max"", ""following6_mean"", ""following6_max"", ""day_mean"", ""day_max"", ""rise"", ""common_temperature"", ""common_temperature_spread"", ""common_land_wind"", ""common_land_wind_spread"", ""common_marine_wind"", ""common_marine_wind_spread"", ""common_solar"", ""common_solar_spread""]",True,,,,,,,,,,,,,,,,,,,,,,,,,,
C_quarterly_refits,early_price/quarterly_refits.csv,DE_LU_FR_BE,,,,,,,,forecast_early_logit,0.1,,,,,7.0,,,,,,2025Q4,2025-09-30T12:00:00+00:00,2025-09-23T12:00:00+00:00,2025-09-23T11:00:00+00:00,32244.0,2025-09-23T12:00:00+00:00,352.0,"[""hour_sin"", ""hour_cos"", ""season_sin"", ""season_cos"", ""weekend"", ""p"", ""logit_p"", ""previous6_mean"", ""previous6_max"", ""following6_mean"", ""following6_max"", ""day_mean"", ""day_max"", ""rise"", ""common_temperature"", ""common_temperature_spread"", ""common_land_wind"", ""common_land_wind_spread"", ""common_marine_wind"", ""common_marine_wind_spread"", ""common_solar"", ""common_solar_spread""]",True,,,,,,,,,,,,,,,,,,,,,,,,,,
C_quarterly_refits,early_price/quarterly_refits.csv,DE_LU_FR_BE,,,,,,,,forecast_hour_logit,0.1,,,,,7.0,,,,,,2024Q1,2023-12-31T12:00:00+00:00,2023-12-24T12:00:00+00:00,2023-12-24T11:00:00+00:00,16980.0,2023-12-24T12:00:00+00:00,675.0,"[""hour_sin"", ""hour_cos"", ""season_sin"", ""season_cos"", ""weekend"", ""p"", ""logit_p"", ""previous6_mean"", ""previous6_max"", ""following6_mean"", ""following6_max"", ""day_mean"", ""day_max"", ""rise"", ""common_temperature"", ""common_temperature_spread"", ""common_land_wind"", ""common_land_wind_spread"", ""common_marine_wind"", ""common_marine_wind_spread"", ""common_solar"", ""common_solar_spread""]",False,,,,,,,,,,,,,,,,,,,,,,,,,,
C_quarterly_refits,early_price/quarterly_refits.csv,DE_LU_FR_BE,,,,,,,,forecast_hour_logit,0.1,,,,,7.0,,,,,,2024Q2,2024-03-31T12:00:00+00:00,2024-03-24T12:00:00+00:00,2024-03-24T11:00:00+00:00,19164.0,2024-03-24T12:00:00+00:00,912.0,"[""hour_sin"", ""hour_cos"", ""season_sin"", ""season_cos"", ""weekend"", ""p"", ""logit_p"", ""previous6_mean"", ""previous6_max"", ""following6_mean"", ""following6_max"", ""day_mean"", ""day_max"", ""rise"", ""common_temperature"", ""common_temperature_spread"", ""common_land_wind"", ""common_land_wind_spread"", ""common_marine_wind"", ""common_marine_wind_spread"", ""common_solar"", ""common_solar_spread""]",True,,,,,,,,,,,,,,,,,,,,,,,,,,
C_quarterly_refits,early_price/quarterly_refits.csv,DE_LU_FR_BE,,,,,,,,forecast_hour_logit,0.1,,,,,7.0,,,,,,2024Q3,2024-06-30T12:00:00+00:00,2024-06-23T12:00:00+00:00,2024-06-23T11:00:00+00:00,21348.0,2024-06-23T12:00:00+00:00,1367.0,"[""hour_sin"", ""hour_cos"", ""season_sin"", ""season_cos"", ""weekend"", ""p"", ""logit_p"", ""previous6_mean"", ""previous6_max"", ""following6_mean"", ""following6_max"", ""day_mean"", ""day_max"", ""rise"", ""common_temperature"", ""common_temperature_spread"", ""common_land_wind"", ""common_land_wind_spread"", ""common_marine_wind"", ""common_marine_wind_spread"", ""common_solar"", ""common_solar_spread""]",True,,,,,,,,,,,,,,,,,,,,,,,,,,
C_quarterly_refits,early_price/quarterly_refits.csv,DE_LU_FR_BE,,,,,,,,forecast_hour_logit,0.1,,,,,7.0,,,,,,2024Q4,2024-09-30T12:00:00+00:00,2024-09-23T12:00:00+00:00,2024-09-23T11:00:00+00:00,23556.0,2024-09-23T12:00:00+00:00,1790.0,"[""hour_sin"", ""hour_cos"", ""season_sin"", ""season_cos"", ""weekend"", ""p"", ""logit_p"", ""previous6_mean"", ""previous6_max"", ""following6_mean"", ""following6_max"", ""day_mean"", ""day_max"", ""rise"", ""common_temperature"", ""common_temperature_spread"", ""common_land_wind"", ""common_land_wind_spread"", ""common_marine_wind"", ""common_marine_wind_spread"", ""common_solar"", ""common_solar_spread""]",True,,,,,,,,,,,,,,,,,,,,,,,,,,
C_quarterly_refits,early_price/quarterly_refits.csv,DE_LU_FR_BE,,,,,,,,forecast_hour_logit,0.1,,,,,7.0,,,,,,2025Q1,2024-12-31T12:00:00+00:00,2024-12-24T12:00:00+00:00,2024-12-24T11:00:00+00:00,25692.0,2024-12-24T12:00:00+00:00,2090.0,"[""hour_sin"", ""hour_cos"", ""season_sin"", ""season_cos"", ""weekend"", ""p"", ""logit_p"", ""previous6_mean"", ""previous6_max"", ""following6_mean"", ""following6_max"", ""day_mean"", ""day_max"", ""rise"", ""common_temperature"", ""common_temperature_spread"", ""common_land_wind"", ""common_land_wind_spread"", ""common_marine_wind"", ""common_marine_wind_spread"", ""common_solar"", ""common_solar_spread""]",True,,,,,,,,,,,,,,,,,,,,,,,,,,
C_quarterly_refits,early_price/quarterly_refits.csv,DE_LU_FR_BE,,,,,,,,forecast_hour_logit,0.1,,,,,7.0,,,,,,2025Q2,2025-03-31T12:00:00+00:00,2025-03-24T12:00:00+00:00,2025-03-24T11:00:00+00:00,27852.0,2025-03-24T12:00:00+00:00,2439.0,"[""hour_sin"", ""hour_cos"", ""season_sin"", ""season_cos"", ""weekend"", ""p"", ""logit_p"", ""previous6_mean"", ""previous6_max"", ""following6_mean"", ""following6_max"", ""day_mean"", ""day_max"", ""rise"", ""common_temperature"", ""common_temperature_spread"", ""common_land_wind"", ""common_land_wind_spread"", ""common_marine_wind"", ""common_marine_wind_spread"", ""common_solar"", ""common_solar_spread""]",True,,,,,,,,,,,,,,,,,,,,,,,,,,
C_quarterly_refits,early_price/quarterly_refits.csv,DE_LU_FR_BE,,,,,,,,forecast_hour_logit,0.1,,,,,7.0,,,,,,2025Q3,2025-06-30T12:00:00+00:00,2025-06-23T12:00:00+00:00,2025-06-23T11:00:00+00:00,30036.0,2025-06-23T12:00:00+00:00,2523.0,"[""hour_sin"", ""hour_cos"", ""season_sin"", ""season_cos"", ""weekend"", ""p"", ""logit_p"", ""previous6_mean"", ""previous6_max"", ""following6_mean"", ""following6_max"", ""day_mean"", ""day_max"", ""rise"", ""common_temperature"", ""common_temperature_spread"", ""common_land_wind"", ""common_land_wind_spread"", ""common_marine_wind"", ""common_marine_wind_spread"", ""common_solar"", ""common_solar_spread""]",True,,,,,,,,,,,,,,,,,,,,,,,,,,
C_quarterly_refits,early_price/quarterly_refits.csv,DE_LU_FR_BE,,,,,,,,forecast_hour_logit,0.1,,,,,7.0,,,,,,2025Q4,2025-09-30T12:00:00+00:00,2025-09-23T12:00:00+00:00,2025-09-23T11:00:00+00:00,32244.0,2025-09-23T12:00:00+00:00,2617.0,"[""hour_sin"", ""hour_cos"", ""season_sin"", ""season_cos"", ""weekend"", ""p"", ""logit_p"", ""previous6_mean"", ""previous6_max"", ""following6_mean"", ""following6_max"", ""day_mean"", ""day_max"", ""rise"", ""common_temperature"", ""common_temperature_spread"", ""common_land_wind"", ""common_land_wind_spread"", ""common_marine_wind"", ""common_marine_wind_spread"", ""common_solar"", ""common_solar_spread""]",True,,,,,,,,,,,,,,,,,,,,,,,,,,
C_quarterly_refits,early_price/quarterly_refits.csv,DK1,,,,,,,,base_early_logit,10.0,,,,,15.0,,,,,,2024Q1,2023-12-31T12:00:00+00:00,2023-12-16T12:00:00+00:00,2023-12-16T11:00:00+00:00,16860.0,2023-12-16T12:00:00+00:00,147.0,"[""hour_sin"", ""hour_cos"", ""season_sin"", ""season_cos"", ""weekend"", ""p"", ""logit_p""]",False,,,,,,,,,,,,,,,,,,,,,,,,,,
C_quarterly_refits,early_price/quarterly_refits.csv,DK1,,,,,,,,base_early_logit,10.0,,,,,15.0,,,,,,2024Q2,2024-03-31T12:00:00+00:00,2024-03-16T12:00:00+00:00,2024-03-16T11:00:00+00:00,19044.0,2024-03-16T12:00:00+00:00,171.0,"[""hour_sin"", ""hour_cos"", ""season_sin"", ""season_cos"", ""weekend"", ""p"", ""logit_p""]",True,,,,,,,,,,,,,,,,,,,,,,,,,,
C_quarterly_refits,early_price/quarterly_refits.csv,DK1,,,,,,,,base_early_logit,10.0,,,,,15.0,,,,,,2024Q3,2024-06-30T12:00:00+00:00,2024-06-15T12:00:00+00:00,2024-06-15T11:00:00+00:00,21228.0,2024-06-15T12:00:00+00:00,203.0,"[""hour_sin"", ""hour_cos"", ""season_sin"", ""season_cos"", ""weekend"", ""p"", ""logit_p""]",True,,,,,,,,,,,,,,,,,,,,,,,,,,
C_quarterly_refits,early_price/quarterly_refits.csv,DK1,,,,,,,,base_early_logit,10.0,,,,,15.0,,,,,,2024Q4,2024-09-30T12:00:00+00:00,2024-09-15T12:00:00+00:00,2024-09-15T11:00:00+00:00,23436.0,2024-09-15T12:00:00+00:00,240.0,"[""hour_sin"", ""hour_cos"", ""season_sin"", ""season_cos"", ""weekend"", ""p"", ""logit_p""]",True,,,,,,,,,,,,,,,,,,,,,,,,,,
C_quarterly_refits,early_price/quarterly_refits.csv,DK1,,,,,,,,base_early_logit,10.0,,,,,15.0,,,,,,2025Q1,2024-12-31T12:00:00+00:00,2024-12-16T12:00:00+00:00,2024-12-16T11:00:00+00:00,25572.0,2024-12-16T12:00:00+00:00,285.0,"[""hour_sin"", ""hour_cos"", ""season_sin"", ""season_cos"", ""weekend"", ""p"", ""logit_p""]",True,,,,,,,,,,,,,,,,,,,,,,,,,,
C_quarterly_refits,early_price/quarterly_refits.csv,DK1,,,,,,,,base_early_logit,10.0,,,,,15.0,,,,,,2025Q2,2025-03-31T12:00:00+00:00,2025-03-16T12:00:00+00:00,2025-03-16T11:00:00+00:00,27732.0,2025-03-16T12:00:00+00:00,304.0,"[""hour_sin"", ""hour_cos"", ""season_sin"", ""season_cos"", ""weekend"", ""p"", ""logit_p""]",True,,,,,,,,,,,,,,,,,,,,,,,,,,
C_quarterly_refits,early_price/quarterly_refits.csv,DK1,,,,,,,,base_early_logit,10.0,,,,,15.0,,,,,,2025Q3,2025-06-30T12:00:00+00:00,2025-06-15T12:00:00+00:00,2025-06-15T11:00:00+00:00,29916.0,2025-06-15T12:00:00+00:00,326.0,"[""hour_sin"", ""hour_cos"", ""season_sin"", ""season_cos"", ""weekend"", ""p"", ""logit_p""]",True,,,,,,,,,,,,,,,,,,,,,,,,,,
C_quarterly_refits,early_price/quarterly_refits.csv,DK1,,,,,,,,base_early_logit,10.0,,,,,15.0,,,,,,2025Q4,2025-09-30T12:00:00+00:00,2025-09-15T12:00:00+00:00,2025-09-15T11:00:00+00:00,32124.0,2025-09-15T12:00:00+00:00,351.0,"[""hour_sin"", ""hour_cos"", ""season_sin"", ""season_cos"", ""weekend"", ""p"", ""logit_p""]",True,,,,,,,,,,,,,,,,,,,,,,,,,,
C_quarterly_refits,early_price/quarterly_refits.csv,DK1,,,,,,,,base_hour_logit,0.1,,,,,15.0,,,,,,2024Q1,2023-12-31T12:00:00+00:00,2023-12-16T12:00:00+00:00,2023-12-16T11:00:00+00:00,16860.0,2023-12-16T12:00:00+00:00,547.0,"[""hour_sin"", ""hour_cos"", ""season_sin"", ""season_cos"", ""weekend"", ""p"", ""logit_p""]",False,,,,,,,,,,,,,,,,,,,,,,,,,,
C_quarterly_refits,early_price/quarterly_refits.csv,DK1,,,,,,,,base_hour_logit,0.1,,,,,15.0,,,,,,2024Q2,2024-03-31T12:00:00+00:00,2024-03-16T12:00:00+00:00,2024-03-16T11:00:00+00:00,19044.0,2024-03-16T12:00:00+00:00,719.0,"[""hour_sin"", ""hour_cos"", ""season_sin"", ""season_cos"", ""weekend"", ""p"", ""logit_p""]",True,,,,,,,,,,,,,,,,,,,,,,,,,,
C_quarterly_refits,early_price/quarterly_refits.csv,DK1,,,,,,,,base_hour_logit,0.1,,,,,15.0,,,,,,2024Q3,2024-06-30T12:00:00+00:00,2024-06-15T12:00:00+00:00,2024-06-15T11:00:00+00:00,21228.0,2024-06-15T12:00:00+00:00,941.0,"[""hour_sin"", ""hour_cos"", ""season_sin"", ""season_cos"", ""weekend"", ""p"", ""logit_p""]",True,,,,,,,,,,,,,,,,,,,,,,,,,,
C_quarterly_refits,early_price/quarterly_refits.csv,DK1,,,,,,,,base_hour_logit,0.1,,,,,15.0,,,,,,2024Q4,2024-09-30T12:00:00+00:00,2024-09-15T12:00:00+00:00,2024-09-15T11:00:00+00:00,23436.0,2024-09-15T12:00:00+00:00,1319.0,"[""hour_sin"", ""hour_cos"", ""season_sin"", ""season_cos"", ""weekend"", ""p"", ""logit_p""]",True,,,,,,,,,,,,,,,,,,,,,,,,,,
C_quarterly_refits,early_price/quarterly_refits.csv,DK1,,,,,,,,base_hour_logit,0.1,,,,,15.0,,,,,,2025Q1,2024-12-31T12:00:00+00:00,2024-12-16T12:00:00+00:00,2024-12-16T11:00:00+00:00,25572.0,2024-12-16T12:00:00+00:00,1622.0,"[""hour_sin"", ""hour_cos"", ""season_sin"", ""season_cos"", ""weekend"", ""p"", ""logit_p""]",True,,,,,,,,,,,,,,,,,,,,,,,,,,
C_quarterly_refits,early_price/quarterly_refits.csv,DK1,,,,,,,,base_hour_logit,0.1,,,,,15.0,,,,,,2025Q2,2025-03-31T12:00:00+00:00,2025-03-16T12:00:00+00:00,2025-03-16T11:00:00+00:00,27732.0,2025-03-16T12:00:00+00:00,1903.0,"[""hour_sin"", ""hour_cos"", ""season_sin"", ""season_cos"", ""weekend"", ""p"", ""logit_p""]",True,,,,,,,,,,,,,,,,,,,,,,,,,,
C_quarterly_refits,early_price/quarterly_refits.csv,DK1,,,,,,,,base_hour_logit,0.1,,,,,15.0,,,,,,2025Q3,2025-06-30T12:00:00+00:00,2025-06-15T12:00:00+00:00,2025-06-15T11:00:00+00:00,29916.0,2025-06-15T12:00:00+00:00,1989.0,"[""hour_sin"", ""hour_cos"", ""season_sin"", ""season_cos"", ""weekend"", ""p"", ""logit_p""]",True,,,,,,,,,,,,,,,,,,,,,,,,,,
C_quarterly_refits,early_price/quarterly_refits.csv,DK1,,,,,,,,base_hour_logit,0.1,,,,,15.0,,,,,,2025Q4,2025-09-30T12:00:00+00:00,2025-09-15T12:00:00+00:00,2025-09-15T11:00:00+00:00,32124.0,2025-09-15T12:00:00+00:00,2051.0,"[""hour_sin"", ""hour_cos"", ""season_sin"", ""season_cos"", ""weekend"", ""p"", ""logit_p""]",True,,,,,,,,,,,,,,,,,,,,,,,,,,
C_quarterly_refits,early_price/quarterly_refits.csv,DK1,,,,,,,,price_early_logit,10.0,,,,,15.0,,,,,,2024Q1,2023-12-31T12:00:00+00:00,2023-12-16T12:00:00+00:00,2023-12-16T11:00:00+00:00,16860.0,2023-12-16T12:00:00+00:00,147.0,"[""hour_sin"", ""hour_cos"", ""season_sin"", ""season_cos"", ""weekend"", ""price_eur_mwh"", ""price_missing"", ""price_day_mean"", ""price_day_max"", ""price_day_min"", ""price_delta_daily_mean""]",False,,,,,,,,,,,,,,,,,,,,,,,,,,
C_quarterly_refits,early_price/quarterly_refits.csv,DK1,,,,,,,,price_early_logit,10.0,,,,,15.0,,,,,,2024Q2,2024-03-31T12:00:00+00:00,2024-03-16T12:00:00+00:00,2024-03-16T11:00:00+00:00,19044.0,2024-03-16T12:00:00+00:00,171.0,"[""hour_sin"", ""hour_cos"", ""season_sin"", ""season_cos"", ""weekend"", ""price_eur_mwh"", ""price_missing"", ""price_day_mean"", ""price_day_max"", ""price_day_min"", ""price_delta_daily_mean""]",True,,,,,,,,,,,,,,,,,,,,,,,,,,
C_quarterly_refits,early_price/quarterly_refits.csv,DK1,,,,,,,,price_early_logit,10.0,,,,,15.0,,,,,,2024Q3,2024-06-30T12:00:00+00:00,2024-06-15T12:00:00+00:00,2024-06-15T11:00:00+00:00,21228.0,2024-06-15T12:00:00+00:00,203.0,"[""hour_sin"", ""hour_cos"", ""season_sin"", ""season_cos"", ""weekend"", ""price_eur_mwh"", ""price_missing"", ""price_day_mean"", ""price_day_max"", ""price_day_min"", ""price_delta_daily_mean""]",True,,,,,,,,,,,,,,,,,,,,,,,,,,
C_quarterly_refits,early_price/quarterly_refits.csv,DK1,,,,,,,,price_early_logit,10.0,,,,,15.0,,,,,,2024Q4,2024-09-30T12:00:00+00:00,2024-09-15T12:00:00+00:00,2024-09-15T11:00:00+00:00,23436.0,2024-09-15T12:00:00+00:00,240.0,"[""hour_sin"", ""hour_cos"", ""season_sin"", ""season_cos"", ""weekend"", ""price_eur_mwh"", ""price_missing"", ""price_day_mean"", ""price_day_max"", ""price_day_min"", ""price_delta_daily_mean""]",True,,,,,,,,,,,,,,,,,,,,,,,,,,
C_quarterly_refits,early_price/quarterly_refits.csv,DK1,,,,,,,,price_early_logit,10.0,,,,,15.0,,,,,,2025Q1,2024-12-31T12:00:00+00:00,2024-12-16T12:00:00+00:00,2024-12-16T11:00:00+00:00,25572.0,2024-12-16T12:00:00+00:00,285.0,"[""hour_sin"", ""hour_cos"", ""season_sin"", ""season_cos"", ""weekend"", ""price_eur_mwh"", ""price_missing"", ""price_day_mean"", ""price_day_max"", ""price_day_min"", ""price_delta_daily_mean""]",True,,,,,,,,,,,,,,,,,,,,,,,,,,
C_quarterly_refits,early_price/quarterly_refits.csv,DK1,,,,,,,,price_early_logit,10.0,,,,,15.0,,,,,,2025Q2,2025-03-31T12:00:00+00:00,2025-03-16T12:00:00+00:00,2025-03-16T11:00:00+00:00,27732.0,2025-03-16T12:00:00+00:00,304.0,"[""hour_sin"", ""hour_cos"", ""season_sin"", ""season_cos"", ""weekend"", ""price_eur_mwh"", ""price_missing"", ""price_day_mean"", ""price_day_max"", ""price_day_min"", ""price_delta_daily_mean""]",True,,,,,,,,,,,,,,,,,,,,,,,,,,
C_quarterly_refits,early_price/quarterly_refits.csv,DK1,,,,,,,,price_early_logit,10.0,,,,,15.0,,,,,,2025Q3,2025-06-30T12:00:00+00:00,2025-06-15T12:00:00+00:00,2025-06-15T11:00:00+00:00,29916.0,2025-06-15T12:00:00+00:00,326.0,"[""hour_sin"", ""hour_cos"", ""season_sin"", ""season_cos"", ""weekend"", ""price_eur_mwh"", ""price_missing"", ""price_day_mean"", ""price_day_max"", ""price_day_min"", ""price_delta_daily_mean""]",True,,,,,,,,,,,,,,,,,,,,,,,,,,
C_quarterly_refits,early_price/quarterly_refits.csv,DK1,,,,,,,,price_early_logit,10.0,,,,,15.0,,,,,,2025Q4,2025-09-30T12:00:00+00:00,2025-09-15T12:00:00+00:00,2025-09-15T11:00:00+00:00,32124.0,2025-09-15T12:00:00+00:00,351.0,"[""hour_sin"", ""hour_cos"", ""season_sin"", ""season_cos"", ""weekend"", ""price_eur_mwh"", ""price_missing"", ""price_day_mean"", ""price_day_max"", ""price_day_min"", ""price_delta_daily_mean""]",True,,,,,,,,,,,,,,,,,,,,,,,,,,
C_quarterly_refits,early_price/quarterly_refits.csv,DK1,,,,,,,,price_hour_logit,10.0,,,,,15.0,,,,,,2024Q1,2023-12-31T12:00:00+00:00,2023-12-16T12:00:00+00:00,2023-12-16T11:00:00+00:00,16860.0,2023-12-16T12:00:00+00:00,547.0,"[""hour_sin"", ""hour_cos"", ""season_sin"", ""season_cos"", ""weekend"", ""price_eur_mwh"", ""price_missing"", ""price_day_mean"", ""price_day_max"", ""price_day_min"", ""price_delta_daily_mean""]",False,,,,,,,,,,,,,,,,,,,,,,,,,,
C_quarterly_refits,early_price/quarterly_refits.csv,DK1,,,,,,,,price_hour_logit,10.0,,,,,15.0,,,,,,2024Q2,2024-03-31T12:00:00+00:00,2024-03-16T12:00:00+00:00,2024-03-16T11:00:00+00:00,19044.0,2024-03-16T12:00:00+00:00,719.0,"[""hour_sin"", ""hour_cos"", ""season_sin"", ""season_cos"", ""weekend"", ""price_eur_mwh"", ""price_missing"", ""price_day_mean"", ""price_day_max"", ""price_day_min"", ""price_delta_daily_mean""]",True,,,,,,,,,,,,,,,,,,,,,,,,,,
C_quarterly_refits,early_price/quarterly_refits.csv,DK1,,,,,,,,price_hour_logit,10.0,,,,,15.0,,,,,,2024Q3,2024-06-30T12:00:00+00:00,2024-06-15T12:00:00+00:00,2024-06-15T11:00:00+00:00,21228.0,2024-06-15T12:00:00+00:00,941.0,"[""hour_sin"", ""hour_cos"", ""season_sin"", ""season_cos"", ""weekend"", ""price_eur_mwh"", ""price_missing"", ""price_day_mean"", ""price_day_max"", ""price_day_min"", ""price_delta_daily_mean""]",True,,,,,,,,,,,,,,,,,,,,,,,,,,
C_quarterly_refits,early_price/quarterly_refits.csv,DK1,,,,,,,,price_hour_logit,10.0,,,,,15.0,,,,,,2024Q4,2024-09-30T12:00:00+00:00,2024-09-15T12:00:00+00:00,2024-09-15T11:00:00+00:00,23436.0,2024-09-15T12:00:00+00:00,1319.0,"[""hour_sin"", ""hour_cos"", ""season_sin"", ""season_cos"", ""weekend"", ""price_eur_mwh"", ""price_missing"", ""price_day_mean"", ""price_day_max"", ""price_day_min"", ""price_delta_daily_mean""]",True,,,,,,,,,,,,,,,,,,,,,,,,,,
C_quarterly_refits,early_price/quarterly_refits.csv,DK1,,,,,,,,price_hour_logit,10.0,,,,,15.0,,,,,,2025Q1,2024-12-31T12:00:00+00:00,2024-12-16T12:00:00+00:00,2024-12-16T11:00:00+00:00,25572.0,2024-12-16T12:00:00+00:00,1622.0,"[""hour_sin"", ""hour_cos"", ""season_sin"", ""season_cos"", ""weekend"", ""price_eur_mwh"", ""price_missing"", ""price_day_mean"", ""price_day_max"", ""price_day_min"", ""price_delta_daily_mean""]",True,,,,,,,,,,,,,,,,,,,,,,,,,,
C_quarterly_refits,early_price/quarterly_refits.csv,DK1,,,,,,,,price_hour_logit,10.0,,,,,15.0,,,,,,2025Q2,2025-03-31T12:00:00+00:00,2025-03-16T12:00:00+00:00,2025-03-16T11:00:00+00:00,27732.0,2025-03-16T12:00:00+00:00,1903.0,"[""hour_sin"", ""hour_cos"", ""season_sin"", ""season_cos"", ""weekend"", ""price_eur_mwh"", ""price_missing"", ""price_day_mean"", ""price_day_max"", ""price_day_min"", ""price_delta_daily_mean""]",True,,,,,,,,,,,,,,,,,,,,,,,,,,
C_quarterly_refits,early_price/quarterly_refits.csv,DK1,,,,,,,,price_hour_logit,10.0,,,,,15.0,,,,,,2025Q3,2025-06-30T12:00:00+00:00,2025-06-15T12:00:00+00:00,2025-06-15T11:00:00+00:00,29916.0,2025-06-15T12:00:00+00:00,1989.0,"[""hour_sin"", ""hour_cos"", ""season_sin"", ""season_cos"", ""weekend"", ""price_eur_mwh"", ""price_missing"", ""price_day_mean"", ""price_day_max"", ""price_day_min"", ""price_delta_daily_mean""]",True,,,,,,,,,,,,,,,,,,,,,,,,,,
C_quarterly_refits,early_price/quarterly_refits.csv,DK1,,,,,,,,price_hour_logit,10.0,,,,,15.0,,,,,,2025Q4,2025-09-30T12:00:00+00:00,2025-09-15T12:00:00+00:00,2025-09-15T11:00:00+00:00,32124.0,2025-09-15T12:00:00+00:00,2051.0,"[""hour_sin"", ""hour_cos"", ""season_sin"", ""season_cos"", ""weekend"", ""price_eur_mwh"", ""price_missing"", ""price_day_mean"", ""price_day_max"", ""price_day_min"", ""price_delta_daily_mean""]",True,,,,,,,,,,,,,,,,,,,,,,,,,,
C_quarterly_refits,early_price/quarterly_refits.csv,DK1,,,,,,,,combined_early_logit,1.0,,,,,15.0,,,,,,2024Q1,2023-12-31T12:00:00+00:00,2023-12-16T12:00:00+00:00,2023-12-16T11:00:00+00:00,16860.0,2023-12-16T12:00:00+00:00,147.0,"[""hour_sin"", ""hour_cos"", ""season_sin"", ""season_cos"", ""weekend"", ""p"", ""logit_p"", ""price_eur_mwh"", ""price_missing"", ""price_day_mean"", ""price_day_max"", ""price_day_min"", ""price_delta_daily_mean""]",False,,,,,,,,,,,,,,,,,,,,,,,,,,
C_quarterly_refits,early_price/quarterly_refits.csv,DK1,,,,,,,,combined_early_logit,1.0,,,,,15.0,,,,,,2024Q2,2024-03-31T12:00:00+00:00,2024-03-16T12:00:00+00:00,2024-03-16T11:00:00+00:00,19044.0,2024-03-16T12:00:00+00:00,171.0,"[""hour_sin"", ""hour_cos"", ""season_sin"", ""season_cos"", ""weekend"", ""p"", ""logit_p"", ""price_eur_mwh"", ""price_missing"", ""price_day_mean"", ""price_day_max"", ""price_day_min"", ""price_delta_daily_mean""]",True,,,,,,,,,,,,,,,,,,,,,,,,,,
C_quarterly_refits,early_price/quarterly_refits.csv,DK1,,,,,,,,combined_early_logit,1.0,,,,,15.0,,,,,,2024Q3,2024-06-30T12:00:00+00:00,2024-06-15T12:00:00+00:00,2024-06-15T11:00:00+00:00,21228.0,2024-06-15T12:00:00+00:00,203.0,"[""hour_sin"", ""hour_cos"", ""season_sin"", ""season_cos"", ""weekend"", ""p"", ""logit_p"", ""price_eur_mwh"", ""price_missing"", ""price_day_mean"", ""price_day_max"", ""price_day_min"", ""price_delta_daily_mean""]",True,,,,,,,,,,,,,,,,,,,,,,,,,,
C_quarterly_refits,early_price/quarterly_refits.csv,DK1,,,,,,,,combined_early_logit,1.0,,,,,15.0,,,,,,2024Q4,2024-09-30T12:00:00+00:00,2024-09-15T12:00:00+00:00,2024-09-15T11:00:00+00:00,23436.0,2024-09-15T12:00:00+00:00,240.0,"[""hour_sin"", ""hour_cos"", ""season_sin"", ""season_cos"", ""weekend"", ""p"", ""logit_p"", ""price_eur_mwh"", ""price_missing"", ""price_day_mean"", ""price_day_max"", ""price_day_min"", ""price_delta_daily_mean""]",True,,,,,,,,,,,,,,,,,,,,,,,,,,
C_quarterly_refits,early_price/quarterly_refits.csv,DK1,,,,,,,,combined_early_logit,1.0,,,,,15.0,,,,,,2025Q1,2024-12-31T12:00:00+00:00,2024-12-16T12:00:00+00:00,2024-12-16T11:00:00+00:00,25572.0,2024-12-16T12:00:00+00:00,285.0,"[""hour_sin"", ""hour_cos"", ""season_sin"", ""season_cos"", ""weekend"", ""p"", ""logit_p"", ""price_eur_mwh"", ""price_missing"", ""price_day_mean"", ""price_day_max"", ""price_day_min"", ""price_delta_daily_mean""]",True,,,,,,,,,,,,,,,,,,,,,,,,,,
C_quarterly_refits,early_price/quarterly_refits.csv,DK1,,,,,,,,combined_early_logit,1.0,,,,,15.0,,,,,,2025Q2,2025-03-31T12:00:00+00:00,2025-03-16T12:00:00+00:00,2025-03-16T11:00:00+00:00,27732.0,2025-03-16T12:00:00+00:00,304.0,"[""hour_sin"", ""hour_cos"", ""season_sin"", ""season_cos"", ""weekend"", ""p"", ""logit_p"", ""price_eur_mwh"", ""price_missing"", ""price_day_mean"", ""price_day_max"", ""price_day_min"", ""price_delta_daily_mean""]",True,,,,,,,,,,,,,,,,,,,,,,,,,,
C_quarterly_refits,early_price/quarterly_refits.csv,DK1,,,,,,,,combined_early_logit,1.0,,,,,15.0,,,,,,2025Q3,2025-06-30T12:00:00+00:00,2025-06-15T12:00:00+00:00,2025-06-15T11:00:00+00:00,29916.0,2025-06-15T12:00:00+00:00,326.0,"[""hour_sin"", ""hour_cos"", ""season_sin"", ""season_cos"", ""weekend"", ""p"", ""logit_p"", ""price_eur_mwh"", ""price_missing"", ""price_day_mean"", ""price_day_max"", ""price_day_min"", ""price_delta_daily_mean""]",True,,,,,,,,,,,,,,,,,,,,,,,,,,
C_quarterly_refits,early_price/quarterly_refits.csv,DK1,,,,,,,,combined_early_logit,1.0,,,,,15.0,,,,,,2025Q4,2025-09-30T12:00:00+00:00,2025-09-15T12:00:00+00:00,2025-09-15T11:00:00+00:00,32124.0,2025-09-15T12:00:00+00:00,351.0,"[""hour_sin"", ""hour_cos"", ""season_sin"", ""season_cos"", ""weekend"", ""p"", ""logit_p"", ""price_eur_mwh"", ""price_missing"", ""price_day_mean"", ""price_day_max"", ""price_day_min"", ""price_delta_daily_mean""]",True,,,,,,,,,,,,,,,,,,,,,,,,,,
C_quarterly_refits,early_price/quarterly_refits.csv,DK1,,,,,,,,combined_hour_logit,0.1,,,,,15.0,,,,,,2024Q1,2023-12-31T12:00:00+00:00,2023-12-16T12:00:00+00:00,2023-12-16T11:00:00+00:00,16860.0,2023-12-16T12:00:00+00:00,547.0,"[""hour_sin"", ""hour_cos"", ""season_sin"", ""season_cos"", ""weekend"", ""p"", ""logit_p"", ""price_eur_mwh"", ""price_missing"", ""price_day_mean"", ""price_day_max"", ""price_day_min"", ""price_delta_daily_mean""]",False,,,,,,,,,,,,,,,,,,,,,,,,,,
C_quarterly_refits,early_price/quarterly_refits.csv,DK1,,,,,,,,combined_hour_logit,0.1,,,,,15.0,,,,,,2024Q2,2024-03-31T12:00:00+00:00,2024-03-16T12:00:00+00:00,2024-03-16T11:00:00+00:00,19044.0,2024-03-16T12:00:00+00:00,719.0,"[""hour_sin"", ""hour_cos"", ""season_sin"", ""season_cos"", ""weekend"", ""p"", ""logit_p"", ""price_eur_mwh"", ""price_missing"", ""price_day_mean"", ""price_day_max"", ""price_day_min"", ""price_delta_daily_mean""]",True,,,,,,,,,,,,,,,,,,,,,,,,,,
C_quarterly_refits,early_price/quarterly_refits.csv,DK1,,,,,,,,combined_hour_logit,0.1,,,,,15.0,,,,,,2024Q3,2024-06-30T12:00:00+00:00,2024-06-15T12:00:00+00:00,2024-06-15T11:00:00+00:00,21228.0,2024-06-15T12:00:00+00:00,941.0,"[""hour_sin"", ""hour_cos"", ""season_sin"", ""season_cos"", ""weekend"", ""p"", ""logit_p"", ""price_eur_mwh"", ""price_missing"", ""price_day_mean"", ""price_day_max"", ""price_day_min"", ""price_delta_daily_mean""]",True,,,,,,,,,,,,,,,,,,,,,,,,,,
C_quarterly_refits,early_price/quarterly_refits.csv,DK1,,,,,,,,combined_hour_logit,0.1,,,,,15.0,,,,,,2024Q4,2024-09-30T12:00:00+00:00,2024-09-15T12:00:00+00:00,2024-09-15T11:00:00+00:00,23436.0,2024-09-15T12:00:00+00:00,1319.0,"[""hour_sin"", ""hour_cos"", ""season_sin"", ""season_cos"", ""weekend"", ""p"", ""logit_p"", ""price_eur_mwh"", ""price_missing"", ""price_day_mean"", ""price_day_max"", ""price_day_min"", ""price_delta_daily_mean""]",True,,,,,,,,,,,,,,,,,,,,,,,,,,
C_quarterly_refits,early_price/quarterly_refits.csv,DK1,,,,,,,,combined_hour_logit,0.1,,,,,15.0,,,,,,2025Q1,2024-12-31T12:00:00+00:00,2024-12-16T12:00:00+00:00,2024-12-16T11:00:00+00:00,25572.0,2024-12-16T12:00:00+00:00,1622.0,"[""hour_sin"", ""hour_cos"", ""season_sin"", ""season_cos"", ""weekend"", ""p"", ""logit_p"", ""price_eur_mwh"", ""price_missing"", ""price_day_mean"", ""price_day_max"", ""price_day_min"", ""price_delta_daily_mean""]",True,,,,,,,,,,,,,,,,,,,,,,,,,,
C_quarterly_refits,early_price/quarterly_refits.csv,DK1,,,,,,,,combined_hour_logit,0.1,,,,,15.0,,,,,,2025Q2,2025-03-31T12:00:00+00:00,2025-03-16T12:00:00+00:00,2025-03-16T11:00:00+00:00,27732.0,2025-03-16T12:00:00+00:00,1903.0,"[""hour_sin"", ""hour_cos"", ""season_sin"", ""season_cos"", ""weekend"", ""p"", ""logit_p"", ""price_eur_mwh"", ""price_missing"", ""price_day_mean"", ""price_day_max"", ""price_day_min"", ""price_delta_daily_mean""]",True,,,,,,,,,,,,,,,,,,,,,,,,,,
C_quarterly_refits,early_price/quarterly_refits.csv,DK1,,,,,,,,combined_hour_logit,0.1,,,,,15.0,,,,,,2025Q3,2025-06-30T12:00:00+00:00,2025-06-15T12:00:00+00:00,2025-06-15T11:00:00+00:00,29916.0,2025-06-15T12:00:00+00:00,1989.0,"[""hour_sin"", ""hour_cos"", ""season_sin"", ""season_cos"", ""weekend"", ""p"", ""logit_p"", ""price_eur_mwh"", ""price_missing"", ""price_day_mean"", ""price_day_max"", ""price_day_min"", ""price_delta_daily_mean""]",True,,,,,,,,,,,,,,,,,,,,,,,,,,
C_quarterly_refits,early_price/quarterly_refits.csv,DK1,,,,,,,,combined_hour_logit,0.1,,,,,15.0,,,,,,2025Q4,2025-09-30T12:00:00+00:00,2025-09-15T12:00:00+00:00,2025-09-15T11:00:00+00:00,32124.0,2025-09-15T12:00:00+00:00,2051.0,"[""hour_sin"", ""hour_cos"", ""season_sin"", ""season_cos"", ""weekend"", ""p"", ""logit_p"", ""price_eur_mwh"", ""price_missing"", ""price_day_mean"", ""price_day_max"", ""price_day_min"", ""price_delta_daily_mean""]",True,,,,,,,,,,,,,,,,,,,,,,,,,,
C_quarterly_refits,early_price/quarterly_refits.csv,DK2,,,,,,,,base_early_logit,10.0,,,,,15.0,,,,,,2024Q1,2023-12-31T12:00:00+00:00,2023-12-16T12:00:00+00:00,2023-12-16T11:00:00+00:00,16860.0,2023-12-16T12:00:00+00:00,141.0,"[""hour_sin"", ""hour_cos"", ""season_sin"", ""season_cos"", ""weekend"", ""p"", ""logit_p""]",False,,,,,,,,,,,,,,,,,,,,,,,,,,
C_quarterly_refits,early_price/quarterly_refits.csv,DK2,,,,,,,,base_early_logit,10.0,,,,,15.0,,,,,,2024Q2,2024-03-31T12:00:00+00:00,2024-03-16T12:00:00+00:00,2024-03-16T11:00:00+00:00,19044.0,2024-03-16T12:00:00+00:00,165.0,"[""hour_sin"", ""hour_cos"", ""season_sin"", ""season_cos"", ""weekend"", ""p"", ""logit_p""]",True,,,,,,,,,,,,,,,,,,,,,,,,,,
C_quarterly_refits,early_price/quarterly_refits.csv,DK2,,,,,,,,base_early_logit,10.0,,,,,15.0,,,,,,2024Q3,2024-06-30T12:00:00+00:00,2024-06-15T12:00:00+00:00,2024-06-15T11:00:00+00:00,21228.0,2024-06-15T12:00:00+00:00,199.0,"[""hour_sin"", ""hour_cos"", ""season_sin"", ""season_cos"", ""weekend"", ""p"", ""logit_p""]",True,,,,,,,,,,,,,,,,,,,,,,,,,,
C_quarterly_refits,early_price/quarterly_refits.csv,DK2,,,,,,,,base_early_logit,10.0,,,,,15.0,,,,,,2024Q4,2024-09-30T12:00:00+00:00,2024-09-15T12:00:00+00:00,2024-09-15T11:00:00+00:00,23436.0,2024-09-15T12:00:00+00:00,240.0,"[""hour_sin"", ""hour_cos"", ""season_sin"", ""season_cos"", ""weekend"", ""p"", ""logit_p""]",True,,,,,,,,,,,,,,,,,,,,,,,,,,
C_quarterly_refits,early_price/quarterly_refits.csv,DK2,,,,,,,,base_early_logit,10.0,,,,,15.0,,,,,,2025Q1,2024-12-31T12:00:00+00:00,2024-12-16T12:00:00+00:00,2024-12-16T11:00:00+00:00,25572.0,2024-12-16T12:00:00+00:00,290.0,"[""hour_sin"", ""hour_cos"", ""season_sin"", ""season_cos"", ""weekend"", ""p"", ""logit_p""]",True,,,,,,,,,,,,,,,,,,,,,,,,,,
C_quarterly_refits,early_price/quarterly_refits.csv,DK2,,,,,,,,base_early_logit,10.0,,,,,15.0,,,,,,2025Q2,2025-03-31T12:00:00+00:00,2025-03-16T12:00:00+00:00,2025-03-16T11:00:00+00:00,27732.0,2025-03-16T12:00:00+00:00,311.0,"[""hour_sin"", ""hour_cos"", ""season_sin"", ""season_cos"", ""weekend"", ""p"", ""logit_p""]",True,,,,,,,,,,,,,,,,,,,,,,,,,,
C_quarterly_refits,early_price/quarterly_refits.csv,DK2,,,,,,,,base_early_logit,10.0,,,,,15.0,,,,,,2025Q3,2025-06-30T12:00:00+00:00,2025-06-15T12:00:00+00:00,2025-06-15T11:00:00+00:00,29916.0,2025-06-15T12:00:00+00:00,337.0,"[""hour_sin"", ""hour_cos"", ""season_sin"", ""season_cos"", ""weekend"", ""p"", ""logit_p""]",True,,,,,,,,,,,,,,,,,,,,,,,,,,
C_quarterly_refits,early_price/quarterly_refits.csv,DK2,,,,,,,,base_early_logit,10.0,,,,,15.0,,,,,,2025Q4,2025-09-30T12:00:00+00:00,2025-09-15T12:00:00+00:00,2025-09-15T11:00:00+00:00,32124.0,2025-09-15T12:00:00+00:00,356.0,"[""hour_sin"", ""hour_cos"", ""season_sin"", ""season_cos"", ""weekend"", ""p"", ""logit_p""]",True,,,,,,,,,,,,,,,,,,,,,,,,,,
C_quarterly_refits,early_price/quarterly_refits.csv,DK2,,,,,,,,base_hour_logit,0.1,,,,,15.0,,,,,,2024Q1,2023-12-31T12:00:00+00:00,2023-12-16T12:00:00+00:00,2023-12-16T11:00:00+00:00,16860.0,2023-12-16T12:00:00+00:00,656.0,"[""hour_sin"", ""hour_cos"", ""season_sin"", ""season_cos"", ""weekend"", ""p"", ""logit_p""]",False,,,,,,,,,,,,,,,,,,,,,,,,,,
C_quarterly_refits,early_price/quarterly_refits.csv,DK2,,,,,,,,base_hour_logit,0.1,,,,,15.0,,,,,,2024Q2,2024-03-31T12:00:00+00:00,2024-03-16T12:00:00+00:00,2024-03-16T11:00:00+00:00,19044.0,2024-03-16T12:00:00+00:00,838.0,"[""hour_sin"", ""hour_cos"", ""season_sin"", ""season_cos"", ""weekend"", ""p"", ""logit_p""]",True,,,,,,,,,,,,,,,,,,,,,,,,,,
C_quarterly_refits,early_price/quarterly_refits.csv,DK2,,,,,,,,base_hour_logit,0.1,,,,,15.0,,,,,,2024Q3,2024-06-30T12:00:00+00:00,2024-06-15T12:00:00+00:00,2024-06-15T11:00:00+00:00,21228.0,2024-06-15T12:00:00+00:00,1108.0,"[""hour_sin"", ""hour_cos"", ""season_sin"", ""season_cos"", ""weekend"", ""p"", ""logit_p""]",True,,,,,,,,,,,,,,,,,,,,,,,,,,
C_quarterly_refits,early_price/quarterly_refits.csv,DK2,,,,,,,,base_hour_logit,0.1,,,,,15.0,,,,,,2024Q4,2024-09-30T12:00:00+00:00,2024-09-15T12:00:00+00:00,2024-09-15T11:00:00+00:00,23436.0,2024-09-15T12:00:00+00:00,1511.0,"[""hour_sin"", ""hour_cos"", ""season_sin"", ""season_cos"", ""weekend"", ""p"", ""logit_p""]",True,,,,,,,,,,,,,,,,,,,,,,,,,,
C_quarterly_refits,early_price/quarterly_refits.csv,DK2,,,,,,,,base_hour_logit,0.1,,,,,15.0,,,,,,2025Q1,2024-12-31T12:00:00+00:00,2024-12-16T12:00:00+00:00,2024-12-16T11:00:00+00:00,25572.0,2024-12-16T12:00:00+00:00,1808.0,"[""hour_sin"", ""hour_cos"", ""season_sin"", ""season_cos"", ""weekend"", ""p"", ""logit_p""]",True,,,,,,,,,,,,,,,,,,,,,,,,,,
C_quarterly_refits,early_price/quarterly_refits.csv,DK2,,,,,,,,base_hour_logit,0.1,,,,,15.0,,,,,,2025Q2,2025-03-31T12:00:00+00:00,2025-03-16T12:00:00+00:00,2025-03-16T11:00:00+00:00,27732.0,2025-03-16T12:00:00+00:00,2120.0,"[""hour_sin"", ""hour_cos"", ""season_sin"", ""season_cos"", ""weekend"", ""p"", ""logit_p""]",True,,,,,,,,,,,,,,,,,,,,,,,,,,
C_quarterly_refits,early_price/quarterly_refits.csv,DK2,,,,,,,,base_hour_logit,0.1,,,,,15.0,,,,,,2025Q3,2025-06-30T12:00:00+00:00,2025-06-15T12:00:00+00:00,2025-06-15T11:00:00+00:00,29916.0,2025-06-15T12:00:00+00:00,2205.0,"[""hour_sin"", ""hour_cos"", ""season_sin"", ""season_cos"", ""weekend"", ""p"", ""logit_p""]",True,,,,,,,,,,,,,,,,,,,,,,,,,,
C_quarterly_refits,early_price/quarterly_refits.csv,DK2,,,,,,,,base_hour_logit,0.1,,,,,15.0,,,,,,2025Q4,2025-09-30T12:00:00+00:00,2025-09-15T12:00:00+00:00,2025-09-15T11:00:00+00:00,32124.0,2025-09-15T12:00:00+00:00,2267.0,"[""hour_sin"", ""hour_cos"", ""season_sin"", ""season_cos"", ""weekend"", ""p"", ""logit_p""]",True,,,,,,,,,,,,,,,,,,,,,,,,,,
C_quarterly_refits,early_price/quarterly_refits.csv,DK2,,,,,,,,price_early_logit,0.1,,,,,15.0,,,,,,2024Q1,2023-12-31T12:00:00+00:00,2023-12-16T12:00:00+00:00,2023-12-16T11:00:00+00:00,16860.0,2023-12-16T12:00:00+00:00,141.0,"[""hour_sin"", ""hour_cos"", ""season_sin"", ""season_cos"", ""weekend"", ""price_eur_mwh"", ""price_missing"", ""price_day_mean"", ""price_day_max"", ""price_day_min"", ""price_delta_daily_mean""]",False,,,,,,,,,,,,,,,,,,,,,,,,,,
C_quarterly_refits,early_price/quarterly_refits.csv,DK2,,,,,,,,price_early_logit,0.1,,,,,15.0,,,,,,2024Q2,2024-03-31T12:00:00+00:00,2024-03-16T12:00:00+00:00,2024-03-16T11:00:00+00:00,19044.0,2024-03-16T12:00:00+00:00,165.0,"[""hour_sin"", ""hour_cos"", ""season_sin"", ""season_cos"", ""weekend"", ""price_eur_mwh"", ""price_missing"", ""price_day_mean"", ""price_day_max"", ""price_day_min"", ""price_delta_daily_mean""]",True,,,,,,,,,,,,,,,,,,,,,,,,,,
C_quarterly_refits,early_price/quarterly_refits.csv,DK2,,,,,,,,price_early_logit,0.1,,,,,15.0,,,,,,2024Q3,2024-06-30T12:00:00+00:00,2024-06-15T12:00:00+00:00,2024-06-15T11:00:00+00:00,21228.0,2024-06-15T12:00:00+00:00,199.0,"[""hour_sin"", ""hour_cos"", ""season_sin"", ""season_cos"", ""weekend"", ""price_eur_mwh"", ""price_missing"", ""price_day_mean"", ""price_day_max"", ""price_day_min"", ""price_delta_daily_mean""]",True,,,,,,,,,,,,,,,,,,,,,,,,,,
C_quarterly_refits,early_price/quarterly_refits.csv,DK2,,,,,,,,price_early_logit,0.1,,,,,15.0,,,,,,2024Q4,2024-09-30T12:00:00+00:00,2024-09-15T12:00:00+00:00,2024-09-15T11:00:00+00:00,23436.0,2024-09-15T12:00:00+00:00,240.0,"[""hour_sin"", ""hour_cos"", ""season_sin"", ""season_cos"", ""weekend"", ""price_eur_mwh"", ""price_missing"", ""price_day_mean"", ""price_day_max"", ""price_day_min"", ""price_delta_daily_mean""]",True,,,,,,,,,,,,,,,,,,,,,,,,,,
C_quarterly_refits,early_price/quarterly_refits.csv,DK2,,,,,,,,price_early_logit,0.1,,,,,15.0,,,,,,2025Q1,2024-12-31T12:00:00+00:00,2024-12-16T12:00:00+00:00,2024-12-16T11:00:00+00:00,25572.0,2024-12-16T12:00:00+00:00,290.0,"[""hour_sin"", ""hour_cos"", ""season_sin"", ""season_cos"", ""weekend"", ""price_eur_mwh"", ""price_missing"", ""price_day_mean"", ""price_day_max"", ""price_day_min"", ""price_delta_daily_mean""]",True,,,,,,,,,,,,,,,,,,,,,,,,,,
C_quarterly_refits,early_price/quarterly_refits.csv,DK2,,,,,,,,price_early_logit,0.1,,,,,15.0,,,,,,2025Q2,2025-03-31T12:00:00+00:00,2025-03-16T12:00:00+00:00,2025-03-16T11:00:00+00:00,27732.0,2025-03-16T12:00:00+00:00,311.0,"[""hour_sin"", ""hour_cos"", ""season_sin"", ""season_cos"", ""weekend"", ""price_eur_mwh"", ""price_missing"", ""price_day_mean"", ""price_day_max"", ""price_day_min"", ""price_delta_daily_mean""]",True,,,,,,,,,,,,,,,,,,,,,,,,,,
C_quarterly_refits,early_price/quarterly_refits.csv,DK2,,,,,,,,price_early_logit,0.1,,,,,15.0,,,,,,2025Q3,2025-06-30T12:00:00+00:00,2025-06-15T12:00:00+00:00,2025-06-15T11:00:00+00:00,29916.0,2025-06-15T12:00:00+00:00,337.0,"[""hour_sin"", ""hour_cos"", ""season_sin"", ""season_cos"", ""weekend"", ""price_eur_mwh"", ""price_missing"", ""price_day_mean"", ""price_day_max"", ""price_day_min"", ""price_delta_daily_mean""]",True,,,,,,,,,,,,,,,,,,,,,,,,,,
C_quarterly_refits,early_price/quarterly_refits.csv,DK2,,,,,,,,price_early_logit,0.1,,,,,15.0,,,,,,2025Q4,2025-09-30T12:00:00+00:00,2025-09-15T12:00:00+00:00,2025-09-15T11:00:00+00:00,32124.0,2025-09-15T12:00:00+00:00,356.0,"[""hour_sin"", ""hour_cos"", ""season_sin"", ""season_cos"", ""weekend"", ""price_eur_mwh"", ""price_missing"", ""price_day_mean"", ""price_day_max"", ""price_day_min"", ""price_delta_daily_mean""]",True,,,,,,,,,,,,,,,,,,,,,,,,,,
C_quarterly_refits,early_price/quarterly_refits.csv,DK2,,,,,,,,price_hour_logit,10.0,,,,,15.0,,,,,,2024Q1,2023-12-31T12:00:00+00:00,2023-12-16T12:00:00+00:00,2023-12-16T11:00:00+00:00,16860.0,2023-12-16T12:00:00+00:00,656.0,"[""hour_sin"", ""hour_cos"", ""season_sin"", ""season_cos"", ""weekend"", ""price_eur_mwh"", ""price_missing"", ""price_day_mean"", ""price_day_max"", ""price_day_min"", ""price_delta_daily_mean""]",False,,,,,,,,,,,,,,,,,,,,,,,,,,
C_quarterly_refits,early_price/quarterly_refits.csv,DK2,,,,,,,,price_hour_logit,10.0,,,,,15.0,,,,,,2024Q2,2024-03-31T12:00:00+00:00,2024-03-16T12:00:00+00:00,2024-03-16T11:00:00+00:00,19044.0,2024-03-16T12:00:00+00:00,838.0,"[""hour_sin"", ""hour_cos"", ""season_sin"", ""season_cos"", ""weekend"", ""price_eur_mwh"", ""price_missing"", ""price_day_mean"", ""price_day_max"", ""price_day_min"", ""price_delta_daily_mean""]",True,,,,,,,,,,,,,,,,,,,,,,,,,,
C_quarterly_refits,early_price/quarterly_refits.csv,DK2,,,,,,,,price_hour_logit,10.0,,,,,15.0,,,,,,2024Q3,2024-06-30T12:00:00+00:00,2024-06-15T12:00:00+00:00,2024-06-15T11:00:00+00:00,21228.0,2024-06-15T12:00:00+00:00,1108.0,"[""hour_sin"", ""hour_cos"", ""season_sin"", ""season_cos"", ""weekend"", ""price_eur_mwh"", ""price_missing"", ""price_day_mean"", ""price_day_max"", ""price_day_min"", ""price_delta_daily_mean""]",True,,,,,,,,,,,,,,,,,,,,,,,,,,
C_quarterly_refits,early_price/quarterly_refits.csv,DK2,,,,,,,,price_hour_logit,10.0,,,,,15.0,,,,,,2024Q4,2024-09-30T12:00:00+00:00,2024-09-15T12:00:00+00:00,2024-09-15T11:00:00+00:00,23436.0,2024-09-15T12:00:00+00:00,1511.0,"[""hour_sin"", ""hour_cos"", ""season_sin"", ""season_cos"", ""weekend"", ""price_eur_mwh"", ""price_missing"", ""price_day_mean"", ""price_day_max"", ""price_day_min"", ""price_delta_daily_mean""]",True,,,,,,,,,,,,,,,,,,,,,,,,,,
C_quarterly_refits,early_price/quarterly_refits.csv,DK2,,,,,,,,price_hour_logit,10.0,,,,,15.0,,,,,,2025Q1,2024-12-31T12:00:00+00:00,2024-12-16T12:00:00+00:00,2024-12-16T11:00:00+00:00,25572.0,2024-12-16T12:00:00+00:00,1808.0,"[""hour_sin"", ""hour_cos"", ""season_sin"", ""season_cos"", ""weekend"", ""price_eur_mwh"", ""price_missing"", ""price_day_mean"", ""price_day_max"", ""price_day_min"", ""price_delta_daily_mean""]",True,,,,,,,,,,,,,,,,,,,,,,,,,,
C_quarterly_refits,early_price/quarterly_refits.csv,DK2,,,,,,,,price_hour_logit,10.0,,,,,15.0,,,,,,2025Q2,2025-03-31T12:00:00+00:00,2025-03-16T12:00:00+00:00,2025-03-16T11:00:00+00:00,27732.0,2025-03-16T12:00:00+00:00,2120.0,"[""hour_sin"", ""hour_cos"", ""season_sin"", ""season_cos"", ""weekend"", ""price_eur_mwh"", ""price_missing"", ""price_day_mean"", ""price_day_max"", ""price_day_min"", ""price_delta_daily_mean""]",True,,,,,,,,,,,,,,,,,,,,,,,,,,
C_quarterly_refits,early_price/quarterly_refits.csv,DK2,,,,,,,,price_hour_logit,10.0,,,,,15.0,,,,,,2025Q3,2025-06-30T12:00:00+00:00,2025-06-15T12:00:00+00:00,2025-06-15T11:00:00+00:00,29916.0,2025-06-15T12:00:00+00:00,2205.0,"[""hour_sin"", ""hour_cos"", ""season_sin"", ""season_cos"", ""weekend"", ""price_eur_mwh"", ""price_missing"", ""price_day_mean"", ""price_day_max"", ""price_day_min"", ""price_delta_daily_mean""]",True,,,,,,,,,,,,,,,,,,,,,,,,,,
C_quarterly_refits,early_price/quarterly_refits.csv,DK2,,,,,,,,price_hour_logit,10.0,,,,,15.0,,,,,,2025Q4,2025-09-30T12:00:00+00:00,2025-09-15T12:00:00+00:00,2025-09-15T11:00:00+00:00,32124.0,2025-09-15T12:00:00+00:00,2267.0,"[""hour_sin"", ""hour_cos"", ""season_sin"", ""season_cos"", ""weekend"", ""price_eur_mwh"", ""price_missing"", ""price_day_mean"", ""price_day_max"", ""price_day_min"", ""price_delta_daily_mean""]",True,,,,,,,,,,,,,,,,,,,,,,,,,,
C_quarterly_refits,early_price/quarterly_refits.csv,DK2,,,,,,,,combined_early_logit,1.0,,,,,15.0,,,,,,2024Q1,2023-12-31T12:00:00+00:00,2023-12-16T12:00:00+00:00,2023-12-16T11:00:00+00:00,16860.0,2023-12-16T12:00:00+00:00,141.0,"[""hour_sin"", ""hour_cos"", ""season_sin"", ""season_cos"", ""weekend"", ""p"", ""logit_p"", ""price_eur_mwh"", ""price_missing"", ""price_day_mean"", ""price_day_max"", ""price_day_min"", ""price_delta_daily_mean""]",False,,,,,,,,,,,,,,,,,,,,,,,,,,
C_quarterly_refits,early_price/quarterly_refits.csv,DK2,,,,,,,,combined_early_logit,1.0,,,,,15.0,,,,,,2024Q2,2024-03-31T12:00:00+00:00,2024-03-16T12:00:00+00:00,2024-03-16T11:00:00+00:00,19044.0,2024-03-16T12:00:00+00:00,165.0,"[""hour_sin"", ""hour_cos"", ""season_sin"", ""season_cos"", ""weekend"", ""p"", ""logit_p"", ""price_eur_mwh"", ""price_missing"", ""price_day_mean"", ""price_day_max"", ""price_day_min"", ""price_delta_daily_mean""]",True,,,,,,,,,,,,,,,,,,,,,,,,,,
C_quarterly_refits,early_price/quarterly_refits.csv,DK2,,,,,,,,combined_early_logit,1.0,,,,,15.0,,,,,,2024Q3,2024-06-30T12:00:00+00:00,2024-06-15T12:00:00+00:00,2024-06-15T11:00:00+00:00,21228.0,2024-06-15T12:00:00+00:00,199.0,"[""hour_sin"", ""hour_cos"", ""season_sin"", ""season_cos"", ""weekend"", ""p"", ""logit_p"", ""price_eur_mwh"", ""price_missing"", ""price_day_mean"", ""price_day_max"", ""price_day_min"", ""price_delta_daily_mean""]",True,,,,,,,,,,,,,,,,,,,,,,,,,,
C_quarterly_refits,early_price/quarterly_refits.csv,DK2,,,,,,,,combined_early_logit,1.0,,,,,15.0,,,,,,2024Q4,2024-09-30T12:00:00+00:00,2024-09-15T12:00:00+00:00,2024-09-15T11:00:00+00:00,23436.0,2024-09-15T12:00:00+00:00,240.0,"[""hour_sin"", ""hour_cos"", ""season_sin"", ""season_cos"", ""weekend"", ""p"", ""logit_p"", ""price_eur_mwh"", ""price_missing"", ""price_day_mean"", ""price_day_max"", ""price_day_min"", ""price_delta_daily_mean""]",True,,,,,,,,,,,,,,,,,,,,,,,,,,
C_quarterly_refits,early_price/quarterly_refits.csv,DK2,,,,,,,,combined_early_logit,1.0,,,,,15.0,,,,,,2025Q1,2024-12-31T12:00:00+00:00,2024-12-16T12:00:00+00:00,2024-12-16T11:00:00+00:00,25572.0,2024-12-16T12:00:00+00:00,290.0,"[""hour_sin"", ""hour_cos"", ""season_sin"", ""season_cos"", ""weekend"", ""p"", ""logit_p"", ""price_eur_mwh"", ""price_missing"", ""price_day_mean"", ""price_day_max"", ""price_day_min"", ""price_delta_daily_mean""]",True,,,,,,,,,,,,,,,,,,,,,,,,,,
C_quarterly_refits,early_price/quarterly_refits.csv,DK2,,,,,,,,combined_early_logit,1.0,,,,,15.0,,,,,,2025Q2,2025-03-31T12:00:00+00:00,2025-03-16T12:00:00+00:00,2025-03-16T11:00:00+00:00,27732.0,2025-03-16T12:00:00+00:00,311.0,"[""hour_sin"", ""hour_cos"", ""season_sin"", ""season_cos"", ""weekend"", ""p"", ""logit_p"", ""price_eur_mwh"", ""price_missing"", ""price_day_mean"", ""price_day_max"", ""price_day_min"", ""price_delta_daily_mean""]",True,,,,,,,,,,,,,,,,,,,,,,,,,,
C_quarterly_refits,early_price/quarterly_refits.csv,DK2,,,,,,,,combined_early_logit,1.0,,,,,15.0,,,,,,2025Q3,2025-06-30T12:00:00+00:00,2025-06-15T12:00:00+00:00,2025-06-15T11:00:00+00:00,29916.0,2025-06-15T12:00:00+00:00,337.0,"[""hour_sin"", ""hour_cos"", ""season_sin"", ""season_cos"", ""weekend"", ""p"", ""logit_p"", ""price_eur_mwh"", ""price_missing"", ""price_day_mean"", ""price_day_max"", ""price_day_min"", ""price_delta_daily_mean""]",True,,,,,,,,,,,,,,,,,,,,,,,,,,
C_quarterly_refits,early_price/quarterly_refits.csv,DK2,,,,,,,,combined_early_logit,1.0,,,,,15.0,,,,,,2025Q4,2025-09-30T12:00:00+00:00,2025-09-15T12:00:00+00:00,2025-09-15T11:00:00+00:00,32124.0,2025-09-15T12:00:00+00:00,356.0,"[""hour_sin"", ""hour_cos"", ""season_sin"", ""season_cos"", ""weekend"", ""p"", ""logit_p"", ""price_eur_mwh"", ""price_missing"", ""price_day_mean"", ""price_day_max"", ""price_day_min"", ""price_delta_daily_mean""]",True,,,,,,,,,,,,,,,,,,,,,,,,,,
C_quarterly_refits,early_price/quarterly_refits.csv,DK2,,,,,,,,combined_hour_logit,0.1,,,,,15.0,,,,,,2024Q1,2023-12-31T12:00:00+00:00,2023-12-16T12:00:00+00:00,2023-12-16T11:00:00+00:00,16860.0,2023-12-16T12:00:00+00:00,656.0,"[""hour_sin"", ""hour_cos"", ""season_sin"", ""season_cos"", ""weekend"", ""p"", ""logit_p"", ""price_eur_mwh"", ""price_missing"", ""price_day_mean"", ""price_day_max"", ""price_day_min"", ""price_delta_daily_mean""]",False,,,,,,,,,,,,,,,,,,,,,,,,,,
C_quarterly_refits,early_price/quarterly_refits.csv,DK2,,,,,,,,combined_hour_logit,0.1,,,,,15.0,,,,,,2024Q2,2024-03-31T12:00:00+00:00,2024-03-16T12:00:00+00:00,2024-03-16T11:00:00+00:00,19044.0,2024-03-16T12:00:00+00:00,838.0,"[""hour_sin"", ""hour_cos"", ""season_sin"", ""season_cos"", ""weekend"", ""p"", ""logit_p"", ""price_eur_mwh"", ""price_missing"", ""price_day_mean"", ""price_day_max"", ""price_day_min"", ""price_delta_daily_mean""]",True,,,,,,,,,,,,,,,,,,,,,,,,,,
C_quarterly_refits,early_price/quarterly_refits.csv,DK2,,,,,,,,combined_hour_logit,0.1,,,,,15.0,,,,,,2024Q3,2024-06-30T12:00:00+00:00,2024-06-15T12:00:00+00:00,2024-06-15T11:00:00+00:00,21228.0,2024-06-15T12:00:00+00:00,1108.0,"[""hour_sin"", ""hour_cos"", ""season_sin"", ""season_cos"", ""weekend"", ""p"", ""logit_p"", ""price_eur_mwh"", ""price_missing"", ""price_day_mean"", ""price_day_max"", ""price_day_min"", ""price_delta_daily_mean""]",True,,,,,,,,,,,,,,,,,,,,,,,,,,
C_quarterly_refits,early_price/quarterly_refits.csv,DK2,,,,,,,,combined_hour_logit,0.1,,,,,15.0,,,,,,2024Q4,2024-09-30T12:00:00+00:00,2024-09-15T12:00:00+00:00,2024-09-15T11:00:00+00:00,23436.0,2024-09-15T12:00:00+00:00,1511.0,"[""hour_sin"", ""hour_cos"", ""season_sin"", ""season_cos"", ""weekend"", ""p"", ""logit_p"", ""price_eur_mwh"", ""price_missing"", ""price_day_mean"", ""price_day_max"", ""price_day_min"", ""price_delta_daily_mean""]",True,,,,,,,,,,,,,,,,,,,,,,,,,,
C_quarterly_refits,early_price/quarterly_refits.csv,DK2,,,,,,,,combined_hour_logit,0.1,,,,,15.0,,,,,,2025Q1,2024-12-31T12:00:00+00:00,2024-12-16T12:00:00+00:00,2024-12-16T11:00:00+00:00,25572.0,2024-12-16T12:00:00+00:00,1808.0,"[""hour_sin"", ""hour_cos"", ""season_sin"", ""season_cos"", ""weekend"", ""p"", ""logit_p"", ""price_eur_mwh"", ""price_missing"", ""price_day_mean"", ""price_day_max"", ""price_day_min"", ""price_delta_daily_mean""]",True,,,,,,,,,,,,,,,,,,,,,,,,,,
C_quarterly_refits,early_price/quarterly_refits.csv,DK2,,,,,,,,combined_hour_logit,0.1,,,,,15.0,,,,,,2025Q2,2025-03-31T12:00:00+00:00,2025-03-16T12:00:00+00:00,2025-03-16T11:00:00+00:00,27732.0,2025-03-16T12:00:00+00:00,2120.0,"[""hour_sin"", ""hour_cos"", ""season_sin"", ""season_cos"", ""weekend"", ""p"", ""logit_p"", ""price_eur_mwh"", ""price_missing"", ""price_day_mean"", ""price_day_max"", ""price_day_min"", ""price_delta_daily_mean""]",True,,,,,,,,,,,,,,,,,,,,,,,,,,
C_quarterly_refits,early_price/quarterly_refits.csv,DK2,,,,,,,,combined_hour_logit,0.1,,,,,15.0,,,,,,2025Q3,2025-06-30T12:00:00+00:00,2025-06-15T12:00:00+00:00,2025-06-15T11:00:00+00:00,29916.0,2025-06-15T12:00:00+00:00,2205.0,"[""hour_sin"", ""hour_cos"", ""season_sin"", ""season_cos"", ""weekend"", ""p"", ""logit_p"", ""price_eur_mwh"", ""price_missing"", ""price_day_mean"", ""price_day_max"", ""price_day_min"", ""price_delta_daily_mean""]",True,,,,,,,,,,,,,,,,,,,,,,,,,,
C_quarterly_refits,early_price/quarterly_refits.csv,DK2,,,,,,,,combined_hour_logit,0.1,,,,,15.0,,,,,,2025Q4,2025-09-30T12:00:00+00:00,2025-09-15T12:00:00+00:00,2025-09-15T11:00:00+00:00,32124.0,2025-09-15T12:00:00+00:00,2267.0,"[""hour_sin"", ""hour_cos"", ""season_sin"", ""season_cos"", ""weekend"", ""p"", ""logit_p"", ""price_eur_mwh"", ""price_missing"", ""price_day_mean"", ""price_day_max"", ""price_day_min"", ""price_delta_daily_mean""]",True,,,,,,,,,,,,,,,,,,,,,,,,,,
D_native_learned_policy_counts,early_price/policy_metrics.csv,DE_LU_FR_BE,,,2105.0,,,71.0,,original_M0,26.0,,,,,,,,,,,,,,,,,,,,725.0,179.0,546.0,0.3661971830985915,725.0,top1,0.0,180.0,363.0,2022.0,,,,,,,,,,,,,,,,
D_native_learned_policy_counts,early_price/policy_metrics.csv,DE_LU_FR_BE,,,2105.0,,,71.0,,original_M0,35.0,,,,,,,,,,,,,,,,,,,,1450.0,341.0,1109.0,0.4929577464788732,725.0,top2,0.0,180.0,363.0,2022.0,,,,,,,,,,,,,,,,
D_native_learned_policy_counts,early_price/policy_metrics.csv,DE_LU_FR_BE,,,2105.0,,,71.0,,original_M0,32.0,,,,,,,,,,,,,,,,,,,,618.0,322.0,296.0,0.4507042253521127,725.0,count2022_target05,0.25,180.0,363.0,2022.0,,,,,,,,,,,,,,,,
D_native_learned_policy_counts,early_price/policy_metrics.csv,DE_LU_FR_BE,,,2105.0,,,71.0,,original_M0,32.0,,,,,,,,,,,,,,,,,,,,642.0,324.0,318.0,0.4507042253521127,725.0,count2023_target05,0.23,175.0,357.0,2023.0,,,,,,,,,,,,,,,,
D_native_learned_policy_counts,early_price/policy_metrics.csv,DE_LU_FR_BE,,,2105.0,,,71.0,,original_M0,32.0,,,,,,,,,,,,,,,,,,,,618.0,322.0,296.0,0.4507042253521127,725.0,fixed025,0.25,180.0,363.0,2022.0,,,,,,,,,,,,,,,,
D_native_learned_policy_counts,early_price/policy_metrics.csv,DE_LU_FR_BE,,,2105.0,,,71.0,,original_M0,31.0,,,,,,,,,,,,,,,,,,,,500.0,264.0,236.0,0.4366197183098591,725.0,count2022_cool6,0.25,180.0,363.0,2022.0,,,,,,,,,,,,,,,,
D_native_learned_policy_counts,early_price/policy_metrics.csv,DE_LU_FR_BE,,,2105.0,,,71.0,,original_M0,31.0,,,,,,,,,,,,,,,,,,,,517.0,266.0,251.0,0.4366197183098591,725.0,count2023_cool6,0.23,175.0,357.0,2023.0,,,,,,,,,,,,,,,,
D_native_learned_policy_counts,early_price/policy_metrics.csv,DE_LU_FR_BE,,,2105.0,,,71.0,,forecast_early_logit,31.0,,,,,,,,,,,,,,,,,,,,725.0,175.0,550.0,0.4366197183098591,725.0,top1,0.0,169.0,363.0,2022.0,,,,,,,,,,,,,,,,
D_native_learned_policy_counts,early_price/policy_metrics.csv,DE_LU_FR_BE,,,2105.0,,,71.0,,forecast_early_logit,43.0,,,,,,,,,,,,,,,,,,,,1450.0,340.0,1110.0,0.6056338028169014,725.0,top2,0.0,169.0,363.0,2022.0,,,,,,,,,,,,,,,,
D_native_learned_policy_counts,early_price/policy_metrics.csv,DE_LU_FR_BE,,,2105.0,,,71.0,,forecast_early_logit,40.0,,,,,,,,,,,,,,,,,,,,631.0,313.0,318.0,0.5633802816901409,725.0,count2022_target05,0.03,169.0,363.0,2022.0,,,,,,,,,,,,,,,,
D_native_learned_policy_counts,early_price/policy_metrics.csv,DE_LU_FR_BE,,,2105.0,,,71.0,,forecast_early_logit,41.0,,,,,,,,,,,,,,,,,,,,735.0,324.0,411.0,0.5774647887323944,725.0,count2023_target05,0.02,175.0,357.0,2023.0,,,,,,,,,,,,,,,,
D_native_learned_policy_counts,early_price/policy_metrics.csv,DE_LU_FR_BE,,,2105.0,,,71.0,,forecast_early_logit,10.0,,,,,,,,,,,,,,,,,,,,75.0,59.0,16.0,0.1408450704225352,725.0,fixed025,0.25,169.0,363.0,2022.0,,,,,,,,,,,,,,,,
D_native_learned_policy_counts,early_price/policy_metrics.csv,DE_LU_FR_BE,,,2105.0,,,71.0,,forecast_early_logit,32.0,,,,,,,,,,,,,,,,,,,,480.0,245.0,235.0,0.4507042253521127,725.0,count2022_cool6,0.03,169.0,363.0,2022.0,,,,,,,,,,,,,,,,
D_native_learned_policy_counts,early_price/policy_metrics.csv,DE_LU_FR_BE,,,2105.0,,,71.0,,forecast_early_logit,36.0,,,,,,,,,,,,,,,,,,,,587.0,262.0,325.0,0.5070422535211268,725.0,count2023_cool6,0.02,175.0,357.0,2023.0,,,,,,,,,,,,,,,,
D_native_learned_policy_counts,early_price/policy_metrics.csv,DE_LU_FR_BE,,,2105.0,,,71.0,,forecast_hour_logit,28.0,,,,,,,,,,,,,,,,,,,,725.0,182.0,543.0,0.3943661971830985,725.0,top1,0.0,176.0,363.0,2022.0,,,,,,,,,,,,,,,,
D_native_learned_policy_counts,early_price/policy_metrics.csv,DE_LU_FR_BE,,,2105.0,,,71.0,,forecast_hour_logit,38.0,,,,,,,,,,,,,,,,,,,,1450.0,349.0,1101.0,0.5352112676056338,725.0,top2,0.0,176.0,363.0,2022.0,,,,,,,,,,,,,,,,
D_native_learned_policy_counts,early_price/policy_metrics.csv,DE_LU_FR_BE,,,2105.0,,,71.0,,forecast_hour_logit,36.0,,,,,,,,,,,,,,,,,,,,738.0,335.0,403.0,0.5070422535211268,725.0,count2022_target05,0.0699999999999999,176.0,363.0,2022.0,,,,,,,,,,,,,,,,
D_native_learned_policy_counts,early_price/policy_metrics.csv,DE_LU_FR_BE,,,2105.0,,,71.0,,forecast_hour_logit,37.0,,,,,,,,,,,,,,,,,,,,823.0,341.0,482.0,0.5211267605633803,725.0,count2023_target05,0.05,173.0,357.0,2023.0,,,,,,,,,,,,,,,,
D_native_learned_policy_counts,early_price/policy_metrics.csv,DE_LU_FR_BE,,,2105.0,,,71.0,,forecast_hour_logit,29.0,,,,,,,,,,,,,,,,,,,,446.0,301.0,145.0,0.4084507042253521,725.0,fixed025,0.25,176.0,363.0,2022.0,,,,,,,,,,,,,,,,
D_native_learned_policy_counts,early_price/policy_metrics.csv,DE_LU_FR_BE,,,2105.0,,,71.0,,forecast_hour_logit,38.0,,,,,,,,,,,,,,,,,,,,650.0,289.0,361.0,0.5352112676056338,725.0,count2022_cool6,0.0699999999999999,176.0,363.0,2022.0,,,,,,,,,,,,,,,,
D_native_learned_policy_counts,early_price/policy_metrics.csv,DE_LU_FR_BE,,,2105.0,,,71.0,,forecast_hour_logit,38.0,,,,,,,,,,,,,,,,,,,,723.0,295.0,428.0,0.5352112676056338,725.0,count2023_cool6,0.05,173.0,357.0,2023.0,,,,,,,,,,,,,,,,
D_native_learned_policy_counts,early_price/policy_metrics.csv,DK1,,,1641.0,,,71.0,,original_M0,28.0,,,,,,,,,,,,,,,,,,,,725.0,149.0,576.0,0.3943661971830985,725.0,top1,0.0,181.0,363.0,2022.0,,,,,,,,,,,,,,,,
D_native_learned_policy_counts,early_price/policy_metrics.csv,DK1,,,1641.0,,,71.0,,original_M0,35.0,,,,,,,,,,,,,,,,,,,,1450.0,290.0,1160.0,0.4929577464788732,725.0,top2,0.0,181.0,363.0,2022.0,,,,,,,,,,,,,,,,
D_native_learned_policy_counts,early_price/policy_metrics.csv,DK1,,,1641.0,,,71.0,,original_M0,35.0,,,,,,,,,,,,,,,,,,,,624.0,282.0,342.0,0.4929577464788732,725.0,count2022_target05,0.13,181.0,363.0,2022.0,,,,,,,,,,,,,,,,
D_native_learned_policy_counts,early_price/policy_metrics.csv,DK1,,,1641.0,,,71.0,,original_M0,34.0,,,,,,,,,,,,,,,,,,,,559.0,268.0,291.0,0.4788732394366197,725.0,count2023_target05,0.17,177.0,357.0,2023.0,,,,,,,,,,,,,,,,
D_native_learned_policy_counts,early_price/policy_metrics.csv,DK1,,,1641.0,,,71.0,,original_M0,32.0,,,,,,,,,,,,,,,,,,,,469.0,255.0,214.0,0.4507042253521127,725.0,fixed025,0.25,181.0,363.0,2022.0,,,,,,,,,,,,,,,,
D_native_learned_policy_counts,early_price/policy_metrics.csv,DK1,,,1641.0,,,71.0,,original_M0,36.0,,,,,,,,,,,,,,,,,,,,514.0,220.0,294.0,0.5070422535211268,725.0,count2022_cool6,0.13,181.0,363.0,2022.0,,,,,,,,,,,,,,,,
D_native_learned_policy_counts,early_price/policy_metrics.csv,DK1,,,1641.0,,,71.0,,original_M0,34.0,,,,,,,,,,,,,,,,,,,,460.0,209.0,251.0,0.4788732394366197,725.0,count2023_cool6,0.17,177.0,357.0,2023.0,,,,,,,,,,,,,,,,
D_native_learned_policy_counts,early_price/policy_metrics.csv,DK1,,,1641.0,,,71.0,,base_early_logit,22.0,,,,,,,,,,,,,,,,,,,,725.0,109.0,616.0,0.3098591549295774,725.0,top1,0.0,144.0,363.0,2022.0,,,,,,,,,,,,,,,,
D_native_learned_policy_counts,early_price/policy_metrics.csv,DK1,,,1641.0,,,71.0,,base_early_logit,30.0,,,,,,,,,,,,,,,,,,,,1450.0,217.0,1233.0,0.4225352112676056,725.0,top2,0.0,144.0,363.0,2022.0,,,,,,,,,,,,,,,,
D_native_learned_policy_counts,early_price/policy_metrics.csv,DK1,,,1641.0,,,71.0,,base_early_logit,29.0,,,,,,,,,,,,,,,,,,,,693.0,210.0,483.0,0.4084507042253521,725.0,count2022_target05,0.02,144.0,363.0,2022.0,,,,,,,,,,,,,,,,
D_native_learned_policy_counts,early_price/policy_metrics.csv,DK1,,,1641.0,,,71.0,,base_early_logit,29.0,,,,,,,,,,,,,,,,,,,,693.0,210.0,483.0,0.4084507042253521,725.0,count2023_target05,0.02,158.0,357.0,2023.0,,,,,,,,,,,,,,,,
D_native_learned_policy_counts,early_price/policy_metrics.csv,DK1,,,1641.0,,,71.0,,base_early_logit,0.0,,,,,,,,,,,,,,,,,,,,15.0,15.0,0.0,0.0,725.0,fixed025,0.25,144.0,363.0,2022.0,,,,,,,,,,,,,,,,
D_native_learned_policy_counts,early_price/policy_metrics.csv,DK1,,,1641.0,,,71.0,,base_early_logit,29.0,,,,,,,,,,,,,,,,,,,,595.0,174.0,421.0,0.4084507042253521,725.0,count2022_cool6,0.02,144.0,363.0,2022.0,,,,,,,,,,,,,,,,
D_native_learned_policy_counts,early_price/policy_metrics.csv,DK1,,,1641.0,,,71.0,,base_early_logit,29.0,,,,,,,,,,,,,,,,,,,,595.0,174.0,421.0,0.4084507042253521,725.0,count2023_cool6,0.02,158.0,357.0,2023.0,,,,,,,,,,,,,,,,
D_native_learned_policy_counts,early_price/policy_metrics.csv,DK1,,,1641.0,,,71.0,,base_hour_logit,28.0,,,,,,,,,,,,,,,,,,,,725.0,152.0,573.0,0.3943661971830985,725.0,top1,0.0,174.0,363.0,2022.0,,,,,,,,,,,,,,,,
D_native_learned_policy_counts,early_price/policy_metrics.csv,DK1,,,1641.0,,,71.0,,base_hour_logit,35.0,,,,,,,,,,,,,,,,,,,,1450.0,292.0,1158.0,0.4929577464788732,725.0,top2,0.0,174.0,363.0,2022.0,,,,,,,,,,,,,,,,
D_native_learned_policy_counts,early_price/policy_metrics.csv,DK1,,,1641.0,,,71.0,,base_hour_logit,35.0,,,,,,,,,,,,,,,,,,,,797.0,292.0,505.0,0.4929577464788732,725.0,count2022_target05,0.03,174.0,363.0,2022.0,,,,,,,,,,,,,,,,
D_native_learned_policy_counts,early_price/policy_metrics.csv,DK1,,,1641.0,,,71.0,,base_hour_logit,35.0,,,,,,,,,,,,,,,,,,,,797.0,292.0,505.0,0.4929577464788732,725.0,count2023_target05,0.03,177.0,357.0,2023.0,,,,,,,,,,,,,,,,
D_native_learned_policy_counts,early_price/policy_metrics.csv,DK1,,,1641.0,,,71.0,,base_hour_logit,30.0,,,,,,,,,,,,,,,,,,,,386.0,234.0,152.0,0.4225352112676056,725.0,fixed025,0.25,174.0,363.0,2022.0,,,,,,,,,,,,,,,,
D_native_learned_policy_counts,early_price/policy_metrics.csv,DK1,,,1641.0,,,71.0,,base_hour_logit,39.0,,,,,,,,,,,,,,,,,,,,701.0,234.0,467.0,0.5492957746478874,725.0,count2022_cool6,0.03,174.0,363.0,2022.0,,,,,,,,,,,,,,,,
D_native_learned_policy_counts,early_price/policy_metrics.csv,DK1,,,1641.0,,,71.0,,base_hour_logit,39.0,,,,,,,,,,,,,,,,,,,,701.0,234.0,467.0,0.5492957746478874,725.0,count2023_cool6,0.03,177.0,357.0,2023.0,,,,,,,,,,,,,,,,
D_native_learned_policy_counts,early_price/policy_metrics.csv,DK1,,,1641.0,,,71.0,,price_early_logit,22.0,,,,,,,,,,,,,,,,,,,,725.0,116.0,609.0,0.3098591549295774,725.0,top1,0.0,158.0,363.0,2022.0,,,,,,,,,,,,,,,,
D_native_learned_policy_counts,early_price/policy_metrics.csv,DK1,,,1641.0,,,71.0,,price_early_logit,31.0,,,,,,,,,,,,,,,,,,,,1450.0,234.0,1216.0,0.4366197183098591,725.0,top2,0.0,158.0,363.0,2022.0,,,,,,,,,,,,,,,,
D_native_learned_policy_counts,early_price/policy_metrics.csv,DK1,,,1641.0,,,71.0,,price_early_logit,25.0,,,,,,,,,,,,,,,,,,,,650.0,172.0,478.0,0.352112676056338,725.0,count2022_target05,0.02,158.0,363.0,2022.0,,,,,,,,,,,,,,,,
D_native_learned_policy_counts,early_price/policy_metrics.csv,DK1,,,1641.0,,,71.0,,price_early_logit,31.0,,,,,,,,,,,,,,,,,,,,992.0,229.0,763.0,0.4366197183098591,725.0,count2023_target05,0.01,147.0,357.0,2023.0,,,,,,,,,,,,,,,,
D_native_learned_policy_counts,early_price/policy_metrics.csv,DK1,,,1641.0,,,71.0,,price_early_logit,1.0,,,,,,,,,,,,,,,,,,,,17.0,14.0,3.0,0.0140845070422535,725.0,fixed025,0.25,158.0,363.0,2022.0,,,,,,,,,,,,,,,,
D_native_learned_policy_counts,early_price/policy_metrics.csv,DK1,,,1641.0,,,71.0,,price_early_logit,27.0,,,,,,,,,,,,,,,,,,,,531.0,142.0,389.0,0.380281690140845,725.0,count2022_cool6,0.02,158.0,363.0,2022.0,,,,,,,,,,,,,,,,
D_native_learned_policy_counts,early_price/policy_metrics.csv,DK1,,,1641.0,,,71.0,,price_early_logit,34.0,,,,,,,,,,,,,,,,,,,,906.0,187.0,719.0,0.4788732394366197,725.0,count2023_cool6,0.01,147.0,357.0,2023.0,,,,,,,,,,,,,,,,
D_native_learned_policy_counts,early_price/policy_metrics.csv,DK1,,,1641.0,,,71.0,,price_hour_logit,16.0,,,,,,,,,,,,,,,,,,,,725.0,100.0,625.0,0.2253521126760563,725.0,top1,0.0,174.0,363.0,2022.0,,,,,,,,,,,,,,,,
D_native_learned_policy_counts,early_price/policy_metrics.csv,DK1,,,1641.0,,,71.0,,price_hour_logit,26.0,,,,,,,,,,,,,,,,,,,,1450.0,208.0,1242.0,0.3661971830985915,725.0,top2,0.0,174.0,363.0,2022.0,,,,,,,,,,,,,,,,
D_native_learned_policy_counts,early_price/policy_metrics.csv,DK1,,,1641.0,,,71.0,,price_hour_logit,26.0,,,,,,,,,,,,,,,,,,,,1017.0,201.0,816.0,0.3661971830985915,725.0,count2022_target05,0.02,174.0,363.0,2022.0,,,,,,,,,,,,,,,,
D_native_learned_policy_counts,early_price/policy_metrics.csv,DK1,,,1641.0,,,71.0,,price_hour_logit,26.0,,,,,,,,,,,,,,,,,,,,1167.0,206.0,961.0,0.3661971830985915,725.0,count2023_target05,0.01,123.0,357.0,2023.0,,,,,,,,,,,,,,,,
D_native_learned_policy_counts,early_price/policy_metrics.csv,DK1,,,1641.0,,,71.0,,price_hour_logit,5.0,,,,,,,,,,,,,,,,,,,,108.0,51.0,57.0,0.0704225352112676,725.0,fixed025,0.25,174.0,363.0,2022.0,,,,,,,,,,,,,,,,
D_native_learned_policy_counts,early_price/policy_metrics.csv,DK1,,,1641.0,,,71.0,,price_hour_logit,28.0,,,,,,,,,,,,,,,,,,,,992.0,159.0,833.0,0.3943661971830985,725.0,count2022_cool6,0.02,174.0,363.0,2022.0,,,,,,,,,,,,,,,,
D_native_learned_policy_counts,early_price/policy_metrics.csv,DK1,,,1641.0,,,71.0,,price_hour_logit,30.0,,,,,,,,,,,,,,,,,,,,1151.0,166.0,985.0,0.4225352112676056,725.0,count2023_cool6,0.01,123.0,357.0,2023.0,,,,,,,,,,,,,,,,
D_native_learned_policy_counts,early_price/policy_metrics.csv,DK1,,,1641.0,,,71.0,,combined_early_logit,29.0,,,,,,,,,,,,,,,,,,,,725.0,142.0,583.0,0.4084507042253521,725.0,top1,0.0,152.0,363.0,2022.0,,,,,,,,,,,,,,,,
D_native_learned_policy_counts,early_price/policy_metrics.csv,DK1,,,1641.0,,,71.0,,combined_early_logit,36.0,,,,,,,,,,,,,,,,,,,,1450.0,280.0,1170.0,0.5070422535211268,725.0,top2,0.0,152.0,363.0,2022.0,,,,,,,,,,,,,,,,
D_native_learned_policy_counts,early_price/policy_metrics.csv,DK1,,,1641.0,,,71.0,,combined_early_logit,35.0,,,,,,,,,,,,,,,,,,,,739.0,273.0,466.0,0.4929577464788732,725.0,count2022_target05,0.02,152.0,363.0,2022.0,,,,,,,,,,,,,,,,
D_native_learned_policy_counts,early_price/policy_metrics.csv,DK1,,,1641.0,,,71.0,,combined_early_logit,35.0,,,,,,,,,,,,,,,,,,,,739.0,273.0,466.0,0.4929577464788732,725.0,count2023_target05,0.02,129.0,357.0,2023.0,,,,,,,,,,,,,,,,
D_native_learned_policy_counts,early_price/policy_metrics.csv,DK1,,,1641.0,,,71.0,,combined_early_logit,3.0,,,,,,,,,,,,,,,,,,,,28.0,28.0,0.0,0.0422535211267605,725.0,fixed025,0.25,152.0,363.0,2022.0,,,,,,,,,,,,,,,,
D_native_learned_policy_counts,early_price/policy_metrics.csv,DK1,,,1641.0,,,71.0,,combined_early_logit,41.0,,,,,,,,,,,,,,,,,,,,628.0,224.0,404.0,0.5774647887323944,725.0,count2022_cool6,0.02,152.0,363.0,2022.0,,,,,,,,,,,,,,,,
D_native_learned_policy_counts,early_price/policy_metrics.csv,DK1,,,1641.0,,,71.0,,combined_early_logit,41.0,,,,,,,,,,,,,,,,,,,,628.0,224.0,404.0,0.5774647887323944,725.0,count2023_cool6,0.02,129.0,357.0,2023.0,,,,,,,,,,,,,,,,
D_native_learned_policy_counts,early_price/policy_metrics.csv,DK1,,,1641.0,,,71.0,,combined_hour_logit,32.0,,,,,,,,,,,,,,,,,,,,725.0,165.0,560.0,0.4507042253521127,725.0,top1,0.0,165.0,363.0,2022.0,,,,,,,,,,,,,,,,
D_native_learned_policy_counts,early_price/policy_metrics.csv,DK1,,,1641.0,,,71.0,,combined_hour_logit,40.0,,,,,,,,,,,,,,,,,,,,1450.0,316.0,1134.0,0.5633802816901409,725.0,top2,0.0,165.0,363.0,2022.0,,,,,,,,,,,,,,,,
D_native_learned_policy_counts,early_price/policy_metrics.csv,DK1,,,1641.0,,,71.0,,combined_hour_logit,40.0,,,,,,,,,,,,,,,,,,,,842.0,316.0,526.0,0.5633802816901409,725.0,count2022_target05,0.03,165.0,363.0,2022.0,,,,,,,,,,,,,,,,
D_native_learned_policy_counts,early_price/policy_metrics.csv,DK1,,,1641.0,,,71.0,,combined_hour_logit,40.0,,,,,,,,,,,,,,,,,,,,921.0,316.0,605.0,0.5633802816901409,725.0,count2023_target05,0.02,137.0,357.0,2023.0,,,,,,,,,,,,,,,,
D_native_learned_policy_counts,early_price/policy_metrics.csv,DK1,,,1641.0,,,71.0,,combined_hour_logit,31.0,,,,,,,,,,,,,,,,,,,,419.0,259.0,160.0,0.4366197183098591,725.0,fixed025,0.25,165.0,363.0,2022.0,,,,,,,,,,,,,,,,
D_native_learned_policy_counts,early_price/policy_metrics.csv,DK1,,,1641.0,,,71.0,,combined_hour_logit,43.0,,,,,,,,,,,,,,,,,,,,735.0,252.0,483.0,0.6056338028169014,725.0,count2022_cool6,0.03,165.0,363.0,2022.0,,,,,,,,,,,,,,,,
D_native_learned_policy_counts,early_price/policy_metrics.csv,DK1,,,1641.0,,,71.0,,combined_hour_logit,43.0,,,,,,,,,,,,,,,,,,,,821.0,256.0,565.0,0.6056338028169014,725.0,count2023_cool6,0.02,137.0,357.0,2023.0,,,,,,,,,,,,,,,,
D_native_learned_policy_counts,early_price/policy_metrics.csv,DK2,,,1826.0,,,75.0,,original_M0,33.0,,,,,,,,,,,,,,,,,,,,725.0,169.0,556.0,0.44,725.0,top1,0.0,181.0,363.0,2022.0,,,,,,,,,,,,,,,,
D_native_learned_policy_counts,early_price/policy_metrics.csv,DK2,,,1826.0,,,75.0,,original_M0,40.0,,,,,,,,,,,,,,,,,,,,1450.0,321.0,1129.0,0.5333333333333333,725.0,top2,0.0,181.0,363.0,2022.0,,,,,,,,,,,,,,,,
D_native_learned_policy_counts,early_price/policy_metrics.csv,DK2,,,1826.0,,,75.0,,original_M0,38.0,,,,,,,,,,,,,,,,,,,,624.0,307.0,317.0,0.5066666666666667,725.0,count2022_target05,0.16,181.0,363.0,2022.0,,,,,,,,,,,,,,,,
D_native_learned_policy_counts,early_price/policy_metrics.csv,DK2,,,1826.0,,,75.0,,original_M0,37.0,,,,,,,,,,,,,,,,,,,,560.0,301.0,259.0,0.4933333333333333,725.0,count2023_target05,0.21,178.0,357.0,2023.0,,,,,,,,,,,,,,,,
D_native_learned_policy_counts,early_price/policy_metrics.csv,DK2,,,1826.0,,,75.0,,original_M0,33.0,,,,,,,,,,,,,,,,,,,,517.0,294.0,223.0,0.44,725.0,fixed025,0.25,181.0,363.0,2022.0,,,,,,,,,,,,,,,,
D_native_learned_policy_counts,early_price/policy_metrics.csv,DK2,,,1826.0,,,75.0,,original_M0,42.0,,,,,,,,,,,,,,,,,,,,529.0,245.0,284.0,0.56,725.0,count2022_cool6,0.16,181.0,363.0,2022.0,,,,,,,,,,,,,,,,
D_native_learned_policy_counts,early_price/policy_metrics.csv,DK2,,,1826.0,,,75.0,,original_M0,39.0,,,,,,,,,,,,,,,,,,,,460.0,238.0,222.0,0.52,725.0,count2023_cool6,0.21,178.0,357.0,2023.0,,,,,,,,,,,,,,,,
D_native_learned_policy_counts,early_price/policy_metrics.csv,DK2,,,1826.0,,,75.0,,base_early_logit,34.0,,,,,,,,,,,,,,,,,,,,725.0,153.0,572.0,0.4533333333333333,725.0,top1,0.0,140.0,363.0,2022.0,,,,,,,,,,,,,,,,
D_native_learned_policy_counts,early_price/policy_metrics.csv,DK2,,,1826.0,,,75.0,,base_early_logit,40.0,,,,,,,,,,,,,,,,,,,,1450.0,296.0,1154.0,0.5333333333333333,725.0,top2,0.0,140.0,363.0,2022.0,,,,,,,,,,,,,,,,
D_native_learned_policy_counts,early_price/policy_metrics.csv,DK2,,,1826.0,,,75.0,,base_early_logit,34.0,,,,,,,,,,,,,,,,,,,,574.0,267.0,307.0,0.4533333333333333,725.0,count2022_target05,0.03,140.0,363.0,2022.0,,,,,,,,,,,,,,,,
D_native_learned_policy_counts,early_price/policy_metrics.csv,DK2,,,1826.0,,,75.0,,base_early_logit,34.0,,,,,,,,,,,,,,,,,,,,574.0,267.0,307.0,0.4533333333333333,725.0,count2023_target05,0.03,158.0,357.0,2023.0,,,,,,,,,,,,,,,,
D_native_learned_policy_counts,early_price/policy_metrics.csv,DK2,,,1826.0,,,75.0,,base_early_logit,0.0,,,,,,,,,,,,,,,,,,,,11.0,11.0,0.0,0.0,725.0,fixed025,0.25,140.0,363.0,2022.0,,,,,,,,,,,,,,,,
D_native_learned_policy_counts,early_price/policy_metrics.csv,DK2,,,1826.0,,,75.0,,base_early_logit,35.0,,,,,,,,,,,,,,,,,,,,472.0,216.0,256.0,0.4666666666666667,725.0,count2022_cool6,0.03,140.0,363.0,2022.0,,,,,,,,,,,,,,,,
D_native_learned_policy_counts,early_price/policy_metrics.csv,DK2,,,1826.0,,,75.0,,base_early_logit,35.0,,,,,,,,,,,,,,,,,,,,472.0,216.0,256.0,0.4666666666666667,725.0,count2023_cool6,0.03,158.0,357.0,2023.0,,,,,,,,,,,,,,,,
D_native_learned_policy_counts,early_price/policy_metrics.csv,DK2,,,1826.0,,,75.0,,base_hour_logit,33.0,,,,,,,,,,,,,,,,,,,,725.0,172.0,553.0,0.44,725.0,top1,0.0,177.0,363.0,2022.0,,,,,,,,,,,,,,,,
D_native_learned_policy_counts,early_price/policy_metrics.csv,DK2,,,1826.0,,,75.0,,base_hour_logit,41.0,,,,,,,,,,,,,,,,,,,,1450.0,321.0,1129.0,0.5466666666666666,725.0,top2,0.0,177.0,363.0,2022.0,,,,,,,,,,,,,,,,
D_native_learned_policy_counts,early_price/policy_metrics.csv,DK2,,,1826.0,,,75.0,,base_hour_logit,40.0,,,,,,,,,,,,,,,,,,,,751.0,316.0,435.0,0.5333333333333333,725.0,count2022_target05,0.05,177.0,363.0,2022.0,,,,,,,,,,,,,,,,
D_native_learned_policy_counts,early_price/policy_metrics.csv,DK2,,,1826.0,,,75.0,,base_hour_logit,40.0,,,,,,,,,,,,,,,,,,,,751.0,316.0,435.0,0.5333333333333333,725.0,count2023_target05,0.05,161.0,357.0,2023.0,,,,,,,,,,,,,,,,
D_native_learned_policy_counts,early_price/policy_metrics.csv,DK2,,,1826.0,,,75.0,,base_hour_logit,32.0,,,,,,,,,,,,,,,,,,,,429.0,276.0,153.0,0.4266666666666667,725.0,fixed025,0.25,177.0,363.0,2022.0,,,,,,,,,,,,,,,,
D_native_learned_policy_counts,early_price/policy_metrics.csv,DK2,,,1826.0,,,75.0,,base_hour_logit,42.0,,,,,,,,,,,,,,,,,,,,651.0,253.0,398.0,0.56,725.0,count2022_cool6,0.05,177.0,363.0,2022.0,,,,,,,,,,,,,,,,
D_native_learned_policy_counts,early_price/policy_metrics.csv,DK2,,,1826.0,,,75.0,,base_hour_logit,42.0,,,,,,,,,,,,,,,,,,,,651.0,253.0,398.0,0.56,725.0,count2023_cool6,0.05,161.0,357.0,2023.0,,,,,,,,,,,,,,,,
D_native_learned_policy_counts,early_price/policy_metrics.csv,DK2,,,1826.0,,,75.0,,price_early_logit,16.0,,,,,,,,,,,,,,,,,,,,725.0,114.0,611.0,0.2133333333333333,725.0,top1,0.0,148.0,363.0,2022.0,,,,,,,,,,,,,,,,
D_native_learned_policy_counts,early_price/policy_metrics.csv,DK2,,,1826.0,,,75.0,,price_early_logit,25.0,,,,,,,,,,,,,,,,,,,,1450.0,222.0,1228.0,0.3333333333333333,725.0,top2,0.0,148.0,363.0,2022.0,,,,,,,,,,,,,,,,
D_native_learned_policy_counts,early_price/policy_metrics.csv,DK2,,,1826.0,,,75.0,,price_early_logit,15.0,,,,,,,,,,,,,,,,,,,,425.0,134.0,291.0,0.2,725.0,count2022_target05,0.02,148.0,363.0,2022.0,,,,,,,,,,,,,,,,
D_native_learned_policy_counts,early_price/policy_metrics.csv,DK2,,,1826.0,,,75.0,,price_early_logit,24.0,,,,,,,,,,,,,,,,,,,,1015.0,217.0,798.0,0.32,725.0,count2023_target05,0.01,158.0,357.0,2023.0,,,,,,,,,,,,,,,,
D_native_learned_policy_counts,early_price/policy_metrics.csv,DK2,,,1826.0,,,75.0,,price_early_logit,0.0,,,,,,,,,,,,,,,,,,,,3.0,3.0,0.0,0.0,725.0,fixed025,0.25,148.0,363.0,2022.0,,,,,,,,,,,,,,,,
D_native_learned_policy_counts,early_price/policy_metrics.csv,DK2,,,1826.0,,,75.0,,price_early_logit,16.0,,,,,,,,,,,,,,,,,,,,306.0,110.0,196.0,0.2133333333333333,725.0,count2022_cool6,0.02,148.0,363.0,2022.0,,,,,,,,,,,,,,,,
D_native_learned_policy_counts,early_price/policy_metrics.csv,DK2,,,1826.0,,,75.0,,price_early_logit,24.0,,,,,,,,,,,,,,,,,,,,957.0,181.0,776.0,0.32,725.0,count2023_cool6,0.01,158.0,357.0,2023.0,,,,,,,,,,,,,,,,
D_native_learned_policy_counts,early_price/policy_metrics.csv,DK2,,,1826.0,,,75.0,,price_hour_logit,15.0,,,,,,,,,,,,,,,,,,,,725.0,106.0,619.0,0.2,725.0,top1,0.0,171.0,363.0,2022.0,,,,,,,,,,,,,,,,
D_native_learned_policy_counts,early_price/policy_metrics.csv,DK2,,,1826.0,,,75.0,,price_hour_logit,26.0,,,,,,,,,,,,,,,,,,,,1450.0,236.0,1214.0,0.3466666666666667,725.0,top2,0.0,171.0,363.0,2022.0,,,,,,,,,,,,,,,,
D_native_learned_policy_counts,early_price/policy_metrics.csv,DK2,,,1826.0,,,75.0,,price_hour_logit,21.0,,,,,,,,,,,,,,,,,,,,922.0,199.0,723.0,0.28,725.0,count2022_target05,0.04,171.0,363.0,2022.0,,,,,,,,,,,,,,,,
D_native_learned_policy_counts,early_price/policy_metrics.csv,DK2,,,1826.0,,,75.0,,price_hour_logit,23.0,,,,,,,,,,,,,,,,,,,,1037.0,222.0,815.0,0.3066666666666666,725.0,count2023_target05,0.02,145.0,357.0,2023.0,,,,,,,,,,,,,,,,
D_native_learned_policy_counts,early_price/policy_metrics.csv,DK2,,,1826.0,,,75.0,,price_hour_logit,1.0,,,,,,,,,,,,,,,,,,,,90.0,47.0,43.0,0.0133333333333333,725.0,fixed025,0.25,171.0,363.0,2022.0,,,,,,,,,,,,,,,,
D_native_learned_policy_counts,early_price/policy_metrics.csv,DK2,,,1826.0,,,75.0,,price_hour_logit,22.0,,,,,,,,,,,,,,,,,,,,909.0,169.0,740.0,0.2933333333333333,725.0,count2022_cool6,0.04,171.0,363.0,2022.0,,,,,,,,,,,,,,,,
D_native_learned_policy_counts,early_price/policy_metrics.csv,DK2,,,1826.0,,,75.0,,price_hour_logit,24.0,,,,,,,,,,,,,,,,,,,,1029.0,182.0,847.0,0.32,725.0,count2023_cool6,0.02,145.0,357.0,2023.0,,,,,,,,,,,,,,,,
D_native_learned_policy_counts,early_price/policy_metrics.csv,DK2,,,1826.0,,,75.0,,combined_early_logit,30.0,,,,,,,,,,,,,,,,,,,,725.0,165.0,560.0,0.4,725.0,top1,0.0,154.0,363.0,2022.0,,,,,,,,,,,,,,,,
D_native_learned_policy_counts,early_price/policy_metrics.csv,DK2,,,1826.0,,,75.0,,combined_early_logit,44.0,,,,,,,,,,,,,,,,,,,,1450.0,322.0,1128.0,0.5866666666666667,725.0,top2,0.0,154.0,363.0,2022.0,,,,,,,,,,,,,,,,
D_native_learned_policy_counts,early_price/policy_metrics.csv,DK2,,,1826.0,,,75.0,,combined_early_logit,39.0,,,,,,,,,,,,,,,,,,,,626.0,306.0,320.0,0.52,725.0,count2022_target05,0.03,154.0,363.0,2022.0,,,,,,,,,,,,,,,,
D_native_learned_policy_counts,early_price/policy_metrics.csv,DK2,,,1826.0,,,75.0,,combined_early_logit,39.0,,,,,,,,,,,,,,,,,,,,626.0,306.0,320.0,0.52,725.0,count2023_target05,0.03,147.0,357.0,2023.0,,,,,,,,,,,,,,,,
D_native_learned_policy_counts,early_price/policy_metrics.csv,DK2,,,1826.0,,,75.0,,combined_early_logit,0.0,,,,,,,,,,,,,,,,,,,,19.0,19.0,0.0,0.0,725.0,fixed025,0.25,154.0,363.0,2022.0,,,,,,,,,,,,,,,,
D_native_learned_policy_counts,early_price/policy_metrics.csv,DK2,,,1826.0,,,75.0,,combined_early_logit,41.0,,,,,,,,,,,,,,,,,,,,528.0,257.0,271.0,0.5466666666666666,725.0,count2022_cool6,0.03,154.0,363.0,2022.0,,,,,,,,,,,,,,,,
D_native_learned_policy_counts,early_price/policy_metrics.csv,DK2,,,1826.0,,,75.0,,combined_early_logit,41.0,,,,,,,,,,,,,,,,,,,,528.0,257.0,271.0,0.5466666666666666,725.0,count2023_cool6,0.03,147.0,357.0,2023.0,,,,,,,,,,,,,,,,
D_native_learned_policy_counts,early_price/policy_metrics.csv,DK2,,,1826.0,,,75.0,,combined_hour_logit,35.0,,,,,,,,,,,,,,,,,,,,725.0,183.0,542.0,0.4666666666666667,725.0,top1,0.0,164.0,363.0,2022.0,,,,,,,,,,,,,,,,
D_native_learned_policy_counts,early_price/policy_metrics.csv,DK2,,,1826.0,,,75.0,,combined_hour_logit,48.0,,,,,,,,,,,,,,,,,,,,1450.0,341.0,1109.0,0.64,725.0,top2,0.0,164.0,363.0,2022.0,,,,,,,,,,,,,,,,
D_native_learned_policy_counts,early_price/policy_metrics.csv,DK2,,,1826.0,,,75.0,,combined_hour_logit,46.0,,,,,,,,,,,,,,,,,,,,787.0,337.0,450.0,0.6133333333333333,725.0,count2022_target05,0.05,164.0,363.0,2022.0,,,,,,,,,,,,,,,,
D_native_learned_policy_counts,early_price/policy_metrics.csv,DK2,,,1826.0,,,75.0,,combined_hour_logit,46.0,,,,,,,,,,,,,,,,,,,,889.0,339.0,550.0,0.6133333333333333,725.0,count2023_target05,0.03,155.0,357.0,2023.0,,,,,,,,,,,,,,,,
D_native_learned_policy_counts,early_price/policy_metrics.csv,DK2,,,1826.0,,,75.0,,combined_hour_logit,34.0,,,,,,,,,,,,,,,,,,,,466.0,301.0,165.0,0.4533333333333333,725.0,fixed025,0.25,164.0,363.0,2022.0,,,,,,,,,,,,,,,,
D_native_learned_policy_counts,early_price/policy_metrics.csv,DK2,,,1826.0,,,75.0,,combined_hour_logit,42.0,,,,,,,,,,,,,,,,,,,,676.0,267.0,409.0,0.56,725.0,count2022_cool6,0.05,164.0,363.0,2022.0,,,,,,,,,,,,,,,,
D_native_learned_policy_counts,early_price/policy_metrics.csv,DK2,,,1826.0,,,75.0,,combined_hour_logit,44.0,,,,,,,,,,,,,,,,,,,,784.0,272.0,512.0,0.5866666666666667,725.0,count2023_cool6,0.03,155.0,357.0,2023.0,,,,,,,,,,,,,,,,
D_native_learned_policy_counts,early_price/policy_metrics.csv,DK1,,,1641.0,,,71.0,,raw_price_rank,16.0,,,,,,,,,,,,,,,,,,,,725.0,99.0,626.0,0.2253521126760563,725.0,top1,,,,,,,,,,,,,,,,,,,,
D_native_learned_policy_counts,early_price/policy_metrics.csv,DK1,,,1641.0,,,71.0,,raw_price_rank,24.0,,,,,,,,,,,,,,,,,,,,1450.0,206.0,1244.0,0.3380281690140845,725.0,top2,,,,,,,,,,,,,,,,,,,,
D_native_learned_policy_counts,early_price/policy_metrics.csv,DK2,,,1826.0,,,75.0,,raw_price_rank,10.0,,,,,,,,,,,,,,,,,,,,725.0,104.0,621.0,0.1333333333333333,725.0,top1,,,,,,,,,,,,,,,,,,,,
D_native_learned_policy_counts,early_price/policy_metrics.csv,DK2,,,1826.0,,,75.0,,raw_price_rank,22.0,,,,,,,,,,,,,,,,,,,,1450.0,217.0,1233.0,0.2933333333333333,725.0,top2,,,,,,,,,,,,,,,,,,,,
E_target_specific_scores,early_price/probability_scores.csv,DE_LU_FR_BE,,,,,,,,original_M0,,,,,,,,,,,,,,,,,,,,,,,,,,,,,,,hour,17400.0,2105.0,0.0601906118855345,0.1911752632908243,,,,,,,,,,,
E_target_specific_scores,early_price/probability_scores.csv,DE_LU_FR_BE,,,,,,,,original_M0,,,,,,,,,,,,,,,,,,,,,,,,,,,,,,,early_hour,17400.0,223.0,0.0647459821263892,0.2111568179015825,,,,,,,,,,,
E_target_specific_scores,early_price/probability_scores.csv,DE_LU_FR_BE,,,,,,,,forecast_early_logit,,,,,,,,,,,,,,,,,,,,,,,,,,,,,,,hour,17400.0,2105.0,0.1097711393459896,0.4627966747299731,,,,,,,,,,,
E_target_specific_scores,early_price/probability_scores.csv,DE_LU_FR_BE,,,,,,,,forecast_early_logit,,,,,,,,,,,,,,,,,,,,,,,,,,,,,,,early_hour,17400.0,223.0,0.0123132200406185,0.0527089343552904,,,,,,,,,,,
E_target_specific_scores,early_price/probability_scores.csv,DE_LU_FR_BE,,,,,,,,forecast_hour_logit,,,,,,,,,,,,,,,,,,,,,,,,,,,,,,,hour,17400.0,2105.0,0.0629018094530742,0.202561886130748,,,,,,,,,,,
E_target_specific_scores,early_price/probability_scores.csv,DE_LU_FR_BE,,,,,,,,forecast_hour_logit,,,,,,,,,,,,,,,,,,,,,,,,,,,,,,,early_hour,17400.0,223.0,0.0554877153712333,0.1798888210855057,,,,,,,,,,,
E_target_specific_scores,early_price/probability_scores.csv,DK1,,,,,,,,original_M0,,,,,,,,,,,,,,,,,,,,,,,,,,,,,,,hour,17400.0,1641.0,0.0487455102348818,0.1575276064237355,,,,,,,,,,,
E_target_specific_scores,early_price/probability_scores.csv,DK1,,,,,,,,original_M0,,,,,,,,,,,,,,,,,,,,,,,,,,,,,,,early_hour,17400.0,235.0,0.0474163133793405,0.1538523809180523,,,,,,,,,,,
E_target_specific_scores,early_price/probability_scores.csv,DK1,,,,,,,,base_early_logit,,,,,,,,,,,,,,,,,,,,,,,,,,,,,,,hour,17400.0,1641.0,0.0830906068956842,0.296057865764457,,,,,,,,,,,
E_target_specific_scores,early_price/probability_scores.csv,DK1,,,,,,,,base_early_logit,,,,,,,,,,,,,,,,,,,,,,,,,,,,,,,early_hour,17400.0,235.0,0.0133381152667122,0.0593332991595428,,,,,,,,,,,
E_target_specific_scores,early_price/probability_scores.csv,DK1,,,,,,,,base_hour_logit,,,,,,,,,,,,,,,,,,,,,,,,,,,,,,,hour,17400.0,1641.0,0.0490480363843837,0.1600493206772775,,,,,,,,,,,
E_target_specific_scores,early_price/probability_scores.csv,DK1,,,,,,,,base_hour_logit,,,,,,,,,,,,,,,,,,,,,,,,,,,,,,,early_hour,17400.0,235.0,0.0437440396842926,0.1443076928330793,,,,,,,,,,,
E_target_specific_scores,early_price/probability_scores.csv,DK1,,,,,,,,price_early_logit,,,,,,,,,,,,,,,,,,,,,,,,,,,,,,,hour,17400.0,1641.0,0.0903248350583529,0.4285616846040408,,,,,,,,,,,
E_target_specific_scores,early_price/probability_scores.csv,DK1,,,,,,,,price_early_logit,,,,,,,,,,,,,,,,,,,,,,,,,,,,,,,early_hour,17400.0,235.0,0.0135561711686316,0.0692720850183247,,,,,,,,,,,
E_target_specific_scores,early_price/probability_scores.csv,DK1,,,,,,,,price_hour_logit,,,,,,,,,,,,,,,,,,,,,,,,,,,,,,,hour,17400.0,1641.0,0.0817749282492,0.3102175108941205,,,,,,,,,,,
E_target_specific_scores,early_price/probability_scores.csv,DK1,,,,,,,,price_hour_logit,,,,,,,,,,,,,,,,,,,,,,,,,,,,,,,early_hour,17400.0,235.0,0.0206878946390845,0.0998891713703159,,,,,,,,,,,
E_target_specific_scores,early_price/probability_scores.csv,DK1,,,,,,,,combined_early_logit,,,,,,,,,,,,,,,,,,,,,,,,,,,,,,,hour,17400.0,1641.0,0.0823872759572503,0.3025511222779306,,,,,,,,,,,
E_target_specific_scores,early_price/probability_scores.csv,DK1,,,,,,,,combined_early_logit,,,,,,,,,,,,,,,,,,,,,,,,,,,,,,,early_hour,17400.0,235.0,0.0135208899119837,0.0593819011961342,,,,,,,,,,,
E_target_specific_scores,early_price/probability_scores.csv,DK1,,,,,,,,combined_hour_logit,,,,,,,,,,,,,,,,,,,,,,,,,,,,,,,hour,17400.0,1641.0,0.0476128267428718,0.1556551519931018,,,,,,,,,,,
E_target_specific_scores,early_price/probability_scores.csv,DK1,,,,,,,,combined_hour_logit,,,,,,,,,,,,,,,,,,,,,,,,,,,,,,,early_hour,17400.0,235.0,0.0459464041660402,0.152085519201128,,,,,,,,,,,
E_target_specific_scores,early_price/probability_scores.csv,DK2,,,,,,,,original_M0,,,,,,,,,,,,,,,,,,,,,,,,,,,,,,,hour,17400.0,1826.0,0.0534303497061583,0.1717472803770363,,,,,,,,,,,
E_target_specific_scores,early_price/probability_scores.csv,DK2,,,,,,,,original_M0,,,,,,,,,,,,,,,,,,,,,,,,,,,,,,,early_hour,17400.0,250.0,0.0549834987043208,0.17913187962012,,,,,,,,,,,
E_target_specific_scores,early_price/probability_scores.csv,DK2,,,,,,,,base_early_logit,,,,,,,,,,,,,,,,,,,,,,,,,,,,,,,hour,17400.0,1826.0,0.0932652652898639,0.3280471639383517,,,,,,,,,,,
E_target_specific_scores,early_price/probability_scores.csv,DK2,,,,,,,,base_early_logit,,,,,,,,,,,,,,,,,,,,,,,,,,,,,,,early_hour,17400.0,250.0,0.0141105348864455,0.0627122754688054,,,,,,,,,,,
E_target_specific_scores,early_price/probability_scores.csv,DK2,,,,,,,,base_hour_logit,,,,,,,,,,,,,,,,,,,,,,,,,,,,,,,hour,17400.0,1826.0,0.0525950972321563,0.1707438085528212,,,,,,,,,,,
E_target_specific_scores,early_price/probability_scores.csv,DK2,,,,,,,,base_hour_logit,,,,,,,,,,,,,,,,,,,,,,,,,,,,,,,early_hour,17400.0,250.0,0.0500203704534392,0.1660640569975846,,,,,,,,,,,
E_target_specific_scores,early_price/probability_scores.csv,DK2,,,,,,,,price_early_logit,,,,,,,,,,,,,,,,,,,,,,,,,,,,,,,hour,17400.0,1826.0,0.1016739245327845,0.4700418607572841,,,,,,,,,,,
E_target_specific_scores,early_price/probability_scores.csv,DK2,,,,,,,,price_early_logit,,,,,,,,,,,,,,,,,,,,,,,,,,,,,,,early_hour,17400.0,250.0,0.0141731555646159,0.0731108558093189,,,,,,,,,,,
E_target_specific_scores,early_price/probability_scores.csv,DK2,,,,,,,,price_hour_logit,,,,,,,,,,,,,,,,,,,,,,,,,,,,,,,hour,17400.0,1826.0,0.0899172402357698,0.3269176926022389,,,,,,,,,,,
E_target_specific_scores,early_price/probability_scores.csv,DK2,,,,,,,,price_hour_logit,,,,,,,,,,,,,,,,,,,,,,,,,,,,,,,early_hour,17400.0,250.0,0.0212426277544056,0.1048860044267474,,,,,,,,,,,
E_target_specific_scores,early_price/probability_scores.csv,DK2,,,,,,,,combined_early_logit,,,,,,,,,,,,,,,,,,,,,,,,,,,,,,,hour,17400.0,1826.0,0.0921123130125743,0.3234769968431267,,,,,,,,,,,
E_target_specific_scores,early_price/probability_scores.csv,DK2,,,,,,,,combined_early_logit,,,,,,,,,,,,,,,,,,,,,,,,,,,,,,,early_hour,17400.0,250.0,0.0144526314908412,0.0632558083780667,,,,,,,,,,,
E_target_specific_scores,early_price/probability_scores.csv,DK2,,,,,,,,combined_hour_logit,,,,,,,,,,,,,,,,,,,,,,,,,,,,,,,hour,17400.0,1826.0,0.0509563984160678,0.1659140215486168,,,,,,,,,,,
E_target_specific_scores,early_price/probability_scores.csv,DK2,,,,,,,,combined_hour_logit,,,,,,,,,,,,,,,,,,,,,,,,,,,,,,,early_hour,17400.0,250.0,0.0523756839333349,0.1739092490827449,,,,,,,,,,,
F_primary_paired_contrasts,early_price/primary_paired_contrasts.csv,DE_LU_FR_BE,,,,,,,,,,,,,,,,,,,,,,,,,,,,,,,,,,,,,,,,,,,,forecast_early_logit__count2023_target05,original_M0__count2023_target05,slots,93.0,54.0,130.0,2000.0,conditional on saved rolling forecasts; no model-refitting bootstrap,,,
F_primary_paired_contrasts,early_price/primary_paired_contrasts.csv,DE_LU_FR_BE,,,,,,,,,,,,,,,,,,,,,,,,,,,,,,,,,,,,,,,,,,,,forecast_early_logit__count2023_target05,original_M0__count2023_target05,event_hour_hits,0.0,-25.0,17.0,2000.0,conditional on saved rolling forecasts; no model-refitting bootstrap,,,
F_primary_paired_contrasts,early_price/primary_paired_contrasts.csv,DE_LU_FR_BE,,,,,,,,,,,,,,,,,,,,,,,,,,,,,,,,,,,,,,,,,,,,forecast_early_logit__count2023_target05,original_M0__count2023_target05,early_processes,9.0,-1.0,18.0,2000.0,conditional on saved rolling forecasts; no model-refitting bootstrap,,,
F_primary_paired_contrasts,early_price/primary_paired_contrasts.csv,DE_LU_FR_BE,,,,,,,,,,,,,,,,,,,,,,,,,,,,,,,,,,,,,,,,,,,,forecast_early_logit__count2023_target05,forecast_hour_logit__count2023_target05,slots,-88.0,-113.025,-70.97500000000014,2000.0,conditional on saved rolling forecasts; no model-refitting bootstrap,,,
F_primary_paired_contrasts,early_price/primary_paired_contrasts.csv,DE_LU_FR_BE,,,,,,,,,,,,,,,,,,,,,,,,,,,,,,,,,,,,,,,,,,,,forecast_early_logit__count2023_target05,forecast_hour_logit__count2023_target05,event_hour_hits,-17.0,-39.0,-5.0,2000.0,conditional on saved rolling forecasts; no model-refitting bootstrap,,,
F_primary_paired_contrasts,early_price/primary_paired_contrasts.csv,DE_LU_FR_BE,,,,,,,,,,,,,,,,,,,,,,,,,,,,,,,,,,,,,,,,,,,,forecast_early_logit__count2023_target05,forecast_hour_logit__count2023_target05,early_processes,4.0,-4.0,13.0,2000.0,conditional on saved rolling forecasts; no model-refitting bootstrap,,,
F_primary_paired_contrasts,early_price/primary_paired_contrasts.csv,DE_LU_FR_BE,,,,,,,,,,,,,,,,,,,,,,,,,,,,,,,,,,,,,,,,,,,,forecast_early_logit__count2023_target05,original_M0__fixed025,slots,117.0,76.0,150.0,2000.0,conditional on saved rolling forecasts; no model-refitting bootstrap,,,
F_primary_paired_contrasts,early_price/primary_paired_contrasts.csv,DE_LU_FR_BE,,,,,,,,,,,,,,,,,,,,,,,,,,,,,,,,,,,,,,,,,,,,forecast_early_logit__count2023_target05,original_M0__fixed025,event_hour_hits,2.0,-24.0,20.0,2000.0,conditional on saved rolling forecasts; no model-refitting bootstrap,,,
F_primary_paired_contrasts,early_price/primary_paired_contrasts.csv,DE_LU_FR_BE,,,,,,,,,,,,,,,,,,,,,,,,,,,,,,,,,,,,,,,,,,,,forecast_early_logit__count2023_target05,original_M0__fixed025,early_processes,9.0,-1.0,18.0,2000.0,conditional on saved rolling forecasts; no model-refitting bootstrap,,,
F_primary_paired_contrasts,early_price/primary_paired_contrasts.csv,DE_LU_FR_BE,,,,,,,,,,,,,,,,,,,,,,,,,,,,,,,,,,,,,,,,,,,,forecast_early_logit__count2022_target05,original_M0__fixed025,slots,13.0,-21.0,42.02499999999986,2000.0,conditional on saved rolling forecasts; no model-refitting bootstrap,,,
F_primary_paired_contrasts,early_price/primary_paired_contrasts.csv,DE_LU_FR_BE,,,,,,,,,,,,,,,,,,,,,,,,,,,,,,,,,,,,,,,,,,,,forecast_early_logit__count2022_target05,original_M0__fixed025,event_hour_hits,-9.0,-37.0,10.024999999999864,2000.0,conditional on saved rolling forecasts; no model-refitting bootstrap,,,
F_primary_paired_contrasts,early_price/primary_paired_contrasts.csv,DE_LU_FR_BE,,,,,,,,,,,,,,,,,,,,,,,,,,,,,,,,,,,,,,,,,,,,forecast_early_logit__count2022_target05,original_M0__fixed025,early_processes,8.0,-2.0,17.0,2000.0,conditional on saved rolling forecasts; no model-refitting bootstrap,,,
F_primary_paired_contrasts,early_price/primary_paired_contrasts.csv,DE_LU_FR_BE,,,,,,,,,,,,,,,,,,,,,,,,,,,,,,,,,,,,,,,,,,,,forecast_early_logit__count2022_target05,forecast_hour_logit__count2022_target05,slots,-107.0,-128.0,-81.97500000000014,2000.0,conditional on saved rolling forecasts; no model-refitting bootstrap,,,
F_primary_paired_contrasts,early_price/primary_paired_contrasts.csv,DE_LU_FR_BE,,,,,,,,,,,,,,,,,,,,,,,,,,,,,,,,,,,,,,,,,,,,forecast_early_logit__count2022_target05,forecast_hour_logit__count2022_target05,event_hour_hits,-22.0,-44.025,-8.0,2000.0,conditional on saved rolling forecasts; no model-refitting bootstrap,,,
F_primary_paired_contrasts,early_price/primary_paired_contrasts.csv,DE_LU_FR_BE,,,,,,,,,,,,,,,,,,,,,,,,,,,,,,,,,,,,,,,,,,,,forecast_early_logit__count2022_target05,forecast_hour_logit__count2022_target05,early_processes,4.0,-4.0,12.0,2000.0,conditional on saved rolling forecasts; no model-refitting bootstrap,,,
F_primary_paired_contrasts,early_price/primary_paired_contrasts.csv,DE_LU_FR_BE,,,,,,,,,,,,,,,,,,,,,,,,,,,,,,,,,,,,,,,,,,,,forecast_early_logit__top2,forecast_hour_logit__top2,slots,0.0,0.0,0.0,2000.0,conditional on saved rolling forecasts; no model-refitting bootstrap,,,
F_primary_paired_contrasts,early_price/primary_paired_contrasts.csv,DE_LU_FR_BE,,,,,,,,,,,,,,,,,,,,,,,,,,,,,,,,,,,,,,,,,,,,forecast_early_logit__top2,forecast_hour_logit__top2,event_hour_hits,-9.0,-31.0,4.0,2000.0,conditional on saved rolling forecasts; no model-refitting bootstrap,,,
F_primary_paired_contrasts,early_price/primary_paired_contrasts.csv,DE_LU_FR_BE,,,,,,,,,,,,,,,,,,,,,,,,,,,,,,,,,,,,,,,,,,,,forecast_early_logit__top2,forecast_hour_logit__top2,early_processes,5.0,-3.0,13.0,2000.0,conditional on saved rolling forecasts; no model-refitting bootstrap,,,
F_primary_paired_contrasts,early_price/primary_paired_contrasts.csv,DE_LU_FR_BE,,,,,,,,,,,,,,,,,,,,,,,,,,,,,,,,,,,,,,,,,,,,forecast_early_logit__top2,original_M0__top2,slots,0.0,0.0,0.0,2000.0,conditional on saved rolling forecasts; no model-refitting bootstrap,,,
F_primary_paired_contrasts,early_price/primary_paired_contrasts.csv,DE_LU_FR_BE,,,,,,,,,,,,,,,,,,,,,,,,,,,,,,,,,,,,,,,,,,,,forecast_early_logit__top2,original_M0__top2,event_hour_hits,-1.0,-25.0,15.0,2000.0,conditional on saved rolling forecasts; no model-refitting bootstrap,,,
F_primary_paired_contrasts,early_price/primary_paired_contrasts.csv,DE_LU_FR_BE,,,,,,,,,,,,,,,,,,,,,,,,,,,,,,,,,,,,,,,,,,,,forecast_early_logit__top2,original_M0__top2,early_processes,8.0,-1.0,17.0,2000.0,conditional on saved rolling forecasts; no model-refitting bootstrap,,,
F_primary_paired_contrasts,early_price/primary_paired_contrasts.csv,DK1,,,,,,,,,,,,,,,,,,,,,,,,,,,,,,,,,,,,,,,,,,,,combined_early_logit__top2,base_early_logit__top2,slots,0.0,0.0,0.0,2000.0,conditional on saved rolling forecasts; no model-refitting bootstrap,,,
F_primary_paired_contrasts,early_price/primary_paired_contrasts.csv,DK1,,,,,,,,,,,,,,,,,,,,,,,,,,,,,,,,,,,,,,,,,,,,combined_early_logit__top2,base_early_logit__top2,event_hour_hits,63.0,41.0,93.0,2000.0,conditional on saved rolling forecasts; no model-refitting bootstrap,,,
F_primary_paired_contrasts,early_price/primary_paired_contrasts.csv,DK1,,,,,,,,,,,,,,,,,,,,,,,,,,,,,,,,,,,,,,,,,,,,combined_early_logit__top2,base_early_logit__top2,early_processes,6.0,-3.0,15.0,2000.0,conditional on saved rolling forecasts; no model-refitting bootstrap,,,
F_primary_paired_contrasts,early_price/primary_paired_contrasts.csv,DK1,,,,,,,,,,,,,,,,,,,,,,,,,,,,,,,,,,,,,,,,,,,,combined_hour_logit__top2,base_hour_logit__top2,slots,0.0,0.0,0.0,2000.0,conditional on saved rolling forecasts; no model-refitting bootstrap,,,
F_primary_paired_contrasts,early_price/primary_paired_contrasts.csv,DK1,,,,,,,,,,,,,,,,,,,,,,,,,,,,,,,,,,,,,,,,,,,,combined_hour_logit__top2,base_hour_logit__top2,event_hour_hits,24.0,11.0,39.0,2000.0,conditional on saved rolling forecasts; no model-refitting bootstrap,,,
F_primary_paired_contrasts,early_price/primary_paired_contrasts.csv,DK1,,,,,,,,,,,,,,,,,,,,,,,,,,,,,,,,,,,,,,,,,,,,combined_hour_logit__top2,base_hour_logit__top2,early_processes,5.0,-1.0,12.0,2000.0,conditional on saved rolling forecasts; no model-refitting bootstrap,,,
F_primary_paired_contrasts,early_price/primary_paired_contrasts.csv,DK1,,,,,,,,,,,,,,,,,,,,,,,,,,,,,,,,,,,,,,,,,,,,combined_early_logit__count2022_target05,base_early_logit__count2022_target05,slots,46.0,30.0,58.0,2000.0,conditional on saved rolling forecasts; no model-refitting bootstrap,,,
F_primary_paired_contrasts,early_price/primary_paired_contrasts.csv,DK1,,,,,,,,,,,,,,,,,,,,,,,,,,,,,,,,,,,,,,,,,,,,combined_early_logit__count2022_target05,base_early_logit__count2022_target05,event_hour_hits,63.0,39.0,93.0,2000.0,conditional on saved rolling forecasts; no model-refitting bootstrap,,,
F_primary_paired_contrasts,early_price/primary_paired_contrasts.csv,DK1,,,,,,,,,,,,,,,,,,,,,,,,,,,,,,,,,,,,,,,,,,,,combined_early_logit__count2022_target05,base_early_logit__count2022_target05,early_processes,6.0,-4.0,14.0,2000.0,conditional on saved rolling forecasts; no model-refitting bootstrap,,,
F_primary_paired_contrasts,early_price/primary_paired_contrasts.csv,DK1,,,,,,,,,,,,,,,,,,,,,,,,,,,,,,,,,,,,,,,,,,,,combined_hour_logit__count2022_target05,base_hour_logit__count2022_target05,slots,45.0,28.0,60.0,2000.0,conditional on saved rolling forecasts; no model-refitting bootstrap,,,
F_primary_paired_contrasts,early_price/primary_paired_contrasts.csv,DK1,,,,,,,,,,,,,,,,,,,,,,,,,,,,,,,,,,,,,,,,,,,,combined_hour_logit__count2022_target05,base_hour_logit__count2022_target05,event_hour_hits,24.0,11.0,39.0,2000.0,conditional on saved rolling forecasts; no model-refitting bootstrap,,,
F_primary_paired_contrasts,early_price/primary_paired_contrasts.csv,DK1,,,,,,,,,,,,,,,,,,,,,,,,,,,,,,,,,,,,,,,,,,,,combined_hour_logit__count2022_target05,base_hour_logit__count2022_target05,early_processes,5.0,-1.0,12.0,2000.0,conditional on saved rolling forecasts; no model-refitting bootstrap,,,
F_primary_paired_contrasts,early_price/primary_paired_contrasts.csv,DK1,,,,,,,,,,,,,,,,,,,,,,,,,,,,,,,,,,,,,,,,,,,,combined_early_logit__count2023_target05,base_early_logit__count2023_target05,slots,46.0,30.0,58.0,2000.0,conditional on saved rolling forecasts; no model-refitting bootstrap,,,
F_primary_paired_contrasts,early_price/primary_paired_contrasts.csv,DK1,,,,,,,,,,,,,,,,,,,,,,,,,,,,,,,,,,,,,,,,,,,,combined_early_logit__count2023_target05,base_early_logit__count2023_target05,event_hour_hits,63.0,39.0,93.0,2000.0,conditional on saved rolling forecasts; no model-refitting bootstrap,,,
F_primary_paired_contrasts,early_price/primary_paired_contrasts.csv,DK1,,,,,,,,,,,,,,,,,,,,,,,,,,,,,,,,,,,,,,,,,,,,combined_early_logit__count2023_target05,base_early_logit__count2023_target05,early_processes,6.0,-4.0,14.0,2000.0,conditional on saved rolling forecasts; no model-refitting bootstrap,,,
F_primary_paired_contrasts,early_price/primary_paired_contrasts.csv,DK1,,,,,,,,,,,,,,,,,,,,,,,,,,,,,,,,,,,,,,,,,,,,combined_hour_logit__count2023_target05,base_hour_logit__count2023_target05,slots,124.0,101.0,150.02499999999986,2000.0,conditional on saved rolling forecasts; no model-refitting bootstrap,,,
F_primary_paired_contrasts,early_price/primary_paired_contrasts.csv,DK1,,,,,,,,,,,,,,,,,,,,,,,,,,,,,,,,,,,,,,,,,,,,combined_hour_logit__count2023_target05,base_hour_logit__count2023_target05,event_hour_hits,24.0,11.0,39.0,2000.0,conditional on saved rolling forecasts; no model-refitting bootstrap,,,
F_primary_paired_contrasts,early_price/primary_paired_contrasts.csv,DK1,,,,,,,,,,,,,,,,,,,,,,,,,,,,,,,,,,,,,,,,,,,,combined_hour_logit__count2023_target05,base_hour_logit__count2023_target05,early_processes,5.0,-1.0,12.0,2000.0,conditional on saved rolling forecasts; no model-refitting bootstrap,,,
F_primary_paired_contrasts,early_price/primary_paired_contrasts.csv,DK1,,,,,,,,,,,,,,,,,,,,,,,,,,,,,,,,,,,,,,,,,,,,price_hour_logit__top2,original_M0__top2,slots,0.0,0.0,0.0,2000.0,conditional on saved rolling forecasts; no model-refitting bootstrap,,,
F_primary_paired_contrasts,early_price/primary_paired_contrasts.csv,DK1,,,,,,,,,,,,,,,,,,,,,,,,,,,,,,,,,,,,,,,,,,,,price_hour_logit__top2,original_M0__top2,event_hour_hits,-82.0,-120.0,-56.0,2000.0,conditional on saved rolling forecasts; no model-refitting bootstrap,,,
F_primary_paired_contrasts,early_price/primary_paired_contrasts.csv,DK1,,,,,,,,,,,,,,,,,,,,,,,,,,,,,,,,,,,,,,,,,,,,price_hour_logit__top2,original_M0__top2,early_processes,-9.0,-17.0,-1.0,2000.0,conditional on saved rolling forecasts; no model-refitting bootstrap,,,
F_primary_paired_contrasts,early_price/primary_paired_contrasts.csv,DK2,,,,,,,,,,,,,,,,,,,,,,,,,,,,,,,,,,,,,,,,,,,,combined_early_logit__top2,base_early_logit__top2,slots,0.0,0.0,0.0,2000.0,conditional on saved rolling forecasts; no model-refitting bootstrap,,,
F_primary_paired_contrasts,early_price/primary_paired_contrasts.csv,DK2,,,,,,,,,,,,,,,,,,,,,,,,,,,,,,,,,,,,,,,,,,,,combined_early_logit__top2,base_early_logit__top2,event_hour_hits,26.0,9.0,51.0,2000.0,conditional on saved rolling forecasts; no model-refitting bootstrap,,,
F_primary_paired_contrasts,early_price/primary_paired_contrasts.csv,DK2,,,,,,,,,,,,,,,,,,,,,,,,,,,,,,,,,,,,,,,,,,,,combined_early_logit__top2,base_early_logit__top2,early_processes,4.0,-2.0,12.0,2000.0,conditional on saved rolling forecasts; no model-refitting bootstrap,,,
F_primary_paired_contrasts,early_price/primary_paired_contrasts.csv,DK2,,,,,,,,,,,,,,,,,,,,,,,,,,,,,,,,,,,,,,,,,,,,combined_hour_logit__top2,base_hour_logit__top2,slots,0.0,0.0,0.0,2000.0,conditional on saved rolling forecasts; no model-refitting bootstrap,,,
F_primary_paired_contrasts,early_price/primary_paired_contrasts.csv,DK2,,,,,,,,,,,,,,,,,,,,,,,,,,,,,,,,,,,,,,,,,,,,combined_hour_logit__top2,base_hour_logit__top2,event_hour_hits,20.0,9.0,32.0,2000.0,conditional on saved rolling forecasts; no model-refitting bootstrap,,,
F_primary_paired_contrasts,early_price/primary_paired_contrasts.csv,DK2,,,,,,,,,,,,,,,,,,,,,,,,,,,,,,,,,,,,,,,,,,,,combined_hour_logit__top2,base_hour_logit__top2,early_processes,7.0,2.0,13.0,2000.0,conditional on saved rolling forecasts; no model-refitting bootstrap,,,
F_primary_paired_contrasts,early_price/primary_paired_contrasts.csv,DK2,,,,,,,,,,,,,,,,,,,,,,,,,,,,,,,,,,,,,,,,,,,,combined_early_logit__count2022_target05,base_early_logit__count2022_target05,slots,52.0,29.0,65.0,2000.0,conditional on saved rolling forecasts; no model-refitting bootstrap,,,
F_primary_paired_contrasts,early_price/primary_paired_contrasts.csv,DK2,,,,,,,,,,,,,,,,,,,,,,,,,,,,,,,,,,,,,,,,,,,,combined_early_logit__count2022_target05,base_early_logit__count2022_target05,event_hour_hits,39.0,22.0,61.0,2000.0,conditional on saved rolling forecasts; no model-refitting bootstrap,,,
F_primary_paired_contrasts,early_price/primary_paired_contrasts.csv,DK2,,,,,,,,,,,,,,,,,,,,,,,,,,,,,,,,,,,,,,,,,,,,combined_early_logit__count2022_target05,base_early_logit__count2022_target05,early_processes,5.0,-1.0249999999999986,12.0,2000.0,conditional on saved rolling forecasts; no model-refitting bootstrap,,,
F_primary_paired_contrasts,early_price/primary_paired_contrasts.csv,DK2,,,,,,,,,,,,,,,,,,,,,,,,,,,,,,,,,,,,,,,,,,,,combined_hour_logit__count2022_target05,base_hour_logit__count2022_target05,slots,36.0,16.0,45.0,2000.0,conditional on saved rolling forecasts; no model-refitting bootstrap,,,
F_primary_paired_contrasts,early_price/primary_paired_contrasts.csv,DK2,,,,,,,,,,,,,,,,,,,,,,,,,,,,,,,,,,,,,,,,,,,,combined_hour_logit__count2022_target05,base_hour_logit__count2022_target05,event_hour_hits,21.0,9.0,32.0,2000.0,conditional on saved rolling forecasts; no model-refitting bootstrap,,,
F_primary_paired_contrasts,early_price/primary_paired_contrasts.csv,DK2,,,,,,,,,,,,,,,,,,,,,,,,,,,,,,,,,,,,,,,,,,,,combined_hour_logit__count2022_target05,base_hour_logit__count2022_target05,early_processes,6.0,1.0,11.0,2000.0,conditional on saved rolling forecasts; no model-refitting bootstrap,,,
F_primary_paired_contrasts,early_price/primary_paired_contrasts.csv,DK2,,,,,,,,,,,,,,,,,,,,,,,,,,,,,,,,,,,,,,,,,,,,combined_early_logit__count2023_target05,base_early_logit__count2023_target05,slots,52.0,29.0,65.0,2000.0,conditional on saved rolling forecasts; no model-refitting bootstrap,,,
F_primary_paired_contrasts,early_price/primary_paired_contrasts.csv,DK2,,,,,,,,,,,,,,,,,,,,,,,,,,,,,,,,,,,,,,,,,,,,combined_early_logit__count2023_target05,base_early_logit__count2023_target05,event_hour_hits,39.0,22.0,61.0,2000.0,conditional on saved rolling forecasts; no model-refitting bootstrap,,,
F_primary_paired_contrasts,early_price/primary_paired_contrasts.csv,DK2,,,,,,,,,,,,,,,,,,,,,,,,,,,,,,,,,,,,,,,,,,,,combined_early_logit__count2023_target05,base_early_logit__count2023_target05,early_processes,5.0,-1.0249999999999986,12.0,2000.0,conditional on saved rolling forecasts; no model-refitting bootstrap,,,
F_primary_paired_contrasts,early_price/primary_paired_contrasts.csv,DK2,,,,,,,,,,,,,,,,,,,,,,,,,,,,,,,,,,,,,,,,,,,,combined_hour_logit__count2023_target05,base_hour_logit__count2023_target05,slots,138.0,111.0,156.02499999999986,2000.0,conditional on saved rolling forecasts; no model-refitting bootstrap,,,
F_primary_paired_contrasts,early_price/primary_paired_contrasts.csv,DK2,,,,,,,,,,,,,,,,,,,,,,,,,,,,,,,,,,,,,,,,,,,,combined_hour_logit__count2023_target05,base_hour_logit__count2023_target05,event_hour_hits,23.0,11.0,34.0,2000.0,conditional on saved rolling forecasts; no model-refitting bootstrap,,,
F_primary_paired_contrasts,early_price/primary_paired_contrasts.csv,DK2,,,,,,,,,,,,,,,,,,,,,,,,,,,,,,,,,,,,,,,,,,,,combined_hour_logit__count2023_target05,base_hour_logit__count2023_target05,early_processes,6.0,1.0,11.0,2000.0,conditional on saved rolling forecasts; no model-refitting bootstrap,,,
F_primary_paired_contrasts,early_price/primary_paired_contrasts.csv,DK2,,,,,,,,,,,,,,,,,,,,,,,,,,,,,,,,,,,,,,,,,,,,price_hour_logit__top2,original_M0__top2,slots,0.0,0.0,0.0,2000.0,conditional on saved rolling forecasts; no model-refitting bootstrap,,,
F_primary_paired_contrasts,early_price/primary_paired_contrasts.csv,DK2,,,,,,,,,,,,,,,,,,,,,,,,,,,,,,,,,,,,,,,,,,,,price_hour_logit__top2,original_M0__top2,event_hour_hits,-85.0,-123.0,-55.0,2000.0,conditional on saved rolling forecasts; no model-refitting bootstrap,,,
F_primary_paired_contrasts,early_price/primary_paired_contrasts.csv,DK2,,,,,,,,,,,,,,,,,,,,,,,,,,,,,,,,,,,,,,,,,,,,price_hour_logit__top2,original_M0__top2,early_processes,-14.0,-24.0,-3.0,2000.0,conditional on saved rolling forecasts; no model-refitting bootstrap,,,
G_primary_paired_cost_contrasts,early_price/primary_paired_cost_contrasts.csv,DE_LU_FR_BE,,,,,,,,,,,,,,,,,,,,,,,,,,,,,,,,,,,,,,,,,,,,forecast_early_logit__count2023_target05,original_M0__count2023_target05,process,9.0,-1.0,18.0,2000.0,,0.0,-30.0,48.0
G_primary_paired_cost_contrasts,early_price/primary_paired_cost_contrasts.csv,DE_LU_FR_BE,,,,,,,,,,,,,,,,,,,,,,,,,,,,,,,,,,,,,,,,,,,,forecast_early_logit__count2023_target05,original_M0__count2023_target05,process,8.9535,-1.048525,17.9465125,2000.0,,0.0005,-30.0465,47.9535
G_primary_paired_cost_contrasts,early_price/primary_paired_cost_contrasts.csv,DE_LU_FR_BE,,,,,,,,,,,,,,,,,,,,,,,,,,,,,,,,,,,,,,,,,,,,forecast_early_logit__count2023_target05,original_M0__count2023_target05,process,8.907,-1.09705,17.893025,2000.0,,0.001,-30.093,47.907
G_primary_paired_cost_contrasts,early_price/primary_paired_cost_contrasts.csv,DE_LU_FR_BE,,,,,,,,,,,,,,,,,,,,,,,,,,,,,,,,,,,,,,,,,,,,forecast_early_logit__count2023_target05,original_M0__count2023_target05,process,8.8605,-1.145575,17.839537500000002,2000.0,,0.0015,-30.1395,47.8605
G_primary_paired_cost_contrasts,early_price/primary_paired_cost_contrasts.csv,DE_LU_FR_BE,,,,,,,,,,,,,,,,,,,,,,,,,,,,,,,,,,,,,,,,,,,,forecast_early_logit__count2023_target05,original_M0__count2023_target05,process,8.814,-1.1941,17.78605,2000.0,,0.002,-30.186,47.814
G_primary_paired_cost_contrasts,early_price/primary_paired_cost_contrasts.csv,DE_LU_FR_BE,,,,,,,,,,,,,,,,,,,,,,,,,,,,,,,,,,,,,,,,,,,,forecast_early_logit__count2023_target05,original_M0__count2023_target05,process,8.7675,-1.242625,17.7325625,2000.0,,0.0025,-30.2325,47.7675
G_primary_paired_cost_contrasts,early_price/primary_paired_cost_contrasts.csv,DE_LU_FR_BE,,,,,,,,,,,,,,,,,,,,,,,,,,,,,,,,,,,,,,,,,,,,forecast_early_logit__count2023_target05,original_M0__count2023_target05,process,8.721,-1.29115,17.679074999999997,2000.0,,0.003,-30.279,47.721
G_primary_paired_cost_contrasts,early_price/primary_paired_cost_contrasts.csv,DE_LU_FR_BE,,,,,,,,,,,,,,,,,,,,,,,,,,,,,,,,,,,,,,,,,,,,forecast_early_logit__count2023_target05,original_M0__count2023_target05,process,8.6745,-1.3396750000000002,17.625587499999998,2000.0,,0.0035,-30.3255,47.6745
G_primary_paired_cost_contrasts,early_price/primary_paired_cost_contrasts.csv,DE_LU_FR_BE,,,,,,,,,,,,,,,,,,,,,,,,,,,,,,,,,,,,,,,,,,,,forecast_early_logit__count2023_target05,original_M0__count2023_target05,process,8.628,-1.3882,17.5721,2000.0,,0.004,-30.372,47.628
G_primary_paired_cost_contrasts,early_price/primary_paired_cost_contrasts.csv,DE_LU_FR_BE,,,,,,,,,,,,,,,,,,,,,,,,,,,,,,,,,,,,,,,,,,,,forecast_early_logit__count2023_target05,original_M0__count2023_target05,process,8.5815,-1.436725,17.5186125,2000.0,,0.0045,-30.4185,47.5815
G_primary_paired_cost_contrasts,early_price/primary_paired_cost_contrasts.csv,DE_LU_FR_BE,,,,,,,,,,,,,,,,,,,,,,,,,,,,,,,,,,,,,,,,,,,,forecast_early_logit__count2023_target05,original_M0__count2023_target05,process,8.535,-1.4852500000000002,17.465125,2000.0,,0.005,-30.465,47.535
G_primary_paired_cost_contrasts,early_price/primary_paired_cost_contrasts.csv,DE_LU_FR_BE,,,,,,,,,,,,,,,,,,,,,,,,,,,,,,,,,,,,,,,,,,,,forecast_early_logit__count2023_target05,original_M0__count2023_target05,process,8.4885,-1.533775,17.4116375,2000.0,,0.0055,-30.5115,47.4885
G_primary_paired_cost_contrasts,early_price/primary_paired_cost_contrasts.csv,DE_LU_FR_BE,,,,,,,,,,,,,,,,,,,,,,,,,,,,,,,,,,,,,,,,,,,,forecast_early_logit__count2023_target05,original_M0__count2023_target05,process,8.442,-1.5822999999999998,17.35815,2000.0,,0.006,-30.558,47.442
G_primary_paired_cost_contrasts,early_price/primary_paired_cost_contrasts.csv,DE_LU_FR_BE,,,,,,,,,,,,,,,,,,,,,,,,,,,,,,,,,,,,,,,,,,,,forecast_early_logit__count2023_target05,original_M0__count2023_target05,process,8.3955,-1.630825,17.3046625,2000.0,,0.0065,-30.6045,47.3955
G_primary_paired_cost_contrasts,early_price/primary_paired_cost_contrasts.csv,DE_LU_FR_BE,,,,,,,,,,,,,,,,,,,,,,,,,,,,,,,,,,,,,,,,,,,,forecast_early_logit__count2023_target05,original_M0__count2023_target05,process,8.349,-1.67935,17.251175,2000.0,,0.007,-30.651,47.349
G_primary_paired_cost_contrasts,early_price/primary_paired_cost_contrasts.csv,DE_LU_FR_BE,,,,,,,,,,,,,,,,,,,,,,,,,,,,,,,,,,,,,,,,,,,,forecast_early_logit__count2023_target05,original_M0__count2023_target05,process,8.3025,-1.727875,17.1976875,2000.0,,0.0075,-30.6975,47.3025
G_primary_paired_cost_contrasts,early_price/primary_paired_cost_contrasts.csv,DE_LU_FR_BE,,,,,,,,,,,,,,,,,,,,,,,,,,,,,,,,,,,,,,,,,,,,forecast_early_logit__count2023_target05,original_M0__count2023_target05,process,8.256,-1.7764,17.144199999999998,2000.0,,0.008,-30.744,47.256
G_primary_paired_cost_contrasts,early_price/primary_paired_cost_contrasts.csv,DE_LU_FR_BE,,,,,,,,,,,,,,,,,,,,,,,,,,,,,,,,,,,,,,,,,,,,forecast_early_logit__count2023_target05,original_M0__count2023_target05,process,8.2095,-1.824925,17.0907125,2000.0,,0.0085,-30.7905,47.2095
G_primary_paired_cost_contrasts,early_price/primary_paired_cost_contrasts.csv,DE_LU_FR_BE,,,,,,,,,,,,,,,,,,,,,,,,,,,,,,,,,,,,,,,,,,,,forecast_early_logit__count2023_target05,original_M0__count2023_target05,process,8.163,-1.8734500000000005,17.037225,2000.0,,0.009,-30.837,47.163
G_primary_paired_cost_contrasts,early_price/primary_paired_cost_contrasts.csv,DE_LU_FR_BE,,,,,,,,,,,,,,,,,,,,,,,,,,,,,,,,,,,,,,,,,,,,forecast_early_logit__count2023_target05,original_M0__count2023_target05,process,8.1165,-1.921975,16.983737499999997,2000.0,,0.0095,-30.8835,47.1165
G_primary_paired_cost_contrasts,early_price/primary_paired_cost_contrasts.csv,DE_LU_FR_BE,,,,,,,,,,,,,,,,,,,,,,,,,,,,,,,,,,,,,,,,,,,,forecast_early_logit__count2023_target05,original_M0__count2023_target05,process,8.07,-1.9705,16.930249999999997,2000.0,,0.01,-30.93,47.07
G_primary_paired_cost_contrasts,early_price/primary_paired_cost_contrasts.csv,DE_LU_FR_BE,,,,,,,,,,,,,,,,,,,,,,,,,,,,,,,,,,,,,,,,,,,,forecast_early_logit__count2023_target05,original_M0__count2023_target05,process,8.0235,-2.019025,16.876762499999998,2000.0,,0.0105,-30.9765,47.0235
G_primary_paired_cost_contrasts,early_price/primary_paired_cost_contrasts.csv,DE_LU_FR_BE,,,,,,,,,,,,,,,,,,,,,,,,,,,,,,,,,,,,,,,,,,,,forecast_early_logit__count2023_target05,original_M0__count2023_target05,process,7.977,-2.06755,16.823275,2000.0,,0.011,-31.023,46.977
G_primary_paired_cost_contrasts,early_price/primary_paired_cost_contrasts.csv,DE_LU_FR_BE,,,,,,,,,,,,,,,,,,,,,,,,,,,,,,,,,,,,,,,,,,,,forecast_early_logit__count2023_target05,original_M0__count2023_target05,process,7.9305,-2.116075,16.7697875,2000.0,,0.0115,-31.0695,46.9305
G_primary_paired_cost_contrasts,early_price/primary_paired_cost_contrasts.csv,DE_LU_FR_BE,,,,,,,,,,,,,,,,,,,,,,,,,,,,,,,,,,,,,,,,,,,,forecast_early_logit__count2023_target05,original_M0__count2023_target05,process,7.884,-2.1646,16.7163,2000.0,,0.012,-31.116,46.884
G_primary_paired_cost_contrasts,early_price/primary_paired_cost_contrasts.csv,DE_LU_FR_BE,,,,,,,,,,,,,,,,,,,,,,,,,,,,,,,,,,,,,,,,,,,,forecast_early_logit__count2023_target05,original_M0__count2023_target05,process,7.8375,-2.213125,16.6628125,2000.0,,0.0125,-31.1625,46.8375
G_primary_paired_cost_contrasts,early_price/primary_paired_cost_contrasts.csv,DE_LU_FR_BE,,,,,,,,,,,,,,,,,,,,,,,,,,,,,,,,,,,,,,,,,,,,forecast_early_logit__count2023_target05,original_M0__count2023_target05,process,7.791,-2.26165,16.609325,2000.0,,0.013,-31.209,46.791
G_primary_paired_cost_contrasts,early_price/primary_paired_cost_contrasts.csv,DE_LU_FR_BE,,,,,,,,,,,,,,,,,,,,,,,,,,,,,,,,,,,,,,,,,,,,forecast_early_logit__count2023_target05,original_M0__count2023_target05,process,7.7445,-2.310175,16.555837499999996,2000.0,,0.0135,-31.2555,46.7445
G_primary_paired_cost_contrasts,early_price/primary_paired_cost_contrasts.csv,DE_LU_FR_BE,,,,,,,,,,,,,,,,,,,,,,,,,,,,,,,,,,,,,,,,,,,,forecast_early_logit__count2023_target05,original_M0__count2023_target05,process,7.698,-2.3587,16.502349999999996,2000.0,,0.014,-31.302,46.698
G_primary_paired_cost_contrasts,early_price/primary_paired_cost_contrasts.csv,DE_LU_FR_BE,,,,,,,,,,,,,,,,,,,,,,,,,,,,,,,,,,,,,,,,,,,,forecast_early_logit__count2023_target05,original_M0__count2023_target05,process,7.6515,-2.4072250000000004,16.448862499999997,2000.0,,0.0145,-31.3485,46.6515
G_primary_paired_cost_contrasts,early_price/primary_paired_cost_contrasts.csv,DE_LU_FR_BE,,,,,,,,,,,,,,,,,,,,,,,,,,,,,,,,,,,,,,,,,,,,forecast_early_logit__count2023_target05,original_M0__count2023_target05,process,7.605,-2.45575,16.395374999999998,2000.0,,0.015,-31.395,46.605
G_primary_paired_cost_contrasts,early_price/primary_paired_cost_contrasts.csv,DE_LU_FR_BE,,,,,,,,,,,,,,,,,,,,,,,,,,,,,,,,,,,,,,,,,,,,forecast_early_logit__count2023_target05,original_M0__count2023_target05,process,7.14,-2.941,15.920999999999994,2000.0,,0.02,-31.86,46.14
G_primary_paired_cost_contrasts,early_price/primary_paired_cost_contrasts.csv,DE_LU_FR_BE,,,,,,,,,,,,,,,,,,,,,,,,,,,,,,,,,,,,,,,,,,,,forecast_early_logit__count2023_target05,original_M0__count2023_target05,process,6.21,-3.97,14.993249999999982,2000.0,,0.03,-32.79,45.21
G_primary_paired_cost_contrasts,early_price/primary_paired_cost_contrasts.csv,DE_LU_FR_BE,,,,,,,,,,,,,,,,,,,,,,,,,,,,,,,,,,,,,,,,,,,,forecast_early_logit__count2023_target05,original_M0__count2023_target05,process,4.35,-5.95,13.45,2000.0,,0.05,-34.65,43.35
G_primary_paired_cost_contrasts,early_price/primary_paired_cost_contrasts.csv,DE_LU_FR_BE,,,,,,,,,,,,,,,,,,,,,,,,,,,,,,,,,,,,,,,,,,,,forecast_early_logit__count2023_target05,original_M0__count2023_target05,process,-0.3000000000000007,-10.9025,9.202499999999986,2000.0,,0.1,-39.3,38.7
G_primary_paired_cost_contrasts,early_price/primary_paired_cost_contrasts.csv,DE_LU_FR_BE,,,,,,,,,,,,,,,,,,,,,,,,,,,,,,,,,,,,,,,,,,,,forecast_early_logit__count2023_target05,original_M0__count2023_target05,process,-9.6,-22.405,2.3999999999999986,2000.0,,0.2,-48.6,29.4
G_primary_paired_cost_contrasts,early_price/primary_paired_cost_contrasts.csv,DE_LU_FR_BE,,,,,,,,,,,,,,,,,,,,,,,,,,,,,,,,,,,,,,,,,,,,forecast_early_logit__count2023_target05,original_M0__count2023_target05,process,-14.25,-28.5,-1.0,2000.0,,0.25,-53.25,24.75
G_primary_paired_cost_contrasts,early_price/primary_paired_cost_contrasts.csv,DE_LU_FR_BE,,,,,,,,,,,,,,,,,,,,,,,,,,,,,,,,,,,,,,,,,,,,forecast_early_logit__count2023_target05,original_M0__count2023_target05,process,-37.5,-59.5125,-16.5,2000.0,,0.5,-76.5,1.5
G_primary_paired_cost_contrasts,early_price/primary_paired_cost_contrasts.csv,DE_LU_FR_BE,,,,,,,,,,,,,,,,,,,,,,,,,,,,,,,,,,,,,,,,,,,,forecast_early_logit__count2023_target05,original_M0__count2023_target05,process,-84.0,-125.0,-45.0,2000.0,,1.0,-123.0,-45.0
G_primary_paired_cost_contrasts,early_price/primary_paired_cost_contrasts.csv,DE_LU_FR_BE,,,,,,,,,,,,,,,,,,,,,,,,,,,,,,,,,,,,,,,,,,,,forecast_early_logit__count2023_target05,original_M0__count2023_target05,hour,0.0,-25.0,17.0,2000.0,,0.0,-40.04999999999996,40.04999999999996
G_primary_paired_cost_contrasts,early_price/primary_paired_cost_contrasts.csv,DE_LU_FR_BE,,,,,,,,,,,,,,,,,,,,,,,,,,,,,,,,,,,,,,,,,,,,forecast_early_logit__count2023_target05,original_M0__count2023_target05,hour,-0.0465,-25.0415,16.9585,2000.0,,0.0005,-40.09649999999996,40.00349999999995
G_primary_paired_cost_contrasts,early_price/primary_paired_cost_contrasts.csv,DE_LU_FR_BE,,,,,,,,,,,,,,,,,,,,,,,,,,,,,,,,,,,,,,,,,,,,forecast_early_logit__count2023_target05,original_M0__count2023_target05,hour,-0.093,-25.083,16.917,2000.0,,0.001,-40.14299999999996,39.95699999999995
G_primary_paired_cost_contrasts,early_price/primary_paired_cost_contrasts.csv,DE_LU_FR_BE,,,,,,,,,,,,,,,,,,,,,,,,,,,,,,,,,,,,,,,,,,,,forecast_early_logit__count2023_target05,original_M0__count2023_target05,hour,-0.1395,-25.1245,16.8755,2000.0,,0.0015,-40.18949999999995,39.91049999999996
G_primary_paired_cost_contrasts,early_price/primary_paired_cost_contrasts.csv,DE_LU_FR_BE,,,,,,,,,,,,,,,,,,,,,,,,,,,,,,,,,,,,,,,,,,,,forecast_early_logit__count2023_target05,original_M0__count2023_target05,hour,-0.186,-25.166,16.834,2000.0,,0.002,-40.235999999999954,39.86399999999996
G_primary_paired_cost_contrasts,early_price/primary_paired_cost_contrasts.csv,DE_LU_FR_BE,,,,,,,,,,,,,,,,,,,,,,,,,,,,,,,,,,,,,,,,,,,,forecast_early_logit__count2023_target05,original_M0__count2023_target05,hour,-0.2325,-25.2075,16.7925,2000.0,,0.0025,-40.28249999999996,39.81749999999995
G_primary_paired_cost_contrasts,early_price/primary_paired_cost_contrasts.csv,DE_LU_FR_BE,,,,,,,,,,,,,,,,,,,,,,,,,,,,,,,,,,,,,,,,,,,,forecast_early_logit__count2023_target05,original_M0__count2023_target05,hour,-0.279,-25.249,16.751,2000.0,,0.003,-40.32899999999996,39.77099999999995
G_primary_paired_cost_contrasts,early_price/primary_paired_cost_contrasts.csv,DE_LU_FR_BE,,,,,,,,,,,,,,,,,,,,,,,,,,,,,,,,,,,,,,,,,,,,forecast_early_logit__count2023_target05,original_M0__count2023_target05,hour,-0.3255,-25.2905,16.7095,2000.0,,0.0035,-40.37549999999995,39.72449999999996
G_primary_paired_cost_contrasts,early_price/primary_paired_cost_contrasts.csv,DE_LU_FR_BE,,,,,,,,,,,,,,,,,,,,,,,,,,,,,,,,,,,,,,,,,,,,forecast_early_logit__count2023_target05,original_M0__count2023_target05,hour,-0.372,-25.332,16.668,2000.0,,0.004,-40.421999999999954,39.67799999999996
G_primary_paired_cost_contrasts,early_price/primary_paired_cost_contrasts.csv,DE_LU_FR_BE,,,,,,,,,,,,,,,,,,,,,,,,,,,,,,,,,,,,,,,,,,,,forecast_early_logit__count2023_target05,original_M0__count2023_target05,hour,-0.4185,-25.3735,16.6265,2000.0,,0.0045,-40.46849999999996,39.63149999999995
G_primary_paired_cost_contrasts,early_price/primary_paired_cost_contrasts.csv,DE_LU_FR_BE,,,,,,,,,,,,,,,,,,,,,,,,,,,,,,,,,,,,,,,,,,,,forecast_early_logit__count2023_target05,original_M0__count2023_target05,hour,-0.4650000000000001,-25.415,16.585,2000.0,,0.005,-40.51499999999996,39.58499999999995
G_primary_paired_cost_contrasts,early_price/primary_paired_cost_contrasts.csv,DE_LU_FR_BE,,,,,,,,,,,,,,,,,,,,,,,,,,,,,,,,,,,,,,,,,,,,forecast_early_logit__count2023_target05,original_M0__count2023_target05,hour,-0.5115,-25.4565,16.5435,2000.0,,0.0055,-40.56149999999995,39.53849999999996
G_primary_paired_cost_contrasts,early_price/primary_paired_cost_contrasts.csv,DE_LU_FR_BE,,,,,,,,,,,,,,,,,,,,,,,,,,,,,,,,,,,,,,,,,,,,forecast_early_logit__count2023_target05,original_M0__count2023_target05,hour,-0.558,-25.498,16.502,2000.0,,0.006,-40.607999999999954,39.49199999999996
G_primary_paired_cost_contrasts,early_price/primary_paired_cost_contrasts.csv,DE_LU_FR_BE,,,,,,,,,,,,,,,,,,,,,,,,,,,,,,,,,,,,,,,,,,,,forecast_early_logit__count2023_target05,original_M0__count2023_target05,hour,-0.6045,-25.5395,16.4605,2000.0,,0.0065,-40.65449999999996,39.44549999999995
G_primary_paired_cost_contrasts,early_price/primary_paired_cost_contrasts.csv,DE_LU_FR_BE,,,,,,,,,,,,,,,,,,,,,,,,,,,,,,,,,,,,,,,,,,,,forecast_early_logit__count2023_target05,original_M0__count2023_target05,hour,-0.6510000000000001,-25.581,16.419,2000.0,,0.007,-40.70099999999996,39.39899999999995
G_primary_paired_cost_contrasts,early_price/primary_paired_cost_contrasts.csv,DE_LU_FR_BE,,,,,,,,,,,,,,,,,,,,,,,,,,,,,,,,,,,,,,,,,,,,forecast_early_logit__count2023_target05,original_M0__count2023_target05,hour,-0.6975,-25.6225,16.3775,2000.0,,0.0075,-40.74749999999995,39.35249999999996
G_primary_paired_cost_contrasts,early_price/primary_paired_cost_contrasts.csv,DE_LU_FR_BE,,,,,,,,,,,,,,,,,,,,,,,,,,,,,,,,,,,,,,,,,,,,forecast_early_logit__count2023_target05,original_M0__count2023_target05,hour,-0.744,-25.664,16.336,2000.0,,0.008,-40.793999999999954,39.30599999999996
G_primary_paired_cost_contrasts,early_price/primary_paired_cost_contrasts.csv,DE_LU_FR_BE,,,,,,,,,,,,,,,,,,,,,,,,,,,,,,,,,,,,,,,,,,,,forecast_early_logit__count2023_target05,original_M0__count2023_target05,hour,-0.7905000000000001,-25.7055,16.2945,2000.0,,0.0085,-40.84049999999996,39.25949999999995
G_primary_paired_cost_contrasts,early_price/primary_paired_cost_contrasts.csv,DE_LU_FR_BE,,,,,,,,,,,,,,,,,,,,,,,,,,,,,,,,,,,,,,,,,,,,forecast_early_logit__count2023_target05,original_M0__count2023_target05,hour,-0.8370000000000001,-25.747,16.253,2000.0,,0.009,-40.88699999999996,39.21299999999995
G_primary_paired_cost_contrasts,early_price/primary_paired_cost_contrasts.csv,DE_LU_FR_BE,,,,,,,,,,,,,,,,,,,,,,,,,,,,,,,,,,,,,,,,,,,,forecast_early_logit__count2023_target05,original_M0__count2023_target05,hour,-0.8835000000000002,-25.7885,16.2115,2000.0,,0.0095,-40.93349999999995,39.16649999999996
G_primary_paired_cost_contrasts,early_price/primary_paired_cost_contrasts.csv,DE_LU_FR_BE,,,,,,,,,,,,,,,,,,,,,,,,,,,,,,,,,,,,,,,,,,,,forecast_early_logit__count2023_target05,original_M0__count2023_target05,hour,-0.93,-25.83,16.17,2000.0,,0.01,-40.979999999999954,39.11999999999996
G_primary_paired_cost_contrasts,early_price/primary_paired_cost_contrasts.csv,DE_LU_FR_BE,,,,,,,,,,,,,,,,,,,,,,,,,,,,,,,,,,,,,,,,,,,,forecast_early_logit__count2023_target05,original_M0__count2023_target05,hour,-0.9765,-25.8715,16.1285,2000.0,,0.0105,-41.02649999999996,39.07349999999995
G_primary_paired_cost_contrasts,early_price/primary_paired_cost_contrasts.csv,DE_LU_FR_BE,,,,,,,,,,,,,,,,,,,,,,,,,,,,,,,,,,,,,,,,,,,,forecast_early_logit__count2023_target05,original_M0__count2023_target05,hour,-1.023,-25.913,16.087,2000.0,,0.011,-41.07299999999996,39.02699999999995
G_primary_paired_cost_contrasts,early_price/primary_paired_cost_contrasts.csv,DE_LU_FR_BE,,,,,,,,,,,,,,,,,,,,,,,,,,,,,,,,,,,,,,,,,,,,forecast_early_logit__count2023_target05,original_M0__count2023_target05,hour,-1.0695,-25.9545,16.0455,2000.0,,0.0115,-41.11949999999995,38.98049999999996
G_primary_paired_cost_contrasts,early_price/primary_paired_cost_contrasts.csv,DE_LU_FR_BE,,,,,,,,,,,,,,,,,,,,,,,,,,,,,,,,,,,,,,,,,,,,forecast_early_logit__count2023_target05,original_M0__count2023_target05,hour,-1.116,-25.996,16.004,2000.0,,0.012,-41.165999999999954,38.93399999999996
G_primary_paired_cost_contrasts,early_price/primary_paired_cost_contrasts.csv,DE_LU_FR_BE,,,,,,,,,,,,,,,,,,,,,,,,,,,,,,,,,,,,,,,,,,,,forecast_early_logit__count2023_target05,original_M0__count2023_target05,hour,-1.1625,-26.0375,15.9625,2000.0,,0.0125,-41.21249999999996,38.88749999999995
G_primary_paired_cost_contrasts,early_price/primary_paired_cost_contrasts.csv,DE_LU_FR_BE,,,,,,,,,,,,,,,,,,,,,,,,,,,,,,,,,,,,,,,,,,,,forecast_early_logit__count2023_target05,original_M0__count2023_target05,hour,-1.209,-26.079,15.921,2000.0,,0.013,-41.25899999999996,38.84099999999995
G_primary_paired_cost_contrasts,early_price/primary_paired_cost_contrasts.csv,DE_LU_FR_BE,,,,,,,,,,,,,,,,,,,,,,,,,,,,,,,,,,,,,,,,,,,,forecast_early_logit__count2023_target05,original_M0__count2023_target05,hour,-1.2555,-26.1205,15.8795,2000.0,,0.0135,-41.30549999999995,38.79449999999996
G_primary_paired_cost_contrasts,early_price/primary_paired_cost_contrasts.csv,DE_LU_FR_BE,,,,,,,,,,,,,,,,,,,,,,,,,,,,,,,,,,,,,,,,,,,,forecast_early_logit__count2023_target05,original_M0__count2023_target05,hour,-1.302,-26.162,15.838,2000.0,,0.014,-41.351999999999954,38.74799999999996
G_primary_paired_cost_contrasts,early_price/primary_paired_cost_contrasts.csv,DE_LU_FR_BE,,,,,,,,,,,,,,,,,,,,,,,,,,,,,,,,,,,,,,,,,,,,forecast_early_logit__count2023_target05,original_M0__count2023_target05,hour,-1.3485,-26.2035,15.7965,2000.0,,0.0145,-41.39849999999996,38.70149999999995
G_primary_paired_cost_contrasts,early_price/primary_paired_cost_contrasts.csv,DE_LU_FR_BE,,,,,,,,,,,,,,,,,,,,,,,,,,,,,,,,,,,,,,,,,,,,forecast_early_logit__count2023_target05,original_M0__count2023_target05,hour,-1.395,-26.245,15.755,2000.0,,0.015,-41.44499999999996,38.65499999999995
G_primary_paired_cost_contrasts,early_price/primary_paired_cost_contrasts.csv,DE_LU_FR_BE,,,,,,,,,,,,,,,,,,,,,,,,,,,,,,,,,,,,,,,,,,,,forecast_early_logit__count2023_target05,original_M0__count2023_target05,hour,-1.86,-26.66,15.34,2000.0,,0.02,-41.909999999999954,38.18999999999996
G_primary_paired_cost_contrasts,early_price/primary_paired_cost_contrasts.csv,DE_LU_FR_BE,,,,,,,,,,,,,,,,,,,,,,,,,,,,,,,,,,,,,,,,,,,,forecast_early_logit__count2023_target05,original_M0__count2023_target05,hour,-2.79,-27.49575,14.333249999999982,2000.0,,0.03,-42.839999999999954,37.25999999999996
G_primary_paired_cost_contrasts,early_price/primary_paired_cost_contrasts.csv,DE_LU_FR_BE,,,,,,,,,,,,,,,,,,,,,,,,,,,,,,,,,,,,,,,,,,,,forecast_early_logit__count2023_target05,original_M0__count2023_target05,hour,-4.65,-29.60125,12.25374999999998,2000.0,,0.05,-44.69999999999995,35.39999999999996
G_primary_paired_cost_contrasts,early_price/primary_paired_cost_contrasts.csv,DE_LU_FR_BE,,,,,,,,,,,,,,,,,,,,,,,,,,,,,,,,,,,,,,,,,,,,forecast_early_logit__count2023_target05,original_M0__count2023_target05,hour,-9.3,-34.302499999999995,7.699999999999999,2000.0,,0.1,-49.34999999999995,30.749999999999957
G_primary_paired_cost_contrasts,early_price/primary_paired_cost_contrasts.csv,DE_LU_FR_BE,,,,,,,,,,,,,,,,,,,,,,,,,,,,,,,,,,,,,,,,,,,,forecast_early_logit__count2023_target05,original_M0__count2023_target05,hour,-18.6,-43.6,-1.19500000000003,2000.0,,0.2,-58.64999999999996,21.449999999999957
G_primary_paired_cost_contrasts,early_price/primary_paired_cost_contrasts.csv,DE_LU_FR_BE,,,,,,,,,,,,,,,,,,,,,,,,,,,,,,,,,,,,,,,,,,,,forecast_early_logit__count2023_target05,original_M0__count2023_target05,hour,-23.25,-48.75,-5.5,2000.0,,0.25,-63.29999999999996,16.799999999999955
G_primary_paired_cost_contrasts,early_price/primary_paired_cost_contrasts.csv,DE_LU_FR_BE,,,,,,,,,,,,,,,,,,,,,,,,,,,,,,,,,,,,,,,,,,,,forecast_early_logit__count2023_target05,original_M0__count2023_target05,hour,-46.5,-76.5,-23.987500000000068,2000.0,,0.5,-86.54999999999995,-6.4500000000000455
G_primary_paired_cost_contrasts,early_price/primary_paired_cost_contrasts.csv,DE_LU_FR_BE,,,,,,,,,,,,,,,,,,,,,,,,,,,,,,,,,,,,,,,,,,,,forecast_early_logit__count2023_target05,original_M0__count2023_target05,hour,-93.0,-137.0,-56.0,2000.0,,1.0,-133.04999999999995,-52.950000000000045
G_primary_paired_cost_contrasts,early_price/primary_paired_cost_contrasts.csv,DE_LU_FR_BE,,,,,,,,,,,,,,,,,,,,,,,,,,,,,,,,,,,,,,,,,,,,forecast_early_logit__count2023_target05,forecast_hour_logit__count2023_target05,process,4.0,-4.0,13.0,2000.0,,0.0,-19.0,27.0
G_primary_paired_cost_contrasts,early_price/primary_paired_cost_contrasts.csv,DE_LU_FR_BE,,,,,,,,,,,,,,,,,,,,,,,,,,,,,,,,,,,,,,,,,,,,forecast_early_logit__count2023_target05,forecast_hour_logit__count2023_target05,process,4.044,-3.952525,13.03605,2000.0,,0.0005,-18.956,27.044
G_primary_paired_cost_contrasts,early_price/primary_paired_cost_contrasts.csv,DE_LU_FR_BE,,,,,,,,,,,,,,,,,,,,,,,,,,,,,,,,,,,,,,,,,,,,forecast_early_logit__count2023_target05,forecast_hour_logit__count2023_target05,process,4.088,-3.90505,13.0721,2000.0,,0.001,-18.912,27.088
G_primary_paired_cost_contrasts,early_price/primary_paired_cost_contrasts.csv,DE_LU_FR_BE,,,,,,,,,,,,,,,,,,,,,,,,,,,,,,,,,,,,,,,,,,,,forecast_early_logit__count2023_target05,forecast_hour_logit__count2023_target05,process,4.132,-3.857575,13.10815,2000.0,,0.0015,-18.868,27.132
G_primary_paired_cost_contrasts,early_price/primary_paired_cost_contrasts.csv,DE_LU_FR_BE,,,,,,,,,,,,,,,,,,,,,,,,,,,,,,,,,,,,,,,,,,,,forecast_early_logit__count2023_target05,forecast_hour_logit__count2023_target05,process,4.176,-3.8101,13.1442,2000.0,,0.002,-18.824,27.176
G_primary_paired_cost_contrasts,early_price/primary_paired_cost_contrasts.csv,DE_LU_FR_BE,,,,,,,,,,,,,,,,,,,,,,,,,,,,,,,,,,,,,,,,,,,,forecast_early_logit__count2023_target05,forecast_hour_logit__count2023_target05,process,4.22,-3.762625,13.18025,2000.0,,0.0025,-18.78,27.22
G_primary_paired_cost_contrasts,early_price/primary_paired_cost_contrasts.csv,DE_LU_FR_BE,,,,,,,,,,,,,,,,,,,,,,,,,,,,,,,,,,,,,,,,,,,,forecast_early_logit__count2023_target05,forecast_hour_logit__count2023_target05,process,4.264,-3.71515,13.216299999999997,2000.0,,0.003,-18.736,27.264
G_primary_paired_cost_contrasts,early_price/primary_paired_cost_contrasts.csv,DE_LU_FR_BE,,,,,,,,,,,,,,,,,,,,,,,,,,,,,,,,,,,,,,,,,,,,forecast_early_logit__count2023_target05,forecast_hour_logit__count2023_target05,process,4.308,-3.667675,13.252349999999998,2000.0,,0.0035,-18.692,27.308
G_primary_paired_cost_contrasts,early_price/primary_paired_cost_contrasts.csv,DE_LU_FR_BE,,,,,,,,,,,,,,,,,,,,,,,,,,,,,,,,,,,,,,,,,,,,forecast_early_logit__count2023_target05,forecast_hour_logit__count2023_target05,process,4.352,-3.6202,13.288399999999998,2000.0,,0.004,-18.648,27.352
G_primary_paired_cost_contrasts,early_price/primary_paired_cost_contrasts.csv,DE_LU_FR_BE,,,,,,,,,,,,,,,,,,,,,,,,,,,,,,,,,,,,,,,,,,,,forecast_early_logit__count2023_target05,forecast_hour_logit__count2023_target05,process,4.396,-3.572725,13.324449999999995,2000.0,,0.0045,-18.604,27.396
G_primary_paired_cost_contrasts,early_price/primary_paired_cost_contrasts.csv,DE_LU_FR_BE,,,,,,,,,,,,,,,,,,,,,,,,,,,,,,,,,,,,,,,,,,,,forecast_early_logit__count2023_target05,forecast_hour_logit__count2023_target05,process,4.44,-3.52525,13.360499999999996,2000.0,,0.005,-18.56,27.44
G_primary_paired_cost_contrasts,early_price/primary_paired_cost_contrasts.csv,DE_LU_FR_BE,,,,,,,,,,,,,,,,,,,,,,,,,,,,,,,,,,,,,,,,,,,,forecast_early_logit__count2023_target05,forecast_hour_logit__count2023_target05,process,4.484,-3.477775,13.396549999999998,2000.0,,0.0055,-18.516,27.484
G_primary_paired_cost_contrasts,early_price/primary_paired_cost_contrasts.csv,DE_LU_FR_BE,,,,,,,,,,,,,,,,,,,,,,,,,,,,,,,,,,,,,,,,,,,,forecast_early_logit__count2023_target05,forecast_hour_logit__count2023_target05,process,4.5280000000000005,-3.4303,13.432599999999995,2000.0,,0.006,-18.472,27.528
G_primary_paired_cost_contrasts,early_price/primary_paired_cost_contrasts.csv,DE_LU_FR_BE,,,,,,,,,,,,,,,,,,,,,,,,,,,,,,,,,,,,,,,,,,,,forecast_early_logit__count2023_target05,forecast_hour_logit__count2023_target05,process,4.572,-3.382825,13.468649999999997,2000.0,,0.0065,-18.428,27.572
G_primary_paired_cost_contrasts,early_price/primary_paired_cost_contrasts.csv,DE_LU_FR_BE,,,,,,,,,,,,,,,,,,,,,,,,,,,,,,,,,,,,,,,,,,,,forecast_early_logit__count2023_target05,forecast_hour_logit__count2023_target05,process,4.616,-3.33535,13.504699999999996,2000.0,,0.007,-18.384,27.616
G_primary_paired_cost_contrasts,early_price/primary_paired_cost_contrasts.csv,DE_LU_FR_BE,,,,,,,,,,,,,,,,,,,,,,,,,,,,,,,,,,,,,,,,,,,,forecast_early_logit__count2023_target05,forecast_hour_logit__count2023_target05,process,4.66,-3.287875,13.540749999999996,2000.0,,0.0075,-18.34,27.66
G_primary_paired_cost_contrasts,early_price/primary_paired_cost_contrasts.csv,DE_LU_FR_BE,,,,,,,,,,,,,,,,,,,,,,,,,,,,,,,,,,,,,,,,,,,,forecast_early_logit__count2023_target05,forecast_hour_logit__count2023_target05,process,4.704,-3.2404,13.576799999999997,2000.0,,0.008,-18.296,27.704
G_primary_paired_cost_contrasts,early_price/primary_paired_cost_contrasts.csv,DE_LU_FR_BE,,,,,,,,,,,,,,,,,,,,,,,,,,,,,,,,,,,,,,,,,,,,forecast_early_logit__count2023_target05,forecast_hour_logit__count2023_target05,process,4.748,-3.192925,13.612849999999996,2000.0,,0.0085,-18.252,27.748
G_primary_paired_cost_contrasts,early_price/primary_paired_cost_contrasts.csv,DE_LU_FR_BE,,,,,,,,,,,,,,,,,,,,,,,,,,,,,,,,,,,,,,,,,,,,forecast_early_logit__count2023_target05,forecast_hour_logit__count2023_target05,process,4.792,-3.14545,13.648899999999994,2000.0,,0.009,-18.208,27.792
G_primary_paired_cost_contrasts,early_price/primary_paired_cost_contrasts.csv,DE_LU_FR_BE,,,,,,,,,,,,,,,,,,,,,,,,,,,,,,,,,,,,,,,,,,,,forecast_early_logit__count2023_target05,forecast_hour_logit__count2023_target05,process,4.836,-3.0979749999999995,13.684949999999995,2000.0,,0.0095,-18.164,27.836
G_primary_paired_cost_contrasts,early_price/primary_paired_cost_contrasts.csv,DE_LU_FR_BE,,,,,,,,,,,,,,,,,,,,,,,,,,,,,,,,,,,,,,,,,,,,forecast_early_logit__count2023_target05,forecast_hour_logit__count2023_target05,process,4.88,-3.0505,13.720999999999997,2000.0,,0.01,-18.12,27.88
G_primary_paired_cost_contrasts,early_price/primary_paired_cost_contrasts.csv,DE_LU_FR_BE,,,,,,,,,,,,,,,,,,,,,,,,,,,,,,,,,,,,,,,,,,,,forecast_early_logit__count2023_target05,forecast_hour_logit__count2023_target05,process,4.924,-3.003025,13.757049999999994,2000.0,,0.0105,-18.076,27.924
G_primary_paired_cost_contrasts,early_price/primary_paired_cost_contrasts.csv,DE_LU_FR_BE,,,,,,,,,,,,,,,,,,,,,,,,,,,,,,,,,,,,,,,,,,,,forecast_early_logit__count2023_target05,forecast_hour_logit__count2023_target05,process,4.968,-2.95555,13.793099999999994,2000.0,,0.011,-18.032,27.968
G_primary_paired_cost_contrasts,early_price/primary_paired_cost_contrasts.csv,DE_LU_FR_BE,,,,,,,,,,,,,,,,,,,,,,,,,,,,,,,,,,,,,,,,,,,,forecast_early_logit__count2023_target05,forecast_hour_logit__count2023_target05,process,5.0120000000000005,-2.908075,13.829149999999991,2000.0,,0.0115,-17.988,28.012
G_primary_paired_cost_contrasts,early_price/primary_paired_cost_contrasts.csv,DE_LU_FR_BE,,,,,,,,,,,,,,,,,,,,,,,,,,,,,,,,,,,,,,,,,,,,forecast_early_logit__count2023_target05,forecast_hour_logit__count2023_target05,process,5.056,-2.8606,13.865199999999994,2000.0,,0.012,-17.944,28.056
G_primary_paired_cost_contrasts,early_price/primary_paired_cost_contrasts.csv,DE_LU_FR_BE,,,,,,,,,,,,,,,,,,,,,,,,,,,,,,,,,,,,,,,,,,,,forecast_early_logit__count2023_target05,forecast_hour_logit__count2023_target05,process,5.1,-2.813125,13.901249999999994,2000.0,,0.0125,-17.9,28.1
G_primary_paired_cost_contrasts,early_price/primary_paired_cost_contrasts.csv,DE_LU_FR_BE,,,,,,,,,,,,,,,,,,,,,,,,,,,,,,,,,,,,,,,,,,,,forecast_early_logit__count2023_target05,forecast_hour_logit__count2023_target05,process,5.144,-2.7656499999999995,13.937299999999992,2000.0,,0.013,-17.856,28.144
G_primary_paired_cost_contrasts,early_price/primary_paired_cost_contrasts.csv,DE_LU_FR_BE,,,,,,,,,,,,,,,,,,,,,,,,,,,,,,,,,,,,,,,,,,,,forecast_early_logit__count2023_target05,forecast_hour_logit__count2023_target05,process,5.188000000000001,-2.718175,13.973349999999993,2000.0,,0.0135,-17.811999999999998,28.188
G_primary_paired_cost_contrasts,early_price/primary_paired_cost_contrasts.csv,DE_LU_FR_BE,,,,,,,,,,,,,,,,,,,,,,,,,,,,,,,,,,,,,,,,,,,,forecast_early_logit__count2023_target05,forecast_hour_logit__count2023_target05,process,5.232,-2.6707,14.009399999999992,2000.0,,0.014,-17.768,28.232
G_primary_paired_cost_contrasts,early_price/primary_paired_cost_contrasts.csv,DE_LU_FR_BE,,,,,,,,,,,,,,,,,,,,,,,,,,,,,,,,,,,,,,,,,,,,forecast_early_logit__count2023_target05,forecast_hour_logit__count2023_target05,process,5.276,-2.623225,14.045449999999992,2000.0,,0.0145,-17.724,28.276
G_primary_paired_cost_contrasts,early_price/primary_paired_cost_contrasts.csv,DE_LU_FR_BE,,,,,,,,,,,,,,,,,,,,,,,,,,,,,,,,,,,,,,,,,,,,forecast_early_logit__count2023_target05,forecast_hour_logit__count2023_target05,process,5.32,-2.57575,14.081499999999991,2000.0,,0.015,-17.68,28.32
G_primary_paired_cost_contrasts,early_price/primary_paired_cost_contrasts.csv,DE_LU_FR_BE,,,,,,,,,,,,,,,,,,,,,,,,,,,,,,,,,,,,,,,,,,,,forecast_early_logit__count2023_target05,forecast_hour_logit__count2023_target05,process,5.76,-2.1009999999999995,14.441999999999988,2000.0,,0.02,-17.240000000000002,28.76
G_primary_paired_cost_contrasts,early_price/primary_paired_cost_contrasts.csv,DE_LU_FR_BE,,,,,,,,,,,,,,,,,,,,,,,,,,,,,,,,,,,,,,,,,,,,forecast_early_logit__count2023_target05,forecast_hour_logit__count2023_target05,process,6.64,-1.1514999999999995,15.162999999999984,2000.0,,0.03,-16.36,29.64
G_primary_paired_cost_contrasts,early_price/primary_paired_cost_contrasts.csv,DE_LU_FR_BE,,,,,,,,,,,,,,,,,,,,,,,,,,,,,,,,,,,,,,,,,,,,forecast_early_logit__count2023_target05,forecast_hour_logit__count2023_target05,process,8.4,0.75,17.0,2000.0,,0.05,-14.6,31.4
G_primary_paired_cost_contrasts,early_price/primary_paired_cost_contrasts.csv,DE_LU_FR_BE,,,,,,,,,,,,,,,,,,,,,,,,,,,,,,,,,,,,,,,,,,,,forecast_early_logit__count2023_target05,forecast_hour_logit__count2023_target05,process,12.8,5.300000000000001,21.502499999999987,2000.0,,0.1,-10.2,35.8
G_primary_paired_cost_contrasts,early_price/primary_paired_cost_contrasts.csv,DE_LU_FR_BE,,,,,,,,,,,,,,,,,,,,,,,,,,,,,,,,,,,,,,,,,,,,forecast_early_logit__count2023_target05,forecast_hour_logit__count2023_target05,process,21.6,13.8,31.200000000000003,2000.0,,0.2,-1.3999999999999986,44.6
G_primary_paired_cost_contrasts,early_price/primary_paired_cost_contrasts.csv,DE_LU_FR_BE,,,,,,,,,,,,,,,,,,,,,,,,,,,,,,,,,,,,,,,,,,,,forecast_early_logit__count2023_target05,forecast_hour_logit__count2023_target05,process,26.0,18.0,36.256249999999966,2000.0,,0.25,3.0,49.0
G_primary_paired_cost_contrasts,early_price/primary_paired_cost_contrasts.csv,DE_LU_FR_BE,,,,,,,,,,,,,,,,,,,,,,,,,,,,,,,,,,,,,,,,,,,,forecast_early_logit__count2023_target05,forecast_hour_logit__count2023_target05,process,48.0,37.4875,63.0,2000.0,,0.5,25.0,71.0
G_primary_paired_cost_contrasts,early_price/primary_paired_cost_contrasts.csv,DE_LU_FR_BE,,,,,,,,,,,,,,,,,,,,,,,,,,,,,,,,,,,,,,,,,,,,forecast_early_logit__count2023_target05,forecast_hour_logit__count2023_target05,process,92.0,74.0,118.0,2000.0,,1.0,69.0,115.0
G_primary_paired_cost_contrasts,early_price/primary_paired_cost_contrasts.csv,DE_LU_FR_BE,,,,,,,,,,,,,,,,,,,,,,,,,,,,,,,,,,,,,,,,,,,,forecast_early_logit__count2023_target05,forecast_hour_logit__count2023_target05,hour,-17.0,-39.0,-5.0,2000.0,,0.0,-42.0,8.0
G_primary_paired_cost_contrasts,early_price/primary_paired_cost_contrasts.csv,DE_LU_FR_BE,,,,,,,,,,,,,,,,,,,,,,,,,,,,,,,,,,,,,,,,,,,,forecast_early_logit__count2023_target05,forecast_hour_logit__count2023_target05,hour,-16.956,-38.9486375,-4.961475,2000.0,,0.0005,-41.956,8.044
G_primary_paired_cost_contrasts,early_price/primary_paired_cost_contrasts.csv,DE_LU_FR_BE,,,,,,,,,,,,,,,,,,,,,,,,,,,,,,,,,,,,,,,,,,,,forecast_early_logit__count2023_target05,forecast_hour_logit__count2023_target05,hour,-16.912,-38.897275,-4.92295,2000.0,,0.001,-41.912,8.088000000000001
G_primary_paired_cost_contrasts,early_price/primary_paired_cost_contrasts.csv,DE_LU_FR_BE,,,,,,,,,,,,,,,,,,,,,,,,,,,,,,,,,,,,,,,,,,,,forecast_early_logit__count2023_target05,forecast_hour_logit__count2023_target05,hour,-16.868,-38.8459125,-4.884425,2000.0,,0.0015,-41.868,8.132000000000001
G_primary_paired_cost_contrasts,early_price/primary_paired_cost_contrasts.csv,DE_LU_FR_BE,,,,,,,,,,,,,,,,,,,,,,,,,,,,,,,,,,,,,,,,,,,,forecast_early_logit__count2023_target05,forecast_hour_logit__count2023_target05,hour,-16.824,-38.79455,-4.8459,2000.0,,0.002,-41.824,8.175999999999998
G_primary_paired_cost_contrasts,early_price/primary_paired_cost_contrasts.csv,DE_LU_FR_BE,,,,,,,,,,,,,,,,,,,,,,,,,,,,,,,,,,,,,,,,,,,,forecast_early_logit__count2023_target05,forecast_hour_logit__count2023_target05,hour,-16.78,-38.7431875,-4.807375,2000.0,,0.0025,-41.78,8.219999999999999
G_primary_paired_cost_contrasts,early_price/primary_paired_cost_contrasts.csv,DE_LU_FR_BE,,,,,,,,,,,,,,,,,,,,,,,,,,,,,,,,,,,,,,,,,,,,forecast_early_logit__count2023_target05,forecast_hour_logit__count2023_target05,hour,-16.736,-38.691825,-4.768850000000001,2000.0,,0.003,-41.736,8.264
G_primary_paired_cost_contrasts,early_price/primary_paired_cost_contrasts.csv,DE_LU_FR_BE,,,,,,,,,,,,,,,,,,,,,,,,,,,,,,,,,,,,,,,,,,,,forecast_early_logit__count2023_target05,forecast_hour_logit__count2023_target05,hour,-16.692,-38.6404625,-4.7303250000000014,2000.0,,0.0035,-41.692,8.308
G_primary_paired_cost_contrasts,early_price/primary_paired_cost_contrasts.csv,DE_LU_FR_BE,,,,,,,,,,,,,,,,,,,,,,,,,,,,,,,,,,,,,,,,,,,,forecast_early_logit__count2023_target05,forecast_hour_logit__count2023_target05,hour,-16.648,-38.5891,-4.6918000000000015,2000.0,,0.004,-41.648,8.352
G_primary_paired_cost_contrasts,early_price/primary_paired_cost_contrasts.csv,DE_LU_FR_BE,,,,,,,,,,,,,,,,,,,,,,,,,,,,,,,,,,,,,,,,,,,,forecast_early_logit__count2023_target05,forecast_hour_logit__count2023_target05,hour,-16.604,-38.5377375,-4.653275000000002,2000.0,,0.0045,-41.604,8.396
G_primary_paired_cost_contrasts,early_price/primary_paired_cost_contrasts.csv,DE_LU_FR_BE,,,,,,,,,,,,,,,,,,,,,,,,,,,,,,,,,,,,,,,,,,,,forecast_early_logit__count2023_target05,forecast_hour_logit__count2023_target05,hour,-16.56,-38.486375,-4.614750000000002,2000.0,,0.005,-41.56,8.440000000000001
G_primary_paired_cost_contrasts,early_price/primary_paired_cost_contrasts.csv,DE_LU_FR_BE,,,,,,,,,,,,,,,,,,,,,,,,,,,,,,,,,,,,,,,,,,,,forecast_early_logit__count2023_target05,forecast_hour_logit__count2023_target05,hour,-16.516,-38.4350125,-4.576225000000002,2000.0,,0.0055,-41.516,8.484000000000002
G_primary_paired_cost_contrasts,early_price/primary_paired_cost_contrasts.csv,DE_LU_FR_BE,,,,,,,,,,,,,,,,,,,,,,,,,,,,,,,,,,,,,,,,,,,,forecast_early_logit__count2023_target05,forecast_hour_logit__count2023_target05,hour,-16.472,-38.38365,-4.537700000000002,2000.0,,0.006,-41.472,8.527999999999999
G_primary_paired_cost_contrasts,early_price/primary_paired_cost_contrasts.csv,DE_LU_FR_BE,,,,,,,,,,,,,,,,,,,,,,,,,,,,,,,,,,,,,,,,,,,,forecast_early_logit__count2023_target05,forecast_hour_logit__count2023_target05,hour,-16.428,-38.3322875,-4.499175000000002,2000.0,,0.0065,-41.428,8.572
G_primary_paired_cost_contrasts,early_price/primary_paired_cost_contrasts.csv,DE_LU_FR_BE,,,,,,,,,,,,,,,,,,,,,,,,,,,,,,,,,,,,,,,,,,,,forecast_early_logit__count2023_target05,forecast_hour_logit__count2023_target05,hour,-16.384,-38.280925,-4.460650000000002,2000.0,,0.007,-41.384,8.616
G_primary_paired_cost_contrasts,early_price/primary_paired_cost_contrasts.csv,DE_LU_FR_BE,,,,,,,,,,,,,,,,,,,,,,,,,,,,,,,,,,,,,,,,,,,,forecast_early_logit__count2023_target05,forecast_hour_logit__count2023_target05,hour,-16.34,-38.2295625,-4.422125000000002,2000.0,,0.0075,-41.34,8.66
G_primary_paired_cost_contrasts,early_price/primary_paired_cost_contrasts.csv,DE_LU_FR_BE,,,,,,,,,,,,,,,,,,,,,,,,,,,,,,,,,,,,,,,,,,,,forecast_early_logit__count2023_target05,forecast_hour_logit__count2023_target05,hour,-16.296,-38.1782,-4.383600000000002,2000.0,,0.008,-41.296,8.704
G_primary_paired_cost_contrasts,early_price/primary_paired_cost_contrasts.csv,DE_LU_FR_BE,,,,,,,,,,,,,,,,,,,,,,,,,,,,,,,,,,,,,,,,,,,,forecast_early_logit__count2023_target05,forecast_hour_logit__count2023_target05,hour,-16.252,-38.1268375,-4.345075000000002,2000.0,,0.0085,-41.252,8.748000000000001
G_primary_paired_cost_contrasts,early_price/primary_paired_cost_contrasts.csv,DE_LU_FR_BE,,,,,,,,,,,,,,,,,,,,,,,,,,,,,,,,,,,,,,,,,,,,forecast_early_logit__count2023_target05,forecast_hour_logit__count2023_target05,hour,-16.208,-38.075475,-4.306550000000003,2000.0,,0.009,-41.208,8.792000000000002
G_primary_paired_cost_contrasts,early_price/primary_paired_cost_contrasts.csv,DE_LU_FR_BE,,,,,,,,,,,,,,,,,,,,,,,,,,,,,,,,,,,,,,,,,,,,forecast_early_logit__count2023_target05,forecast_hour_logit__count2023_target05,hour,-16.164,-38.0241125,-4.268025000000002,2000.0,,0.0095,-41.164,8.835999999999999
G_primary_paired_cost_contrasts,early_price/primary_paired_cost_contrasts.csv,DE_LU_FR_BE,,,,,,,,,,,,,,,,,,,,,,,,,,,,,,,,,,,,,,,,,,,,forecast_early_logit__count2023_target05,forecast_hour_logit__count2023_target05,hour,-16.12,-37.97275,-4.229500000000003,2000.0,,0.01,-41.120000000000005,8.879999999999999
G_primary_paired_cost_contrasts,early_price/primary_paired_cost_contrasts.csv,DE_LU_FR_BE,,,,,,,,,,,,,,,,,,,,,,,,,,,,,,,,,,,,,,,,,,,,forecast_early_logit__count2023_target05,forecast_hour_logit__count2023_target05,hour,-16.076,-37.9213875,-4.190975000000003,2000.0,,0.0105,-41.076,8.924
G_primary_paired_cost_contrasts,early_price/primary_paired_cost_contrasts.csv,DE_LU_FR_BE,,,,,,,,,,,,,,,,,,,,,,,,,,,,,,,,,,,,,,,,,,,,forecast_early_logit__count2023_target05,forecast_hour_logit__count2023_target05,hour,-16.032,-37.870025,-4.152450000000003,2000.0,,0.011,-41.032,8.968
G_primary_paired_cost_contrasts,early_price/primary_paired_cost_contrasts.csv,DE_LU_FR_BE,,,,,,,,,,,,,,,,,,,,,,,,,,,,,,,,,,,,,,,,,,,,forecast_early_logit__count2023_target05,forecast_hour_logit__count2023_target05,hour,-15.988,-37.8186625,-4.113925000000003,2000.0,,0.0115,-40.988,9.012
G_primary_paired_cost_contrasts,early_price/primary_paired_cost_contrasts.csv,DE_LU_FR_BE,,,,,,,,,,,,,,,,,,,,,,,,,,,,,,,,,,,,,,,,,,,,forecast_early_logit__count2023_target05,forecast_hour_logit__count2023_target05,hour,-15.944,-37.767300000000006,-4.075400000000003,2000.0,,0.012,-40.944,9.056
G_primary_paired_cost_contrasts,early_price/primary_paired_cost_contrasts.csv,DE_LU_FR_BE,,,,,,,,,,,,,,,,,,,,,,,,,,,,,,,,,,,,,,,,,,,,forecast_early_logit__count2023_target05,forecast_hour_logit__count2023_target05,hour,-15.9,-37.7159375,-4.036875000000003,2000.0,,0.0125,-40.9,9.1
G_primary_paired_cost_contrasts,early_price/primary_paired_cost_contrasts.csv,DE_LU_FR_BE,,,,,,,,,,,,,,,,,,,,,,,,,,,,,,,,,,,,,,,,,,,,forecast_early_logit__count2023_target05,forecast_hour_logit__count2023_target05,hour,-15.856,-37.664575,-3.9983500000000034,2000.0,,0.013,-40.856,9.144
G_primary_paired_cost_contrasts,early_price/primary_paired_cost_contrasts.csv,DE_LU_FR_BE,,,,,,,,,,,,,,,,,,,,,,,,,,,,,,,,,,,,,,,,,,,,forecast_early_logit__count2023_target05,forecast_hour_logit__count2023_target05,hour,-15.812,-37.6132125,-3.959825000000004,2000.0,,0.0135,-40.812,9.188
G_primary_paired_cost_contrasts,early_price/primary_paired_cost_contrasts.csv,DE_LU_FR_BE,,,,,,,,,,,,,,,,,,,,,,,,,,,,,,,,,,,,,,,,,,,,forecast_early_logit__count2023_target05,forecast_hour_logit__count2023_target05,hour,-15.768,-37.56185,-3.921300000000004,2000.0,,0.014,-40.768,9.232
G_primary_paired_cost_contrasts,early_price/primary_paired_cost_contrasts.csv,DE_LU_FR_BE,,,,,,,,,,,,,,,,,,,,,,,,,,,,,,,,,,,,,,,,,,,,forecast_early_logit__count2023_target05,forecast_hour_logit__count2023_target05,hour,-15.724,-37.5104875,-3.882775000000004,2000.0,,0.0145,-40.724,9.276
G_primary_paired_cost_contrasts,early_price/primary_paired_cost_contrasts.csv,DE_LU_FR_BE,,,,,,,,,,,,,,,,,,,,,,,,,,,,,,,,,,,,,,,,,,,,forecast_early_logit__count2023_target05,forecast_hour_logit__count2023_target05,hour,-15.68,-37.459125,-3.844250000000004,2000.0,,0.015,-40.68,9.32
G_primary_paired_cost_contrasts,early_price/primary_paired_cost_contrasts.csv,DE_LU_FR_BE,,,,,,,,,,,,,,,,,,,,,,,,,,,,,,,,,,,,,,,,,,,,forecast_early_logit__count2023_target05,forecast_hour_logit__count2023_target05,hour,-15.24,-36.9455,-3.4590000000000054,2000.0,,0.02,-40.24,9.76
G_primary_paired_cost_contrasts,early_price/primary_paired_cost_contrasts.csv,DE_LU_FR_BE,,,,,,,,,,,,,,,,,,,,,,,,,,,,,,,,,,,,,,,,,,,,forecast_early_logit__count2023_target05,forecast_hour_logit__count2023_target05,hour,-14.36,-35.91824999999999,-2.6885000000000083,2000.0,,0.03,-39.36,10.64
G_primary_paired_cost_contrasts,early_price/primary_paired_cost_contrasts.csv,DE_LU_FR_BE,,,,,,,,,,,,,,,,,,,,,,,,,,,,,,,,,,,,,,,,,,,,forecast_early_logit__count2023_target05,forecast_hour_logit__count2023_target05,hour,-12.6,-34.1,-0.9475000000000138,2000.0,,0.05,-37.6,12.4
G_primary_paired_cost_contrasts,early_price/primary_paired_cost_contrasts.csv,DE_LU_FR_BE,,,,,,,,,,,,,,,,,,,,,,,,,,,,,,,,,,,,,,,,,,,,forecast_early_logit__count2023_target05,forecast_hour_logit__count2023_target05,hour,-8.2,-29.4,3.304999999999973,2000.0,,0.1,-33.2,16.8
G_primary_paired_cost_contrasts,early_price/primary_paired_cost_contrasts.csv,DE_LU_FR_BE,,,,,,,,,,,,,,,,,,,,,,,,,,,,,,,,,,,,,,,,,,,,forecast_early_logit__count2023_target05,forecast_hour_logit__count2023_target05,hour,0.6000000000000014,-20.0,12.604999999999974,2000.0,,0.2,-24.4,25.6
G_primary_paired_cost_contrasts,early_price/primary_paired_cost_contrasts.csv,DE_LU_FR_BE,,,,,,,,,,,,,,,,,,,,,,,,,,,,,,,,,,,,,,,,,,,,forecast_early_logit__count2023_target05,forecast_hour_logit__count2023_target05,hour,5.0,-15.5,17.256249999999966,2000.0,,0.25,-20.0,30.0
G_primary_paired_cost_contrasts,early_price/primary_paired_cost_contrasts.csv,DE_LU_FR_BE,,,,,,,,,,,,,,,,,,,,,,,,,,,,,,,,,,,,,,,,,,,,forecast_early_logit__count2023_target05,forecast_hour_logit__count2023_target05,hour,27.0,7.0,42.0,2000.0,,0.5,2.0,52.0
G_primary_paired_cost_contrasts,early_price/primary_paired_cost_contrasts.csv,DE_LU_FR_BE,,,,,,,,,,,,,,,,,,,,,,,,,,,,,,,,,,,,,,,,,,,,forecast_early_logit__count2023_target05,forecast_hour_logit__count2023_target05,hour,71.0,46.0,94.0,2000.0,,1.0,46.0,96.0
G_primary_paired_cost_contrasts,early_price/primary_paired_cost_contrasts.csv,DE_LU_FR_BE,,,,,,,,,,,,,,,,,,,,,,,,,,,,,,,,,,,,,,,,,,,,forecast_early_logit__count2023_target05,original_M0__fixed025,process,9.0,-1.0,18.0,2000.0,,0.0,-30.0,48.0
G_primary_paired_cost_contrasts,early_price/primary_paired_cost_contrasts.csv,DE_LU_FR_BE,,,,,,,,,,,,,,,,,,,,,,,,,,,,,,,,,,,,,,,,,,,,forecast_early_logit__count2023_target05,original_M0__fixed025,process,8.9415,-1.0580125,17.9365,2000.0,,0.0005,-30.0585,47.9415
G_primary_paired_cost_contrasts,early_price/primary_paired_cost_contrasts.csv,DE_LU_FR_BE,,,,,,,,,,,,,,,,,,,,,,,,,,,,,,,,,,,,,,,,,,,,forecast_early_logit__count2023_target05,original_M0__fixed025,process,8.883,-1.116025,17.873,2000.0,,0.001,-30.117,47.883
G_primary_paired_cost_contrasts,early_price/primary_paired_cost_contrasts.csv,DE_LU_FR_BE,,,,,,,,,,,,,,,,,,,,,,,,,,,,,,,,,,,,,,,,,,,,forecast_early_logit__count2023_target05,original_M0__fixed025,process,8.8245,-1.1740374999999998,17.8095,2000.0,,0.0015,-30.1755,47.8245
G_primary_paired_cost_contrasts,early_price/primary_paired_cost_contrasts.csv,DE_LU_FR_BE,,,,,,,,,,,,,,,,,,,,,,,,,,,,,,,,,,,,,,,,,,,,forecast_early_logit__count2023_target05,original_M0__fixed025,process,8.766,-1.23205,17.746,2000.0,,0.002,-30.234,47.766
G_primary_paired_cost_contrasts,early_price/primary_paired_cost_contrasts.csv,DE_LU_FR_BE,,,,,,,,,,,,,,,,,,,,,,,,,,,,,,,,,,,,,,,,,,,,forecast_early_logit__count2023_target05,original_M0__fixed025,process,8.7075,-1.2900625,17.6825,2000.0,,0.0025,-30.2925,47.7075
G_primary_paired_cost_contrasts,early_price/primary_paired_cost_contrasts.csv,DE_LU_FR_BE,,,,,,,,,,,,,,,,,,,,,,,,,,,,,,,,,,,,,,,,,,,,forecast_early_logit__count2023_target05,original_M0__fixed025,process,8.649,-1.348075,17.619,2000.0,,0.003,-30.351,47.649
G_primary_paired_cost_contrasts,early_price/primary_paired_cost_contrasts.csv,DE_LU_FR_BE,,,,,,,,,,,,,,,,,,,,,,,,,,,,,,,,,,,,,,,,,,,,forecast_early_logit__count2023_target05,original_M0__fixed025,process,8.5905,-1.4060875000000002,17.5555,2000.0,,0.0035,-30.4095,47.5905
G_primary_paired_cost_contrasts,early_price/primary_paired_cost_contrasts.csv,DE_LU_FR_BE,,,,,,,,,,,,,,,,,,,,,,,,,,,,,,,,,,,,,,,,,,,,forecast_early_logit__count2023_target05,original_M0__fixed025,process,8.532,-1.4641,17.492,2000.0,,0.004,-30.468,47.532
G_primary_paired_cost_contrasts,early_price/primary_paired_cost_contrasts.csv,DE_LU_FR_BE,,,,,,,,,,,,,,,,,,,,,,,,,,,,,,,,,,,,,,,,,,,,forecast_early_logit__count2023_target05,original_M0__fixed025,process,8.4735,-1.5221125,17.4285,2000.0,,0.0045,-30.5265,47.4735
G_primary_paired_cost_contrasts,early_price/primary_paired_cost_contrasts.csv,DE_LU_FR_BE,,,,,,,,,,,,,,,,,,,,,,,,,,,,,,,,,,,,,,,,,,,,forecast_early_logit__count2023_target05,original_M0__fixed025,process,8.415,-1.580125,17.365,2000.0,,0.005,-30.585,47.415
G_primary_paired_cost_contrasts,early_price/primary_paired_cost_contrasts.csv,DE_LU_FR_BE,,,,,,,,,,,,,,,,,,,,,,,,,,,,,,,,,,,,,,,,,,,,forecast_early_logit__count2023_target05,original_M0__fixed025,process,8.3565,-1.6381374999999998,17.3015,2000.0,,0.0055,-30.6435,47.3565
G_primary_paired_cost_contrasts,early_price/primary_paired_cost_contrasts.csv,DE_LU_FR_BE,,,,,,,,,,,,,,,,,,,,,,,,,,,,,,,,,,,,,,,,,,,,forecast_early_logit__count2023_target05,original_M0__fixed025,process,8.298,-1.6961500000000005,17.238,2000.0,,0.006,-30.702,47.298
G_primary_paired_cost_contrasts,early_price/primary_paired_cost_contrasts.csv,DE_LU_FR_BE,,,,,,,,,,,,,,,,,,,,,,,,,,,,,,,,,,,,,,,,,,,,forecast_early_logit__count2023_target05,original_M0__fixed025,process,8.2395,-1.7541625,17.1745,2000.0,,0.0065,-30.7605,47.2395
G_primary_paired_cost_contrasts,early_price/primary_paired_cost_contrasts.csv,DE_LU_FR_BE,,,,,,,,,,,,,,,,,,,,,,,,,,,,,,,,,,,,,,,,,,,,forecast_early_logit__count2023_target05,original_M0__fixed025,process,8.181,-1.8121750000000003,17.111,2000.0,,0.007,-30.819000000000003,47.181
G_primary_paired_cost_contrasts,early_price/primary_paired_cost_contrasts.csv,DE_LU_FR_BE,,,,,,,,,,,,,,,,,,,,,,,,,,,,,,,,,,,,,,,,,,,,forecast_early_logit__count2023_target05,original_M0__fixed025,process,8.1225,-1.8701875,17.0475,2000.0,,0.0075,-30.8775,47.1225
G_primary_paired_cost_contrasts,early_price/primary_paired_cost_contrasts.csv,DE_LU_FR_BE,,,,,,,,,,,,,,,,,,,,,,,,,,,,,,,,,,,,,,,,,,,,forecast_early_logit__count2023_target05,original_M0__fixed025,process,8.064,-1.9282,16.984,2000.0,,0.008,-30.936,47.064
G_primary_paired_cost_contrasts,early_price/primary_paired_cost_contrasts.csv,DE_LU_FR_BE,,,,,,,,,,,,,,,,,,,,,,,,,,,,,,,,,,,,,,,,,,,,forecast_early_logit__count2023_target05,original_M0__fixed025,process,8.0055,-1.9862125,16.9205,2000.0,,0.0085,-30.9945,47.0055
G_primary_paired_cost_contrasts,early_price/primary_paired_cost_contrasts.csv,DE_LU_FR_BE,,,,,,,,,,,,,,,,,,,,,,,,,,,,,,,,,,,,,,,,,,,,forecast_early_logit__count2023_target05,original_M0__fixed025,process,7.947,-2.044225,16.857,2000.0,,0.009,-31.053,46.947
G_primary_paired_cost_contrasts,early_price/primary_paired_cost_contrasts.csv,DE_LU_FR_BE,,,,,,,,,,,,,,,,,,,,,,,,,,,,,,,,,,,,,,,,,,,,forecast_early_logit__count2023_target05,original_M0__fixed025,process,7.8885,-2.1022375,16.7935,2000.0,,0.0095,-31.1115,46.8885
G_primary_paired_cost_contrasts,early_price/primary_paired_cost_contrasts.csv,DE_LU_FR_BE,,,,,,,,,,,,,,,,,,,,,,,,,,,,,,,,,,,,,,,,,,,,forecast_early_logit__count2023_target05,original_M0__fixed025,process,7.83,-2.16025,16.73,2000.0,,0.01,-31.17,46.83
G_primary_paired_cost_contrasts,early_price/primary_paired_cost_contrasts.csv,DE_LU_FR_BE,,,,,,,,,,,,,,,,,,,,,,,,,,,,,,,,,,,,,,,,,,,,forecast_early_logit__count2023_target05,original_M0__fixed025,process,7.7715,-2.2182625,16.6665,2000.0,,0.0105,-31.2285,46.7715
G_primary_paired_cost_contrasts,early_price/primary_paired_cost_contrasts.csv,DE_LU_FR_BE,,,,,,,,,,,,,,,,,,,,,,,,,,,,,,,,,,,,,,,,,,,,forecast_early_logit__count2023_target05,original_M0__fixed025,process,7.713,-2.276275,16.603,2000.0,,0.011,-31.287,46.713
G_primary_paired_cost_contrasts,early_price/primary_paired_cost_contrasts.csv,DE_LU_FR_BE,,,,,,,,,,,,,,,,,,,,,,,,,,,,,,,,,,,,,,,,,,,,forecast_early_logit__count2023_target05,original_M0__fixed025,process,7.6545,-2.3342875,16.5395,2000.0,,0.0115,-31.3455,46.6545
G_primary_paired_cost_contrasts,early_price/primary_paired_cost_contrasts.csv,DE_LU_FR_BE,,,,,,,,,,,,,,,,,,,,,,,,,,,,,,,,,,,,,,,,,,,,forecast_early_logit__count2023_target05,original_M0__fixed025,process,7.596,-2.3923000000000005,16.476,2000.0,,0.012,-31.404,46.596
G_primary_paired_cost_contrasts,early_price/primary_paired_cost_contrasts.csv,DE_LU_FR_BE,,,,,,,,,,,,,,,,,,,,,,,,,,,,,,,,,,,,,,,,,,,,forecast_early_logit__count2023_target05,original_M0__fixed025,process,7.5375,-2.4503125000000003,16.4125,2000.0,,0.0125,-31.4625,46.5375
G_primary_paired_cost_contrasts,early_price/primary_paired_cost_contrasts.csv,DE_LU_FR_BE,,,,,,,,,,,,,,,,,,,,,,,,,,,,,,,,,,,,,,,,,,,,forecast_early_logit__count2023_target05,original_M0__fixed025,process,7.479,-2.508325,16.349,2000.0,,0.013,-31.521,46.479
G_primary_paired_cost_contrasts,early_price/primary_paired_cost_contrasts.csv,DE_LU_FR_BE,,,,,,,,,,,,,,,,,,,,,,,,,,,,,,,,,,,,,,,,,,,,forecast_early_logit__count2023_target05,original_M0__fixed025,process,7.4205,-2.5663375000000004,16.2855,2000.0,,0.0135,-31.5795,46.4205
G_primary_paired_cost_contrasts,early_price/primary_paired_cost_contrasts.csv,DE_LU_FR_BE,,,,,,,,,,,,,,,,,,,,,,,,,,,,,,,,,,,,,,,,,,,,forecast_early_logit__count2023_target05,original_M0__fixed025,process,7.362,-2.62435,16.222,2000.0,,0.014,-31.638,46.362
G_primary_paired_cost_contrasts,early_price/primary_paired_cost_contrasts.csv,DE_LU_FR_BE,,,,,,,,,,,,,,,,,,,,,,,,,,,,,,,,,,,,,,,,,,,,forecast_early_logit__count2023_target05,original_M0__fixed025,process,7.3035,-2.6823625000000004,16.1585,2000.0,,0.0145,-31.6965,46.3035
G_primary_paired_cost_contrasts,early_price/primary_paired_cost_contrasts.csv,DE_LU_FR_BE,,,,,,,,,,,,,,,,,,,,,,,,,,,,,,,,,,,,,,,,,,,,forecast_early_logit__count2023_target05,original_M0__fixed025,process,7.245,-2.740375,16.095,2000.0,,0.015,-31.755,46.245
G_primary_paired_cost_contrasts,early_price/primary_paired_cost_contrasts.csv,DE_LU_FR_BE,,,,,,,,,,,,,,,,,,,,,,,,,,,,,,,,,,,,,,,,,,,,forecast_early_logit__count2023_target05,original_M0__fixed025,process,6.66,-3.3205,15.64,2000.0,,0.02,-32.34,45.66
G_primary_paired_cost_contrasts,early_price/primary_paired_cost_contrasts.csv,DE_LU_FR_BE,,,,,,,,,,,,,,,,,,,,,,,,,,,,,,,,,,,,,,,,,,,,forecast_early_logit__count2023_target05,original_M0__fixed025,process,5.49,-4.51,14.50025,2000.0,,0.03,-33.51,44.49
G_primary_paired_cost_contrasts,early_price/primary_paired_cost_contrasts.csv,DE_LU_FR_BE,,,,,,,,,,,,,,,,,,,,,,,,,,,,,,,,,,,,,,,,,,,,forecast_early_logit__count2023_target05,original_M0__fixed025,process,3.1499999999999995,-6.8525,12.351249999999991,2000.0,,0.05,-35.85,42.15
G_primary_paired_cost_contrasts,early_price/primary_paired_cost_contrasts.csv,DE_LU_FR_BE,,,,,,,,,,,,,,,,,,,,,,,,,,,,,,,,,,,,,,,,,,,,forecast_early_logit__count2023_target05,original_M0__fixed025,process,-2.700000000000001,-13.0,7.399999999999999,2000.0,,0.1,-41.7,36.3
G_primary_paired_cost_contrasts,early_price/primary_paired_cost_contrasts.csv,DE_LU_FR_BE,,,,,,,,,,,,,,,,,,,,,,,,,,,,,,,,,,,,,,,,,,,,forecast_early_logit__count2023_target05,original_M0__fixed025,process,-14.400000000000002,-26.405,-1.8000000000000007,2000.0,,0.2,-53.400000000000006,24.6
G_primary_paired_cost_contrasts,early_price/primary_paired_cost_contrasts.csv,DE_LU_FR_BE,,,,,,,,,,,,,,,,,,,,,,,,,,,,,,,,,,,,,,,,,,,,forecast_early_logit__count2023_target05,original_M0__fixed025,process,-20.25,-33.25,-6.25,2000.0,,0.25,-59.25,18.75
G_primary_paired_cost_contrasts,early_price/primary_paired_cost_contrasts.csv,DE_LU_FR_BE,,,,,,,,,,,,,,,,,,,,,,,,,,,,,,,,,,,,,,,,,,,,forecast_early_logit__count2023_target05,original_M0__fixed025,process,-49.5,-70.0,-27.0,2000.0,,0.5,-88.5,-10.5
G_primary_paired_cost_contrasts,early_price/primary_paired_cost_contrasts.csv,DE_LU_FR_BE,,,,,,,,,,,,,,,,,,,,,,,,,,,,,,,,,,,,,,,,,,,,forecast_early_logit__count2023_target05,original_M0__fixed025,process,-108.0,-144.0,-66.0,2000.0,,1.0,-147.0,-69.0
G_primary_paired_cost_contrasts,early_price/primary_paired_cost_contrasts.csv,DE_LU_FR_BE,,,,,,,,,,,,,,,,,,,,,,,,,,,,,,,,,,,,,,,,,,,,forecast_early_logit__count2023_target05,original_M0__fixed025,hour,2.0,-24.0,20.0,2000.0,,0.0,-37.0,41.0
G_primary_paired_cost_contrasts,early_price/primary_paired_cost_contrasts.csv,DE_LU_FR_BE,,,,,,,,,,,,,,,,,,,,,,,,,,,,,,,,,,,,,,,,,,,,forecast_early_logit__count2023_target05,original_M0__fixed025,hour,1.9415,-24.0426375,19.949025,2000.0,,0.0005,-37.0585,40.9415
G_primary_paired_cost_contrasts,early_price/primary_paired_cost_contrasts.csv,DE_LU_FR_BE,,,,,,,,,,,,,,,,,,,,,,,,,,,,,,,,,,,,,,,,,,,,forecast_early_logit__count2023_target05,original_M0__fixed025,hour,1.883,-24.085275,19.89805,2000.0,,0.001,-37.117,40.883
G_primary_paired_cost_contrasts,early_price/primary_paired_cost_contrasts.csv,DE_LU_FR_BE,,,,,,,,,,,,,,,,,,,,,,,,,,,,,,,,,,,,,,,,,,,,forecast_early_logit__count2023_target05,original_M0__fixed025,hour,1.8245,-24.1279125,19.847075,2000.0,,0.0015,-37.1755,40.8245
G_primary_paired_cost_contrasts,early_price/primary_paired_cost_contrasts.csv,DE_LU_FR_BE,,,,,,,,,,,,,,,,,,,,,,,,,,,,,,,,,,,,,,,,,,,,forecast_early_logit__count2023_target05,original_M0__fixed025,hour,1.766,-24.17055,19.7961,2000.0,,0.002,-37.234,40.766
G_primary_paired_cost_contrasts,early_price/primary_paired_cost_contrasts.csv,DE_LU_FR_BE,,,,,,,,,,,,,,,,,,,,,,,,,,,,,,,,,,,,,,,,,,,,forecast_early_logit__count2023_target05,original_M0__fixed025,hour,1.7075,-24.2131875,19.745125,2000.0,,0.0025,-37.2925,40.7075
G_primary_paired_cost_contrasts,early_price/primary_paired_cost_contrasts.csv,DE_LU_FR_BE,,,,,,,,,,,,,,,,,,,,,,,,,,,,,,,,,,,,,,,,,,,,forecast_early_logit__count2023_target05,original_M0__fixed025,hour,1.649,-24.255825,19.69415,2000.0,,0.003,-37.351,40.649
G_primary_paired_cost_contrasts,early_price/primary_paired_cost_contrasts.csv,DE_LU_FR_BE,,,,,,,,,,,,,,,,,,,,,,,,,,,,,,,,,,,,,,,,,,,,forecast_early_logit__count2023_target05,original_M0__fixed025,hour,1.5905,-24.2984625,19.643175,2000.0,,0.0035,-37.4095,40.5905
G_primary_paired_cost_contrasts,early_price/primary_paired_cost_contrasts.csv,DE_LU_FR_BE,,,,,,,,,,,,,,,,,,,,,,,,,,,,,,,,,,,,,,,,,,,,forecast_early_logit__count2023_target05,original_M0__fixed025,hour,1.532,-24.3411,19.5922,2000.0,,0.004,-37.468,40.532
G_primary_paired_cost_contrasts,early_price/primary_paired_cost_contrasts.csv,DE_LU_FR_BE,,,,,,,,,,,,,,,,,,,,,,,,,,,,,,,,,,,,,,,,,,,,forecast_early_logit__count2023_target05,original_M0__fixed025,hour,1.4735,-24.3837375,19.541225,2000.0,,0.0045,-37.5265,40.4735
G_primary_paired_cost_contrasts,early_price/primary_paired_cost_contrasts.csv,DE_LU_FR_BE,,,,,,,,,,,,,,,,,,,,,,,,,,,,,,,,,,,,,,,,,,,,forecast_early_logit__count2023_target05,original_M0__fixed025,hour,1.415,-24.426375,19.49025,2000.0,,0.005,-37.585,40.415
G_primary_paired_cost_contrasts,early_price/primary_paired_cost_contrasts.csv,DE_LU_FR_BE,,,,,,,,,,,,,,,,,,,,,,,,,,,,,,,,,,,,,,,,,,,,forecast_early_logit__count2023_target05,original_M0__fixed025,hour,1.3565,-24.4690125,19.439275,2000.0,,0.0055,-37.6435,40.3565
G_primary_paired_cost_contrasts,early_price/primary_paired_cost_contrasts.csv,DE_LU_FR_BE,,,,,,,,,,,,,,,,,,,,,,,,,,,,,,,,,,,,,,,,,,,,forecast_early_logit__count2023_target05,original_M0__fixed025,hour,1.298,-24.511650000000003,19.3883,2000.0,,0.006,-37.702,40.298
G_primary_paired_cost_contrasts,early_price/primary_paired_cost_contrasts.csv,DE_LU_FR_BE,,,,,,,,,,,,,,,,,,,,,,,,,,,,,,,,,,,,,,,,,,,,forecast_early_logit__count2023_target05,original_M0__fixed025,hour,1.2395,-24.5542875,19.337325,2000.0,,0.0065,-37.7605,40.2395
G_primary_paired_cost_contrasts,early_price/primary_paired_cost_contrasts.csv,DE_LU_FR_BE,,,,,,,,,,,,,,,,,,,,,,,,,,,,,,,,,,,,,,,,,,,,forecast_early_logit__count2023_target05,original_M0__fixed025,hour,1.1809999999999998,-24.596925,19.28635,2000.0,,0.007,-37.819,40.181
G_primary_paired_cost_contrasts,early_price/primary_paired_cost_contrasts.csv,DE_LU_FR_BE,,,,,,,,,,,,,,,,,,,,,,,,,,,,,,,,,,,,,,,,,,,,forecast_early_logit__count2023_target05,original_M0__fixed025,hour,1.1225,-24.6395625,19.235375,2000.0,,0.0075,-37.8775,40.1225
G_primary_paired_cost_contrasts,early_price/primary_paired_cost_contrasts.csv,DE_LU_FR_BE,,,,,,,,,,,,,,,,,,,,,,,,,,,,,,,,,,,,,,,,,,,,forecast_early_logit__count2023_target05,original_M0__fixed025,hour,1.064,-24.6822,19.1844,2000.0,,0.008,-37.936,40.064
G_primary_paired_cost_contrasts,early_price/primary_paired_cost_contrasts.csv,DE_LU_FR_BE,,,,,,,,,,,,,,,,,,,,,,,,,,,,,,,,,,,,,,,,,,,,forecast_early_logit__count2023_target05,original_M0__fixed025,hour,1.0055,-24.7248375,19.133424999999995,2000.0,,0.0085,-37.9945,40.0055
G_primary_paired_cost_contrasts,early_price/primary_paired_cost_contrasts.csv,DE_LU_FR_BE,,,,,,,,,,,,,,,,,,,,,,,,,,,,,,,,,,,,,,,,,,,,forecast_early_logit__count2023_target05,original_M0__fixed025,hour,0.9469999999999998,-24.767475,19.08245,2000.0,,0.009,-38.053,39.947
G_primary_paired_cost_contrasts,early_price/primary_paired_cost_contrasts.csv,DE_LU_FR_BE,,,,,,,,,,,,,,,,,,,,,,,,,,,,,,,,,,,,,,,,,,,,forecast_early_logit__count2023_target05,original_M0__fixed025,hour,0.8884999999999998,-24.8101125,19.031475,2000.0,,0.0095,-38.1115,39.8885
G_primary_paired_cost_contrasts,early_price/primary_paired_cost_contrasts.csv,DE_LU_FR_BE,,,,,,,,,,,,,,,,,,,,,,,,,,,,,,,,,,,,,,,,,,,,forecast_early_logit__count2023_target05,original_M0__fixed025,hour,0.8300000000000001,-24.85275,18.9805,2000.0,,0.01,-38.17,39.83
G_primary_paired_cost_contrasts,early_price/primary_paired_cost_contrasts.csv,DE_LU_FR_BE,,,,,,,,,,,,,,,,,,,,,,,,,,,,,,,,,,,,,,,,,,,,forecast_early_logit__count2023_target05,original_M0__fixed025,hour,0.7714999999999999,-24.8953875,18.929524999999995,2000.0,,0.0105,-38.2285,39.7715
G_primary_paired_cost_contrasts,early_price/primary_paired_cost_contrasts.csv,DE_LU_FR_BE,,,,,,,,,,,,,,,,,,,,,,,,,,,,,,,,,,,,,,,,,,,,forecast_early_logit__count2023_target05,original_M0__fixed025,hour,0.7129999999999999,-24.938025,18.87855,2000.0,,0.011,-38.287,39.713
G_primary_paired_cost_contrasts,early_price/primary_paired_cost_contrasts.csv,DE_LU_FR_BE,,,,,,,,,,,,,,,,,,,,,,,,,,,,,,,,,,,,,,,,,,,,forecast_early_logit__count2023_target05,original_M0__fixed025,hour,0.6545000000000001,-24.9806625,18.827575,2000.0,,0.0115,-38.3455,39.6545
G_primary_paired_cost_contrasts,early_price/primary_paired_cost_contrasts.csv,DE_LU_FR_BE,,,,,,,,,,,,,,,,,,,,,,,,,,,,,,,,,,,,,,,,,,,,forecast_early_logit__count2023_target05,original_M0__fixed025,hour,0.5959999999999999,-25.0233,18.776599999999995,2000.0,,0.012,-38.404,39.596
G_primary_paired_cost_contrasts,early_price/primary_paired_cost_contrasts.csv,DE_LU_FR_BE,,,,,,,,,,,,,,,,,,,,,,,,,,,,,,,,,,,,,,,,,,,,forecast_early_logit__count2023_target05,original_M0__fixed025,hour,0.5374999999999999,-25.0659375,18.725625,2000.0,,0.0125,-38.4625,39.5375
G_primary_paired_cost_contrasts,early_price/primary_paired_cost_contrasts.csv,DE_LU_FR_BE,,,,,,,,,,,,,,,,,,,,,,,,,,,,,,,,,,,,,,,,,,,,forecast_early_logit__count2023_target05,original_M0__fixed025,hour,0.4789999999999998,-25.108575,18.67465,2000.0,,0.013,-38.521,39.479
G_primary_paired_cost_contrasts,early_price/primary_paired_cost_contrasts.csv,DE_LU_FR_BE,,,,,,,,,,,,,,,,,,,,,,,,,,,,,,,,,,,,,,,,,,,,forecast_early_logit__count2023_target05,original_M0__fixed025,hour,0.4204999999999999,-25.1512125,18.623675,2000.0,,0.0135,-38.5795,39.4205
G_primary_paired_cost_contrasts,early_price/primary_paired_cost_contrasts.csv,DE_LU_FR_BE,,,,,,,,,,,,,,,,,,,,,,,,,,,,,,,,,,,,,,,,,,,,forecast_early_logit__count2023_target05,original_M0__fixed025,hour,0.3619999999999999,-25.19385,18.572699999999998,2000.0,,0.014,-38.638,39.362
G_primary_paired_cost_contrasts,early_price/primary_paired_cost_contrasts.csv,DE_LU_FR_BE,,,,,,,,,,,,,,,,,,,,,,,,,,,,,,,,,,,,,,,,,,,,forecast_early_logit__count2023_target05,original_M0__fixed025,hour,0.3034999999999999,-25.236487500000003,18.521725,2000.0,,0.0145,-38.6965,39.3035
G_primary_paired_cost_contrasts,early_price/primary_paired_cost_contrasts.csv,DE_LU_FR_BE,,,,,,,,,,,,,,,,,,,,,,,,,,,,,,,,,,,,,,,,,,,,forecast_early_logit__count2023_target05,original_M0__fixed025,hour,0.2450000000000001,-25.279125,18.470749999999995,2000.0,,0.015,-38.755,39.245
G_primary_paired_cost_contrasts,early_price/primary_paired_cost_contrasts.csv,DE_LU_FR_BE,,,,,,,,,,,,,,,,,,,,,,,,,,,,,,,,,,,,,,,,,,,,forecast_early_logit__count2023_target05,original_M0__fixed025,hour,-0.3399999999999998,-25.9215,17.960999999999995,2000.0,,0.02,-39.34,38.66
G_primary_paired_cost_contrasts,early_price/primary_paired_cost_contrasts.csv,DE_LU_FR_BE,,,,,,,,,,,,,,,,,,,,,,,,,,,,,,,,,,,,,,,,,,,,forecast_early_logit__count2023_target05,original_M0__fixed025,hour,-1.5099999999999998,-27.09125,16.861999999999988,2000.0,,0.03,-40.51,37.49
G_primary_paired_cost_contrasts,early_price/primary_paired_cost_contrasts.csv,DE_LU_FR_BE,,,,,,,,,,,,,,,,,,,,,,,,,,,,,,,,,,,,,,,,,,,,forecast_early_logit__count2023_target05,original_M0__fixed025,hour,-3.850000000000001,-29.205,14.603749999999978,2000.0,,0.05,-42.85,35.15
G_primary_paired_cost_contrasts,early_price/primary_paired_cost_contrasts.csv,DE_LU_FR_BE,,,,,,,,,,,,,,,,,,,,,,,,,,,,,,,,,,,,,,,,,,,,forecast_early_logit__count2023_target05,original_M0__fixed025,hour,-9.7,-34.302499999999995,8.502499999999987,2000.0,,0.1,-48.7,29.3
G_primary_paired_cost_contrasts,early_price/primary_paired_cost_contrasts.csv,DE_LU_FR_BE,,,,,,,,,,,,,,,,,,,,,,,,,,,,,,,,,,,,,,,,,,,,forecast_early_logit__count2023_target05,original_M0__fixed025,hour,-21.4,-46.400000000000006,-2.6000000000000014,2000.0,,0.2,-60.400000000000006,17.599999999999998
G_primary_paired_cost_contrasts,early_price/primary_paired_cost_contrasts.csv,DE_LU_FR_BE,,,,,,,,,,,,,,,,,,,,,,,,,,,,,,,,,,,,,,,,,,,,forecast_early_logit__count2023_target05,original_M0__fixed025,hour,-27.25,-52.0,-7.75,2000.0,,0.25,-66.25,11.75
G_primary_paired_cost_contrasts,early_price/primary_paired_cost_contrasts.csv,DE_LU_FR_BE,,,,,,,,,,,,,,,,,,,,,,,,,,,,,,,,,,,,,,,,,,,,forecast_early_logit__count2023_target05,original_M0__fixed025,hour,-56.5,-84.5125,-32.0,2000.0,,0.5,-95.5,-17.5
G_primary_paired_cost_contrasts,early_price/primary_paired_cost_contrasts.csv,DE_LU_FR_BE,,,,,,,,,,,,,,,,,,,,,,,,,,,,,,,,,,,,,,,,,,,,forecast_early_logit__count2023_target05,original_M0__fixed025,hour,-115.0,-155.0,-76.0,2000.0,,1.0,-154.0,-76.0
G_primary_paired_cost_contrasts,early_price/primary_paired_cost_contrasts.csv,DE_LU_FR_BE,,,,,,,,,,,,,,,,,,,,,,,,,,,,,,,,,,,,,,,,,,,,forecast_early_logit__count2022_target05,original_M0__fixed025,process,8.0,-2.0,17.0,2000.0,,0.0,-25.0,41.0
G_primary_paired_cost_contrasts,early_price/primary_paired_cost_contrasts.csv,DE_LU_FR_BE,,,,,,,,,,,,,,,,,,,,,,,,,,,,,,,,,,,,,,,,,,,,forecast_early_logit__count2022_target05,original_M0__fixed025,process,7.9935,-1.9930625,16.987525,2000.0,,0.0005,-25.0065,40.9935
G_primary_paired_cost_contrasts,early_price/primary_paired_cost_contrasts.csv,DE_LU_FR_BE,,,,,,,,,,,,,,,,,,,,,,,,,,,,,,,,,,,,,,,,,,,,forecast_early_logit__count2022_target05,original_M0__fixed025,process,7.987,-1.986125,16.97505,2000.0,,0.001,-25.013,40.987
G_primary_paired_cost_contrasts,early_price/primary_paired_cost_contrasts.csv,DE_LU_FR_BE,,,,,,,,,,,,,,,,,,,,,,,,,,,,,,,,,,,,,,,,,,,,forecast_early_logit__count2022_target05,original_M0__fixed025,process,7.9805,-1.9791875,16.962574999999998,2000.0,,0.0015,-25.0195,40.9805
G_primary_paired_cost_contrasts,early_price/primary_paired_cost_contrasts.csv,DE_LU_FR_BE,,,,,,,,,,,,,,,,,,,,,,,,,,,,,,,,,,,,,,,,,,,,forecast_early_logit__count2022_target05,original_M0__fixed025,process,7.974,-1.97225,16.9501,2000.0,,0.002,-25.026,40.974
G_primary_paired_cost_contrasts,early_price/primary_paired_cost_contrasts.csv,DE_LU_FR_BE,,,,,,,,,,,,,,,,,,,,,,,,,,,,,,,,,,,,,,,,,,,,forecast_early_logit__count2022_target05,original_M0__fixed025,process,7.9675,-1.9653125,16.937625,2000.0,,0.0025,-25.0325,40.9675
G_primary_paired_cost_contrasts,early_price/primary_paired_cost_contrasts.csv,DE_LU_FR_BE,,,,,,,,,,,,,,,,,,,,,,,,,,,,,,,,,,,,,,,,,,,,forecast_early_logit__count2022_target05,original_M0__fixed025,process,7.961,-1.958375,16.92515,2000.0,,0.003,-25.039,40.961
G_primary_paired_cost_contrasts,early_price/primary_paired_cost_contrasts.csv,DE_LU_FR_BE,,,,,,,,,,,,,,,,,,,,,,,,,,,,,,,,,,,,,,,,,,,,forecast_early_logit__count2022_target05,original_M0__fixed025,process,7.9545,-1.9514375,16.912675,2000.0,,0.0035,-25.0455,40.9545
G_primary_paired_cost_contrasts,early_price/primary_paired_cost_contrasts.csv,DE_LU_FR_BE,,,,,,,,,,,,,,,,,,,,,,,,,,,,,,,,,,,,,,,,,,,,forecast_early_logit__count2022_target05,original_M0__fixed025,process,7.948,-1.9445,16.900199999999998,2000.0,,0.004,-25.052,40.948
G_primary_paired_cost_contrasts,early_price/primary_paired_cost_contrasts.csv,DE_LU_FR_BE,,,,,,,,,,,,,,,,,,,,,,,,,,,,,,,,,,,,,,,,,,,,forecast_early_logit__count2022_target05,original_M0__fixed025,process,7.9415,-1.9375625,16.887725,2000.0,,0.0045,-25.0585,40.9415
G_primary_paired_cost_contrasts,early_price/primary_paired_cost_contrasts.csv,DE_LU_FR_BE,,,,,,,,,,,,,,,,,,,,,,,,,,,,,,,,,,,,,,,,,,,,forecast_early_logit__count2022_target05,original_M0__fixed025,process,7.935,-1.930625,16.875249999999998,2000.0,,0.005,-25.065,40.935
G_primary_paired_cost_contrasts,early_price/primary_paired_cost_contrasts.csv,DE_LU_FR_BE,,,,,,,,,,,,,,,,,,,,,,,,,,,,,,,,,,,,,,,,,,,,forecast_early_logit__count2022_target05,original_M0__fixed025,process,7.9285,-1.9236875,16.862775,2000.0,,0.0055,-25.0715,40.9285
G_primary_paired_cost_contrasts,early_price/primary_paired_cost_contrasts.csv,DE_LU_FR_BE,,,,,,,,,,,,,,,,,,,,,,,,,,,,,,,,,,,,,,,,,,,,forecast_early_logit__count2022_target05,original_M0__fixed025,process,7.922,-1.91675,16.8503,2000.0,,0.006,-25.078,40.922
G_primary_paired_cost_contrasts,early_price/primary_paired_cost_contrasts.csv,DE_LU_FR_BE,,,,,,,,,,,,,,,,,,,,,,,,,,,,,,,,,,,,,,,,,,,,forecast_early_logit__count2022_target05,original_M0__fixed025,process,7.9155,-1.9098125,16.837824999999995,2000.0,,0.0065,-25.0845,40.9155
G_primary_paired_cost_contrasts,early_price/primary_paired_cost_contrasts.csv,DE_LU_FR_BE,,,,,,,,,,,,,,,,,,,,,,,,,,,,,,,,,,,,,,,,,,,,forecast_early_logit__count2022_target05,original_M0__fixed025,process,7.909,-1.902875,16.825349999999997,2000.0,,0.007,-25.091,40.909
G_primary_paired_cost_contrasts,early_price/primary_paired_cost_contrasts.csv,DE_LU_FR_BE,,,,,,,,,,,,,,,,,,,,,,,,,,,,,,,,,,,,,,,,,,,,forecast_early_logit__count2022_target05,original_M0__fixed025,process,7.9025,-1.8959375,16.812875,2000.0,,0.0075,-25.0975,40.9025
G_primary_paired_cost_contrasts,early_price/primary_paired_cost_contrasts.csv,DE_LU_FR_BE,,,,,,,,,,,,,,,,,,,,,,,,,,,,,,,,,,,,,,,,,,,,forecast_early_logit__count2022_target05,original_M0__fixed025,process,7.896,-1.889,16.8004,2000.0,,0.008,-25.104,40.896
G_primary_paired_cost_contrasts,early_price/primary_paired_cost_contrasts.csv,DE_LU_FR_BE,,,,,,,,,,,,,,,,,,,,,,,,,,,,,,,,,,,,,,,,,,,,forecast_early_logit__count2022_target05,original_M0__fixed025,process,7.8895,-1.8820625,16.787924999999998,2000.0,,0.0085,-25.1105,40.8895
G_primary_paired_cost_contrasts,early_price/primary_paired_cost_contrasts.csv,DE_LU_FR_BE,,,,,,,,,,,,,,,,,,,,,,,,,,,,,,,,,,,,,,,,,,,,forecast_early_logit__count2022_target05,original_M0__fixed025,process,7.883,-1.875125,16.775449999999996,2000.0,,0.009,-25.117,40.883
G_primary_paired_cost_contrasts,early_price/primary_paired_cost_contrasts.csv,DE_LU_FR_BE,,,,,,,,,,,,,,,,,,,,,,,,,,,,,,,,,,,,,,,,,,,,forecast_early_logit__count2022_target05,original_M0__fixed025,process,7.8765,-1.8681875,16.762974999999997,2000.0,,0.0095,-25.1235,40.8765
G_primary_paired_cost_contrasts,early_price/primary_paired_cost_contrasts.csv,DE_LU_FR_BE,,,,,,,,,,,,,,,,,,,,,,,,,,,,,,,,,,,,,,,,,,,,forecast_early_logit__count2022_target05,original_M0__fixed025,process,7.87,-1.86125,16.7505,2000.0,,0.01,-25.13,40.87
G_primary_paired_cost_contrasts,early_price/primary_paired_cost_contrasts.csv,DE_LU_FR_BE,,,,,,,,,,,,,,,,,,,,,,,,,,,,,,,,,,,,,,,,,,,,forecast_early_logit__count2022_target05,original_M0__fixed025,process,7.8635,-1.8543125,16.738024999999997,2000.0,,0.0105,-25.1365,40.8635
G_primary_paired_cost_contrasts,early_price/primary_paired_cost_contrasts.csv,DE_LU_FR_BE,,,,,,,,,,,,,,,,,,,,,,,,,,,,,,,,,,,,,,,,,,,,forecast_early_logit__count2022_target05,original_M0__fixed025,process,7.857,-1.847375,16.72555,2000.0,,0.011,-25.143,40.857
G_primary_paired_cost_contrasts,early_price/primary_paired_cost_contrasts.csv,DE_LU_FR_BE,,,,,,,,,,,,,,,,,,,,,,,,,,,,,,,,,,,,,,,,,,,,forecast_early_logit__count2022_target05,original_M0__fixed025,process,7.8505,-1.8404375,16.713074999999996,2000.0,,0.0115,-25.1495,40.8505
G_primary_paired_cost_contrasts,early_price/primary_paired_cost_contrasts.csv,DE_LU_FR_BE,,,,,,,,,,,,,,,,,,,,,,,,,,,,,,,,,,,,,,,,,,,,forecast_early_logit__count2022_target05,original_M0__fixed025,process,7.844,-1.8335,16.700599999999994,2000.0,,0.012,-25.156,40.844
G_primary_paired_cost_contrasts,early_price/primary_paired_cost_contrasts.csv,DE_LU_FR_BE,,,,,,,,,,,,,,,,,,,,,,,,,,,,,,,,,,,,,,,,,,,,forecast_early_logit__count2022_target05,original_M0__fixed025,process,7.8375,-1.8265625,16.688124999999996,2000.0,,0.0125,-25.1625,40.8375
G_primary_paired_cost_contrasts,early_price/primary_paired_cost_contrasts.csv,DE_LU_FR_BE,,,,,,,,,,,,,,,,,,,,,,,,,,,,,,,,,,,,,,,,,,,,forecast_early_logit__count2022_target05,original_M0__fixed025,process,7.831,-1.819625,16.675649999999997,2000.0,,0.013,-25.169,40.831
G_primary_paired_cost_contrasts,early_price/primary_paired_cost_contrasts.csv,DE_LU_FR_BE,,,,,,,,,,,,,,,,,,,,,,,,,,,,,,,,,,,,,,,,,,,,forecast_early_logit__count2022_target05,original_M0__fixed025,process,7.8245,-1.8126875,16.663175,2000.0,,0.0135,-25.1755,40.8245
G_primary_paired_cost_contrasts,early_price/primary_paired_cost_contrasts.csv,DE_LU_FR_BE,,,,,,,,,,,,,,,,,,,,,,,,,,,,,,,,,,,,,,,,,,,,forecast_early_logit__count2022_target05,original_M0__fixed025,process,7.818,-1.80575,16.650699999999993,2000.0,,0.014,-25.182,40.818
G_primary_paired_cost_contrasts,early_price/primary_paired_cost_contrasts.csv,DE_LU_FR_BE,,,,,,,,,,,,,,,,,,,,,,,,,,,,,,,,,,,,,,,,,,,,forecast_early_logit__count2022_target05,original_M0__fixed025,process,7.8115,-1.7988125,16.638224999999995,2000.0,,0.0145,-25.1885,40.8115
G_primary_paired_cost_contrasts,early_price/primary_paired_cost_contrasts.csv,DE_LU_FR_BE,,,,,,,,,,,,,,,,,,,,,,,,,,,,,,,,,,,,,,,,,,,,forecast_early_logit__count2022_target05,original_M0__fixed025,process,7.805,-1.811375,16.625749999999996,2000.0,,0.015,-25.195,40.805
G_primary_paired_cost_contrasts,early_price/primary_paired_cost_contrasts.csv,DE_LU_FR_BE,,,,,,,,,,,,,,,,,,,,,,,,,,,,,,,,,,,,,,,,,,,,forecast_early_logit__count2022_target05,original_M0__fixed025,process,7.74,-1.821,16.500999999999994,2000.0,,0.02,-25.26,40.74
G_primary_paired_cost_contrasts,early_price/primary_paired_cost_contrasts.csv,DE_LU_FR_BE,,,,,,,,,,,,,,,,,,,,,,,,,,,,,,,,,,,,,,,,,,,,forecast_early_logit__count2022_target05,original_M0__fixed025,process,7.61,-1.7905,16.52,2000.0,,0.03,-25.39,40.61
G_primary_paired_cost_contrasts,early_price/primary_paired_cost_contrasts.csv,DE_LU_FR_BE,,,,,,,,,,,,,,,,,,,,,,,,,,,,,,,,,,,,,,,,,,,,forecast_early_logit__count2022_target05,original_M0__fixed025,process,7.35,-2.00125,16.301249999999992,2000.0,,0.05,-25.65,40.35
G_primary_paired_cost_contrasts,early_price/primary_paired_cost_contrasts.csv,DE_LU_FR_BE,,,,,,,,,,,,,,,,,,,,,,,,,,,,,,,,,,,,,,,,,,,,forecast_early_logit__count2022_target05,original_M0__fixed025,process,6.7,-2.9025000000000003,16.0,2000.0,,0.1,-26.3,39.7
G_primary_paired_cost_contrasts,early_price/primary_paired_cost_contrasts.csv,DE_LU_FR_BE,,,,,,,,,,,,,,,,,,,,,,,,,,,,,,,,,,,,,,,,,,,,forecast_early_logit__count2022_target05,original_M0__fixed025,process,5.4,-5.405,16.2,2000.0,,0.2,-27.6,38.4
G_primary_paired_cost_contrasts,early_price/primary_paired_cost_contrasts.csv,DE_LU_FR_BE,,,,,,,,,,,,,,,,,,,,,,,,,,,,,,,,,,,,,,,,,,,,forecast_early_logit__count2022_target05,original_M0__fixed025,process,4.75,-7.0,17.0,2000.0,,0.25,-28.25,37.75
G_primary_paired_cost_contrasts,early_price/primary_paired_cost_contrasts.csv,DE_LU_FR_BE,,,,,,,,,,,,,,,,,,,,,,,,,,,,,,,,,,,,,,,,,,,,forecast_early_logit__count2022_target05,original_M0__fixed025,process,1.5,-16.0,20.5,2000.0,,0.5,-31.5,34.5
G_primary_paired_cost_contrasts,early_price/primary_paired_cost_contrasts.csv,DE_LU_FR_BE,,,,,,,,,,,,,,,,,,,,,,,,,,,,,,,,,,,,,,,,,,,,forecast_early_logit__count2022_target05,original_M0__fixed025,process,-5.0,-36.0,30.0,2000.0,,1.0,-38.0,28.0
G_primary_paired_cost_contrasts,early_price/primary_paired_cost_contrasts.csv,DE_LU_FR_BE,,,,,,,,,,,,,,,,,,,,,,,,,,,,,,,,,,,,,,,,,,,,forecast_early_logit__count2022_target05,original_M0__fixed025,hour,-9.0,-37.0,10.024999999999864,2000.0,,0.0,-42.0,24.0
G_primary_paired_cost_contrasts,early_price/primary_paired_cost_contrasts.csv,DE_LU_FR_BE,,,,,,,,,,,,,,,,,,,,,,,,,,,,,,,,,,,,,,,,,,,,forecast_early_logit__count2022_target05,original_M0__fixed025,hour,-9.0065,-36.984175,10.020612499999864,2000.0,,0.0005,-42.0065,23.9935
G_primary_paired_cost_contrasts,early_price/primary_paired_cost_contrasts.csv,DE_LU_FR_BE,,,,,,,,,,,,,,,,,,,,,,,,,,,,,,,,,,,,,,,,,,,,forecast_early_logit__count2022_target05,original_M0__fixed025,hour,-9.013,-36.96835,10.016224999999867,2000.0,,0.001,-42.013,23.987
G_primary_paired_cost_contrasts,early_price/primary_paired_cost_contrasts.csv,DE_LU_FR_BE,,,,,,,,,,,,,,,,,,,,,,,,,,,,,,,,,,,,,,,,,,,,forecast_early_logit__count2022_target05,original_M0__fixed025,hour,-9.0195,-36.952525,10.011837499999867,2000.0,,0.0015,-42.0195,23.9805
G_primary_paired_cost_contrasts,early_price/primary_paired_cost_contrasts.csv,DE_LU_FR_BE,,,,,,,,,,,,,,,,,,,,,,,,,,,,,,,,,,,,,,,,,,,,forecast_early_logit__count2022_target05,original_M0__fixed025,hour,-9.026,-36.9367,10.007449999999873,2000.0,,0.002,-42.026,23.974
G_primary_paired_cost_contrasts,early_price/primary_paired_cost_contrasts.csv,DE_LU_FR_BE,,,,,,,,,,,,,,,,,,,,,,,,,,,,,,,,,,,,,,,,,,,,forecast_early_logit__count2022_target05,original_M0__fixed025,hour,-9.0325,-36.920875,10.003062499999874,2000.0,,0.0025,-42.0325,23.9675
G_primary_paired_cost_contrasts,early_price/primary_paired_cost_contrasts.csv,DE_LU_FR_BE,,,,,,,,,,,,,,,,,,,,,,,,,,,,,,,,,,,,,,,,,,,,forecast_early_logit__count2022_target05,original_M0__fixed025,hour,-9.039,-36.90505,9.998674999999878,2000.0,,0.003,-42.039,23.961
G_primary_paired_cost_contrasts,early_price/primary_paired_cost_contrasts.csv,DE_LU_FR_BE,,,,,,,,,,,,,,,,,,,,,,,,,,,,,,,,,,,,,,,,,,,,forecast_early_logit__count2022_target05,original_M0__fixed025,hour,-9.0455,-36.889225,9.994287499999878,2000.0,,0.0035,-42.0455,23.9545
G_primary_paired_cost_contrasts,early_price/primary_paired_cost_contrasts.csv,DE_LU_FR_BE,,,,,,,,,,,,,,,,,,,,,,,,,,,,,,,,,,,,,,,,,,,,forecast_early_logit__count2022_target05,original_M0__fixed025,hour,-9.052,-36.8734,9.98989999999988,2000.0,,0.004,-42.052,23.948
G_primary_paired_cost_contrasts,early_price/primary_paired_cost_contrasts.csv,DE_LU_FR_BE,,,,,,,,,,,,,,,,,,,,,,,,,,,,,,,,,,,,,,,,,,,,forecast_early_logit__count2022_target05,original_M0__fixed025,hour,-9.0585,-36.857575,9.985512499999883,2000.0,,0.0045,-42.0585,23.9415
G_primary_paired_cost_contrasts,early_price/primary_paired_cost_contrasts.csv,DE_LU_FR_BE,,,,,,,,,,,,,,,,,,,,,,,,,,,,,,,,,,,,,,,,,,,,forecast_early_logit__count2022_target05,original_M0__fixed025,hour,-9.065,-36.841750000000005,9.981124999999883,2000.0,,0.005,-42.065,23.935
G_primary_paired_cost_contrasts,early_price/primary_paired_cost_contrasts.csv,DE_LU_FR_BE,,,,,,,,,,,,,,,,,,,,,,,,,,,,,,,,,,,,,,,,,,,,forecast_early_logit__count2022_target05,original_M0__fixed025,hour,-9.0715,-36.825925,9.976737499999889,2000.0,,0.0055,-42.0715,23.9285
G_primary_paired_cost_contrasts,early_price/primary_paired_cost_contrasts.csv,DE_LU_FR_BE,,,,,,,,,,,,,,,,,,,,,,,,,,,,,,,,,,,,,,,,,,,,forecast_early_logit__count2022_target05,original_M0__fixed025,hour,-9.078,-36.8101,9.972349999999889,2000.0,,0.006,-42.078,23.922
G_primary_paired_cost_contrasts,early_price/primary_paired_cost_contrasts.csv,DE_LU_FR_BE,,,,,,,,,,,,,,,,,,,,,,,,,,,,,,,,,,,,,,,,,,,,forecast_early_logit__count2022_target05,original_M0__fixed025,hour,-9.0845,-36.794275,9.967962499999892,2000.0,,0.0065,-42.0845,23.9155
G_primary_paired_cost_contrasts,early_price/primary_paired_cost_contrasts.csv,DE_LU_FR_BE,,,,,,,,,,,,,,,,,,,,,,,,,,,,,,,,,,,,,,,,,,,,forecast_early_logit__count2022_target05,original_M0__fixed025,hour,-9.091,-36.77845000000001,9.963574999999894,2000.0,,0.007,-42.091,23.909
G_primary_paired_cost_contrasts,early_price/primary_paired_cost_contrasts.csv,DE_LU_FR_BE,,,,,,,,,,,,,,,,,,,,,,,,,,,,,,,,,,,,,,,,,,,,forecast_early_logit__count2022_target05,original_M0__fixed025,hour,-9.0975,-36.762625,9.959187499999894,2000.0,,0.0075,-42.0975,23.9025
G_primary_paired_cost_contrasts,early_price/primary_paired_cost_contrasts.csv,DE_LU_FR_BE,,,,,,,,,,,,,,,,,,,,,,,,,,,,,,,,,,,,,,,,,,,,forecast_early_logit__count2022_target05,original_M0__fixed025,hour,-9.104,-36.7468,9.954799999999898,2000.0,,0.008,-42.104,23.896
G_primary_paired_cost_contrasts,early_price/primary_paired_cost_contrasts.csv,DE_LU_FR_BE,,,,,,,,,,,,,,,,,,,,,,,,,,,,,,,,,,,,,,,,,,,,forecast_early_logit__count2022_target05,original_M0__fixed025,hour,-9.1105,-36.730975,9.9504124999999,2000.0,,0.0085,-42.1105,23.8895
G_primary_paired_cost_contrasts,early_price/primary_paired_cost_contrasts.csv,DE_LU_FR_BE,,,,,,,,,,,,,,,,,,,,,,,,,,,,,,,,,,,,,,,,,,,,forecast_early_logit__count2022_target05,original_M0__fixed025,hour,-9.117,-36.71515,9.946024999999905,2000.0,,0.009,-42.117,23.883
G_primary_paired_cost_contrasts,early_price/primary_paired_cost_contrasts.csv,DE_LU_FR_BE,,,,,,,,,,,,,,,,,,,,,,,,,,,,,,,,,,,,,,,,,,,,forecast_early_logit__count2022_target05,original_M0__fixed025,hour,-9.1235,-36.699325,9.941637499999905,2000.0,,0.0095,-42.1235,23.8765
G_primary_paired_cost_contrasts,early_price/primary_paired_cost_contrasts.csv,DE_LU_FR_BE,,,,,,,,,,,,,,,,,,,,,,,,,,,,,,,,,,,,,,,,,,,,forecast_early_logit__count2022_target05,original_M0__fixed025,hour,-9.13,-36.6835,9.937249999999906,2000.0,,0.01,-42.13,23.87
G_primary_paired_cost_contrasts,early_price/primary_paired_cost_contrasts.csv,DE_LU_FR_BE,,,,,,,,,,,,,,,,,,,,,,,,,,,,,,,,,,,,,,,,,,,,forecast_early_logit__count2022_target05,original_M0__fixed025,hour,-9.1365,-36.667675,9.932862499999908,2000.0,,0.0105,-42.1365,23.8635
G_primary_paired_cost_contrasts,early_price/primary_paired_cost_contrasts.csv,DE_LU_FR_BE,,,,,,,,,,,,,,,,,,,,,,,,,,,,,,,,,,,,,,,,,,,,forecast_early_logit__count2022_target05,original_M0__fixed025,hour,-9.143,-36.65185,9.92847499999991,2000.0,,0.011,-42.143,23.857
G_primary_paired_cost_contrasts,early_price/primary_paired_cost_contrasts.csv,DE_LU_FR_BE,,,,,,,,,,,,,,,,,,,,,,,,,,,,,,,,,,,,,,,,,,,,forecast_early_logit__count2022_target05,original_M0__fixed025,hour,-9.1495,-36.636025,9.924087499999912,2000.0,,0.0115,-42.1495,23.8505
G_primary_paired_cost_contrasts,early_price/primary_paired_cost_contrasts.csv,DE_LU_FR_BE,,,,,,,,,,,,,,,,,,,,,,,,,,,,,,,,,,,,,,,,,,,,forecast_early_logit__count2022_target05,original_M0__fixed025,hour,-9.156,-36.6202,9.919699999999914,2000.0,,0.012,-42.156,23.844
G_primary_paired_cost_contrasts,early_price/primary_paired_cost_contrasts.csv,DE_LU_FR_BE,,,,,,,,,,,,,,,,,,,,,,,,,,,,,,,,,,,,,,,,,,,,forecast_early_logit__count2022_target05,original_M0__fixed025,hour,-9.1625,-36.604375000000005,9.915312499999915,2000.0,,0.0125,-42.1625,23.8375
G_primary_paired_cost_contrasts,early_price/primary_paired_cost_contrasts.csv,DE_LU_FR_BE,,,,,,,,,,,,,,,,,,,,,,,,,,,,,,,,,,,,,,,,,,,,forecast_early_logit__count2022_target05,original_M0__fixed025,hour,-9.169,-36.588550000000005,9.91092499999992,2000.0,,0.013,-42.169,23.831
G_primary_paired_cost_contrasts,early_price/primary_paired_cost_contrasts.csv,DE_LU_FR_BE,,,,,,,,,,,,,,,,,,,,,,,,,,,,,,,,,,,,,,,,,,,,forecast_early_logit__count2022_target05,original_M0__fixed025,hour,-9.1755,-36.572725,9.90653749999992,2000.0,,0.0135,-42.1755,23.8245
G_primary_paired_cost_contrasts,early_price/primary_paired_cost_contrasts.csv,DE_LU_FR_BE,,,,,,,,,,,,,,,,,,,,,,,,,,,,,,,,,,,,,,,,,,,,forecast_early_logit__count2022_target05,original_M0__fixed025,hour,-9.182,-36.5569,9.902149999999924,2000.0,,0.014,-42.182,23.818
G_primary_paired_cost_contrasts,early_price/primary_paired_cost_contrasts.csv,DE_LU_FR_BE,,,,,,,,,,,,,,,,,,,,,,,,,,,,,,,,,,,,,,,,,,,,forecast_early_logit__count2022_target05,original_M0__fixed025,hour,-9.1885,-36.541075,9.897762499999926,2000.0,,0.0145,-42.1885,23.8115
G_primary_paired_cost_contrasts,early_price/primary_paired_cost_contrasts.csv,DE_LU_FR_BE,,,,,,,,,,,,,,,,,,,,,,,,,,,,,,,,,,,,,,,,,,,,forecast_early_logit__count2022_target05,original_M0__fixed025,hour,-9.195,-36.52525,9.893374999999928,2000.0,,0.015,-42.195,23.805
G_primary_paired_cost_contrasts,early_price/primary_paired_cost_contrasts.csv,DE_LU_FR_BE,,,,,,,,,,,,,,,,,,,,,,,,,,,,,,,,,,,,,,,,,,,,forecast_early_logit__count2022_target05,original_M0__fixed025,hour,-9.26,-36.406,9.849499999999948,2000.0,,0.02,-42.26,23.74
G_primary_paired_cost_contrasts,early_price/primary_paired_cost_contrasts.csv,DE_LU_FR_BE,,,,,,,,,,,,,,,,,,,,,,,,,,,,,,,,,,,,,,,,,,,,forecast_early_logit__count2022_target05,original_M0__fixed025,hour,-9.39,-36.46225,9.76174999999999,2000.0,,0.03,-42.39,23.61
G_primary_paired_cost_contrasts,early_price/primary_paired_cost_contrasts.csv,DE_LU_FR_BE,,,,,,,,,,,,,,,,,,,,,,,,,,,,,,,,,,,,,,,,,,,,forecast_early_logit__count2022_target05,original_M0__fixed025,hour,-9.65,-36.4525,9.05374999999998,2000.0,,0.05,-42.65,23.35
G_primary_paired_cost_contrasts,early_price/primary_paired_cost_contrasts.csv,DE_LU_FR_BE,,,,,,,,,,,,,,,,,,,,,,,,,,,,,,,,,,,,,,,,,,,,forecast_early_logit__count2022_target05,original_M0__fixed025,hour,-10.3,-36.5,8.202499999999986,2000.0,,0.1,-43.3,22.7
G_primary_paired_cost_contrasts,early_price/primary_paired_cost_contrasts.csv,DE_LU_FR_BE,,,,,,,,,,,,,,,,,,,,,,,,,,,,,,,,,,,,,,,,,,,,forecast_early_logit__count2022_target05,original_M0__fixed025,hour,-11.6,-36.605,6.404999999999972,2000.0,,0.2,-44.6,21.4
G_primary_paired_cost_contrasts,early_price/primary_paired_cost_contrasts.csv,DE_LU_FR_BE,,,,,,,,,,,,,,,,,,,,,,,,,,,,,,,,,,,,,,,,,,,,forecast_early_logit__count2022_target05,original_M0__fixed025,hour,-12.25,-37.0,5.506249999999966,2000.0,,0.25,-45.25,20.75
G_primary_paired_cost_contrasts,early_price/primary_paired_cost_contrasts.csv,DE_LU_FR_BE,,,,,,,,,,,,,,,,,,,,,,,,,,,,,,,,,,,,,,,,,,,,forecast_early_logit__count2022_target05,original_M0__fixed025,hour,-15.5,-41.0,5.0,2000.0,,0.5,-48.5,17.5
G_primary_paired_cost_contrasts,early_price/primary_paired_cost_contrasts.csv,DE_LU_FR_BE,,,,,,,,,,,,,,,,,,,,,,,,,,,,,,,,,,,,,,,,,,,,forecast_early_logit__count2022_target05,original_M0__fixed025,hour,-22.0,-56.025,8.0,2000.0,,1.0,-55.0,11.0
G_primary_paired_cost_contrasts,early_price/primary_paired_cost_contrasts.csv,DE_LU_FR_BE,,,,,,,,,,,,,,,,,,,,,,,,,,,,,,,,,,,,,,,,,,,,forecast_early_logit__count2022_target05,forecast_hour_logit__count2022_target05,process,4.0,-4.0,12.0,2000.0,,0.0,-20.0,28.0
G_primary_paired_cost_contrasts,early_price/primary_paired_cost_contrasts.csv,DE_LU_FR_BE,,,,,,,,,,,,,,,,,,,,,,,,,,,,,,,,,,,,,,,,,,,,forecast_early_logit__count2022_target05,forecast_hour_logit__count2022_target05,process,4.0535,-3.944025,12.0620125,2000.0,,0.0005,-19.9465,28.0535
G_primary_paired_cost_contrasts,early_price/primary_paired_cost_contrasts.csv,DE_LU_FR_BE,,,,,,,,,,,,,,,,,,,,,,,,,,,,,,,,,,,,,,,,,,,,forecast_early_logit__count2022_target05,forecast_hour_logit__count2022_target05,process,4.107,-3.88805,12.124025,2000.0,,0.001,-19.893,28.107
G_primary_paired_cost_contrasts,early_price/primary_paired_cost_contrasts.csv,DE_LU_FR_BE,,,,,,,,,,,,,,,,,,,,,,,,,,,,,,,,,,,,,,,,,,,,forecast_early_logit__count2022_target05,forecast_hour_logit__count2022_target05,process,4.1605,-3.832075,12.1860375,2000.0,,0.0015,-19.8395,28.1605
G_primary_paired_cost_contrasts,early_price/primary_paired_cost_contrasts.csv,DE_LU_FR_BE,,,,,,,,,,,,,,,,,,,,,,,,,,,,,,,,,,,,,,,,,,,,forecast_early_logit__count2022_target05,forecast_hour_logit__count2022_target05,process,4.214,-3.7761,12.24805,2000.0,,0.002,-19.786,28.214
G_primary_paired_cost_contrasts,early_price/primary_paired_cost_contrasts.csv,DE_LU_FR_BE,,,,,,,,,,,,,,,,,,,,,,,,,,,,,,,,,,,,,,,,,,,,forecast_early_logit__count2022_target05,forecast_hour_logit__count2022_target05,process,4.2675,-3.720125,12.3100625,2000.0,,0.0025,-19.7325,28.2675
G_primary_paired_cost_contrasts,early_price/primary_paired_cost_contrasts.csv,DE_LU_FR_BE,,,,,,,,,,,,,,,,,,,,,,,,,,,,,,,,,,,,,,,,,,,,forecast_early_logit__count2022_target05,forecast_hour_logit__count2022_target05,process,4.321,-3.66415,12.372075,2000.0,,0.003,-19.679,28.321
G_primary_paired_cost_contrasts,early_price/primary_paired_cost_contrasts.csv,DE_LU_FR_BE,,,,,,,,,,,,,,,,,,,,,,,,,,,,,,,,,,,,,,,,,,,,forecast_early_logit__count2022_target05,forecast_hour_logit__count2022_target05,process,4.3745,-3.608175,12.4340875,2000.0,,0.0035,-19.6255,28.3745
G_primary_paired_cost_contrasts,early_price/primary_paired_cost_contrasts.csv,DE_LU_FR_BE,,,,,,,,,,,,,,,,,,,,,,,,,,,,,,,,,,,,,,,,,,,,forecast_early_logit__count2022_target05,forecast_hour_logit__count2022_target05,process,4.428,-3.5522,12.4961,2000.0,,0.004,-19.572,28.428
G_primary_paired_cost_contrasts,early_price/primary_paired_cost_contrasts.csv,DE_LU_FR_BE,,,,,,,,,,,,,,,,,,,,,,,,,,,,,,,,,,,,,,,,,,,,forecast_early_logit__count2022_target05,forecast_hour_logit__count2022_target05,process,4.4815000000000005,-3.496225,12.5581125,2000.0,,0.0045,-19.5185,28.4815
G_primary_paired_cost_contrasts,early_price/primary_paired_cost_contrasts.csv,DE_LU_FR_BE,,,,,,,,,,,,,,,,,,,,,,,,,,,,,,,,,,,,,,,,,,,,forecast_early_logit__count2022_target05,forecast_hour_logit__count2022_target05,process,4.535,-3.44025,12.620125,2000.0,,0.005,-19.465,28.535
G_primary_paired_cost_contrasts,early_price/primary_paired_cost_contrasts.csv,DE_LU_FR_BE,,,,,,,,,,,,,,,,,,,,,,,,,,,,,,,,,,,,,,,,,,,,forecast_early_logit__count2022_target05,forecast_hour_logit__count2022_target05,process,4.5885,-3.384275,12.6821375,2000.0,,0.0055,-19.4115,28.5885
G_primary_paired_cost_contrasts,early_price/primary_paired_cost_contrasts.csv,DE_LU_FR_BE,,,,,,,,,,,,,,,,,,,,,,,,,,,,,,,,,,,,,,,,,,,,forecast_early_logit__count2022_target05,forecast_hour_logit__count2022_target05,process,4.642,-3.3283,12.74415,2000.0,,0.006,-19.358,28.642
G_primary_paired_cost_contrasts,early_price/primary_paired_cost_contrasts.csv,DE_LU_FR_BE,,,,,,,,,,,,,,,,,,,,,,,,,,,,,,,,,,,,,,,,,,,,forecast_early_logit__count2022_target05,forecast_hour_logit__count2022_target05,process,4.6955,-3.272325,12.8061625,2000.0,,0.0065,-19.3045,28.6955
G_primary_paired_cost_contrasts,early_price/primary_paired_cost_contrasts.csv,DE_LU_FR_BE,,,,,,,,,,,,,,,,,,,,,,,,,,,,,,,,,,,,,,,,,,,,forecast_early_logit__count2022_target05,forecast_hour_logit__count2022_target05,process,4.7490000000000006,-3.21635,12.868175,2000.0,,0.007,-19.251,28.749
G_primary_paired_cost_contrasts,early_price/primary_paired_cost_contrasts.csv,DE_LU_FR_BE,,,,,,,,,,,,,,,,,,,,,,,,,,,,,,,,,,,,,,,,,,,,forecast_early_logit__count2022_target05,forecast_hour_logit__count2022_target05,process,4.8025,-3.160375,12.9301875,2000.0,,0.0075,-19.1975,28.8025
G_primary_paired_cost_contrasts,early_price/primary_paired_cost_contrasts.csv,DE_LU_FR_BE,,,,,,,,,,,,,,,,,,,,,,,,,,,,,,,,,,,,,,,,,,,,forecast_early_logit__count2022_target05,forecast_hour_logit__count2022_target05,process,4.856,-3.1044,12.9922,2000.0,,0.008,-19.144,28.856
G_primary_paired_cost_contrasts,early_price/primary_paired_cost_contrasts.csv,DE_LU_FR_BE,,,,,,,,,,,,,,,,,,,,,,,,,,,,,,,,,,,,,,,,,,,,forecast_early_logit__count2022_target05,forecast_hour_logit__count2022_target05,process,4.9095,-3.048425,13.054212499999998,2000.0,,0.0085,-19.0905,28.9095
G_primary_paired_cost_contrasts,early_price/primary_paired_cost_contrasts.csv,DE_LU_FR_BE,,,,,,,,,,,,,,,,,,,,,,,,,,,,,,,,,,,,,,,,,,,,forecast_early_logit__count2022_target05,forecast_hour_logit__count2022_target05,process,4.963,-2.99245,13.116224999999998,2000.0,,0.009,-19.037,28.963
G_primary_paired_cost_contrasts,early_price/primary_paired_cost_contrasts.csv,DE_LU_FR_BE,,,,,,,,,,,,,,,,,,,,,,,,,,,,,,,,,,,,,,,,,,,,forecast_early_logit__count2022_target05,forecast_hour_logit__count2022_target05,process,5.016500000000001,-2.936475,13.1782375,2000.0,,0.0095,-18.9835,29.0165
G_primary_paired_cost_contrasts,early_price/primary_paired_cost_contrasts.csv,DE_LU_FR_BE,,,,,,,,,,,,,,,,,,,,,,,,,,,,,,,,,,,,,,,,,,,,forecast_early_logit__count2022_target05,forecast_hour_logit__count2022_target05,process,5.07,-2.8805,13.24025,2000.0,,0.01,-18.93,29.07
G_primary_paired_cost_contrasts,early_price/primary_paired_cost_contrasts.csv,DE_LU_FR_BE,,,,,,,,,,,,,,,,,,,,,,,,,,,,,,,,,,,,,,,,,,,,forecast_early_logit__count2022_target05,forecast_hour_logit__count2022_target05,process,5.1235,-2.824525,13.302262499999998,2000.0,,0.0105,-18.8765,29.1235
G_primary_paired_cost_contrasts,early_price/primary_paired_cost_contrasts.csv,DE_LU_FR_BE,,,,,,,,,,,,,,,,,,,,,,,,,,,,,,,,,,,,,,,,,,,,forecast_early_logit__count2022_target05,forecast_hour_logit__count2022_target05,process,5.177,-2.76855,13.364275,2000.0,,0.011,-18.823,29.177
G_primary_paired_cost_contrasts,early_price/primary_paired_cost_contrasts.csv,DE_LU_FR_BE,,,,,,,,,,,,,,,,,,,,,,,,,,,,,,,,,,,,,,,,,,,,forecast_early_logit__count2022_target05,forecast_hour_logit__count2022_target05,process,5.2305,-2.712575,13.4262875,2000.0,,0.0115,-18.7695,29.2305
G_primary_paired_cost_contrasts,early_price/primary_paired_cost_contrasts.csv,DE_LU_FR_BE,,,,,,,,,,,,,,,,,,,,,,,,,,,,,,,,,,,,,,,,,,,,forecast_early_logit__count2022_target05,forecast_hour_logit__count2022_target05,process,5.284,-2.6566,13.488299999999995,2000.0,,0.012,-18.716,29.284
G_primary_paired_cost_contrasts,early_price/primary_paired_cost_contrasts.csv,DE_LU_FR_BE,,,,,,,,,,,,,,,,,,,,,,,,,,,,,,,,,,,,,,,,,,,,forecast_early_logit__count2022_target05,forecast_hour_logit__count2022_target05,process,5.3375,-2.6006249999999995,13.5503125,2000.0,,0.0125,-18.6625,29.3375
G_primary_paired_cost_contrasts,early_price/primary_paired_cost_contrasts.csv,DE_LU_FR_BE,,,,,,,,,,,,,,,,,,,,,,,,,,,,,,,,,,,,,,,,,,,,forecast_early_logit__count2022_target05,forecast_hour_logit__count2022_target05,process,5.391,-2.5446499999999994,13.612324999999998,2000.0,,0.013,-18.609,29.391
G_primary_paired_cost_contrasts,early_price/primary_paired_cost_contrasts.csv,DE_LU_FR_BE,,,,,,,,,,,,,,,,,,,,,,,,,,,,,,,,,,,,,,,,,,,,forecast_early_logit__count2022_target05,forecast_hour_logit__count2022_target05,process,5.4445,-2.4886749999999997,13.674337499999998,2000.0,,0.0135,-18.5555,29.4445
G_primary_paired_cost_contrasts,early_price/primary_paired_cost_contrasts.csv,DE_LU_FR_BE,,,,,,,,,,,,,,,,,,,,,,,,,,,,,,,,,,,,,,,,,,,,forecast_early_logit__count2022_target05,forecast_hour_logit__count2022_target05,process,5.498,-2.4327,13.736349999999998,2000.0,,0.014,-18.502,29.498
G_primary_paired_cost_contrasts,early_price/primary_paired_cost_contrasts.csv,DE_LU_FR_BE,,,,,,,,,,,,,,,,,,,,,,,,,,,,,,,,,,,,,,,,,,,,forecast_early_logit__count2022_target05,forecast_hour_logit__count2022_target05,process,5.5515,-2.376725,13.798362499999998,2000.0,,0.0145,-18.4485,29.5515
G_primary_paired_cost_contrasts,early_price/primary_paired_cost_contrasts.csv,DE_LU_FR_BE,,,,,,,,,,,,,,,,,,,,,,,,,,,,,,,,,,,,,,,,,,,,forecast_early_logit__count2022_target05,forecast_hour_logit__count2022_target05,process,5.605,-2.3207500000000003,13.860374999999998,2000.0,,0.015,-18.395,29.605
G_primary_paired_cost_contrasts,early_price/primary_paired_cost_contrasts.csv,DE_LU_FR_BE,,,,,,,,,,,,,,,,,,,,,,,,,,,,,,,,,,,,,,,,,,,,forecast_early_logit__count2022_target05,forecast_hour_logit__count2022_target05,process,6.140000000000001,-1.7609999999999997,14.48,2000.0,,0.02,-17.86,30.14
G_primary_paired_cost_contrasts,early_price/primary_paired_cost_contrasts.csv,DE_LU_FR_BE,,,,,,,,,,,,,,,,,,,,,,,,,,,,,,,,,,,,,,,,,,,,forecast_early_logit__count2022_target05,forecast_hour_logit__count2022_target05,process,7.21,-0.7000000000000002,15.520499999999997,2000.0,,0.03,-16.79,31.21
G_primary_paired_cost_contrasts,early_price/primary_paired_cost_contrasts.csv,DE_LU_FR_BE,,,,,,,,,,,,,,,,,,,,,,,,,,,,,,,,,,,,,,,,,,,,forecast_early_logit__count2022_target05,forecast_hour_logit__count2022_target05,process,9.35,1.4487500000000002,17.50124999999999,2000.0,,0.05,-14.65,33.35
G_primary_paired_cost_contrasts,early_price/primary_paired_cost_contrasts.csv,DE_LU_FR_BE,,,,,,,,,,,,,,,,,,,,,,,,,,,,,,,,,,,,,,,,,,,,forecast_early_logit__count2022_target05,forecast_hour_logit__count2022_target05,process,14.7,6.600000000000001,22.9,2000.0,,0.1,-9.3,38.7
G_primary_paired_cost_contrasts,early_price/primary_paired_cost_contrasts.csv,DE_LU_FR_BE,,,,,,,,,,,,,,,,,,,,,,,,,,,,,,,,,,,,,,,,,,,,forecast_early_logit__count2022_target05,forecast_hour_logit__count2022_target05,process,25.4,16.400000000000002,34.2,2000.0,,0.2,1.400000000000002,49.400000000000006
G_primary_paired_cost_contrasts,early_price/primary_paired_cost_contrasts.csv,DE_LU_FR_BE,,,,,,,,,,,,,,,,,,,,,,,,,,,,,,,,,,,,,,,,,,,,forecast_early_logit__count2022_target05,forecast_hour_logit__count2022_target05,process,30.75,20.99375,39.75,2000.0,,0.25,6.75,54.75
G_primary_paired_cost_contrasts,early_price/primary_paired_cost_contrasts.csv,DE_LU_FR_BE,,,,,,,,,,,,,,,,,,,,,,,,,,,,,,,,,,,,,,,,,,,,forecast_early_logit__count2022_target05,forecast_hour_logit__count2022_target05,process,57.5,43.0,69.5,2000.0,,0.5,33.5,81.5
G_primary_paired_cost_contrasts,early_price/primary_paired_cost_contrasts.csv,DE_LU_FR_BE,,,,,,,,,,,,,,,,,,,,,,,,,,,,,,,,,,,,,,,,,,,,forecast_early_logit__count2022_target05,forecast_hour_logit__count2022_target05,process,111.0,84.975,132.0,2000.0,,1.0,87.0,135.0
G_primary_paired_cost_contrasts,early_price/primary_paired_cost_contrasts.csv,DE_LU_FR_BE,,,,,,,,,,,,,,,,,,,,,,,,,,,,,,,,,,,,,,,,,,,,forecast_early_logit__count2022_target05,forecast_hour_logit__count2022_target05,hour,-22.0,-44.025,-8.0,2000.0,,0.0,-51.0,7.0
G_primary_paired_cost_contrasts,early_price/primary_paired_cost_contrasts.csv,DE_LU_FR_BE,,,,,,,,,,,,,,,,,,,,,,,,,,,,,,,,,,,,,,,,,,,,forecast_early_logit__count2022_target05,forecast_hour_logit__count2022_target05,hour,-21.9465,-43.9790375,-7.95695,2000.0,,0.0005,-50.9465,7.0535
G_primary_paired_cost_contrasts,early_price/primary_paired_cost_contrasts.csv,DE_LU_FR_BE,,,,,,,,,,,,,,,,,,,,,,,,,,,,,,,,,,,,,,,,,,,,forecast_early_logit__count2022_target05,forecast_hour_logit__count2022_target05,hour,-21.893,-43.933075,-7.9139,2000.0,,0.001,-50.893,7.106999999999999
G_primary_paired_cost_contrasts,early_price/primary_paired_cost_contrasts.csv,DE_LU_FR_BE,,,,,,,,,,,,,,,,,,,,,,,,,,,,,,,,,,,,,,,,,,,,forecast_early_logit__count2022_target05,forecast_hour_logit__count2022_target05,hour,-21.8395,-43.8871125,-7.870850000000002,2000.0,,0.0015,-50.8395,7.160499999999999
G_primary_paired_cost_contrasts,early_price/primary_paired_cost_contrasts.csv,DE_LU_FR_BE,,,,,,,,,,,,,,,,,,,,,,,,,,,,,,,,,,,,,,,,,,,,forecast_early_logit__count2022_target05,forecast_hour_logit__count2022_target05,hour,-21.786,-43.84115,-7.827800000000002,2000.0,,0.002,-50.786,7.213999999999999
G_primary_paired_cost_contrasts,early_price/primary_paired_cost_contrasts.csv,DE_LU_FR_BE,,,,,,,,,,,,,,,,,,,,,,,,,,,,,,,,,,,,,,,,,,,,forecast_early_logit__count2022_target05,forecast_hour_logit__count2022_target05,hour,-21.7325,-43.7951875,-7.784750000000002,2000.0,,0.0025,-50.7325,7.267499999999998
G_primary_paired_cost_contrasts,early_price/primary_paired_cost_contrasts.csv,DE_LU_FR_BE,,,,,,,,,,,,,,,,,,,,,,,,,,,,,,,,,,,,,,,,,,,,forecast_early_logit__count2022_target05,forecast_hour_logit__count2022_target05,hour,-21.679,-43.749225,-7.741700000000002,2000.0,,0.003,-50.679,7.3210000000000015
G_primary_paired_cost_contrasts,early_price/primary_paired_cost_contrasts.csv,DE_LU_FR_BE,,,,,,,,,,,,,,,,,,,,,,,,,,,,,,,,,,,,,,,,,,,,forecast_early_logit__count2022_target05,forecast_hour_logit__count2022_target05,hour,-21.6255,-43.7032625,-7.6986500000000015,2000.0,,0.0035,-50.6255,7.374500000000001
G_primary_paired_cost_contrasts,early_price/primary_paired_cost_contrasts.csv,DE_LU_FR_BE,,,,,,,,,,,,,,,,,,,,,,,,,,,,,,,,,,,,,,,,,,,,forecast_early_logit__count2022_target05,forecast_hour_logit__count2022_target05,hour,-21.572,-43.6573,-7.6556000000000015,2000.0,,0.004,-50.572,7.428000000000001
G_primary_paired_cost_contrasts,early_price/primary_paired_cost_contrasts.csv,DE_LU_FR_BE,,,,,,,,,,,,,,,,,,,,,,,,,,,,,,,,,,,,,,,,,,,,forecast_early_logit__count2022_target05,forecast_hour_logit__count2022_target05,hour,-21.5185,-43.6113375,-7.612550000000002,2000.0,,0.0045,-50.5185,7.4815
G_primary_paired_cost_contrasts,early_price/primary_paired_cost_contrasts.csv,DE_LU_FR_BE,,,,,,,,,,,,,,,,,,,,,,,,,,,,,,,,,,,,,,,,,,,,forecast_early_logit__count2022_target05,forecast_hour_logit__count2022_target05,hour,-21.465,-43.565375,-7.569500000000003,2000.0,,0.005,-50.465,7.535
G_primary_paired_cost_contrasts,early_price/primary_paired_cost_contrasts.csv,DE_LU_FR_BE,,,,,,,,,,,,,,,,,,,,,,,,,,,,,,,,,,,,,,,,,,,,forecast_early_logit__count2022_target05,forecast_hour_logit__count2022_target05,hour,-21.4115,-43.5194125,-7.526450000000003,2000.0,,0.0055,-50.4115,7.5885
G_primary_paired_cost_contrasts,early_price/primary_paired_cost_contrasts.csv,DE_LU_FR_BE,,,,,,,,,,,,,,,,,,,,,,,,,,,,,,,,,,,,,,,,,,,,forecast_early_logit__count2022_target05,forecast_hour_logit__count2022_target05,hour,-21.358,-43.47345,-7.483400000000003,2000.0,,0.006,-50.358,7.641999999999999
G_primary_paired_cost_contrasts,early_price/primary_paired_cost_contrasts.csv,DE_LU_FR_BE,,,,,,,,,,,,,,,,,,,,,,,,,,,,,,,,,,,,,,,,,,,,forecast_early_logit__count2022_target05,forecast_hour_logit__count2022_target05,hour,-21.3045,-43.4274875,-7.440350000000003,2000.0,,0.0065,-50.3045,7.695499999999999
G_primary_paired_cost_contrasts,early_price/primary_paired_cost_contrasts.csv,DE_LU_FR_BE,,,,,,,,,,,,,,,,,,,,,,,,,,,,,,,,,,,,,,,,,,,,forecast_early_logit__count2022_target05,forecast_hour_logit__count2022_target05,hour,-21.251,-43.381525,-7.397300000000003,2000.0,,0.007,-50.251000000000005,7.748999999999999
G_primary_paired_cost_contrasts,early_price/primary_paired_cost_contrasts.csv,DE_LU_FR_BE,,,,,,,,,,,,,,,,,,,,,,,,,,,,,,,,,,,,,,,,,,,,forecast_early_logit__count2022_target05,forecast_hour_logit__count2022_target05,hour,-21.1975,-43.3355625,-7.354250000000005,2000.0,,0.0075,-50.197500000000005,7.802499999999998
G_primary_paired_cost_contrasts,early_price/primary_paired_cost_contrasts.csv,DE_LU_FR_BE,,,,,,,,,,,,,,,,,,,,,,,,,,,,,,,,,,,,,,,,,,,,forecast_early_logit__count2022_target05,forecast_hour_logit__count2022_target05,hour,-21.144,-43.2896,-7.311200000000005,2000.0,,0.008,-50.144,7.856000000000002
G_primary_paired_cost_contrasts,early_price/primary_paired_cost_contrasts.csv,DE_LU_FR_BE,,,,,,,,,,,,,,,,,,,,,,,,,,,,,,,,,,,,,,,,,,,,forecast_early_logit__count2022_target05,forecast_hour_logit__count2022_target05,hour,-21.0905,-43.2436375,-7.268150000000005,2000.0,,0.0085,-50.0905,7.909500000000001
G_primary_paired_cost_contrasts,early_price/primary_paired_cost_contrasts.csv,DE_LU_FR_BE,,,,,,,,,,,,,,,,,,,,,,,,,,,,,,,,,,,,,,,,,,,,forecast_early_logit__count2022_target05,forecast_hour_logit__count2022_target05,hour,-21.037,-43.197675,-7.225100000000005,2000.0,,0.009,-50.037,7.963000000000001
G_primary_paired_cost_contrasts,early_price/primary_paired_cost_contrasts.csv,DE_LU_FR_BE,,,,,,,,,,,,,,,,,,,,,,,,,,,,,,,,,,,,,,,,,,,,forecast_early_logit__count2022_target05,forecast_hour_logit__count2022_target05,hour,-20.9835,-43.1517125,-7.182050000000005,2000.0,,0.0095,-49.9835,8.0165
G_primary_paired_cost_contrasts,early_price/primary_paired_cost_contrasts.csv,DE_LU_FR_BE,,,,,,,,,,,,,,,,,,,,,,,,,,,,,,,,,,,,,,,,,,,,forecast_early_logit__count2022_target05,forecast_hour_logit__count2022_target05,hour,-20.93,-43.10575,-7.139000000000006,2000.0,,0.01,-49.93,8.07
G_primary_paired_cost_contrasts,early_price/primary_paired_cost_contrasts.csv,DE_LU_FR_BE,,,,,,,,,,,,,,,,,,,,,,,,,,,,,,,,,,,,,,,,,,,,forecast_early_logit__count2022_target05,forecast_hour_logit__count2022_target05,hour,-20.8765,-43.0597875,-7.0959500000000055,2000.0,,0.0105,-49.8765,8.1235
G_primary_paired_cost_contrasts,early_price/primary_paired_cost_contrasts.csv,DE_LU_FR_BE,,,,,,,,,,,,,,,,,,,,,,,,,,,,,,,,,,,,,,,,,,,,forecast_early_logit__count2022_target05,forecast_hour_logit__count2022_target05,hour,-20.823,-43.013825,-7.052900000000006,2000.0,,0.011,-49.823,8.177
G_primary_paired_cost_contrasts,early_price/primary_paired_cost_contrasts.csv,DE_LU_FR_BE,,,,,,,,,,,,,,,,,,,,,,,,,,,,,,,,,,,,,,,,,,,,forecast_early_logit__count2022_target05,forecast_hour_logit__count2022_target05,hour,-20.7695,-42.9678625,-7.009850000000006,2000.0,,0.0115,-49.7695,8.2305
G_primary_paired_cost_contrasts,early_price/primary_paired_cost_contrasts.csv,DE_LU_FR_BE,,,,,,,,,,,,,,,,,,,,,,,,,,,,,,,,,,,,,,,,,,,,forecast_early_logit__count2022_target05,forecast_hour_logit__count2022_target05,hour,-20.716,-42.9219,-6.966800000000006,2000.0,,0.012,-49.716,8.283999999999999
G_primary_paired_cost_contrasts,early_price/primary_paired_cost_contrasts.csv,DE_LU_FR_BE,,,,,,,,,,,,,,,,,,,,,,,,,,,,,,,,,,,,,,,,,,,,forecast_early_logit__count2022_target05,forecast_hour_logit__count2022_target05,hour,-20.6625,-42.8759375,-6.923750000000006,2000.0,,0.0125,-49.6625,8.337499999999999
G_primary_paired_cost_contrasts,early_price/primary_paired_cost_contrasts.csv,DE_LU_FR_BE,,,,,,,,,,,,,,,,,,,,,,,,,,,,,,,,,,,,,,,,,,,,forecast_early_logit__count2022_target05,forecast_hour_logit__count2022_target05,hour,-20.609,-42.829975,-6.880700000000007,2000.0,,0.013,-49.609,8.390999999999998
G_primary_paired_cost_contrasts,early_price/primary_paired_cost_contrasts.csv,DE_LU_FR_BE,,,,,,,,,,,,,,,,,,,,,,,,,,,,,,,,,,,,,,,,,,,,forecast_early_logit__count2022_target05,forecast_hour_logit__count2022_target05,hour,-20.5555,-42.7840125,-6.837650000000008,2000.0,,0.0135,-49.5555,8.444500000000001
G_primary_paired_cost_contrasts,early_price/primary_paired_cost_contrasts.csv,DE_LU_FR_BE,,,,,,,,,,,,,,,,,,,,,,,,,,,,,,,,,,,,,,,,,,,,forecast_early_logit__count2022_target05,forecast_hour_logit__count2022_target05,hour,-20.502,-42.73805,-6.794600000000008,2000.0,,0.014,-49.502,8.498000000000001
G_primary_paired_cost_contrasts,early_price/primary_paired_cost_contrasts.csv,DE_LU_FR_BE,,,,,,,,,,,,,,,,,,,,,,,,,,,,,,,,,,,,,,,,,,,,forecast_early_logit__count2022_target05,forecast_hour_logit__count2022_target05,hour,-20.4485,-42.6920875,-6.751550000000008,2000.0,,0.0145,-49.4485,8.5515
G_primary_paired_cost_contrasts,early_price/primary_paired_cost_contrasts.csv,DE_LU_FR_BE,,,,,,,,,,,,,,,,,,,,,,,,,,,,,,,,,,,,,,,,,,,,forecast_early_logit__count2022_target05,forecast_hour_logit__count2022_target05,hour,-20.395,-42.646125,-6.708500000000008,2000.0,,0.015,-49.395,8.605
G_primary_paired_cost_contrasts,early_price/primary_paired_cost_contrasts.csv,DE_LU_FR_BE,,,,,,,,,,,,,,,,,,,,,,,,,,,,,,,,,,,,,,,,,,,,forecast_early_logit__count2022_target05,forecast_hour_logit__count2022_target05,hour,-19.86,-42.1865,-6.278000000000011,2000.0,,0.02,-48.86,9.14
G_primary_paired_cost_contrasts,early_price/primary_paired_cost_contrasts.csv,DE_LU_FR_BE,,,,,,,,,,,,,,,,,,,,,,,,,,,,,,,,,,,,,,,,,,,,forecast_early_logit__count2022_target05,forecast_hour_logit__count2022_target05,hour,-18.79,-41.16275,-5.417000000000017,2000.0,,0.03,-47.79,10.21
G_primary_paired_cost_contrasts,early_price/primary_paired_cost_contrasts.csv,DE_LU_FR_BE,,,,,,,,,,,,,,,,,,,,,,,,,,,,,,,,,,,,,,,,,,,,forecast_early_logit__count2022_target05,forecast_hour_logit__count2022_target05,hour,-16.65,-38.8525,-3.597500000000013,2000.0,,0.05,-45.65,12.35
G_primary_paired_cost_contrasts,early_price/primary_paired_cost_contrasts.csv,DE_LU_FR_BE,,,,,,,,,,,,,,,,,,,,,,,,,,,,,,,,,,,,,,,,,,,,forecast_early_logit__count2022_target05,forecast_hour_logit__count2022_target05,hour,-11.3,-33.305,1.4000000000000004,2000.0,,0.1,-40.3,17.700000000000003
G_primary_paired_cost_contrasts,early_price/primary_paired_cost_contrasts.csv,DE_LU_FR_BE,,,,,,,,,,,,,,,,,,,,,,,,,,,,,,,,,,,,,,,,,,,,forecast_early_logit__count2022_target05,forecast_hour_logit__count2022_target05,hour,-0.5999999999999979,-23.0,11.604999999999974,2000.0,,0.2,-29.6,28.4
G_primary_paired_cost_contrasts,early_price/primary_paired_cost_contrasts.csv,DE_LU_FR_BE,,,,,,,,,,,,,,,,,,,,,,,,,,,,,,,,,,,,,,,,,,,,forecast_early_logit__count2022_target05,forecast_hour_logit__count2022_target05,hour,4.75,-17.75,16.75,2000.0,,0.25,-24.25,33.75
G_primary_paired_cost_contrasts,early_price/primary_paired_cost_contrasts.csv,DE_LU_FR_BE,,,,,,,,,,,,,,,,,,,,,,,,,,,,,,,,,,,,,,,,,,,,forecast_early_logit__count2022_target05,forecast_hour_logit__count2022_target05,hour,31.5,6.987500000000001,43.5,2000.0,,0.5,2.5,60.5
G_primary_paired_cost_contrasts,early_price/primary_paired_cost_contrasts.csv,DE_LU_FR_BE,,,,,,,,,,,,,,,,,,,,,,,,,,,,,,,,,,,,,,,,,,,,forecast_early_logit__count2022_target05,forecast_hour_logit__count2022_target05,hour,85.0,53.0,101.0,2000.0,,1.0,56.0,114.0
G_primary_paired_cost_contrasts,early_price/primary_paired_cost_contrasts.csv,DE_LU_FR_BE,,,,,,,,,,,,,,,,,,,,,,,,,,,,,,,,,,,,,,,,,,,,forecast_early_logit__top2,forecast_hour_logit__top2,process,5.0,-3.0,13.0,2000.0,,0.0,-3.0,13.0
G_primary_paired_cost_contrasts,early_price/primary_paired_cost_contrasts.csv,DE_LU_FR_BE,,,,,,,,,,,,,,,,,,,,,,,,,,,,,,,,,,,,,,,,,,,,forecast_early_logit__top2,forecast_hour_logit__top2,process,5.0,-3.0,13.0,2000.0,,0.0005,-3.0,13.0
G_primary_paired_cost_contrasts,early_price/primary_paired_cost_contrasts.csv,DE_LU_FR_BE,,,,,,,,,,,,,,,,,,,,,,,,,,,,,,,,,,,,,,,,,,,,forecast_early_logit__top2,forecast_hour_logit__top2,process,5.0,-3.0,13.0,2000.0,,0.001,-3.0,13.0
G_primary_paired_cost_contrasts,early_price/primary_paired_cost_contrasts.csv,DE_LU_FR_BE,,,,,,,,,,,,,,,,,,,,,,,,,,,,,,,,,,,,,,,,,,,,forecast_early_logit__top2,forecast_hour_logit__top2,process,5.0,-3.0,13.0,2000.0,,0.0015,-3.0,13.0
G_primary_paired_cost_contrasts,early_price/primary_paired_cost_contrasts.csv,DE_LU_FR_BE,,,,,,,,,,,,,,,,,,,,,,,,,,,,,,,,,,,,,,,,,,,,forecast_early_logit__top2,forecast_hour_logit__top2,process,5.0,-3.0,13.0,2000.0,,0.002,-3.0,13.0
G_primary_paired_cost_contrasts,early_price/primary_paired_cost_contrasts.csv,DE_LU_FR_BE,,,,,,,,,,,,,,,,,,,,,,,,,,,,,,,,,,,,,,,,,,,,forecast_early_logit__top2,forecast_hour_logit__top2,process,5.0,-3.0,13.0,2000.0,,0.0025,-3.0,13.0
G_primary_paired_cost_contrasts,early_price/primary_paired_cost_contrasts.csv,DE_LU_FR_BE,,,,,,,,,,,,,,,,,,,,,,,,,,,,,,,,,,,,,,,,,,,,forecast_early_logit__top2,forecast_hour_logit__top2,process,5.0,-3.0,13.0,2000.0,,0.003,-3.0,13.0
G_primary_paired_cost_contrasts,early_price/primary_paired_cost_contrasts.csv,DE_LU_FR_BE,,,,,,,,,,,,,,,,,,,,,,,,,,,,,,,,,,,,,,,,,,,,forecast_early_logit__top2,forecast_hour_logit__top2,process,5.0,-3.0,13.0,2000.0,,0.0035,-3.0,13.0
G_primary_paired_cost_contrasts,early_price/primary_paired_cost_contrasts.csv,DE_LU_FR_BE,,,,,,,,,,,,,,,,,,,,,,,,,,,,,,,,,,,,,,,,,,,,forecast_early_logit__top2,forecast_hour_logit__top2,process,5.0,-3.0,13.0,2000.0,,0.004,-3.0,13.0
G_primary_paired_cost_contrasts,early_price/primary_paired_cost_contrasts.csv,DE_LU_FR_BE,,,,,,,,,,,,,,,,,,,,,,,,,,,,,,,,,,,,,,,,,,,,forecast_early_logit__top2,forecast_hour_logit__top2,process,5.0,-3.0,13.0,2000.0,,0.0045,-3.0,13.0
G_primary_paired_cost_contrasts,early_price/primary_paired_cost_contrasts.csv,DE_LU_FR_BE,,,,,,,,,,,,,,,,,,,,,,,,,,,,,,,,,,,,,,,,,,,,forecast_early_logit__top2,forecast_hour_logit__top2,process,5.0,-3.0,13.0,2000.0,,0.005,-3.0,13.0
G_primary_paired_cost_contrasts,early_price/primary_paired_cost_contrasts.csv,DE_LU_FR_BE,,,,,,,,,,,,,,,,,,,,,,,,,,,,,,,,,,,,,,,,,,,,forecast_early_logit__top2,forecast_hour_logit__top2,process,5.0,-3.0,13.0,2000.0,,0.0055,-3.0,13.0
G_primary_paired_cost_contrasts,early_price/primary_paired_cost_contrasts.csv,DE_LU_FR_BE,,,,,,,,,,,,,,,,,,,,,,,,,,,,,,,,,,,,,,,,,,,,forecast_early_logit__top2,forecast_hour_logit__top2,process,5.0,-3.0,13.0,2000.0,,0.006,-3.0,13.0
G_primary_paired_cost_contrasts,early_price/primary_paired_cost_contrasts.csv,DE_LU_FR_BE,,,,,,,,,,,,,,,,,,,,,,,,,,,,,,,,,,,,,,,,,,,,forecast_early_logit__top2,forecast_hour_logit__top2,process,5.0,-3.0,13.0,2000.0,,0.0065,-3.0,13.0
G_primary_paired_cost_contrasts,early_price/primary_paired_cost_contrasts.csv,DE_LU_FR_BE,,,,,,,,,,,,,,,,,,,,,,,,,,,,,,,,,,,,,,,,,,,,forecast_early_logit__top2,forecast_hour_logit__top2,process,5.0,-3.0,13.0,2000.0,,0.007,-3.0,13.0
G_primary_paired_cost_contrasts,early_price/primary_paired_cost_contrasts.csv,DE_LU_FR_BE,,,,,,,,,,,,,,,,,,,,,,,,,,,,,,,,,,,,,,,,,,,,forecast_early_logit__top2,forecast_hour_logit__top2,process,5.0,-3.0,13.0,2000.0,,0.0075,-3.0,13.0
G_primary_paired_cost_contrasts,early_price/primary_paired_cost_contrasts.csv,DE_LU_FR_BE,,,,,,,,,,,,,,,,,,,,,,,,,,,,,,,,,,,,,,,,,,,,forecast_early_logit__top2,forecast_hour_logit__top2,process,5.0,-3.0,13.0,2000.0,,0.008,-3.0,13.0
G_primary_paired_cost_contrasts,early_price/primary_paired_cost_contrasts.csv,DE_LU_FR_BE,,,,,,,,,,,,,,,,,,,,,,,,,,,,,,,,,,,,,,,,,,,,forecast_early_logit__top2,forecast_hour_logit__top2,process,5.0,-3.0,13.0,2000.0,,0.0085,-3.0,13.0
G_primary_paired_cost_contrasts,early_price/primary_paired_cost_contrasts.csv,DE_LU_FR_BE,,,,,,,,,,,,,,,,,,,,,,,,,,,,,,,,,,,,,,,,,,,,forecast_early_logit__top2,forecast_hour_logit__top2,process,5.0,-3.0,13.0,2000.0,,0.009,-3.0,13.0
G_primary_paired_cost_contrasts,early_price/primary_paired_cost_contrasts.csv,DE_LU_FR_BE,,,,,,,,,,,,,,,,,,,,,,,,,,,,,,,,,,,,,,,,,,,,forecast_early_logit__top2,forecast_hour_logit__top2,process,5.0,-3.0,13.0,2000.0,,0.0095,-3.0,13.0
G_primary_paired_cost_contrasts,early_price/primary_paired_cost_contrasts.csv,DE_LU_FR_BE,,,,,,,,,,,,,,,,,,,,,,,,,,,,,,,,,,,,,,,,,,,,forecast_early_logit__top2,forecast_hour_logit__top2,process,5.0,-3.0,13.0,2000.0,,0.01,-3.0,13.0
G_primary_paired_cost_contrasts,early_price/primary_paired_cost_contrasts.csv,DE_LU_FR_BE,,,,,,,,,,,,,,,,,,,,,,,,,,,,,,,,,,,,,,,,,,,,forecast_early_logit__top2,forecast_hour_logit__top2,process,5.0,-3.0,13.0,2000.0,,0.0105,-3.0,13.0
G_primary_paired_cost_contrasts,early_price/primary_paired_cost_contrasts.csv,DE_LU_FR_BE,,,,,,,,,,,,,,,,,,,,,,,,,,,,,,,,,,,,,,,,,,,,forecast_early_logit__top2,forecast_hour_logit__top2,process,5.0,-3.0,13.0,2000.0,,0.011,-3.0,13.0
G_primary_paired_cost_contrasts,early_price/primary_paired_cost_contrasts.csv,DE_LU_FR_BE,,,,,,,,,,,,,,,,,,,,,,,,,,,,,,,,,,,,,,,,,,,,forecast_early_logit__top2,forecast_hour_logit__top2,process,5.0,-3.0,13.0,2000.0,,0.0115,-3.0,13.0
G_primary_paired_cost_contrasts,early_price/primary_paired_cost_contrasts.csv,DE_LU_FR_BE,,,,,,,,,,,,,,,,,,,,,,,,,,,,,,,,,,,,,,,,,,,,forecast_early_logit__top2,forecast_hour_logit__top2,process,5.0,-3.0,13.0,2000.0,,0.012,-3.0,13.0
G_primary_paired_cost_contrasts,early_price/primary_paired_cost_contrasts.csv,DE_LU_FR_BE,,,,,,,,,,,,,,,,,,,,,,,,,,,,,,,,,,,,,,,,,,,,forecast_early_logit__top2,forecast_hour_logit__top2,process,5.0,-3.0,13.0,2000.0,,0.0125,-3.0,13.0
G_primary_paired_cost_contrasts,early_price/primary_paired_cost_contrasts.csv,DE_LU_FR_BE,,,,,,,,,,,,,,,,,,,,,,,,,,,,,,,,,,,,,,,,,,,,forecast_early_logit__top2,forecast_hour_logit__top2,process,5.0,-3.0,13.0,2000.0,,0.013,-3.0,13.0
G_primary_paired_cost_contrasts,early_price/primary_paired_cost_contrasts.csv,DE_LU_FR_BE,,,,,,,,,,,,,,,,,,,,,,,,,,,,,,,,,,,,,,,,,,,,forecast_early_logit__top2,forecast_hour_logit__top2,process,5.0,-3.0,13.0,2000.0,,0.0135,-3.0,13.0
G_primary_paired_cost_contrasts,early_price/primary_paired_cost_contrasts.csv,DE_LU_FR_BE,,,,,,,,,,,,,,,,,,,,,,,,,,,,,,,,,,,,,,,,,,,,forecast_early_logit__top2,forecast_hour_logit__top2,process,5.0,-3.0,13.0,2000.0,,0.014,-3.0,13.0
G_primary_paired_cost_contrasts,early_price/primary_paired_cost_contrasts.csv,DE_LU_FR_BE,,,,,,,,,,,,,,,,,,,,,,,,,,,,,,,,,,,,,,,,,,,,forecast_early_logit__top2,forecast_hour_logit__top2,process,5.0,-3.0,13.0,2000.0,,0.0145,-3.0,13.0
G_primary_paired_cost_contrasts,early_price/primary_paired_cost_contrasts.csv,DE_LU_FR_BE,,,,,,,,,,,,,,,,,,,,,,,,,,,,,,,,,,,,,,,,,,,,forecast_early_logit__top2,forecast_hour_logit__top2,process,5.0,-3.0,13.0,2000.0,,0.015,-3.0,13.0
G_primary_paired_cost_contrasts,early_price/primary_paired_cost_contrasts.csv,DE_LU_FR_BE,,,,,,,,,,,,,,,,,,,,,,,,,,,,,,,,,,,,,,,,,,,,forecast_early_logit__top2,forecast_hour_logit__top2,process,5.0,-3.0,13.0,2000.0,,0.02,-3.0,13.0
G_primary_paired_cost_contrasts,early_price/primary_paired_cost_contrasts.csv,DE_LU_FR_BE,,,,,,,,,,,,,,,,,,,,,,,,,,,,,,,,,,,,,,,,,,,,forecast_early_logit__top2,forecast_hour_logit__top2,process,5.0,-3.0,13.0,2000.0,,0.03,-3.0,13.0
G_primary_paired_cost_contrasts,early_price/primary_paired_cost_contrasts.csv,DE_LU_FR_BE,,,,,,,,,,,,,,,,,,,,,,,,,,,,,,,,,,,,,,,,,,,,forecast_early_logit__top2,forecast_hour_logit__top2,process,5.0,-3.0,13.0,2000.0,,0.05,-3.0,13.0
G_primary_paired_cost_contrasts,early_price/primary_paired_cost_contrasts.csv,DE_LU_FR_BE,,,,,,,,,,,,,,,,,,,,,,,,,,,,,,,,,,,,,,,,,,,,forecast_early_logit__top2,forecast_hour_logit__top2,process,5.0,-3.0,13.0,2000.0,,0.1,-3.0,13.0
G_primary_paired_cost_contrasts,early_price/primary_paired_cost_contrasts.csv,DE_LU_FR_BE,,,,,,,,,,,,,,,,,,,,,,,,,,,,,,,,,,,,,,,,,,,,forecast_early_logit__top2,forecast_hour_logit__top2,process,5.0,-3.0,13.0,2000.0,,0.2,-3.0,13.0
G_primary_paired_cost_contrasts,early_price/primary_paired_cost_contrasts.csv,DE_LU_FR_BE,,,,,,,,,,,,,,,,,,,,,,,,,,,,,,,,,,,,,,,,,,,,forecast_early_logit__top2,forecast_hour_logit__top2,process,5.0,-3.0,13.0,2000.0,,0.25,-3.0,13.0
G_primary_paired_cost_contrasts,early_price/primary_paired_cost_contrasts.csv,DE_LU_FR_BE,,,,,,,,,,,,,,,,,,,,,,,,,,,,,,,,,,,,,,,,,,,,forecast_early_logit__top2,forecast_hour_logit__top2,process,5.0,-3.0,13.0,2000.0,,0.5,-3.0,13.0
G_primary_paired_cost_contrasts,early_price/primary_paired_cost_contrasts.csv,DE_LU_FR_BE,,,,,,,,,,,,,,,,,,,,,,,,,,,,,,,,,,,,,,,,,,,,forecast_early_logit__top2,forecast_hour_logit__top2,process,5.0,-3.0,13.0,2000.0,,1.0,-3.0,13.0
G_primary_paired_cost_contrasts,early_price/primary_paired_cost_contrasts.csv,DE_LU_FR_BE,,,,,,,,,,,,,,,,,,,,,,,,,,,,,,,,,,,,,,,,,,,,forecast_early_logit__top2,forecast_hour_logit__top2,hour,-9.0,-31.0,4.0,2000.0,,0.0,-29.0,11.0
G_primary_paired_cost_contrasts,early_price/primary_paired_cost_contrasts.csv,DE_LU_FR_BE,,,,,,,,,,,,,,,,,,,,,,,,,,,,,,,,,,,,,,,,,,,,forecast_early_logit__top2,forecast_hour_logit__top2,hour,-9.0,-31.0,4.0,2000.0,,0.0005,-29.0,11.0
G_primary_paired_cost_contrasts,early_price/primary_paired_cost_contrasts.csv,DE_LU_FR_BE,,,,,,,,,,,,,,,,,,,,,,,,,,,,,,,,,,,,,,,,,,,,forecast_early_logit__top2,forecast_hour_logit__top2,hour,-9.0,-31.0,4.0,2000.0,,0.001,-29.0,11.0
G_primary_paired_cost_contrasts,early_price/primary_paired_cost_contrasts.csv,DE_LU_FR_BE,,,,,,,,,,,,,,,,,,,,,,,,,,,,,,,,,,,,,,,,,,,,forecast_early_logit__top2,forecast_hour_logit__top2,hour,-9.0,-31.0,4.0,2000.0,,0.0015,-29.0,11.0
G_primary_paired_cost_contrasts,early_price/primary_paired_cost_contrasts.csv,DE_LU_FR_BE,,,,,,,,,,,,,,,,,,,,,,,,,,,,,,,,,,,,,,,,,,,,forecast_early_logit__top2,forecast_hour_logit__top2,hour,-9.0,-31.0,4.0,2000.0,,0.002,-29.0,11.0
G_primary_paired_cost_contrasts,early_price/primary_paired_cost_contrasts.csv,DE_LU_FR_BE,,,,,,,,,,,,,,,,,,,,,,,,,,,,,,,,,,,,,,,,,,,,forecast_early_logit__top2,forecast_hour_logit__top2,hour,-9.0,-31.0,4.0,2000.0,,0.0025,-29.0,11.0
G_primary_paired_cost_contrasts,early_price/primary_paired_cost_contrasts.csv,DE_LU_FR_BE,,,,,,,,,,,,,,,,,,,,,,,,,,,,,,,,,,,,,,,,,,,,forecast_early_logit__top2,forecast_hour_logit__top2,hour,-9.0,-31.0,4.0,2000.0,,0.003,-29.0,11.0
G_primary_paired_cost_contrasts,early_price/primary_paired_cost_contrasts.csv,DE_LU_FR_BE,,,,,,,,,,,,,,,,,,,,,,,,,,,,,,,,,,,,,,,,,,,,forecast_early_logit__top2,forecast_hour_logit__top2,hour,-9.0,-31.0,4.0,2000.0,,0.0035,-29.0,11.0
G_primary_paired_cost_contrasts,early_price/primary_paired_cost_contrasts.csv,DE_LU_FR_BE,,,,,,,,,,,,,,,,,,,,,,,,,,,,,,,,,,,,,,,,,,,,forecast_early_logit__top2,forecast_hour_logit__top2,hour,-9.0,-31.0,4.0,2000.0,,0.004,-29.0,11.0
G_primary_paired_cost_contrasts,early_price/primary_paired_cost_contrasts.csv,DE_LU_FR_BE,,,,,,,,,,,,,,,,,,,,,,,,,,,,,,,,,,,,,,,,,,,,forecast_early_logit__top2,forecast_hour_logit__top2,hour,-9.0,-31.0,4.0,2000.0,,0.0045,-29.0,11.0
G_primary_paired_cost_contrasts,early_price/primary_paired_cost_contrasts.csv,DE_LU_FR_BE,,,,,,,,,,,,,,,,,,,,,,,,,,,,,,,,,,,,,,,,,,,,forecast_early_logit__top2,forecast_hour_logit__top2,hour,-9.0,-31.0,4.0,2000.0,,0.005,-29.0,11.0
G_primary_paired_cost_contrasts,early_price/primary_paired_cost_contrasts.csv,DE_LU_FR_BE,,,,,,,,,,,,,,,,,,,,,,,,,,,,,,,,,,,,,,,,,,,,forecast_early_logit__top2,forecast_hour_logit__top2,hour,-9.0,-31.0,4.0,2000.0,,0.0055,-29.0,11.0
G_primary_paired_cost_contrasts,early_price/primary_paired_cost_contrasts.csv,DE_LU_FR_BE,,,,,,,,,,,,,,,,,,,,,,,,,,,,,,,,,,,,,,,,,,,,forecast_early_logit__top2,forecast_hour_logit__top2,hour,-9.0,-31.0,4.0,2000.0,,0.006,-29.0,11.0
G_primary_paired_cost_contrasts,early_price/primary_paired_cost_contrasts.csv,DE_LU_FR_BE,,,,,,,,,,,,,,,,,,,,,,,,,,,,,,,,,,,,,,,,,,,,forecast_early_logit__top2,forecast_hour_logit__top2,hour,-9.0,-31.0,4.0,2000.0,,0.0065,-29.0,11.0
G_primary_paired_cost_contrasts,early_price/primary_paired_cost_contrasts.csv,DE_LU_FR_BE,,,,,,,,,,,,,,,,,,,,,,,,,,,,,,,,,,,,,,,,,,,,forecast_early_logit__top2,forecast_hour_logit__top2,hour,-9.0,-31.0,4.0,2000.0,,0.007,-29.0,11.0
G_primary_paired_cost_contrasts,early_price/primary_paired_cost_contrasts.csv,DE_LU_FR_BE,,,,,,,,,,,,,,,,,,,,,,,,,,,,,,,,,,,,,,,,,,,,forecast_early_logit__top2,forecast_hour_logit__top2,hour,-9.0,-31.0,4.0,2000.0,,0.0075,-29.0,11.0
G_primary_paired_cost_contrasts,early_price/primary_paired_cost_contrasts.csv,DE_LU_FR_BE,,,,,,,,,,,,,,,,,,,,,,,,,,,,,,,,,,,,,,,,,,,,forecast_early_logit__top2,forecast_hour_logit__top2,hour,-9.0,-31.0,4.0,2000.0,,0.008,-29.0,11.0
G_primary_paired_cost_contrasts,early_price/primary_paired_cost_contrasts.csv,DE_LU_FR_BE,,,,,,,,,,,,,,,,,,,,,,,,,,,,,,,,,,,,,,,,,,,,forecast_early_logit__top2,forecast_hour_logit__top2,hour,-9.0,-31.0,4.0,2000.0,,0.0085,-29.0,11.0
G_primary_paired_cost_contrasts,early_price/primary_paired_cost_contrasts.csv,DE_LU_FR_BE,,,,,,,,,,,,,,,,,,,,,,,,,,,,,,,,,,,,,,,,,,,,forecast_early_logit__top2,forecast_hour_logit__top2,hour,-9.0,-31.0,4.0,2000.0,,0.009,-29.0,11.0
G_primary_paired_cost_contrasts,early_price/primary_paired_cost_contrasts.csv,DE_LU_FR_BE,,,,,,,,,,,,,,,,,,,,,,,,,,,,,,,,,,,,,,,,,,,,forecast_early_logit__top2,forecast_hour_logit__top2,hour,-9.0,-31.0,4.0,2000.0,,0.0095,-29.0,11.0
G_primary_paired_cost_contrasts,early_price/primary_paired_cost_contrasts.csv,DE_LU_FR_BE,,,,,,,,,,,,,,,,,,,,,,,,,,,,,,,,,,,,,,,,,,,,forecast_early_logit__top2,forecast_hour_logit__top2,hour,-9.0,-31.0,4.0,2000.0,,0.01,-29.0,11.0
G_primary_paired_cost_contrasts,early_price/primary_paired_cost_contrasts.csv,DE_LU_FR_BE,,,,,,,,,,,,,,,,,,,,,,,,,,,,,,,,,,,,,,,,,,,,forecast_early_logit__top2,forecast_hour_logit__top2,hour,-9.0,-31.0,4.0,2000.0,,0.0105,-29.0,11.0
G_primary_paired_cost_contrasts,early_price/primary_paired_cost_contrasts.csv,DE_LU_FR_BE,,,,,,,,,,,,,,,,,,,,,,,,,,,,,,,,,,,,,,,,,,,,forecast_early_logit__top2,forecast_hour_logit__top2,hour,-9.0,-31.0,4.0,2000.0,,0.011,-29.0,11.0
G_primary_paired_cost_contrasts,early_price/primary_paired_cost_contrasts.csv,DE_LU_FR_BE,,,,,,,,,,,,,,,,,,,,,,,,,,,,,,,,,,,,,,,,,,,,forecast_early_logit__top2,forecast_hour_logit__top2,hour,-9.0,-31.0,4.0,2000.0,,0.0115,-29.0,11.0
G_primary_paired_cost_contrasts,early_price/primary_paired_cost_contrasts.csv,DE_LU_FR_BE,,,,,,,,,,,,,,,,,,,,,,,,,,,,,,,,,,,,,,,,,,,,forecast_early_logit__top2,forecast_hour_logit__top2,hour,-9.0,-31.0,4.0,2000.0,,0.012,-29.0,11.0
G_primary_paired_cost_contrasts,early_price/primary_paired_cost_contrasts.csv,DE_LU_FR_BE,,,,,,,,,,,,,,,,,,,,,,,,,,,,,,,,,,,,,,,,,,,,forecast_early_logit__top2,forecast_hour_logit__top2,hour,-9.0,-31.0,4.0,2000.0,,0.0125,-29.0,11.0
G_primary_paired_cost_contrasts,early_price/primary_paired_cost_contrasts.csv,DE_LU_FR_BE,,,,,,,,,,,,,,,,,,,,,,,,,,,,,,,,,,,,,,,,,,,,forecast_early_logit__top2,forecast_hour_logit__top2,hour,-9.0,-31.0,4.0,2000.0,,0.013,-29.0,11.0
G_primary_paired_cost_contrasts,early_price/primary_paired_cost_contrasts.csv,DE_LU_FR_BE,,,,,,,,,,,,,,,,,,,,,,,,,,,,,,,,,,,,,,,,,,,,forecast_early_logit__top2,forecast_hour_logit__top2,hour,-9.0,-31.0,4.0,2000.0,,0.0135,-29.0,11.0
G_primary_paired_cost_contrasts,early_price/primary_paired_cost_contrasts.csv,DE_LU_FR_BE,,,,,,,,,,,,,,,,,,,,,,,,,,,,,,,,,,,,,,,,,,,,forecast_early_logit__top2,forecast_hour_logit__top2,hour,-9.0,-31.0,4.0,2000.0,,0.014,-29.0,11.0
G_primary_paired_cost_contrasts,early_price/primary_paired_cost_contrasts.csv,DE_LU_FR_BE,,,,,,,,,,,,,,,,,,,,,,,,,,,,,,,,,,,,,,,,,,,,forecast_early_logit__top2,forecast_hour_logit__top2,hour,-9.0,-31.0,4.0,2000.0,,0.0145,-29.0,11.0
G_primary_paired_cost_contrasts,early_price/primary_paired_cost_contrasts.csv,DE_LU_FR_BE,,,,,,,,,,,,,,,,,,,,,,,,,,,,,,,,,,,,,,,,,,,,forecast_early_logit__top2,forecast_hour_logit__top2,hour,-9.0,-31.0,4.0,2000.0,,0.015,-29.0,11.0
G_primary_paired_cost_contrasts,early_price/primary_paired_cost_contrasts.csv,DE_LU_FR_BE,,,,,,,,,,,,,,,,,,,,,,,,,,,,,,,,,,,,,,,,,,,,forecast_early_logit__top2,forecast_hour_logit__top2,hour,-9.0,-31.0,4.0,2000.0,,0.02,-29.0,11.0
G_primary_paired_cost_contrasts,early_price/primary_paired_cost_contrasts.csv,DE_LU_FR_BE,,,,,,,,,,,,,,,,,,,,,,,,,,,,,,,,,,,,,,,,,,,,forecast_early_logit__top2,forecast_hour_logit__top2,hour,-9.0,-31.0,4.0,2000.0,,0.03,-29.0,11.0
G_primary_paired_cost_contrasts,early_price/primary_paired_cost_contrasts.csv,DE_LU_FR_BE,,,,,,,,,,,,,,,,,,,,,,,,,,,,,,,,,,,,,,,,,,,,forecast_early_logit__top2,forecast_hour_logit__top2,hour,-9.0,-31.0,4.0,2000.0,,0.05,-29.0,11.0
G_primary_paired_cost_contrasts,early_price/primary_paired_cost_contrasts.csv,DE_LU_FR_BE,,,,,,,,,,,,,,,,,,,,,,,,,,,,,,,,,,,,,,,,,,,,forecast_early_logit__top2,forecast_hour_logit__top2,hour,-9.0,-31.0,4.0,2000.0,,0.1,-29.0,11.0
G_primary_paired_cost_contrasts,early_price/primary_paired_cost_contrasts.csv,DE_LU_FR_BE,,,,,,,,,,,,,,,,,,,,,,,,,,,,,,,,,,,,,,,,,,,,forecast_early_logit__top2,forecast_hour_logit__top2,hour,-9.0,-31.0,4.0,2000.0,,0.2,-29.0,11.0
G_primary_paired_cost_contrasts,early_price/primary_paired_cost_contrasts.csv,DE_LU_FR_BE,,,,,,,,,,,,,,,,,,,,,,,,,,,,,,,,,,,,,,,,,,,,forecast_early_logit__top2,forecast_hour_logit__top2,hour,-9.0,-31.0,4.0,2000.0,,0.25,-29.0,11.0
G_primary_paired_cost_contrasts,early_price/primary_paired_cost_contrasts.csv,DE_LU_FR_BE,,,,,,,,,,,,,,,,,,,,,,,,,,,,,,,,,,,,,,,,,,,,forecast_early_logit__top2,forecast_hour_logit__top2,hour,-9.0,-31.0,4.0,2000.0,,0.5,-29.0,11.0
G_primary_paired_cost_contrasts,early_price/primary_paired_cost_contrasts.csv,DE_LU_FR_BE,,,,,,,,,,,,,,,,,,,,,,,,,,,,,,,,,,,,,,,,,,,,forecast_early_logit__top2,forecast_hour_logit__top2,hour,-9.0,-31.0,4.0,2000.0,,1.0,-29.0,11.0
G_primary_paired_cost_contrasts,early_price/primary_paired_cost_contrasts.csv,DE_LU_FR_BE,,,,,,,,,,,,,,,,,,,,,,,,,,,,,,,,,,,,,,,,,,,,forecast_early_logit__top2,original_M0__top2,process,8.0,-1.0,17.0,2000.0,,0.0,-1.0,17.0
G_primary_paired_cost_contrasts,early_price/primary_paired_cost_contrasts.csv,DE_LU_FR_BE,,,,,,,,,,,,,,,,,,,,,,,,,,,,,,,,,,,,,,,,,,,,forecast_early_logit__top2,original_M0__top2,process,8.0,-1.0,17.0,2000.0,,0.0005,-1.0,17.0
G_primary_paired_cost_contrasts,early_price/primary_paired_cost_contrasts.csv,DE_LU_FR_BE,,,,,,,,,,,,,,,,,,,,,,,,,,,,,,,,,,,,,,,,,,,,forecast_early_logit__top2,original_M0__top2,process,8.0,-1.0,17.0,2000.0,,0.001,-1.0,17.0
G_primary_paired_cost_contrasts,early_price/primary_paired_cost_contrasts.csv,DE_LU_FR_BE,,,,,,,,,,,,,,,,,,,,,,,,,,,,,,,,,,,,,,,,,,,,forecast_early_logit__top2,original_M0__top2,process,8.0,-1.0,17.0,2000.0,,0.0015,-1.0,17.0
G_primary_paired_cost_contrasts,early_price/primary_paired_cost_contrasts.csv,DE_LU_FR_BE,,,,,,,,,,,,,,,,,,,,,,,,,,,,,,,,,,,,,,,,,,,,forecast_early_logit__top2,original_M0__top2,process,8.0,-1.0,17.0,2000.0,,0.002,-1.0,17.0
G_primary_paired_cost_contrasts,early_price/primary_paired_cost_contrasts.csv,DE_LU_FR_BE,,,,,,,,,,,,,,,,,,,,,,,,,,,,,,,,,,,,,,,,,,,,forecast_early_logit__top2,original_M0__top2,process,8.0,-1.0,17.0,2000.0,,0.0025,-1.0,17.0
G_primary_paired_cost_contrasts,early_price/primary_paired_cost_contrasts.csv,DE_LU_FR_BE,,,,,,,,,,,,,,,,,,,,,,,,,,,,,,,,,,,,,,,,,,,,forecast_early_logit__top2,original_M0__top2,process,8.0,-1.0,17.0,2000.0,,0.003,-1.0,17.0
G_primary_paired_cost_contrasts,early_price/primary_paired_cost_contrasts.csv,DE_LU_FR_BE,,,,,,,,,,,,,,,,,,,,,,,,,,,,,,,,,,,,,,,,,,,,forecast_early_logit__top2,original_M0__top2,process,8.0,-1.0,17.0,2000.0,,0.0035,-1.0,17.0
G_primary_paired_cost_contrasts,early_price/primary_paired_cost_contrasts.csv,DE_LU_FR_BE,,,,,,,,,,,,,,,,,,,,,,,,,,,,,,,,,,,,,,,,,,,,forecast_early_logit__top2,original_M0__top2,process,8.0,-1.0,17.0,2000.0,,0.004,-1.0,17.0
G_primary_paired_cost_contrasts,early_price/primary_paired_cost_contrasts.csv,DE_LU_FR_BE,,,,,,,,,,,,,,,,,,,,,,,,,,,,,,,,,,,,,,,,,,,,forecast_early_logit__top2,original_M0__top2,process,8.0,-1.0,17.0,2000.0,,0.0045,-1.0,17.0
G_primary_paired_cost_contrasts,early_price/primary_paired_cost_contrasts.csv,DE_LU_FR_BE,,,,,,,,,,,,,,,,,,,,,,,,,,,,,,,,,,,,,,,,,,,,forecast_early_logit__top2,original_M0__top2,process,8.0,-1.0,17.0,2000.0,,0.005,-1.0,17.0
G_primary_paired_cost_contrasts,early_price/primary_paired_cost_contrasts.csv,DE_LU_FR_BE,,,,,,,,,,,,,,,,,,,,,,,,,,,,,,,,,,,,,,,,,,,,forecast_early_logit__top2,original_M0__top2,process,8.0,-1.0,17.0,2000.0,,0.0055,-1.0,17.0
G_primary_paired_cost_contrasts,early_price/primary_paired_cost_contrasts.csv,DE_LU_FR_BE,,,,,,,,,,,,,,,,,,,,,,,,,,,,,,,,,,,,,,,,,,,,forecast_early_logit__top2,original_M0__top2,process,8.0,-1.0,17.0,2000.0,,0.006,-1.0,17.0
G_primary_paired_cost_contrasts,early_price/primary_paired_cost_contrasts.csv,DE_LU_FR_BE,,,,,,,,,,,,,,,,,,,,,,,,,,,,,,,,,,,,,,,,,,,,forecast_early_logit__top2,original_M0__top2,process,8.0,-1.0,17.0,2000.0,,0.0065,-1.0,17.0
G_primary_paired_cost_contrasts,early_price/primary_paired_cost_contrasts.csv,DE_LU_FR_BE,,,,,,,,,,,,,,,,,,,,,,,,,,,,,,,,,,,,,,,,,,,,forecast_early_logit__top2,original_M0__top2,process,8.0,-1.0,17.0,2000.0,,0.007,-1.0,17.0
G_primary_paired_cost_contrasts,early_price/primary_paired_cost_contrasts.csv,DE_LU_FR_BE,,,,,,,,,,,,,,,,,,,,,,,,,,,,,,,,,,,,,,,,,,,,forecast_early_logit__top2,original_M0__top2,process,8.0,-1.0,17.0,2000.0,,0.0075,-1.0,17.0
G_primary_paired_cost_contrasts,early_price/primary_paired_cost_contrasts.csv,DE_LU_FR_BE,,,,,,,,,,,,,,,,,,,,,,,,,,,,,,,,,,,,,,,,,,,,forecast_early_logit__top2,original_M0__top2,process,8.0,-1.0,17.0,2000.0,,0.008,-1.0,17.0
G_primary_paired_cost_contrasts,early_price/primary_paired_cost_contrasts.csv,DE_LU_FR_BE,,,,,,,,,,,,,,,,,,,,,,,,,,,,,,,,,,,,,,,,,,,,forecast_early_logit__top2,original_M0__top2,process,8.0,-1.0,17.0,2000.0,,0.0085,-1.0,17.0
G_primary_paired_cost_contrasts,early_price/primary_paired_cost_contrasts.csv,DE_LU_FR_BE,,,,,,,,,,,,,,,,,,,,,,,,,,,,,,,,,,,,,,,,,,,,forecast_early_logit__top2,original_M0__top2,process,8.0,-1.0,17.0,2000.0,,0.009,-1.0,17.0
G_primary_paired_cost_contrasts,early_price/primary_paired_cost_contrasts.csv,DE_LU_FR_BE,,,,,,,,,,,,,,,,,,,,,,,,,,,,,,,,,,,,,,,,,,,,forecast_early_logit__top2,original_M0__top2,process,8.0,-1.0,17.0,2000.0,,0.0095,-1.0,17.0
G_primary_paired_cost_contrasts,early_price/primary_paired_cost_contrasts.csv,DE_LU_FR_BE,,,,,,,,,,,,,,,,,,,,,,,,,,,,,,,,,,,,,,,,,,,,forecast_early_logit__top2,original_M0__top2,process,8.0,-1.0,17.0,2000.0,,0.01,-1.0,17.0
G_primary_paired_cost_contrasts,early_price/primary_paired_cost_contrasts.csv,DE_LU_FR_BE,,,,,,,,,,,,,,,,,,,,,,,,,,,,,,,,,,,,,,,,,,,,forecast_early_logit__top2,original_M0__top2,process,8.0,-1.0,17.0,2000.0,,0.0105,-1.0,17.0
G_primary_paired_cost_contrasts,early_price/primary_paired_cost_contrasts.csv,DE_LU_FR_BE,,,,,,,,,,,,,,,,,,,,,,,,,,,,,,,,,,,,,,,,,,,,forecast_early_logit__top2,original_M0__top2,process,8.0,-1.0,17.0,2000.0,,0.011,-1.0,17.0
G_primary_paired_cost_contrasts,early_price/primary_paired_cost_contrasts.csv,DE_LU_FR_BE,,,,,,,,,,,,,,,,,,,,,,,,,,,,,,,,,,,,,,,,,,,,forecast_early_logit__top2,original_M0__top2,process,8.0,-1.0,17.0,2000.0,,0.0115,-1.0,17.0
G_primary_paired_cost_contrasts,early_price/primary_paired_cost_contrasts.csv,DE_LU_FR_BE,,,,,,,,,,,,,,,,,,,,,,,,,,,,,,,,,,,,,,,,,,,,forecast_early_logit__top2,original_M0__top2,process,8.0,-1.0,17.0,2000.0,,0.012,-1.0,17.0
G_primary_paired_cost_contrasts,early_price/primary_paired_cost_contrasts.csv,DE_LU_FR_BE,,,,,,,,,,,,,,,,,,,,,,,,,,,,,,,,,,,,,,,,,,,,forecast_early_logit__top2,original_M0__top2,process,8.0,-1.0,17.0,2000.0,,0.0125,-1.0,17.0
G_primary_paired_cost_contrasts,early_price/primary_paired_cost_contrasts.csv,DE_LU_FR_BE,,,,,,,,,,,,,,,,,,,,,,,,,,,,,,,,,,,,,,,,,,,,forecast_early_logit__top2,original_M0__top2,process,8.0,-1.0,17.0,2000.0,,0.013,-1.0,17.0
G_primary_paired_cost_contrasts,early_price/primary_paired_cost_contrasts.csv,DE_LU_FR_BE,,,,,,,,,,,,,,,,,,,,,,,,,,,,,,,,,,,,,,,,,,,,forecast_early_logit__top2,original_M0__top2,process,8.0,-1.0,17.0,2000.0,,0.0135,-1.0,17.0
G_primary_paired_cost_contrasts,early_price/primary_paired_cost_contrasts.csv,DE_LU_FR_BE,,,,,,,,,,,,,,,,,,,,,,,,,,,,,,,,,,,,,,,,,,,,forecast_early_logit__top2,original_M0__top2,process,8.0,-1.0,17.0,2000.0,,0.014,-1.0,17.0
G_primary_paired_cost_contrasts,early_price/primary_paired_cost_contrasts.csv,DE_LU_FR_BE,,,,,,,,,,,,,,,,,,,,,,,,,,,,,,,,,,,,,,,,,,,,forecast_early_logit__top2,original_M0__top2,process,8.0,-1.0,17.0,2000.0,,0.0145,-1.0,17.0
G_primary_paired_cost_contrasts,early_price/primary_paired_cost_contrasts.csv,DE_LU_FR_BE,,,,,,,,,,,,,,,,,,,,,,,,,,,,,,,,,,,,,,,,,,,,forecast_early_logit__top2,original_M0__top2,process,8.0,-1.0,17.0,2000.0,,0.015,-1.0,17.0
G_primary_paired_cost_contrasts,early_price/primary_paired_cost_contrasts.csv,DE_LU_FR_BE,,,,,,,,,,,,,,,,,,,,,,,,,,,,,,,,,,,,,,,,,,,,forecast_early_logit__top2,original_M0__top2,process,8.0,-1.0,17.0,2000.0,,0.02,-1.0,17.0
G_primary_paired_cost_contrasts,early_price/primary_paired_cost_contrasts.csv,DE_LU_FR_BE,,,,,,,,,,,,,,,,,,,,,,,,,,,,,,,,,,,,,,,,,,,,forecast_early_logit__top2,original_M0__top2,process,8.0,-1.0,17.0,2000.0,,0.03,-1.0,17.0
G_primary_paired_cost_contrasts,early_price/primary_paired_cost_contrasts.csv,DE_LU_FR_BE,,,,,,,,,,,,,,,,,,,,,,,,,,,,,,,,,,,,,,,,,,,,forecast_early_logit__top2,original_M0__top2,process,8.0,-1.0,17.0,2000.0,,0.05,-1.0,17.0
G_primary_paired_cost_contrasts,early_price/primary_paired_cost_contrasts.csv,DE_LU_FR_BE,,,,,,,,,,,,,,,,,,,,,,,,,,,,,,,,,,,,,,,,,,,,forecast_early_logit__top2,original_M0__top2,process,8.0,-1.0,17.0,2000.0,,0.1,-1.0,17.0
G_primary_paired_cost_contrasts,early_price/primary_paired_cost_contrasts.csv,DE_LU_FR_BE,,,,,,,,,,,,,,,,,,,,,,,,,,,,,,,,,,,,,,,,,,,,forecast_early_logit__top2,original_M0__top2,process,8.0,-1.0,17.0,2000.0,,0.2,-1.0,17.0
G_primary_paired_cost_contrasts,early_price/primary_paired_cost_contrasts.csv,DE_LU_FR_BE,,,,,,,,,,,,,,,,,,,,,,,,,,,,,,,,,,,,,,,,,,,,forecast_early_logit__top2,original_M0__top2,process,8.0,-1.0,17.0,2000.0,,0.25,-1.0,17.0
G_primary_paired_cost_contrasts,early_price/primary_paired_cost_contrasts.csv,DE_LU_FR_BE,,,,,,,,,,,,,,,,,,,,,,,,,,,,,,,,,,,,,,,,,,,,forecast_early_logit__top2,original_M0__top2,process,8.0,-1.0,17.0,2000.0,,0.5,-1.0,17.0
G_primary_paired_cost_contrasts,early_price/primary_paired_cost_contrasts.csv,DE_LU_FR_BE,,,,,,,,,,,,,,,,,,,,,,,,,,,,,,,,,,,,,,,,,,,,forecast_early_logit__top2,original_M0__top2,process,8.0,-1.0,17.0,2000.0,,1.0,-1.0,17.0
G_primary_paired_cost_contrasts,early_price/primary_paired_cost_contrasts.csv,DE_LU_FR_BE,,,,,,,,,,,,,,,,,,,,,,,,,,,,,,,,,,,,,,,,,,,,forecast_early_logit__top2,original_M0__top2,hour,-1.0,-25.0,15.0,2000.0,,0.0,-22.0,20.0
G_primary_paired_cost_contrasts,early_price/primary_paired_cost_contrasts.csv,DE_LU_FR_BE,,,,,,,,,,,,,,,,,,,,,,,,,,,,,,,,,,,,,,,,,,,,forecast_early_logit__top2,original_M0__top2,hour,-1.0,-25.0,15.0,2000.0,,0.0005,-22.0,20.0
G_primary_paired_cost_contrasts,early_price/primary_paired_cost_contrasts.csv,DE_LU_FR_BE,,,,,,,,,,,,,,,,,,,,,,,,,,,,,,,,,,,,,,,,,,,,forecast_early_logit__top2,original_M0__top2,hour,-1.0,-25.0,15.0,2000.0,,0.001,-22.0,20.0
G_primary_paired_cost_contrasts,early_price/primary_paired_cost_contrasts.csv,DE_LU_FR_BE,,,,,,,,,,,,,,,,,,,,,,,,,,,,,,,,,,,,,,,,,,,,forecast_early_logit__top2,original_M0__top2,hour,-1.0,-25.0,15.0,2000.0,,0.0015,-22.0,20.0
G_primary_paired_cost_contrasts,early_price/primary_paired_cost_contrasts.csv,DE_LU_FR_BE,,,,,,,,,,,,,,,,,,,,,,,,,,,,,,,,,,,,,,,,,,,,forecast_early_logit__top2,original_M0__top2,hour,-1.0,-25.0,15.0,2000.0,,0.002,-22.0,20.0
G_primary_paired_cost_contrasts,early_price/primary_paired_cost_contrasts.csv,DE_LU_FR_BE,,,,,,,,,,,,,,,,,,,,,,,,,,,,,,,,,,,,,,,,,,,,forecast_early_logit__top2,original_M0__top2,hour,-1.0,-25.0,15.0,2000.0,,0.0025,-22.0,20.0
G_primary_paired_cost_contrasts,early_price/primary_paired_cost_contrasts.csv,DE_LU_FR_BE,,,,,,,,,,,,,,,,,,,,,,,,,,,,,,,,,,,,,,,,,,,,forecast_early_logit__top2,original_M0__top2,hour,-1.0,-25.0,15.0,2000.0,,0.003,-22.0,20.0
G_primary_paired_cost_contrasts,early_price/primary_paired_cost_contrasts.csv,DE_LU_FR_BE,,,,,,,,,,,,,,,,,,,,,,,,,,,,,,,,,,,,,,,,,,,,forecast_early_logit__top2,original_M0__top2,hour,-1.0,-25.0,15.0,2000.0,,0.0035,-22.0,20.0
G_primary_paired_cost_contrasts,early_price/primary_paired_cost_contrasts.csv,DE_LU_FR_BE,,,,,,,,,,,,,,,,,,,,,,,,,,,,,,,,,,,,,,,,,,,,forecast_early_logit__top2,original_M0__top2,hour,-1.0,-25.0,15.0,2000.0,,0.004,-22.0,20.0
G_primary_paired_cost_contrasts,early_price/primary_paired_cost_contrasts.csv,DE_LU_FR_BE,,,,,,,,,,,,,,,,,,,,,,,,,,,,,,,,,,,,,,,,,,,,forecast_early_logit__top2,original_M0__top2,hour,-1.0,-25.0,15.0,2000.0,,0.0045,-22.0,20.0
G_primary_paired_cost_contrasts,early_price/primary_paired_cost_contrasts.csv,DE_LU_FR_BE,,,,,,,,,,,,,,,,,,,,,,,,,,,,,,,,,,,,,,,,,,,,forecast_early_logit__top2,original_M0__top2,hour,-1.0,-25.0,15.0,2000.0,,0.005,-22.0,20.0
G_primary_paired_cost_contrasts,early_price/primary_paired_cost_contrasts.csv,DE_LU_FR_BE,,,,,,,,,,,,,,,,,,,,,,,,,,,,,,,,,,,,,,,,,,,,forecast_early_logit__top2,original_M0__top2,hour,-1.0,-25.0,15.0,2000.0,,0.0055,-22.0,20.0
G_primary_paired_cost_contrasts,early_price/primary_paired_cost_contrasts.csv,DE_LU_FR_BE,,,,,,,,,,,,,,,,,,,,,,,,,,,,,,,,,,,,,,,,,,,,forecast_early_logit__top2,original_M0__top2,hour,-1.0,-25.0,15.0,2000.0,,0.006,-22.0,20.0
G_primary_paired_cost_contrasts,early_price/primary_paired_cost_contrasts.csv,DE_LU_FR_BE,,,,,,,,,,,,,,,,,,,,,,,,,,,,,,,,,,,,,,,,,,,,forecast_early_logit__top2,original_M0__top2,hour,-1.0,-25.0,15.0,2000.0,,0.0065,-22.0,20.0
G_primary_paired_cost_contrasts,early_price/primary_paired_cost_contrasts.csv,DE_LU_FR_BE,,,,,,,,,,,,,,,,,,,,,,,,,,,,,,,,,,,,,,,,,,,,forecast_early_logit__top2,original_M0__top2,hour,-1.0,-25.0,15.0,2000.0,,0.007,-22.0,20.0
G_primary_paired_cost_contrasts,early_price/primary_paired_cost_contrasts.csv,DE_LU_FR_BE,,,,,,,,,,,,,,,,,,,,,,,,,,,,,,,,,,,,,,,,,,,,forecast_early_logit__top2,original_M0__top2,hour,-1.0,-25.0,15.0,2000.0,,0.0075,-22.0,20.0
G_primary_paired_cost_contrasts,early_price/primary_paired_cost_contrasts.csv,DE_LU_FR_BE,,,,,,,,,,,,,,,,,,,,,,,,,,,,,,,,,,,,,,,,,,,,forecast_early_logit__top2,original_M0__top2,hour,-1.0,-25.0,15.0,2000.0,,0.008,-22.0,20.0
G_primary_paired_cost_contrasts,early_price/primary_paired_cost_contrasts.csv,DE_LU_FR_BE,,,,,,,,,,,,,,,,,,,,,,,,,,,,,,,,,,,,,,,,,,,,forecast_early_logit__top2,original_M0__top2,hour,-1.0,-25.0,15.0,2000.0,,0.0085,-22.0,20.0
G_primary_paired_cost_contrasts,early_price/primary_paired_cost_contrasts.csv,DE_LU_FR_BE,,,,,,,,,,,,,,,,,,,,,,,,,,,,,,,,,,,,,,,,,,,,forecast_early_logit__top2,original_M0__top2,hour,-1.0,-25.0,15.0,2000.0,,0.009,-22.0,20.0
G_primary_paired_cost_contrasts,early_price/primary_paired_cost_contrasts.csv,DE_LU_FR_BE,,,,,,,,,,,,,,,,,,,,,,,,,,,,,,,,,,,,,,,,,,,,forecast_early_logit__top2,original_M0__top2,hour,-1.0,-25.0,15.0,2000.0,,0.0095,-22.0,20.0
G_primary_paired_cost_contrasts,early_price/primary_paired_cost_contrasts.csv,DE_LU_FR_BE,,,,,,,,,,,,,,,,,,,,,,,,,,,,,,,,,,,,,,,,,,,,forecast_early_logit__top2,original_M0__top2,hour,-1.0,-25.0,15.0,2000.0,,0.01,-22.0,20.0
G_primary_paired_cost_contrasts,early_price/primary_paired_cost_contrasts.csv,DE_LU_FR_BE,,,,,,,,,,,,,,,,,,,,,,,,,,,,,,,,,,,,,,,,,,,,forecast_early_logit__top2,original_M0__top2,hour,-1.0,-25.0,15.0,2000.0,,0.0105,-22.0,20.0
G_primary_paired_cost_contrasts,early_price/primary_paired_cost_contrasts.csv,DE_LU_FR_BE,,,,,,,,,,,,,,,,,,,,,,,,,,,,,,,,,,,,,,,,,,,,forecast_early_logit__top2,original_M0__top2,hour,-1.0,-25.0,15.0,2000.0,,0.011,-22.0,20.0
G_primary_paired_cost_contrasts,early_price/primary_paired_cost_contrasts.csv,DE_LU_FR_BE,,,,,,,,,,,,,,,,,,,,,,,,,,,,,,,,,,,,,,,,,,,,forecast_early_logit__top2,original_M0__top2,hour,-1.0,-25.0,15.0,2000.0,,0.0115,-22.0,20.0
G_primary_paired_cost_contrasts,early_price/primary_paired_cost_contrasts.csv,DE_LU_FR_BE,,,,,,,,,,,,,,,,,,,,,,,,,,,,,,,,,,,,,,,,,,,,forecast_early_logit__top2,original_M0__top2,hour,-1.0,-25.0,15.0,2000.0,,0.012,-22.0,20.0
G_primary_paired_cost_contrasts,early_price/primary_paired_cost_contrasts.csv,DE_LU_FR_BE,,,,,,,,,,,,,,,,,,,,,,,,,,,,,,,,,,,,,,,,,,,,forecast_early_logit__top2,original_M0__top2,hour,-1.0,-25.0,15.0,2000.0,,0.0125,-22.0,20.0
G_primary_paired_cost_contrasts,early_price/primary_paired_cost_contrasts.csv,DE_LU_FR_BE,,,,,,,,,,,,,,,,,,,,,,,,,,,,,,,,,,,,,,,,,,,,forecast_early_logit__top2,original_M0__top2,hour,-1.0,-25.0,15.0,2000.0,,0.013,-22.0,20.0
G_primary_paired_cost_contrasts,early_price/primary_paired_cost_contrasts.csv,DE_LU_FR_BE,,,,,,,,,,,,,,,,,,,,,,,,,,,,,,,,,,,,,,,,,,,,forecast_early_logit__top2,original_M0__top2,hour,-1.0,-25.0,15.0,2000.0,,0.0135,-22.0,20.0
G_primary_paired_cost_contrasts,early_price/primary_paired_cost_contrasts.csv,DE_LU_FR_BE,,,,,,,,,,,,,,,,,,,,,,,,,,,,,,,,,,,,,,,,,,,,forecast_early_logit__top2,original_M0__top2,hour,-1.0,-25.0,15.0,2000.0,,0.014,-22.0,20.0
G_primary_paired_cost_contrasts,early_price/primary_paired_cost_contrasts.csv,DE_LU_FR_BE,,,,,,,,,,,,,,,,,,,,,,,,,,,,,,,,,,,,,,,,,,,,forecast_early_logit__top2,original_M0__top2,hour,-1.0,-25.0,15.0,2000.0,,0.0145,-22.0,20.0
G_primary_paired_cost_contrasts,early_price/primary_paired_cost_contrasts.csv,DE_LU_FR_BE,,,,,,,,,,,,,,,,,,,,,,,,,,,,,,,,,,,,,,,,,,,,forecast_early_logit__top2,original_M0__top2,hour,-1.0,-25.0,15.0,2000.0,,0.015,-22.0,20.0
G_primary_paired_cost_contrasts,early_price/primary_paired_cost_contrasts.csv,DE_LU_FR_BE,,,,,,,,,,,,,,,,,,,,,,,,,,,,,,,,,,,,,,,,,,,,forecast_early_logit__top2,original_M0__top2,hour,-1.0,-25.0,15.0,2000.0,,0.02,-22.0,20.0
G_primary_paired_cost_contrasts,early_price/primary_paired_cost_contrasts.csv,DE_LU_FR_BE,,,,,,,,,,,,,,,,,,,,,,,,,,,,,,,,,,,,,,,,,,,,forecast_early_logit__top2,original_M0__top2,hour,-1.0,-25.0,15.0,2000.0,,0.03,-22.0,20.0
G_primary_paired_cost_contrasts,early_price/primary_paired_cost_contrasts.csv,DE_LU_FR_BE,,,,,,,,,,,,,,,,,,,,,,,,,,,,,,,,,,,,,,,,,,,,forecast_early_logit__top2,original_M0__top2,hour,-1.0,-25.0,15.0,2000.0,,0.05,-22.0,20.0
G_primary_paired_cost_contrasts,early_price/primary_paired_cost_contrasts.csv,DE_LU_FR_BE,,,,,,,,,,,,,,,,,,,,,,,,,,,,,,,,,,,,,,,,,,,,forecast_early_logit__top2,original_M0__top2,hour,-1.0,-25.0,15.0,2000.0,,0.1,-22.0,20.0
G_primary_paired_cost_contrasts,early_price/primary_paired_cost_contrasts.csv,DE_LU_FR_BE,,,,,,,,,,,,,,,,,,,,,,,,,,,,,,,,,,,,,,,,,,,,forecast_early_logit__top2,original_M0__top2,hour,-1.0,-25.0,15.0,2000.0,,0.2,-22.0,20.0
G_primary_paired_cost_contrasts,early_price/primary_paired_cost_contrasts.csv,DE_LU_FR_BE,,,,,,,,,,,,,,,,,,,,,,,,,,,,,,,,,,,,,,,,,,,,forecast_early_logit__top2,original_M0__top2,hour,-1.0,-25.0,15.0,2000.0,,0.25,-22.0,20.0
G_primary_paired_cost_contrasts,early_price/primary_paired_cost_contrasts.csv,DE_LU_FR_BE,,,,,,,,,,,,,,,,,,,,,,,,,,,,,,,,,,,,,,,,,,,,forecast_early_logit__top2,original_M0__top2,hour,-1.0,-25.0,15.0,2000.0,,0.5,-22.0,20.0
G_primary_paired_cost_contrasts,early_price/primary_paired_cost_contrasts.csv,DE_LU_FR_BE,,,,,,,,,,,,,,,,,,,,,,,,,,,,,,,,,,,,,,,,,,,,forecast_early_logit__top2,original_M0__top2,hour,-1.0,-25.0,15.0,2000.0,,1.0,-22.0,20.0
G_primary_paired_cost_contrasts,early_price/primary_paired_cost_contrasts.csv,DK1,,,,,,,,,,,,,,,,,,,,,,,,,,,,,,,,,,,,,,,,,,,,combined_early_logit__top2,base_early_logit__top2,process,6.0,-3.0,15.0,2000.0,,0.0,-3.0,15.0
G_primary_paired_cost_contrasts,early_price/primary_paired_cost_contrasts.csv,DK1,,,,,,,,,,,,,,,,,,,,,,,,,,,,,,,,,,,,,,,,,,,,combined_early_logit__top2,base_early_logit__top2,process,6.0,-3.0,15.0,2000.0,,0.0005,-3.0,15.0
G_primary_paired_cost_contrasts,early_price/primary_paired_cost_contrasts.csv,DK1,,,,,,,,,,,,,,,,,,,,,,,,,,,,,,,,,,,,,,,,,,,,combined_early_logit__top2,base_early_logit__top2,process,6.0,-3.0,15.0,2000.0,,0.001,-3.0,15.0
G_primary_paired_cost_contrasts,early_price/primary_paired_cost_contrasts.csv,DK1,,,,,,,,,,,,,,,,,,,,,,,,,,,,,,,,,,,,,,,,,,,,combined_early_logit__top2,base_early_logit__top2,process,6.0,-3.0,15.0,2000.0,,0.0015,-3.0,15.0
G_primary_paired_cost_contrasts,early_price/primary_paired_cost_contrasts.csv,DK1,,,,,,,,,,,,,,,,,,,,,,,,,,,,,,,,,,,,,,,,,,,,combined_early_logit__top2,base_early_logit__top2,process,6.0,-3.0,15.0,2000.0,,0.002,-3.0,15.0
G_primary_paired_cost_contrasts,early_price/primary_paired_cost_contrasts.csv,DK1,,,,,,,,,,,,,,,,,,,,,,,,,,,,,,,,,,,,,,,,,,,,combined_early_logit__top2,base_early_logit__top2,process,6.0,-3.0,15.0,2000.0,,0.0025,-3.0,15.0
G_primary_paired_cost_contrasts,early_price/primary_paired_cost_contrasts.csv,DK1,,,,,,,,,,,,,,,,,,,,,,,,,,,,,,,,,,,,,,,,,,,,combined_early_logit__top2,base_early_logit__top2,process,6.0,-3.0,15.0,2000.0,,0.003,-3.0,15.0
G_primary_paired_cost_contrasts,early_price/primary_paired_cost_contrasts.csv,DK1,,,,,,,,,,,,,,,,,,,,,,,,,,,,,,,,,,,,,,,,,,,,combined_early_logit__top2,base_early_logit__top2,process,6.0,-3.0,15.0,2000.0,,0.0035,-3.0,15.0
G_primary_paired_cost_contrasts,early_price/primary_paired_cost_contrasts.csv,DK1,,,,,,,,,,,,,,,,,,,,,,,,,,,,,,,,,,,,,,,,,,,,combined_early_logit__top2,base_early_logit__top2,process,6.0,-3.0,15.0,2000.0,,0.004,-3.0,15.0
G_primary_paired_cost_contrasts,early_price/primary_paired_cost_contrasts.csv,DK1,,,,,,,,,,,,,,,,,,,,,,,,,,,,,,,,,,,,,,,,,,,,combined_early_logit__top2,base_early_logit__top2,process,6.0,-3.0,15.0,2000.0,,0.0045,-3.0,15.0
G_primary_paired_cost_contrasts,early_price/primary_paired_cost_contrasts.csv,DK1,,,,,,,,,,,,,,,,,,,,,,,,,,,,,,,,,,,,,,,,,,,,combined_early_logit__top2,base_early_logit__top2,process,6.0,-3.0,15.0,2000.0,,0.005,-3.0,15.0
G_primary_paired_cost_contrasts,early_price/primary_paired_cost_contrasts.csv,DK1,,,,,,,,,,,,,,,,,,,,,,,,,,,,,,,,,,,,,,,,,,,,combined_early_logit__top2,base_early_logit__top2,process,6.0,-3.0,15.0,2000.0,,0.0055,-3.0,15.0
G_primary_paired_cost_contrasts,early_price/primary_paired_cost_contrasts.csv,DK1,,,,,,,,,,,,,,,,,,,,,,,,,,,,,,,,,,,,,,,,,,,,combined_early_logit__top2,base_early_logit__top2,process,6.0,-3.0,15.0,2000.0,,0.006,-3.0,15.0
G_primary_paired_cost_contrasts,early_price/primary_paired_cost_contrasts.csv,DK1,,,,,,,,,,,,,,,,,,,,,,,,,,,,,,,,,,,,,,,,,,,,combined_early_logit__top2,base_early_logit__top2,process,6.0,-3.0,15.0,2000.0,,0.0065,-3.0,15.0
G_primary_paired_cost_contrasts,early_price/primary_paired_cost_contrasts.csv,DK1,,,,,,,,,,,,,,,,,,,,,,,,,,,,,,,,,,,,,,,,,,,,combined_early_logit__top2,base_early_logit__top2,process,6.0,-3.0,15.0,2000.0,,0.007,-3.0,15.0
G_primary_paired_cost_contrasts,early_price/primary_paired_cost_contrasts.csv,DK1,,,,,,,,,,,,,,,,,,,,,,,,,,,,,,,,,,,,,,,,,,,,combined_early_logit__top2,base_early_logit__top2,process,6.0,-3.0,15.0,2000.0,,0.0075,-3.0,15.0
G_primary_paired_cost_contrasts,early_price/primary_paired_cost_contrasts.csv,DK1,,,,,,,,,,,,,,,,,,,,,,,,,,,,,,,,,,,,,,,,,,,,combined_early_logit__top2,base_early_logit__top2,process,6.0,-3.0,15.0,2000.0,,0.008,-3.0,15.0
G_primary_paired_cost_contrasts,early_price/primary_paired_cost_contrasts.csv,DK1,,,,,,,,,,,,,,,,,,,,,,,,,,,,,,,,,,,,,,,,,,,,combined_early_logit__top2,base_early_logit__top2,process,6.0,-3.0,15.0,2000.0,,0.0085,-3.0,15.0
G_primary_paired_cost_contrasts,early_price/primary_paired_cost_contrasts.csv,DK1,,,,,,,,,,,,,,,,,,,,,,,,,,,,,,,,,,,,,,,,,,,,combined_early_logit__top2,base_early_logit__top2,process,6.0,-3.0,15.0,2000.0,,0.009,-3.0,15.0
G_primary_paired_cost_contrasts,early_price/primary_paired_cost_contrasts.csv,DK1,,,,,,,,,,,,,,,,,,,,,,,,,,,,,,,,,,,,,,,,,,,,combined_early_logit__top2,base_early_logit__top2,process,6.0,-3.0,15.0,2000.0,,0.0095,-3.0,15.0
G_primary_paired_cost_contrasts,early_price/primary_paired_cost_contrasts.csv,DK1,,,,,,,,,,,,,,,,,,,,,,,,,,,,,,,,,,,,,,,,,,,,combined_early_logit__top2,base_early_logit__top2,process,6.0,-3.0,15.0,2000.0,,0.01,-3.0,15.0
G_primary_paired_cost_contrasts,early_price/primary_paired_cost_contrasts.csv,DK1,,,,,,,,,,,,,,,,,,,,,,,,,,,,,,,,,,,,,,,,,,,,combined_early_logit__top2,base_early_logit__top2,process,6.0,-3.0,15.0,2000.0,,0.0105,-3.0,15.0
G_primary_paired_cost_contrasts,early_price/primary_paired_cost_contrasts.csv,DK1,,,,,,,,,,,,,,,,,,,,,,,,,,,,,,,,,,,,,,,,,,,,combined_early_logit__top2,base_early_logit__top2,process,6.0,-3.0,15.0,2000.0,,0.011,-3.0,15.0
G_primary_paired_cost_contrasts,early_price/primary_paired_cost_contrasts.csv,DK1,,,,,,,,,,,,,,,,,,,,,,,,,,,,,,,,,,,,,,,,,,,,combined_early_logit__top2,base_early_logit__top2,process,6.0,-3.0,15.0,2000.0,,0.0115,-3.0,15.0
G_primary_paired_cost_contrasts,early_price/primary_paired_cost_contrasts.csv,DK1,,,,,,,,,,,,,,,,,,,,,,,,,,,,,,,,,,,,,,,,,,,,combined_early_logit__top2,base_early_logit__top2,process,6.0,-3.0,15.0,2000.0,,0.012,-3.0,15.0
G_primary_paired_cost_contrasts,early_price/primary_paired_cost_contrasts.csv,DK1,,,,,,,,,,,,,,,,,,,,,,,,,,,,,,,,,,,,,,,,,,,,combined_early_logit__top2,base_early_logit__top2,process,6.0,-3.0,15.0,2000.0,,0.0125,-3.0,15.0
G_primary_paired_cost_contrasts,early_price/primary_paired_cost_contrasts.csv,DK1,,,,,,,,,,,,,,,,,,,,,,,,,,,,,,,,,,,,,,,,,,,,combined_early_logit__top2,base_early_logit__top2,process,6.0,-3.0,15.0,2000.0,,0.013,-3.0,15.0
G_primary_paired_cost_contrasts,early_price/primary_paired_cost_contrasts.csv,DK1,,,,,,,,,,,,,,,,,,,,,,,,,,,,,,,,,,,,,,,,,,,,combined_early_logit__top2,base_early_logit__top2,process,6.0,-3.0,15.0,2000.0,,0.0135,-3.0,15.0
G_primary_paired_cost_contrasts,early_price/primary_paired_cost_contrasts.csv,DK1,,,,,,,,,,,,,,,,,,,,,,,,,,,,,,,,,,,,,,,,,,,,combined_early_logit__top2,base_early_logit__top2,process,6.0,-3.0,15.0,2000.0,,0.014,-3.0,15.0
G_primary_paired_cost_contrasts,early_price/primary_paired_cost_contrasts.csv,DK1,,,,,,,,,,,,,,,,,,,,,,,,,,,,,,,,,,,,,,,,,,,,combined_early_logit__top2,base_early_logit__top2,process,6.0,-3.0,15.0,2000.0,,0.0145,-3.0,15.0
G_primary_paired_cost_contrasts,early_price/primary_paired_cost_contrasts.csv,DK1,,,,,,,,,,,,,,,,,,,,,,,,,,,,,,,,,,,,,,,,,,,,combined_early_logit__top2,base_early_logit__top2,process,6.0,-3.0,15.0,2000.0,,0.015,-3.0,15.0
G_primary_paired_cost_contrasts,early_price/primary_paired_cost_contrasts.csv,DK1,,,,,,,,,,,,,,,,,,,,,,,,,,,,,,,,,,,,,,,,,,,,combined_early_logit__top2,base_early_logit__top2,process,6.0,-3.0,15.0,2000.0,,0.02,-3.0,15.0
G_primary_paired_cost_contrasts,early_price/primary_paired_cost_contrasts.csv,DK1,,,,,,,,,,,,,,,,,,,,,,,,,,,,,,,,,,,,,,,,,,,,combined_early_logit__top2,base_early_logit__top2,process,6.0,-3.0,15.0,2000.0,,0.03,-3.0,15.0
G_primary_paired_cost_contrasts,early_price/primary_paired_cost_contrasts.csv,DK1,,,,,,,,,,,,,,,,,,,,,,,,,,,,,,,,,,,,,,,,,,,,combined_early_logit__top2,base_early_logit__top2,process,6.0,-3.0,15.0,2000.0,,0.05,-3.0,15.0
G_primary_paired_cost_contrasts,early_price/primary_paired_cost_contrasts.csv,DK1,,,,,,,,,,,,,,,,,,,,,,,,,,,,,,,,,,,,,,,,,,,,combined_early_logit__top2,base_early_logit__top2,process,6.0,-3.0,15.0,2000.0,,0.1,-3.0,15.0
G_primary_paired_cost_contrasts,early_price/primary_paired_cost_contrasts.csv,DK1,,,,,,,,,,,,,,,,,,,,,,,,,,,,,,,,,,,,,,,,,,,,combined_early_logit__top2,base_early_logit__top2,process,6.0,-3.0,15.0,2000.0,,0.2,-3.0,15.0
G_primary_paired_cost_contrasts,early_price/primary_paired_cost_contrasts.csv,DK1,,,,,,,,,,,,,,,,,,,,,,,,,,,,,,,,,,,,,,,,,,,,combined_early_logit__top2,base_early_logit__top2,process,6.0,-3.0,15.0,2000.0,,0.25,-3.0,15.0
G_primary_paired_cost_contrasts,early_price/primary_paired_cost_contrasts.csv,DK1,,,,,,,,,,,,,,,,,,,,,,,,,,,,,,,,,,,,,,,,,,,,combined_early_logit__top2,base_early_logit__top2,process,6.0,-3.0,15.0,2000.0,,0.5,-3.0,15.0
G_primary_paired_cost_contrasts,early_price/primary_paired_cost_contrasts.csv,DK1,,,,,,,,,,,,,,,,,,,,,,,,,,,,,,,,,,,,,,,,,,,,combined_early_logit__top2,base_early_logit__top2,process,6.0,-3.0,15.0,2000.0,,1.0,-3.0,15.0
G_primary_paired_cost_contrasts,early_price/primary_paired_cost_contrasts.csv,DK1,,,,,,,,,,,,,,,,,,,,,,,,,,,,,,,,,,,,,,,,,,,,combined_early_logit__top2,base_early_logit__top2,hour,63.0,41.0,93.0,2000.0,,0.0,35.0,91.0
G_primary_paired_cost_contrasts,early_price/primary_paired_cost_contrasts.csv,DK1,,,,,,,,,,,,,,,,,,,,,,,,,,,,,,,,,,,,,,,,,,,,combined_early_logit__top2,base_early_logit__top2,hour,63.0,41.0,93.0,2000.0,,0.0005,35.0,91.0
G_primary_paired_cost_contrasts,early_price/primary_paired_cost_contrasts.csv,DK1,,,,,,,,,,,,,,,,,,,,,,,,,,,,,,,,,,,,,,,,,,,,combined_early_logit__top2,base_early_logit__top2,hour,63.0,41.0,93.0,2000.0,,0.001,35.0,91.0
G_primary_paired_cost_contrasts,early_price/primary_paired_cost_contrasts.csv,DK1,,,,,,,,,,,,,,,,,,,,,,,,,,,,,,,,,,,,,,,,,,,,combined_early_logit__top2,base_early_logit__top2,hour,63.0,41.0,93.0,2000.0,,0.0015,35.0,91.0
G_primary_paired_cost_contrasts,early_price/primary_paired_cost_contrasts.csv,DK1,,,,,,,,,,,,,,,,,,,,,,,,,,,,,,,,,,,,,,,,,,,,combined_early_logit__top2,base_early_logit__top2,hour,63.0,41.0,93.0,2000.0,,0.002,35.0,91.0
G_primary_paired_cost_contrasts,early_price/primary_paired_cost_contrasts.csv,DK1,,,,,,,,,,,,,,,,,,,,,,,,,,,,,,,,,,,,,,,,,,,,combined_early_logit__top2,base_early_logit__top2,hour,63.0,41.0,93.0,2000.0,,0.0025,35.0,91.0
G_primary_paired_cost_contrasts,early_price/primary_paired_cost_contrasts.csv,DK1,,,,,,,,,,,,,,,,,,,,,,,,,,,,,,,,,,,,,,,,,,,,combined_early_logit__top2,base_early_logit__top2,hour,63.0,41.0,93.0,2000.0,,0.003,35.0,91.0
G_primary_paired_cost_contrasts,early_price/primary_paired_cost_contrasts.csv,DK1,,,,,,,,,,,,,,,,,,,,,,,,,,,,,,,,,,,,,,,,,,,,combined_early_logit__top2,base_early_logit__top2,hour,63.0,41.0,93.0,2000.0,,0.0035,35.0,91.0
G_primary_paired_cost_contrasts,early_price/primary_paired_cost_contrasts.csv,DK1,,,,,,,,,,,,,,,,,,,,,,,,,,,,,,,,,,,,,,,,,,,,combined_early_logit__top2,base_early_logit__top2,hour,63.0,41.0,93.0,2000.0,,0.004,35.0,91.0
G_primary_paired_cost_contrasts,early_price/primary_paired_cost_contrasts.csv,DK1,,,,,,,,,,,,,,,,,,,,,,,,,,,,,,,,,,,,,,,,,,,,combined_early_logit__top2,base_early_logit__top2,hour,63.0,41.0,93.0,2000.0,,0.0045,35.0,91.0
G_primary_paired_cost_contrasts,early_price/primary_paired_cost_contrasts.csv,DK1,,,,,,,,,,,,,,,,,,,,,,,,,,,,,,,,,,,,,,,,,,,,combined_early_logit__top2,base_early_logit__top2,hour,63.0,41.0,93.0,2000.0,,0.005,35.0,91.0
G_primary_paired_cost_contrasts,early_price/primary_paired_cost_contrasts.csv,DK1,,,,,,,,,,,,,,,,,,,,,,,,,,,,,,,,,,,,,,,,,,,,combined_early_logit__top2,base_early_logit__top2,hour,63.0,41.0,93.0,2000.0,,0.0055,35.0,91.0
G_primary_paired_cost_contrasts,early_price/primary_paired_cost_contrasts.csv,DK1,,,,,,,,,,,,,,,,,,,,,,,,,,,,,,,,,,,,,,,,,,,,combined_early_logit__top2,base_early_logit__top2,hour,63.0,41.0,93.0,2000.0,,0.006,35.0,91.0
G_primary_paired_cost_contrasts,early_price/primary_paired_cost_contrasts.csv,DK1,,,,,,,,,,,,,,,,,,,,,,,,,,,,,,,,,,,,,,,,,,,,combined_early_logit__top2,base_early_logit__top2,hour,63.0,41.0,93.0,2000.0,,0.0065,35.0,91.0
G_primary_paired_cost_contrasts,early_price/primary_paired_cost_contrasts.csv,DK1,,,,,,,,,,,,,,,,,,,,,,,,,,,,,,,,,,,,,,,,,,,,combined_early_logit__top2,base_early_logit__top2,hour,63.0,41.0,93.0,2000.0,,0.007,35.0,91.0
G_primary_paired_cost_contrasts,early_price/primary_paired_cost_contrasts.csv,DK1,,,,,,,,,,,,,,,,,,,,,,,,,,,,,,,,,,,,,,,,,,,,combined_early_logit__top2,base_early_logit__top2,hour,63.0,41.0,93.0,2000.0,,0.0075,35.0,91.0
G_primary_paired_cost_contrasts,early_price/primary_paired_cost_contrasts.csv,DK1,,,,,,,,,,,,,,,,,,,,,,,,,,,,,,,,,,,,,,,,,,,,combined_early_logit__top2,base_early_logit__top2,hour,63.0,41.0,93.0,2000.0,,0.008,35.0,91.0
G_primary_paired_cost_contrasts,early_price/primary_paired_cost_contrasts.csv,DK1,,,,,,,,,,,,,,,,,,,,,,,,,,,,,,,,,,,,,,,,,,,,combined_early_logit__top2,base_early_logit__top2,hour,63.0,41.0,93.0,2000.0,,0.0085,35.0,91.0
G_primary_paired_cost_contrasts,early_price/primary_paired_cost_contrasts.csv,DK1,,,,,,,,,,,,,,,,,,,,,,,,,,,,,,,,,,,,,,,,,,,,combined_early_logit__top2,base_early_logit__top2,hour,63.0,41.0,93.0,2000.0,,0.009,35.0,91.0
G_primary_paired_cost_contrasts,early_price/primary_paired_cost_contrasts.csv,DK1,,,,,,,,,,,,,,,,,,,,,,,,,,,,,,,,,,,,,,,,,,,,combined_early_logit__top2,base_early_logit__top2,hour,63.0,41.0,93.0,2000.0,,0.0095,35.0,91.0
G_primary_paired_cost_contrasts,early_price/primary_paired_cost_contrasts.csv,DK1,,,,,,,,,,,,,,,,,,,,,,,,,,,,,,,,,,,,,,,,,,,,combined_early_logit__top2,base_early_logit__top2,hour,63.0,41.0,93.0,2000.0,,0.01,35.0,91.0
G_primary_paired_cost_contrasts,early_price/primary_paired_cost_contrasts.csv,DK1,,,,,,,,,,,,,,,,,,,,,,,,,,,,,,,,,,,,,,,,,,,,combined_early_logit__top2,base_early_logit__top2,hour,63.0,41.0,93.0,2000.0,,0.0105,35.0,91.0
G_primary_paired_cost_contrasts,early_price/primary_paired_cost_contrasts.csv,DK1,,,,,,,,,,,,,,,,,,,,,,,,,,,,,,,,,,,,,,,,,,,,combined_early_logit__top2,base_early_logit__top2,hour,63.0,41.0,93.0,2000.0,,0.011,35.0,91.0
G_primary_paired_cost_contrasts,early_price/primary_paired_cost_contrasts.csv,DK1,,,,,,,,,,,,,,,,,,,,,,,,,,,,,,,,,,,,,,,,,,,,combined_early_logit__top2,base_early_logit__top2,hour,63.0,41.0,93.0,2000.0,,0.0115,35.0,91.0
G_primary_paired_cost_contrasts,early_price/primary_paired_cost_contrasts.csv,DK1,,,,,,,,,,,,,,,,,,,,,,,,,,,,,,,,,,,,,,,,,,,,combined_early_logit__top2,base_early_logit__top2,hour,63.0,41.0,93.0,2000.0,,0.012,35.0,91.0
G_primary_paired_cost_contrasts,early_price/primary_paired_cost_contrasts.csv,DK1,,,,,,,,,,,,,,,,,,,,,,,,,,,,,,,,,,,,,,,,,,,,combined_early_logit__top2,base_early_logit__top2,hour,63.0,41.0,93.0,2000.0,,0.0125,35.0,91.0
G_primary_paired_cost_contrasts,early_price/primary_paired_cost_contrasts.csv,DK1,,,,,,,,,,,,,,,,,,,,,,,,,,,,,,,,,,,,,,,,,,,,combined_early_logit__top2,base_early_logit__top2,hour,63.0,41.0,93.0,2000.0,,0.013,35.0,91.0
G_primary_paired_cost_contrasts,early_price/primary_paired_cost_contrasts.csv,DK1,,,,,,,,,,,,,,,,,,,,,,,,,,,,,,,,,,,,,,,,,,,,combined_early_logit__top2,base_early_logit__top2,hour,63.0,41.0,93.0,2000.0,,0.0135,35.0,91.0
G_primary_paired_cost_contrasts,early_price/primary_paired_cost_contrasts.csv,DK1,,,,,,,,,,,,,,,,,,,,,,,,,,,,,,,,,,,,,,,,,,,,combined_early_logit__top2,base_early_logit__top2,hour,63.0,41.0,93.0,2000.0,,0.014,35.0,91.0
G_primary_paired_cost_contrasts,early_price/primary_paired_cost_contrasts.csv,DK1,,,,,,,,,,,,,,,,,,,,,,,,,,,,,,,,,,,,,,,,,,,,combined_early_logit__top2,base_early_logit__top2,hour,63.0,41.0,93.0,2000.0,,0.0145,35.0,91.0
G_primary_paired_cost_contrasts,early_price/primary_paired_cost_contrasts.csv,DK1,,,,,,,,,,,,,,,,,,,,,,,,,,,,,,,,,,,,,,,,,,,,combined_early_logit__top2,base_early_logit__top2,hour,63.0,41.0,93.0,2000.0,,0.015,35.0,91.0
G_primary_paired_cost_contrasts,early_price/primary_paired_cost_contrasts.csv,DK1,,,,,,,,,,,,,,,,,,,,,,,,,,,,,,,,,,,,,,,,,,,,combined_early_logit__top2,base_early_logit__top2,hour,63.0,41.0,93.0,2000.0,,0.02,35.0,91.0
G_primary_paired_cost_contrasts,early_price/primary_paired_cost_contrasts.csv,DK1,,,,,,,,,,,,,,,,,,,,,,,,,,,,,,,,,,,,,,,,,,,,combined_early_logit__top2,base_early_logit__top2,hour,63.0,41.0,93.0,2000.0,,0.03,35.0,91.0
G_primary_paired_cost_contrasts,early_price/primary_paired_cost_contrasts.csv,DK1,,,,,,,,,,,,,,,,,,,,,,,,,,,,,,,,,,,,,,,,,,,,combined_early_logit__top2,base_early_logit__top2,hour,63.0,41.0,93.0,2000.0,,0.05,35.0,91.0
G_primary_paired_cost_contrasts,early_price/primary_paired_cost_contrasts.csv,DK1,,,,,,,,,,,,,,,,,,,,,,,,,,,,,,,,,,,,,,,,,,,,combined_early_logit__top2,base_early_logit__top2,hour,63.0,41.0,93.0,2000.0,,0.1,35.0,91.0
G_primary_paired_cost_contrasts,early_price/primary_paired_cost_contrasts.csv,DK1,,,,,,,,,,,,,,,,,,,,,,,,,,,,,,,,,,,,,,,,,,,,combined_early_logit__top2,base_early_logit__top2,hour,63.0,41.0,93.0,2000.0,,0.2,35.0,91.0
G_primary_paired_cost_contrasts,early_price/primary_paired_cost_contrasts.csv,DK1,,,,,,,,,,,,,,,,,,,,,,,,,,,,,,,,,,,,,,,,,,,,combined_early_logit__top2,base_early_logit__top2,hour,63.0,41.0,93.0,2000.0,,0.25,35.0,91.0
G_primary_paired_cost_contrasts,early_price/primary_paired_cost_contrasts.csv,DK1,,,,,,,,,,,,,,,,,,,,,,,,,,,,,,,,,,,,,,,,,,,,combined_early_logit__top2,base_early_logit__top2,hour,63.0,41.0,93.0,2000.0,,0.5,35.0,91.0
G_primary_paired_cost_contrasts,early_price/primary_paired_cost_contrasts.csv,DK1,,,,,,,,,,,,,,,,,,,,,,,,,,,,,,,,,,,,,,,,,,,,combined_early_logit__top2,base_early_logit__top2,hour,63.0,41.0,93.0,2000.0,,1.0,35.0,91.0
G_primary_paired_cost_contrasts,early_price/primary_paired_cost_contrasts.csv,DK1,,,,,,,,,,,,,,,,,,,,,,,,,,,,,,,,,,,,,,,,,,,,combined_hour_logit__top2,base_hour_logit__top2,process,5.0,-1.0,12.0,2000.0,,0.0,-1.0499999999999543,11.049999999999956
G_primary_paired_cost_contrasts,early_price/primary_paired_cost_contrasts.csv,DK1,,,,,,,,,,,,,,,,,,,,,,,,,,,,,,,,,,,,,,,,,,,,combined_hour_logit__top2,base_hour_logit__top2,process,5.0,-1.0,12.0,2000.0,,0.0005,-1.0499999999999543,11.049999999999956
G_primary_paired_cost_contrasts,early_price/primary_paired_cost_contrasts.csv,DK1,,,,,,,,,,,,,,,,,,,,,,,,,,,,,,,,,,,,,,,,,,,,combined_hour_logit__top2,base_hour_logit__top2,process,5.0,-1.0,12.0,2000.0,,0.001,-1.0499999999999543,11.049999999999956
G_primary_paired_cost_contrasts,early_price/primary_paired_cost_contrasts.csv,DK1,,,,,,,,,,,,,,,,,,,,,,,,,,,,,,,,,,,,,,,,,,,,combined_hour_logit__top2,base_hour_logit__top2,process,5.0,-1.0,12.0,2000.0,,0.0015,-1.0499999999999543,11.049999999999956
G_primary_paired_cost_contrasts,early_price/primary_paired_cost_contrasts.csv,DK1,,,,,,,,,,,,,,,,,,,,,,,,,,,,,,,,,,,,,,,,,,,,combined_hour_logit__top2,base_hour_logit__top2,process,5.0,-1.0,12.0,2000.0,,0.002,-1.0499999999999543,11.049999999999956
G_primary_paired_cost_contrasts,early_price/primary_paired_cost_contrasts.csv,DK1,,,,,,,,,,,,,,,,,,,,,,,,,,,,,,,,,,,,,,,,,,,,combined_hour_logit__top2,base_hour_logit__top2,process,5.0,-1.0,12.0,2000.0,,0.0025,-1.0499999999999543,11.049999999999956
G_primary_paired_cost_contrasts,early_price/primary_paired_cost_contrasts.csv,DK1,,,,,,,,,,,,,,,,,,,,,,,,,,,,,,,,,,,,,,,,,,,,combined_hour_logit__top2,base_hour_logit__top2,process,5.0,-1.0,12.0,2000.0,,0.003,-1.0499999999999543,11.049999999999956
G_primary_paired_cost_contrasts,early_price/primary_paired_cost_contrasts.csv,DK1,,,,,,,,,,,,,,,,,,,,,,,,,,,,,,,,,,,,,,,,,,,,combined_hour_logit__top2,base_hour_logit__top2,process,5.0,-1.0,12.0,2000.0,,0.0035,-1.0499999999999543,11.049999999999956
G_primary_paired_cost_contrasts,early_price/primary_paired_cost_contrasts.csv,DK1,,,,,,,,,,,,,,,,,,,,,,,,,,,,,,,,,,,,,,,,,,,,combined_hour_logit__top2,base_hour_logit__top2,process,5.0,-1.0,12.0,2000.0,,0.004,-1.0499999999999543,11.049999999999956
G_primary_paired_cost_contrasts,early_price/primary_paired_cost_contrasts.csv,DK1,,,,,,,,,,,,,,,,,,,,,,,,,,,,,,,,,,,,,,,,,,,,combined_hour_logit__top2,base_hour_logit__top2,process,5.0,-1.0,12.0,2000.0,,0.0045,-1.0499999999999543,11.049999999999956
G_primary_paired_cost_contrasts,early_price/primary_paired_cost_contrasts.csv,DK1,,,,,,,,,,,,,,,,,,,,,,,,,,,,,,,,,,,,,,,,,,,,combined_hour_logit__top2,base_hour_logit__top2,process,5.0,-1.0,12.0,2000.0,,0.005,-1.0499999999999543,11.049999999999956
G_primary_paired_cost_contrasts,early_price/primary_paired_cost_contrasts.csv,DK1,,,,,,,,,,,,,,,,,,,,,,,,,,,,,,,,,,,,,,,,,,,,combined_hour_logit__top2,base_hour_logit__top2,process,5.0,-1.0,12.0,2000.0,,0.0055,-1.0499999999999543,11.049999999999956
G_primary_paired_cost_contrasts,early_price/primary_paired_cost_contrasts.csv,DK1,,,,,,,,,,,,,,,,,,,,,,,,,,,,,,,,,,,,,,,,,,,,combined_hour_logit__top2,base_hour_logit__top2,process,5.0,-1.0,12.0,2000.0,,0.006,-1.0499999999999543,11.049999999999956
G_primary_paired_cost_contrasts,early_price/primary_paired_cost_contrasts.csv,DK1,,,,,,,,,,,,,,,,,,,,,,,,,,,,,,,,,,,,,,,,,,,,combined_hour_logit__top2,base_hour_logit__top2,process,5.0,-1.0,12.0,2000.0,,0.0065,-1.0499999999999543,11.049999999999956
G_primary_paired_cost_contrasts,early_price/primary_paired_cost_contrasts.csv,DK1,,,,,,,,,,,,,,,,,,,,,,,,,,,,,,,,,,,,,,,,,,,,combined_hour_logit__top2,base_hour_logit__top2,process,5.0,-1.0,12.0,2000.0,,0.007,-1.0499999999999543,11.049999999999956
G_primary_paired_cost_contrasts,early_price/primary_paired_cost_contrasts.csv,DK1,,,,,,,,,,,,,,,,,,,,,,,,,,,,,,,,,,,,,,,,,,,,combined_hour_logit__top2,base_hour_logit__top2,process,5.0,-1.0,12.0,2000.0,,0.0075,-1.0499999999999543,11.049999999999956
G_primary_paired_cost_contrasts,early_price/primary_paired_cost_contrasts.csv,DK1,,,,,,,,,,,,,,,,,,,,,,,,,,,,,,,,,,,,,,,,,,,,combined_hour_logit__top2,base_hour_logit__top2,process,5.0,-1.0,12.0,2000.0,,0.008,-1.0499999999999543,11.049999999999956
G_primary_paired_cost_contrasts,early_price/primary_paired_cost_contrasts.csv,DK1,,,,,,,,,,,,,,,,,,,,,,,,,,,,,,,,,,,,,,,,,,,,combined_hour_logit__top2,base_hour_logit__top2,process,5.0,-1.0,12.0,2000.0,,0.0085,-1.0499999999999543,11.049999999999956
G_primary_paired_cost_contrasts,early_price/primary_paired_cost_contrasts.csv,DK1,,,,,,,,,,,,,,,,,,,,,,,,,,,,,,,,,,,,,,,,,,,,combined_hour_logit__top2,base_hour_logit__top2,process,5.0,-1.0,12.0,2000.0,,0.009,-1.0499999999999543,11.049999999999956
G_primary_paired_cost_contrasts,early_price/primary_paired_cost_contrasts.csv,DK1,,,,,,,,,,,,,,,,,,,,,,,,,,,,,,,,,,,,,,,,,,,,combined_hour_logit__top2,base_hour_logit__top2,process,5.0,-1.0,12.0,2000.0,,0.0095,-1.0499999999999543,11.049999999999956
G_primary_paired_cost_contrasts,early_price/primary_paired_cost_contrasts.csv,DK1,,,,,,,,,,,,,,,,,,,,,,,,,,,,,,,,,,,,,,,,,,,,combined_hour_logit__top2,base_hour_logit__top2,process,5.0,-1.0,12.0,2000.0,,0.01,-1.0499999999999543,11.049999999999956
G_primary_paired_cost_contrasts,early_price/primary_paired_cost_contrasts.csv,DK1,,,,,,,,,,,,,,,,,,,,,,,,,,,,,,,,,,,,,,,,,,,,combined_hour_logit__top2,base_hour_logit__top2,process,5.0,-1.0,12.0,2000.0,,0.0105,-1.0499999999999543,11.049999999999956
G_primary_paired_cost_contrasts,early_price/primary_paired_cost_contrasts.csv,DK1,,,,,,,,,,,,,,,,,,,,,,,,,,,,,,,,,,,,,,,,,,,,combined_hour_logit__top2,base_hour_logit__top2,process,5.0,-1.0,12.0,2000.0,,0.011,-1.0499999999999543,11.049999999999956
G_primary_paired_cost_contrasts,early_price/primary_paired_cost_contrasts.csv,DK1,,,,,,,,,,,,,,,,,,,,,,,,,,,,,,,,,,,,,,,,,,,,combined_hour_logit__top2,base_hour_logit__top2,process,5.0,-1.0,12.0,2000.0,,0.0115,-1.0499999999999543,11.049999999999956
G_primary_paired_cost_contrasts,early_price/primary_paired_cost_contrasts.csv,DK1,,,,,,,,,,,,,,,,,,,,,,,,,,,,,,,,,,,,,,,,,,,,combined_hour_logit__top2,base_hour_logit__top2,process,5.0,-1.0,12.0,2000.0,,0.012,-1.0499999999999543,11.049999999999956
G_primary_paired_cost_contrasts,early_price/primary_paired_cost_contrasts.csv,DK1,,,,,,,,,,,,,,,,,,,,,,,,,,,,,,,,,,,,,,,,,,,,combined_hour_logit__top2,base_hour_logit__top2,process,5.0,-1.0,12.0,2000.0,,0.0125,-1.0499999999999543,11.049999999999956
G_primary_paired_cost_contrasts,early_price/primary_paired_cost_contrasts.csv,DK1,,,,,,,,,,,,,,,,,,,,,,,,,,,,,,,,,,,,,,,,,,,,combined_hour_logit__top2,base_hour_logit__top2,process,5.0,-1.0,12.0,2000.0,,0.013,-1.0499999999999543,11.049999999999956
G_primary_paired_cost_contrasts,early_price/primary_paired_cost_contrasts.csv,DK1,,,,,,,,,,,,,,,,,,,,,,,,,,,,,,,,,,,,,,,,,,,,combined_hour_logit__top2,base_hour_logit__top2,process,5.0,-1.0,12.0,2000.0,,0.0135,-1.0499999999999543,11.049999999999956
G_primary_paired_cost_contrasts,early_price/primary_paired_cost_contrasts.csv,DK1,,,,,,,,,,,,,,,,,,,,,,,,,,,,,,,,,,,,,,,,,,,,combined_hour_logit__top2,base_hour_logit__top2,process,5.0,-1.0,12.0,2000.0,,0.014,-1.0499999999999543,11.049999999999956
G_primary_paired_cost_contrasts,early_price/primary_paired_cost_contrasts.csv,DK1,,,,,,,,,,,,,,,,,,,,,,,,,,,,,,,,,,,,,,,,,,,,combined_hour_logit__top2,base_hour_logit__top2,process,5.0,-1.0,12.0,2000.0,,0.0145,-1.0499999999999543,11.049999999999956
G_primary_paired_cost_contrasts,early_price/primary_paired_cost_contrasts.csv,DK1,,,,,,,,,,,,,,,,,,,,,,,,,,,,,,,,,,,,,,,,,,,,combined_hour_logit__top2,base_hour_logit__top2,process,5.0,-1.0,12.0,2000.0,,0.015,-1.0499999999999543,11.049999999999956
G_primary_paired_cost_contrasts,early_price/primary_paired_cost_contrasts.csv,DK1,,,,,,,,,,,,,,,,,,,,,,,,,,,,,,,,,,,,,,,,,,,,combined_hour_logit__top2,base_hour_logit__top2,process,5.0,-1.0,12.0,2000.0,,0.02,-1.0499999999999543,11.049999999999956
G_primary_paired_cost_contrasts,early_price/primary_paired_cost_contrasts.csv,DK1,,,,,,,,,,,,,,,,,,,,,,,,,,,,,,,,,,,,,,,,,,,,combined_hour_logit__top2,base_hour_logit__top2,process,5.0,-1.0,12.0,2000.0,,0.03,-1.0499999999999543,11.049999999999956
G_primary_paired_cost_contrasts,early_price/primary_paired_cost_contrasts.csv,DK1,,,,,,,,,,,,,,,,,,,,,,,,,,,,,,,,,,,,,,,,,,,,combined_hour_logit__top2,base_hour_logit__top2,process,5.0,-1.0,12.0,2000.0,,0.05,-1.0499999999999543,11.049999999999956
G_primary_paired_cost_contrasts,early_price/primary_paired_cost_contrasts.csv,DK1,,,,,,,,,,,,,,,,,,,,,,,,,,,,,,,,,,,,,,,,,,,,combined_hour_logit__top2,base_hour_logit__top2,process,5.0,-1.0,12.0,2000.0,,0.1,-1.0499999999999543,11.049999999999956
G_primary_paired_cost_contrasts,early_price/primary_paired_cost_contrasts.csv,DK1,,,,,,,,,,,,,,,,,,,,,,,,,,,,,,,,,,,,,,,,,,,,combined_hour_logit__top2,base_hour_logit__top2,process,5.0,-1.0,12.0,2000.0,,0.2,-1.0499999999999543,11.049999999999956
G_primary_paired_cost_contrasts,early_price/primary_paired_cost_contrasts.csv,DK1,,,,,,,,,,,,,,,,,,,,,,,,,,,,,,,,,,,,,,,,,,,,combined_hour_logit__top2,base_hour_logit__top2,process,5.0,-1.0,12.0,2000.0,,0.25,-1.0499999999999543,11.049999999999956
G_primary_paired_cost_contrasts,early_price/primary_paired_cost_contrasts.csv,DK1,,,,,,,,,,,,,,,,,,,,,,,,,,,,,,,,,,,,,,,,,,,,combined_hour_logit__top2,base_hour_logit__top2,process,5.0,-1.0,12.0,2000.0,,0.5,-1.0499999999999543,11.049999999999956
G_primary_paired_cost_contrasts,early_price/primary_paired_cost_contrasts.csv,DK1,,,,,,,,,,,,,,,,,,,,,,,,,,,,,,,,,,,,,,,,,,,,combined_hour_logit__top2,base_hour_logit__top2,process,5.0,-1.0,12.0,2000.0,,1.0,-1.0499999999999543,11.049999999999956
G_primary_paired_cost_contrasts,early_price/primary_paired_cost_contrasts.csv,DK1,,,,,,,,,,,,,,,,,,,,,,,,,,,,,,,,,,,,,,,,,,,,combined_hour_logit__top2,base_hour_logit__top2,hour,24.0,11.0,39.0,2000.0,,0.0,10.950000000000044,37.04999999999996
G_primary_paired_cost_contrasts,early_price/primary_paired_cost_contrasts.csv,DK1,,,,,,,,,,,,,,,,,,,,,,,,,,,,,,,,,,,,,,,,,,,,combined_hour_logit__top2,base_hour_logit__top2,hour,24.0,11.0,39.0,2000.0,,0.0005,10.950000000000044,37.04999999999996
G_primary_paired_cost_contrasts,early_price/primary_paired_cost_contrasts.csv,DK1,,,,,,,,,,,,,,,,,,,,,,,,,,,,,,,,,,,,,,,,,,,,combined_hour_logit__top2,base_hour_logit__top2,hour,24.0,11.0,39.0,2000.0,,0.001,10.950000000000044,37.04999999999996
G_primary_paired_cost_contrasts,early_price/primary_paired_cost_contrasts.csv,DK1,,,,,,,,,,,,,,,,,,,,,,,,,,,,,,,,,,,,,,,,,,,,combined_hour_logit__top2,base_hour_logit__top2,hour,24.0,11.0,39.0,2000.0,,0.0015,10.950000000000044,37.04999999999996
G_primary_paired_cost_contrasts,early_price/primary_paired_cost_contrasts.csv,DK1,,,,,,,,,,,,,,,,,,,,,,,,,,,,,,,,,,,,,,,,,,,,combined_hour_logit__top2,base_hour_logit__top2,hour,24.0,11.0,39.0,2000.0,,0.002,10.950000000000044,37.04999999999996
G_primary_paired_cost_contrasts,early_price/primary_paired_cost_contrasts.csv,DK1,,,,,,,,,,,,,,,,,,,,,,,,,,,,,,,,,,,,,,,,,,,,combined_hour_logit__top2,base_hour_logit__top2,hour,24.0,11.0,39.0,2000.0,,0.0025,10.950000000000044,37.04999999999996
G_primary_paired_cost_contrasts,early_price/primary_paired_cost_contrasts.csv,DK1,,,,,,,,,,,,,,,,,,,,,,,,,,,,,,,,,,,,,,,,,,,,combined_hour_logit__top2,base_hour_logit__top2,hour,24.0,11.0,39.0,2000.0,,0.003,10.950000000000044,37.04999999999996
G_primary_paired_cost_contrasts,early_price/primary_paired_cost_contrasts.csv,DK1,,,,,,,,,,,,,,,,,,,,,,,,,,,,,,,,,,,,,,,,,,,,combined_hour_logit__top2,base_hour_logit__top2,hour,24.0,11.0,39.0,2000.0,,0.0035,10.950000000000044,37.04999999999996
G_primary_paired_cost_contrasts,early_price/primary_paired_cost_contrasts.csv,DK1,,,,,,,,,,,,,,,,,,,,,,,,,,,,,,,,,,,,,,,,,,,,combined_hour_logit__top2,base_hour_logit__top2,hour,24.0,11.0,39.0,2000.0,,0.004,10.950000000000044,37.04999999999996
G_primary_paired_cost_contrasts,early_price/primary_paired_cost_contrasts.csv,DK1,,,,,,,,,,,,,,,,,,,,,,,,,,,,,,,,,,,,,,,,,,,,combined_hour_logit__top2,base_hour_logit__top2,hour,24.0,11.0,39.0,2000.0,,0.0045,10.950000000000044,37.04999999999996
G_primary_paired_cost_contrasts,early_price/primary_paired_cost_contrasts.csv,DK1,,,,,,,,,,,,,,,,,,,,,,,,,,,,,,,,,,,,,,,,,,,,combined_hour_logit__top2,base_hour_logit__top2,hour,24.0,11.0,39.0,2000.0,,0.005,10.950000000000044,37.04999999999996
G_primary_paired_cost_contrasts,early_price/primary_paired_cost_contrasts.csv,DK1,,,,,,,,,,,,,,,,,,,,,,,,,,,,,,,,,,,,,,,,,,,,combined_hour_logit__top2,base_hour_logit__top2,hour,24.0,11.0,39.0,2000.0,,0.0055,10.950000000000044,37.04999999999996
G_primary_paired_cost_contrasts,early_price/primary_paired_cost_contrasts.csv,DK1,,,,,,,,,,,,,,,,,,,,,,,,,,,,,,,,,,,,,,,,,,,,combined_hour_logit__top2,base_hour_logit__top2,hour,24.0,11.0,39.0,2000.0,,0.006,10.950000000000044,37.04999999999996
G_primary_paired_cost_contrasts,early_price/primary_paired_cost_contrasts.csv,DK1,,,,,,,,,,,,,,,,,,,,,,,,,,,,,,,,,,,,,,,,,,,,combined_hour_logit__top2,base_hour_logit__top2,hour,24.0,11.0,39.0,2000.0,,0.0065,10.950000000000044,37.04999999999996
G_primary_paired_cost_contrasts,early_price/primary_paired_cost_contrasts.csv,DK1,,,,,,,,,,,,,,,,,,,,,,,,,,,,,,,,,,,,,,,,,,,,combined_hour_logit__top2,base_hour_logit__top2,hour,24.0,11.0,39.0,2000.0,,0.007,10.950000000000044,37.04999999999996
G_primary_paired_cost_contrasts,early_price/primary_paired_cost_contrasts.csv,DK1,,,,,,,,,,,,,,,,,,,,,,,,,,,,,,,,,,,,,,,,,,,,combined_hour_logit__top2,base_hour_logit__top2,hour,24.0,11.0,39.0,2000.0,,0.0075,10.950000000000044,37.04999999999996
G_primary_paired_cost_contrasts,early_price/primary_paired_cost_contrasts.csv,DK1,,,,,,,,,,,,,,,,,,,,,,,,,,,,,,,,,,,,,,,,,,,,combined_hour_logit__top2,base_hour_logit__top2,hour,24.0,11.0,39.0,2000.0,,0.008,10.950000000000044,37.04999999999996
G_primary_paired_cost_contrasts,early_price/primary_paired_cost_contrasts.csv,DK1,,,,,,,,,,,,,,,,,,,,,,,,,,,,,,,,,,,,,,,,,,,,combined_hour_logit__top2,base_hour_logit__top2,hour,24.0,11.0,39.0,2000.0,,0.0085,10.950000000000044,37.04999999999996
G_primary_paired_cost_contrasts,early_price/primary_paired_cost_contrasts.csv,DK1,,,,,,,,,,,,,,,,,,,,,,,,,,,,,,,,,,,,,,,,,,,,combined_hour_logit__top2,base_hour_logit__top2,hour,24.0,11.0,39.0,2000.0,,0.009,10.950000000000044,37.04999999999996
G_primary_paired_cost_contrasts,early_price/primary_paired_cost_contrasts.csv,DK1,,,,,,,,,,,,,,,,,,,,,,,,,,,,,,,,,,,,,,,,,,,,combined_hour_logit__top2,base_hour_logit__top2,hour,24.0,11.0,39.0,2000.0,,0.0095,10.950000000000044,37.04999999999996
G_primary_paired_cost_contrasts,early_price/primary_paired_cost_contrasts.csv,DK1,,,,,,,,,,,,,,,,,,,,,,,,,,,,,,,,,,,,,,,,,,,,combined_hour_logit__top2,base_hour_logit__top2,hour,24.0,11.0,39.0,2000.0,,0.01,10.950000000000044,37.04999999999996
G_primary_paired_cost_contrasts,early_price/primary_paired_cost_contrasts.csv,DK1,,,,,,,,,,,,,,,,,,,,,,,,,,,,,,,,,,,,,,,,,,,,combined_hour_logit__top2,base_hour_logit__top2,hour,24.0,11.0,39.0,2000.0,,0.0105,10.950000000000044,37.04999999999996
G_primary_paired_cost_contrasts,early_price/primary_paired_cost_contrasts.csv,DK1,,,,,,,,,,,,,,,,,,,,,,,,,,,,,,,,,,,,,,,,,,,,combined_hour_logit__top2,base_hour_logit__top2,hour,24.0,11.0,39.0,2000.0,,0.011,10.950000000000044,37.04999999999996
G_primary_paired_cost_contrasts,early_price/primary_paired_cost_contrasts.csv,DK1,,,,,,,,,,,,,,,,,,,,,,,,,,,,,,,,,,,,,,,,,,,,combined_hour_logit__top2,base_hour_logit__top2,hour,24.0,11.0,39.0,2000.0,,0.0115,10.950000000000044,37.04999999999996
G_primary_paired_cost_contrasts,early_price/primary_paired_cost_contrasts.csv,DK1,,,,,,,,,,,,,,,,,,,,,,,,,,,,,,,,,,,,,,,,,,,,combined_hour_logit__top2,base_hour_logit__top2,hour,24.0,11.0,39.0,2000.0,,0.012,10.950000000000044,37.04999999999996
G_primary_paired_cost_contrasts,early_price/primary_paired_cost_contrasts.csv,DK1,,,,,,,,,,,,,,,,,,,,,,,,,,,,,,,,,,,,,,,,,,,,combined_hour_logit__top2,base_hour_logit__top2,hour,24.0,11.0,39.0,2000.0,,0.0125,10.950000000000044,37.04999999999996
G_primary_paired_cost_contrasts,early_price/primary_paired_cost_contrasts.csv,DK1,,,,,,,,,,,,,,,,,,,,,,,,,,,,,,,,,,,,,,,,,,,,combined_hour_logit__top2,base_hour_logit__top2,hour,24.0,11.0,39.0,2000.0,,0.013,10.950000000000044,37.04999999999996
G_primary_paired_cost_contrasts,early_price/primary_paired_cost_contrasts.csv,DK1,,,,,,,,,,,,,,,,,,,,,,,,,,,,,,,,,,,,,,,,,,,,combined_hour_logit__top2,base_hour_logit__top2,hour,24.0,11.0,39.0,2000.0,,0.0135,10.950000000000044,37.04999999999996
G_primary_paired_cost_contrasts,early_price/primary_paired_cost_contrasts.csv,DK1,,,,,,,,,,,,,,,,,,,,,,,,,,,,,,,,,,,,,,,,,,,,combined_hour_logit__top2,base_hour_logit__top2,hour,24.0,11.0,39.0,2000.0,,0.014,10.950000000000044,37.04999999999996
G_primary_paired_cost_contrasts,early_price/primary_paired_cost_contrasts.csv,DK1,,,,,,,,,,,,,,,,,,,,,,,,,,,,,,,,,,,,,,,,,,,,combined_hour_logit__top2,base_hour_logit__top2,hour,24.0,11.0,39.0,2000.0,,0.0145,10.950000000000044,37.04999999999996
G_primary_paired_cost_contrasts,early_price/primary_paired_cost_contrasts.csv,DK1,,,,,,,,,,,,,,,,,,,,,,,,,,,,,,,,,,,,,,,,,,,,combined_hour_logit__top2,base_hour_logit__top2,hour,24.0,11.0,39.0,2000.0,,0.015,10.950000000000044,37.04999999999996
G_primary_paired_cost_contrasts,early_price/primary_paired_cost_contrasts.csv,DK1,,,,,,,,,,,,,,,,,,,,,,,,,,,,,,,,,,,,,,,,,,,,combined_hour_logit__top2,base_hour_logit__top2,hour,24.0,11.0,39.0,2000.0,,0.02,10.950000000000044,37.04999999999996
G_primary_paired_cost_contrasts,early_price/primary_paired_cost_contrasts.csv,DK1,,,,,,,,,,,,,,,,,,,,,,,,,,,,,,,,,,,,,,,,,,,,combined_hour_logit__top2,base_hour_logit__top2,hour,24.0,11.0,39.0,2000.0,,0.03,10.950000000000044,37.04999999999996
G_primary_paired_cost_contrasts,early_price/primary_paired_cost_contrasts.csv,DK1,,,,,,,,,,,,,,,,,,,,,,,,,,,,,,,,,,,,,,,,,,,,combined_hour_logit__top2,base_hour_logit__top2,hour,24.0,11.0,39.0,2000.0,,0.05,10.950000000000044,37.04999999999996
G_primary_paired_cost_contrasts,early_price/primary_paired_cost_contrasts.csv,DK1,,,,,,,,,,,,,,,,,,,,,,,,,,,,,,,,,,,,,,,,,,,,combined_hour_logit__top2,base_hour_logit__top2,hour,24.0,11.0,39.0,2000.0,,0.1,10.950000000000044,37.04999999999996
G_primary_paired_cost_contrasts,early_price/primary_paired_cost_contrasts.csv,DK1,,,,,,,,,,,,,,,,,,,,,,,,,,,,,,,,,,,,,,,,,,,,combined_hour_logit__top2,base_hour_logit__top2,hour,24.0,11.0,39.0,2000.0,,0.2,10.950000000000044,37.04999999999996
G_primary_paired_cost_contrasts,early_price/primary_paired_cost_contrasts.csv,DK1,,,,,,,,,,,,,,,,,,,,,,,,,,,,,,,,,,,,,,,,,,,,combined_hour_logit__top2,base_hour_logit__top2,hour,24.0,11.0,39.0,2000.0,,0.25,10.950000000000044,37.04999999999996
G_primary_paired_cost_contrasts,early_price/primary_paired_cost_contrasts.csv,DK1,,,,,,,,,,,,,,,,,,,,,,,,,,,,,,,,,,,,,,,,,,,,combined_hour_logit__top2,base_hour_logit__top2,hour,24.0,11.0,39.0,2000.0,,0.5,10.950000000000044,37.04999999999996
G_primary_paired_cost_contrasts,early_price/primary_paired_cost_contrasts.csv,DK1,,,,,,,,,,,,,,,,,,,,,,,,,,,,,,,,,,,,,,,,,,,,combined_hour_logit__top2,base_hour_logit__top2,hour,24.0,11.0,39.0,2000.0,,1.0,10.950000000000044,37.04999999999996
G_primary_paired_cost_contrasts,early_price/primary_paired_cost_contrasts.csv,DK1,,,,,,,,,,,,,,,,,,,,,,,,,,,,,,,,,,,,,,,,,,,,combined_early_logit__count2022_target05,base_early_logit__count2022_target05,process,6.0,-4.0,14.0,2000.0,,0.0,-12.0,24.0
G_primary_paired_cost_contrasts,early_price/primary_paired_cost_contrasts.csv,DK1,,,,,,,,,,,,,,,,,,,,,,,,,,,,,,,,,,,,,,,,,,,,combined_early_logit__count2022_target05,base_early_logit__count2022_target05,process,5.977,-4.025,13.9795,2000.0,,0.0005,-12.023,23.977
G_primary_paired_cost_contrasts,early_price/primary_paired_cost_contrasts.csv,DK1,,,,,,,,,,,,,,,,,,,,,,,,,,,,,,,,,,,,,,,,,,,,combined_early_logit__count2022_target05,base_early_logit__count2022_target05,process,5.954,-4.05,13.959,2000.0,,0.001,-12.046,23.954
G_primary_paired_cost_contrasts,early_price/primary_paired_cost_contrasts.csv,DK1,,,,,,,,,,,,,,,,,,,,,,,,,,,,,,,,,,,,,,,,,,,,combined_early_logit__count2022_target05,base_early_logit__count2022_target05,process,5.931,-4.075,13.9385,2000.0,,0.0015,-12.069,23.931
G_primary_paired_cost_contrasts,early_price/primary_paired_cost_contrasts.csv,DK1,,,,,,,,,,,,,,,,,,,,,,,,,,,,,,,,,,,,,,,,,,,,combined_early_logit__count2022_target05,base_early_logit__count2022_target05,process,5.908,-4.1,13.918,2000.0,,0.002,-12.092,23.908
G_primary_paired_cost_contrasts,early_price/primary_paired_cost_contrasts.csv,DK1,,,,,,,,,,,,,,,,,,,,,,,,,,,,,,,,,,,,,,,,,,,,combined_early_logit__count2022_target05,base_early_logit__count2022_target05,process,5.885,-4.125,13.8975,2000.0,,0.0025,-12.115,23.885
G_primary_paired_cost_contrasts,early_price/primary_paired_cost_contrasts.csv,DK1,,,,,,,,,,,,,,,,,,,,,,,,,,,,,,,,,,,,,,,,,,,,combined_early_logit__count2022_target05,base_early_logit__count2022_target05,process,5.862,-4.15,13.877,2000.0,,0.003,-12.138,23.862
G_primary_paired_cost_contrasts,early_price/primary_paired_cost_contrasts.csv,DK1,,,,,,,,,,,,,,,,,,,,,,,,,,,,,,,,,,,,,,,,,,,,combined_early_logit__count2022_target05,base_early_logit__count2022_target05,process,5.839,-4.175,13.8565,2000.0,,0.0035,-12.161,23.839
G_primary_paired_cost_contrasts,early_price/primary_paired_cost_contrasts.csv,DK1,,,,,,,,,,,,,,,,,,,,,,,,,,,,,,,,,,,,,,,,,,,,combined_early_logit__count2022_target05,base_early_logit__count2022_target05,process,5.816,-4.2,13.836,2000.0,,0.004,-12.184,23.816
G_primary_paired_cost_contrasts,early_price/primary_paired_cost_contrasts.csv,DK1,,,,,,,,,,,,,,,,,,,,,,,,,,,,,,,,,,,,,,,,,,,,combined_early_logit__count2022_target05,base_early_logit__count2022_target05,process,5.793,-4.225,13.8155,2000.0,,0.0045,-12.207,23.793
G_primary_paired_cost_contrasts,early_price/primary_paired_cost_contrasts.csv,DK1,,,,,,,,,,,,,,,,,,,,,,,,,,,,,,,,,,,,,,,,,,,,combined_early_logit__count2022_target05,base_early_logit__count2022_target05,process,5.77,-4.25,13.795,2000.0,,0.005,-12.23,23.77
G_primary_paired_cost_contrasts,early_price/primary_paired_cost_contrasts.csv,DK1,,,,,,,,,,,,,,,,,,,,,,,,,,,,,,,,,,,,,,,,,,,,combined_early_logit__count2022_target05,base_early_logit__count2022_target05,process,5.747,-4.275,13.7745,2000.0,,0.0055,-12.253,23.747
G_primary_paired_cost_contrasts,early_price/primary_paired_cost_contrasts.csv,DK1,,,,,,,,,,,,,,,,,,,,,,,,,,,,,,,,,,,,,,,,,,,,combined_early_logit__count2022_target05,base_early_logit__count2022_target05,process,5.724,-4.3,13.754,2000.0,,0.006,-12.276,23.724
G_primary_paired_cost_contrasts,early_price/primary_paired_cost_contrasts.csv,DK1,,,,,,,,,,,,,,,,,,,,,,,,,,,,,,,,,,,,,,,,,,,,combined_early_logit__count2022_target05,base_early_logit__count2022_target05,process,5.701,-4.325,13.7335,2000.0,,0.0065,-12.299,23.701
G_primary_paired_cost_contrasts,early_price/primary_paired_cost_contrasts.csv,DK1,,,,,,,,,,,,,,,,,,,,,,,,,,,,,,,,,,,,,,,,,,,,combined_early_logit__count2022_target05,base_early_logit__count2022_target05,process,5.678,-4.35,13.713,2000.0,,0.007,-12.322,23.678
G_primary_paired_cost_contrasts,early_price/primary_paired_cost_contrasts.csv,DK1,,,,,,,,,,,,,,,,,,,,,,,,,,,,,,,,,,,,,,,,,,,,combined_early_logit__count2022_target05,base_early_logit__count2022_target05,process,5.655,-4.375,13.6925,2000.0,,0.0075,-12.345,23.655
G_primary_paired_cost_contrasts,early_price/primary_paired_cost_contrasts.csv,DK1,,,,,,,,,,,,,,,,,,,,,,,,,,,,,,,,,,,,,,,,,,,,combined_early_logit__count2022_target05,base_early_logit__count2022_target05,process,5.632,-4.4,13.672,2000.0,,0.008,-12.368,23.632
G_primary_paired_cost_contrasts,early_price/primary_paired_cost_contrasts.csv,DK1,,,,,,,,,,,,,,,,,,,,,,,,,,,,,,,,,,,,,,,,,,,,combined_early_logit__count2022_target05,base_early_logit__count2022_target05,process,5.609,-4.425,13.6515,2000.0,,0.0085,-12.391,23.609
G_primary_paired_cost_contrasts,early_price/primary_paired_cost_contrasts.csv,DK1,,,,,,,,,,,,,,,,,,,,,,,,,,,,,,,,,,,,,,,,,,,,combined_early_logit__count2022_target05,base_early_logit__count2022_target05,process,5.586,-4.45,13.631,2000.0,,0.009,-12.414,23.586
G_primary_paired_cost_contrasts,early_price/primary_paired_cost_contrasts.csv,DK1,,,,,,,,,,,,,,,,,,,,,,,,,,,,,,,,,,,,,,,,,,,,combined_early_logit__count2022_target05,base_early_logit__count2022_target05,process,5.563,-4.475,13.6105,2000.0,,0.0095,-12.437,23.563
G_primary_paired_cost_contrasts,early_price/primary_paired_cost_contrasts.csv,DK1,,,,,,,,,,,,,,,,,,,,,,,,,,,,,,,,,,,,,,,,,,,,combined_early_logit__count2022_target05,base_early_logit__count2022_target05,process,5.54,-4.5,13.59,2000.0,,0.01,-12.46,23.54
G_primary_paired_cost_contrasts,early_price/primary_paired_cost_contrasts.csv,DK1,,,,,,,,,,,,,,,,,,,,,,,,,,,,,,,,,,,,,,,,,,,,combined_early_logit__count2022_target05,base_early_logit__count2022_target05,process,5.517,-4.525,13.5695,2000.0,,0.0105,-12.483,23.517
G_primary_paired_cost_contrasts,early_price/primary_paired_cost_contrasts.csv,DK1,,,,,,,,,,,,,,,,,,,,,,,,,,,,,,,,,,,,,,,,,,,,combined_early_logit__count2022_target05,base_early_logit__count2022_target05,process,5.494,-4.55,13.549,2000.0,,0.011,-12.506,23.494
G_primary_paired_cost_contrasts,early_price/primary_paired_cost_contrasts.csv,DK1,,,,,,,,,,,,,,,,,,,,,,,,,,,,,,,,,,,,,,,,,,,,combined_early_logit__count2022_target05,base_early_logit__count2022_target05,process,5.471,-4.575,13.5285,2000.0,,0.0115,-12.529,23.471
G_primary_paired_cost_contrasts,early_price/primary_paired_cost_contrasts.csv,DK1,,,,,,,,,,,,,,,,,,,,,,,,,,,,,,,,,,,,,,,,,,,,combined_early_logit__count2022_target05,base_early_logit__count2022_target05,process,5.448,-4.6,13.508,2000.0,,0.012,-12.552,23.448
G_primary_paired_cost_contrasts,early_price/primary_paired_cost_contrasts.csv,DK1,,,,,,,,,,,,,,,,,,,,,,,,,,,,,,,,,,,,,,,,,,,,combined_early_logit__count2022_target05,base_early_logit__count2022_target05,process,5.425,-4.625,13.4875,2000.0,,0.0125,-12.575,23.425
G_primary_paired_cost_contrasts,early_price/primary_paired_cost_contrasts.csv,DK1,,,,,,,,,,,,,,,,,,,,,,,,,,,,,,,,,,,,,,,,,,,,combined_early_logit__count2022_target05,base_early_logit__count2022_target05,process,5.402,-4.65,13.467,2000.0,,0.013,-12.598,23.402
G_primary_paired_cost_contrasts,early_price/primary_paired_cost_contrasts.csv,DK1,,,,,,,,,,,,,,,,,,,,,,,,,,,,,,,,,,,,,,,,,,,,combined_early_logit__count2022_target05,base_early_logit__count2022_target05,process,5.379,-4.675,13.4465,2000.0,,0.0135,-12.621,23.379
G_primary_paired_cost_contrasts,early_price/primary_paired_cost_contrasts.csv,DK1,,,,,,,,,,,,,,,,,,,,,,,,,,,,,,,,,,,,,,,,,,,,combined_early_logit__count2022_target05,base_early_logit__count2022_target05,process,5.356,-4.7,13.426,2000.0,,0.014,-12.644,23.356
G_primary_paired_cost_contrasts,early_price/primary_paired_cost_contrasts.csv,DK1,,,,,,,,,,,,,,,,,,,,,,,,,,,,,,,,,,,,,,,,,,,,combined_early_logit__count2022_target05,base_early_logit__count2022_target05,process,5.333,-4.725,13.4055,2000.0,,0.0145,-12.667,23.333
G_primary_paired_cost_contrasts,early_price/primary_paired_cost_contrasts.csv,DK1,,,,,,,,,,,,,,,,,,,,,,,,,,,,,,,,,,,,,,,,,,,,combined_early_logit__count2022_target05,base_early_logit__count2022_target05,process,5.3100000000000005,-4.75,13.385,2000.0,,0.015,-12.69,23.31
G_primary_paired_cost_contrasts,early_price/primary_paired_cost_contrasts.csv,DK1,,,,,,,,,,,,,,,,,,,,,,,,,,,,,,,,,,,,,,,,,,,,combined_early_logit__count2022_target05,base_early_logit__count2022_target05,process,5.08,-5.0,13.18,2000.0,,0.02,-12.92,23.08
G_primary_paired_cost_contrasts,early_price/primary_paired_cost_contrasts.csv,DK1,,,,,,,,,,,,,,,,,,,,,,,,,,,,,,,,,,,,,,,,,,,,combined_early_logit__count2022_target05,base_early_logit__count2022_target05,process,4.62,-5.5,12.77,2000.0,,0.03,-13.38,22.62
G_primary_paired_cost_contrasts,early_price/primary_paired_cost_contrasts.csv,DK1,,,,,,,,,,,,,,,,,,,,,,,,,,,,,,,,,,,,,,,,,,,,combined_early_logit__count2022_target05,base_early_logit__count2022_target05,process,3.7,-6.5,11.95,2000.0,,0.05,-14.3,21.7
G_primary_paired_cost_contrasts,early_price/primary_paired_cost_contrasts.csv,DK1,,,,,,,,,,,,,,,,,,,,,,,,,,,,,,,,,,,,,,,,,,,,combined_early_logit__count2022_target05,base_early_logit__count2022_target05,process,1.3999999999999997,-9.0,9.9,2000.0,,0.1,-16.6,19.4
G_primary_paired_cost_contrasts,early_price/primary_paired_cost_contrasts.csv,DK1,,,,,,,,,,,,,,,,,,,,,,,,,,,,,,,,,,,,,,,,,,,,combined_early_logit__count2022_target05,base_early_logit__count2022_target05,process,-3.200000000000001,-13.4,6.0,2000.0,,0.2,-21.200000000000003,14.8
G_primary_paired_cost_contrasts,early_price/primary_paired_cost_contrasts.csv,DK1,,,,,,,,,,,,,,,,,,,,,,,,,,,,,,,,,,,,,,,,,,,,combined_early_logit__count2022_target05,base_early_logit__count2022_target05,process,-5.5,-15.75,4.5,2000.0,,0.25,-23.5,12.5
G_primary_paired_cost_contrasts,early_price/primary_paired_cost_contrasts.csv,DK1,,,,,,,,,,,,,,,,,,,,,,,,,,,,,,,,,,,,,,,,,,,,combined_early_logit__count2022_target05,base_early_logit__count2022_target05,process,-17.0,-28.5125,-4.0,2000.0,,0.5,-35.0,1.0
G_primary_paired_cost_contrasts,early_price/primary_paired_cost_contrasts.csv,DK1,,,,,,,,,,,,,,,,,,,,,,,,,,,,,,,,,,,,,,,,,,,,combined_early_logit__count2022_target05,base_early_logit__count2022_target05,process,-40.0,-56.0,-20.0,2000.0,,1.0,-58.0,-22.0
G_primary_paired_cost_contrasts,early_price/primary_paired_cost_contrasts.csv,DK1,,,,,,,,,,,,,,,,,,,,,,,,,,,,,,,,,,,,,,,,,,,,combined_early_logit__count2022_target05,base_early_logit__count2022_target05,hour,63.0,39.0,93.0,2000.0,,0.0,30.950000000000045,95.04999999999995
G_primary_paired_cost_contrasts,early_price/primary_paired_cost_contrasts.csv,DK1,,,,,,,,,,,,,,,,,,,,,,,,,,,,,,,,,,,,,,,,,,,,combined_early_logit__count2022_target05,base_early_logit__count2022_target05,hour,62.977,38.982475,92.9805375,2000.0,,0.0005,30.92700000000004,95.02699999999996
G_primary_paired_cost_contrasts,early_price/primary_paired_cost_contrasts.csv,DK1,,,,,,,,,,,,,,,,,,,,,,,,,,,,,,,,,,,,,,,,,,,,combined_early_logit__count2022_target05,base_early_logit__count2022_target05,hour,62.954,38.96495,92.961075,2000.0,,0.001,30.90400000000005,95.00399999999996
G_primary_paired_cost_contrasts,early_price/primary_paired_cost_contrasts.csv,DK1,,,,,,,,,,,,,,,,,,,,,,,,,,,,,,,,,,,,,,,,,,,,combined_early_logit__count2022_target05,base_early_logit__count2022_target05,hour,62.931,38.947425,92.9416125,2000.0,,0.0015,30.881000000000043,94.98099999999997
G_primary_paired_cost_contrasts,early_price/primary_paired_cost_contrasts.csv,DK1,,,,,,,,,,,,,,,,,,,,,,,,,,,,,,,,,,,,,,,,,,,,combined_early_logit__count2022_target05,base_early_logit__count2022_target05,hour,62.908,38.9299,92.92215,2000.0,,0.002,30.858000000000047,94.95799999999996
G_primary_paired_cost_contrasts,early_price/primary_paired_cost_contrasts.csv,DK1,,,,,,,,,,,,,,,,,,,,,,,,,,,,,,,,,,,,,,,,,,,,combined_early_logit__count2022_target05,base_early_logit__count2022_target05,hour,62.885,38.912375,92.9026875,2000.0,,0.0025,30.835000000000043,94.93499999999996
G_primary_paired_cost_contrasts,early_price/primary_paired_cost_contrasts.csv,DK1,,,,,,,,,,,,,,,,,,,,,,,,,,,,,,,,,,,,,,,,,,,,combined_early_logit__count2022_target05,base_early_logit__count2022_target05,hour,62.862,38.894850000000005,92.883225,2000.0,,0.003,30.812000000000047,94.91199999999996
G_primary_paired_cost_contrasts,early_price/primary_paired_cost_contrasts.csv,DK1,,,,,,,,,,,,,,,,,,,,,,,,,,,,,,,,,,,,,,,,,,,,combined_early_logit__count2022_target05,base_early_logit__count2022_target05,hour,62.839,38.877325,92.8637625,2000.0,,0.0035,30.789000000000044,94.88899999999995
G_primary_paired_cost_contrasts,early_price/primary_paired_cost_contrasts.csv,DK1,,,,,,,,,,,,,,,,,,,,,,,,,,,,,,,,,,,,,,,,,,,,combined_early_logit__count2022_target05,base_early_logit__count2022_target05,hour,62.816,38.8598,92.8443,2000.0,,0.004,30.766000000000048,94.86599999999996
G_primary_paired_cost_contrasts,early_price/primary_paired_cost_contrasts.csv,DK1,,,,,,,,,,,,,,,,,,,,,,,,,,,,,,,,,,,,,,,,,,,,combined_early_logit__count2022_target05,base_early_logit__count2022_target05,hour,62.793,38.842275,92.8248375,2000.0,,0.0045,30.743000000000045,94.84299999999996
G_primary_paired_cost_contrasts,early_price/primary_paired_cost_contrasts.csv,DK1,,,,,,,,,,,,,,,,,,,,,,,,,,,,,,,,,,,,,,,,,,,,combined_early_logit__count2022_target05,base_early_logit__count2022_target05,hour,62.77,38.82475,92.805375,2000.0,,0.005,30.72000000000005,94.81999999999996
G_primary_paired_cost_contrasts,early_price/primary_paired_cost_contrasts.csv,DK1,,,,,,,,,,,,,,,,,,,,,,,,,,,,,,,,,,,,,,,,,,,,combined_early_logit__count2022_target05,base_early_logit__count2022_target05,hour,62.747,38.807225,92.7859125,2000.0,,0.0055,30.697000000000045,94.79699999999995
G_primary_paired_cost_contrasts,early_price/primary_paired_cost_contrasts.csv,DK1,,,,,,,,,,,,,,,,,,,,,,,,,,,,,,,,,,,,,,,,,,,,combined_early_logit__count2022_target05,base_early_logit__count2022_target05,hour,62.724,38.7897,92.76645,2000.0,,0.006,30.67400000000004,94.77399999999994
G_primary_paired_cost_contrasts,early_price/primary_paired_cost_contrasts.csv,DK1,,,,,,,,,,,,,,,,,,,,,,,,,,,,,,,,,,,,,,,,,,,,combined_early_logit__count2022_target05,base_early_logit__count2022_target05,hour,62.701,38.772175,92.7469875,2000.0,,0.0065,30.65100000000005,94.75099999999996
G_primary_paired_cost_contrasts,early_price/primary_paired_cost_contrasts.csv,DK1,,,,,,,,,,,,,,,,,,,,,,,,,,,,,,,,,,,,,,,,,,,,combined_early_logit__count2022_target05,base_early_logit__count2022_target05,hour,62.678,38.754650000000005,92.727525,2000.0,,0.007,30.628000000000043,94.72799999999997
G_primary_paired_cost_contrasts,early_price/primary_paired_cost_contrasts.csv,DK1,,,,,,,,,,,,,,,,,,,,,,,,,,,,,,,,,,,,,,,,,,,,combined_early_logit__count2022_target05,base_early_logit__count2022_target05,hour,62.655,38.737125,92.7080625,2000.0,,0.0075,30.605000000000047,94.70499999999996
G_primary_paired_cost_contrasts,early_price/primary_paired_cost_contrasts.csv,DK1,,,,,,,,,,,,,,,,,,,,,,,,,,,,,,,,,,,,,,,,,,,,combined_early_logit__count2022_target05,base_early_logit__count2022_target05,hour,62.632,38.7196,92.6886,2000.0,,0.008,30.582000000000043,94.68199999999996
G_primary_paired_cost_contrasts,early_price/primary_paired_cost_contrasts.csv,DK1,,,,,,,,,,,,,,,,,,,,,,,,,,,,,,,,,,,,,,,,,,,,combined_early_logit__count2022_target05,base_early_logit__count2022_target05,hour,62.609,38.702075,92.6691375,2000.0,,0.0085,30.559000000000047,94.65899999999996
G_primary_paired_cost_contrasts,early_price/primary_paired_cost_contrasts.csv,DK1,,,,,,,,,,,,,,,,,,,,,,,,,,,,,,,,,,,,,,,,,,,,combined_early_logit__count2022_target05,base_early_logit__count2022_target05,hour,62.586,38.68455,92.649675,2000.0,,0.009,30.536000000000044,94.63599999999995
G_primary_paired_cost_contrasts,early_price/primary_paired_cost_contrasts.csv,DK1,,,,,,,,,,,,,,,,,,,,,,,,,,,,,,,,,,,,,,,,,,,,combined_early_logit__count2022_target05,base_early_logit__count2022_target05,hour,62.563,38.667025,92.63021249999998,2000.0,,0.0095,30.513000000000048,94.61299999999996
G_primary_paired_cost_contrasts,early_price/primary_paired_cost_contrasts.csv,DK1,,,,,,,,,,,,,,,,,,,,,,,,,,,,,,,,,,,,,,,,,,,,combined_early_logit__count2022_target05,base_early_logit__count2022_target05,hour,62.54,38.6495,92.61075,2000.0,,0.01,30.490000000000045,94.58999999999996
G_primary_paired_cost_contrasts,early_price/primary_paired_cost_contrasts.csv,DK1,,,,,,,,,,,,,,,,,,,,,,,,,,,,,,,,,,,,,,,,,,,,combined_early_logit__count2022_target05,base_early_logit__count2022_target05,hour,62.517,38.631975,92.5912875,2000.0,,0.0105,30.46700000000005,94.56699999999996
G_primary_paired_cost_contrasts,early_price/primary_paired_cost_contrasts.csv,DK1,,,,,,,,,,,,,,,,,,,,,,,,,,,,,,,,,,,,,,,,,,,,combined_early_logit__count2022_target05,base_early_logit__count2022_target05,hour,62.494,38.614450000000005,92.571825,2000.0,,0.011,30.444000000000045,94.54399999999995
G_primary_paired_cost_contrasts,early_price/primary_paired_cost_contrasts.csv,DK1,,,,,,,,,,,,,,,,,,,,,,,,,,,,,,,,,,,,,,,,,,,,combined_early_logit__count2022_target05,base_early_logit__count2022_target05,hour,62.471,38.596925,92.5523625,2000.0,,0.0115,30.42100000000004,94.52099999999996
G_primary_paired_cost_contrasts,early_price/primary_paired_cost_contrasts.csv,DK1,,,,,,,,,,,,,,,,,,,,,,,,,,,,,,,,,,,,,,,,,,,,combined_early_logit__count2022_target05,base_early_logit__count2022_target05,hour,62.448,38.5794,92.5329,2000.0,,0.012,30.39800000000005,94.49799999999996
G_primary_paired_cost_contrasts,early_price/primary_paired_cost_contrasts.csv,DK1,,,,,,,,,,,,,,,,,,,,,,,,,,,,,,,,,,,,,,,,,,,,combined_early_logit__count2022_target05,base_early_logit__count2022_target05,hour,62.425,38.561875,92.5134375,2000.0,,0.0125,30.375000000000043,94.47499999999997
G_primary_paired_cost_contrasts,early_price/primary_paired_cost_contrasts.csv,DK1,,,,,,,,,,,,,,,,,,,,,,,,,,,,,,,,,,,,,,,,,,,,combined_early_logit__count2022_target05,base_early_logit__count2022_target05,hour,62.402,38.54435,92.493975,2000.0,,0.013,30.352000000000046,94.45199999999996
G_primary_paired_cost_contrasts,early_price/primary_paired_cost_contrasts.csv,DK1,,,,,,,,,,,,,,,,,,,,,,,,,,,,,,,,,,,,,,,,,,,,combined_early_logit__count2022_target05,base_early_logit__count2022_target05,hour,62.379,38.526825,92.4745125,2000.0,,0.0135,30.329000000000043,94.42899999999996
G_primary_paired_cost_contrasts,early_price/primary_paired_cost_contrasts.csv,DK1,,,,,,,,,,,,,,,,,,,,,,,,,,,,,,,,,,,,,,,,,,,,combined_early_logit__count2022_target05,base_early_logit__count2022_target05,hour,62.356,38.5093,92.45505,2000.0,,0.014,30.306000000000047,94.40599999999996
G_primary_paired_cost_contrasts,early_price/primary_paired_cost_contrasts.csv,DK1,,,,,,,,,,,,,,,,,,,,,,,,,,,,,,,,,,,,,,,,,,,,combined_early_logit__count2022_target05,base_early_logit__count2022_target05,hour,62.333,38.491775,92.4355875,2000.0,,0.0145,30.283000000000044,94.38299999999995
G_primary_paired_cost_contrasts,early_price/primary_paired_cost_contrasts.csv,DK1,,,,,,,,,,,,,,,,,,,,,,,,,,,,,,,,,,,,,,,,,,,,combined_early_logit__count2022_target05,base_early_logit__count2022_target05,hour,62.31,38.474250000000005,92.416125,2000.0,,0.015,30.260000000000048,94.35999999999996
G_primary_paired_cost_contrasts,early_price/primary_paired_cost_contrasts.csv,DK1,,,,,,,,,,,,,,,,,,,,,,,,,,,,,,,,,,,,,,,,,,,,combined_early_logit__count2022_target05,base_early_logit__count2022_target05,hour,62.08,38.299,92.2215,2000.0,,0.02,30.030000000000044,94.12999999999997
G_primary_paired_cost_contrasts,early_price/primary_paired_cost_contrasts.csv,DK1,,,,,,,,,,,,,,,,,,,,,,,,,,,,,,,,,,,,,,,,,,,,combined_early_logit__count2022_target05,base_early_logit__count2022_target05,hour,61.62,37.9485,91.83225,2000.0,,0.03,29.570000000000043,93.66999999999996
G_primary_paired_cost_contrasts,early_price/primary_paired_cost_contrasts.csv,DK1,,,,,,,,,,,,,,,,,,,,,,,,,,,,,,,,,,,,,,,,,,,,combined_early_logit__count2022_target05,base_early_logit__count2022_target05,hour,60.7,37.2475,91.05374999999998,2000.0,,0.05,28.65000000000005,92.74999999999996
G_primary_paired_cost_contrasts,early_price/primary_paired_cost_contrasts.csv,DK1,,,,,,,,,,,,,,,,,,,,,,,,,,,,,,,,,,,,,,,,,,,,combined_early_logit__count2022_target05,base_early_logit__count2022_target05,hour,58.4,35.2,88.70749999999997,2000.0,,0.1,26.350000000000044,90.44999999999996
G_primary_paired_cost_contrasts,early_price/primary_paired_cost_contrasts.csv,DK1,,,,,,,,,,,,,,,,,,,,,,,,,,,,,,,,,,,,,,,,,,,,combined_early_logit__count2022_target05,base_early_logit__count2022_target05,hour,53.8,31.0,84.20499999999997,2000.0,,0.2,21.750000000000043,85.84999999999995
G_primary_paired_cost_contrasts,early_price/primary_paired_cost_contrasts.csv,DK1,,,,,,,,,,,,,,,,,,,,,,,,,,,,,,,,,,,,,,,,,,,,combined_early_logit__count2022_target05,base_early_logit__count2022_target05,hour,51.5,28.74375,82.0,2000.0,,0.25,19.450000000000045,83.54999999999995
G_primary_paired_cost_contrasts,early_price/primary_paired_cost_contrasts.csv,DK1,,,,,,,,,,,,,,,,,,,,,,,,,,,,,,,,,,,,,,,,,,,,combined_early_logit__count2022_target05,base_early_logit__count2022_target05,hour,40.0,17.5,71.5,2000.0,,0.5,7.950000000000045,72.04999999999995
G_primary_paired_cost_contrasts,early_price/primary_paired_cost_contrasts.csv,DK1,,,,,,,,,,,,,,,,,,,,,,,,,,,,,,,,,,,,,,,,,,,,combined_early_logit__count2022_target05,base_early_logit__count2022_target05,hour,17.0,-7.0,52.0,2000.0,,1.0,-15.049999999999956,49.04999999999996
G_primary_paired_cost_contrasts,early_price/primary_paired_cost_contrasts.csv,DK1,,,,,,,,,,,,,,,,,,,,,,,,,,,,,,,,,,,,,,,,,,,,combined_hour_logit__count2022_target05,base_hour_logit__count2022_target05,process,5.0,-1.0,12.0,2000.0,,0.0,-14.0,24.0
G_primary_paired_cost_contrasts,early_price/primary_paired_cost_contrasts.csv,DK1,,,,,,,,,,,,,,,,,,,,,,,,,,,,,,,,,,,,,,,,,,,,combined_hour_logit__count2022_target05,base_hour_logit__count2022_target05,process,4.9775,-1.0165,11.9830125,2000.0,,0.0005,-14.0225,23.9775
G_primary_paired_cost_contrasts,early_price/primary_paired_cost_contrasts.csv,DK1,,,,,,,,,,,,,,,,,,,,,,,,,,,,,,,,,,,,,,,,,,,,combined_hour_logit__count2022_target05,base_hour_logit__count2022_target05,process,4.955,-1.033,11.966024999999998,2000.0,,0.001,-14.045,23.955
G_primary_paired_cost_contrasts,early_price/primary_paired_cost_contrasts.csv,DK1,,,,,,,,,,,,,,,,,,,,,,,,,,,,,,,,,,,,,,,,,,,,combined_hour_logit__count2022_target05,base_hour_logit__count2022_target05,process,4.9325,-1.0495,11.9490375,2000.0,,0.0015,-14.0675,23.9325
G_primary_paired_cost_contrasts,early_price/primary_paired_cost_contrasts.csv,DK1,,,,,,,,,,,,,,,,,,,,,,,,,,,,,,,,,,,,,,,,,,,,combined_hour_logit__count2022_target05,base_hour_logit__count2022_target05,process,4.91,-1.066,11.93205,2000.0,,0.002,-14.09,23.91
G_primary_paired_cost_contrasts,early_price/primary_paired_cost_contrasts.csv,DK1,,,,,,,,,,,,,,,,,,,,,,,,,,,,,,,,,,,,,,,,,,,,combined_hour_logit__count2022_target05,base_hour_logit__count2022_target05,process,4.8875,-1.0825,11.9150625,2000.0,,0.0025,-14.1125,23.8875
G_primary_paired_cost_contrasts,early_price/primary_paired_cost_contrasts.csv,DK1,,,,,,,,,,,,,,,,,,,,,,,,,,,,,,,,,,,,,,,,,,,,combined_hour_logit__count2022_target05,base_hour_logit__count2022_target05,process,4.865,-1.099,11.898075,2000.0,,0.003,-14.135,23.865
G_primary_paired_cost_contrasts,early_price/primary_paired_cost_contrasts.csv,DK1,,,,,,,,,,,,,,,,,,,,,,,,,,,,,,,,,,,,,,,,,,,,combined_hour_logit__count2022_target05,base_hour_logit__count2022_target05,process,4.8425,-1.1155,11.8810875,2000.0,,0.0035,-14.1575,23.8425
G_primary_paired_cost_contrasts,early_price/primary_paired_cost_contrasts.csv,DK1,,,,,,,,,,,,,,,,,,,,,,,,,,,,,,,,,,,,,,,,,,,,combined_hour_logit__count2022_target05,base_hour_logit__count2022_target05,process,4.82,-1.132,11.8641,2000.0,,0.004,-14.18,23.82
G_primary_paired_cost_contrasts,early_price/primary_paired_cost_contrasts.csv,DK1,,,,,,,,,,,,,,,,,,,,,,,,,,,,,,,,,,,,,,,,,,,,combined_hour_logit__count2022_target05,base_hour_logit__count2022_target05,process,4.7975,-1.1485,11.8471125,2000.0,,0.0045,-14.2025,23.7975
G_primary_paired_cost_contrasts,early_price/primary_paired_cost_contrasts.csv,DK1,,,,,,,,,,,,,,,,,,,,,,,,,,,,,,,,,,,,,,,,,,,,combined_hour_logit__count2022_target05,base_hour_logit__count2022_target05,process,4.775,-1.165,11.830125,2000.0,,0.005,-14.225,23.775
G_primary_paired_cost_contrasts,early_price/primary_paired_cost_contrasts.csv,DK1,,,,,,,,,,,,,,,,,,,,,,,,,,,,,,,,,,,,,,,,,,,,combined_hour_logit__count2022_target05,base_hour_logit__count2022_target05,process,4.7525,-1.1815,11.8131375,2000.0,,0.0055,-14.2475,23.7525
G_primary_paired_cost_contrasts,early_price/primary_paired_cost_contrasts.csv,DK1,,,,,,,,,,,,,,,,,,,,,,,,,,,,,,,,,,,,,,,,,,,,combined_hour_logit__count2022_target05,base_hour_logit__count2022_target05,process,4.73,-1.198,11.79615,2000.0,,0.006,-14.27,23.73
G_primary_paired_cost_contrasts,early_price/primary_paired_cost_contrasts.csv,DK1,,,,,,,,,,,,,,,,,,,,,,,,,,,,,,,,,,,,,,,,,,,,combined_hour_logit__count2022_target05,base_hour_logit__count2022_target05,process,4.7075,-1.2145,11.779162499999998,2000.0,,0.0065,-14.2925,23.7075
G_primary_paired_cost_contrasts,early_price/primary_paired_cost_contrasts.csv,DK1,,,,,,,,,,,,,,,,,,,,,,,,,,,,,,,,,,,,,,,,,,,,combined_hour_logit__count2022_target05,base_hour_logit__count2022_target05,process,4.685,-1.231,11.762175,2000.0,,0.007,-14.315,23.685
G_primary_paired_cost_contrasts,early_price/primary_paired_cost_contrasts.csv,DK1,,,,,,,,,,,,,,,,,,,,,,,,,,,,,,,,,,,,,,,,,,,,combined_hour_logit__count2022_target05,base_hour_logit__count2022_target05,process,4.6625,-1.2475,11.745187499999998,2000.0,,0.0075,-14.3375,23.6625
G_primary_paired_cost_contrasts,early_price/primary_paired_cost_contrasts.csv,DK1,,,,,,,,,,,,,,,,,,,,,,,,,,,,,,,,,,,,,,,,,,,,combined_hour_logit__count2022_target05,base_hour_logit__count2022_target05,process,4.64,-1.264,11.7282,2000.0,,0.008,-14.36,23.64
G_primary_paired_cost_contrasts,early_price/primary_paired_cost_contrasts.csv,DK1,,,,,,,,,,,,,,,,,,,,,,,,,,,,,,,,,,,,,,,,,,,,combined_hour_logit__count2022_target05,base_hour_logit__count2022_target05,process,4.6175,-1.2805,11.711212499999998,2000.0,,0.0085,-14.3825,23.6175
G_primary_paired_cost_contrasts,early_price/primary_paired_cost_contrasts.csv,DK1,,,,,,,,,,,,,,,,,,,,,,,,,,,,,,,,,,,,,,,,,,,,combined_hour_logit__count2022_target05,base_hour_logit__count2022_target05,process,4.595,-1.2970000000000002,11.694224999999998,2000.0,,0.009,-14.405,23.595
G_primary_paired_cost_contrasts,early_price/primary_paired_cost_contrasts.csv,DK1,,,,,,,,,,,,,,,,,,,,,,,,,,,,,,,,,,,,,,,,,,,,combined_hour_logit__count2022_target05,base_hour_logit__count2022_target05,process,4.5725,-1.3135,11.6772375,2000.0,,0.0095,-14.4275,23.5725
G_primary_paired_cost_contrasts,early_price/primary_paired_cost_contrasts.csv,DK1,,,,,,,,,,,,,,,,,,,,,,,,,,,,,,,,,,,,,,,,,,,,combined_hour_logit__count2022_target05,base_hour_logit__count2022_target05,process,4.55,-1.33,11.66025,2000.0,,0.01,-14.45,23.55
G_primary_paired_cost_contrasts,early_price/primary_paired_cost_contrasts.csv,DK1,,,,,,,,,,,,,,,,,,,,,,,,,,,,,,,,,,,,,,,,,,,,combined_hour_logit__count2022_target05,base_hour_logit__count2022_target05,process,4.5275,-1.3465,11.6432625,2000.0,,0.0105,-14.4725,23.5275
G_primary_paired_cost_contrasts,early_price/primary_paired_cost_contrasts.csv,DK1,,,,,,,,,,,,,,,,,,,,,,,,,,,,,,,,,,,,,,,,,,,,combined_hour_logit__count2022_target05,base_hour_logit__count2022_target05,process,4.505,-1.363,11.626274999999998,2000.0,,0.011,-14.495,23.505
G_primary_paired_cost_contrasts,early_price/primary_paired_cost_contrasts.csv,DK1,,,,,,,,,,,,,,,,,,,,,,,,,,,,,,,,,,,,,,,,,,,,combined_hour_logit__count2022_target05,base_hour_logit__count2022_target05,process,4.4825,-1.3795,11.6092875,2000.0,,0.0115,-14.5175,23.4825
G_primary_paired_cost_contrasts,early_price/primary_paired_cost_contrasts.csv,DK1,,,,,,,,,,,,,,,,,,,,,,,,,,,,,,,,,,,,,,,,,,,,combined_hour_logit__count2022_target05,base_hour_logit__count2022_target05,process,4.46,-1.396,11.592299999999998,2000.0,,0.012,-14.54,23.46
G_primary_paired_cost_contrasts,early_price/primary_paired_cost_contrasts.csv,DK1,,,,,,,,,,,,,,,,,,,,,,,,,,,,,,,,,,,,,,,,,,,,combined_hour_logit__count2022_target05,base_hour_logit__count2022_target05,process,4.4375,-1.4125,11.575312499999995,2000.0,,0.0125,-14.5625,23.4375
G_primary_paired_cost_contrasts,early_price/primary_paired_cost_contrasts.csv,DK1,,,,,,,,,,,,,,,,,,,,,,,,,,,,,,,,,,,,,,,,,,,,combined_hour_logit__count2022_target05,base_hour_logit__count2022_target05,process,4.415,-1.429,11.558324999999998,2000.0,,0.013,-14.585,23.415
G_primary_paired_cost_contrasts,early_price/primary_paired_cost_contrasts.csv,DK1,,,,,,,,,,,,,,,,,,,,,,,,,,,,,,,,,,,,,,,,,,,,combined_hour_logit__count2022_target05,base_hour_logit__count2022_target05,process,4.3925,-1.4455,11.5413375,2000.0,,0.0135,-14.6075,23.3925
G_primary_paired_cost_contrasts,early_price/primary_paired_cost_contrasts.csv,DK1,,,,,,,,,,,,,,,,,,,,,,,,,,,,,,,,,,,,,,,,,,,,combined_hour_logit__count2022_target05,base_hour_logit__count2022_target05,process,4.37,-1.462,11.524349999999997,2000.0,,0.014,-14.63,23.37
G_primary_paired_cost_contrasts,early_price/primary_paired_cost_contrasts.csv,DK1,,,,,,,,,,,,,,,,,,,,,,,,,,,,,,,,,,,,,,,,,,,,combined_hour_logit__count2022_target05,base_hour_logit__count2022_target05,process,4.3475,-1.4785,11.507362499999996,2000.0,,0.0145,-14.6525,23.3475
G_primary_paired_cost_contrasts,early_price/primary_paired_cost_contrasts.csv,DK1,,,,,,,,,,,,,,,,,,,,,,,,,,,,,,,,,,,,,,,,,,,,combined_hour_logit__count2022_target05,base_hour_logit__count2022_target05,process,4.325,-1.495,11.490374999999998,2000.0,,0.015,-14.675,23.325
G_primary_paired_cost_contrasts,early_price/primary_paired_cost_contrasts.csv,DK1,,,,,,,,,,,,,,,,,,,,,,,,,,,,,,,,,,,,,,,,,,,,combined_hour_logit__count2022_target05,base_hour_logit__count2022_target05,process,4.1,-1.66,11.320499999999996,2000.0,,0.02,-14.9,23.1
G_primary_paired_cost_contrasts,early_price/primary_paired_cost_contrasts.csv,DK1,,,,,,,,,,,,,,,,,,,,,,,,,,,,,,,,,,,,,,,,,,,,combined_hour_logit__count2022_target05,base_hour_logit__count2022_target05,process,3.65,-1.99,10.980749999999995,2000.0,,0.03,-15.35,22.65
G_primary_paired_cost_contrasts,early_price/primary_paired_cost_contrasts.csv,DK1,,,,,,,,,,,,,,,,,,,,,,,,,,,,,,,,,,,,,,,,,,,,combined_hour_logit__count2022_target05,base_hour_logit__count2022_target05,process,2.75,-2.70125,10.251249999999994,2000.0,,0.05,-16.25,21.75
G_primary_paired_cost_contrasts,early_price/primary_paired_cost_contrasts.csv,DK1,,,,,,,,,,,,,,,,,,,,,,,,,,,,,,,,,,,,,,,,,,,,combined_hour_logit__count2022_target05,base_hour_logit__count2022_target05,process,0.5,-5.2,8.399999999999999,2000.0,,0.1,-18.5,19.5
G_primary_paired_cost_contrasts,early_price/primary_paired_cost_contrasts.csv,DK1,,,,,,,,,,,,,,,,,,,,,,,,,,,,,,,,,,,,,,,,,,,,combined_hour_logit__count2022_target05,base_hour_logit__count2022_target05,process,-4.0,-10.4,4.8,2000.0,,0.2,-23.0,15.0
G_primary_paired_cost_contrasts,early_price/primary_paired_cost_contrasts.csv,DK1,,,,,,,,,,,,,,,,,,,,,,,,,,,,,,,,,,,,,,,,,,,,combined_hour_logit__count2022_target05,base_hour_logit__count2022_target05,process,-6.25,-13.0,3.25,2000.0,,0.25,-25.25,12.75
G_primary_paired_cost_contrasts,early_price/primary_paired_cost_contrasts.csv,DK1,,,,,,,,,,,,,,,,,,,,,,,,,,,,,,,,,,,,,,,,,,,,combined_hour_logit__count2022_target05,base_hour_logit__count2022_target05,process,-17.5,-26.5,-4.5,2000.0,,0.5,-36.5,1.5
G_primary_paired_cost_contrasts,early_price/primary_paired_cost_contrasts.csv,DK1,,,,,,,,,,,,,,,,,,,,,,,,,,,,,,,,,,,,,,,,,,,,combined_hour_logit__count2022_target05,base_hour_logit__count2022_target05,process,-40.0,-55.025,-20.0,2000.0,,1.0,-59.0,-21.0
G_primary_paired_cost_contrasts,early_price/primary_paired_cost_contrasts.csv,DK1,,,,,,,,,,,,,,,,,,,,,,,,,,,,,,,,,,,,,,,,,,,,combined_hour_logit__count2022_target05,base_hour_logit__count2022_target05,hour,24.0,11.0,39.0,2000.0,,0.0,1.9500000000000453,46.04999999999996
G_primary_paired_cost_contrasts,early_price/primary_paired_cost_contrasts.csv,DK1,,,,,,,,,,,,,,,,,,,,,,,,,,,,,,,,,,,,,,,,,,,,combined_hour_logit__count2022_target05,base_hour_logit__count2022_target05,hour,23.9775,10.9805,38.972525,2000.0,,0.0005,1.9275000000000448,46.027499999999954
G_primary_paired_cost_contrasts,early_price/primary_paired_cost_contrasts.csv,DK1,,,,,,,,,,,,,,,,,,,,,,,,,,,,,,,,,,,,,,,,,,,,combined_hour_logit__count2022_target05,base_hour_logit__count2022_target05,hour,23.955,10.961,38.94505,2000.0,,0.001,1.905000000000044,46.00499999999995
G_primary_paired_cost_contrasts,early_price/primary_paired_cost_contrasts.csv,DK1,,,,,,,,,,,,,,,,,,,,,,,,,,,,,,,,,,,,,,,,,,,,combined_hour_logit__count2022_target05,base_hour_logit__count2022_target05,hour,23.9325,10.9415,38.917575,2000.0,,0.0015,1.8825000000000465,45.98249999999996
G_primary_paired_cost_contrasts,early_price/primary_paired_cost_contrasts.csv,DK1,,,,,,,,,,,,,,,,,,,,,,,,,,,,,,,,,,,,,,,,,,,,combined_hour_logit__count2022_target05,base_hour_logit__count2022_target05,hour,23.91,10.922,38.8901,2000.0,,0.002,1.8600000000000456,45.95999999999995
G_primary_paired_cost_contrasts,early_price/primary_paired_cost_contrasts.csv,DK1,,,,,,,,,,,,,,,,,,,,,,,,,,,,,,,,,,,,,,,,,,,,combined_hour_logit__count2022_target05,base_hour_logit__count2022_target05,hour,23.8875,10.9025,38.862625,2000.0,,0.0025,1.8375000000000448,45.93749999999996
G_primary_paired_cost_contrasts,early_price/primary_paired_cost_contrasts.csv,DK1,,,,,,,,,,,,,,,,,,,,,,,,,,,,,,,,,,,,,,,,,,,,combined_hour_logit__count2022_target05,base_hour_logit__count2022_target05,hour,23.865,10.883,38.83515,2000.0,,0.003,1.815000000000044,45.91499999999995
G_primary_paired_cost_contrasts,early_price/primary_paired_cost_contrasts.csv,DK1,,,,,,,,,,,,,,,,,,,,,,,,,,,,,,,,,,,,,,,,,,,,combined_hour_logit__count2022_target05,base_hour_logit__count2022_target05,hour,23.8425,10.8635,38.807675,2000.0,,0.0035,1.7925000000000466,45.89249999999996
G_primary_paired_cost_contrasts,early_price/primary_paired_cost_contrasts.csv,DK1,,,,,,,,,,,,,,,,,,,,,,,,,,,,,,,,,,,,,,,,,,,,combined_hour_logit__count2022_target05,base_hour_logit__count2022_target05,hour,23.82,10.844,38.7802,2000.0,,0.004,1.7700000000000458,45.86999999999996
G_primary_paired_cost_contrasts,early_price/primary_paired_cost_contrasts.csv,DK1,,,,,,,,,,,,,,,,,,,,,,,,,,,,,,,,,,,,,,,,,,,,combined_hour_logit__count2022_target05,base_hour_logit__count2022_target05,hour,23.7975,10.8245,38.752725,2000.0,,0.0045,1.747500000000045,45.847499999999954
G_primary_paired_cost_contrasts,early_price/primary_paired_cost_contrasts.csv,DK1,,,,,,,,,,,,,,,,,,,,,,,,,,,,,,,,,,,,,,,,,,,,combined_hour_logit__count2022_target05,base_hour_logit__count2022_target05,hour,23.775,10.805,38.72525,2000.0,,0.005,1.725000000000044,45.82499999999995
G_primary_paired_cost_contrasts,early_price/primary_paired_cost_contrasts.csv,DK1,,,,,,,,,,,,,,,,,,,,,,,,,,,,,,,,,,,,,,,,,,,,combined_hour_logit__count2022_target05,base_hour_logit__count2022_target05,hour,23.7525,10.7855,38.697775,2000.0,,0.0055,1.7025000000000468,45.80249999999995
G_primary_paired_cost_contrasts,early_price/primary_paired_cost_contrasts.csv,DK1,,,,,,,,,,,,,,,,,,,,,,,,,,,,,,,,,,,,,,,,,,,,combined_hour_logit__count2022_target05,base_hour_logit__count2022_target05,hour,23.73,10.766,38.6703,2000.0,,0.006,1.680000000000046,45.77999999999996
G_primary_paired_cost_contrasts,early_price/primary_paired_cost_contrasts.csv,DK1,,,,,,,,,,,,,,,,,,,,,,,,,,,,,,,,,,,,,,,,,,,,combined_hour_logit__count2022_target05,base_hour_logit__count2022_target05,hour,23.7075,10.7465,38.642825,2000.0,,0.0065,1.657500000000045,45.75749999999995
G_primary_paired_cost_contrasts,early_price/primary_paired_cost_contrasts.csv,DK1,,,,,,,,,,,,,,,,,,,,,,,,,,,,,,,,,,,,,,,,,,,,combined_hour_logit__count2022_target05,base_hour_logit__count2022_target05,hour,23.685,10.727,38.61535,2000.0,,0.007,1.6350000000000442,45.73499999999996
G_primary_paired_cost_contrasts,early_price/primary_paired_cost_contrasts.csv,DK1,,,,,,,,,,,,,,,,,,,,,,,,,,,,,,,,,,,,,,,,,,,,combined_hour_logit__count2022_target05,base_hour_logit__count2022_target05,hour,23.6625,10.7075,38.587875,2000.0,,0.0075,1.612500000000047,45.71249999999996
G_primary_paired_cost_contrasts,early_price/primary_paired_cost_contrasts.csv,DK1,,,,,,,,,,,,,,,,,,,,,,,,,,,,,,,,,,,,,,,,,,,,combined_hour_logit__count2022_target05,base_hour_logit__count2022_target05,hour,23.64,10.688,38.5604,2000.0,,0.008,1.590000000000046,45.68999999999996
G_primary_paired_cost_contrasts,early_price/primary_paired_cost_contrasts.csv,DK1,,,,,,,,,,,,,,,,,,,,,,,,,,,,,,,,,,,,,,,,,,,,combined_hour_logit__count2022_target05,base_hour_logit__count2022_target05,hour,23.6175,10.6685,38.532925,2000.0,,0.0085,1.5675000000000452,45.667499999999954
G_primary_paired_cost_contrasts,early_price/primary_paired_cost_contrasts.csv,DK1,,,,,,,,,,,,,,,,,,,,,,,,,,,,,,,,,,,,,,,,,,,,combined_hour_logit__count2022_target05,base_hour_logit__count2022_target05,hour,23.595,10.649,38.50545,2000.0,,0.009,1.5450000000000443,45.64499999999995
G_primary_paired_cost_contrasts,early_price/primary_paired_cost_contrasts.csv,DK1,,,,,,,,,,,,,,,,,,,,,,,,,,,,,,,,,,,,,,,,,,,,combined_hour_logit__count2022_target05,base_hour_logit__count2022_target05,hour,23.5725,10.6295,38.477975,2000.0,,0.0095,1.522500000000047,45.62249999999996
G_primary_paired_cost_contrasts,early_price/primary_paired_cost_contrasts.csv,DK1,,,,,,,,,,,,,,,,,,,,,,,,,,,,,,,,,,,,,,,,,,,,combined_hour_logit__count2022_target05,base_hour_logit__count2022_target05,hour,23.55,10.61,38.4505,2000.0,,0.01,1.5000000000000462,45.59999999999995
G_primary_paired_cost_contrasts,early_price/primary_paired_cost_contrasts.csv,DK1,,,,,,,,,,,,,,,,,,,,,,,,,,,,,,,,,,,,,,,,,,,,combined_hour_logit__count2022_target05,base_hour_logit__count2022_target05,hour,23.5275,10.5905,38.423025,2000.0,,0.0105,1.477500000000045,45.57749999999996
G_primary_paired_cost_contrasts,early_price/primary_paired_cost_contrasts.csv,DK1,,,,,,,,,,,,,,,,,,,,,,,,,,,,,,,,,,,,,,,,,,,,combined_hour_logit__count2022_target05,base_hour_logit__count2022_target05,hour,23.505,10.571,38.39555,2000.0,,0.011,1.4550000000000445,45.55499999999995
G_primary_paired_cost_contrasts,early_price/primary_paired_cost_contrasts.csv,DK1,,,,,,,,,,,,,,,,,,,,,,,,,,,,,,,,,,,,,,,,,,,,combined_hour_logit__count2022_target05,base_hour_logit__count2022_target05,hour,23.4825,10.5515,38.368075,2000.0,,0.0115,1.4325000000000472,45.53249999999996
G_primary_paired_cost_contrasts,early_price/primary_paired_cost_contrasts.csv,DK1,,,,,,,,,,,,,,,,,,,,,,,,,,,,,,,,,,,,,,,,,,,,combined_hour_logit__count2022_target05,base_hour_logit__count2022_target05,hour,23.46,10.532,38.3406,2000.0,,0.012,1.4100000000000463,45.50999999999996
G_primary_paired_cost_contrasts,early_price/primary_paired_cost_contrasts.csv,DK1,,,,,,,,,,,,,,,,,,,,,,,,,,,,,,,,,,,,,,,,,,,,combined_hour_logit__count2022_target05,base_hour_logit__count2022_target05,hour,23.4375,10.5125,38.313125,2000.0,,0.0125,1.3875000000000457,45.48749999999996
G_primary_paired_cost_contrasts,early_price/primary_paired_cost_contrasts.csv,DK1,,,,,,,,,,,,,,,,,,,,,,,,,,,,,,,,,,,,,,,,,,,,combined_hour_logit__count2022_target05,base_hour_logit__count2022_target05,hour,23.415,10.493,38.28564999999999,2000.0,,0.013,1.3650000000000446,45.464999999999954
G_primary_paired_cost_contrasts,early_price/primary_paired_cost_contrasts.csv,DK1,,,,,,,,,,,,,,,,,,,,,,,,,,,,,,,,,,,,,,,,,,,,combined_hour_logit__count2022_target05,base_hour_logit__count2022_target05,hour,23.3925,10.4735,38.258175,2000.0,,0.0135,1.3425000000000438,45.44249999999995
G_primary_paired_cost_contrasts,early_price/primary_paired_cost_contrasts.csv,DK1,,,,,,,,,,,,,,,,,,,,,,,,,,,,,,,,,,,,,,,,,,,,combined_hour_logit__count2022_target05,base_hour_logit__count2022_target05,hour,23.37,10.454,38.23069999999999,2000.0,,0.014,1.3200000000000465,45.41999999999996
G_primary_paired_cost_contrasts,early_price/primary_paired_cost_contrasts.csv,DK1,,,,,,,,,,,,,,,,,,,,,,,,,,,,,,,,,,,,,,,,,,,,combined_hour_logit__count2022_target05,base_hour_logit__count2022_target05,hour,23.3475,10.4345,38.203225,2000.0,,0.0145,1.2975000000000456,45.39749999999995
G_primary_paired_cost_contrasts,early_price/primary_paired_cost_contrasts.csv,DK1,,,,,,,,,,,,,,,,,,,,,,,,,,,,,,,,,,,,,,,,,,,,combined_hour_logit__count2022_target05,base_hour_logit__count2022_target05,hour,23.325,10.415,38.17575,2000.0,,0.015,1.2750000000000448,45.37499999999996
G_primary_paired_cost_contrasts,early_price/primary_paired_cost_contrasts.csv,DK1,,,,,,,,,,,,,,,,,,,,,,,,,,,,,,,,,,,,,,,,,,,,combined_hour_logit__count2022_target05,base_hour_logit__count2022_target05,hour,23.1,10.22,37.901,2000.0,,0.02,1.050000000000047,45.14999999999996
G_primary_paired_cost_contrasts,early_price/primary_paired_cost_contrasts.csv,DK1,,,,,,,,,,,,,,,,,,,,,,,,,,,,,,,,,,,,,,,,,,,,combined_hour_logit__count2022_target05,base_hour_logit__count2022_target05,hour,22.65,9.83,37.3515,2000.0,,0.03,0.600000000000044,44.69999999999995
G_primary_paired_cost_contrasts,early_price/primary_paired_cost_contrasts.csv,DK1,,,,,,,,,,,,,,,,,,,,,,,,,,,,,,,,,,,,,,,,,,,,combined_hour_logit__count2022_target05,base_hour_logit__count2022_target05,hour,21.75,9.05,36.55124999999999,2000.0,,0.05,-0.2999999999999545,43.79999999999996
G_primary_paired_cost_contrasts,early_price/primary_paired_cost_contrasts.csv,DK1,,,,,,,,,,,,,,,,,,,,,,,,,,,,,,,,,,,,,,,,,,,,combined_hour_logit__count2022_target05,base_hour_logit__count2022_target05,hour,19.5,6.8,34.40249999999998,2000.0,,0.1,-2.5499999999999545,41.54999999999996
G_primary_paired_cost_contrasts,early_price/primary_paired_cost_contrasts.csv,DK1,,,,,,,,,,,,,,,,,,,,,,,,,,,,,,,,,,,,,,,,,,,,combined_hour_logit__count2022_target05,base_hour_logit__count2022_target05,hour,15.0,2.1949999999999994,30.404999999999973,2000.0,,0.2,-7.0499999999999545,37.04999999999996
G_primary_paired_cost_contrasts,early_price/primary_paired_cost_contrasts.csv,DK1,,,,,,,,,,,,,,,,,,,,,,,,,,,,,,,,,,,,,,,,,,,,combined_hour_logit__count2022_target05,base_hour_logit__count2022_target05,hour,12.75,-0.5,28.75,2000.0,,0.25,-9.299999999999956,34.799999999999955
G_primary_paired_cost_contrasts,early_price/primary_paired_cost_contrasts.csv,DK1,,,,,,,,,,,,,,,,,,,,,,,,,,,,,,,,,,,,,,,,,,,,combined_hour_logit__count2022_target05,base_hour_logit__count2022_target05,hour,1.5,-13.5,20.0,2000.0,,0.5,-20.549999999999955,23.549999999999955
G_primary_paired_cost_contrasts,early_price/primary_paired_cost_contrasts.csv,DK1,,,,,,,,,,,,,,,,,,,,,,,,,,,,,,,,,,,,,,,,,,,,combined_hour_logit__count2022_target05,base_hour_logit__count2022_target05,hour,-21.0,-41.0,4.0,2000.0,,1.0,-43.04999999999996,1.0499999999999543
G_primary_paired_cost_contrasts,early_price/primary_paired_cost_contrasts.csv,DK1,,,,,,,,,,,,,,,,,,,,,,,,,,,,,,,,,,,,,,,,,,,,combined_early_logit__count2023_target05,base_early_logit__count2023_target05,process,6.0,-4.0,14.0,2000.0,,0.0,-12.0,24.0
G_primary_paired_cost_contrasts,early_price/primary_paired_cost_contrasts.csv,DK1,,,,,,,,,,,,,,,,,,,,,,,,,,,,,,,,,,,,,,,,,,,,combined_early_logit__count2023_target05,base_early_logit__count2023_target05,process,5.977,-4.025,13.9795,2000.0,,0.0005,-12.023,23.977
G_primary_paired_cost_contrasts,early_price/primary_paired_cost_contrasts.csv,DK1,,,,,,,,,,,,,,,,,,,,,,,,,,,,,,,,,,,,,,,,,,,,combined_early_logit__count2023_target05,base_early_logit__count2023_target05,process,5.954,-4.05,13.959,2000.0,,0.001,-12.046,23.954
G_primary_paired_cost_contrasts,early_price/primary_paired_cost_contrasts.csv,DK1,,,,,,,,,,,,,,,,,,,,,,,,,,,,,,,,,,,,,,,,,,,,combined_early_logit__count2023_target05,base_early_logit__count2023_target05,process,5.931,-4.075,13.9385,2000.0,,0.0015,-12.069,23.931
G_primary_paired_cost_contrasts,early_price/primary_paired_cost_contrasts.csv,DK1,,,,,,,,,,,,,,,,,,,,,,,,,,,,,,,,,,,,,,,,,,,,combined_early_logit__count2023_target05,base_early_logit__count2023_target05,process,5.908,-4.1,13.918,2000.0,,0.002,-12.092,23.908
G_primary_paired_cost_contrasts,early_price/primary_paired_cost_contrasts.csv,DK1,,,,,,,,,,,,,,,,,,,,,,,,,,,,,,,,,,,,,,,,,,,,combined_early_logit__count2023_target05,base_early_logit__count2023_target05,process,5.885,-4.125,13.8975,2000.0,,0.0025,-12.115,23.885
G_primary_paired_cost_contrasts,early_price/primary_paired_cost_contrasts.csv,DK1,,,,,,,,,,,,,,,,,,,,,,,,,,,,,,,,,,,,,,,,,,,,combined_early_logit__count2023_target05,base_early_logit__count2023_target05,process,5.862,-4.15,13.877,2000.0,,0.003,-12.138,23.862
G_primary_paired_cost_contrasts,early_price/primary_paired_cost_contrasts.csv,DK1,,,,,,,,,,,,,,,,,,,,,,,,,,,,,,,,,,,,,,,,,,,,combined_early_logit__count2023_target05,base_early_logit__count2023_target05,process,5.839,-4.175,13.8565,2000.0,,0.0035,-12.161,23.839
G_primary_paired_cost_contrasts,early_price/primary_paired_cost_contrasts.csv,DK1,,,,,,,,,,,,,,,,,,,,,,,,,,,,,,,,,,,,,,,,,,,,combined_early_logit__count2023_target05,base_early_logit__count2023_target05,process,5.816,-4.2,13.836,2000.0,,0.004,-12.184,23.816
G_primary_paired_cost_contrasts,early_price/primary_paired_cost_contrasts.csv,DK1,,,,,,,,,,,,,,,,,,,,,,,,,,,,,,,,,,,,,,,,,,,,combined_early_logit__count2023_target05,base_early_logit__count2023_target05,process,5.793,-4.225,13.8155,2000.0,,0.0045,-12.207,23.793
G_primary_paired_cost_contrasts,early_price/primary_paired_cost_contrasts.csv,DK1,,,,,,,,,,,,,,,,,,,,,,,,,,,,,,,,,,,,,,,,,,,,combined_early_logit__count2023_target05,base_early_logit__count2023_target05,process,5.77,-4.25,13.795,2000.0,,0.005,-12.23,23.77
G_primary_paired_cost_contrasts,early_price/primary_paired_cost_contrasts.csv,DK1,,,,,,,,,,,,,,,,,,,,,,,,,,,,,,,,,,,,,,,,,,,,combined_early_logit__count2023_target05,base_early_logit__count2023_target05,process,5.747,-4.275,13.7745,2000.0,,0.0055,-12.253,23.747
G_primary_paired_cost_contrasts,early_price/primary_paired_cost_contrasts.csv,DK1,,,,,,,,,,,,,,,,,,,,,,,,,,,,,,,,,,,,,,,,,,,,combined_early_logit__count2023_target05,base_early_logit__count2023_target05,process,5.724,-4.3,13.754,2000.0,,0.006,-12.276,23.724
G_primary_paired_cost_contrasts,early_price/primary_paired_cost_contrasts.csv,DK1,,,,,,,,,,,,,,,,,,,,,,,,,,,,,,,,,,,,,,,,,,,,combined_early_logit__count2023_target05,base_early_logit__count2023_target05,process,5.701,-4.325,13.7335,2000.0,,0.0065,-12.299,23.701
G_primary_paired_cost_contrasts,early_price/primary_paired_cost_contrasts.csv,DK1,,,,,,,,,,,,,,,,,,,,,,,,,,,,,,,,,,,,,,,,,,,,combined_early_logit__count2023_target05,base_early_logit__count2023_target05,process,5.678,-4.35,13.713,2000.0,,0.007,-12.322,23.678
G_primary_paired_cost_contrasts,early_price/primary_paired_cost_contrasts.csv,DK1,,,,,,,,,,,,,,,,,,,,,,,,,,,,,,,,,,,,,,,,,,,,combined_early_logit__count2023_target05,base_early_logit__count2023_target05,process,5.655,-4.375,13.6925,2000.0,,0.0075,-12.345,23.655
G_primary_paired_cost_contrasts,early_price/primary_paired_cost_contrasts.csv,DK1,,,,,,,,,,,,,,,,,,,,,,,,,,,,,,,,,,,,,,,,,,,,combined_early_logit__count2023_target05,base_early_logit__count2023_target05,process,5.632,-4.4,13.672,2000.0,,0.008,-12.368,23.632
G_primary_paired_cost_contrasts,early_price/primary_paired_cost_contrasts.csv,DK1,,,,,,,,,,,,,,,,,,,,,,,,,,,,,,,,,,,,,,,,,,,,combined_early_logit__count2023_target05,base_early_logit__count2023_target05,process,5.609,-4.425,13.6515,2000.0,,0.0085,-12.391,23.609
G_primary_paired_cost_contrasts,early_price/primary_paired_cost_contrasts.csv,DK1,,,,,,,,,,,,,,,,,,,,,,,,,,,,,,,,,,,,,,,,,,,,combined_early_logit__count2023_target05,base_early_logit__count2023_target05,process,5.586,-4.45,13.631,2000.0,,0.009,-12.414,23.586
G_primary_paired_cost_contrasts,early_price/primary_paired_cost_contrasts.csv,DK1,,,,,,,,,,,,,,,,,,,,,,,,,,,,,,,,,,,,,,,,,,,,combined_early_logit__count2023_target05,base_early_logit__count2023_target05,process,5.563,-4.475,13.6105,2000.0,,0.0095,-12.437,23.563
G_primary_paired_cost_contrasts,early_price/primary_paired_cost_contrasts.csv,DK1,,,,,,,,,,,,,,,,,,,,,,,,,,,,,,,,,,,,,,,,,,,,combined_early_logit__count2023_target05,base_early_logit__count2023_target05,process,5.54,-4.5,13.59,2000.0,,0.01,-12.46,23.54
G_primary_paired_cost_contrasts,early_price/primary_paired_cost_contrasts.csv,DK1,,,,,,,,,,,,,,,,,,,,,,,,,,,,,,,,,,,,,,,,,,,,combined_early_logit__count2023_target05,base_early_logit__count2023_target05,process,5.517,-4.525,13.5695,2000.0,,0.0105,-12.483,23.517
G_primary_paired_cost_contrasts,early_price/primary_paired_cost_contrasts.csv,DK1,,,,,,,,,,,,,,,,,,,,,,,,,,,,,,,,,,,,,,,,,,,,combined_early_logit__count2023_target05,base_early_logit__count2023_target05,process,5.494,-4.55,13.549,2000.0,,0.011,-12.506,23.494
G_primary_paired_cost_contrasts,early_price/primary_paired_cost_contrasts.csv,DK1,,,,,,,,,,,,,,,,,,,,,,,,,,,,,,,,,,,,,,,,,,,,combined_early_logit__count2023_target05,base_early_logit__count2023_target05,process,5.471,-4.575,13.5285,2000.0,,0.0115,-12.529,23.471
G_primary_paired_cost_contrasts,early_price/primary_paired_cost_contrasts.csv,DK1,,,,,,,,,,,,,,,,,,,,,,,,,,,,,,,,,,,,,,,,,,,,combined_early_logit__count2023_target05,base_early_logit__count2023_target05,process,5.448,-4.6,13.508,2000.0,,0.012,-12.552,23.448
G_primary_paired_cost_contrasts,early_price/primary_paired_cost_contrasts.csv,DK1,,,,,,,,,,,,,,,,,,,,,,,,,,,,,,,,,,,,,,,,,,,,combined_early_logit__count2023_target05,base_early_logit__count2023_target05,process,5.425,-4.625,13.4875,2000.0,,0.0125,-12.575,23.425
G_primary_paired_cost_contrasts,early_price/primary_paired_cost_contrasts.csv,DK1,,,,,,,,,,,,,,,,,,,,,,,,,,,,,,,,,,,,,,,,,,,,combined_early_logit__count2023_target05,base_early_logit__count2023_target05,process,5.402,-4.65,13.467,2000.0,,0.013,-12.598,23.402
G_primary_paired_cost_contrasts,early_price/primary_paired_cost_contrasts.csv,DK1,,,,,,,,,,,,,,,,,,,,,,,,,,,,,,,,,,,,,,,,,,,,combined_early_logit__count2023_target05,base_early_logit__count2023_target05,process,5.379,-4.675,13.4465,2000.0,,0.0135,-12.621,23.379
G_primary_paired_cost_contrasts,early_price/primary_paired_cost_contrasts.csv,DK1,,,,,,,,,,,,,,,,,,,,,,,,,,,,,,,,,,,,,,,,,,,,combined_early_logit__count2023_target05,base_early_logit__count2023_target05,process,5.356,-4.7,13.426,2000.0,,0.014,-12.644,23.356
G_primary_paired_cost_contrasts,early_price/primary_paired_cost_contrasts.csv,DK1,,,,,,,,,,,,,,,,,,,,,,,,,,,,,,,,,,,,,,,,,,,,combined_early_logit__count2023_target05,base_early_logit__count2023_target05,process,5.333,-4.725,13.4055,2000.0,,0.0145,-12.667,23.333
G_primary_paired_cost_contrasts,early_price/primary_paired_cost_contrasts.csv,DK1,,,,,,,,,,,,,,,,,,,,,,,,,,,,,,,,,,,,,,,,,,,,combined_early_logit__count2023_target05,base_early_logit__count2023_target05,process,5.3100000000000005,-4.75,13.385,2000.0,,0.015,-12.69,23.31
G_primary_paired_cost_contrasts,early_price/primary_paired_cost_contrasts.csv,DK1,,,,,,,,,,,,,,,,,,,,,,,,,,,,,,,,,,,,,,,,,,,,combined_early_logit__count2023_target05,base_early_logit__count2023_target05,process,5.08,-5.0,13.18,2000.0,,0.02,-12.92,23.08
G_primary_paired_cost_contrasts,early_price/primary_paired_cost_contrasts.csv,DK1,,,,,,,,,,,,,,,,,,,,,,,,,,,,,,,,,,,,,,,,,,,,combined_early_logit__count2023_target05,base_early_logit__count2023_target05,process,4.62,-5.5,12.77,2000.0,,0.03,-13.38,22.62
G_primary_paired_cost_contrasts,early_price/primary_paired_cost_contrasts.csv,DK1,,,,,,,,,,,,,,,,,,,,,,,,,,,,,,,,,,,,,,,,,,,,combined_early_logit__count2023_target05,base_early_logit__count2023_target05,process,3.7,-6.5,11.95,2000.0,,0.05,-14.3,21.7
G_primary_paired_cost_contrasts,early_price/primary_paired_cost_contrasts.csv,DK1,,,,,,,,,,,,,,,,,,,,,,,,,,,,,,,,,,,,,,,,,,,,combined_early_logit__count2023_target05,base_early_logit__count2023_target05,process,1.3999999999999997,-9.0,9.9,2000.0,,0.1,-16.6,19.4
G_primary_paired_cost_contrasts,early_price/primary_paired_cost_contrasts.csv,DK1,,,,,,,,,,,,,,,,,,,,,,,,,,,,,,,,,,,,,,,,,,,,combined_early_logit__count2023_target05,base_early_logit__count2023_target05,process,-3.200000000000001,-13.4,6.0,2000.0,,0.2,-21.200000000000003,14.8
G_primary_paired_cost_contrasts,early_price/primary_paired_cost_contrasts.csv,DK1,,,,,,,,,,,,,,,,,,,,,,,,,,,,,,,,,,,,,,,,,,,,combined_early_logit__count2023_target05,base_early_logit__count2023_target05,process,-5.5,-15.75,4.5,2000.0,,0.25,-23.5,12.5
G_primary_paired_cost_contrasts,early_price/primary_paired_cost_contrasts.csv,DK1,,,,,,,,,,,,,,,,,,,,,,,,,,,,,,,,,,,,,,,,,,,,combined_early_logit__count2023_target05,base_early_logit__count2023_target05,process,-17.0,-28.5125,-4.0,2000.0,,0.5,-35.0,1.0
G_primary_paired_cost_contrasts,early_price/primary_paired_cost_contrasts.csv,DK1,,,,,,,,,,,,,,,,,,,,,,,,,,,,,,,,,,,,,,,,,,,,combined_early_logit__count2023_target05,base_early_logit__count2023_target05,process,-40.0,-56.0,-20.0,2000.0,,1.0,-58.0,-22.0
G_primary_paired_cost_contrasts,early_price/primary_paired_cost_contrasts.csv,DK1,,,,,,,,,,,,,,,,,,,,,,,,,,,,,,,,,,,,,,,,,,,,combined_early_logit__count2023_target05,base_early_logit__count2023_target05,hour,63.0,39.0,93.0,2000.0,,0.0,30.950000000000045,95.04999999999995
G_primary_paired_cost_contrasts,early_price/primary_paired_cost_contrasts.csv,DK1,,,,,,,,,,,,,,,,,,,,,,,,,,,,,,,,,,,,,,,,,,,,combined_early_logit__count2023_target05,base_early_logit__count2023_target05,hour,62.977,38.982475,92.9805375,2000.0,,0.0005,30.92700000000004,95.02699999999996
G_primary_paired_cost_contrasts,early_price/primary_paired_cost_contrasts.csv,DK1,,,,,,,,,,,,,,,,,,,,,,,,,,,,,,,,,,,,,,,,,,,,combined_early_logit__count2023_target05,base_early_logit__count2023_target05,hour,62.954,38.96495,92.961075,2000.0,,0.001,30.90400000000005,95.00399999999996
G_primary_paired_cost_contrasts,early_price/primary_paired_cost_contrasts.csv,DK1,,,,,,,,,,,,,,,,,,,,,,,,,,,,,,,,,,,,,,,,,,,,combined_early_logit__count2023_target05,base_early_logit__count2023_target05,hour,62.931,38.947425,92.9416125,2000.0,,0.0015,30.881000000000043,94.98099999999997
G_primary_paired_cost_contrasts,early_price/primary_paired_cost_contrasts.csv,DK1,,,,,,,,,,,,,,,,,,,,,,,,,,,,,,,,,,,,,,,,,,,,combined_early_logit__count2023_target05,base_early_logit__count2023_target05,hour,62.908,38.9299,92.92215,2000.0,,0.002,30.858000000000047,94.95799999999996
G_primary_paired_cost_contrasts,early_price/primary_paired_cost_contrasts.csv,DK1,,,,,,,,,,,,,,,,,,,,,,,,,,,,,,,,,,,,,,,,,,,,combined_early_logit__count2023_target05,base_early_logit__count2023_target05,hour,62.885,38.912375,92.9026875,2000.0,,0.0025,30.835000000000043,94.93499999999996
G_primary_paired_cost_contrasts,early_price/primary_paired_cost_contrasts.csv,DK1,,,,,,,,,,,,,,,,,,,,,,,,,,,,,,,,,,,,,,,,,,,,combined_early_logit__count2023_target05,base_early_logit__count2023_target05,hour,62.862,38.894850000000005,92.883225,2000.0,,0.003,30.812000000000047,94.91199999999996
G_primary_paired_cost_contrasts,early_price/primary_paired_cost_contrasts.csv,DK1,,,,,,,,,,,,,,,,,,,,,,,,,,,,,,,,,,,,,,,,,,,,combined_early_logit__count2023_target05,base_early_logit__count2023_target05,hour,62.839,38.877325,92.8637625,2000.0,,0.0035,30.789000000000044,94.88899999999995
G_primary_paired_cost_contrasts,early_price/primary_paired_cost_contrasts.csv,DK1,,,,,,,,,,,,,,,,,,,,,,,,,,,,,,,,,,,,,,,,,,,,combined_early_logit__count2023_target05,base_early_logit__count2023_target05,hour,62.816,38.8598,92.8443,2000.0,,0.004,30.766000000000048,94.86599999999996
G_primary_paired_cost_contrasts,early_price/primary_paired_cost_contrasts.csv,DK1,,,,,,,,,,,,,,,,,,,,,,,,,,,,,,,,,,,,,,,,,,,,combined_early_logit__count2023_target05,base_early_logit__count2023_target05,hour,62.793,38.842275,92.8248375,2000.0,,0.0045,30.743000000000045,94.84299999999996
G_primary_paired_cost_contrasts,early_price/primary_paired_cost_contrasts.csv,DK1,,,,,,,,,,,,,,,,,,,,,,,,,,,,,,,,,,,,,,,,,,,,combined_early_logit__count2023_target05,base_early_logit__count2023_target05,hour,62.77,38.82475,92.805375,2000.0,,0.005,30.72000000000005,94.81999999999996
G_primary_paired_cost_contrasts,early_price/primary_paired_cost_contrasts.csv,DK1,,,,,,,,,,,,,,,,,,,,,,,,,,,,,,,,,,,,,,,,,,,,combined_early_logit__count2023_target05,base_early_logit__count2023_target05,hour,62.747,38.807225,92.7859125,2000.0,,0.0055,30.697000000000045,94.79699999999995
G_primary_paired_cost_contrasts,early_price/primary_paired_cost_contrasts.csv,DK1,,,,,,,,,,,,,,,,,,,,,,,,,,,,,,,,,,,,,,,,,,,,combined_early_logit__count2023_target05,base_early_logit__count2023_target05,hour,62.724,38.7897,92.76645,2000.0,,0.006,30.67400000000004,94.77399999999994
G_primary_paired_cost_contrasts,early_price/primary_paired_cost_contrasts.csv,DK1,,,,,,,,,,,,,,,,,,,,,,,,,,,,,,,,,,,,,,,,,,,,combined_early_logit__count2023_target05,base_early_logit__count2023_target05,hour,62.701,38.772175,92.7469875,2000.0,,0.0065,30.65100000000005,94.75099999999996
G_primary_paired_cost_contrasts,early_price/primary_paired_cost_contrasts.csv,DK1,,,,,,,,,,,,,,,,,,,,,,,,,,,,,,,,,,,,,,,,,,,,combined_early_logit__count2023_target05,base_early_logit__count2023_target05,hour,62.678,38.754650000000005,92.727525,2000.0,,0.007,30.628000000000043,94.72799999999997
G_primary_paired_cost_contrasts,early_price/primary_paired_cost_contrasts.csv,DK1,,,,,,,,,,,,,,,,,,,,,,,,,,,,,,,,,,,,,,,,,,,,combined_early_logit__count2023_target05,base_early_logit__count2023_target05,hour,62.655,38.737125,92.7080625,2000.0,,0.0075,30.605000000000047,94.70499999999996
G_primary_paired_cost_contrasts,early_price/primary_paired_cost_contrasts.csv,DK1,,,,,,,,,,,,,,,,,,,,,,,,,,,,,,,,,,,,,,,,,,,,combined_early_logit__count2023_target05,base_early_logit__count2023_target05,hour,62.632,38.7196,92.6886,2000.0,,0.008,30.582000000000043,94.68199999999996
G_primary_paired_cost_contrasts,early_price/primary_paired_cost_contrasts.csv,DK1,,,,,,,,,,,,,,,,,,,,,,,,,,,,,,,,,,,,,,,,,,,,combined_early_logit__count2023_target05,base_early_logit__count2023_target05,hour,62.609,38.702075,92.6691375,2000.0,,0.0085,30.559000000000047,94.65899999999996
G_primary_paired_cost_contrasts,early_price/primary_paired_cost_contrasts.csv,DK1,,,,,,,,,,,,,,,,,,,,,,,,,,,,,,,,,,,,,,,,,,,,combined_early_logit__count2023_target05,base_early_logit__count2023_target05,hour,62.586,38.68455,92.649675,2000.0,,0.009,30.536000000000044,94.63599999999995
G_primary_paired_cost_contrasts,early_price/primary_paired_cost_contrasts.csv,DK1,,,,,,,,,,,,,,,,,,,,,,,,,,,,,,,,,,,,,,,,,,,,combined_early_logit__count2023_target05,base_early_logit__count2023_target05,hour,62.563,38.667025,92.63021249999998,2000.0,,0.0095,30.513000000000048,94.61299999999996
G_primary_paired_cost_contrasts,early_price/primary_paired_cost_contrasts.csv,DK1,,,,,,,,,,,,,,,,,,,,,,,,,,,,,,,,,,,,,,,,,,,,combined_early_logit__count2023_target05,base_early_logit__count2023_target05,hour,62.54,38.6495,92.61075,2000.0,,0.01,30.490000000000045,94.58999999999996
G_primary_paired_cost_contrasts,early_price/primary_paired_cost_contrasts.csv,DK1,,,,,,,,,,,,,,,,,,,,,,,,,,,,,,,,,,,,,,,,,,,,combined_early_logit__count2023_target05,base_early_logit__count2023_target05,hour,62.517,38.631975,92.5912875,2000.0,,0.0105,30.46700000000005,94.56699999999996
G_primary_paired_cost_contrasts,early_price/primary_paired_cost_contrasts.csv,DK1,,,,,,,,,,,,,,,,,,,,,,,,,,,,,,,,,,,,,,,,,,,,combined_early_logit__count2023_target05,base_early_logit__count2023_target05,hour,62.494,38.614450000000005,92.571825,2000.0,,0.011,30.444000000000045,94.54399999999995
G_primary_paired_cost_contrasts,early_price/primary_paired_cost_contrasts.csv,DK1,,,,,,,,,,,,,,,,,,,,,,,,,,,,,,,,,,,,,,,,,,,,combined_early_logit__count2023_target05,base_early_logit__count2023_target05,hour,62.471,38.596925,92.5523625,2000.0,,0.0115,30.42100000000004,94.52099999999996
G_primary_paired_cost_contrasts,early_price/primary_paired_cost_contrasts.csv,DK1,,,,,,,,,,,,,,,,,,,,,,,,,,,,,,,,,,,,,,,,,,,,combined_early_logit__count2023_target05,base_early_logit__count2023_target05,hour,62.448,38.5794,92.5329,2000.0,,0.012,30.39800000000005,94.49799999999996
G_primary_paired_cost_contrasts,early_price/primary_paired_cost_contrasts.csv,DK1,,,,,,,,,,,,,,,,,,,,,,,,,,,,,,,,,,,,,,,,,,,,combined_early_logit__count2023_target05,base_early_logit__count2023_target05,hour,62.425,38.561875,92.5134375,2000.0,,0.0125,30.375000000000043,94.47499999999997
G_primary_paired_cost_contrasts,early_price/primary_paired_cost_contrasts.csv,DK1,,,,,,,,,,,,,,,,,,,,,,,,,,,,,,,,,,,,,,,,,,,,combined_early_logit__count2023_target05,base_early_logit__count2023_target05,hour,62.402,38.54435,92.493975,2000.0,,0.013,30.352000000000046,94.45199999999996
G_primary_paired_cost_contrasts,early_price/primary_paired_cost_contrasts.csv,DK1,,,,,,,,,,,,,,,,,,,,,,,,,,,,,,,,,,,,,,,,,,,,combined_early_logit__count2023_target05,base_early_logit__count2023_target05,hour,62.379,38.526825,92.4745125,2000.0,,0.0135,30.329000000000043,94.42899999999996
G_primary_paired_cost_contrasts,early_price/primary_paired_cost_contrasts.csv,DK1,,,,,,,,,,,,,,,,,,,,,,,,,,,,,,,,,,,,,,,,,,,,combined_early_logit__count2023_target05,base_early_logit__count2023_target05,hour,62.356,38.5093,92.45505,2000.0,,0.014,30.306000000000047,94.40599999999996
G_primary_paired_cost_contrasts,early_price/primary_paired_cost_contrasts.csv,DK1,,,,,,,,,,,,,,,,,,,,,,,,,,,,,,,,,,,,,,,,,,,,combined_early_logit__count2023_target05,base_early_logit__count2023_target05,hour,62.333,38.491775,92.4355875,2000.0,,0.0145,30.283000000000044,94.38299999999995
G_primary_paired_cost_contrasts,early_price/primary_paired_cost_contrasts.csv,DK1,,,,,,,,,,,,,,,,,,,,,,,,,,,,,,,,,,,,,,,,,,,,combined_early_logit__count2023_target05,base_early_logit__count2023_target05,hour,62.31,38.474250000000005,92.416125,2000.0,,0.015,30.260000000000048,94.35999999999996
G_primary_paired_cost_contrasts,early_price/primary_paired_cost_contrasts.csv,DK1,,,,,,,,,,,,,,,,,,,,,,,,,,,,,,,,,,,,,,,,,,,,combined_early_logit__count2023_target05,base_early_logit__count2023_target05,hour,62.08,38.299,92.2215,2000.0,,0.02,30.030000000000044,94.12999999999997
G_primary_paired_cost_contrasts,early_price/primary_paired_cost_contrasts.csv,DK1,,,,,,,,,,,,,,,,,,,,,,,,,,,,,,,,,,,,,,,,,,,,combined_early_logit__count2023_target05,base_early_logit__count2023_target05,hour,61.62,37.9485,91.83225,2000.0,,0.03,29.570000000000043,93.66999999999996
G_primary_paired_cost_contrasts,early_price/primary_paired_cost_contrasts.csv,DK1,,,,,,,,,,,,,,,,,,,,,,,,,,,,,,,,,,,,,,,,,,,,combined_early_logit__count2023_target05,base_early_logit__count2023_target05,hour,60.7,37.2475,91.05374999999998,2000.0,,0.05,28.65000000000005,92.74999999999996
G_primary_paired_cost_contrasts,early_price/primary_paired_cost_contrasts.csv,DK1,,,,,,,,,,,,,,,,,,,,,,,,,,,,,,,,,,,,,,,,,,,,combined_early_logit__count2023_target05,base_early_logit__count2023_target05,hour,58.4,35.2,88.70749999999997,2000.0,,0.1,26.350000000000044,90.44999999999996
G_primary_paired_cost_contrasts,early_price/primary_paired_cost_contrasts.csv,DK1,,,,,,,,,,,,,,,,,,,,,,,,,,,,,,,,,,,,,,,,,,,,combined_early_logit__count2023_target05,base_early_logit__count2023_target05,hour,53.8,31.0,84.20499999999997,2000.0,,0.2,21.750000000000043,85.84999999999995
G_primary_paired_cost_contrasts,early_price/primary_paired_cost_contrasts.csv,DK1,,,,,,,,,,,,,,,,,,,,,,,,,,,,,,,,,,,,,,,,,,,,combined_early_logit__count2023_target05,base_early_logit__count2023_target05,hour,51.5,28.74375,82.0,2000.0,,0.25,19.450000000000045,83.54999999999995
G_primary_paired_cost_contrasts,early_price/primary_paired_cost_contrasts.csv,DK1,,,,,,,,,,,,,,,,,,,,,,,,,,,,,,,,,,,,,,,,,,,,combined_early_logit__count2023_target05,base_early_logit__count2023_target05,hour,40.0,17.5,71.5,2000.0,,0.5,7.950000000000045,72.04999999999995
G_primary_paired_cost_contrasts,early_price/primary_paired_cost_contrasts.csv,DK1,,,,,,,,,,,,,,,,,,,,,,,,,,,,,,,,,,,,,,,,,,,,combined_early_logit__count2023_target05,base_early_logit__count2023_target05,hour,17.0,-7.0,52.0,2000.0,,1.0,-15.049999999999956,49.04999999999996
G_primary_paired_cost_contrasts,early_price/primary_paired_cost_contrasts.csv,DK1,,,,,,,,,,,,,,,,,,,,,,,,,,,,,,,,,,,,,,,,,,,,combined_hour_logit__count2023_target05,base_hour_logit__count2023_target05,process,5.0,-1.0,12.0,2000.0,,0.0,-22.0,32.0
G_primary_paired_cost_contrasts,early_price/primary_paired_cost_contrasts.csv,DK1,,,,,,,,,,,,,,,,,,,,,,,,,,,,,,,,,,,,,,,,,,,,combined_hour_logit__count2023_target05,base_hour_logit__count2023_target05,process,4.938,-1.053525,11.943,2000.0,,0.0005,-22.062,31.938
G_primary_paired_cost_contrasts,early_price/primary_paired_cost_contrasts.csv,DK1,,,,,,,,,,,,,,,,,,,,,,,,,,,,,,,,,,,,,,,,,,,,combined_hour_logit__count2023_target05,base_hour_logit__count2023_target05,process,4.876,-1.10705,11.886,2000.0,,0.001,-22.124,31.876
G_primary_paired_cost_contrasts,early_price/primary_paired_cost_contrasts.csv,DK1,,,,,,,,,,,,,,,,,,,,,,,,,,,,,,,,,,,,,,,,,,,,combined_hour_logit__count2023_target05,base_hour_logit__count2023_target05,process,4.814,-1.160575,11.829,2000.0,,0.0015,-22.186,31.814
G_primary_paired_cost_contrasts,early_price/primary_paired_cost_contrasts.csv,DK1,,,,,,,,,,,,,,,,,,,,,,,,,,,,,,,,,,,,,,,,,,,,combined_hour_logit__count2023_target05,base_hour_logit__count2023_target05,process,4.752,-1.2141,11.772,2000.0,,0.002,-22.248,31.752
G_primary_paired_cost_contrasts,early_price/primary_paired_cost_contrasts.csv,DK1,,,,,,,,,,,,,,,,,,,,,,,,,,,,,,,,,,,,,,,,,,,,combined_hour_logit__count2023_target05,base_hour_logit__count2023_target05,process,4.69,-1.267625,11.715,2000.0,,0.0025,-22.31,31.69
G_primary_paired_cost_contrasts,early_price/primary_paired_cost_contrasts.csv,DK1,,,,,,,,,,,,,,,,,,,,,,,,,,,,,,,,,,,,,,,,,,,,combined_hour_logit__count2023_target05,base_hour_logit__count2023_target05,process,4.628,-1.32115,11.658,2000.0,,0.003,-22.372,31.628
G_primary_paired_cost_contrasts,early_price/primary_paired_cost_contrasts.csv,DK1,,,,,,,,,,,,,,,,,,,,,,,,,,,,,,,,,,,,,,,,,,,,combined_hour_logit__count2023_target05,base_hour_logit__count2023_target05,process,4.566,-1.374675,11.601,2000.0,,0.0035,-22.434,31.566
G_primary_paired_cost_contrasts,early_price/primary_paired_cost_contrasts.csv,DK1,,,,,,,,,,,,,,,,,,,,,,,,,,,,,,,,,,,,,,,,,,,,combined_hour_logit__count2023_target05,base_hour_logit__count2023_target05,process,4.504,-1.4282,11.544,2000.0,,0.004,-22.496,31.504
G_primary_paired_cost_contrasts,early_price/primary_paired_cost_contrasts.csv,DK1,,,,,,,,,,,,,,,,,,,,,,,,,,,,,,,,,,,,,,,,,,,,combined_hour_logit__count2023_target05,base_hour_logit__count2023_target05,process,4.442,-1.481725,11.487,2000.0,,0.0045,-22.558,31.442
G_primary_paired_cost_contrasts,early_price/primary_paired_cost_contrasts.csv,DK1,,,,,,,,,,,,,,,,,,,,,,,,,,,,,,,,,,,,,,,,,,,,combined_hour_logit__count2023_target05,base_hour_logit__count2023_target05,process,4.38,-1.5352500000000002,11.43,2000.0,,0.005,-22.62,31.38
G_primary_paired_cost_contrasts,early_price/primary_paired_cost_contrasts.csv,DK1,,,,,,,,,,,,,,,,,,,,,,,,,,,,,,,,,,,,,,,,,,,,combined_hour_logit__count2023_target05,base_hour_logit__count2023_target05,process,4.318,-1.5887749999999998,11.373,2000.0,,0.0055,-22.682,31.318
G_primary_paired_cost_contrasts,early_price/primary_paired_cost_contrasts.csv,DK1,,,,,,,,,,,,,,,,,,,,,,,,,,,,,,,,,,,,,,,,,,,,combined_hour_logit__count2023_target05,base_hour_logit__count2023_target05,process,4.256,-1.6423,11.316,2000.0,,0.006,-22.744,31.256
G_primary_paired_cost_contrasts,early_price/primary_paired_cost_contrasts.csv,DK1,,,,,,,,,,,,,,,,,,,,,,,,,,,,,,,,,,,,,,,,,,,,combined_hour_logit__count2023_target05,base_hour_logit__count2023_target05,process,4.194,-1.695825,11.259,2000.0,,0.0065,-22.806,31.194
G_primary_paired_cost_contrasts,early_price/primary_paired_cost_contrasts.csv,DK1,,,,,,,,,,,,,,,,,,,,,,,,,,,,,,,,,,,,,,,,,,,,combined_hour_logit__count2023_target05,base_hour_logit__count2023_target05,process,4.132,-1.7493500000000002,11.202,2000.0,,0.007,-22.868,31.132
G_primary_paired_cost_contrasts,early_price/primary_paired_cost_contrasts.csv,DK1,,,,,,,,,,,,,,,,,,,,,,,,,,,,,,,,,,,,,,,,,,,,combined_hour_logit__count2023_target05,base_hour_logit__count2023_target05,process,4.07,-1.802875,11.145,2000.0,,0.0075,-22.93,31.07
G_primary_paired_cost_contrasts,early_price/primary_paired_cost_contrasts.csv,DK1,,,,,,,,,,,,,,,,,,,,,,,,,,,,,,,,,,,,,,,,,,,,combined_hour_logit__count2023_target05,base_hour_logit__count2023_target05,process,4.008,-1.8564,11.088,2000.0,,0.008,-22.992,31.008
G_primary_paired_cost_contrasts,early_price/primary_paired_cost_contrasts.csv,DK1,,,,,,,,,,,,,,,,,,,,,,,,,,,,,,,,,,,,,,,,,,,,combined_hour_logit__count2023_target05,base_hour_logit__count2023_target05,process,3.946,-1.909925,11.031,2000.0,,0.0085,-23.054,30.946
G_primary_paired_cost_contrasts,early_price/primary_paired_cost_contrasts.csv,DK1,,,,,,,,,,,,,,,,,,,,,,,,,,,,,,,,,,,,,,,,,,,,combined_hour_logit__count2023_target05,base_hour_logit__count2023_target05,process,3.884,-1.96345,10.974,2000.0,,0.009,-23.116,30.884
G_primary_paired_cost_contrasts,early_price/primary_paired_cost_contrasts.csv,DK1,,,,,,,,,,,,,,,,,,,,,,,,,,,,,,,,,,,,,,,,,,,,combined_hour_logit__count2023_target05,base_hour_logit__count2023_target05,process,3.822,-2.016975,10.917,2000.0,,0.0095,-23.178,30.822
G_primary_paired_cost_contrasts,early_price/primary_paired_cost_contrasts.csv,DK1,,,,,,,,,,,,,,,,,,,,,,,,,,,,,,,,,,,,,,,,,,,,combined_hour_logit__count2023_target05,base_hour_logit__count2023_target05,process,3.76,-2.0705000000000005,10.86,2000.0,,0.01,-23.24,30.76
G_primary_paired_cost_contrasts,early_price/primary_paired_cost_contrasts.csv,DK1,,,,,,,,,,,,,,,,,,,,,,,,,,,,,,,,,,,,,,,,,,,,combined_hour_logit__count2023_target05,base_hour_logit__count2023_target05,process,3.698,-2.124025,10.803,2000.0,,0.0105,-23.302,30.698
G_primary_paired_cost_contrasts,early_price/primary_paired_cost_contrasts.csv,DK1,,,,,,,,,,,,,,,,,,,,,,,,,,,,,,,,,,,,,,,,,,,,combined_hour_logit__count2023_target05,base_hour_logit__count2023_target05,process,3.636,-2.17755,10.746,2000.0,,0.011,-23.364,30.636
G_primary_paired_cost_contrasts,early_price/primary_paired_cost_contrasts.csv,DK1,,,,,,,,,,,,,,,,,,,,,,,,,,,,,,,,,,,,,,,,,,,,combined_hour_logit__count2023_target05,base_hour_logit__count2023_target05,process,3.574,-2.231075,10.689,2000.0,,0.0115,-23.426,30.574
G_primary_paired_cost_contrasts,early_price/primary_paired_cost_contrasts.csv,DK1,,,,,,,,,,,,,,,,,,,,,,,,,,,,,,,,,,,,,,,,,,,,combined_hour_logit__count2023_target05,base_hour_logit__count2023_target05,process,3.512,-2.2846,10.632,2000.0,,0.012,-23.488,30.512
G_primary_paired_cost_contrasts,early_price/primary_paired_cost_contrasts.csv,DK1,,,,,,,,,,,,,,,,,,,,,,,,,,,,,,,,,,,,,,,,,,,,combined_hour_logit__count2023_target05,base_hour_logit__count2023_target05,process,3.45,-2.338125,10.575,2000.0,,0.0125,-23.55,30.45
G_primary_paired_cost_contrasts,early_price/primary_paired_cost_contrasts.csv,DK1,,,,,,,,,,,,,,,,,,,,,,,,,,,,,,,,,,,,,,,,,,,,combined_hour_logit__count2023_target05,base_hour_logit__count2023_target05,process,3.388,-2.39165,10.518,2000.0,,0.013,-23.612,30.388
G_primary_paired_cost_contrasts,early_price/primary_paired_cost_contrasts.csv,DK1,,,,,,,,,,,,,,,,,,,,,,,,,,,,,,,,,,,,,,,,,,,,combined_hour_logit__count2023_target05,base_hour_logit__count2023_target05,process,3.326,-2.445175,10.461,2000.0,,0.0135,-23.674,30.326
G_primary_paired_cost_contrasts,early_price/primary_paired_cost_contrasts.csv,DK1,,,,,,,,,,,,,,,,,,,,,,,,,,,,,,,,,,,,,,,,,,,,combined_hour_logit__count2023_target05,base_hour_logit__count2023_target05,process,3.264,-2.4987000000000004,10.404,2000.0,,0.014,-23.736,30.264
G_primary_paired_cost_contrasts,early_price/primary_paired_cost_contrasts.csv,DK1,,,,,,,,,,,,,,,,,,,,,,,,,,,,,,,,,,,,,,,,,,,,combined_hour_logit__count2023_target05,base_hour_logit__count2023_target05,process,3.202,-2.552225,10.347,2000.0,,0.0145,-23.798,30.202
G_primary_paired_cost_contrasts,early_price/primary_paired_cost_contrasts.csv,DK1,,,,,,,,,,,,,,,,,,,,,,,,,,,,,,,,,,,,,,,,,,,,combined_hour_logit__count2023_target05,base_hour_logit__count2023_target05,process,3.14,-2.60575,10.29,2000.0,,0.015,-23.86,30.14
G_primary_paired_cost_contrasts,early_price/primary_paired_cost_contrasts.csv,DK1,,,,,,,,,,,,,,,,,,,,,,,,,,,,,,,,,,,,,,,,,,,,combined_hour_logit__count2023_target05,base_hour_logit__count2023_target05,process,2.52,-3.141,9.72,2000.0,,0.02,-24.48,29.52
G_primary_paired_cost_contrasts,early_price/primary_paired_cost_contrasts.csv,DK1,,,,,,,,,,,,,,,,,,,,,,,,,,,,,,,,,,,,,,,,,,,,combined_hour_logit__count2023_target05,base_hour_logit__count2023_target05,process,1.2800000000000002,-4.41075,8.58,2000.0,,0.03,-25.72,28.28
G_primary_paired_cost_contrasts,early_price/primary_paired_cost_contrasts.csv,DK1,,,,,,,,,,,,,,,,,,,,,,,,,,,,,,,,,,,,,,,,,,,,combined_hour_logit__count2023_target05,base_hour_logit__count2023_target05,process,-1.2000000000000002,-6.90125,6.2512499999999935,2000.0,,0.05,-28.2,25.8
G_primary_paired_cost_contrasts,early_price/primary_paired_cost_contrasts.csv,DK1,,,,,,,,,,,,,,,,,,,,,,,,,,,,,,,,,,,,,,,,,,,,combined_hour_logit__count2023_target05,base_hour_logit__count2023_target05,process,-7.4,-13.7025,0.3024999999999853,2000.0,,0.1,-34.4,19.6
G_primary_paired_cost_contrasts,early_price/primary_paired_cost_contrasts.csv,DK1,,,,,,,,,,,,,,,,,,,,,,,,,,,,,,,,,,,,,,,,,,,,combined_hour_logit__count2023_target05,base_hour_logit__count2023_target05,process,-19.8,-27.4,-10.400000000000002,2000.0,,0.2,-46.8,7.199999999999999
G_primary_paired_cost_contrasts,early_price/primary_paired_cost_contrasts.csv,DK1,,,,,,,,,,,,,,,,,,,,,,,,,,,,,,,,,,,,,,,,,,,,combined_hour_logit__count2023_target05,base_hour_logit__count2023_target05,process,-26.0,-34.50625,-16.0,2000.0,,0.25,-53.0,1.0
G_primary_paired_cost_contrasts,early_price/primary_paired_cost_contrasts.csv,DK1,,,,,,,,,,,,,,,,,,,,,,,,,,,,,,,,,,,,,,,,,,,,combined_hour_logit__count2023_target05,base_hour_logit__count2023_target05,process,-57.0,-71.5,-42.5,2000.0,,0.5,-84.0,-30.0
G_primary_paired_cost_contrasts,early_price/primary_paired_cost_contrasts.csv,DK1,,,,,,,,,,,,,,,,,,,,,,,,,,,,,,,,,,,,,,,,,,,,combined_hour_logit__count2023_target05,base_hour_logit__count2023_target05,process,-119.0,-146.0,-94.0,2000.0,,1.0,-146.0,-92.0
G_primary_paired_cost_contrasts,early_price/primary_paired_cost_contrasts.csv,DK1,,,,,,,,,,,,,,,,,,,,,,,,,,,,,,,,,,,,,,,,,,,,combined_hour_logit__count2023_target05,base_hour_logit__count2023_target05,hour,24.0,11.0,39.0,2000.0,,0.0,-6.0,54.0
G_primary_paired_cost_contrasts,early_price/primary_paired_cost_contrasts.csv,DK1,,,,,,,,,,,,,,,,,,,,,,,,,,,,,,,,,,,,,,,,,,,,combined_hour_logit__count2023_target05,base_hour_logit__count2023_target05,hour,23.938,10.9435,38.92905,2000.0,,0.0005,-6.062000000000001,53.938
G_primary_paired_cost_contrasts,early_price/primary_paired_cost_contrasts.csv,DK1,,,,,,,,,,,,,,,,,,,,,,,,,,,,,,,,,,,,,,,,,,,,combined_hour_logit__count2023_target05,base_hour_logit__count2023_target05,hour,23.876,10.887,38.85809999999999,2000.0,,0.001,-6.123999999999999,53.876000000000005
G_primary_paired_cost_contrasts,early_price/primary_paired_cost_contrasts.csv,DK1,,,,,,,,,,,,,,,,,,,,,,,,,,,,,,,,,,,,,,,,,,,,combined_hour_logit__count2023_target05,base_hour_logit__count2023_target05,hour,23.814,10.8305,38.78715,2000.0,,0.0015,-6.186,53.814
G_primary_paired_cost_contrasts,early_price/primary_paired_cost_contrasts.csv,DK1,,,,,,,,,,,,,,,,,,,,,,,,,,,,,,,,,,,,,,,,,,,,combined_hour_logit__count2023_target05,base_hour_logit__count2023_target05,hour,23.752,10.774,38.7162,2000.0,,0.002,-6.248000000000001,53.752
G_primary_paired_cost_contrasts,early_price/primary_paired_cost_contrasts.csv,DK1,,,,,,,,,,,,,,,,,,,,,,,,,,,,,,,,,,,,,,,,,,,,combined_hour_logit__count2023_target05,base_hour_logit__count2023_target05,hour,23.69,10.7175,38.64525,2000.0,,0.0025,-6.309999999999999,53.69
G_primary_paired_cost_contrasts,early_price/primary_paired_cost_contrasts.csv,DK1,,,,,,,,,,,,,,,,,,,,,,,,,,,,,,,,,,,,,,,,,,,,combined_hour_logit__count2023_target05,base_hour_logit__count2023_target05,hour,23.628,10.661,38.5743,2000.0,,0.003,-6.372,53.628
G_primary_paired_cost_contrasts,early_price/primary_paired_cost_contrasts.csv,DK1,,,,,,,,,,,,,,,,,,,,,,,,,,,,,,,,,,,,,,,,,,,,combined_hour_logit__count2023_target05,base_hour_logit__count2023_target05,hour,23.566,10.6045,38.50335,2000.0,,0.0035,-6.434000000000001,53.566
G_primary_paired_cost_contrasts,early_price/primary_paired_cost_contrasts.csv,DK1,,,,,,,,,,,,,,,,,,,,,,,,,,,,,,,,,,,,,,,,,,,,combined_hour_logit__count2023_target05,base_hour_logit__count2023_target05,hour,23.504,10.548,38.4324,2000.0,,0.004,-6.495999999999999,53.504000000000005
G_primary_paired_cost_contrasts,early_price/primary_paired_cost_contrasts.csv,DK1,,,,,,,,,,,,,,,,,,,,,,,,,,,,,,,,,,,,,,,,,,,,combined_hour_logit__count2023_target05,base_hour_logit__count2023_target05,hour,23.442,10.4915,38.36145,2000.0,,0.0045,-6.558,53.442
G_primary_paired_cost_contrasts,early_price/primary_paired_cost_contrasts.csv,DK1,,,,,,,,,,,,,,,,,,,,,,,,,,,,,,,,,,,,,,,,,,,,combined_hour_logit__count2023_target05,base_hour_logit__count2023_target05,hour,23.38,10.435,38.2905,2000.0,,0.005,-6.620000000000001,53.38
G_primary_paired_cost_contrasts,early_price/primary_paired_cost_contrasts.csv,DK1,,,,,,,,,,,,,,,,,,,,,,,,,,,,,,,,,,,,,,,,,,,,combined_hour_logit__count2023_target05,base_hour_logit__count2023_target05,hour,23.318,10.3785,38.21955,2000.0,,0.0055,-6.681999999999999,53.318
G_primary_paired_cost_contrasts,early_price/primary_paired_cost_contrasts.csv,DK1,,,,,,,,,,,,,,,,,,,,,,,,,,,,,,,,,,,,,,,,,,,,combined_hour_logit__count2023_target05,base_hour_logit__count2023_target05,hour,23.256,10.322,38.1486,2000.0,,0.006,-6.744,53.256
G_primary_paired_cost_contrasts,early_price/primary_paired_cost_contrasts.csv,DK1,,,,,,,,,,,,,,,,,,,,,,,,,,,,,,,,,,,,,,,,,,,,combined_hour_logit__count2023_target05,base_hour_logit__count2023_target05,hour,23.194,10.2655,38.07764999999999,2000.0,,0.0065,-6.806000000000001,53.194
G_primary_paired_cost_contrasts,early_price/primary_paired_cost_contrasts.csv,DK1,,,,,,,,,,,,,,,,,,,,,,,,,,,,,,,,,,,,,,,,,,,,combined_hour_logit__count2023_target05,base_hour_logit__count2023_target05,hour,23.132,10.209,38.0067,2000.0,,0.007,-6.867999999999999,53.132000000000005
G_primary_paired_cost_contrasts,early_price/primary_paired_cost_contrasts.csv,DK1,,,,,,,,,,,,,,,,,,,,,,,,,,,,,,,,,,,,,,,,,,,,combined_hour_logit__count2023_target05,base_hour_logit__count2023_target05,hour,23.07,10.1525,37.93575,2000.0,,0.0075,-6.93,53.07
G_primary_paired_cost_contrasts,early_price/primary_paired_cost_contrasts.csv,DK1,,,,,,,,,,,,,,,,,,,,,,,,,,,,,,,,,,,,,,,,,,,,combined_hour_logit__count2023_target05,base_hour_logit__count2023_target05,hour,23.008,10.096,37.8648,2000.0,,0.008,-6.992000000000001,53.008
G_primary_paired_cost_contrasts,early_price/primary_paired_cost_contrasts.csv,DK1,,,,,,,,,,,,,,,,,,,,,,,,,,,,,,,,,,,,,,,,,,,,combined_hour_logit__count2023_target05,base_hour_logit__count2023_target05,hour,22.946,10.0395,37.79384999999999,2000.0,,0.0085,-7.053999999999999,52.946
G_primary_paired_cost_contrasts,early_price/primary_paired_cost_contrasts.csv,DK1,,,,,,,,,,,,,,,,,,,,,,,,,,,,,,,,,,,,,,,,,,,,combined_hour_logit__count2023_target05,base_hour_logit__count2023_target05,hour,22.884,9.983,37.7229,2000.0,,0.009,-7.116,52.884
G_primary_paired_cost_contrasts,early_price/primary_paired_cost_contrasts.csv,DK1,,,,,,,,,,,,,,,,,,,,,,,,,,,,,,,,,,,,,,,,,,,,combined_hour_logit__count2023_target05,base_hour_logit__count2023_target05,hour,22.822,9.9265,37.65194999999999,2000.0,,0.0095,-7.178000000000001,52.822
G_primary_paired_cost_contrasts,early_price/primary_paired_cost_contrasts.csv,DK1,,,,,,,,,,,,,,,,,,,,,,,,,,,,,,,,,,,,,,,,,,,,combined_hour_logit__count2023_target05,base_hour_logit__count2023_target05,hour,22.76,9.87,37.581,2000.0,,0.01,-7.239999999999998,52.760000000000005
G_primary_paired_cost_contrasts,early_price/primary_paired_cost_contrasts.csv,DK1,,,,,,,,,,,,,,,,,,,,,,,,,,,,,,,,,,,,,,,,,,,,combined_hour_logit__count2023_target05,base_hour_logit__count2023_target05,hour,22.698,9.8135,37.51004999999999,2000.0,,0.0105,-7.302,52.698
G_primary_paired_cost_contrasts,early_price/primary_paired_cost_contrasts.csv,DK1,,,,,,,,,,,,,,,,,,,,,,,,,,,,,,,,,,,,,,,,,,,,combined_hour_logit__count2023_target05,base_hour_logit__count2023_target05,hour,22.636,9.757,37.4391,2000.0,,0.011,-7.364000000000001,52.636
G_primary_paired_cost_contrasts,early_price/primary_paired_cost_contrasts.csv,DK1,,,,,,,,,,,,,,,,,,,,,,,,,,,,,,,,,,,,,,,,,,,,combined_hour_logit__count2023_target05,base_hour_logit__count2023_target05,hour,22.574,9.7005,37.36814999999999,2000.0,,0.0115,-7.425999999999998,52.574
G_primary_paired_cost_contrasts,early_price/primary_paired_cost_contrasts.csv,DK1,,,,,,,,,,,,,,,,,,,,,,,,,,,,,,,,,,,,,,,,,,,,combined_hour_logit__count2023_target05,base_hour_logit__count2023_target05,hour,22.512,9.644,37.29719999999999,2000.0,,0.012,-7.487999999999999,52.512
G_primary_paired_cost_contrasts,early_price/primary_paired_cost_contrasts.csv,DK1,,,,,,,,,,,,,,,,,,,,,,,,,,,,,,,,,,,,,,,,,,,,combined_hour_logit__count2023_target05,base_hour_logit__count2023_target05,hour,22.45,9.5875,37.22624999999999,2000.0,,0.0125,-7.550000000000001,52.45
G_primary_paired_cost_contrasts,early_price/primary_paired_cost_contrasts.csv,DK1,,,,,,,,,,,,,,,,,,,,,,,,,,,,,,,,,,,,,,,,,,,,combined_hour_logit__count2023_target05,base_hour_logit__count2023_target05,hour,22.388,9.531,37.15529999999999,2000.0,,0.013,-7.612000000000002,52.388
G_primary_paired_cost_contrasts,early_price/primary_paired_cost_contrasts.csv,DK1,,,,,,,,,,,,,,,,,,,,,,,,,,,,,,,,,,,,,,,,,,,,combined_hour_logit__count2023_target05,base_hour_logit__count2023_target05,hour,22.326,9.4745,37.08434999999999,2000.0,,0.0135,-7.673999999999999,52.326
G_primary_paired_cost_contrasts,early_price/primary_paired_cost_contrasts.csv,DK1,,,,,,,,,,,,,,,,,,,,,,,,,,,,,,,,,,,,,,,,,,,,combined_hour_logit__count2023_target05,base_hour_logit__count2023_target05,hour,22.264,9.418,37.01339999999999,2000.0,,0.014,-7.736000000000001,52.264
G_primary_paired_cost_contrasts,early_price/primary_paired_cost_contrasts.csv,DK1,,,,,,,,,,,,,,,,,,,,,,,,,,,,,,,,,,,,,,,,,,,,combined_hour_logit__count2023_target05,base_hour_logit__count2023_target05,hour,22.202,9.3615,36.94245,2000.0,,0.0145,-7.798000000000002,52.202
G_primary_paired_cost_contrasts,early_price/primary_paired_cost_contrasts.csv,DK1,,,,,,,,,,,,,,,,,,,,,,,,,,,,,,,,,,,,,,,,,,,,combined_hour_logit__count2023_target05,base_hour_logit__count2023_target05,hour,22.14,9.305,36.87149999999999,2000.0,,0.015,-7.859999999999999,52.14
G_primary_paired_cost_contrasts,early_price/primary_paired_cost_contrasts.csv,DK1,,,,,,,,,,,,,,,,,,,,,,,,,,,,,,,,,,,,,,,,,,,,combined_hour_logit__count2023_target05,base_hour_logit__count2023_target05,hour,21.52,8.74,36.16199999999999,2000.0,,0.02,-8.48,51.52
G_primary_paired_cost_contrasts,early_price/primary_paired_cost_contrasts.csv,DK1,,,,,,,,,,,,,,,,,,,,,,,,,,,,,,,,,,,,,,,,,,,,combined_hour_logit__count2023_target05,base_hour_logit__count2023_target05,hour,20.28,7.60925,34.86424999999998,2000.0,,0.03,-9.72,50.28
G_primary_paired_cost_contrasts,early_price/primary_paired_cost_contrasts.csv,DK1,,,,,,,,,,,,,,,,,,,,,,,,,,,,,,,,,,,,,,,,,,,,combined_hour_logit__count2023_target05,base_hour_logit__count2023_target05,hour,17.8,5.0475,32.256249999999966,2000.0,,0.05,-12.2,47.8
G_primary_paired_cost_contrasts,early_price/primary_paired_cost_contrasts.csv,DK1,,,,,,,,,,,,,,,,,,,,,,,,,,,,,,,,,,,,,,,,,,,,combined_hour_logit__count2023_target05,base_hour_logit__count2023_target05,hour,11.6,-1.6000000000000014,26.4,2000.0,,0.1,-18.4,41.6
G_primary_paired_cost_contrasts,early_price/primary_paired_cost_contrasts.csv,DK1,,,,,,,,,,,,,,,,,,,,,,,,,,,,,,,,,,,,,,,,,,,,combined_hour_logit__count2023_target05,base_hour_logit__count2023_target05,hour,-0.8000000000000007,-15.200000000000005,15.0,2000.0,,0.2,-30.8,29.2
G_primary_paired_cost_contrasts,early_price/primary_paired_cost_contrasts.csv,DK1,,,,,,,,,,,,,,,,,,,,,,,,,,,,,,,,,,,,,,,,,,,,combined_hour_logit__count2023_target05,base_hour_logit__count2023_target05,hour,-7.0,-22.0,9.25,2000.0,,0.25,-37.0,23.0
G_primary_paired_cost_contrasts,early_price/primary_paired_cost_contrasts.csv,DK1,,,,,,,,,,,,,,,,,,,,,,,,,,,,,,,,,,,,,,,,,,,,combined_hour_logit__count2023_target05,base_hour_logit__count2023_target05,hour,-38.0,-57.5,-18.0,2000.0,,0.5,-68.0,-8.0
G_primary_paired_cost_contrasts,early_price/primary_paired_cost_contrasts.csv,DK1,,,,,,,,,,,,,,,,,,,,,,,,,,,,,,,,,,,,,,,,,,,,combined_hour_logit__count2023_target05,base_hour_logit__count2023_target05,hour,-100.0,-130.0,-71.0,2000.0,,1.0,-130.0,-70.0
G_primary_paired_cost_contrasts,early_price/primary_paired_cost_contrasts.csv,DK1,,,,,,,,,,,,,,,,,,,,,,,,,,,,,,,,,,,,,,,,,,,,price_hour_logit__top2,original_M0__top2,process,-9.0,-17.0,-1.0,2000.0,,0.0,-17.0,-1.0
G_primary_paired_cost_contrasts,early_price/primary_paired_cost_contrasts.csv,DK1,,,,,,,,,,,,,,,,,,,,,,,,,,,,,,,,,,,,,,,,,,,,price_hour_logit__top2,original_M0__top2,process,-9.0,-17.0,-1.0,2000.0,,0.0005,-17.0,-1.0
G_primary_paired_cost_contrasts,early_price/primary_paired_cost_contrasts.csv,DK1,,,,,,,,,,,,,,,,,,,,,,,,,,,,,,,,,,,,,,,,,,,,price_hour_logit__top2,original_M0__top2,process,-9.0,-17.0,-1.0,2000.0,,0.001,-17.0,-1.0
G_primary_paired_cost_contrasts,early_price/primary_paired_cost_contrasts.csv,DK1,,,,,,,,,,,,,,,,,,,,,,,,,,,,,,,,,,,,,,,,,,,,price_hour_logit__top2,original_M0__top2,process,-9.0,-17.0,-1.0,2000.0,,0.0015,-17.0,-1.0
G_primary_paired_cost_contrasts,early_price/primary_paired_cost_contrasts.csv,DK1,,,,,,,,,,,,,,,,,,,,,,,,,,,,,,,,,,,,,,,,,,,,price_hour_logit__top2,original_M0__top2,process,-9.0,-17.0,-1.0,2000.0,,0.002,-17.0,-1.0
G_primary_paired_cost_contrasts,early_price/primary_paired_cost_contrasts.csv,DK1,,,,,,,,,,,,,,,,,,,,,,,,,,,,,,,,,,,,,,,,,,,,price_hour_logit__top2,original_M0__top2,process,-9.0,-17.0,-1.0,2000.0,,0.0025,-17.0,-1.0
G_primary_paired_cost_contrasts,early_price/primary_paired_cost_contrasts.csv,DK1,,,,,,,,,,,,,,,,,,,,,,,,,,,,,,,,,,,,,,,,,,,,price_hour_logit__top2,original_M0__top2,process,-9.0,-17.0,-1.0,2000.0,,0.003,-17.0,-1.0
G_primary_paired_cost_contrasts,early_price/primary_paired_cost_contrasts.csv,DK1,,,,,,,,,,,,,,,,,,,,,,,,,,,,,,,,,,,,,,,,,,,,price_hour_logit__top2,original_M0__top2,process,-9.0,-17.0,-1.0,2000.0,,0.0035,-17.0,-1.0
G_primary_paired_cost_contrasts,early_price/primary_paired_cost_contrasts.csv,DK1,,,,,,,,,,,,,,,,,,,,,,,,,,,,,,,,,,,,,,,,,,,,price_hour_logit__top2,original_M0__top2,process,-9.0,-17.0,-1.0,2000.0,,0.004,-17.0,-1.0
G_primary_paired_cost_contrasts,early_price/primary_paired_cost_contrasts.csv,DK1,,,,,,,,,,,,,,,,,,,,,,,,,,,,,,,,,,,,,,,,,,,,price_hour_logit__top2,original_M0__top2,process,-9.0,-17.0,-1.0,2000.0,,0.0045,-17.0,-1.0
G_primary_paired_cost_contrasts,early_price/primary_paired_cost_contrasts.csv,DK1,,,,,,,,,,,,,,,,,,,,,,,,,,,,,,,,,,,,,,,,,,,,price_hour_logit__top2,original_M0__top2,process,-9.0,-17.0,-1.0,2000.0,,0.005,-17.0,-1.0
G_primary_paired_cost_contrasts,early_price/primary_paired_cost_contrasts.csv,DK1,,,,,,,,,,,,,,,,,,,,,,,,,,,,,,,,,,,,,,,,,,,,price_hour_logit__top2,original_M0__top2,process,-9.0,-17.0,-1.0,2000.0,,0.0055,-17.0,-1.0
G_primary_paired_cost_contrasts,early_price/primary_paired_cost_contrasts.csv,DK1,,,,,,,,,,,,,,,,,,,,,,,,,,,,,,,,,,,,,,,,,,,,price_hour_logit__top2,original_M0__top2,process,-9.0,-17.0,-1.0,2000.0,,0.006,-17.0,-1.0
G_primary_paired_cost_contrasts,early_price/primary_paired_cost_contrasts.csv,DK1,,,,,,,,,,,,,,,,,,,,,,,,,,,,,,,,,,,,,,,,,,,,price_hour_logit__top2,original_M0__top2,process,-9.0,-17.0,-1.0,2000.0,,0.0065,-17.0,-1.0
G_primary_paired_cost_contrasts,early_price/primary_paired_cost_contrasts.csv,DK1,,,,,,,,,,,,,,,,,,,,,,,,,,,,,,,,,,,,,,,,,,,,price_hour_logit__top2,original_M0__top2,process,-9.0,-17.0,-1.0,2000.0,,0.007,-17.0,-1.0
G_primary_paired_cost_contrasts,early_price/primary_paired_cost_contrasts.csv,DK1,,,,,,,,,,,,,,,,,,,,,,,,,,,,,,,,,,,,,,,,,,,,price_hour_logit__top2,original_M0__top2,process,-9.0,-17.0,-1.0,2000.0,,0.0075,-17.0,-1.0
G_primary_paired_cost_contrasts,early_price/primary_paired_cost_contrasts.csv,DK1,,,,,,,,,,,,,,,,,,,,,,,,,,,,,,,,,,,,,,,,,,,,price_hour_logit__top2,original_M0__top2,process,-9.0,-17.0,-1.0,2000.0,,0.008,-17.0,-1.0
G_primary_paired_cost_contrasts,early_price/primary_paired_cost_contrasts.csv,DK1,,,,,,,,,,,,,,,,,,,,,,,,,,,,,,,,,,,,,,,,,,,,price_hour_logit__top2,original_M0__top2,process,-9.0,-17.0,-1.0,2000.0,,0.0085,-17.0,-1.0
G_primary_paired_cost_contrasts,early_price/primary_paired_cost_contrasts.csv,DK1,,,,,,,,,,,,,,,,,,,,,,,,,,,,,,,,,,,,,,,,,,,,price_hour_logit__top2,original_M0__top2,process,-9.0,-17.0,-1.0,2000.0,,0.009,-17.0,-1.0
G_primary_paired_cost_contrasts,early_price/primary_paired_cost_contrasts.csv,DK1,,,,,,,,,,,,,,,,,,,,,,,,,,,,,,,,,,,,,,,,,,,,price_hour_logit__top2,original_M0__top2,process,-9.0,-17.0,-1.0,2000.0,,0.0095,-17.0,-1.0
G_primary_paired_cost_contrasts,early_price/primary_paired_cost_contrasts.csv,DK1,,,,,,,,,,,,,,,,,,,,,,,,,,,,,,,,,,,,,,,,,,,,price_hour_logit__top2,original_M0__top2,process,-9.0,-17.0,-1.0,2000.0,,0.01,-17.0,-1.0
G_primary_paired_cost_contrasts,early_price/primary_paired_cost_contrasts.csv,DK1,,,,,,,,,,,,,,,,,,,,,,,,,,,,,,,,,,,,,,,,,,,,price_hour_logit__top2,original_M0__top2,process,-9.0,-17.0,-1.0,2000.0,,0.0105,-17.0,-1.0
G_primary_paired_cost_contrasts,early_price/primary_paired_cost_contrasts.csv,DK1,,,,,,,,,,,,,,,,,,,,,,,,,,,,,,,,,,,,,,,,,,,,price_hour_logit__top2,original_M0__top2,process,-9.0,-17.0,-1.0,2000.0,,0.011,-17.0,-1.0
G_primary_paired_cost_contrasts,early_price/primary_paired_cost_contrasts.csv,DK1,,,,,,,,,,,,,,,,,,,,,,,,,,,,,,,,,,,,,,,,,,,,price_hour_logit__top2,original_M0__top2,process,-9.0,-17.0,-1.0,2000.0,,0.0115,-17.0,-1.0
G_primary_paired_cost_contrasts,early_price/primary_paired_cost_contrasts.csv,DK1,,,,,,,,,,,,,,,,,,,,,,,,,,,,,,,,,,,,,,,,,,,,price_hour_logit__top2,original_M0__top2,process,-9.0,-17.0,-1.0,2000.0,,0.012,-17.0,-1.0
G_primary_paired_cost_contrasts,early_price/primary_paired_cost_contrasts.csv,DK1,,,,,,,,,,,,,,,,,,,,,,,,,,,,,,,,,,,,,,,,,,,,price_hour_logit__top2,original_M0__top2,process,-9.0,-17.0,-1.0,2000.0,,0.0125,-17.0,-1.0
G_primary_paired_cost_contrasts,early_price/primary_paired_cost_contrasts.csv,DK1,,,,,,,,,,,,,,,,,,,,,,,,,,,,,,,,,,,,,,,,,,,,price_hour_logit__top2,original_M0__top2,process,-9.0,-17.0,-1.0,2000.0,,0.013,-17.0,-1.0
G_primary_paired_cost_contrasts,early_price/primary_paired_cost_contrasts.csv,DK1,,,,,,,,,,,,,,,,,,,,,,,,,,,,,,,,,,,,,,,,,,,,price_hour_logit__top2,original_M0__top2,process,-9.0,-17.0,-1.0,2000.0,,0.0135,-17.0,-1.0
G_primary_paired_cost_contrasts,early_price/primary_paired_cost_contrasts.csv,DK1,,,,,,,,,,,,,,,,,,,,,,,,,,,,,,,,,,,,,,,,,,,,price_hour_logit__top2,original_M0__top2,process,-9.0,-17.0,-1.0,2000.0,,0.014,-17.0,-1.0
G_primary_paired_cost_contrasts,early_price/primary_paired_cost_contrasts.csv,DK1,,,,,,,,,,,,,,,,,,,,,,,,,,,,,,,,,,,,,,,,,,,,price_hour_logit__top2,original_M0__top2,process,-9.0,-17.0,-1.0,2000.0,,0.0145,-17.0,-1.0
G_primary_paired_cost_contrasts,early_price/primary_paired_cost_contrasts.csv,DK1,,,,,,,,,,,,,,,,,,,,,,,,,,,,,,,,,,,,,,,,,,,,price_hour_logit__top2,original_M0__top2,process,-9.0,-17.0,-1.0,2000.0,,0.015,-17.0,-1.0
G_primary_paired_cost_contrasts,early_price/primary_paired_cost_contrasts.csv,DK1,,,,,,,,,,,,,,,,,,,,,,,,,,,,,,,,,,,,,,,,,,,,price_hour_logit__top2,original_M0__top2,process,-9.0,-17.0,-1.0,2000.0,,0.02,-17.0,-1.0
G_primary_paired_cost_contrasts,early_price/primary_paired_cost_contrasts.csv,DK1,,,,,,,,,,,,,,,,,,,,,,,,,,,,,,,,,,,,,,,,,,,,price_hour_logit__top2,original_M0__top2,process,-9.0,-17.0,-1.0,2000.0,,0.03,-17.0,-1.0
G_primary_paired_cost_contrasts,early_price/primary_paired_cost_contrasts.csv,DK1,,,,,,,,,,,,,,,,,,,,,,,,,,,,,,,,,,,,,,,,,,,,price_hour_logit__top2,original_M0__top2,process,-9.0,-17.0,-1.0,2000.0,,0.05,-17.0,-1.0
G_primary_paired_cost_contrasts,early_price/primary_paired_cost_contrasts.csv,DK1,,,,,,,,,,,,,,,,,,,,,,,,,,,,,,,,,,,,,,,,,,,,price_hour_logit__top2,original_M0__top2,process,-9.0,-17.0,-1.0,2000.0,,0.1,-17.0,-1.0
G_primary_paired_cost_contrasts,early_price/primary_paired_cost_contrasts.csv,DK1,,,,,,,,,,,,,,,,,,,,,,,,,,,,,,,,,,,,,,,,,,,,price_hour_logit__top2,original_M0__top2,process,-9.0,-17.0,-1.0,2000.0,,0.2,-17.0,-1.0
G_primary_paired_cost_contrasts,early_price/primary_paired_cost_contrasts.csv,DK1,,,,,,,,,,,,,,,,,,,,,,,,,,,,,,,,,,,,,,,,,,,,price_hour_logit__top2,original_M0__top2,process,-9.0,-17.0,-1.0,2000.0,,0.25,-17.0,-1.0
G_primary_paired_cost_contrasts,early_price/primary_paired_cost_contrasts.csv,DK1,,,,,,,,,,,,,,,,,,,,,,,,,,,,,,,,,,,,,,,,,,,,price_hour_logit__top2,original_M0__top2,process,-9.0,-17.0,-1.0,2000.0,,0.5,-17.0,-1.0
G_primary_paired_cost_contrasts,early_price/primary_paired_cost_contrasts.csv,DK1,,,,,,,,,,,,,,,,,,,,,,,,,,,,,,,,,,,,,,,,,,,,price_hour_logit__top2,original_M0__top2,process,-9.0,-17.0,-1.0,2000.0,,1.0,-17.0,-1.0
G_primary_paired_cost_contrasts,early_price/primary_paired_cost_contrasts.csv,DK1,,,,,,,,,,,,,,,,,,,,,,,,,,,,,,,,,,,,,,,,,,,,price_hour_logit__top2,original_M0__top2,hour,-82.0,-120.0,-56.0,2000.0,,0.0,-117.0,-47.0
G_primary_paired_cost_contrasts,early_price/primary_paired_cost_contrasts.csv,DK1,,,,,,,,,,,,,,,,,,,,,,,,,,,,,,,,,,,,,,,,,,,,price_hour_logit__top2,original_M0__top2,hour,-82.0,-120.0,-56.0,2000.0,,0.0005,-117.0,-47.0
G_primary_paired_cost_contrasts,early_price/primary_paired_cost_contrasts.csv,DK1,,,,,,,,,,,,,,,,,,,,,,,,,,,,,,,,,,,,,,,,,,,,price_hour_logit__top2,original_M0__top2,hour,-82.0,-120.0,-56.0,2000.0,,0.001,-117.0,-47.0
G_primary_paired_cost_contrasts,early_price/primary_paired_cost_contrasts.csv,DK1,,,,,,,,,,,,,,,,,,,,,,,,,,,,,,,,,,,,,,,,,,,,price_hour_logit__top2,original_M0__top2,hour,-82.0,-120.0,-56.0,2000.0,,0.0015,-117.0,-47.0
G_primary_paired_cost_contrasts,early_price/primary_paired_cost_contrasts.csv,DK1,,,,,,,,,,,,,,,,,,,,,,,,,,,,,,,,,,,,,,,,,,,,price_hour_logit__top2,original_M0__top2,hour,-82.0,-120.0,-56.0,2000.0,,0.002,-117.0,-47.0
G_primary_paired_cost_contrasts,early_price/primary_paired_cost_contrasts.csv,DK1,,,,,,,,,,,,,,,,,,,,,,,,,,,,,,,,,,,,,,,,,,,,price_hour_logit__top2,original_M0__top2,hour,-82.0,-120.0,-56.0,2000.0,,0.0025,-117.0,-47.0
G_primary_paired_cost_contrasts,early_price/primary_paired_cost_contrasts.csv,DK1,,,,,,,,,,,,,,,,,,,,,,,,,,,,,,,,,,,,,,,,,,,,price_hour_logit__top2,original_M0__top2,hour,-82.0,-120.0,-56.0,2000.0,,0.003,-117.0,-47.0
G_primary_paired_cost_contrasts,early_price/primary_paired_cost_contrasts.csv,DK1,,,,,,,,,,,,,,,,,,,,,,,,,,,,,,,,,,,,,,,,,,,,price_hour_logit__top2,original_M0__top2,hour,-82.0,-120.0,-56.0,2000.0,,0.0035,-117.0,-47.0
G_primary_paired_cost_contrasts,early_price/primary_paired_cost_contrasts.csv,DK1,,,,,,,,,,,,,,,,,,,,,,,,,,,,,,,,,,,,,,,,,,,,price_hour_logit__top2,original_M0__top2,hour,-82.0,-120.0,-56.0,2000.0,,0.004,-117.0,-47.0
G_primary_paired_cost_contrasts,early_price/primary_paired_cost_contrasts.csv,DK1,,,,,,,,,,,,,,,,,,,,,,,,,,,,,,,,,,,,,,,,,,,,price_hour_logit__top2,original_M0__top2,hour,-82.0,-120.0,-56.0,2000.0,,0.0045,-117.0,-47.0
G_primary_paired_cost_contrasts,early_price/primary_paired_cost_contrasts.csv,DK1,,,,,,,,,,,,,,,,,,,,,,,,,,,,,,,,,,,,,,,,,,,,price_hour_logit__top2,original_M0__top2,hour,-82.0,-120.0,-56.0,2000.0,,0.005,-117.0,-47.0
G_primary_paired_cost_contrasts,early_price/primary_paired_cost_contrasts.csv,DK1,,,,,,,,,,,,,,,,,,,,,,,,,,,,,,,,,,,,,,,,,,,,price_hour_logit__top2,original_M0__top2,hour,-82.0,-120.0,-56.0,2000.0,,0.0055,-117.0,-47.0
G_primary_paired_cost_contrasts,early_price/primary_paired_cost_contrasts.csv,DK1,,,,,,,,,,,,,,,,,,,,,,,,,,,,,,,,,,,,,,,,,,,,price_hour_logit__top2,original_M0__top2,hour,-82.0,-120.0,-56.0,2000.0,,0.006,-117.0,-47.0
G_primary_paired_cost_contrasts,early_price/primary_paired_cost_contrasts.csv,DK1,,,,,,,,,,,,,,,,,,,,,,,,,,,,,,,,,,,,,,,,,,,,price_hour_logit__top2,original_M0__top2,hour,-82.0,-120.0,-56.0,2000.0,,0.0065,-117.0,-47.0
G_primary_paired_cost_contrasts,early_price/primary_paired_cost_contrasts.csv,DK1,,,,,,,,,,,,,,,,,,,,,,,,,,,,,,,,,,,,,,,,,,,,price_hour_logit__top2,original_M0__top2,hour,-82.0,-120.0,-56.0,2000.0,,0.007,-117.0,-47.0
G_primary_paired_cost_contrasts,early_price/primary_paired_cost_contrasts.csv,DK1,,,,,,,,,,,,,,,,,,,,,,,,,,,,,,,,,,,,,,,,,,,,price_hour_logit__top2,original_M0__top2,hour,-82.0,-120.0,-56.0,2000.0,,0.0075,-117.0,-47.0
G_primary_paired_cost_contrasts,early_price/primary_paired_cost_contrasts.csv,DK1,,,,,,,,,,,,,,,,,,,,,,,,,,,,,,,,,,,,,,,,,,,,price_hour_logit__top2,original_M0__top2,hour,-82.0,-120.0,-56.0,2000.0,,0.008,-117.0,-47.0
G_primary_paired_cost_contrasts,early_price/primary_paired_cost_contrasts.csv,DK1,,,,,,,,,,,,,,,,,,,,,,,,,,,,,,,,,,,,,,,,,,,,price_hour_logit__top2,original_M0__top2,hour,-82.0,-120.0,-56.0,2000.0,,0.0085,-117.0,-47.0
G_primary_paired_cost_contrasts,early_price/primary_paired_cost_contrasts.csv,DK1,,,,,,,,,,,,,,,,,,,,,,,,,,,,,,,,,,,,,,,,,,,,price_hour_logit__top2,original_M0__top2,hour,-82.0,-120.0,-56.0,2000.0,,0.009,-117.0,-47.0
G_primary_paired_cost_contrasts,early_price/primary_paired_cost_contrasts.csv,DK1,,,,,,,,,,,,,,,,,,,,,,,,,,,,,,,,,,,,,,,,,,,,price_hour_logit__top2,original_M0__top2,hour,-82.0,-120.0,-56.0,2000.0,,0.0095,-117.0,-47.0
G_primary_paired_cost_contrasts,early_price/primary_paired_cost_contrasts.csv,DK1,,,,,,,,,,,,,,,,,,,,,,,,,,,,,,,,,,,,,,,,,,,,price_hour_logit__top2,original_M0__top2,hour,-82.0,-120.0,-56.0,2000.0,,0.01,-117.0,-47.0
G_primary_paired_cost_contrasts,early_price/primary_paired_cost_contrasts.csv,DK1,,,,,,,,,,,,,,,,,,,,,,,,,,,,,,,,,,,,,,,,,,,,price_hour_logit__top2,original_M0__top2,hour,-82.0,-120.0,-56.0,2000.0,,0.0105,-117.0,-47.0
G_primary_paired_cost_contrasts,early_price/primary_paired_cost_contrasts.csv,DK1,,,,,,,,,,,,,,,,,,,,,,,,,,,,,,,,,,,,,,,,,,,,price_hour_logit__top2,original_M0__top2,hour,-82.0,-120.0,-56.0,2000.0,,0.011,-117.0,-47.0
G_primary_paired_cost_contrasts,early_price/primary_paired_cost_contrasts.csv,DK1,,,,,,,,,,,,,,,,,,,,,,,,,,,,,,,,,,,,,,,,,,,,price_hour_logit__top2,original_M0__top2,hour,-82.0,-120.0,-56.0,2000.0,,0.0115,-117.0,-47.0
G_primary_paired_cost_contrasts,early_price/primary_paired_cost_contrasts.csv,DK1,,,,,,,,,,,,,,,,,,,,,,,,,,,,,,,,,,,,,,,,,,,,price_hour_logit__top2,original_M0__top2,hour,-82.0,-120.0,-56.0,2000.0,,0.012,-117.0,-47.0
G_primary_paired_cost_contrasts,early_price/primary_paired_cost_contrasts.csv,DK1,,,,,,,,,,,,,,,,,,,,,,,,,,,,,,,,,,,,,,,,,,,,price_hour_logit__top2,original_M0__top2,hour,-82.0,-120.0,-56.0,2000.0,,0.0125,-117.0,-47.0
G_primary_paired_cost_contrasts,early_price/primary_paired_cost_contrasts.csv,DK1,,,,,,,,,,,,,,,,,,,,,,,,,,,,,,,,,,,,,,,,,,,,price_hour_logit__top2,original_M0__top2,hour,-82.0,-120.0,-56.0,2000.0,,0.013,-117.0,-47.0
G_primary_paired_cost_contrasts,early_price/primary_paired_cost_contrasts.csv,DK1,,,,,,,,,,,,,,,,,,,,,,,,,,,,,,,,,,,,,,,,,,,,price_hour_logit__top2,original_M0__top2,hour,-82.0,-120.0,-56.0,2000.0,,0.0135,-117.0,-47.0
G_primary_paired_cost_contrasts,early_price/primary_paired_cost_contrasts.csv,DK1,,,,,,,,,,,,,,,,,,,,,,,,,,,,,,,,,,,,,,,,,,,,price_hour_logit__top2,original_M0__top2,hour,-82.0,-120.0,-56.0,2000.0,,0.014,-117.0,-47.0
G_primary_paired_cost_contrasts,early_price/primary_paired_cost_contrasts.csv,DK1,,,,,,,,,,,,,,,,,,,,,,,,,,,,,,,,,,,,,,,,,,,,price_hour_logit__top2,original_M0__top2,hour,-82.0,-120.0,-56.0,2000.0,,0.0145,-117.0,-47.0
G_primary_paired_cost_contrasts,early_price/primary_paired_cost_contrasts.csv,DK1,,,,,,,,,,,,,,,,,,,,,,,,,,,,,,,,,,,,,,,,,,,,price_hour_logit__top2,original_M0__top2,hour,-82.0,-120.0,-56.0,2000.0,,0.015,-117.0,-47.0
G_primary_paired_cost_contrasts,early_price/primary_paired_cost_contrasts.csv,DK1,,,,,,,,,,,,,,,,,,,,,,,,,,,,,,,,,,,,,,,,,,,,price_hour_logit__top2,original_M0__top2,hour,-82.0,-120.0,-56.0,2000.0,,0.02,-117.0,-47.0
G_primary_paired_cost_contrasts,early_price/primary_paired_cost_contrasts.csv,DK1,,,,,,,,,,,,,,,,,,,,,,,,,,,,,,,,,,,,,,,,,,,,price_hour_logit__top2,original_M0__top2,hour,-82.0,-120.0,-56.0,2000.0,,0.03,-117.0,-47.0
G_primary_paired_cost_contrasts,early_price/primary_paired_cost_contrasts.csv,DK1,,,,,,,,,,,,,,,,,,,,,,,,,,,,,,,,,,,,,,,,,,,,price_hour_logit__top2,original_M0__top2,hour,-82.0,-120.0,-56.0,2000.0,,0.05,-117.0,-47.0
G_primary_paired_cost_contrasts,early_price/primary_paired_cost_contrasts.csv,DK1,,,,,,,,,,,,,,,,,,,,,,,,,,,,,,,,,,,,,,,,,,,,price_hour_logit__top2,original_M0__top2,hour,-82.0,-120.0,-56.0,2000.0,,0.1,-117.0,-47.0
G_primary_paired_cost_contrasts,early_price/primary_paired_cost_contrasts.csv,DK1,,,,,,,,,,,,,,,,,,,,,,,,,,,,,,,,,,,,,,,,,,,,price_hour_logit__top2,original_M0__top2,hour,-82.0,-120.0,-56.0,2000.0,,0.2,-117.0,-47.0
G_primary_paired_cost_contrasts,early_price/primary_paired_cost_contrasts.csv,DK1,,,,,,,,,,,,,,,,,,,,,,,,,,,,,,,,,,,,,,,,,,,,price_hour_logit__top2,original_M0__top2,hour,-82.0,-120.0,-56.0,2000.0,,0.25,-117.0,-47.0
G_primary_paired_cost_contrasts,early_price/primary_paired_cost_contrasts.csv,DK1,,,,,,,,,,,,,,,,,,,,,,,,,,,,,,,,,,,,,,,,,,,,price_hour_logit__top2,original_M0__top2,hour,-82.0,-120.0,-56.0,2000.0,,0.5,-117.0,-47.0
G_primary_paired_cost_contrasts,early_price/primary_paired_cost_contrasts.csv,DK1,,,,,,,,,,,,,,,,,,,,,,,,,,,,,,,,,,,,,,,,,,,,price_hour_logit__top2,original_M0__top2,hour,-82.0,-120.0,-56.0,2000.0,,1.0,-117.0,-47.0
G_primary_paired_cost_contrasts,early_price/primary_paired_cost_contrasts.csv,DK2,,,,,,,,,,,,,,,,,,,,,,,,,,,,,,,,,,,,,,,,,,,,combined_early_logit__top2,base_early_logit__top2,process,4.0,-2.0,12.0,2000.0,,0.0,-4.0,12.0
G_primary_paired_cost_contrasts,early_price/primary_paired_cost_contrasts.csv,DK2,,,,,,,,,,,,,,,,,,,,,,,,,,,,,,,,,,,,,,,,,,,,combined_early_logit__top2,base_early_logit__top2,process,4.0,-2.0,12.0,2000.0,,0.0005,-4.0,12.0
G_primary_paired_cost_contrasts,early_price/primary_paired_cost_contrasts.csv,DK2,,,,,,,,,,,,,,,,,,,,,,,,,,,,,,,,,,,,,,,,,,,,combined_early_logit__top2,base_early_logit__top2,process,4.0,-2.0,12.0,2000.0,,0.001,-4.0,12.0
G_primary_paired_cost_contrasts,early_price/primary_paired_cost_contrasts.csv,DK2,,,,,,,,,,,,,,,,,,,,,,,,,,,,,,,,,,,,,,,,,,,,combined_early_logit__top2,base_early_logit__top2,process,4.0,-2.0,12.0,2000.0,,0.0015,-4.0,12.0
G_primary_paired_cost_contrasts,early_price/primary_paired_cost_contrasts.csv,DK2,,,,,,,,,,,,,,,,,,,,,,,,,,,,,,,,,,,,,,,,,,,,combined_early_logit__top2,base_early_logit__top2,process,4.0,-2.0,12.0,2000.0,,0.002,-4.0,12.0
G_primary_paired_cost_contrasts,early_price/primary_paired_cost_contrasts.csv,DK2,,,,,,,,,,,,,,,,,,,,,,,,,,,,,,,,,,,,,,,,,,,,combined_early_logit__top2,base_early_logit__top2,process,4.0,-2.0,12.0,2000.0,,0.0025,-4.0,12.0
G_primary_paired_cost_contrasts,early_price/primary_paired_cost_contrasts.csv,DK2,,,,,,,,,,,,,,,,,,,,,,,,,,,,,,,,,,,,,,,,,,,,combined_early_logit__top2,base_early_logit__top2,process,4.0,-2.0,12.0,2000.0,,0.003,-4.0,12.0
G_primary_paired_cost_contrasts,early_price/primary_paired_cost_contrasts.csv,DK2,,,,,,,,,,,,,,,,,,,,,,,,,,,,,,,,,,,,,,,,,,,,combined_early_logit__top2,base_early_logit__top2,process,4.0,-2.0,12.0,2000.0,,0.0035,-4.0,12.0
G_primary_paired_cost_contrasts,early_price/primary_paired_cost_contrasts.csv,DK2,,,,,,,,,,,,,,,,,,,,,,,,,,,,,,,,,,,,,,,,,,,,combined_early_logit__top2,base_early_logit__top2,process,4.0,-2.0,12.0,2000.0,,0.004,-4.0,12.0
G_primary_paired_cost_contrasts,early_price/primary_paired_cost_contrasts.csv,DK2,,,,,,,,,,,,,,,,,,,,,,,,,,,,,,,,,,,,,,,,,,,,combined_early_logit__top2,base_early_logit__top2,process,4.0,-2.0,12.0,2000.0,,0.0045,-4.0,12.0
G_primary_paired_cost_contrasts,early_price/primary_paired_cost_contrasts.csv,DK2,,,,,,,,,,,,,,,,,,,,,,,,,,,,,,,,,,,,,,,,,,,,combined_early_logit__top2,base_early_logit__top2,process,4.0,-2.0,12.0,2000.0,,0.005,-4.0,12.0
G_primary_paired_cost_contrasts,early_price/primary_paired_cost_contrasts.csv,DK2,,,,,,,,,,,,,,,,,,,,,,,,,,,,,,,,,,,,,,,,,,,,combined_early_logit__top2,base_early_logit__top2,process,4.0,-2.0,12.0,2000.0,,0.0055,-4.0,12.0
G_primary_paired_cost_contrasts,early_price/primary_paired_cost_contrasts.csv,DK2,,,,,,,,,,,,,,,,,,,,,,,,,,,,,,,,,,,,,,,,,,,,combined_early_logit__top2,base_early_logit__top2,process,4.0,-2.0,12.0,2000.0,,0.006,-4.0,12.0
G_primary_paired_cost_contrasts,early_price/primary_paired_cost_contrasts.csv,DK2,,,,,,,,,,,,,,,,,,,,,,,,,,,,,,,,,,,,,,,,,,,,combined_early_logit__top2,base_early_logit__top2,process,4.0,-2.0,12.0,2000.0,,0.0065,-4.0,12.0
G_primary_paired_cost_contrasts,early_price/primary_paired_cost_contrasts.csv,DK2,,,,,,,,,,,,,,,,,,,,,,,,,,,,,,,,,,,,,,,,,,,,combined_early_logit__top2,base_early_logit__top2,process,4.0,-2.0,12.0,2000.0,,0.007,-4.0,12.0
G_primary_paired_cost_contrasts,early_price/primary_paired_cost_contrasts.csv,DK2,,,,,,,,,,,,,,,,,,,,,,,,,,,,,,,,,,,,,,,,,,,,combined_early_logit__top2,base_early_logit__top2,process,4.0,-2.0,12.0,2000.0,,0.0075,-4.0,12.0
G_primary_paired_cost_contrasts,early_price/primary_paired_cost_contrasts.csv,DK2,,,,,,,,,,,,,,,,,,,,,,,,,,,,,,,,,,,,,,,,,,,,combined_early_logit__top2,base_early_logit__top2,process,4.0,-2.0,12.0,2000.0,,0.008,-4.0,12.0
G_primary_paired_cost_contrasts,early_price/primary_paired_cost_contrasts.csv,DK2,,,,,,,,,,,,,,,,,,,,,,,,,,,,,,,,,,,,,,,,,,,,combined_early_logit__top2,base_early_logit__top2,process,4.0,-2.0,12.0,2000.0,,0.0085,-4.0,12.0
G_primary_paired_cost_contrasts,early_price/primary_paired_cost_contrasts.csv,DK2,,,,,,,,,,,,,,,,,,,,,,,,,,,,,,,,,,,,,,,,,,,,combined_early_logit__top2,base_early_logit__top2,process,4.0,-2.0,12.0,2000.0,,0.009,-4.0,12.0
G_primary_paired_cost_contrasts,early_price/primary_paired_cost_contrasts.csv,DK2,,,,,,,,,,,,,,,,,,,,,,,,,,,,,,,,,,,,,,,,,,,,combined_early_logit__top2,base_early_logit__top2,process,4.0,-2.0,12.0,2000.0,,0.0095,-4.0,12.0
G_primary_paired_cost_contrasts,early_price/primary_paired_cost_contrasts.csv,DK2,,,,,,,,,,,,,,,,,,,,,,,,,,,,,,,,,,,,,,,,,,,,combined_early_logit__top2,base_early_logit__top2,process,4.0,-2.0,12.0,2000.0,,0.01,-4.0,12.0
G_primary_paired_cost_contrasts,early_price/primary_paired_cost_contrasts.csv,DK2,,,,,,,,,,,,,,,,,,,,,,,,,,,,,,,,,,,,,,,,,,,,combined_early_logit__top2,base_early_logit__top2,process,4.0,-2.0,12.0,2000.0,,0.0105,-4.0,12.0
G_primary_paired_cost_contrasts,early_price/primary_paired_cost_contrasts.csv,DK2,,,,,,,,,,,,,,,,,,,,,,,,,,,,,,,,,,,,,,,,,,,,combined_early_logit__top2,base_early_logit__top2,process,4.0,-2.0,12.0,2000.0,,0.011,-4.0,12.0
G_primary_paired_cost_contrasts,early_price/primary_paired_cost_contrasts.csv,DK2,,,,,,,,,,,,,,,,,,,,,,,,,,,,,,,,,,,,,,,,,,,,combined_early_logit__top2,base_early_logit__top2,process,4.0,-2.0,12.0,2000.0,,0.0115,-4.0,12.0
G_primary_paired_cost_contrasts,early_price/primary_paired_cost_contrasts.csv,DK2,,,,,,,,,,,,,,,,,,,,,,,,,,,,,,,,,,,,,,,,,,,,combined_early_logit__top2,base_early_logit__top2,process,4.0,-2.0,12.0,2000.0,,0.012,-4.0,12.0
G_primary_paired_cost_contrasts,early_price/primary_paired_cost_contrasts.csv,DK2,,,,,,,,,,,,,,,,,,,,,,,,,,,,,,,,,,,,,,,,,,,,combined_early_logit__top2,base_early_logit__top2,process,4.0,-2.0,12.0,2000.0,,0.0125,-4.0,12.0
G_primary_paired_cost_contrasts,early_price/primary_paired_cost_contrasts.csv,DK2,,,,,,,,,,,,,,,,,,,,,,,,,,,,,,,,,,,,,,,,,,,,combined_early_logit__top2,base_early_logit__top2,process,4.0,-2.0,12.0,2000.0,,0.013,-4.0,12.0
G_primary_paired_cost_contrasts,early_price/primary_paired_cost_contrasts.csv,DK2,,,,,,,,,,,,,,,,,,,,,,,,,,,,,,,,,,,,,,,,,,,,combined_early_logit__top2,base_early_logit__top2,process,4.0,-2.0,12.0,2000.0,,0.0135,-4.0,12.0
G_primary_paired_cost_contrasts,early_price/primary_paired_cost_contrasts.csv,DK2,,,,,,,,,,,,,,,,,,,,,,,,,,,,,,,,,,,,,,,,,,,,combined_early_logit__top2,base_early_logit__top2,process,4.0,-2.0,12.0,2000.0,,0.014,-4.0,12.0
G_primary_paired_cost_contrasts,early_price/primary_paired_cost_contrasts.csv,DK2,,,,,,,,,,,,,,,,,,,,,,,,,,,,,,,,,,,,,,,,,,,,combined_early_logit__top2,base_early_logit__top2,process,4.0,-2.0,12.0,2000.0,,0.0145,-4.0,12.0
G_primary_paired_cost_contrasts,early_price/primary_paired_cost_contrasts.csv,DK2,,,,,,,,,,,,,,,,,,,,,,,,,,,,,,,,,,,,,,,,,,,,combined_early_logit__top2,base_early_logit__top2,process,4.0,-2.0,12.0,2000.0,,0.015,-4.0,12.0
G_primary_paired_cost_contrasts,early_price/primary_paired_cost_contrasts.csv,DK2,,,,,,,,,,,,,,,,,,,,,,,,,,,,,,,,,,,,,,,,,,,,combined_early_logit__top2,base_early_logit__top2,process,4.0,-2.0,12.0,2000.0,,0.02,-4.0,12.0
G_primary_paired_cost_contrasts,early_price/primary_paired_cost_contrasts.csv,DK2,,,,,,,,,,,,,,,,,,,,,,,,,,,,,,,,,,,,,,,,,,,,combined_early_logit__top2,base_early_logit__top2,process,4.0,-2.0,12.0,2000.0,,0.03,-4.0,12.0
G_primary_paired_cost_contrasts,early_price/primary_paired_cost_contrasts.csv,DK2,,,,,,,,,,,,,,,,,,,,,,,,,,,,,,,,,,,,,,,,,,,,combined_early_logit__top2,base_early_logit__top2,process,4.0,-2.0,12.0,2000.0,,0.05,-4.0,12.0
G_primary_paired_cost_contrasts,early_price/primary_paired_cost_contrasts.csv,DK2,,,,,,,,,,,,,,,,,,,,,,,,,,,,,,,,,,,,,,,,,,,,combined_early_logit__top2,base_early_logit__top2,process,4.0,-2.0,12.0,2000.0,,0.1,-4.0,12.0
G_primary_paired_cost_contrasts,early_price/primary_paired_cost_contrasts.csv,DK2,,,,,,,,,,,,,,,,,,,,,,,,,,,,,,,,,,,,,,,,,,,,combined_early_logit__top2,base_early_logit__top2,process,4.0,-2.0,12.0,2000.0,,0.2,-4.0,12.0
G_primary_paired_cost_contrasts,early_price/primary_paired_cost_contrasts.csv,DK2,,,,,,,,,,,,,,,,,,,,,,,,,,,,,,,,,,,,,,,,,,,,combined_early_logit__top2,base_early_logit__top2,process,4.0,-2.0,12.0,2000.0,,0.25,-4.0,12.0
G_primary_paired_cost_contrasts,early_price/primary_paired_cost_contrasts.csv,DK2,,,,,,,,,,,,,,,,,,,,,,,,,,,,,,,,,,,,,,,,,,,,combined_early_logit__top2,base_early_logit__top2,process,4.0,-2.0,12.0,2000.0,,0.5,-4.0,12.0
G_primary_paired_cost_contrasts,early_price/primary_paired_cost_contrasts.csv,DK2,,,,,,,,,,,,,,,,,,,,,,,,,,,,,,,,,,,,,,,,,,,,combined_early_logit__top2,base_early_logit__top2,process,4.0,-2.0,12.0,2000.0,,1.0,-4.0,12.0
G_primary_paired_cost_contrasts,early_price/primary_paired_cost_contrasts.csv,DK2,,,,,,,,,,,,,,,,,,,,,,,,,,,,,,,,,,,,,,,,,,,,combined_early_logit__top2,base_early_logit__top2,hour,26.0,9.0,51.0,2000.0,,0.0,4.0,48.0
G_primary_paired_cost_contrasts,early_price/primary_paired_cost_contrasts.csv,DK2,,,,,,,,,,,,,,,,,,,,,,,,,,,,,,,,,,,,,,,,,,,,combined_early_logit__top2,base_early_logit__top2,hour,26.0,9.0,51.0,2000.0,,0.0005,4.0,48.0
G_primary_paired_cost_contrasts,early_price/primary_paired_cost_contrasts.csv,DK2,,,,,,,,,,,,,,,,,,,,,,,,,,,,,,,,,,,,,,,,,,,,combined_early_logit__top2,base_early_logit__top2,hour,26.0,9.0,51.0,2000.0,,0.001,4.0,48.0
G_primary_paired_cost_contrasts,early_price/primary_paired_cost_contrasts.csv,DK2,,,,,,,,,,,,,,,,,,,,,,,,,,,,,,,,,,,,,,,,,,,,combined_early_logit__top2,base_early_logit__top2,hour,26.0,9.0,51.0,2000.0,,0.0015,4.0,48.0
G_primary_paired_cost_contrasts,early_price/primary_paired_cost_contrasts.csv,DK2,,,,,,,,,,,,,,,,,,,,,,,,,,,,,,,,,,,,,,,,,,,,combined_early_logit__top2,base_early_logit__top2,hour,26.0,9.0,51.0,2000.0,,0.002,4.0,48.0
G_primary_paired_cost_contrasts,early_price/primary_paired_cost_contrasts.csv,DK2,,,,,,,,,,,,,,,,,,,,,,,,,,,,,,,,,,,,,,,,,,,,combined_early_logit__top2,base_early_logit__top2,hour,26.0,9.0,51.0,2000.0,,0.0025,4.0,48.0
G_primary_paired_cost_contrasts,early_price/primary_paired_cost_contrasts.csv,DK2,,,,,,,,,,,,,,,,,,,,,,,,,,,,,,,,,,,,,,,,,,,,combined_early_logit__top2,base_early_logit__top2,hour,26.0,9.0,51.0,2000.0,,0.003,4.0,48.0
G_primary_paired_cost_contrasts,early_price/primary_paired_cost_contrasts.csv,DK2,,,,,,,,,,,,,,,,,,,,,,,,,,,,,,,,,,,,,,,,,,,,combined_early_logit__top2,base_early_logit__top2,hour,26.0,9.0,51.0,2000.0,,0.0035,4.0,48.0
G_primary_paired_cost_contrasts,early_price/primary_paired_cost_contrasts.csv,DK2,,,,,,,,,,,,,,,,,,,,,,,,,,,,,,,,,,,,,,,,,,,,combined_early_logit__top2,base_early_logit__top2,hour,26.0,9.0,51.0,2000.0,,0.004,4.0,48.0
G_primary_paired_cost_contrasts,early_price/primary_paired_cost_contrasts.csv,DK2,,,,,,,,,,,,,,,,,,,,,,,,,,,,,,,,,,,,,,,,,,,,combined_early_logit__top2,base_early_logit__top2,hour,26.0,9.0,51.0,2000.0,,0.0045,4.0,48.0
G_primary_paired_cost_contrasts,early_price/primary_paired_cost_contrasts.csv,DK2,,,,,,,,,,,,,,,,,,,,,,,,,,,,,,,,,,,,,,,,,,,,combined_early_logit__top2,base_early_logit__top2,hour,26.0,9.0,51.0,2000.0,,0.005,4.0,48.0
G_primary_paired_cost_contrasts,early_price/primary_paired_cost_contrasts.csv,DK2,,,,,,,,,,,,,,,,,,,,,,,,,,,,,,,,,,,,,,,,,,,,combined_early_logit__top2,base_early_logit__top2,hour,26.0,9.0,51.0,2000.0,,0.0055,4.0,48.0
G_primary_paired_cost_contrasts,early_price/primary_paired_cost_contrasts.csv,DK2,,,,,,,,,,,,,,,,,,,,,,,,,,,,,,,,,,,,,,,,,,,,combined_early_logit__top2,base_early_logit__top2,hour,26.0,9.0,51.0,2000.0,,0.006,4.0,48.0
G_primary_paired_cost_contrasts,early_price/primary_paired_cost_contrasts.csv,DK2,,,,,,,,,,,,,,,,,,,,,,,,,,,,,,,,,,,,,,,,,,,,combined_early_logit__top2,base_early_logit__top2,hour,26.0,9.0,51.0,2000.0,,0.0065,4.0,48.0
G_primary_paired_cost_contrasts,early_price/primary_paired_cost_contrasts.csv,DK2,,,,,,,,,,,,,,,,,,,,,,,,,,,,,,,,,,,,,,,,,,,,combined_early_logit__top2,base_early_logit__top2,hour,26.0,9.0,51.0,2000.0,,0.007,4.0,48.0
G_primary_paired_cost_contrasts,early_price/primary_paired_cost_contrasts.csv,DK2,,,,,,,,,,,,,,,,,,,,,,,,,,,,,,,,,,,,,,,,,,,,combined_early_logit__top2,base_early_logit__top2,hour,26.0,9.0,51.0,2000.0,,0.0075,4.0,48.0
G_primary_paired_cost_contrasts,early_price/primary_paired_cost_contrasts.csv,DK2,,,,,,,,,,,,,,,,,,,,,,,,,,,,,,,,,,,,,,,,,,,,combined_early_logit__top2,base_early_logit__top2,hour,26.0,9.0,51.0,2000.0,,0.008,4.0,48.0
G_primary_paired_cost_contrasts,early_price/primary_paired_cost_contrasts.csv,DK2,,,,,,,,,,,,,,,,,,,,,,,,,,,,,,,,,,,,,,,,,,,,combined_early_logit__top2,base_early_logit__top2,hour,26.0,9.0,51.0,2000.0,,0.0085,4.0,48.0
G_primary_paired_cost_contrasts,early_price/primary_paired_cost_contrasts.csv,DK2,,,,,,,,,,,,,,,,,,,,,,,,,,,,,,,,,,,,,,,,,,,,combined_early_logit__top2,base_early_logit__top2,hour,26.0,9.0,51.0,2000.0,,0.009,4.0,48.0
G_primary_paired_cost_contrasts,early_price/primary_paired_cost_contrasts.csv,DK2,,,,,,,,,,,,,,,,,,,,,,,,,,,,,,,,,,,,,,,,,,,,combined_early_logit__top2,base_early_logit__top2,hour,26.0,9.0,51.0,2000.0,,0.0095,4.0,48.0
G_primary_paired_cost_contrasts,early_price/primary_paired_cost_contrasts.csv,DK2,,,,,,,,,,,,,,,,,,,,,,,,,,,,,,,,,,,,,,,,,,,,combined_early_logit__top2,base_early_logit__top2,hour,26.0,9.0,51.0,2000.0,,0.01,4.0,48.0
G_primary_paired_cost_contrasts,early_price/primary_paired_cost_contrasts.csv,DK2,,,,,,,,,,,,,,,,,,,,,,,,,,,,,,,,,,,,,,,,,,,,combined_early_logit__top2,base_early_logit__top2,hour,26.0,9.0,51.0,2000.0,,0.0105,4.0,48.0
G_primary_paired_cost_contrasts,early_price/primary_paired_cost_contrasts.csv,DK2,,,,,,,,,,,,,,,,,,,,,,,,,,,,,,,,,,,,,,,,,,,,combined_early_logit__top2,base_early_logit__top2,hour,26.0,9.0,51.0,2000.0,,0.011,4.0,48.0
G_primary_paired_cost_contrasts,early_price/primary_paired_cost_contrasts.csv,DK2,,,,,,,,,,,,,,,,,,,,,,,,,,,,,,,,,,,,,,,,,,,,combined_early_logit__top2,base_early_logit__top2,hour,26.0,9.0,51.0,2000.0,,0.0115,4.0,48.0
G_primary_paired_cost_contrasts,early_price/primary_paired_cost_contrasts.csv,DK2,,,,,,,,,,,,,,,,,,,,,,,,,,,,,,,,,,,,,,,,,,,,combined_early_logit__top2,base_early_logit__top2,hour,26.0,9.0,51.0,2000.0,,0.012,4.0,48.0
G_primary_paired_cost_contrasts,early_price/primary_paired_cost_contrasts.csv,DK2,,,,,,,,,,,,,,,,,,,,,,,,,,,,,,,,,,,,,,,,,,,,combined_early_logit__top2,base_early_logit__top2,hour,26.0,9.0,51.0,2000.0,,0.0125,4.0,48.0
G_primary_paired_cost_contrasts,early_price/primary_paired_cost_contrasts.csv,DK2,,,,,,,,,,,,,,,,,,,,,,,,,,,,,,,,,,,,,,,,,,,,combined_early_logit__top2,base_early_logit__top2,hour,26.0,9.0,51.0,2000.0,,0.013,4.0,48.0
G_primary_paired_cost_contrasts,early_price/primary_paired_cost_contrasts.csv,DK2,,,,,,,,,,,,,,,,,,,,,,,,,,,,,,,,,,,,,,,,,,,,combined_early_logit__top2,base_early_logit__top2,hour,26.0,9.0,51.0,2000.0,,0.0135,4.0,48.0
G_primary_paired_cost_contrasts,early_price/primary_paired_cost_contrasts.csv,DK2,,,,,,,,,,,,,,,,,,,,,,,,,,,,,,,,,,,,,,,,,,,,combined_early_logit__top2,base_early_logit__top2,hour,26.0,9.0,51.0,2000.0,,0.014,4.0,48.0
G_primary_paired_cost_contrasts,early_price/primary_paired_cost_contrasts.csv,DK2,,,,,,,,,,,,,,,,,,,,,,,,,,,,,,,,,,,,,,,,,,,,combined_early_logit__top2,base_early_logit__top2,hour,26.0,9.0,51.0,2000.0,,0.0145,4.0,48.0
G_primary_paired_cost_contrasts,early_price/primary_paired_cost_contrasts.csv,DK2,,,,,,,,,,,,,,,,,,,,,,,,,,,,,,,,,,,,,,,,,,,,combined_early_logit__top2,base_early_logit__top2,hour,26.0,9.0,51.0,2000.0,,0.015,4.0,48.0
G_primary_paired_cost_contrasts,early_price/primary_paired_cost_contrasts.csv,DK2,,,,,,,,,,,,,,,,,,,,,,,,,,,,,,,,,,,,,,,,,,,,combined_early_logit__top2,base_early_logit__top2,hour,26.0,9.0,51.0,2000.0,,0.02,4.0,48.0
G_primary_paired_cost_contrasts,early_price/primary_paired_cost_contrasts.csv,DK2,,,,,,,,,,,,,,,,,,,,,,,,,,,,,,,,,,,,,,,,,,,,combined_early_logit__top2,base_early_logit__top2,hour,26.0,9.0,51.0,2000.0,,0.03,4.0,48.0
G_primary_paired_cost_contrasts,early_price/primary_paired_cost_contrasts.csv,DK2,,,,,,,,,,,,,,,,,,,,,,,,,,,,,,,,,,,,,,,,,,,,combined_early_logit__top2,base_early_logit__top2,hour,26.0,9.0,51.0,2000.0,,0.05,4.0,48.0
G_primary_paired_cost_contrasts,early_price/primary_paired_cost_contrasts.csv,DK2,,,,,,,,,,,,,,,,,,,,,,,,,,,,,,,,,,,,,,,,,,,,combined_early_logit__top2,base_early_logit__top2,hour,26.0,9.0,51.0,2000.0,,0.1,4.0,48.0
G_primary_paired_cost_contrasts,early_price/primary_paired_cost_contrasts.csv,DK2,,,,,,,,,,,,,,,,,,,,,,,,,,,,,,,,,,,,,,,,,,,,combined_early_logit__top2,base_early_logit__top2,hour,26.0,9.0,51.0,2000.0,,0.2,4.0,48.0
G_primary_paired_cost_contrasts,early_price/primary_paired_cost_contrasts.csv,DK2,,,,,,,,,,,,,,,,,,,,,,,,,,,,,,,,,,,,,,,,,,,,combined_early_logit__top2,base_early_logit__top2,hour,26.0,9.0,51.0,2000.0,,0.25,4.0,48.0
G_primary_paired_cost_contrasts,early_price/primary_paired_cost_contrasts.csv,DK2,,,,,,,,,,,,,,,,,,,,,,,,,,,,,,,,,,,,,,,,,,,,combined_early_logit__top2,base_early_logit__top2,hour,26.0,9.0,51.0,2000.0,,0.5,4.0,48.0
G_primary_paired_cost_contrasts,early_price/primary_paired_cost_contrasts.csv,DK2,,,,,,,,,,,,,,,,,,,,,,,,,,,,,,,,,,,,,,,,,,,,combined_early_logit__top2,base_early_logit__top2,hour,26.0,9.0,51.0,2000.0,,1.0,4.0,48.0
G_primary_paired_cost_contrasts,early_price/primary_paired_cost_contrasts.csv,DK2,,,,,,,,,,,,,,,,,,,,,,,,,,,,,,,,,,,,,,,,,,,,combined_hour_logit__top2,base_hour_logit__top2,process,7.0,2.0,13.0,2000.0,,0.0,1.0,13.0
G_primary_paired_cost_contrasts,early_price/primary_paired_cost_contrasts.csv,DK2,,,,,,,,,,,,,,,,,,,,,,,,,,,,,,,,,,,,,,,,,,,,combined_hour_logit__top2,base_hour_logit__top2,process,7.0,2.0,13.0,2000.0,,0.0005,1.0,13.0
G_primary_paired_cost_contrasts,early_price/primary_paired_cost_contrasts.csv,DK2,,,,,,,,,,,,,,,,,,,,,,,,,,,,,,,,,,,,,,,,,,,,combined_hour_logit__top2,base_hour_logit__top2,process,7.0,2.0,13.0,2000.0,,0.001,1.0,13.0
G_primary_paired_cost_contrasts,early_price/primary_paired_cost_contrasts.csv,DK2,,,,,,,,,,,,,,,,,,,,,,,,,,,,,,,,,,,,,,,,,,,,combined_hour_logit__top2,base_hour_logit__top2,process,7.0,2.0,13.0,2000.0,,0.0015,1.0,13.0
G_primary_paired_cost_contrasts,early_price/primary_paired_cost_contrasts.csv,DK2,,,,,,,,,,,,,,,,,,,,,,,,,,,,,,,,,,,,,,,,,,,,combined_hour_logit__top2,base_hour_logit__top2,process,7.0,2.0,13.0,2000.0,,0.002,1.0,13.0
G_primary_paired_cost_contrasts,early_price/primary_paired_cost_contrasts.csv,DK2,,,,,,,,,,,,,,,,,,,,,,,,,,,,,,,,,,,,,,,,,,,,combined_hour_logit__top2,base_hour_logit__top2,process,7.0,2.0,13.0,2000.0,,0.0025,1.0,13.0
G_primary_paired_cost_contrasts,early_price/primary_paired_cost_contrasts.csv,DK2,,,,,,,,,,,,,,,,,,,,,,,,,,,,,,,,,,,,,,,,,,,,combined_hour_logit__top2,base_hour_logit__top2,process,7.0,2.0,13.0,2000.0,,0.003,1.0,13.0
G_primary_paired_cost_contrasts,early_price/primary_paired_cost_contrasts.csv,DK2,,,,,,,,,,,,,,,,,,,,,,,,,,,,,,,,,,,,,,,,,,,,combined_hour_logit__top2,base_hour_logit__top2,process,7.0,2.0,13.0,2000.0,,0.0035,1.0,13.0
G_primary_paired_cost_contrasts,early_price/primary_paired_cost_contrasts.csv,DK2,,,,,,,,,,,,,,,,,,,,,,,,,,,,,,,,,,,,,,,,,,,,combined_hour_logit__top2,base_hour_logit__top2,process,7.0,2.0,13.0,2000.0,,0.004,1.0,13.0
G_primary_paired_cost_contrasts,early_price/primary_paired_cost_contrasts.csv,DK2,,,,,,,,,,,,,,,,,,,,,,,,,,,,,,,,,,,,,,,,,,,,combined_hour_logit__top2,base_hour_logit__top2,process,7.0,2.0,13.0,2000.0,,0.0045,1.0,13.0
G_primary_paired_cost_contrasts,early_price/primary_paired_cost_contrasts.csv,DK2,,,,,,,,,,,,,,,,,,,,,,,,,,,,,,,,,,,,,,,,,,,,combined_hour_logit__top2,base_hour_logit__top2,process,7.0,2.0,13.0,2000.0,,0.005,1.0,13.0
G_primary_paired_cost_contrasts,early_price/primary_paired_cost_contrasts.csv,DK2,,,,,,,,,,,,,,,,,,,,,,,,,,,,,,,,,,,,,,,,,,,,combined_hour_logit__top2,base_hour_logit__top2,process,7.0,2.0,13.0,2000.0,,0.0055,1.0,13.0
G_primary_paired_cost_contrasts,early_price/primary_paired_cost_contrasts.csv,DK2,,,,,,,,,,,,,,,,,,,,,,,,,,,,,,,,,,,,,,,,,,,,combined_hour_logit__top2,base_hour_logit__top2,process,7.0,2.0,13.0,2000.0,,0.006,1.0,13.0
G_primary_paired_cost_contrasts,early_price/primary_paired_cost_contrasts.csv,DK2,,,,,,,,,,,,,,,,,,,,,,,,,,,,,,,,,,,,,,,,,,,,combined_hour_logit__top2,base_hour_logit__top2,process,7.0,2.0,13.0,2000.0,,0.0065,1.0,13.0
G_primary_paired_cost_contrasts,early_price/primary_paired_cost_contrasts.csv,DK2,,,,,,,,,,,,,,,,,,,,,,,,,,,,,,,,,,,,,,,,,,,,combined_hour_logit__top2,base_hour_logit__top2,process,7.0,2.0,13.0,2000.0,,0.007,1.0,13.0
G_primary_paired_cost_contrasts,early_price/primary_paired_cost_contrasts.csv,DK2,,,,,,,,,,,,,,,,,,,,,,,,,,,,,,,,,,,,,,,,,,,,combined_hour_logit__top2,base_hour_logit__top2,process,7.0,2.0,13.0,2000.0,,0.0075,1.0,13.0
G_primary_paired_cost_contrasts,early_price/primary_paired_cost_contrasts.csv,DK2,,,,,,,,,,,,,,,,,,,,,,,,,,,,,,,,,,,,,,,,,,,,combined_hour_logit__top2,base_hour_logit__top2,process,7.0,2.0,13.0,2000.0,,0.008,1.0,13.0
G_primary_paired_cost_contrasts,early_price/primary_paired_cost_contrasts.csv,DK2,,,,,,,,,,,,,,,,,,,,,,,,,,,,,,,,,,,,,,,,,,,,combined_hour_logit__top2,base_hour_logit__top2,process,7.0,2.0,13.0,2000.0,,0.0085,1.0,13.0
G_primary_paired_cost_contrasts,early_price/primary_paired_cost_contrasts.csv,DK2,,,,,,,,,,,,,,,,,,,,,,,,,,,,,,,,,,,,,,,,,,,,combined_hour_logit__top2,base_hour_logit__top2,process,7.0,2.0,13.0,2000.0,,0.009,1.0,13.0
G_primary_paired_cost_contrasts,early_price/primary_paired_cost_contrasts.csv,DK2,,,,,,,,,,,,,,,,,,,,,,,,,,,,,,,,,,,,,,,,,,,,combined_hour_logit__top2,base_hour_logit__top2,process,7.0,2.0,13.0,2000.0,,0.0095,1.0,13.0
G_primary_paired_cost_contrasts,early_price/primary_paired_cost_contrasts.csv,DK2,,,,,,,,,,,,,,,,,,,,,,,,,,,,,,,,,,,,,,,,,,,,combined_hour_logit__top2,base_hour_logit__top2,process,7.0,2.0,13.0,2000.0,,0.01,1.0,13.0
G_primary_paired_cost_contrasts,early_price/primary_paired_cost_contrasts.csv,DK2,,,,,,,,,,,,,,,,,,,,,,,,,,,,,,,,,,,,,,,,,,,,combined_hour_logit__top2,base_hour_logit__top2,process,7.0,2.0,13.0,2000.0,,0.0105,1.0,13.0
G_primary_paired_cost_contrasts,early_price/primary_paired_cost_contrasts.csv,DK2,,,,,,,,,,,,,,,,,,,,,,,,,,,,,,,,,,,,,,,,,,,,combined_hour_logit__top2,base_hour_logit__top2,process,7.0,2.0,13.0,2000.0,,0.011,1.0,13.0
G_primary_paired_cost_contrasts,early_price/primary_paired_cost_contrasts.csv,DK2,,,,,,,,,,,,,,,,,,,,,,,,,,,,,,,,,,,,,,,,,,,,combined_hour_logit__top2,base_hour_logit__top2,process,7.0,2.0,13.0,2000.0,,0.0115,1.0,13.0
G_primary_paired_cost_contrasts,early_price/primary_paired_cost_contrasts.csv,DK2,,,,,,,,,,,,,,,,,,,,,,,,,,,,,,,,,,,,,,,,,,,,combined_hour_logit__top2,base_hour_logit__top2,process,7.0,2.0,13.0,2000.0,,0.012,1.0,13.0
G_primary_paired_cost_contrasts,early_price/primary_paired_cost_contrasts.csv,DK2,,,,,,,,,,,,,,,,,,,,,,,,,,,,,,,,,,,,,,,,,,,,combined_hour_logit__top2,base_hour_logit__top2,process,7.0,2.0,13.0,2000.0,,0.0125,1.0,13.0
G_primary_paired_cost_contrasts,early_price/primary_paired_cost_contrasts.csv,DK2,,,,,,,,,,,,,,,,,,,,,,,,,,,,,,,,,,,,,,,,,,,,combined_hour_logit__top2,base_hour_logit__top2,process,7.0,2.0,13.0,2000.0,,0.013,1.0,13.0
G_primary_paired_cost_contrasts,early_price/primary_paired_cost_contrasts.csv,DK2,,,,,,,,,,,,,,,,,,,,,,,,,,,,,,,,,,,,,,,,,,,,combined_hour_logit__top2,base_hour_logit__top2,process,7.0,2.0,13.0,2000.0,,0.0135,1.0,13.0
G_primary_paired_cost_contrasts,early_price/primary_paired_cost_contrasts.csv,DK2,,,,,,,,,,,,,,,,,,,,,,,,,,,,,,,,,,,,,,,,,,,,combined_hour_logit__top2,base_hour_logit__top2,process,7.0,2.0,13.0,2000.0,,0.014,1.0,13.0
G_primary_paired_cost_contrasts,early_price/primary_paired_cost_contrasts.csv,DK2,,,,,,,,,,,,,,,,,,,,,,,,,,,,,,,,,,,,,,,,,,,,combined_hour_logit__top2,base_hour_logit__top2,process,7.0,2.0,13.0,2000.0,,0.0145,1.0,13.0
G_primary_paired_cost_contrasts,early_price/primary_paired_cost_contrasts.csv,DK2,,,,,,,,,,,,,,,,,,,,,,,,,,,,,,,,,,,,,,,,,,,,combined_hour_logit__top2,base_hour_logit__top2,process,7.0,2.0,13.0,2000.0,,0.015,1.0,13.0
G_primary_paired_cost_contrasts,early_price/primary_paired_cost_contrasts.csv,DK2,,,,,,,,,,,,,,,,,,,,,,,,,,,,,,,,,,,,,,,,,,,,combined_hour_logit__top2,base_hour_logit__top2,process,7.0,2.0,13.0,2000.0,,0.02,1.0,13.0
G_primary_paired_cost_contrasts,early_price/primary_paired_cost_contrasts.csv,DK2,,,,,,,,,,,,,,,,,,,,,,,,,,,,,,,,,,,,,,,,,,,,combined_hour_logit__top2,base_hour_logit__top2,process,7.0,2.0,13.0,2000.0,,0.03,1.0,13.0
G_primary_paired_cost_contrasts,early_price/primary_paired_cost_contrasts.csv,DK2,,,,,,,,,,,,,,,,,,,,,,,,,,,,,,,,,,,,,,,,,,,,combined_hour_logit__top2,base_hour_logit__top2,process,7.0,2.0,13.0,2000.0,,0.05,1.0,13.0
G_primary_paired_cost_contrasts,early_price/primary_paired_cost_contrasts.csv,DK2,,,,,,,,,,,,,,,,,,,,,,,,,,,,,,,,,,,,,,,,,,,,combined_hour_logit__top2,base_hour_logit__top2,process,7.0,2.0,13.0,2000.0,,0.1,1.0,13.0
G_primary_paired_cost_contrasts,early_price/primary_paired_cost_contrasts.csv,DK2,,,,,,,,,,,,,,,,,,,,,,,,,,,,,,,,,,,,,,,,,,,,combined_hour_logit__top2,base_hour_logit__top2,process,7.0,2.0,13.0,2000.0,,0.2,1.0,13.0
G_primary_paired_cost_contrasts,early_price/primary_paired_cost_contrasts.csv,DK2,,,,,,,,,,,,,,,,,,,,,,,,,,,,,,,,,,,,,,,,,,,,combined_hour_logit__top2,base_hour_logit__top2,process,7.0,2.0,13.0,2000.0,,0.25,1.0,13.0
G_primary_paired_cost_contrasts,early_price/primary_paired_cost_contrasts.csv,DK2,,,,,,,,,,,,,,,,,,,,,,,,,,,,,,,,,,,,,,,,,,,,combined_hour_logit__top2,base_hour_logit__top2,process,7.0,2.0,13.0,2000.0,,0.5,1.0,13.0
G_primary_paired_cost_contrasts,early_price/primary_paired_cost_contrasts.csv,DK2,,,,,,,,,,,,,,,,,,,,,,,,,,,,,,,,,,,,,,,,,,,,combined_hour_logit__top2,base_hour_logit__top2,process,7.0,2.0,13.0,2000.0,,1.0,1.0,13.0
G_primary_paired_cost_contrasts,early_price/primary_paired_cost_contrasts.csv,DK2,,,,,,,,,,,,,,,,,,,,,,,,,,,,,,,,,,,,,,,,,,,,combined_hour_logit__top2,base_hour_logit__top2,hour,20.0,9.0,32.0,2000.0,,0.0,8.0,32.0
G_primary_paired_cost_contrasts,early_price/primary_paired_cost_contrasts.csv,DK2,,,,,,,,,,,,,,,,,,,,,,,,,,,,,,,,,,,,,,,,,,,,combined_hour_logit__top2,base_hour_logit__top2,hour,20.0,9.0,32.0,2000.0,,0.0005,8.0,32.0
G_primary_paired_cost_contrasts,early_price/primary_paired_cost_contrasts.csv,DK2,,,,,,,,,,,,,,,,,,,,,,,,,,,,,,,,,,,,,,,,,,,,combined_hour_logit__top2,base_hour_logit__top2,hour,20.0,9.0,32.0,2000.0,,0.001,8.0,32.0
G_primary_paired_cost_contrasts,early_price/primary_paired_cost_contrasts.csv,DK2,,,,,,,,,,,,,,,,,,,,,,,,,,,,,,,,,,,,,,,,,,,,combined_hour_logit__top2,base_hour_logit__top2,hour,20.0,9.0,32.0,2000.0,,0.0015,8.0,32.0
G_primary_paired_cost_contrasts,early_price/primary_paired_cost_contrasts.csv,DK2,,,,,,,,,,,,,,,,,,,,,,,,,,,,,,,,,,,,,,,,,,,,combined_hour_logit__top2,base_hour_logit__top2,hour,20.0,9.0,32.0,2000.0,,0.002,8.0,32.0
G_primary_paired_cost_contrasts,early_price/primary_paired_cost_contrasts.csv,DK2,,,,,,,,,,,,,,,,,,,,,,,,,,,,,,,,,,,,,,,,,,,,combined_hour_logit__top2,base_hour_logit__top2,hour,20.0,9.0,32.0,2000.0,,0.0025,8.0,32.0
G_primary_paired_cost_contrasts,early_price/primary_paired_cost_contrasts.csv,DK2,,,,,,,,,,,,,,,,,,,,,,,,,,,,,,,,,,,,,,,,,,,,combined_hour_logit__top2,base_hour_logit__top2,hour,20.0,9.0,32.0,2000.0,,0.003,8.0,32.0
G_primary_paired_cost_contrasts,early_price/primary_paired_cost_contrasts.csv,DK2,,,,,,,,,,,,,,,,,,,,,,,,,,,,,,,,,,,,,,,,,,,,combined_hour_logit__top2,base_hour_logit__top2,hour,20.0,9.0,32.0,2000.0,,0.0035,8.0,32.0
G_primary_paired_cost_contrasts,early_price/primary_paired_cost_contrasts.csv,DK2,,,,,,,,,,,,,,,,,,,,,,,,,,,,,,,,,,,,,,,,,,,,combined_hour_logit__top2,base_hour_logit__top2,hour,20.0,9.0,32.0,2000.0,,0.004,8.0,32.0
G_primary_paired_cost_contrasts,early_price/primary_paired_cost_contrasts.csv,DK2,,,,,,,,,,,,,,,,,,,,,,,,,,,,,,,,,,,,,,,,,,,,combined_hour_logit__top2,base_hour_logit__top2,hour,20.0,9.0,32.0,2000.0,,0.0045,8.0,32.0
G_primary_paired_cost_contrasts,early_price/primary_paired_cost_contrasts.csv,DK2,,,,,,,,,,,,,,,,,,,,,,,,,,,,,,,,,,,,,,,,,,,,combined_hour_logit__top2,base_hour_logit__top2,hour,20.0,9.0,32.0,2000.0,,0.005,8.0,32.0
G_primary_paired_cost_contrasts,early_price/primary_paired_cost_contrasts.csv,DK2,,,,,,,,,,,,,,,,,,,,,,,,,,,,,,,,,,,,,,,,,,,,combined_hour_logit__top2,base_hour_logit__top2,hour,20.0,9.0,32.0,2000.0,,0.0055,8.0,32.0
G_primary_paired_cost_contrasts,early_price/primary_paired_cost_contrasts.csv,DK2,,,,,,,,,,,,,,,,,,,,,,,,,,,,,,,,,,,,,,,,,,,,combined_hour_logit__top2,base_hour_logit__top2,hour,20.0,9.0,32.0,2000.0,,0.006,8.0,32.0
G_primary_paired_cost_contrasts,early_price/primary_paired_cost_contrasts.csv,DK2,,,,,,,,,,,,,,,,,,,,,,,,,,,,,,,,,,,,,,,,,,,,combined_hour_logit__top2,base_hour_logit__top2,hour,20.0,9.0,32.0,2000.0,,0.0065,8.0,32.0
G_primary_paired_cost_contrasts,early_price/primary_paired_cost_contrasts.csv,DK2,,,,,,,,,,,,,,,,,,,,,,,,,,,,,,,,,,,,,,,,,,,,combined_hour_logit__top2,base_hour_logit__top2,hour,20.0,9.0,32.0,2000.0,,0.007,8.0,32.0
G_primary_paired_cost_contrasts,early_price/primary_paired_cost_contrasts.csv,DK2,,,,,,,,,,,,,,,,,,,,,,,,,,,,,,,,,,,,,,,,,,,,combined_hour_logit__top2,base_hour_logit__top2,hour,20.0,9.0,32.0,2000.0,,0.0075,8.0,32.0
G_primary_paired_cost_contrasts,early_price/primary_paired_cost_contrasts.csv,DK2,,,,,,,,,,,,,,,,,,,,,,,,,,,,,,,,,,,,,,,,,,,,combined_hour_logit__top2,base_hour_logit__top2,hour,20.0,9.0,32.0,2000.0,,0.008,8.0,32.0
G_primary_paired_cost_contrasts,early_price/primary_paired_cost_contrasts.csv,DK2,,,,,,,,,,,,,,,,,,,,,,,,,,,,,,,,,,,,,,,,,,,,combined_hour_logit__top2,base_hour_logit__top2,hour,20.0,9.0,32.0,2000.0,,0.0085,8.0,32.0
G_primary_paired_cost_contrasts,early_price/primary_paired_cost_contrasts.csv,DK2,,,,,,,,,,,,,,,,,,,,,,,,,,,,,,,,,,,,,,,,,,,,combined_hour_logit__top2,base_hour_logit__top2,hour,20.0,9.0,32.0,2000.0,,0.009,8.0,32.0
G_primary_paired_cost_contrasts,early_price/primary_paired_cost_contrasts.csv,DK2,,,,,,,,,,,,,,,,,,,,,,,,,,,,,,,,,,,,,,,,,,,,combined_hour_logit__top2,base_hour_logit__top2,hour,20.0,9.0,32.0,2000.0,,0.0095,8.0,32.0
G_primary_paired_cost_contrasts,early_price/primary_paired_cost_contrasts.csv,DK2,,,,,,,,,,,,,,,,,,,,,,,,,,,,,,,,,,,,,,,,,,,,combined_hour_logit__top2,base_hour_logit__top2,hour,20.0,9.0,32.0,2000.0,,0.01,8.0,32.0
G_primary_paired_cost_contrasts,early_price/primary_paired_cost_contrasts.csv,DK2,,,,,,,,,,,,,,,,,,,,,,,,,,,,,,,,,,,,,,,,,,,,combined_hour_logit__top2,base_hour_logit__top2,hour,20.0,9.0,32.0,2000.0,,0.0105,8.0,32.0
G_primary_paired_cost_contrasts,early_price/primary_paired_cost_contrasts.csv,DK2,,,,,,,,,,,,,,,,,,,,,,,,,,,,,,,,,,,,,,,,,,,,combined_hour_logit__top2,base_hour_logit__top2,hour,20.0,9.0,32.0,2000.0,,0.011,8.0,32.0
G_primary_paired_cost_contrasts,early_price/primary_paired_cost_contrasts.csv,DK2,,,,,,,,,,,,,,,,,,,,,,,,,,,,,,,,,,,,,,,,,,,,combined_hour_logit__top2,base_hour_logit__top2,hour,20.0,9.0,32.0,2000.0,,0.0115,8.0,32.0
G_primary_paired_cost_contrasts,early_price/primary_paired_cost_contrasts.csv,DK2,,,,,,,,,,,,,,,,,,,,,,,,,,,,,,,,,,,,,,,,,,,,combined_hour_logit__top2,base_hour_logit__top2,hour,20.0,9.0,32.0,2000.0,,0.012,8.0,32.0
G_primary_paired_cost_contrasts,early_price/primary_paired_cost_contrasts.csv,DK2,,,,,,,,,,,,,,,,,,,,,,,,,,,,,,,,,,,,,,,,,,,,combined_hour_logit__top2,base_hour_logit__top2,hour,20.0,9.0,32.0,2000.0,,0.0125,8.0,32.0
G_primary_paired_cost_contrasts,early_price/primary_paired_cost_contrasts.csv,DK2,,,,,,,,,,,,,,,,,,,,,,,,,,,,,,,,,,,,,,,,,,,,combined_hour_logit__top2,base_hour_logit__top2,hour,20.0,9.0,32.0,2000.0,,0.013,8.0,32.0
G_primary_paired_cost_contrasts,early_price/primary_paired_cost_contrasts.csv,DK2,,,,,,,,,,,,,,,,,,,,,,,,,,,,,,,,,,,,,,,,,,,,combined_hour_logit__top2,base_hour_logit__top2,hour,20.0,9.0,32.0,2000.0,,0.0135,8.0,32.0
G_primary_paired_cost_contrasts,early_price/primary_paired_cost_contrasts.csv,DK2,,,,,,,,,,,,,,,,,,,,,,,,,,,,,,,,,,,,,,,,,,,,combined_hour_logit__top2,base_hour_logit__top2,hour,20.0,9.0,32.0,2000.0,,0.014,8.0,32.0
G_primary_paired_cost_contrasts,early_price/primary_paired_cost_contrasts.csv,DK2,,,,,,,,,,,,,,,,,,,,,,,,,,,,,,,,,,,,,,,,,,,,combined_hour_logit__top2,base_hour_logit__top2,hour,20.0,9.0,32.0,2000.0,,0.0145,8.0,32.0
G_primary_paired_cost_contrasts,early_price/primary_paired_cost_contrasts.csv,DK2,,,,,,,,,,,,,,,,,,,,,,,,,,,,,,,,,,,,,,,,,,,,combined_hour_logit__top2,base_hour_logit__top2,hour,20.0,9.0,32.0,2000.0,,0.015,8.0,32.0
G_primary_paired_cost_contrasts,early_price/primary_paired_cost_contrasts.csv,DK2,,,,,,,,,,,,,,,,,,,,,,,,,,,,,,,,,,,,,,,,,,,,combined_hour_logit__top2,base_hour_logit__top2,hour,20.0,9.0,32.0,2000.0,,0.02,8.0,32.0
G_primary_paired_cost_contrasts,early_price/primary_paired_cost_contrasts.csv,DK2,,,,,,,,,,,,,,,,,,,,,,,,,,,,,,,,,,,,,,,,,,,,combined_hour_logit__top2,base_hour_logit__top2,hour,20.0,9.0,32.0,2000.0,,0.03,8.0,32.0
G_primary_paired_cost_contrasts,early_price/primary_paired_cost_contrasts.csv,DK2,,,,,,,,,,,,,,,,,,,,,,,,,,,,,,,,,,,,,,,,,,,,combined_hour_logit__top2,base_hour_logit__top2,hour,20.0,9.0,32.0,2000.0,,0.05,8.0,32.0
G_primary_paired_cost_contrasts,early_price/primary_paired_cost_contrasts.csv,DK2,,,,,,,,,,,,,,,,,,,,,,,,,,,,,,,,,,,,,,,,,,,,combined_hour_logit__top2,base_hour_logit__top2,hour,20.0,9.0,32.0,2000.0,,0.1,8.0,32.0
G_primary_paired_cost_contrasts,early_price/primary_paired_cost_contrasts.csv,DK2,,,,,,,,,,,,,,,,,,,,,,,,,,,,,,,,,,,,,,,,,,,,combined_hour_logit__top2,base_hour_logit__top2,hour,20.0,9.0,32.0,2000.0,,0.2,8.0,32.0
G_primary_paired_cost_contrasts,early_price/primary_paired_cost_contrasts.csv,DK2,,,,,,,,,,,,,,,,,,,,,,,,,,,,,,,,,,,,,,,,,,,,combined_hour_logit__top2,base_hour_logit__top2,hour,20.0,9.0,32.0,2000.0,,0.25,8.0,32.0
G_primary_paired_cost_contrasts,early_price/primary_paired_cost_contrasts.csv,DK2,,,,,,,,,,,,,,,,,,,,,,,,,,,,,,,,,,,,,,,,,,,,combined_hour_logit__top2,base_hour_logit__top2,hour,20.0,9.0,32.0,2000.0,,0.5,8.0,32.0
G_primary_paired_cost_contrasts,early_price/primary_paired_cost_contrasts.csv,DK2,,,,,,,,,,,,,,,,,,,,,,,,,,,,,,,,,,,,,,,,,,,,combined_hour_logit__top2,base_hour_logit__top2,hour,20.0,9.0,32.0,2000.0,,1.0,8.0,32.0
G_primary_paired_cost_contrasts,early_price/primary_paired_cost_contrasts.csv,DK2,,,,,,,,,,,,,,,,,,,,,,,,,,,,,,,,,,,,,,,,,,,,combined_early_logit__count2022_target05,base_early_logit__count2022_target05,process,5.0,-1.0249999999999986,12.0,2000.0,,0.0,-17.0,27.0
G_primary_paired_cost_contrasts,early_price/primary_paired_cost_contrasts.csv,DK2,,,,,,,,,,,,,,,,,,,,,,,,,,,,,,,,,,,,,,,,,,,,combined_early_logit__count2022_target05,base_early_logit__count2022_target05,process,4.974,-1.0555624999999986,11.9835125,2000.0,,0.0005,-17.026,26.974
G_primary_paired_cost_contrasts,early_price/primary_paired_cost_contrasts.csv,DK2,,,,,,,,,,,,,,,,,,,,,,,,,,,,,,,,,,,,,,,,,,,,combined_early_logit__count2022_target05,base_early_logit__count2022_target05,process,4.948,-1.086124999999999,11.967025,2000.0,,0.001,-17.052,26.948
G_primary_paired_cost_contrasts,early_price/primary_paired_cost_contrasts.csv,DK2,,,,,,,,,,,,,,,,,,,,,,,,,,,,,,,,,,,,,,,,,,,,combined_early_logit__count2022_target05,base_early_logit__count2022_target05,process,4.922,-1.1166874999999987,11.9505375,2000.0,,0.0015,-17.078,26.922
G_primary_paired_cost_contrasts,early_price/primary_paired_cost_contrasts.csv,DK2,,,,,,,,,,,,,,,,,,,,,,,,,,,,,,,,,,,,,,,,,,,,combined_early_logit__count2022_target05,base_early_logit__count2022_target05,process,4.896,-1.1472499999999988,11.93405,2000.0,,0.002,-17.104,26.896
G_primary_paired_cost_contrasts,early_price/primary_paired_cost_contrasts.csv,DK2,,,,,,,,,,,,,,,,,,,,,,,,,,,,,,,,,,,,,,,,,,,,combined_early_logit__count2022_target05,base_early_logit__count2022_target05,process,4.87,-1.1778124999999988,11.9175625,2000.0,,0.0025,-17.13,26.87
G_primary_paired_cost_contrasts,early_price/primary_paired_cost_contrasts.csv,DK2,,,,,,,,,,,,,,,,,,,,,,,,,,,,,,,,,,,,,,,,,,,,combined_early_logit__count2022_target05,base_early_logit__count2022_target05,process,4.844,-1.2083749999999986,11.901075,2000.0,,0.003,-17.156,26.844
G_primary_paired_cost_contrasts,early_price/primary_paired_cost_contrasts.csv,DK2,,,,,,,,,,,,,,,,,,,,,,,,,,,,,,,,,,,,,,,,,,,,combined_early_logit__count2022_target05,base_early_logit__count2022_target05,process,4.818,-1.238937499999999,11.8845875,2000.0,,0.0035,-17.182000000000002,26.818
G_primary_paired_cost_contrasts,early_price/primary_paired_cost_contrasts.csv,DK2,,,,,,,,,,,,,,,,,,,,,,,,,,,,,,,,,,,,,,,,,,,,combined_early_logit__count2022_target05,base_early_logit__count2022_target05,process,4.792,-1.2694999999999987,11.8681,2000.0,,0.004,-17.208,26.792
G_primary_paired_cost_contrasts,early_price/primary_paired_cost_contrasts.csv,DK2,,,,,,,,,,,,,,,,,,,,,,,,,,,,,,,,,,,,,,,,,,,,combined_early_logit__count2022_target05,base_early_logit__count2022_target05,process,4.766,-1.3000624999999988,11.8516125,2000.0,,0.0045,-17.234,26.766
G_primary_paired_cost_contrasts,early_price/primary_paired_cost_contrasts.csv,DK2,,,,,,,,,,,,,,,,,,,,,,,,,,,,,,,,,,,,,,,,,,,,combined_early_logit__count2022_target05,base_early_logit__count2022_target05,process,4.74,-1.3306249999999988,11.835125,2000.0,,0.005,-17.259999999999998,26.74
G_primary_paired_cost_contrasts,early_price/primary_paired_cost_contrasts.csv,DK2,,,,,,,,,,,,,,,,,,,,,,,,,,,,,,,,,,,,,,,,,,,,combined_early_logit__count2022_target05,base_early_logit__count2022_target05,process,4.714,-1.3611874999999989,11.8186375,2000.0,,0.0055,-17.286,26.714
G_primary_paired_cost_contrasts,early_price/primary_paired_cost_contrasts.csv,DK2,,,,,,,,,,,,,,,,,,,,,,,,,,,,,,,,,,,,,,,,,,,,combined_early_logit__count2022_target05,base_early_logit__count2022_target05,process,4.688,-1.3917499999999987,11.80215,2000.0,,0.006,-17.312,26.688
G_primary_paired_cost_contrasts,early_price/primary_paired_cost_contrasts.csv,DK2,,,,,,,,,,,,,,,,,,,,,,,,,,,,,,,,,,,,,,,,,,,,combined_early_logit__count2022_target05,base_early_logit__count2022_target05,process,4.662,-1.422312499999999,11.7856625,2000.0,,0.0065,-17.338,26.662
G_primary_paired_cost_contrasts,early_price/primary_paired_cost_contrasts.csv,DK2,,,,,,,,,,,,,,,,,,,,,,,,,,,,,,,,,,,,,,,,,,,,combined_early_logit__count2022_target05,base_early_logit__count2022_target05,process,4.636,-1.452874999999999,11.769175,2000.0,,0.007,-17.364,26.636
G_primary_paired_cost_contrasts,early_price/primary_paired_cost_contrasts.csv,DK2,,,,,,,,,,,,,,,,,,,,,,,,,,,,,,,,,,,,,,,,,,,,combined_early_logit__count2022_target05,base_early_logit__count2022_target05,process,4.61,-1.4834374999999989,11.7526875,2000.0,,0.0075,-17.39,26.61
G_primary_paired_cost_contrasts,early_price/primary_paired_cost_contrasts.csv,DK2,,,,,,,,,,,,,,,,,,,,,,,,,,,,,,,,,,,,,,,,,,,,combined_early_logit__count2022_target05,base_early_logit__count2022_target05,process,4.584,-1.513999999999999,11.7362,2000.0,,0.008,-17.416,26.584
G_primary_paired_cost_contrasts,early_price/primary_paired_cost_contrasts.csv,DK2,,,,,,,,,,,,,,,,,,,,,,,,,,,,,,,,,,,,,,,,,,,,combined_early_logit__count2022_target05,base_early_logit__count2022_target05,process,4.558,-1.5445624999999992,11.719712499999998,2000.0,,0.0085,-17.442,26.558
G_primary_paired_cost_contrasts,early_price/primary_paired_cost_contrasts.csv,DK2,,,,,,,,,,,,,,,,,,,,,,,,,,,,,,,,,,,,,,,,,,,,combined_early_logit__count2022_target05,base_early_logit__count2022_target05,process,4.532,-1.575124999999999,11.703224999999998,2000.0,,0.009,-17.468,26.532
G_primary_paired_cost_contrasts,early_price/primary_paired_cost_contrasts.csv,DK2,,,,,,,,,,,,,,,,,,,,,,,,,,,,,,,,,,,,,,,,,,,,combined_early_logit__count2022_target05,base_early_logit__count2022_target05,process,4.506,-1.605687499999999,11.6867375,2000.0,,0.0095,-17.494,26.506
G_primary_paired_cost_contrasts,early_price/primary_paired_cost_contrasts.csv,DK2,,,,,,,,,,,,,,,,,,,,,,,,,,,,,,,,,,,,,,,,,,,,combined_early_logit__count2022_target05,base_early_logit__count2022_target05,process,4.48,-1.636249999999999,11.67025,2000.0,,0.01,-17.52,26.48
G_primary_paired_cost_contrasts,early_price/primary_paired_cost_contrasts.csv,DK2,,,,,,,,,,,,,,,,,,,,,,,,,,,,,,,,,,,,,,,,,,,,combined_early_logit__count2022_target05,base_early_logit__count2022_target05,process,4.454,-1.6668124999999991,11.653762499999996,2000.0,,0.0105,-17.546,26.454
G_primary_paired_cost_contrasts,early_price/primary_paired_cost_contrasts.csv,DK2,,,,,,,,,,,,,,,,,,,,,,,,,,,,,,,,,,,,,,,,,,,,combined_early_logit__count2022_target05,base_early_logit__count2022_target05,process,4.428,-1.697374999999999,11.637275,2000.0,,0.011,-17.572,26.428
G_primary_paired_cost_contrasts,early_price/primary_paired_cost_contrasts.csv,DK2,,,,,,,,,,,,,,,,,,,,,,,,,,,,,,,,,,,,,,,,,,,,combined_early_logit__count2022_target05,base_early_logit__count2022_target05,process,4.402,-1.7279374999999992,11.6207875,2000.0,,0.0115,-17.598,26.402
G_primary_paired_cost_contrasts,early_price/primary_paired_cost_contrasts.csv,DK2,,,,,,,,,,,,,,,,,,,,,,,,,,,,,,,,,,,,,,,,,,,,combined_early_logit__count2022_target05,base_early_logit__count2022_target05,process,4.376,-1.758499999999999,11.604299999999997,2000.0,,0.012,-17.624,26.376
G_primary_paired_cost_contrasts,early_price/primary_paired_cost_contrasts.csv,DK2,,,,,,,,,,,,,,,,,,,,,,,,,,,,,,,,,,,,,,,,,,,,combined_early_logit__count2022_target05,base_early_logit__count2022_target05,process,4.35,-1.7890624999999991,11.587812499999998,2000.0,,0.0125,-17.65,26.35
G_primary_paired_cost_contrasts,early_price/primary_paired_cost_contrasts.csv,DK2,,,,,,,,,,,,,,,,,,,,,,,,,,,,,,,,,,,,,,,,,,,,combined_early_logit__count2022_target05,base_early_logit__count2022_target05,process,4.324,-1.8196249999999996,11.571324999999998,2000.0,,0.013,-17.676000000000002,26.324
G_primary_paired_cost_contrasts,early_price/primary_paired_cost_contrasts.csv,DK2,,,,,,,,,,,,,,,,,,,,,,,,,,,,,,,,,,,,,,,,,,,,combined_early_logit__count2022_target05,base_early_logit__count2022_target05,process,4.298,-1.8501874999999997,11.554837499999998,2000.0,,0.0135,-17.701999999999998,26.298
G_primary_paired_cost_contrasts,early_price/primary_paired_cost_contrasts.csv,DK2,,,,,,,,,,,,,,,,,,,,,,,,,,,,,,,,,,,,,,,,,,,,combined_early_logit__count2022_target05,base_early_logit__count2022_target05,process,4.272,-1.8807499999999997,11.538349999999998,2000.0,,0.014,-17.728,26.272
G_primary_paired_cost_contrasts,early_price/primary_paired_cost_contrasts.csv,DK2,,,,,,,,,,,,,,,,,,,,,,,,,,,,,,,,,,,,,,,,,,,,combined_early_logit__count2022_target05,base_early_logit__count2022_target05,process,4.246,-1.9113124999999995,11.521862499999996,2000.0,,0.0145,-17.753999999999998,26.246
G_primary_paired_cost_contrasts,early_price/primary_paired_cost_contrasts.csv,DK2,,,,,,,,,,,,,,,,,,,,,,,,,,,,,,,,,,,,,,,,,,,,combined_early_logit__count2022_target05,base_early_logit__count2022_target05,process,4.22,-1.9418749999999996,11.505375,2000.0,,0.015,-17.78,26.22
G_primary_paired_cost_contrasts,early_price/primary_paired_cost_contrasts.csv,DK2,,,,,,,,,,,,,,,,,,,,,,,,,,,,,,,,,,,,,,,,,,,,combined_early_logit__count2022_target05,base_early_logit__count2022_target05,process,3.96,-2.2475,11.340499999999995,2000.0,,0.02,-18.04,25.96
G_primary_paired_cost_contrasts,early_price/primary_paired_cost_contrasts.csv,DK2,,,,,,,,,,,,,,,,,,,,,,,,,,,,,,,,,,,,,,,,,,,,combined_early_logit__count2022_target05,base_early_logit__count2022_target05,process,3.44,-2.8405,11.010749999999996,2000.0,,0.03,-18.56,25.44
G_primary_paired_cost_contrasts,early_price/primary_paired_cost_contrasts.csv,DK2,,,,,,,,,,,,,,,,,,,,,,,,,,,,,,,,,,,,,,,,,,,,combined_early_logit__count2022_target05,base_early_logit__count2022_target05,process,2.4,-3.85,10.301249999999994,2000.0,,0.05,-19.6,24.4
G_primary_paired_cost_contrasts,early_price/primary_paired_cost_contrasts.csv,DK2,,,,,,,,,,,,,,,,,,,,,,,,,,,,,,,,,,,,,,,,,,,,combined_early_logit__count2022_target05,base_early_logit__count2022_target05,process,-0.2000000000000001,-6.4025,8.0,2000.0,,0.1,-22.2,21.8
G_primary_paired_cost_contrasts,early_price/primary_paired_cost_contrasts.csv,DK2,,,,,,,,,,,,,,,,,,,,,,,,,,,,,,,,,,,,,,,,,,,,combined_early_logit__count2022_target05,base_early_logit__count2022_target05,process,-5.4,-11.6,3.604999999999973,2000.0,,0.2,-27.4,16.6
G_primary_paired_cost_contrasts,early_price/primary_paired_cost_contrasts.csv,DK2,,,,,,,,,,,,,,,,,,,,,,,,,,,,,,,,,,,,,,,,,,,,combined_early_logit__count2022_target05,base_early_logit__count2022_target05,process,-8.0,-14.25625,1.756249999999966,2000.0,,0.25,-30.0,14.0
G_primary_paired_cost_contrasts,early_price/primary_paired_cost_contrasts.csv,DK2,,,,,,,,,,,,,,,,,,,,,,,,,,,,,,,,,,,,,,,,,,,,combined_early_logit__count2022_target05,base_early_logit__count2022_target05,process,-21.0,-29.5,-7.0,2000.0,,0.5,-43.0,1.0
G_primary_paired_cost_contrasts,early_price/primary_paired_cost_contrasts.csv,DK2,,,,,,,,,,,,,,,,,,,,,,,,,,,,,,,,,,,,,,,,,,,,combined_early_logit__count2022_target05,base_early_logit__count2022_target05,process,-47.0,-61.0,-23.0,2000.0,,1.0,-69.0,-25.0
G_primary_paired_cost_contrasts,early_price/primary_paired_cost_contrasts.csv,DK2,,,,,,,,,,,,,,,,,,,,,,,,,,,,,,,,,,,,,,,,,,,,combined_early_logit__count2022_target05,base_early_logit__count2022_target05,hour,39.0,22.0,61.0,2000.0,,0.0,11.0,67.0
G_primary_paired_cost_contrasts,early_price/primary_paired_cost_contrasts.csv,DK2,,,,,,,,,,,,,,,,,,,,,,,,,,,,,,,,,,,,,,,,,,,,combined_early_logit__count2022_target05,base_early_logit__count2022_target05,hour,38.974,21.979,60.9775375,2000.0,,0.0005,10.973999999999997,66.97399999999999
G_primary_paired_cost_contrasts,early_price/primary_paired_cost_contrasts.csv,DK2,,,,,,,,,,,,,,,,,,,,,,,,,,,,,,,,,,,,,,,,,,,,combined_early_logit__count2022_target05,base_early_logit__count2022_target05,hour,38.948,21.958,60.955075,2000.0,,0.001,10.948,66.94800000000001
G_primary_paired_cost_contrasts,early_price/primary_paired_cost_contrasts.csv,DK2,,,,,,,,,,,,,,,,,,,,,,,,,,,,,,,,,,,,,,,,,,,,combined_early_logit__count2022_target05,base_early_logit__count2022_target05,hour,38.922,21.937,60.9326125,2000.0,,0.0015,10.921999999999995,66.922
G_primary_paired_cost_contrasts,early_price/primary_paired_cost_contrasts.csv,DK2,,,,,,,,,,,,,,,,,,,,,,,,,,,,,,,,,,,,,,,,,,,,combined_early_logit__count2022_target05,base_early_logit__count2022_target05,hour,38.896,21.916,60.91015,2000.0,,0.002,10.896,66.896
G_primary_paired_cost_contrasts,early_price/primary_paired_cost_contrasts.csv,DK2,,,,,,,,,,,,,,,,,,,,,,,,,,,,,,,,,,,,,,,,,,,,combined_early_logit__count2022_target05,base_early_logit__count2022_target05,hour,38.87,21.895,60.8876875,2000.0,,0.0025,10.869999999999996,66.87
G_primary_paired_cost_contrasts,early_price/primary_paired_cost_contrasts.csv,DK2,,,,,,,,,,,,,,,,,,,,,,,,,,,,,,,,,,,,,,,,,,,,combined_early_logit__count2022_target05,base_early_logit__count2022_target05,hour,38.844,21.874,60.865225,2000.0,,0.003,10.844,66.844
G_primary_paired_cost_contrasts,early_price/primary_paired_cost_contrasts.csv,DK2,,,,,,,,,,,,,,,,,,,,,,,,,,,,,,,,,,,,,,,,,,,,combined_early_logit__count2022_target05,base_early_logit__count2022_target05,hour,38.818,21.853,60.8427625,2000.0,,0.0035,10.817999999999998,66.818
G_primary_paired_cost_contrasts,early_price/primary_paired_cost_contrasts.csv,DK2,,,,,,,,,,,,,,,,,,,,,,,,,,,,,,,,,,,,,,,,,,,,combined_early_logit__count2022_target05,base_early_logit__count2022_target05,hour,38.792,21.832,60.8203,2000.0,,0.004,10.792000000000002,66.792
G_primary_paired_cost_contrasts,early_price/primary_paired_cost_contrasts.csv,DK2,,,,,,,,,,,,,,,,,,,,,,,,,,,,,,,,,,,,,,,,,,,,combined_early_logit__count2022_target05,base_early_logit__count2022_target05,hour,38.766,21.811,60.7978375,2000.0,,0.0045,10.765999999999998,66.76599999999999
G_primary_paired_cost_contrasts,early_price/primary_paired_cost_contrasts.csv,DK2,,,,,,,,,,,,,,,,,,,,,,,,,,,,,,,,,,,,,,,,,,,,combined_early_logit__count2022_target05,base_early_logit__count2022_target05,hour,38.74,21.79,60.775375,2000.0,,0.005,10.740000000000002,66.74000000000001
G_primary_paired_cost_contrasts,early_price/primary_paired_cost_contrasts.csv,DK2,,,,,,,,,,,,,,,,,,,,,,,,,,,,,,,,,,,,,,,,,,,,combined_early_logit__count2022_target05,base_early_logit__count2022_target05,hour,38.714,21.769,60.7529125,2000.0,,0.0055,10.714,66.714
G_primary_paired_cost_contrasts,early_price/primary_paired_cost_contrasts.csv,DK2,,,,,,,,,,,,,,,,,,,,,,,,,,,,,,,,,,,,,,,,,,,,combined_early_logit__count2022_target05,base_early_logit__count2022_target05,hour,38.688,21.748,60.73045,2000.0,,0.006,10.688000000000002,66.688
G_primary_paired_cost_contrasts,early_price/primary_paired_cost_contrasts.csv,DK2,,,,,,,,,,,,,,,,,,,,,,,,,,,,,,,,,,,,,,,,,,,,combined_early_logit__count2022_target05,base_early_logit__count2022_target05,hour,38.662,21.727,60.7079875,2000.0,,0.0065,10.662,66.662
G_primary_paired_cost_contrasts,early_price/primary_paired_cost_contrasts.csv,DK2,,,,,,,,,,,,,,,,,,,,,,,,,,,,,,,,,,,,,,,,,,,,combined_early_logit__count2022_target05,base_early_logit__count2022_target05,hour,38.636,21.706,60.685525,2000.0,,0.007,10.636000000000005,66.636
G_primary_paired_cost_contrasts,early_price/primary_paired_cost_contrasts.csv,DK2,,,,,,,,,,,,,,,,,,,,,,,,,,,,,,,,,,,,,,,,,,,,combined_early_logit__count2022_target05,base_early_logit__count2022_target05,hour,38.61,21.685,60.6630625,2000.0,,0.0075,10.61,66.61
G_primary_paired_cost_contrasts,early_price/primary_paired_cost_contrasts.csv,DK2,,,,,,,,,,,,,,,,,,,,,,,,,,,,,,,,,,,,,,,,,,,,combined_early_logit__count2022_target05,base_early_logit__count2022_target05,hour,38.584,21.664,60.6406,2000.0,,0.008,10.584000000000003,66.584
G_primary_paired_cost_contrasts,early_price/primary_paired_cost_contrasts.csv,DK2,,,,,,,,,,,,,,,,,,,,,,,,,,,,,,,,,,,,,,,,,,,,combined_early_logit__count2022_target05,base_early_logit__count2022_target05,hour,38.558,21.643,60.6181375,2000.0,,0.0085,10.558,66.55799999999999
G_primary_paired_cost_contrasts,early_price/primary_paired_cost_contrasts.csv,DK2,,,,,,,,,,,,,,,,,,,,,,,,,,,,,,,,,,,,,,,,,,,,combined_early_logit__count2022_target05,base_early_logit__count2022_target05,hour,38.532,21.622,60.59567499999999,2000.0,,0.009,10.531999999999996,66.532
G_primary_paired_cost_contrasts,early_price/primary_paired_cost_contrasts.csv,DK2,,,,,,,,,,,,,,,,,,,,,,,,,,,,,,,,,,,,,,,,,,,,combined_early_logit__count2022_target05,base_early_logit__count2022_target05,hour,38.506,21.601,60.5732125,2000.0,,0.0095,10.506,66.506
G_primary_paired_cost_contrasts,early_price/primary_paired_cost_contrasts.csv,DK2,,,,,,,,,,,,,,,,,,,,,,,,,,,,,,,,,,,,,,,,,,,,combined_early_logit__count2022_target05,base_early_logit__count2022_target05,hour,38.48,21.58,60.55075,2000.0,,0.01,10.479999999999997,66.47999999999999
G_primary_paired_cost_contrasts,early_price/primary_paired_cost_contrasts.csv,DK2,,,,,,,,,,,,,,,,,,,,,,,,,,,,,,,,,,,,,,,,,,,,combined_early_logit__count2022_target05,base_early_logit__count2022_target05,hour,38.454,21.559,60.5282875,2000.0,,0.0105,10.454,66.45400000000001
G_primary_paired_cost_contrasts,early_price/primary_paired_cost_contrasts.csv,DK2,,,,,,,,,,,,,,,,,,,,,,,,,,,,,,,,,,,,,,,,,,,,combined_early_logit__count2022_target05,base_early_logit__count2022_target05,hour,38.428,21.538,60.505825,2000.0,,0.011,10.427999999999995,66.428
G_primary_paired_cost_contrasts,early_price/primary_paired_cost_contrasts.csv,DK2,,,,,,,,,,,,,,,,,,,,,,,,,,,,,,,,,,,,,,,,,,,,combined_early_logit__count2022_target05,base_early_logit__count2022_target05,hour,38.402,21.517,60.4833625,2000.0,,0.0115,10.402,66.402
G_primary_paired_cost_contrasts,early_price/primary_paired_cost_contrasts.csv,DK2,,,,,,,,,,,,,,,,,,,,,,,,,,,,,,,,,,,,,,,,,,,,combined_early_logit__count2022_target05,base_early_logit__count2022_target05,hour,38.376,21.496,60.4609,2000.0,,0.012,10.375999999999998,66.376
G_primary_paired_cost_contrasts,early_price/primary_paired_cost_contrasts.csv,DK2,,,,,,,,,,,,,,,,,,,,,,,,,,,,,,,,,,,,,,,,,,,,combined_early_logit__count2022_target05,base_early_logit__count2022_target05,hour,38.35,21.475,60.43843749999999,2000.0,,0.0125,10.35,66.35
G_primary_paired_cost_contrasts,early_price/primary_paired_cost_contrasts.csv,DK2,,,,,,,,,,,,,,,,,,,,,,,,,,,,,,,,,,,,,,,,,,,,combined_early_logit__count2022_target05,base_early_logit__count2022_target05,hour,38.324,21.454,60.415975,2000.0,,0.013,10.323999999999998,66.324
G_primary_paired_cost_contrasts,early_price/primary_paired_cost_contrasts.csv,DK2,,,,,,,,,,,,,,,,,,,,,,,,,,,,,,,,,,,,,,,,,,,,combined_early_logit__count2022_target05,base_early_logit__count2022_target05,hour,38.298,21.433,60.39351249999999,2000.0,,0.0135,10.298000000000002,66.298
G_primary_paired_cost_contrasts,early_price/primary_paired_cost_contrasts.csv,DK2,,,,,,,,,,,,,,,,,,,,,,,,,,,,,,,,,,,,,,,,,,,,combined_early_logit__count2022_target05,base_early_logit__count2022_target05,hour,38.272,21.412,60.37104999999999,2000.0,,0.014,10.271999999999998,66.27199999999999
G_primary_paired_cost_contrasts,early_price/primary_paired_cost_contrasts.csv,DK2,,,,,,,,,,,,,,,,,,,,,,,,,,,,,,,,,,,,,,,,,,,,combined_early_logit__count2022_target05,base_early_logit__count2022_target05,hour,38.246,21.391,60.3485875,2000.0,,0.0145,10.246000000000002,66.24600000000001
G_primary_paired_cost_contrasts,early_price/primary_paired_cost_contrasts.csv,DK2,,,,,,,,,,,,,,,,,,,,,,,,,,,,,,,,,,,,,,,,,,,,combined_early_logit__count2022_target05,base_early_logit__count2022_target05,hour,38.22,21.37,60.326125,2000.0,,0.015,10.22,66.22
G_primary_paired_cost_contrasts,early_price/primary_paired_cost_contrasts.csv,DK2,,,,,,,,,,,,,,,,,,,,,,,,,,,,,,,,,,,,,,,,,,,,combined_early_logit__count2022_target05,base_early_logit__count2022_target05,hour,37.96,21.16,60.1015,2000.0,,0.02,9.96,65.96000000000001
G_primary_paired_cost_contrasts,early_price/primary_paired_cost_contrasts.csv,DK2,,,,,,,,,,,,,,,,,,,,,,,,,,,,,,,,,,,,,,,,,,,,combined_early_logit__count2022_target05,base_early_logit__count2022_target05,hour,37.44,20.74,59.65224999999999,2000.0,,0.03,9.439999999999998,65.44
G_primary_paired_cost_contrasts,early_price/primary_paired_cost_contrasts.csv,DK2,,,,,,,,,,,,,,,,,,,,,,,,,,,,,,,,,,,,,,,,,,,,combined_early_logit__count2022_target05,base_early_logit__count2022_target05,hour,36.4,19.9,58.75,2000.0,,0.05,8.399999999999999,64.4
G_primary_paired_cost_contrasts,early_price/primary_paired_cost_contrasts.csv,DK2,,,,,,,,,,,,,,,,,,,,,,,,,,,,,,,,,,,,,,,,,,,,combined_early_logit__count2022_target05,base_early_logit__count2022_target05,hour,33.8,17.4975,56.604999999999976,2000.0,,0.1,5.799999999999997,61.8
G_primary_paired_cost_contrasts,early_price/primary_paired_cost_contrasts.csv,DK2,,,,,,,,,,,,,,,,,,,,,,,,,,,,,,,,,,,,,,,,,,,,combined_early_logit__count2022_target05,base_early_logit__count2022_target05,hour,28.6,12.8,52.0,2000.0,,0.2,0.6000000000000014,56.6
G_primary_paired_cost_contrasts,early_price/primary_paired_cost_contrasts.csv,DK2,,,,,,,,,,,,,,,,,,,,,,,,,,,,,,,,,,,,,,,,,,,,combined_early_logit__count2022_target05,base_early_logit__count2022_target05,hour,26.0,10.25,49.5,2000.0,,0.25,-2.0,54.0
G_primary_paired_cost_contrasts,early_price/primary_paired_cost_contrasts.csv,DK2,,,,,,,,,,,,,,,,,,,,,,,,,,,,,,,,,,,,,,,,,,,,combined_early_logit__count2022_target05,base_early_logit__count2022_target05,hour,13.0,-2.5,39.0,2000.0,,0.5,-15.0,41.0
G_primary_paired_cost_contrasts,early_price/primary_paired_cost_contrasts.csv,DK2,,,,,,,,,,,,,,,,,,,,,,,,,,,,,,,,,,,,,,,,,,,,combined_early_logit__count2022_target05,base_early_logit__count2022_target05,hour,-13.0,-31.0,20.0,2000.0,,1.0,-41.0,15.0
G_primary_paired_cost_contrasts,early_price/primary_paired_cost_contrasts.csv,DK2,,,,,,,,,,,,,,,,,,,,,,,,,,,,,,,,,,,,,,,,,,,,combined_hour_logit__count2022_target05,base_hour_logit__count2022_target05,process,6.0,1.0,11.0,2000.0,,0.0,-13.0,25.0
G_primary_paired_cost_contrasts,early_price/primary_paired_cost_contrasts.csv,DK2,,,,,,,,,,,,,,,,,,,,,,,,,,,,,,,,,,,,,,,,,,,,combined_hour_logit__count2022_target05,base_hour_logit__count2022_target05,process,5.982,0.9849875,10.989,2000.0,,0.0005,-13.018,24.982
G_primary_paired_cost_contrasts,early_price/primary_paired_cost_contrasts.csv,DK2,,,,,,,,,,,,,,,,,,,,,,,,,,,,,,,,,,,,,,,,,,,,combined_hour_logit__count2022_target05,base_hour_logit__count2022_target05,process,5.964,0.969975,10.978,2000.0,,0.001,-13.036,24.964
G_primary_paired_cost_contrasts,early_price/primary_paired_cost_contrasts.csv,DK2,,,,,,,,,,,,,,,,,,,,,,,,,,,,,,,,,,,,,,,,,,,,combined_hour_logit__count2022_target05,base_hour_logit__count2022_target05,process,5.946,0.9549625,10.967,2000.0,,0.0015,-13.054,24.946
G_primary_paired_cost_contrasts,early_price/primary_paired_cost_contrasts.csv,DK2,,,,,,,,,,,,,,,,,,,,,,,,,,,,,,,,,,,,,,,,,,,,combined_hour_logit__count2022_target05,base_hour_logit__count2022_target05,process,5.928,0.93995,10.956,2000.0,,0.002,-13.072,24.928
G_primary_paired_cost_contrasts,early_price/primary_paired_cost_contrasts.csv,DK2,,,,,,,,,,,,,,,,,,,,,,,,,,,,,,,,,,,,,,,,,,,,combined_hour_logit__count2022_target05,base_hour_logit__count2022_target05,process,5.91,0.9249375,10.945,2000.0,,0.0025,-13.09,24.91
G_primary_paired_cost_contrasts,early_price/primary_paired_cost_contrasts.csv,DK2,,,,,,,,,,,,,,,,,,,,,,,,,,,,,,,,,,,,,,,,,,,,combined_hour_logit__count2022_target05,base_hour_logit__count2022_target05,process,5.892,0.909925,10.934,2000.0,,0.003,-13.108,24.892
G_primary_paired_cost_contrasts,early_price/primary_paired_cost_contrasts.csv,DK2,,,,,,,,,,,,,,,,,,,,,,,,,,,,,,,,,,,,,,,,,,,,combined_hour_logit__count2022_target05,base_hour_logit__count2022_target05,process,5.874,0.8949125,10.923,2000.0,,0.0035,-13.126,24.874
G_primary_paired_cost_contrasts,early_price/primary_paired_cost_contrasts.csv,DK2,,,,,,,,,,,,,,,,,,,,,,,,,,,,,,,,,,,,,,,,,,,,combined_hour_logit__count2022_target05,base_hour_logit__count2022_target05,process,5.856,0.8799,10.912,2000.0,,0.004,-13.144,24.856
G_primary_paired_cost_contrasts,early_price/primary_paired_cost_contrasts.csv,DK2,,,,,,,,,,,,,,,,,,,,,,,,,,,,,,,,,,,,,,,,,,,,combined_hour_logit__count2022_target05,base_hour_logit__count2022_target05,process,5.838,0.8648875,10.901,2000.0,,0.0045,-13.162,24.838
G_primary_paired_cost_contrasts,early_price/primary_paired_cost_contrasts.csv,DK2,,,,,,,,,,,,,,,,,,,,,,,,,,,,,,,,,,,,,,,,,,,,combined_hour_logit__count2022_target05,base_hour_logit__count2022_target05,process,5.82,0.8498749999999999,10.89,2000.0,,0.005,-13.18,24.82
G_primary_paired_cost_contrasts,early_price/primary_paired_cost_contrasts.csv,DK2,,,,,,,,,,,,,,,,,,,,,,,,,,,,,,,,,,,,,,,,,,,,combined_hour_logit__count2022_target05,base_hour_logit__count2022_target05,process,5.802,0.8348625,10.879,2000.0,,0.0055,-13.198,24.802
G_primary_paired_cost_contrasts,early_price/primary_paired_cost_contrasts.csv,DK2,,,,,,,,,,,,,,,,,,,,,,,,,,,,,,,,,,,,,,,,,,,,combined_hour_logit__count2022_target05,base_hour_logit__count2022_target05,process,5.784,0.8198500000000001,10.868,2000.0,,0.006,-13.216,24.784
G_primary_paired_cost_contrasts,early_price/primary_paired_cost_contrasts.csv,DK2,,,,,,,,,,,,,,,,,,,,,,,,,,,,,,,,,,,,,,,,,,,,combined_hour_logit__count2022_target05,base_hour_logit__count2022_target05,process,5.766,0.8048375,10.857,2000.0,,0.0065,-13.234,24.766
G_primary_paired_cost_contrasts,early_price/primary_paired_cost_contrasts.csv,DK2,,,,,,,,,,,,,,,,,,,,,,,,,,,,,,,,,,,,,,,,,,,,combined_hour_logit__count2022_target05,base_hour_logit__count2022_target05,process,5.748,0.789825,10.846,2000.0,,0.007,-13.252,24.748
G_primary_paired_cost_contrasts,early_price/primary_paired_cost_contrasts.csv,DK2,,,,,,,,,,,,,,,,,,,,,,,,,,,,,,,,,,,,,,,,,,,,combined_hour_logit__count2022_target05,base_hour_logit__count2022_target05,process,5.73,0.7748125,10.835,2000.0,,0.0075,-13.27,24.73
G_primary_paired_cost_contrasts,early_price/primary_paired_cost_contrasts.csv,DK2,,,,,,,,,,,,,,,,,,,,,,,,,,,,,,,,,,,,,,,,,,,,combined_hour_logit__count2022_target05,base_hour_logit__count2022_target05,process,5.712,0.7598,10.824,2000.0,,0.008,-13.288,24.712
G_primary_paired_cost_contrasts,early_price/primary_paired_cost_contrasts.csv,DK2,,,,,,,,,,,,,,,,,,,,,,,,,,,,,,,,,,,,,,,,,,,,combined_hour_logit__count2022_target05,base_hour_logit__count2022_target05,process,5.694,0.7447875,10.813,2000.0,,0.0085,-13.306,24.694
G_primary_paired_cost_contrasts,early_price/primary_paired_cost_contrasts.csv,DK2,,,,,,,,,,,,,,,,,,,,,,,,,,,,,,,,,,,,,,,,,,,,combined_hour_logit__count2022_target05,base_hour_logit__count2022_target05,process,5.676,0.729775,10.802,2000.0,,0.009,-13.324,24.676
G_primary_paired_cost_contrasts,early_price/primary_paired_cost_contrasts.csv,DK2,,,,,,,,,,,,,,,,,,,,,,,,,,,,,,,,,,,,,,,,,,,,combined_hour_logit__count2022_target05,base_hour_logit__count2022_target05,process,5.658,0.7147625,10.791,2000.0,,0.0095,-13.342,24.658
G_primary_paired_cost_contrasts,early_price/primary_paired_cost_contrasts.csv,DK2,,,,,,,,,,,,,,,,,,,,,,,,,,,,,,,,,,,,,,,,,,,,combined_hour_logit__count2022_target05,base_hour_logit__count2022_target05,process,5.64,0.69975,10.78,2000.0,,0.01,-13.36,24.64
G_primary_paired_cost_contrasts,early_price/primary_paired_cost_contrasts.csv,DK2,,,,,,,,,,,,,,,,,,,,,,,,,,,,,,,,,,,,,,,,,,,,combined_hour_logit__count2022_target05,base_hour_logit__count2022_target05,process,5.622,0.6847375000000001,10.769,2000.0,,0.0105,-13.378,24.622
G_primary_paired_cost_contrasts,early_price/primary_paired_cost_contrasts.csv,DK2,,,,,,,,,,,,,,,,,,,,,,,,,,,,,,,,,,,,,,,,,,,,combined_hour_logit__count2022_target05,base_hour_logit__count2022_target05,process,5.604,0.6697249999999999,10.758,2000.0,,0.011,-13.396,24.604
G_primary_paired_cost_contrasts,early_price/primary_paired_cost_contrasts.csv,DK2,,,,,,,,,,,,,,,,,,,,,,,,,,,,,,,,,,,,,,,,,,,,combined_hour_logit__count2022_target05,base_hour_logit__count2022_target05,process,5.586,0.6547125,10.747,2000.0,,0.0115,-13.414,24.586
G_primary_paired_cost_contrasts,early_price/primary_paired_cost_contrasts.csv,DK2,,,,,,,,,,,,,,,,,,,,,,,,,,,,,,,,,,,,,,,,,,,,combined_hour_logit__count2022_target05,base_hour_logit__count2022_target05,process,5.568,0.6397,10.736,2000.0,,0.012,-13.432,24.568
G_primary_paired_cost_contrasts,early_price/primary_paired_cost_contrasts.csv,DK2,,,,,,,,,,,,,,,,,,,,,,,,,,,,,,,,,,,,,,,,,,,,combined_hour_logit__count2022_target05,base_hour_logit__count2022_target05,process,5.55,0.6246875000000001,10.725,2000.0,,0.0125,-13.45,24.55
G_primary_paired_cost_contrasts,early_price/primary_paired_cost_contrasts.csv,DK2,,,,,,,,,,,,,,,,,,,,,,,,,,,,,,,,,,,,,,,,,,,,combined_hour_logit__count2022_target05,base_hour_logit__count2022_target05,process,5.532,0.609675,10.714,2000.0,,0.013,-13.468,24.532
G_primary_paired_cost_contrasts,early_price/primary_paired_cost_contrasts.csv,DK2,,,,,,,,,,,,,,,,,,,,,,,,,,,,,,,,,,,,,,,,,,,,combined_hour_logit__count2022_target05,base_hour_logit__count2022_target05,process,5.514,0.5946625,10.703,2000.0,,0.0135,-13.486,24.514
G_primary_paired_cost_contrasts,early_price/primary_paired_cost_contrasts.csv,DK2,,,,,,,,,,,,,,,,,,,,,,,,,,,,,,,,,,,,,,,,,,,,combined_hour_logit__count2022_target05,base_hour_logit__count2022_target05,process,5.496,0.5796500000000001,10.692,2000.0,,0.014,-13.504,24.496
G_primary_paired_cost_contrasts,early_price/primary_paired_cost_contrasts.csv,DK2,,,,,,,,,,,,,,,,,,,,,,,,,,,,,,,,,,,,,,,,,,,,combined_hour_logit__count2022_target05,base_hour_logit__count2022_target05,process,5.478,0.5646375,10.681,2000.0,,0.0145,-13.522,24.478
G_primary_paired_cost_contrasts,early_price/primary_paired_cost_contrasts.csv,DK2,,,,,,,,,,,,,,,,,,,,,,,,,,,,,,,,,,,,,,,,,,,,combined_hour_logit__count2022_target05,base_hour_logit__count2022_target05,process,5.46,0.549625,10.67,2000.0,,0.015,-13.54,24.46
G_primary_paired_cost_contrasts,early_price/primary_paired_cost_contrasts.csv,DK2,,,,,,,,,,,,,,,,,,,,,,,,,,,,,,,,,,,,,,,,,,,,combined_hour_logit__count2022_target05,base_hour_logit__count2022_target05,process,5.28,0.3995000000000001,10.56,2000.0,,0.02,-13.72,24.28
G_primary_paired_cost_contrasts,early_price/primary_paired_cost_contrasts.csv,DK2,,,,,,,,,,,,,,,,,,,,,,,,,,,,,,,,,,,,,,,,,,,,combined_hour_logit__count2022_target05,base_hour_logit__count2022_target05,process,4.92,0.0992500000000001,10.34,2000.0,,0.03,-14.08,23.92
G_primary_paired_cost_contrasts,early_price/primary_paired_cost_contrasts.csv,DK2,,,,,,,,,,,,,,,,,,,,,,,,,,,,,,,,,,,,,,,,,,,,combined_hour_logit__count2022_target05,base_hour_logit__count2022_target05,process,4.2,-0.50125,9.85,2000.0,,0.05,-14.8,23.2
G_primary_paired_cost_contrasts,early_price/primary_paired_cost_contrasts.csv,DK2,,,,,,,,,,,,,,,,,,,,,,,,,,,,,,,,,,,,,,,,,,,,combined_hour_logit__count2022_target05,base_hour_logit__count2022_target05,process,2.4,-2.2,8.4,2000.0,,0.1,-16.6,21.4
G_primary_paired_cost_contrasts,early_price/primary_paired_cost_contrasts.csv,DK2,,,,,,,,,,,,,,,,,,,,,,,,,,,,,,,,,,,,,,,,,,,,combined_hour_logit__count2022_target05,base_hour_logit__count2022_target05,process,-1.2000000000000002,-5.6000000000000005,6.0,2000.0,,0.2,-20.2,17.8
G_primary_paired_cost_contrasts,early_price/primary_paired_cost_contrasts.csv,DK2,,,,,,,,,,,,,,,,,,,,,,,,,,,,,,,,,,,,,,,,,,,,combined_hour_logit__count2022_target05,base_hour_logit__count2022_target05,process,-3.0,-7.75,4.75,2000.0,,0.25,-22.0,16.0
G_primary_paired_cost_contrasts,early_price/primary_paired_cost_contrasts.csv,DK2,,,,,,,,,,,,,,,,,,,,,,,,,,,,,,,,,,,,,,,,,,,,combined_hour_logit__count2022_target05,base_hour_logit__count2022_target05,process,-12.0,-18.0,0.0,2000.0,,0.5,-31.0,7.0
G_primary_paired_cost_contrasts,early_price/primary_paired_cost_contrasts.csv,DK2,,,,,,,,,,,,,,,,,,,,,,,,,,,,,,,,,,,,,,,,,,,,combined_hour_logit__count2022_target05,base_hour_logit__count2022_target05,process,-30.0,-40.0,-9.0,2000.0,,1.0,-49.0,-11.0
G_primary_paired_cost_contrasts,early_price/primary_paired_cost_contrasts.csv,DK2,,,,,,,,,,,,,,,,,,,,,,,,,,,,,,,,,,,,,,,,,,,,combined_hour_logit__count2022_target05,base_hour_logit__count2022_target05,hour,21.0,9.0,32.0,2000.0,,0.0,3.0,39.0
G_primary_paired_cost_contrasts,early_price/primary_paired_cost_contrasts.csv,DK2,,,,,,,,,,,,,,,,,,,,,,,,,,,,,,,,,,,,,,,,,,,,combined_hour_logit__count2022_target05,base_hour_logit__count2022_target05,hour,20.982,8.9845,31.9810125,2000.0,,0.0005,2.9819999999999998,38.982
G_primary_paired_cost_contrasts,early_price/primary_paired_cost_contrasts.csv,DK2,,,,,,,,,,,,,,,,,,,,,,,,,,,,,,,,,,,,,,,,,,,,combined_hour_logit__count2022_target05,base_hour_logit__count2022_target05,hour,20.964,8.969,31.962025,2000.0,,0.001,2.963999999999998,38.964
G_primary_paired_cost_contrasts,early_price/primary_paired_cost_contrasts.csv,DK2,,,,,,,,,,,,,,,,,,,,,,,,,,,,,,,,,,,,,,,,,,,,combined_hour_logit__count2022_target05,base_hour_logit__count2022_target05,hour,20.946,8.9535,31.943037500000003,2000.0,,0.0015,2.946000000000001,38.946
G_primary_paired_cost_contrasts,early_price/primary_paired_cost_contrasts.csv,DK2,,,,,,,,,,,,,,,,,,,,,,,,,,,,,,,,,,,,,,,,,,,,combined_hour_logit__count2022_target05,base_hour_logit__count2022_target05,hour,20.928,8.938,31.92405,2000.0,,0.002,2.928000000000001,38.928
G_primary_paired_cost_contrasts,early_price/primary_paired_cost_contrasts.csv,DK2,,,,,,,,,,,,,,,,,,,,,,,,,,,,,,,,,,,,,,,,,,,,combined_hour_logit__count2022_target05,base_hour_logit__count2022_target05,hour,20.91,8.9225,31.9050625,2000.0,,0.0025,2.91,38.91
G_primary_paired_cost_contrasts,early_price/primary_paired_cost_contrasts.csv,DK2,,,,,,,,,,,,,,,,,,,,,,,,,,,,,,,,,,,,,,,,,,,,combined_hour_logit__count2022_target05,base_hour_logit__count2022_target05,hour,20.892,8.907,31.886075,2000.0,,0.003,2.8919999999999995,38.892
G_primary_paired_cost_contrasts,early_price/primary_paired_cost_contrasts.csv,DK2,,,,,,,,,,,,,,,,,,,,,,,,,,,,,,,,,,,,,,,,,,,,combined_hour_logit__count2022_target05,base_hour_logit__count2022_target05,hour,20.874,8.8915,31.8670875,2000.0,,0.0035,2.8739999999999988,38.874
G_primary_paired_cost_contrasts,early_price/primary_paired_cost_contrasts.csv,DK2,,,,,,,,,,,,,,,,,,,,,,,,,,,,,,,,,,,,,,,,,,,,combined_hour_logit__count2022_target05,base_hour_logit__count2022_target05,hour,20.856,8.876,31.8481,2000.0,,0.004,2.8560000000000016,38.856
G_primary_paired_cost_contrasts,early_price/primary_paired_cost_contrasts.csv,DK2,,,,,,,,,,,,,,,,,,,,,,,,,,,,,,,,,,,,,,,,,,,,combined_hour_logit__count2022_target05,base_hour_logit__count2022_target05,hour,20.838,8.8605,31.8291125,2000.0,,0.0045,2.838000000000001,38.838
G_primary_paired_cost_contrasts,early_price/primary_paired_cost_contrasts.csv,DK2,,,,,,,,,,,,,,,,,,,,,,,,,,,,,,,,,,,,,,,,,,,,combined_hour_logit__count2022_target05,base_hour_logit__count2022_target05,hour,20.82,8.845,31.810125,2000.0,,0.005,2.8200000000000003,38.82
G_primary_paired_cost_contrasts,early_price/primary_paired_cost_contrasts.csv,DK2,,,,,,,,,,,,,,,,,,,,,,,,,,,,,,,,,,,,,,,,,,,,combined_hour_logit__count2022_target05,base_hour_logit__count2022_target05,hour,20.802,8.8295,31.7911375,2000.0,,0.0055,2.802,38.802
G_primary_paired_cost_contrasts,early_price/primary_paired_cost_contrasts.csv,DK2,,,,,,,,,,,,,,,,,,,,,,,,,,,,,,,,,,,,,,,,,,,,combined_hour_logit__count2022_target05,base_hour_logit__count2022_target05,hour,20.784,8.814,31.77215,2000.0,,0.006,2.783999999999999,38.784
G_primary_paired_cost_contrasts,early_price/primary_paired_cost_contrasts.csv,DK2,,,,,,,,,,,,,,,,,,,,,,,,,,,,,,,,,,,,,,,,,,,,combined_hour_logit__count2022_target05,base_hour_logit__count2022_target05,hour,20.766,8.7985,31.7531625,2000.0,,0.0065,2.7659999999999982,38.766
G_primary_paired_cost_contrasts,early_price/primary_paired_cost_contrasts.csv,DK2,,,,,,,,,,,,,,,,,,,,,,,,,,,,,,,,,,,,,,,,,,,,combined_hour_logit__count2022_target05,base_hour_logit__count2022_target05,hour,20.748,8.783,31.734175,2000.0,,0.007,2.748000000000001,38.748000000000005
G_primary_paired_cost_contrasts,early_price/primary_paired_cost_contrasts.csv,DK2,,,,,,,,,,,,,,,,,,,,,,,,,,,,,,,,,,,,,,,,,,,,combined_hour_logit__count2022_target05,base_hour_logit__count2022_target05,hour,20.73,8.7675,31.7151875,2000.0,,0.0075,2.7300000000000004,38.73
G_primary_paired_cost_contrasts,early_price/primary_paired_cost_contrasts.csv,DK2,,,,,,,,,,,,,,,,,,,,,,,,,,,,,,,,,,,,,,,,,,,,combined_hour_logit__count2022_target05,base_hour_logit__count2022_target05,hour,20.712,8.752,31.6962,2000.0,,0.008,2.712,38.712
G_primary_paired_cost_contrasts,early_price/primary_paired_cost_contrasts.csv,DK2,,,,,,,,,,,,,,,,,,,,,,,,,,,,,,,,,,,,,,,,,,,,combined_hour_logit__count2022_target05,base_hour_logit__count2022_target05,hour,20.694,8.7365,31.6772125,2000.0,,0.0085,2.693999999999999,38.694
G_primary_paired_cost_contrasts,early_price/primary_paired_cost_contrasts.csv,DK2,,,,,,,,,,,,,,,,,,,,,,,,,,,,,,,,,,,,,,,,,,,,combined_hour_logit__count2022_target05,base_hour_logit__count2022_target05,hour,20.676,8.721,31.658225,2000.0,,0.009,2.6759999999999984,38.676
G_primary_paired_cost_contrasts,early_price/primary_paired_cost_contrasts.csv,DK2,,,,,,,,,,,,,,,,,,,,,,,,,,,,,,,,,,,,,,,,,,,,combined_hour_logit__count2022_target05,base_hour_logit__count2022_target05,hour,20.658,8.7055,31.6392375,2000.0,,0.0095,2.6580000000000013,38.658
G_primary_paired_cost_contrasts,early_price/primary_paired_cost_contrasts.csv,DK2,,,,,,,,,,,,,,,,,,,,,,,,,,,,,,,,,,,,,,,,,,,,combined_hour_logit__count2022_target05,base_hour_logit__count2022_target05,hour,20.64,8.69,31.62025,2000.0,,0.01,2.640000000000001,38.64
G_primary_paired_cost_contrasts,early_price/primary_paired_cost_contrasts.csv,DK2,,,,,,,,,,,,,,,,,,,,,,,,,,,,,,,,,,,,,,,,,,,,combined_hour_logit__count2022_target05,base_hour_logit__count2022_target05,hour,20.622,8.6745,31.6012625,2000.0,,0.0105,2.622,38.622
G_primary_paired_cost_contrasts,early_price/primary_paired_cost_contrasts.csv,DK2,,,,,,,,,,,,,,,,,,,,,,,,,,,,,,,,,,,,,,,,,,,,combined_hour_logit__count2022_target05,base_hour_logit__count2022_target05,hour,20.604,8.659,31.582275,2000.0,,0.011,2.603999999999999,38.604
G_primary_paired_cost_contrasts,early_price/primary_paired_cost_contrasts.csv,DK2,,,,,,,,,,,,,,,,,,,,,,,,,,,,,,,,,,,,,,,,,,,,combined_hour_logit__count2022_target05,base_hour_logit__count2022_target05,hour,20.586,8.6435,31.5632875,2000.0,,0.0115,2.5859999999999985,38.586
G_primary_paired_cost_contrasts,early_price/primary_paired_cost_contrasts.csv,DK2,,,,,,,,,,,,,,,,,,,,,,,,,,,,,,,,,,,,,,,,,,,,combined_hour_logit__count2022_target05,base_hour_logit__count2022_target05,hour,20.568,8.628,31.5443,2000.0,,0.012,2.5680000000000014,38.568
G_primary_paired_cost_contrasts,early_price/primary_paired_cost_contrasts.csv,DK2,,,,,,,,,,,,,,,,,,,,,,,,,,,,,,,,,,,,,,,,,,,,combined_hour_logit__count2022_target05,base_hour_logit__count2022_target05,hour,20.55,8.6125,31.5253125,2000.0,,0.0125,2.5500000000000007,38.55
G_primary_paired_cost_contrasts,early_price/primary_paired_cost_contrasts.csv,DK2,,,,,,,,,,,,,,,,,,,,,,,,,,,,,,,,,,,,,,,,,,,,combined_hour_logit__count2022_target05,base_hour_logit__count2022_target05,hour,20.532,8.597,31.506325,2000.0,,0.013,2.532,38.532
G_primary_paired_cost_contrasts,early_price/primary_paired_cost_contrasts.csv,DK2,,,,,,,,,,,,,,,,,,,,,,,,,,,,,,,,,,,,,,,,,,,,combined_hour_logit__count2022_target05,base_hour_logit__count2022_target05,hour,20.514,8.5815,31.487337499999995,2000.0,,0.0135,2.514,38.514
G_primary_paired_cost_contrasts,early_price/primary_paired_cost_contrasts.csv,DK2,,,,,,,,,,,,,,,,,,,,,,,,,,,,,,,,,,,,,,,,,,,,combined_hour_logit__count2022_target05,base_hour_logit__count2022_target05,hour,20.496,8.566,31.46835,2000.0,,0.014,2.4959999999999987,38.496
G_primary_paired_cost_contrasts,early_price/primary_paired_cost_contrasts.csv,DK2,,,,,,,,,,,,,,,,,,,,,,,,,,,,,,,,,,,,,,,,,,,,combined_hour_logit__count2022_target05,base_hour_logit__count2022_target05,hour,20.478,8.5505,31.4493625,2000.0,,0.0145,2.478000000000001,38.478
G_primary_paired_cost_contrasts,early_price/primary_paired_cost_contrasts.csv,DK2,,,,,,,,,,,,,,,,,,,,,,,,,,,,,,,,,,,,,,,,,,,,combined_hour_logit__count2022_target05,base_hour_logit__count2022_target05,hour,20.46,8.535,31.430375,2000.0,,0.015,2.460000000000001,38.46
G_primary_paired_cost_contrasts,early_price/primary_paired_cost_contrasts.csv,DK2,,,,,,,,,,,,,,,,,,,,,,,,,,,,,,,,,,,,,,,,,,,,combined_hour_logit__count2022_target05,base_hour_logit__count2022_target05,hour,20.28,8.38,31.2405,2000.0,,0.02,2.280000000000001,38.28
G_primary_paired_cost_contrasts,early_price/primary_paired_cost_contrasts.csv,DK2,,,,,,,,,,,,,,,,,,,,,,,,,,,,,,,,,,,,,,,,,,,,combined_hour_logit__count2022_target05,base_hour_logit__count2022_target05,hour,19.92,8.07,30.86075,2000.0,,0.03,1.9200000000000017,37.92
G_primary_paired_cost_contrasts,early_price/primary_paired_cost_contrasts.csv,DK2,,,,,,,,,,,,,,,,,,,,,,,,,,,,,,,,,,,,,,,,,,,,combined_hour_logit__count2022_target05,base_hour_logit__count2022_target05,hour,19.2,7.45,30.101249999999997,2000.0,,0.05,1.1999999999999993,37.2
G_primary_paired_cost_contrasts,early_price/primary_paired_cost_contrasts.csv,DK2,,,,,,,,,,,,,,,,,,,,,,,,,,,,,,,,,,,,,,,,,,,,combined_hour_logit__count2022_target05,base_hour_logit__count2022_target05,hour,17.4,5.9,28.3,2000.0,,0.1,-0.6000000000000014,35.4
G_primary_paired_cost_contrasts,early_price/primary_paired_cost_contrasts.csv,DK2,,,,,,,,,,,,,,,,,,,,,,,,,,,,,,,,,,,,,,,,,,,,combined_hour_logit__count2022_target05,base_hour_logit__count2022_target05,hour,13.8,3.1999999999999997,24.8,2000.0,,0.2,-4.199999999999999,31.8
G_primary_paired_cost_contrasts,early_price/primary_paired_cost_contrasts.csv,DK2,,,,,,,,,,,,,,,,,,,,,,,,,,,,,,,,,,,,,,,,,,,,combined_hour_logit__count2022_target05,base_hour_logit__count2022_target05,hour,12.0,1.5,23.25,2000.0,,0.25,-6.0,30.0
G_primary_paired_cost_contrasts,early_price/primary_paired_cost_contrasts.csv,DK2,,,,,,,,,,,,,,,,,,,,,,,,,,,,,,,,,,,,,,,,,,,,combined_hour_logit__count2022_target05,base_hour_logit__count2022_target05,hour,3.0,-7.0,16.5,2000.0,,0.5,-15.0,21.0
G_primary_paired_cost_contrasts,early_price/primary_paired_cost_contrasts.csv,DK2,,,,,,,,,,,,,,,,,,,,,,,,,,,,,,,,,,,,,,,,,,,,combined_hour_logit__count2022_target05,base_hour_logit__count2022_target05,hour,-15.0,-26.0,6.0,2000.0,,1.0,-33.0,3.0
G_primary_paired_cost_contrasts,early_price/primary_paired_cost_contrasts.csv,DK2,,,,,,,,,,,,,,,,,,,,,,,,,,,,,,,,,,,,,,,,,,,,combined_early_logit__count2023_target05,base_early_logit__count2023_target05,process,5.0,-1.0249999999999986,12.0,2000.0,,0.0,-17.0,27.0
G_primary_paired_cost_contrasts,early_price/primary_paired_cost_contrasts.csv,DK2,,,,,,,,,,,,,,,,,,,,,,,,,,,,,,,,,,,,,,,,,,,,combined_early_logit__count2023_target05,base_early_logit__count2023_target05,process,4.974,-1.0555624999999986,11.9835125,2000.0,,0.0005,-17.026,26.974
G_primary_paired_cost_contrasts,early_price/primary_paired_cost_contrasts.csv,DK2,,,,,,,,,,,,,,,,,,,,,,,,,,,,,,,,,,,,,,,,,,,,combined_early_logit__count2023_target05,base_early_logit__count2023_target05,process,4.948,-1.086124999999999,11.967025,2000.0,,0.001,-17.052,26.948
G_primary_paired_cost_contrasts,early_price/primary_paired_cost_contrasts.csv,DK2,,,,,,,,,,,,,,,,,,,,,,,,,,,,,,,,,,,,,,,,,,,,combined_early_logit__count2023_target05,base_early_logit__count2023_target05,process,4.922,-1.1166874999999987,11.9505375,2000.0,,0.0015,-17.078,26.922
G_primary_paired_cost_contrasts,early_price/primary_paired_cost_contrasts.csv,DK2,,,,,,,,,,,,,,,,,,,,,,,,,,,,,,,,,,,,,,,,,,,,combined_early_logit__count2023_target05,base_early_logit__count2023_target05,process,4.896,-1.1472499999999988,11.93405,2000.0,,0.002,-17.104,26.896
G_primary_paired_cost_contrasts,early_price/primary_paired_cost_contrasts.csv,DK2,,,,,,,,,,,,,,,,,,,,,,,,,,,,,,,,,,,,,,,,,,,,combined_early_logit__count2023_target05,base_early_logit__count2023_target05,process,4.87,-1.1778124999999988,11.9175625,2000.0,,0.0025,-17.13,26.87
G_primary_paired_cost_contrasts,early_price/primary_paired_cost_contrasts.csv,DK2,,,,,,,,,,,,,,,,,,,,,,,,,,,,,,,,,,,,,,,,,,,,combined_early_logit__count2023_target05,base_early_logit__count2023_target05,process,4.844,-1.2083749999999986,11.901075,2000.0,,0.003,-17.156,26.844
G_primary_paired_cost_contrasts,early_price/primary_paired_cost_contrasts.csv,DK2,,,,,,,,,,,,,,,,,,,,,,,,,,,,,,,,,,,,,,,,,,,,combined_early_logit__count2023_target05,base_early_logit__count2023_target05,process,4.818,-1.238937499999999,11.8845875,2000.0,,0.0035,-17.182000000000002,26.818
G_primary_paired_cost_contrasts,early_price/primary_paired_cost_contrasts.csv,DK2,,,,,,,,,,,,,,,,,,,,,,,,,,,,,,,,,,,,,,,,,,,,combined_early_logit__count2023_target05,base_early_logit__count2023_target05,process,4.792,-1.2694999999999987,11.8681,2000.0,,0.004,-17.208,26.792
G_primary_paired_cost_contrasts,early_price/primary_paired_cost_contrasts.csv,DK2,,,,,,,,,,,,,,,,,,,,,,,,,,,,,,,,,,,,,,,,,,,,combined_early_logit__count2023_target05,base_early_logit__count2023_target05,process,4.766,-1.3000624999999988,11.8516125,2000.0,,0.0045,-17.234,26.766
G_primary_paired_cost_contrasts,early_price/primary_paired_cost_contrasts.csv,DK2,,,,,,,,,,,,,,,,,,,,,,,,,,,,,,,,,,,,,,,,,,,,combined_early_logit__count2023_target05,base_early_logit__count2023_target05,process,4.74,-1.3306249999999988,11.835125,2000.0,,0.005,-17.259999999999998,26.74
G_primary_paired_cost_contrasts,early_price/primary_paired_cost_contrasts.csv,DK2,,,,,,,,,,,,,,,,,,,,,,,,,,,,,,,,,,,,,,,,,,,,combined_early_logit__count2023_target05,base_early_logit__count2023_target05,process,4.714,-1.3611874999999989,11.8186375,2000.0,,0.0055,-17.286,26.714
G_primary_paired_cost_contrasts,early_price/primary_paired_cost_contrasts.csv,DK2,,,,,,,,,,,,,,,,,,,,,,,,,,,,,,,,,,,,,,,,,,,,combined_early_logit__count2023_target05,base_early_logit__count2023_target05,process,4.688,-1.3917499999999987,11.80215,2000.0,,0.006,-17.312,26.688
G_primary_paired_cost_contrasts,early_price/primary_paired_cost_contrasts.csv,DK2,,,,,,,,,,,,,,,,,,,,,,,,,,,,,,,,,,,,,,,,,,,,combined_early_logit__count2023_target05,base_early_logit__count2023_target05,process,4.662,-1.422312499999999,11.7856625,2000.0,,0.0065,-17.338,26.662
G_primary_paired_cost_contrasts,early_price/primary_paired_cost_contrasts.csv,DK2,,,,,,,,,,,,,,,,,,,,,,,,,,,,,,,,,,,,,,,,,,,,combined_early_logit__count2023_target05,base_early_logit__count2023_target05,process,4.636,-1.452874999999999,11.769175,2000.0,,0.007,-17.364,26.636
G_primary_paired_cost_contrasts,early_price/primary_paired_cost_contrasts.csv,DK2,,,,,,,,,,,,,,,,,,,,,,,,,,,,,,,,,,,,,,,,,,,,combined_early_logit__count2023_target05,base_early_logit__count2023_target05,process,4.61,-1.4834374999999989,11.7526875,2000.0,,0.0075,-17.39,26.61
G_primary_paired_cost_contrasts,early_price/primary_paired_cost_contrasts.csv,DK2,,,,,,,,,,,,,,,,,,,,,,,,,,,,,,,,,,,,,,,,,,,,combined_early_logit__count2023_target05,base_early_logit__count2023_target05,process,4.584,-1.513999999999999,11.7362,2000.0,,0.008,-17.416,26.584
G_primary_paired_cost_contrasts,early_price/primary_paired_cost_contrasts.csv,DK2,,,,,,,,,,,,,,,,,,,,,,,,,,,,,,,,,,,,,,,,,,,,combined_early_logit__count2023_target05,base_early_logit__count2023_target05,process,4.558,-1.5445624999999992,11.719712499999998,2000.0,,0.0085,-17.442,26.558
G_primary_paired_cost_contrasts,early_price/primary_paired_cost_contrasts.csv,DK2,,,,,,,,,,,,,,,,,,,,,,,,,,,,,,,,,,,,,,,,,,,,combined_early_logit__count2023_target05,base_early_logit__count2023_target05,process,4.532,-1.575124999999999,11.703224999999998,2000.0,,0.009,-17.468,26.532
G_primary_paired_cost_contrasts,early_price/primary_paired_cost_contrasts.csv,DK2,,,,,,,,,,,,,,,,,,,,,,,,,,,,,,,,,,,,,,,,,,,,combined_early_logit__count2023_target05,base_early_logit__count2023_target05,process,4.506,-1.605687499999999,11.6867375,2000.0,,0.0095,-17.494,26.506
G_primary_paired_cost_contrasts,early_price/primary_paired_cost_contrasts.csv,DK2,,,,,,,,,,,,,,,,,,,,,,,,,,,,,,,,,,,,,,,,,,,,combined_early_logit__count2023_target05,base_early_logit__count2023_target05,process,4.48,-1.636249999999999,11.67025,2000.0,,0.01,-17.52,26.48
G_primary_paired_cost_contrasts,early_price/primary_paired_cost_contrasts.csv,DK2,,,,,,,,,,,,,,,,,,,,,,,,,,,,,,,,,,,,,,,,,,,,combined_early_logit__count2023_target05,base_early_logit__count2023_target05,process,4.454,-1.6668124999999991,11.653762499999996,2000.0,,0.0105,-17.546,26.454
G_primary_paired_cost_contrasts,early_price/primary_paired_cost_contrasts.csv,DK2,,,,,,,,,,,,,,,,,,,,,,,,,,,,,,,,,,,,,,,,,,,,combined_early_logit__count2023_target05,base_early_logit__count2023_target05,process,4.428,-1.697374999999999,11.637275,2000.0,,0.011,-17.572,26.428
G_primary_paired_cost_contrasts,early_price/primary_paired_cost_contrasts.csv,DK2,,,,,,,,,,,,,,,,,,,,,,,,,,,,,,,,,,,,,,,,,,,,combined_early_logit__count2023_target05,base_early_logit__count2023_target05,process,4.402,-1.7279374999999992,11.6207875,2000.0,,0.0115,-17.598,26.402
G_primary_paired_cost_contrasts,early_price/primary_paired_cost_contrasts.csv,DK2,,,,,,,,,,,,,,,,,,,,,,,,,,,,,,,,,,,,,,,,,,,,combined_early_logit__count2023_target05,base_early_logit__count2023_target05,process,4.376,-1.758499999999999,11.604299999999997,2000.0,,0.012,-17.624,26.376
G_primary_paired_cost_contrasts,early_price/primary_paired_cost_contrasts.csv,DK2,,,,,,,,,,,,,,,,,,,,,,,,,,,,,,,,,,,,,,,,,,,,combined_early_logit__count2023_target05,base_early_logit__count2023_target05,process,4.35,-1.7890624999999991,11.587812499999998,2000.0,,0.0125,-17.65,26.35
G_primary_paired_cost_contrasts,early_price/primary_paired_cost_contrasts.csv,DK2,,,,,,,,,,,,,,,,,,,,,,,,,,,,,,,,,,,,,,,,,,,,combined_early_logit__count2023_target05,base_early_logit__count2023_target05,process,4.324,-1.8196249999999996,11.571324999999998,2000.0,,0.013,-17.676000000000002,26.324
G_primary_paired_cost_contrasts,early_price/primary_paired_cost_contrasts.csv,DK2,,,,,,,,,,,,,,,,,,,,,,,,,,,,,,,,,,,,,,,,,,,,combined_early_logit__count2023_target05,base_early_logit__count2023_target05,process,4.298,-1.8501874999999997,11.554837499999998,2000.0,,0.0135,-17.701999999999998,26.298
G_primary_paired_cost_contrasts,early_price/primary_paired_cost_contrasts.csv,DK2,,,,,,,,,,,,,,,,,,,,,,,,,,,,,,,,,,,,,,,,,,,,combined_early_logit__count2023_target05,base_early_logit__count2023_target05,process,4.272,-1.8807499999999997,11.538349999999998,2000.0,,0.014,-17.728,26.272
G_primary_paired_cost_contrasts,early_price/primary_paired_cost_contrasts.csv,DK2,,,,,,,,,,,,,,,,,,,,,,,,,,,,,,,,,,,,,,,,,,,,combined_early_logit__count2023_target05,base_early_logit__count2023_target05,process,4.246,-1.9113124999999995,11.521862499999996,2000.0,,0.0145,-17.753999999999998,26.246
G_primary_paired_cost_contrasts,early_price/primary_paired_cost_contrasts.csv,DK2,,,,,,,,,,,,,,,,,,,,,,,,,,,,,,,,,,,,,,,,,,,,combined_early_logit__count2023_target05,base_early_logit__count2023_target05,process,4.22,-1.9418749999999996,11.505375,2000.0,,0.015,-17.78,26.22
G_primary_paired_cost_contrasts,early_price/primary_paired_cost_contrasts.csv,DK2,,,,,,,,,,,,,,,,,,,,,,,,,,,,,,,,,,,,,,,,,,,,combined_early_logit__count2023_target05,base_early_logit__count2023_target05,process,3.96,-2.2475,11.340499999999995,2000.0,,0.02,-18.04,25.96
G_primary_paired_cost_contrasts,early_price/primary_paired_cost_contrasts.csv,DK2,,,,,,,,,,,,,,,,,,,,,,,,,,,,,,,,,,,,,,,,,,,,combined_early_logit__count2023_target05,base_early_logit__count2023_target05,process,3.44,-2.8405,11.010749999999996,2000.0,,0.03,-18.56,25.44
G_primary_paired_cost_contrasts,early_price/primary_paired_cost_contrasts.csv,DK2,,,,,,,,,,,,,,,,,,,,,,,,,,,,,,,,,,,,,,,,,,,,combined_early_logit__count2023_target05,base_early_logit__count2023_target05,process,2.4,-3.85,10.301249999999994,2000.0,,0.05,-19.6,24.4
G_primary_paired_cost_contrasts,early_price/primary_paired_cost_contrasts.csv,DK2,,,,,,,,,,,,,,,,,,,,,,,,,,,,,,,,,,,,,,,,,,,,combined_early_logit__count2023_target05,base_early_logit__count2023_target05,process,-0.2000000000000001,-6.4025,8.0,2000.0,,0.1,-22.2,21.8
G_primary_paired_cost_contrasts,early_price/primary_paired_cost_contrasts.csv,DK2,,,,,,,,,,,,,,,,,,,,,,,,,,,,,,,,,,,,,,,,,,,,combined_early_logit__count2023_target05,base_early_logit__count2023_target05,process,-5.4,-11.6,3.604999999999973,2000.0,,0.2,-27.4,16.6
G_primary_paired_cost_contrasts,early_price/primary_paired_cost_contrasts.csv,DK2,,,,,,,,,,,,,,,,,,,,,,,,,,,,,,,,,,,,,,,,,,,,combined_early_logit__count2023_target05,base_early_logit__count2023_target05,process,-8.0,-14.25625,1.756249999999966,2000.0,,0.25,-30.0,14.0
G_primary_paired_cost_contrasts,early_price/primary_paired_cost_contrasts.csv,DK2,,,,,,,,,,,,,,,,,,,,,,,,,,,,,,,,,,,,,,,,,,,,combined_early_logit__count2023_target05,base_early_logit__count2023_target05,process,-21.0,-29.5,-7.0,2000.0,,0.5,-43.0,1.0
G_primary_paired_cost_contrasts,early_price/primary_paired_cost_contrasts.csv,DK2,,,,,,,,,,,,,,,,,,,,,,,,,,,,,,,,,,,,,,,,,,,,combined_early_logit__count2023_target05,base_early_logit__count2023_target05,process,-47.0,-61.0,-23.0,2000.0,,1.0,-69.0,-25.0
G_primary_paired_cost_contrasts,early_price/primary_paired_cost_contrasts.csv,DK2,,,,,,,,,,,,,,,,,,,,,,,,,,,,,,,,,,,,,,,,,,,,combined_early_logit__count2023_target05,base_early_logit__count2023_target05,hour,39.0,22.0,61.0,2000.0,,0.0,11.0,67.0
G_primary_paired_cost_contrasts,early_price/primary_paired_cost_contrasts.csv,DK2,,,,,,,,,,,,,,,,,,,,,,,,,,,,,,,,,,,,,,,,,,,,combined_early_logit__count2023_target05,base_early_logit__count2023_target05,hour,38.974,21.979,60.9775375,2000.0,,0.0005,10.973999999999997,66.97399999999999
G_primary_paired_cost_contrasts,early_price/primary_paired_cost_contrasts.csv,DK2,,,,,,,,,,,,,,,,,,,,,,,,,,,,,,,,,,,,,,,,,,,,combined_early_logit__count2023_target05,base_early_logit__count2023_target05,hour,38.948,21.958,60.955075,2000.0,,0.001,10.948,66.94800000000001
G_primary_paired_cost_contrasts,early_price/primary_paired_cost_contrasts.csv,DK2,,,,,,,,,,,,,,,,,,,,,,,,,,,,,,,,,,,,,,,,,,,,combined_early_logit__count2023_target05,base_early_logit__count2023_target05,hour,38.922,21.937,60.9326125,2000.0,,0.0015,10.921999999999995,66.922
G_primary_paired_cost_contrasts,early_price/primary_paired_cost_contrasts.csv,DK2,,,,,,,,,,,,,,,,,,,,,,,,,,,,,,,,,,,,,,,,,,,,combined_early_logit__count2023_target05,base_early_logit__count2023_target05,hour,38.896,21.916,60.91015,2000.0,,0.002,10.896,66.896
G_primary_paired_cost_contrasts,early_price/primary_paired_cost_contrasts.csv,DK2,,,,,,,,,,,,,,,,,,,,,,,,,,,,,,,,,,,,,,,,,,,,combined_early_logit__count2023_target05,base_early_logit__count2023_target05,hour,38.87,21.895,60.8876875,2000.0,,0.0025,10.869999999999996,66.87
G_primary_paired_cost_contrasts,early_price/primary_paired_cost_contrasts.csv,DK2,,,,,,,,,,,,,,,,,,,,,,,,,,,,,,,,,,,,,,,,,,,,combined_early_logit__count2023_target05,base_early_logit__count2023_target05,hour,38.844,21.874,60.865225,2000.0,,0.003,10.844,66.844
G_primary_paired_cost_contrasts,early_price/primary_paired_cost_contrasts.csv,DK2,,,,,,,,,,,,,,,,,,,,,,,,,,,,,,,,,,,,,,,,,,,,combined_early_logit__count2023_target05,base_early_logit__count2023_target05,hour,38.818,21.853,60.8427625,2000.0,,0.0035,10.817999999999998,66.818
G_primary_paired_cost_contrasts,early_price/primary_paired_cost_contrasts.csv,DK2,,,,,,,,,,,,,,,,,,,,,,,,,,,,,,,,,,,,,,,,,,,,combined_early_logit__count2023_target05,base_early_logit__count2023_target05,hour,38.792,21.832,60.8203,2000.0,,0.004,10.792000000000002,66.792
G_primary_paired_cost_contrasts,early_price/primary_paired_cost_contrasts.csv,DK2,,,,,,,,,,,,,,,,,,,,,,,,,,,,,,,,,,,,,,,,,,,,combined_early_logit__count2023_target05,base_early_logit__count2023_target05,hour,38.766,21.811,60.7978375,2000.0,,0.0045,10.765999999999998,66.76599999999999
G_primary_paired_cost_contrasts,early_price/primary_paired_cost_contrasts.csv,DK2,,,,,,,,,,,,,,,,,,,,,,,,,,,,,,,,,,,,,,,,,,,,combined_early_logit__count2023_target05,base_early_logit__count2023_target05,hour,38.74,21.79,60.775375,2000.0,,0.005,10.740000000000002,66.74000000000001
G_primary_paired_cost_contrasts,early_price/primary_paired_cost_contrasts.csv,DK2,,,,,,,,,,,,,,,,,,,,,,,,,,,,,,,,,,,,,,,,,,,,combined_early_logit__count2023_target05,base_early_logit__count2023_target05,hour,38.714,21.769,60.7529125,2000.0,,0.0055,10.714,66.714
G_primary_paired_cost_contrasts,early_price/primary_paired_cost_contrasts.csv,DK2,,,,,,,,,,,,,,,,,,,,,,,,,,,,,,,,,,,,,,,,,,,,combined_early_logit__count2023_target05,base_early_logit__count2023_target05,hour,38.688,21.748,60.73045,2000.0,,0.006,10.688000000000002,66.688
G_primary_paired_cost_contrasts,early_price/primary_paired_cost_contrasts.csv,DK2,,,,,,,,,,,,,,,,,,,,,,,,,,,,,,,,,,,,,,,,,,,,combined_early_logit__count2023_target05,base_early_logit__count2023_target05,hour,38.662,21.727,60.7079875,2000.0,,0.0065,10.662,66.662
G_primary_paired_cost_contrasts,early_price/primary_paired_cost_contrasts.csv,DK2,,,,,,,,,,,,,,,,,,,,,,,,,,,,,,,,,,,,,,,,,,,,combined_early_logit__count2023_target05,base_early_logit__count2023_target05,hour,38.636,21.706,60.685525,2000.0,,0.007,10.636000000000005,66.636
G_primary_paired_cost_contrasts,early_price/primary_paired_cost_contrasts.csv,DK2,,,,,,,,,,,,,,,,,,,,,,,,,,,,,,,,,,,,,,,,,,,,combined_early_logit__count2023_target05,base_early_logit__count2023_target05,hour,38.61,21.685,60.6630625,2000.0,,0.0075,10.61,66.61
G_primary_paired_cost_contrasts,early_price/primary_paired_cost_contrasts.csv,DK2,,,,,,,,,,,,,,,,,,,,,,,,,,,,,,,,,,,,,,,,,,,,combined_early_logit__count2023_target05,base_early_logit__count2023_target05,hour,38.584,21.664,60.6406,2000.0,,0.008,10.584000000000003,66.584
G_primary_paired_cost_contrasts,early_price/primary_paired_cost_contrasts.csv,DK2,,,,,,,,,,,,,,,,,,,,,,,,,,,,,,,,,,,,,,,,,,,,combined_early_logit__count2023_target05,base_early_logit__count2023_target05,hour,38.558,21.643,60.6181375,2000.0,,0.0085,10.558,66.55799999999999
G_primary_paired_cost_contrasts,early_price/primary_paired_cost_contrasts.csv,DK2,,,,,,,,,,,,,,,,,,,,,,,,,,,,,,,,,,,,,,,,,,,,combined_early_logit__count2023_target05,base_early_logit__count2023_target05,hour,38.532,21.622,60.59567499999999,2000.0,,0.009,10.531999999999996,66.532
G_primary_paired_cost_contrasts,early_price/primary_paired_cost_contrasts.csv,DK2,,,,,,,,,,,,,,,,,,,,,,,,,,,,,,,,,,,,,,,,,,,,combined_early_logit__count2023_target05,base_early_logit__count2023_target05,hour,38.506,21.601,60.5732125,2000.0,,0.0095,10.506,66.506
G_primary_paired_cost_contrasts,early_price/primary_paired_cost_contrasts.csv,DK2,,,,,,,,,,,,,,,,,,,,,,,,,,,,,,,,,,,,,,,,,,,,combined_early_logit__count2023_target05,base_early_logit__count2023_target05,hour,38.48,21.58,60.55075,2000.0,,0.01,10.479999999999997,66.47999999999999
G_primary_paired_cost_contrasts,early_price/primary_paired_cost_contrasts.csv,DK2,,,,,,,,,,,,,,,,,,,,,,,,,,,,,,,,,,,,,,,,,,,,combined_early_logit__count2023_target05,base_early_logit__count2023_target05,hour,38.454,21.559,60.5282875,2000.0,,0.0105,10.454,66.45400000000001
G_primary_paired_cost_contrasts,early_price/primary_paired_cost_contrasts.csv,DK2,,,,,,,,,,,,,,,,,,,,,,,,,,,,,,,,,,,,,,,,,,,,combined_early_logit__count2023_target05,base_early_logit__count2023_target05,hour,38.428,21.538,60.505825,2000.0,,0.011,10.427999999999995,66.428
G_primary_paired_cost_contrasts,early_price/primary_paired_cost_contrasts.csv,DK2,,,,,,,,,,,,,,,,,,,,,,,,,,,,,,,,,,,,,,,,,,,,combined_early_logit__count2023_target05,base_early_logit__count2023_target05,hour,38.402,21.517,60.4833625,2000.0,,0.0115,10.402,66.402
G_primary_paired_cost_contrasts,early_price/primary_paired_cost_contrasts.csv,DK2,,,,,,,,,,,,,,,,,,,,,,,,,,,,,,,,,,,,,,,,,,,,combined_early_logit__count2023_target05,base_early_logit__count2023_target05,hour,38.376,21.496,60.4609,2000.0,,0.012,10.375999999999998,66.376
G_primary_paired_cost_contrasts,early_price/primary_paired_cost_contrasts.csv,DK2,,,,,,,,,,,,,,,,,,,,,,,,,,,,,,,,,,,,,,,,,,,,combined_early_logit__count2023_target05,base_early_logit__count2023_target05,hour,38.35,21.475,60.43843749999999,2000.0,,0.0125,10.35,66.35
G_primary_paired_cost_contrasts,early_price/primary_paired_cost_contrasts.csv,DK2,,,,,,,,,,,,,,,,,,,,,,,,,,,,,,,,,,,,,,,,,,,,combined_early_logit__count2023_target05,base_early_logit__count2023_target05,hour,38.324,21.454,60.415975,2000.0,,0.013,10.323999999999998,66.324
G_primary_paired_cost_contrasts,early_price/primary_paired_cost_contrasts.csv,DK2,,,,,,,,,,,,,,,,,,,,,,,,,,,,,,,,,,,,,,,,,,,,combined_early_logit__count2023_target05,base_early_logit__count2023_target05,hour,38.298,21.433,60.39351249999999,2000.0,,0.0135,10.298000000000002,66.298
G_primary_paired_cost_contrasts,early_price/primary_paired_cost_contrasts.csv,DK2,,,,,,,,,,,,,,,,,,,,,,,,,,,,,,,,,,,,,,,,,,,,combined_early_logit__count2023_target05,base_early_logit__count2023_target05,hour,38.272,21.412,60.37104999999999,2000.0,,0.014,10.271999999999998,66.27199999999999
G_primary_paired_cost_contrasts,early_price/primary_paired_cost_contrasts.csv,DK2,,,,,,,,,,,,,,,,,,,,,,,,,,,,,,,,,,,,,,,,,,,,combined_early_logit__count2023_target05,base_early_logit__count2023_target05,hour,38.246,21.391,60.3485875,2000.0,,0.0145,10.246000000000002,66.24600000000001
G_primary_paired_cost_contrasts,early_price/primary_paired_cost_contrasts.csv,DK2,,,,,,,,,,,,,,,,,,,,,,,,,,,,,,,,,,,,,,,,,,,,combined_early_logit__count2023_target05,base_early_logit__count2023_target05,hour,38.22,21.37,60.326125,2000.0,,0.015,10.22,66.22
G_primary_paired_cost_contrasts,early_price/primary_paired_cost_contrasts.csv,DK2,,,,,,,,,,,,,,,,,,,,,,,,,,,,,,,,,,,,,,,,,,,,combined_early_logit__count2023_target05,base_early_logit__count2023_target05,hour,37.96,21.16,60.1015,2000.0,,0.02,9.96,65.96000000000001
G_primary_paired_cost_contrasts,early_price/primary_paired_cost_contrasts.csv,DK2,,,,,,,,,,,,,,,,,,,,,,,,,,,,,,,,,,,,,,,,,,,,combined_early_logit__count2023_target05,base_early_logit__count2023_target05,hour,37.44,20.74,59.65224999999999,2000.0,,0.03,9.439999999999998,65.44
G_primary_paired_cost_contrasts,early_price/primary_paired_cost_contrasts.csv,DK2,,,,,,,,,,,,,,,,,,,,,,,,,,,,,,,,,,,,,,,,,,,,combined_early_logit__count2023_target05,base_early_logit__count2023_target05,hour,36.4,19.9,58.75,2000.0,,0.05,8.399999999999999,64.4
G_primary_paired_cost_contrasts,early_price/primary_paired_cost_contrasts.csv,DK2,,,,,,,,,,,,,,,,,,,,,,,,,,,,,,,,,,,,,,,,,,,,combined_early_logit__count2023_target05,base_early_logit__count2023_target05,hour,33.8,17.4975,56.604999999999976,2000.0,,0.1,5.799999999999997,61.8
G_primary_paired_cost_contrasts,early_price/primary_paired_cost_contrasts.csv,DK2,,,,,,,,,,,,,,,,,,,,,,,,,,,,,,,,,,,,,,,,,,,,combined_early_logit__count2023_target05,base_early_logit__count2023_target05,hour,28.6,12.8,52.0,2000.0,,0.2,0.6000000000000014,56.6
G_primary_paired_cost_contrasts,early_price/primary_paired_cost_contrasts.csv,DK2,,,,,,,,,,,,,,,,,,,,,,,,,,,,,,,,,,,,,,,,,,,,combined_early_logit__count2023_target05,base_early_logit__count2023_target05,hour,26.0,10.25,49.5,2000.0,,0.25,-2.0,54.0
G_primary_paired_cost_contrasts,early_price/primary_paired_cost_contrasts.csv,DK2,,,,,,,,,,,,,,,,,,,,,,,,,,,,,,,,,,,,,,,,,,,,combined_early_logit__count2023_target05,base_early_logit__count2023_target05,hour,13.0,-2.5,39.0,2000.0,,0.5,-15.0,41.0
G_primary_paired_cost_contrasts,early_price/primary_paired_cost_contrasts.csv,DK2,,,,,,,,,,,,,,,,,,,,,,,,,,,,,,,,,,,,,,,,,,,,combined_early_logit__count2023_target05,base_early_logit__count2023_target05,hour,-13.0,-31.0,20.0,2000.0,,1.0,-41.0,15.0
G_primary_paired_cost_contrasts,early_price/primary_paired_cost_contrasts.csv,DK2,,,,,,,,,,,,,,,,,,,,,,,,,,,,,,,,,,,,,,,,,,,,combined_hour_logit__count2023_target05,base_hour_logit__count2023_target05,process,6.0,1.0,11.0,2000.0,,0.0,-19.0,31.0
G_primary_paired_cost_contrasts,early_price/primary_paired_cost_contrasts.csv,DK2,,,,,,,,,,,,,,,,,,,,,,,,,,,,,,,,,,,,,,,,,,,,combined_hour_logit__count2023_target05,base_hour_logit__count2023_target05,process,5.931,0.933,10.9385,2000.0,,0.0005,-19.069,30.931
G_primary_paired_cost_contrasts,early_price/primary_paired_cost_contrasts.csv,DK2,,,,,,,,,,,,,,,,,,,,,,,,,,,,,,,,,,,,,,,,,,,,combined_hour_logit__count2023_target05,base_hour_logit__count2023_target05,process,5.862,0.866,10.877,2000.0,,0.001,-19.138,30.862
G_primary_paired_cost_contrasts,early_price/primary_paired_cost_contrasts.csv,DK2,,,,,,,,,,,,,,,,,,,,,,,,,,,,,,,,,,,,,,,,,,,,combined_hour_logit__count2023_target05,base_hour_logit__count2023_target05,process,5.793,0.7989999999999999,10.8155,2000.0,,0.0015,-19.207,30.793
G_primary_paired_cost_contrasts,early_price/primary_paired_cost_contrasts.csv,DK2,,,,,,,,,,,,,,,,,,,,,,,,,,,,,,,,,,,,,,,,,,,,combined_hour_logit__count2023_target05,base_hour_logit__count2023_target05,process,5.724,0.732,10.754,2000.0,,0.002,-19.276,30.724
G_primary_paired_cost_contrasts,early_price/primary_paired_cost_contrasts.csv,DK2,,,,,,,,,,,,,,,,,,,,,,,,,,,,,,,,,,,,,,,,,,,,combined_hour_logit__count2023_target05,base_hour_logit__count2023_target05,process,5.655,0.665,10.6925,2000.0,,0.0025,-19.345,30.655
G_primary_paired_cost_contrasts,early_price/primary_paired_cost_contrasts.csv,DK2,,,,,,,,,,,,,,,,,,,,,,,,,,,,,,,,,,,,,,,,,,,,combined_hour_logit__count2023_target05,base_hour_logit__count2023_target05,process,5.586,0.598,10.631,2000.0,,0.003,-19.414,30.586
G_primary_paired_cost_contrasts,early_price/primary_paired_cost_contrasts.csv,DK2,,,,,,,,,,,,,,,,,,,,,,,,,,,,,,,,,,,,,,,,,,,,combined_hour_logit__count2023_target05,base_hour_logit__count2023_target05,process,5.517,0.5309999999999999,10.5695,2000.0,,0.0035,-19.483,30.517
G_primary_paired_cost_contrasts,early_price/primary_paired_cost_contrasts.csv,DK2,,,,,,,,,,,,,,,,,,,,,,,,,,,,,,,,,,,,,,,,,,,,combined_hour_logit__count2023_target05,base_hour_logit__count2023_target05,process,5.448,0.4639999999999999,10.508,2000.0,,0.004,-19.552,30.448
G_primary_paired_cost_contrasts,early_price/primary_paired_cost_contrasts.csv,DK2,,,,,,,,,,,,,,,,,,,,,,,,,,,,,,,,,,,,,,,,,,,,combined_hour_logit__count2023_target05,base_hour_logit__count2023_target05,process,5.379,0.3969999999999999,10.4465,2000.0,,0.0045,-19.621,30.379
G_primary_paired_cost_contrasts,early_price/primary_paired_cost_contrasts.csv,DK2,,,,,,,,,,,,,,,,,,,,,,,,,,,,,,,,,,,,,,,,,,,,combined_hour_logit__count2023_target05,base_hour_logit__count2023_target05,process,5.31,0.3299999999999998,10.385,2000.0,,0.005,-19.69,30.31
G_primary_paired_cost_contrasts,early_price/primary_paired_cost_contrasts.csv,DK2,,,,,,,,,,,,,,,,,,,,,,,,,,,,,,,,,,,,,,,,,,,,combined_hour_logit__count2023_target05,base_hour_logit__count2023_target05,process,5.241,0.263,10.3235,2000.0,,0.0055,-19.759,30.241
G_primary_paired_cost_contrasts,early_price/primary_paired_cost_contrasts.csv,DK2,,,,,,,,,,,,,,,,,,,,,,,,,,,,,,,,,,,,,,,,,,,,combined_hour_logit__count2023_target05,base_hour_logit__count2023_target05,process,5.172,0.1959999999999999,10.262,2000.0,,0.006,-19.828,30.172
G_primary_paired_cost_contrasts,early_price/primary_paired_cost_contrasts.csv,DK2,,,,,,,,,,,,,,,,,,,,,,,,,,,,,,,,,,,,,,,,,,,,combined_hour_logit__count2023_target05,base_hour_logit__count2023_target05,process,5.103,0.1289999999999999,10.2005,2000.0,,0.0065,-19.897,30.103
G_primary_paired_cost_contrasts,early_price/primary_paired_cost_contrasts.csv,DK2,,,,,,,,,,,,,,,,,,,,,,,,,,,,,,,,,,,,,,,,,,,,combined_hour_logit__count2023_target05,base_hour_logit__count2023_target05,process,5.034,0.0619999999999998,10.139,2000.0,,0.007,-19.966,30.034
G_primary_paired_cost_contrasts,early_price/primary_paired_cost_contrasts.csv,DK2,,,,,,,,,,,,,,,,,,,,,,,,,,,,,,,,,,,,,,,,,,,,combined_hour_logit__count2023_target05,base_hour_logit__count2023_target05,process,4.965,-0.0049999999999998,10.0775,2000.0,,0.0075,-20.035,29.965
G_primary_paired_cost_contrasts,early_price/primary_paired_cost_contrasts.csv,DK2,,,,,,,,,,,,,,,,,,,,,,,,,,,,,,,,,,,,,,,,,,,,combined_hour_logit__count2023_target05,base_hour_logit__count2023_target05,process,4.896,-0.072,10.016,2000.0,,0.008,-20.104,29.896
G_primary_paired_cost_contrasts,early_price/primary_paired_cost_contrasts.csv,DK2,,,,,,,,,,,,,,,,,,,,,,,,,,,,,,,,,,,,,,,,,,,,combined_hour_logit__count2023_target05,base_hour_logit__count2023_target05,process,4.827,-0.139,9.9545,2000.0,,0.0085,-20.173,29.827
G_primary_paired_cost_contrasts,early_price/primary_paired_cost_contrasts.csv,DK2,,,,,,,,,,,,,,,,,,,,,,,,,,,,,,,,,,,,,,,,,,,,combined_hour_logit__count2023_target05,base_hour_logit__count2023_target05,process,4.758,-0.2060000000000001,9.893,2000.0,,0.009,-20.242,29.758
G_primary_paired_cost_contrasts,early_price/primary_paired_cost_contrasts.csv,DK2,,,,,,,,,,,,,,,,,,,,,,,,,,,,,,,,,,,,,,,,,,,,combined_hour_logit__count2023_target05,base_hour_logit__count2023_target05,process,4.689,-0.2730000000000001,9.8315,2000.0,,0.0095,-20.311,29.689
G_primary_paired_cost_contrasts,early_price/primary_paired_cost_contrasts.csv,DK2,,,,,,,,,,,,,,,,,,,,,,,,,,,,,,,,,,,,,,,,,,,,combined_hour_logit__count2023_target05,base_hour_logit__count2023_target05,process,4.62,-0.3400000000000001,9.77,2000.0,,0.01,-20.38,29.62
G_primary_paired_cost_contrasts,early_price/primary_paired_cost_contrasts.csv,DK2,,,,,,,,,,,,,,,,,,,,,,,,,,,,,,,,,,,,,,,,,,,,combined_hour_logit__count2023_target05,base_hour_logit__count2023_target05,process,4.551,-0.407,9.7085,2000.0,,0.0105,-20.449,29.551
G_primary_paired_cost_contrasts,early_price/primary_paired_cost_contrasts.csv,DK2,,,,,,,,,,,,,,,,,,,,,,,,,,,,,,,,,,,,,,,,,,,,combined_hour_logit__count2023_target05,base_hour_logit__count2023_target05,process,4.481999999999999,-0.4740000000000002,9.647,2000.0,,0.011,-20.518,29.482
G_primary_paired_cost_contrasts,early_price/primary_paired_cost_contrasts.csv,DK2,,,,,,,,,,,,,,,,,,,,,,,,,,,,,,,,,,,,,,,,,,,,combined_hour_logit__count2023_target05,base_hour_logit__count2023_target05,process,4.413,-0.5409999999999999,9.5855,2000.0,,0.0115,-20.587,29.413
G_primary_paired_cost_contrasts,early_price/primary_paired_cost_contrasts.csv,DK2,,,,,,,,,,,,,,,,,,,,,,,,,,,,,,,,,,,,,,,,,,,,combined_hour_logit__count2023_target05,base_hour_logit__count2023_target05,process,4.343999999999999,-0.6080000000000001,9.524,2000.0,,0.012,-20.656,29.344
G_primary_paired_cost_contrasts,early_price/primary_paired_cost_contrasts.csv,DK2,,,,,,,,,,,,,,,,,,,,,,,,,,,,,,,,,,,,,,,,,,,,combined_hour_logit__count2023_target05,base_hour_logit__count2023_target05,process,4.275,-0.675,9.4625,2000.0,,0.0125,-20.725,29.275
G_primary_paired_cost_contrasts,early_price/primary_paired_cost_contrasts.csv,DK2,,,,,,,,,,,,,,,,,,,,,,,,,,,,,,,,,,,,,,,,,,,,combined_hour_logit__count2023_target05,base_hour_logit__count2023_target05,process,4.206,-0.7420000000000002,9.401,2000.0,,0.013,-20.794,29.206
G_primary_paired_cost_contrasts,early_price/primary_paired_cost_contrasts.csv,DK2,,,,,,,,,,,,,,,,,,,,,,,,,,,,,,,,,,,,,,,,,,,,combined_hour_logit__count2023_target05,base_hour_logit__count2023_target05,process,4.137,-0.8090000000000002,9.3395,2000.0,,0.0135,-20.863,29.137
G_primary_paired_cost_contrasts,early_price/primary_paired_cost_contrasts.csv,DK2,,,,,,,,,,,,,,,,,,,,,,,,,,,,,,,,,,,,,,,,,,,,combined_hour_logit__count2023_target05,base_hour_logit__count2023_target05,process,4.068,-0.8760000000000001,9.278,2000.0,,0.014,-20.932,29.068
G_primary_paired_cost_contrasts,early_price/primary_paired_cost_contrasts.csv,DK2,,,,,,,,,,,,,,,,,,,,,,,,,,,,,,,,,,,,,,,,,,,,combined_hour_logit__count2023_target05,base_hour_logit__count2023_target05,process,3.999,-0.943,9.2165,2000.0,,0.0145,-21.001,28.999
G_primary_paired_cost_contrasts,early_price/primary_paired_cost_contrasts.csv,DK2,,,,,,,,,,,,,,,,,,,,,,,,,,,,,,,,,,,,,,,,,,,,combined_hour_logit__count2023_target05,base_hour_logit__count2023_target05,process,3.93,-1.0099999999999998,9.155,2000.0,,0.015,-21.07,28.93
G_primary_paired_cost_contrasts,early_price/primary_paired_cost_contrasts.csv,DK2,,,,,,,,,,,,,,,,,,,,,,,,,,,,,,,,,,,,,,,,,,,,combined_hour_logit__count2023_target05,base_hour_logit__count2023_target05,process,3.24,-1.6800000000000002,8.54,2000.0,,0.02,-21.76,28.24
G_primary_paired_cost_contrasts,early_price/primary_paired_cost_contrasts.csv,DK2,,,,,,,,,,,,,,,,,,,,,,,,,,,,,,,,,,,,,,,,,,,,combined_hour_logit__count2023_target05,base_hour_logit__count2023_target05,process,1.8600000000000003,-3.02,7.290499999999997,2000.0,,0.03,-23.14,26.86
G_primary_paired_cost_contrasts,early_price/primary_paired_cost_contrasts.csv,DK2,,,,,,,,,,,,,,,,,,,,,,,,,,,,,,,,,,,,,,,,,,,,combined_hour_logit__count2023_target05,base_hour_logit__count2023_target05,process,-0.9000000000000004,-5.7,4.8,2000.0,,0.05,-25.9,24.1
G_primary_paired_cost_contrasts,early_price/primary_paired_cost_contrasts.csv,DK2,,,,,,,,,,,,,,,,,,,,,,,,,,,,,,,,,,,,,,,,,,,,combined_hour_logit__count2023_target05,base_hour_logit__count2023_target05,process,-7.800000000000001,-12.9,-1.700000000000001,2000.0,,0.1,-32.8,17.2
G_primary_paired_cost_contrasts,early_price/primary_paired_cost_contrasts.csv,DK2,,,,,,,,,,,,,,,,,,,,,,,,,,,,,,,,,,,,,,,,,,,,combined_hour_logit__count2023_target05,base_hour_logit__count2023_target05,process,-21.6,-27.6,-14.0,2000.0,,0.2,-46.6,3.3999999999999986
G_primary_paired_cost_contrasts,early_price/primary_paired_cost_contrasts.csv,DK2,,,,,,,,,,,,,,,,,,,,,,,,,,,,,,,,,,,,,,,,,,,,combined_hour_logit__count2023_target05,base_hour_logit__count2023_target05,process,-28.5,-35.0,-20.0,2000.0,,0.25,-53.5,-3.5
G_primary_paired_cost_contrasts,early_price/primary_paired_cost_contrasts.csv,DK2,,,,,,,,,,,,,,,,,,,,,,,,,,,,,,,,,,,,,,,,,,,,combined_hour_logit__count2023_target05,base_hour_logit__count2023_target05,process,-63.0,-73.0125,-48.5,2000.0,,0.5,-88.0,-38.0
G_primary_paired_cost_contrasts,early_price/primary_paired_cost_contrasts.csv,DK2,,,,,,,,,,,,,,,,,,,,,,,,,,,,,,,,,,,,,,,,,,,,combined_hour_logit__count2023_target05,base_hour_logit__count2023_target05,process,-132.0,-151.025,-104.0,2000.0,,1.0,-157.0,-107.0
G_primary_paired_cost_contrasts,early_price/primary_paired_cost_contrasts.csv,DK2,,,,,,,,,,,,,,,,,,,,,,,,,,,,,,,,,,,,,,,,,,,,combined_hour_logit__count2023_target05,base_hour_logit__count2023_target05,hour,23.0,11.0,34.0,2000.0,,0.0,-1.0499999999999543,47.04999999999996
G_primary_paired_cost_contrasts,early_price/primary_paired_cost_contrasts.csv,DK2,,,,,,,,,,,,,,,,,,,,,,,,,,,,,,,,,,,,,,,,,,,,combined_hour_logit__count2023_target05,base_hour_logit__count2023_target05,hour,22.931,10.9404875,33.934025,2000.0,,0.0005,-1.1189999999999536,46.98099999999995
G_primary_paired_cost_contrasts,early_price/primary_paired_cost_contrasts.csv,DK2,,,,,,,,,,,,,,,,,,,,,,,,,,,,,,,,,,,,,,,,,,,,combined_hour_logit__count2023_target05,base_hour_logit__count2023_target05,hour,22.862,10.880975,33.868050000000004,2000.0,,0.001,-1.1879999999999562,46.91199999999995
G_primary_paired_cost_contrasts,early_price/primary_paired_cost_contrasts.csv,DK2,,,,,,,,,,,,,,,,,,,,,,,,,,,,,,,,,,,,,,,,,,,,combined_hour_logit__count2023_target05,base_hour_logit__count2023_target05,hour,22.793,10.8214625,33.802075,2000.0,,0.0015,-1.2569999999999553,46.842999999999954
G_primary_paired_cost_contrasts,early_price/primary_paired_cost_contrasts.csv,DK2,,,,,,,,,,,,,,,,,,,,,,,,,,,,,,,,,,,,,,,,,,,,combined_hour_logit__count2023_target05,base_hour_logit__count2023_target05,hour,22.724,10.76195,33.73609999999999,2000.0,,0.002,-1.3259999999999543,46.77399999999996
G_primary_paired_cost_contrasts,early_price/primary_paired_cost_contrasts.csv,DK2,,,,,,,,,,,,,,,,,,,,,,,,,,,,,,,,,,,,,,,,,,,,combined_hour_logit__count2023_target05,base_hour_logit__count2023_target05,hour,22.655,10.7024375,33.670125,2000.0,,0.0025,-1.3949999999999534,46.70499999999996
G_primary_paired_cost_contrasts,early_price/primary_paired_cost_contrasts.csv,DK2,,,,,,,,,,,,,,,,,,,,,,,,,,,,,,,,,,,,,,,,,,,,combined_hour_logit__count2023_target05,base_hour_logit__count2023_target05,hour,22.586,10.642925,33.60415,2000.0,,0.003,-1.463999999999956,46.63599999999995
G_primary_paired_cost_contrasts,early_price/primary_paired_cost_contrasts.csv,DK2,,,,,,,,,,,,,,,,,,,,,,,,,,,,,,,,,,,,,,,,,,,,combined_hour_logit__count2023_target05,base_hour_logit__count2023_target05,hour,22.517,10.5834125,33.538174999999995,2000.0,,0.0035,-1.532999999999955,46.56699999999995
G_primary_paired_cost_contrasts,early_price/primary_paired_cost_contrasts.csv,DK2,,,,,,,,,,,,,,,,,,,,,,,,,,,,,,,,,,,,,,,,,,,,combined_hour_logit__count2023_target05,base_hour_logit__count2023_target05,hour,22.448,10.5239,33.4722,2000.0,,0.004,-1.601999999999954,46.49799999999996
G_primary_paired_cost_contrasts,early_price/primary_paired_cost_contrasts.csv,DK2,,,,,,,,,,,,,,,,,,,,,,,,,,,,,,,,,,,,,,,,,,,,combined_hour_logit__count2023_target05,base_hour_logit__count2023_target05,hour,22.379,10.4643875,33.406225,2000.0,,0.0045,-1.6709999999999532,46.42899999999996
G_primary_paired_cost_contrasts,early_price/primary_paired_cost_contrasts.csv,DK2,,,,,,,,,,,,,,,,,,,,,,,,,,,,,,,,,,,,,,,,,,,,combined_hour_logit__count2023_target05,base_hour_logit__count2023_target05,hour,22.31,10.404875,33.340250000000005,2000.0,,0.005,-1.7399999999999558,46.35999999999996
G_primary_paired_cost_contrasts,early_price/primary_paired_cost_contrasts.csv,DK2,,,,,,,,,,,,,,,,,,,,,,,,,,,,,,,,,,,,,,,,,,,,combined_hour_logit__count2023_target05,base_hour_logit__count2023_target05,hour,22.241,10.3453625,33.274275,2000.0,,0.0055,-1.8089999999999549,46.290999999999954
G_primary_paired_cost_contrasts,early_price/primary_paired_cost_contrasts.csv,DK2,,,,,,,,,,,,,,,,,,,,,,,,,,,,,,,,,,,,,,,,,,,,combined_hour_logit__count2023_target05,base_hour_logit__count2023_target05,hour,22.172,10.28585,33.208299999999994,2000.0,,0.006,-1.877999999999954,46.22199999999995
G_primary_paired_cost_contrasts,early_price/primary_paired_cost_contrasts.csv,DK2,,,,,,,,,,,,,,,,,,,,,,,,,,,,,,,,,,,,,,,,,,,,combined_hour_logit__count2023_target05,base_hour_logit__count2023_target05,hour,22.103,10.2263375,33.142325,2000.0,,0.0065,-1.946999999999953,46.15299999999996
G_primary_paired_cost_contrasts,early_price/primary_paired_cost_contrasts.csv,DK2,,,,,,,,,,,,,,,,,,,,,,,,,,,,,,,,,,,,,,,,,,,,combined_hour_logit__count2023_target05,base_hour_logit__count2023_target05,hour,22.034,10.166825,33.07635,2000.0,,0.007,-2.015999999999956,46.08399999999995
G_primary_paired_cost_contrasts,early_price/primary_paired_cost_contrasts.csv,DK2,,,,,,,,,,,,,,,,,,,,,,,,,,,,,,,,,,,,,,,,,,,,combined_hour_logit__count2023_target05,base_hour_logit__count2023_target05,hour,21.965,10.1073125,33.010375,2000.0,,0.0075,-2.0849999999999547,46.01499999999996
G_primary_paired_cost_contrasts,early_price/primary_paired_cost_contrasts.csv,DK2,,,,,,,,,,,,,,,,,,,,,,,,,,,,,,,,,,,,,,,,,,,,combined_hour_logit__count2023_target05,base_hour_logit__count2023_target05,hour,21.896,10.0478,32.9444,2000.0,,0.008,-2.1539999999999537,45.94599999999996
G_primary_paired_cost_contrasts,early_price/primary_paired_cost_contrasts.csv,DK2,,,,,,,,,,,,,,,,,,,,,,,,,,,,,,,,,,,,,,,,,,,,combined_hour_logit__count2023_target05,base_hour_logit__count2023_target05,hour,21.827,9.9882875,32.878425,2000.0,,0.0085,-2.2229999999999563,45.87699999999995
G_primary_paired_cost_contrasts,early_price/primary_paired_cost_contrasts.csv,DK2,,,,,,,,,,,,,,,,,,,,,,,,,,,,,,,,,,,,,,,,,,,,combined_hour_logit__count2023_target05,base_hour_logit__count2023_target05,hour,21.758,9.928775,32.81245,2000.0,,0.009,-2.2919999999999554,45.80799999999995
G_primary_paired_cost_contrasts,early_price/primary_paired_cost_contrasts.csv,DK2,,,,,,,,,,,,,,,,,,,,,,,,,,,,,,,,,,,,,,,,,,,,combined_hour_logit__count2023_target05,base_hour_logit__count2023_target05,hour,21.689,9.8692625,32.746475,2000.0,,0.0095,-2.3609999999999545,45.73899999999996
G_primary_paired_cost_contrasts,early_price/primary_paired_cost_contrasts.csv,DK2,,,,,,,,,,,,,,,,,,,,,,,,,,,,,,,,,,,,,,,,,,,,combined_hour_logit__count2023_target05,base_hour_logit__count2023_target05,hour,21.62,9.80975,32.680499999999995,2000.0,,0.01,-2.429999999999953,45.66999999999996
G_primary_paired_cost_contrasts,early_price/primary_paired_cost_contrasts.csv,DK2,,,,,,,,,,,,,,,,,,,,,,,,,,,,,,,,,,,,,,,,,,,,combined_hour_logit__count2023_target05,base_hour_logit__count2023_target05,hour,21.551,9.7502375,32.61452499999999,2000.0,,0.0105,-2.498999999999956,45.60099999999996
G_primary_paired_cost_contrasts,early_price/primary_paired_cost_contrasts.csv,DK2,,,,,,,,,,,,,,,,,,,,,,,,,,,,,,,,,,,,,,,,,,,,combined_hour_logit__count2023_target05,base_hour_logit__count2023_target05,hour,21.482,9.690725,32.54855,2000.0,,0.011,-2.567999999999955,45.531999999999954
G_primary_paired_cost_contrasts,early_price/primary_paired_cost_contrasts.csv,DK2,,,,,,,,,,,,,,,,,,,,,,,,,,,,,,,,,,,,,,,,,,,,combined_hour_logit__count2023_target05,base_hour_logit__count2023_target05,hour,21.413,9.631212499999998,32.482575,2000.0,,0.0115,-2.6369999999999543,45.46299999999995
G_primary_paired_cost_contrasts,early_price/primary_paired_cost_contrasts.csv,DK2,,,,,,,,,,,,,,,,,,,,,,,,,,,,,,,,,,,,,,,,,,,,combined_hour_logit__count2023_target05,base_hour_logit__count2023_target05,hour,21.344,9.5717,32.416599999999995,2000.0,,0.012,-2.7059999999999533,45.39399999999996
G_primary_paired_cost_contrasts,early_price/primary_paired_cost_contrasts.csv,DK2,,,,,,,,,,,,,,,,,,,,,,,,,,,,,,,,,,,,,,,,,,,,combined_hour_logit__count2023_target05,base_hour_logit__count2023_target05,hour,21.275,9.5121875,32.350625,2000.0,,0.0125,-2.774999999999956,45.32499999999995
G_primary_paired_cost_contrasts,early_price/primary_paired_cost_contrasts.csv,DK2,,,,,,,,,,,,,,,,,,,,,,,,,,,,,,,,,,,,,,,,,,,,combined_hour_logit__count2023_target05,base_hour_logit__count2023_target05,hour,21.206,9.452675,32.28464999999999,2000.0,,0.013,-2.843999999999955,45.25599999999996
G_primary_paired_cost_contrasts,early_price/primary_paired_cost_contrasts.csv,DK2,,,,,,,,,,,,,,,,,,,,,,,,,,,,,,,,,,,,,,,,,,,,combined_hour_logit__count2023_target05,base_hour_logit__count2023_target05,hour,21.137,9.3931625,32.21867499999999,2000.0,,0.0135,-2.912999999999954,45.18699999999996
G_primary_paired_cost_contrasts,early_price/primary_paired_cost_contrasts.csv,DK2,,,,,,,,,,,,,,,,,,,,,,,,,,,,,,,,,,,,,,,,,,,,combined_hour_logit__count2023_target05,base_hour_logit__count2023_target05,hour,21.068,9.33365,32.1527,2000.0,,0.014,-2.981999999999953,45.11799999999995
G_primary_paired_cost_contrasts,early_price/primary_paired_cost_contrasts.csv,DK2,,,,,,,,,,,,,,,,,,,,,,,,,,,,,,,,,,,,,,,,,,,,combined_hour_logit__count2023_target05,base_hour_logit__count2023_target05,hour,20.999,9.2741375,32.086724999999994,2000.0,,0.0145,-3.050999999999956,45.04899999999995
G_primary_paired_cost_contrasts,early_price/primary_paired_cost_contrasts.csv,DK2,,,,,,,,,,,,,,,,,,,,,,,,,,,,,,,,,,,,,,,,,,,,combined_hour_logit__count2023_target05,base_hour_logit__count2023_target05,hour,20.93,9.214625,32.02075,2000.0,,0.015,-3.119999999999955,44.979999999999954
G_primary_paired_cost_contrasts,early_price/primary_paired_cost_contrasts.csv,DK2,,,,,,,,,,,,,,,,,,,,,,,,,,,,,,,,,,,,,,,,,,,,combined_hour_logit__count2023_target05,base_hour_logit__count2023_target05,hour,20.24,8.6195,31.360999999999997,2000.0,,0.02,-3.809999999999956,44.28999999999995
G_primary_paired_cost_contrasts,early_price/primary_paired_cost_contrasts.csv,DK2,,,,,,,,,,,,,,,,,,,,,,,,,,,,,,,,,,,,,,,,,,,,combined_hour_logit__count2023_target05,base_hour_logit__count2023_target05,hour,18.86,7.398750000000001,30.04,2000.0,,0.03,-5.189999999999955,42.909999999999954
G_primary_paired_cost_contrasts,early_price/primary_paired_cost_contrasts.csv,DK2,,,,,,,,,,,,,,,,,,,,,,,,,,,,,,,,,,,,,,,,,,,,combined_hour_logit__count2023_target05,base_hour_logit__count2023_target05,hour,16.1,4.84875,27.20124999999999,2000.0,,0.05,-7.949999999999953,40.14999999999996
G_primary_paired_cost_contrasts,early_price/primary_paired_cost_contrasts.csv,DK2,,,,,,,,,,,,,,,,,,,,,,,,,,,,,,,,,,,,,,,,,,,,combined_hour_logit__count2023_target05,base_hour_logit__count2023_target05,hour,9.2,-1.9000000000000004,20.4,2000.0,,0.1,-14.849999999999955,33.24999999999996
G_primary_paired_cost_contrasts,early_price/primary_paired_cost_contrasts.csv,DK2,,,,,,,,,,,,,,,,,,,,,,,,,,,,,,,,,,,,,,,,,,,,combined_hour_logit__count2023_target05,base_hour_logit__count2023_target05,hour,-4.600000000000001,-15.400000000000002,7.399999999999999,2000.0,,0.2,-28.64999999999996,19.449999999999957
G_primary_paired_cost_contrasts,early_price/primary_paired_cost_contrasts.csv,DK2,,,,,,,,,,,,,,,,,,,,,,,,,,,,,,,,,,,,,,,,,,,,combined_hour_logit__count2023_target05,base_hour_logit__count2023_target05,hour,-11.5,-22.50625,0.7562499999999659,2000.0,,0.25,-35.549999999999955,12.549999999999956
G_primary_paired_cost_contrasts,early_price/primary_paired_cost_contrasts.csv,DK2,,,,,,,,,,,,,,,,,,,,,,,,,,,,,,,,,,,,,,,,,,,,combined_hour_logit__count2023_target05,base_hour_logit__count2023_target05,hour,-46.0,-59.0,-29.5,2000.0,,0.5,-70.04999999999995,-21.950000000000045
G_primary_paired_cost_contrasts,early_price/primary_paired_cost_contrasts.csv,DK2,,,,,,,,,,,,,,,,,,,,,,,,,,,,,,,,,,,,,,,,,,,,combined_hour_logit__count2023_target05,base_hour_logit__count2023_target05,hour,-115.0,-136.0,-88.0,2000.0,,1.0,-139.04999999999995,-90.95000000000005
G_primary_paired_cost_contrasts,early_price/primary_paired_cost_contrasts.csv,DK2,,,,,,,,,,,,,,,,,,,,,,,,,,,,,,,,,,,,,,,,,,,,price_hour_logit__top2,original_M0__top2,process,-14.0,-24.0,-3.0,2000.0,,0.0,-24.0,-4.0
G_primary_paired_cost_contrasts,early_price/primary_paired_cost_contrasts.csv,DK2,,,,,,,,,,,,,,,,,,,,,,,,,,,,,,,,,,,,,,,,,,,,price_hour_logit__top2,original_M0__top2,process,-14.0,-24.0,-3.0,2000.0,,0.0005,-24.0,-4.0
G_primary_paired_cost_contrasts,early_price/primary_paired_cost_contrasts.csv,DK2,,,,,,,,,,,,,,,,,,,,,,,,,,,,,,,,,,,,,,,,,,,,price_hour_logit__top2,original_M0__top2,process,-14.0,-24.0,-3.0,2000.0,,0.001,-24.0,-4.0
G_primary_paired_cost_contrasts,early_price/primary_paired_cost_contrasts.csv,DK2,,,,,,,,,,,,,,,,,,,,,,,,,,,,,,,,,,,,,,,,,,,,price_hour_logit__top2,original_M0__top2,process,-14.0,-24.0,-3.0,2000.0,,0.0015,-24.0,-4.0
G_primary_paired_cost_contrasts,early_price/primary_paired_cost_contrasts.csv,DK2,,,,,,,,,,,,,,,,,,,,,,,,,,,,,,,,,,,,,,,,,,,,price_hour_logit__top2,original_M0__top2,process,-14.0,-24.0,-3.0,2000.0,,0.002,-24.0,-4.0
G_primary_paired_cost_contrasts,early_price/primary_paired_cost_contrasts.csv,DK2,,,,,,,,,,,,,,,,,,,,,,,,,,,,,,,,,,,,,,,,,,,,price_hour_logit__top2,original_M0__top2,process,-14.0,-24.0,-3.0,2000.0,,0.0025,-24.0,-4.0
G_primary_paired_cost_contrasts,early_price/primary_paired_cost_contrasts.csv,DK2,,,,,,,,,,,,,,,,,,,,,,,,,,,,,,,,,,,,,,,,,,,,price_hour_logit__top2,original_M0__top2,process,-14.0,-24.0,-3.0,2000.0,,0.003,-24.0,-4.0
G_primary_paired_cost_contrasts,early_price/primary_paired_cost_contrasts.csv,DK2,,,,,,,,,,,,,,,,,,,,,,,,,,,,,,,,,,,,,,,,,,,,price_hour_logit__top2,original_M0__top2,process,-14.0,-24.0,-3.0,2000.0,,0.0035,-24.0,-4.0
G_primary_paired_cost_contrasts,early_price/primary_paired_cost_contrasts.csv,DK2,,,,,,,,,,,,,,,,,,,,,,,,,,,,,,,,,,,,,,,,,,,,price_hour_logit__top2,original_M0__top2,process,-14.0,-24.0,-3.0,2000.0,,0.004,-24.0,-4.0
G_primary_paired_cost_contrasts,early_price/primary_paired_cost_contrasts.csv,DK2,,,,,,,,,,,,,,,,,,,,,,,,,,,,,,,,,,,,,,,,,,,,price_hour_logit__top2,original_M0__top2,process,-14.0,-24.0,-3.0,2000.0,,0.0045,-24.0,-4.0
G_primary_paired_cost_contrasts,early_price/primary_paired_cost_contrasts.csv,DK2,,,,,,,,,,,,,,,,,,,,,,,,,,,,,,,,,,,,,,,,,,,,price_hour_logit__top2,original_M0__top2,process,-14.0,-24.0,-3.0,2000.0,,0.005,-24.0,-4.0
G_primary_paired_cost_contrasts,early_price/primary_paired_cost_contrasts.csv,DK2,,,,,,,,,,,,,,,,,,,,,,,,,,,,,,,,,,,,,,,,,,,,price_hour_logit__top2,original_M0__top2,process,-14.0,-24.0,-3.0,2000.0,,0.0055,-24.0,-4.0
G_primary_paired_cost_contrasts,early_price/primary_paired_cost_contrasts.csv,DK2,,,,,,,,,,,,,,,,,,,,,,,,,,,,,,,,,,,,,,,,,,,,price_hour_logit__top2,original_M0__top2,process,-14.0,-24.0,-3.0,2000.0,,0.006,-24.0,-4.0
G_primary_paired_cost_contrasts,early_price/primary_paired_cost_contrasts.csv,DK2,,,,,,,,,,,,,,,,,,,,,,,,,,,,,,,,,,,,,,,,,,,,price_hour_logit__top2,original_M0__top2,process,-14.0,-24.0,-3.0,2000.0,,0.0065,-24.0,-4.0
G_primary_paired_cost_contrasts,early_price/primary_paired_cost_contrasts.csv,DK2,,,,,,,,,,,,,,,,,,,,,,,,,,,,,,,,,,,,,,,,,,,,price_hour_logit__top2,original_M0__top2,process,-14.0,-24.0,-3.0,2000.0,,0.007,-24.0,-4.0
G_primary_paired_cost_contrasts,early_price/primary_paired_cost_contrasts.csv,DK2,,,,,,,,,,,,,,,,,,,,,,,,,,,,,,,,,,,,,,,,,,,,price_hour_logit__top2,original_M0__top2,process,-14.0,-24.0,-3.0,2000.0,,0.0075,-24.0,-4.0
G_primary_paired_cost_contrasts,early_price/primary_paired_cost_contrasts.csv,DK2,,,,,,,,,,,,,,,,,,,,,,,,,,,,,,,,,,,,,,,,,,,,price_hour_logit__top2,original_M0__top2,process,-14.0,-24.0,-3.0,2000.0,,0.008,-24.0,-4.0
G_primary_paired_cost_contrasts,early_price/primary_paired_cost_contrasts.csv,DK2,,,,,,,,,,,,,,,,,,,,,,,,,,,,,,,,,,,,,,,,,,,,price_hour_logit__top2,original_M0__top2,process,-14.0,-24.0,-3.0,2000.0,,0.0085,-24.0,-4.0
G_primary_paired_cost_contrasts,early_price/primary_paired_cost_contrasts.csv,DK2,,,,,,,,,,,,,,,,,,,,,,,,,,,,,,,,,,,,,,,,,,,,price_hour_logit__top2,original_M0__top2,process,-14.0,-24.0,-3.0,2000.0,,0.009,-24.0,-4.0
G_primary_paired_cost_contrasts,early_price/primary_paired_cost_contrasts.csv,DK2,,,,,,,,,,,,,,,,,,,,,,,,,,,,,,,,,,,,,,,,,,,,price_hour_logit__top2,original_M0__top2,process,-14.0,-24.0,-3.0,2000.0,,0.0095,-24.0,-4.0
G_primary_paired_cost_contrasts,early_price/primary_paired_cost_contrasts.csv,DK2,,,,,,,,,,,,,,,,,,,,,,,,,,,,,,,,,,,,,,,,,,,,price_hour_logit__top2,original_M0__top2,process,-14.0,-24.0,-3.0,2000.0,,0.01,-24.0,-4.0
G_primary_paired_cost_contrasts,early_price/primary_paired_cost_contrasts.csv,DK2,,,,,,,,,,,,,,,,,,,,,,,,,,,,,,,,,,,,,,,,,,,,price_hour_logit__top2,original_M0__top2,process,-14.0,-24.0,-3.0,2000.0,,0.0105,-24.0,-4.0
G_primary_paired_cost_contrasts,early_price/primary_paired_cost_contrasts.csv,DK2,,,,,,,,,,,,,,,,,,,,,,,,,,,,,,,,,,,,,,,,,,,,price_hour_logit__top2,original_M0__top2,process,-14.0,-24.0,-3.0,2000.0,,0.011,-24.0,-4.0
G_primary_paired_cost_contrasts,early_price/primary_paired_cost_contrasts.csv,DK2,,,,,,,,,,,,,,,,,,,,,,,,,,,,,,,,,,,,,,,,,,,,price_hour_logit__top2,original_M0__top2,process,-14.0,-24.0,-3.0,2000.0,,0.0115,-24.0,-4.0
G_primary_paired_cost_contrasts,early_price/primary_paired_cost_contrasts.csv,DK2,,,,,,,,,,,,,,,,,,,,,,,,,,,,,,,,,,,,,,,,,,,,price_hour_logit__top2,original_M0__top2,process,-14.0,-24.0,-3.0,2000.0,,0.012,-24.0,-4.0
G_primary_paired_cost_contrasts,early_price/primary_paired_cost_contrasts.csv,DK2,,,,,,,,,,,,,,,,,,,,,,,,,,,,,,,,,,,,,,,,,,,,price_hour_logit__top2,original_M0__top2,process,-14.0,-24.0,-3.0,2000.0,,0.0125,-24.0,-4.0
G_primary_paired_cost_contrasts,early_price/primary_paired_cost_contrasts.csv,DK2,,,,,,,,,,,,,,,,,,,,,,,,,,,,,,,,,,,,,,,,,,,,price_hour_logit__top2,original_M0__top2,process,-14.0,-24.0,-3.0,2000.0,,0.013,-24.0,-4.0
G_primary_paired_cost_contrasts,early_price/primary_paired_cost_contrasts.csv,DK2,,,,,,,,,,,,,,,,,,,,,,,,,,,,,,,,,,,,,,,,,,,,price_hour_logit__top2,original_M0__top2,process,-14.0,-24.0,-3.0,2000.0,,0.0135,-24.0,-4.0
G_primary_paired_cost_contrasts,early_price/primary_paired_cost_contrasts.csv,DK2,,,,,,,,,,,,,,,,,,,,,,,,,,,,,,,,,,,,,,,,,,,,price_hour_logit__top2,original_M0__top2,process,-14.0,-24.0,-3.0,2000.0,,0.014,-24.0,-4.0
G_primary_paired_cost_contrasts,early_price/primary_paired_cost_contrasts.csv,DK2,,,,,,,,,,,,,,,,,,,,,,,,,,,,,,,,,,,,,,,,,,,,price_hour_logit__top2,original_M0__top2,process,-14.0,-24.0,-3.0,2000.0,,0.0145,-24.0,-4.0
G_primary_paired_cost_contrasts,early_price/primary_paired_cost_contrasts.csv,DK2,,,,,,,,,,,,,,,,,,,,,,,,,,,,,,,,,,,,,,,,,,,,price_hour_logit__top2,original_M0__top2,process,-14.0,-24.0,-3.0,2000.0,,0.015,-24.0,-4.0
G_primary_paired_cost_contrasts,early_price/primary_paired_cost_contrasts.csv,DK2,,,,,,,,,,,,,,,,,,,,,,,,,,,,,,,,,,,,,,,,,,,,price_hour_logit__top2,original_M0__top2,process,-14.0,-24.0,-3.0,2000.0,,0.02,-24.0,-4.0
G_primary_paired_cost_contrasts,early_price/primary_paired_cost_contrasts.csv,DK2,,,,,,,,,,,,,,,,,,,,,,,,,,,,,,,,,,,,,,,,,,,,price_hour_logit__top2,original_M0__top2,process,-14.0,-24.0,-3.0,2000.0,,0.03,-24.0,-4.0
G_primary_paired_cost_contrasts,early_price/primary_paired_cost_contrasts.csv,DK2,,,,,,,,,,,,,,,,,,,,,,,,,,,,,,,,,,,,,,,,,,,,price_hour_logit__top2,original_M0__top2,process,-14.0,-24.0,-3.0,2000.0,,0.05,-24.0,-4.0
G_primary_paired_cost_contrasts,early_price/primary_paired_cost_contrasts.csv,DK2,,,,,,,,,,,,,,,,,,,,,,,,,,,,,,,,,,,,,,,,,,,,price_hour_logit__top2,original_M0__top2,process,-14.0,-24.0,-3.0,2000.0,,0.1,-24.0,-4.0
G_primary_paired_cost_contrasts,early_price/primary_paired_cost_contrasts.csv,DK2,,,,,,,,,,,,,,,,,,,,,,,,,,,,,,,,,,,,,,,,,,,,price_hour_logit__top2,original_M0__top2,process,-14.0,-24.0,-3.0,2000.0,,0.2,-24.0,-4.0
G_primary_paired_cost_contrasts,early_price/primary_paired_cost_contrasts.csv,DK2,,,,,,,,,,,,,,,,,,,,,,,,,,,,,,,,,,,,,,,,,,,,price_hour_logit__top2,original_M0__top2,process,-14.0,-24.0,-3.0,2000.0,,0.25,-24.0,-4.0
G_primary_paired_cost_contrasts,early_price/primary_paired_cost_contrasts.csv,DK2,,,,,,,,,,,,,,,,,,,,,,,,,,,,,,,,,,,,,,,,,,,,price_hour_logit__top2,original_M0__top2,process,-14.0,-24.0,-3.0,2000.0,,0.5,-24.0,-4.0
G_primary_paired_cost_contrasts,early_price/primary_paired_cost_contrasts.csv,DK2,,,,,,,,,,,,,,,,,,,,,,,,,,,,,,,,,,,,,,,,,,,,price_hour_logit__top2,original_M0__top2,process,-14.0,-24.0,-3.0,2000.0,,1.0,-24.0,-4.0
G_primary_paired_cost_contrasts,early_price/primary_paired_cost_contrasts.csv,DK2,,,,,,,,,,,,,,,,,,,,,,,,,,,,,,,,,,,,,,,,,,,,price_hour_logit__top2,original_M0__top2,hour,-85.0,-123.0,-55.0,2000.0,,0.0,-120.0,-50.0
G_primary_paired_cost_contrasts,early_price/primary_paired_cost_contrasts.csv,DK2,,,,,,,,,,,,,,,,,,,,,,,,,,,,,,,,,,,,,,,,,,,,price_hour_logit__top2,original_M0__top2,hour,-85.0,-123.0,-55.0,2000.0,,0.0005,-120.0,-50.0
G_primary_paired_cost_contrasts,early_price/primary_paired_cost_contrasts.csv,DK2,,,,,,,,,,,,,,,,,,,,,,,,,,,,,,,,,,,,,,,,,,,,price_hour_logit__top2,original_M0__top2,hour,-85.0,-123.0,-55.0,2000.0,,0.001,-120.0,-50.0
G_primary_paired_cost_contrasts,early_price/primary_paired_cost_contrasts.csv,DK2,,,,,,,,,,,,,,,,,,,,,,,,,,,,,,,,,,,,,,,,,,,,price_hour_logit__top2,original_M0__top2,hour,-85.0,-123.0,-55.0,2000.0,,0.0015,-120.0,-50.0
G_primary_paired_cost_contrasts,early_price/primary_paired_cost_contrasts.csv,DK2,,,,,,,,,,,,,,,,,,,,,,,,,,,,,,,,,,,,,,,,,,,,price_hour_logit__top2,original_M0__top2,hour,-85.0,-123.0,-55.0,2000.0,,0.002,-120.0,-50.0
G_primary_paired_cost_contrasts,early_price/primary_paired_cost_contrasts.csv,DK2,,,,,,,,,,,,,,,,,,,,,,,,,,,,,,,,,,,,,,,,,,,,price_hour_logit__top2,original_M0__top2,hour,-85.0,-123.0,-55.0,2000.0,,0.0025,-120.0,-50.0
G_primary_paired_cost_contrasts,early_price/primary_paired_cost_contrasts.csv,DK2,,,,,,,,,,,,,,,,,,,,,,,,,,,,,,,,,,,,,,,,,,,,price_hour_logit__top2,original_M0__top2,hour,-85.0,-123.0,-55.0,2000.0,,0.003,-120.0,-50.0
G_primary_paired_cost_contrasts,early_price/primary_paired_cost_contrasts.csv,DK2,,,,,,,,,,,,,,,,,,,,,,,,,,,,,,,,,,,,,,,,,,,,price_hour_logit__top2,original_M0__top2,hour,-85.0,-123.0,-55.0,2000.0,,0.0035,-120.0,-50.0
G_primary_paired_cost_contrasts,early_price/primary_paired_cost_contrasts.csv,DK2,,,,,,,,,,,,,,,,,,,,,,,,,,,,,,,,,,,,,,,,,,,,price_hour_logit__top2,original_M0__top2,hour,-85.0,-123.0,-55.0,2000.0,,0.004,-120.0,-50.0
G_primary_paired_cost_contrasts,early_price/primary_paired_cost_contrasts.csv,DK2,,,,,,,,,,,,,,,,,,,,,,,,,,,,,,,,,,,,,,,,,,,,price_hour_logit__top2,original_M0__top2,hour,-85.0,-123.0,-55.0,2000.0,,0.0045,-120.0,-50.0
G_primary_paired_cost_contrasts,early_price/primary_paired_cost_contrasts.csv,DK2,,,,,,,,,,,,,,,,,,,,,,,,,,,,,,,,,,,,,,,,,,,,price_hour_logit__top2,original_M0__top2,hour,-85.0,-123.0,-55.0,2000.0,,0.005,-120.0,-50.0
G_primary_paired_cost_contrasts,early_price/primary_paired_cost_contrasts.csv,DK2,,,,,,,,,,,,,,,,,,,,,,,,,,,,,,,,,,,,,,,,,,,,price_hour_logit__top2,original_M0__top2,hour,-85.0,-123.0,-55.0,2000.0,,0.0055,-120.0,-50.0
G_primary_paired_cost_contrasts,early_price/primary_paired_cost_contrasts.csv,DK2,,,,,,,,,,,,,,,,,,,,,,,,,,,,,,,,,,,,,,,,,,,,price_hour_logit__top2,original_M0__top2,hour,-85.0,-123.0,-55.0,2000.0,,0.006,-120.0,-50.0
G_primary_paired_cost_contrasts,early_price/primary_paired_cost_contrasts.csv,DK2,,,,,,,,,,,,,,,,,,,,,,,,,,,,,,,,,,,,,,,,,,,,price_hour_logit__top2,original_M0__top2,hour,-85.0,-123.0,-55.0,2000.0,,0.0065,-120.0,-50.0
G_primary_paired_cost_contrasts,early_price/primary_paired_cost_contrasts.csv,DK2,,,,,,,,,,,,,,,,,,,,,,,,,,,,,,,,,,,,,,,,,,,,price_hour_logit__top2,original_M0__top2,hour,-85.0,-123.0,-55.0,2000.0,,0.007,-120.0,-50.0
G_primary_paired_cost_contrasts,early_price/primary_paired_cost_contrasts.csv,DK2,,,,,,,,,,,,,,,,,,,,,,,,,,,,,,,,,,,,,,,,,,,,price_hour_logit__top2,original_M0__top2,hour,-85.0,-123.0,-55.0,2000.0,,0.0075,-120.0,-50.0
G_primary_paired_cost_contrasts,early_price/primary_paired_cost_contrasts.csv,DK2,,,,,,,,,,,,,,,,,,,,,,,,,,,,,,,,,,,,,,,,,,,,price_hour_logit__top2,original_M0__top2,hour,-85.0,-123.0,-55.0,2000.0,,0.008,-120.0,-50.0
G_primary_paired_cost_contrasts,early_price/primary_paired_cost_contrasts.csv,DK2,,,,,,,,,,,,,,,,,,,,,,,,,,,,,,,,,,,,,,,,,,,,price_hour_logit__top2,original_M0__top2,hour,-85.0,-123.0,-55.0,2000.0,,0.0085,-120.0,-50.0
G_primary_paired_cost_contrasts,early_price/primary_paired_cost_contrasts.csv,DK2,,,,,,,,,,,,,,,,,,,,,,,,,,,,,,,,,,,,,,,,,,,,price_hour_logit__top2,original_M0__top2,hour,-85.0,-123.0,-55.0,2000.0,,0.009,-120.0,-50.0
G_primary_paired_cost_contrasts,early_price/primary_paired_cost_contrasts.csv,DK2,,,,,,,,,,,,,,,,,,,,,,,,,,,,,,,,,,,,,,,,,,,,price_hour_logit__top2,original_M0__top2,hour,-85.0,-123.0,-55.0,2000.0,,0.0095,-120.0,-50.0
G_primary_paired_cost_contrasts,early_price/primary_paired_cost_contrasts.csv,DK2,,,,,,,,,,,,,,,,,,,,,,,,,,,,,,,,,,,,,,,,,,,,price_hour_logit__top2,original_M0__top2,hour,-85.0,-123.0,-55.0,2000.0,,0.01,-120.0,-50.0
G_primary_paired_cost_contrasts,early_price/primary_paired_cost_contrasts.csv,DK2,,,,,,,,,,,,,,,,,,,,,,,,,,,,,,,,,,,,,,,,,,,,price_hour_logit__top2,original_M0__top2,hour,-85.0,-123.0,-55.0,2000.0,,0.0105,-120.0,-50.0
G_primary_paired_cost_contrasts,early_price/primary_paired_cost_contrasts.csv,DK2,,,,,,,,,,,,,,,,,,,,,,,,,,,,,,,,,,,,,,,,,,,,price_hour_logit__top2,original_M0__top2,hour,-85.0,-123.0,-55.0,2000.0,,0.011,-120.0,-50.0
G_primary_paired_cost_contrasts,early_price/primary_paired_cost_contrasts.csv,DK2,,,,,,,,,,,,,,,,,,,,,,,,,,,,,,,,,,,,,,,,,,,,price_hour_logit__top2,original_M0__top2,hour,-85.0,-123.0,-55.0,2000.0,,0.0115,-120.0,-50.0
G_primary_paired_cost_contrasts,early_price/primary_paired_cost_contrasts.csv,DK2,,,,,,,,,,,,,,,,,,,,,,,,,,,,,,,,,,,,,,,,,,,,price_hour_logit__top2,original_M0__top2,hour,-85.0,-123.0,-55.0,2000.0,,0.012,-120.0,-50.0
G_primary_paired_cost_contrasts,early_price/primary_paired_cost_contrasts.csv,DK2,,,,,,,,,,,,,,,,,,,,,,,,,,,,,,,,,,,,,,,,,,,,price_hour_logit__top2,original_M0__top2,hour,-85.0,-123.0,-55.0,2000.0,,0.0125,-120.0,-50.0
G_primary_paired_cost_contrasts,early_price/primary_paired_cost_contrasts.csv,DK2,,,,,,,,,,,,,,,,,,,,,,,,,,,,,,,,,,,,,,,,,,,,price_hour_logit__top2,original_M0__top2,hour,-85.0,-123.0,-55.0,2000.0,,0.013,-120.0,-50.0
G_primary_paired_cost_contrasts,early_price/primary_paired_cost_contrasts.csv,DK2,,,,,,,,,,,,,,,,,,,,,,,,,,,,,,,,,,,,,,,,,,,,price_hour_logit__top2,original_M0__top2,hour,-85.0,-123.0,-55.0,2000.0,,0.0135,-120.0,-50.0
G_primary_paired_cost_contrasts,early_price/primary_paired_cost_contrasts.csv,DK2,,,,,,,,,,,,,,,,,,,,,,,,,,,,,,,,,,,,,,,,,,,,price_hour_logit__top2,original_M0__top2,hour,-85.0,-123.0,-55.0,2000.0,,0.014,-120.0,-50.0
G_primary_paired_cost_contrasts,early_price/primary_paired_cost_contrasts.csv,DK2,,,,,,,,,,,,,,,,,,,,,,,,,,,,,,,,,,,,,,,,,,,,price_hour_logit__top2,original_M0__top2,hour,-85.0,-123.0,-55.0,2000.0,,0.0145,-120.0,-50.0
G_primary_paired_cost_contrasts,early_price/primary_paired_cost_contrasts.csv,DK2,,,,,,,,,,,,,,,,,,,,,,,,,,,,,,,,,,,,,,,,,,,,price_hour_logit__top2,original_M0__top2,hour,-85.0,-123.0,-55.0,2000.0,,0.015,-120.0,-50.0
G_primary_paired_cost_contrasts,early_price/primary_paired_cost_contrasts.csv,DK2,,,,,,,,,,,,,,,,,,,,,,,,,,,,,,,,,,,,,,,,,,,,price_hour_logit__top2,original_M0__top2,hour,-85.0,-123.0,-55.0,2000.0,,0.02,-120.0,-50.0
G_primary_paired_cost_contrasts,early_price/primary_paired_cost_contrasts.csv,DK2,,,,,,,,,,,,,,,,,,,,,,,,,,,,,,,,,,,,,,,,,,,,price_hour_logit__top2,original_M0__top2,hour,-85.0,-123.0,-55.0,2000.0,,0.03,-120.0,-50.0
G_primary_paired_cost_contrasts,early_price/primary_paired_cost_contrasts.csv,DK2,,,,,,,,,,,,,,,,,,,,,,,,,,,,,,,,,,,,,,,,,,,,price_hour_logit__top2,original_M0__top2,hour,-85.0,-123.0,-55.0,2000.0,,0.05,-120.0,-50.0
G_primary_paired_cost_contrasts,early_price/primary_paired_cost_contrasts.csv,DK2,,,,,,,,,,,,,,,,,,,,,,,,,,,,,,,,,,,,,,,,,,,,price_hour_logit__top2,original_M0__top2,hour,-85.0,-123.0,-55.0,2000.0,,0.1,-120.0,-50.0
G_primary_paired_cost_contrasts,early_price/primary_paired_cost_contrasts.csv,DK2,,,,,,,,,,,,,,,,,,,,,,,,,,,,,,,,,,,,,,,,,,,,price_hour_logit__top2,original_M0__top2,hour,-85.0,-123.0,-55.0,2000.0,,0.2,-120.0,-50.0
G_primary_paired_cost_contrasts,early_price/primary_paired_cost_contrasts.csv,DK2,,,,,,,,,,,,,,,,,,,,,,,,,,,,,,,,,,,,,,,,,,,,price_hour_logit__top2,original_M0__top2,hour,-85.0,-123.0,-55.0,2000.0,,0.25,-120.0,-50.0
G_primary_paired_cost_contrasts,early_price/primary_paired_cost_contrasts.csv,DK2,,,,,,,,,,,,,,,,,,,,,,,,,,,,,,,,,,,,,,,,,,,,price_hour_logit__top2,original_M0__top2,hour,-85.0,-123.0,-55.0,2000.0,,0.5,-120.0,-50.0
G_primary_paired_cost_contrasts,early_price/primary_paired_cost_contrasts.csv,DK2,,,,,,,,,,,,,,,,,,,,,,,,,,,,,,,,,,,,,,,,,,,,price_hour_logit__top2,original_M0__top2,hour,-85.0,-123.0,-55.0,2000.0,,1.0,-120.0,-50.0
