panel,source_file,persistence,drift,model,policy,BS_mean,probability_MAE_mean,N_mean,C_mean,processes_mean,utility_r005_mean,hits_mean,false_mean,changed_slots_mean,marginal_MAE_mean,gate_crossings_mean,BS_MCSE,probability_MAE_MCSE,N_MCSE,C_MCSE,processes_MCSE,utility_r005_MCSE,hits_MCSE,false_MCSE,changed_slots_MCSE,marginal_MAE_MCSE,gate_crossings_MCSE,scenario,metric,candidate,reference,difference_mean,paired_MCSE,MC_interval_lower,MC_interval_upper,replications,mode,estimate,MCSE,truth,execution_status,contrast,df,count,n_calibration,n_selection,n_test,seed,binomial_MCSE,value_json
narrow_means_MCSE,simulations/summary.csv,0.0,False,margin_far,Gate,0.0517481661406574,0.0022472067661458,62.425,2.005,17.2875,1.692875,22.2125,40.2125,0.0,0.0017186458333333,0.0,0.0004225241202432,4.620143267902176e-05,0.4973850794839276,0.0676304086964667,0.1216515809303649,0.0676088926610592,0.272932390161002,0.386852681090836,0.0,3.5334487668892265e-05,0.0,narrow,,,,,,,,,,,,,,,,,,,,,,
narrow_means_MCSE,simulations/summary.csv,0.0,False,margin_far,RiseCooldown,0.0517481661406574,0.0022472067661458,62.425,7.5425,17.2875,7.230375,20.63,41.795,1.28,0.0017186458333333,0.0,0.0004225241202432,4.620143267902176e-05,0.4973850794839276,0.1107979007564226,0.1216515809303649,0.1102641747987424,0.2519502874942217,0.3788353574709935,0.1163522436892767,3.5334487668892265e-05,0.0,narrow,,,,,,,,,,,,,,,,,,,,,,
narrow_means_MCSE,simulations/summary.csv,0.0,False,margin_far,Top2,0.0517481661406574,0.0022472067661458,240.0,2.0125,17.2875,0.8125,22.225,217.775,0.0,0.0017186458333333,0.0,0.0004225241202432,4.620143267902176e-05,0.0,0.0674888601222564,0.1216515809303649,0.0674888601222564,0.2731253028880596,0.2731253028880595,0.0,3.5334487668892265e-05,0.0,narrow,,,,,,,,,,,,,,,,,,,,,,
narrow_means_MCSE,simulations/summary.csv,0.0,False,margin_near,Gate,0.0517290668820411,0.0020229295779225,62.4225,1.94,17.2875,1.6278875,22.24,40.1825,23.4575,0.0017186458333333,100.0675,0.0004240124803206,4.159102798781448e-05,0.4975982258417949,0.0648190077014335,0.1216515809303649,0.0647956368979571,0.271874584089216,0.3822804339755061,0.5512987485478049,3.5334487668892265e-05,2.070667529909996,narrow,,,,,,,,,,,,,,,,,,,,,,
narrow_means_MCSE,simulations/summary.csv,0.0,False,margin_near,RiseCooldown,0.0517290668820411,0.0020229295779225,62.3975,6.4725,17.2875,6.160512499999999,20.475,41.9225,47.1025,0.0017186458333333,100.0675,0.0004240124803206,4.159102798781448e-05,0.4981154805412968,0.109444298669589,0.1216515809303649,0.1091261361732359,0.2445873974420363,0.3858606685239952,0.8329552933241325,3.5334487668892265e-05,2.070667529909996,narrow,,,,,,,,,,,,,,,,,,,,,,
narrow_means_MCSE,simulations/summary.csv,0.0,False,margin_near,Top2,0.0517290668820411,0.0020229295779225,240.0,1.9475,17.2875,0.7475,22.255,217.745,23.46,0.0017186458333333,0.0,0.0004240124803206,4.159102798781448e-05,0.0,0.0645932666788932,0.1216515809303649,0.0645932666788932,0.2720016539460256,0.2720016539460255,0.5514810316962879,3.5334487668892265e-05,0.0,narrow,,,,,,,,,,,,,,,,,,,,,,
narrow_means_MCSE,simulations/summary.csv,0.0,False,oracle,Gate,0.0516452831167853,0.0,62.425,2.005,17.2875,1.692875,22.2125,40.2125,0.0,0.0,0.0,0.0004221882946094,0.0,0.4973850794839276,0.0676304086964667,0.1216515809303649,0.0676088926610592,0.272932390161002,0.386852681090836,0.0,0.0,0.0,narrow,,,,,,,,,,,,,,,,,,,,,,
narrow_means_MCSE,simulations/summary.csv,0.0,False,oracle,RiseCooldown,0.0516452831167853,0.0,62.425,7.5425,17.2875,7.230375,20.64,41.785,0.0,0.0,0.0,0.0004221882946094,0.0,0.4973850794839276,0.1107979007564226,0.1216515809303649,0.1102641747987424,0.2507902297705611,0.3791521176530626,0.0,0.0,0.0,narrow,,,,,,,,,,,,,,,,,,,,,,
narrow_means_MCSE,simulations/summary.csv,0.0,False,oracle,Top2,0.0516452831167853,0.0,240.0,2.0125,17.2875,0.8125,22.225,217.775,0.0,0.0,0.0,0.0004221882946094,0.0,0.0,0.0674888601222564,0.1216515809303649,0.0674888601222564,0.2731253028880596,0.2731253028880595,0.0,0.0,0.0,narrow,,,,,,,,,,,,,,,,,,,,,,
narrow_means_MCSE,simulations/summary.csv,0.0,False,wrong_dependence,Gate,0.0517745081256866,0.0057717904563015,62.425,2.005,17.2875,1.692875,22.2125,40.2125,0.0,0.0,354.48,0.000425165185152,4.640216623863941e-05,0.4973850794839276,0.0676304086964667,0.1216515809303649,0.0676088926610592,0.272932390161002,0.386852681090836,0.0,0.0,3.216603853581785,narrow,,,,,,,,,,,,,,,,,,,,,,
narrow_means_MCSE,simulations/summary.csv,0.0,False,wrong_dependence,RiseCooldown,0.0517745081256866,0.0057717904563015,37.105,3.72,17.2875,3.534475,13.9425,23.1625,76.635,0.0,354.48,0.000425165185152,4.640216623863941e-05,0.3166395252845592,0.0932778209420612,0.1216515809303649,0.0927649777728129,0.2103475686193214,0.2290390394211155,0.691483775681017,0.0,3.216603853581785,narrow,,,,,,,,,,,,,,,,,,,,,,
narrow_means_MCSE,simulations/summary.csv,0.0,False,wrong_dependence,Top2,0.0517745081256866,0.0057717904563015,240.0,2.0125,17.2875,0.8125,22.225,217.775,0.0,0.0,0.0,0.000425165185152,4.640216623863941e-05,0.0,0.0674888601222564,0.1216515809303649,0.0674888601222564,0.2731253028880596,0.2731253028880595,0.0,0.0,0.0,narrow,,,,,,,,,,,,,,,,,,,,,,
narrow_means_MCSE,simulations/summary.csv,0.0,True,margin_far,Gate,0.088176598911301,0.0055155244557291,104.795,1.6525,17.0125,1.128525,41.95,62.845,0.0,0.0042182291666666,0.0,0.0004587953840049,7.15859735212948e-05,0.512837638643092,0.0645350393449802,0.1074580264271079,0.0649398135537706,0.3558938057939561,0.4144506736660657,0.0,5.474838228993631e-05,0.0,narrow,,,,,,,,,,,,,,,,,,,,,,
narrow_means_MCSE,simulations/summary.csv,0.0,True,margin_far,RiseCooldown,0.088176598911301,0.0055155244557291,104.795,8.2425,17.0125,7.718525,38.315,66.48,7.06,0.0042182291666666,0.0,0.0004587953840049,7.15859735212948e-05,0.512837638643092,0.1207089931511688,0.1074580264271079,0.1212197312488672,0.3401708806911248,0.408124262368503,0.3023566583890298,5.474838228993631e-05,0.0,narrow,,,,,,,,,,,,,,,,,,,,,,
narrow_means_MCSE,simulations/summary.csv,0.0,True,margin_far,Top2,0.088176598911301,0.0055155244557291,240.0,1.6525,17.0125,0.4525,41.955,198.045,0.0,0.0042182291666666,0.0,0.0004587953840049,7.15859735212948e-05,0.0,0.0645350393449802,0.1074580264271079,0.0645350393449801,0.355842658338955,0.3558426583389549,0.0,5.474838228993631e-05,0.0,narrow,,,,,,,,,,,,,,,,,,,,,,
narrow_means_MCSE,simulations/summary.csv,0.0,True,margin_near,Gate,0.0881059281497767,0.0049649180564415,104.7175,1.6775,17.0125,1.1539125,41.92,62.7975,57.5525,0.0042182291666666,245.675,0.0004616277430807,6.44367678130226e-05,0.5116382203729174,0.0621965062400709,0.1074580264271079,0.0627755281095504,0.3301803259115352,0.4021293378826828,0.818232467151452,5.474838228993631e-05,3.196202859534771,narrow,,,,,,,,,,,,,,,,,,,,,,
narrow_means_MCSE,simulations/summary.csv,0.0,True,margin_near,RiseCooldown,0.0881059281497767,0.0049649180564415,104.405,7.005,17.0125,6.482975,37.8275,66.5775,98.03,0.0042182291666666,245.675,0.0004616277430807,6.44367678130226e-05,0.5113032515421684,0.1121667998003135,0.1074580264271079,0.1125738746515934,0.329721321344819,0.4369924374069613,0.7777193378212042,5.474838228993631e-05,3.196202859534771,narrow,,,,,,,,,,,,,,,,,,,,,,
narrow_means_MCSE,simulations/summary.csv,0.0,True,margin_near,Top2,0.0881059281497767,0.0049649180564415,240.0,1.6775,17.0125,0.4775,41.935,198.065,57.595,0.0042182291666666,0.0,0.0004616277430807,6.44367678130226e-05,0.0,0.0621965062400709,0.1074580264271079,0.0621965062400708,0.3306815889692197,0.3306815889692198,0.8228960031985819,5.474838228993631e-05,0.0,narrow,,,,,,,,,,,,,,,,,,,,,,
narrow_means_MCSE,simulations/summary.csv,0.0,True,oracle,Gate,0.0879171364116357,0.0,104.795,1.6525,17.0125,1.128525,41.95,62.845,0.0,0.0,0.0,0.0004579158539698,0.0,0.512837638643092,0.0645350393449802,0.1074580264271079,0.0649398135537706,0.3558938057939561,0.4144506736660657,0.0,0.0,0.0,narrow,,,,,,,,,,,,,,,,,,,,,,
narrow_means_MCSE,simulations/summary.csv,0.0,True,oracle,RiseCooldown,0.0879171364116357,0.0,104.795,8.2425,17.0125,7.718525,38.155,66.64,0.0,0.0,0.0,0.0004579158539698,0.0,0.512837638643092,0.1207089931511688,0.1074580264271079,0.1212197312488672,0.3371373480922823,0.4117795599772257,0.0,0.0,0.0,narrow,,,,,,,,,,,,,,,,,,,,,,
narrow_means_MCSE,simulations/summary.csv,0.0,True,oracle,Top2,0.0879171364116357,0.0,240.0,1.6525,17.0125,0.4525,41.955,198.045,0.0,0.0,0.0,0.0004579158539698,0.0,0.0,0.0645350393449802,0.1074580264271079,0.0645350393449801,0.355842658338955,0.3558426583389549,0.0,0.0,0.0,narrow,,,,,,,,,,,,,,,,,,,,,,
narrow_means_MCSE,simulations/summary.csv,0.0,True,wrong_dependence,Gate,0.0881137145865001,0.0092637993370791,104.795,1.6525,17.0125,1.128525,41.95,62.845,0.0,0.0,531.09,0.0004627598540221,4.642664794716061e-05,0.512837638643092,0.0645350393449802,0.1074580264271079,0.0649398135537706,0.3558938057939561,0.4144506736660657,0.0,0.0,3.413907829257648,narrow,,,,,,,,,,,,,,,,,,,,,,
narrow_means_MCSE,simulations/summary.csv,0.0,True,wrong_dependence,RiseCooldown,0.0881137145865001,0.0092637993370791,66.86,4.7475,17.0125,4.4132,27.66,39.2,117.76,0.0,531.09,0.0004627598540221,4.642664794716061e-05,0.3775013485676918,0.0998588446113702,0.1074580264271079,0.099584585273325,0.2846947976685714,0.2676126703902178,0.7212013091507824,0.0,3.413907829257648,narrow,,,,,,,,,,,,,,,,,,,,,,
narrow_means_MCSE,simulations/summary.csv,0.0,True,wrong_dependence,Top2,0.0881137145865001,0.0092637993370791,240.0,1.6525,17.0125,0.4525,41.955,198.045,0.0,0.0,0.0,0.0004627598540221,4.642664794716061e-05,0.0,0.0645350393449802,0.1074580264271079,0.0645350393449801,0.355842658338955,0.3558426583389549,0.0,0.0,0.0,narrow,,,,,,,,,,,,,,,,,,,,,,
narrow_means_MCSE,simulations/summary.csv,0.65,False,margin_far,Gate,0.0533817603048228,0.002212789847581,64.375,0.86,7.82,0.538125,23.3925,40.9825,1.185,0.0016923958333333,0.0,0.000824839043662,8.513741207965846e-05,0.9864106408494148,0.0467060342363298,0.0954818934665095,0.046154929636626,0.4429719740564845,0.7027821435039951,0.3435250517107627,6.511803653426953e-05,0.0,narrow,,,,,,,,,,,,,,,,,,,,,,
narrow_means_MCSE,simulations/summary.csv,0.65,False,margin_far,RiseCooldown,0.0533817603048228,0.002212789847581,64.375,3.4,7.82,3.078125,21.7575,42.6175,16.095,0.0016923958333333,0.0,0.000824839043662,8.513741207965846e-05,0.9864106408494148,0.076170893473369,0.0954818934665095,0.0751774131275403,0.4121393958103828,0.7135129544833354,0.8197147480498481,6.511803653426953e-05,0.0,narrow,,,,,,,,,,,,,,,,,,,,,,
narrow_means_MCSE,simulations/summary.csv,0.65,False,margin_far,Top2,0.0533817603048228,0.002212789847581,240.0,0.8725,7.82,-0.3274999999999999,23.41,216.59,1.185,0.0016923958333333,0.0,0.000824839043662,8.513741207965846e-05,0.0,0.047129208360652,0.0954818934665095,0.047129208360652,0.4426280028106902,0.4426280028106902,0.3435250517107627,6.511803653426953e-05,0.0,narrow,,,,,,,,,,,,,,,,,,,,,,
narrow_means_MCSE,simulations/summary.csv,0.65,False,margin_near,Gate,0.053376769965734,0.002975504984518,57.3925,0.77,7.82,0.4830375,21.5725,35.82,27.9025,0.0016923958333333,147.485,0.0008244839422571,0.0001436271967915,1.3697624730062283,0.0466174104535364,0.0954818934665095,0.0447924155573578,0.5426883414676531,0.9430627861104296,0.9759809585507468,6.511803653426953e-05,7.11567945968144,narrow,,,,,,,,,,,,,,,,,,,,,,
narrow_means_MCSE,simulations/summary.csv,0.65,False,margin_near,RiseCooldown,0.053376769965734,0.002975504984518,57.2375,2.6825,7.82,2.3963125,19.64,37.5975,45.5475,0.0016923958333333,147.485,0.0008244839422571,0.0001436271967915,1.366825066084974,0.0794986443982089,0.0954818934665095,0.0760877690309002,0.5066485288931314,0.9592388034687718,1.1706335107180386,6.511803653426953e-05,7.11567945968144,narrow,,,,,,,,,,,,,,,,,,,,,,
narrow_means_MCSE,simulations/summary.csv,0.65,False,margin_near,Top2,0.053376769965734,0.002975504984518,240.0,0.905,7.82,-0.295,23.5,216.5,21.01,0.0016923958333333,0.0,0.0008244839422571,0.0001436271967915,0.0,0.0467214590615715,0.0954818934665095,0.0467214590615715,0.4510222307509675,0.4510222307509671,0.8972247659877397,6.511803653426953e-05,0.0,narrow,,,,,,,,,,,,,,,,,,,,,,
narrow_means_MCSE,simulations/summary.csv,0.65,False,oracle,Gate,0.0532686431986006,0.0,64.375,0.86,7.82,0.538125,23.425,40.95,0.0,0.0,0.0,0.0008233137279432,0.0,0.9864106408494148,0.0467060342363298,0.0954818934665095,0.046154929636626,0.4447109815856329,0.7053812137005094,0.0,0.0,0.0,narrow,,,,,,,,,,,,,,,,,,,,,,
narrow_means_MCSE,simulations/summary.csv,0.65,False,oracle,RiseCooldown,0.0532686431986006,0.0,64.375,3.405,7.82,3.083125,21.535,42.84,0.0,0.0,0.0,0.0008233137279432,0.0,0.9864106408494148,0.0762691284195295,0.0954818934665095,0.0752897408258359,0.4012785799751431,0.716349349812955,0.0,0.0,0.0,narrow,,,,,,,,,,,,,,,,,,,,,,
narrow_means_MCSE,simulations/summary.csv,0.65,False,oracle,Top2,0.0532686431986006,0.0,240.0,0.8725,7.82,-0.3274999999999999,23.4425,216.5575,0.0,0.0,0.0,0.0008233137279432,0.0,0.0,0.047129208360652,0.0954818934665095,0.047129208360652,0.4444074474210667,0.4444074474210668,0.0,0.0,0.0,narrow,,,,,,,,,,,,,,,,,,,,,,
narrow_means_MCSE,simulations/summary.csv,0.65,False,wrong_dependence,Gate,0.0534034465095893,0.0059530817106374,64.375,0.86,7.82,0.538125,23.425,40.95,0.0,0.0,366.03,0.0008270115315658,9.35392822850771e-05,0.9864106408494148,0.0467060342363298,0.0954818934665095,0.046154929636626,0.4447109815856329,0.7053812137005094,0.0,0.0,6.6719250753082,narrow,,,,,,,,,,,,,,,,,,,,,,
narrow_means_MCSE,simulations/summary.csv,0.65,False,wrong_dependence,RiseCooldown,0.0534034465095893,0.0059530817106374,38.23,1.685,7.82,1.49385,14.525,23.705,91.985,0.0,366.03,0.0008270115315658,9.35392822850771e-05,0.6198615335718171,0.0579684254216436,0.0954818934665095,0.0569836668658106,0.341562732525998,0.3822436566283101,1.4799324097212545,0.0,6.6719250753082,narrow,,,,,,,,,,,,,,,,,,,,,,
narrow_means_MCSE,simulations/summary.csv,0.65,False,wrong_dependence,Top2,0.0534034465095893,0.0059530817106374,240.0,0.8725,7.82,-0.3274999999999999,23.4425,216.5575,0.0,0.0,0.0,0.0008270115315658,9.35392822850771e-05,0.0,0.047129208360652,0.0954818934665095,0.047129208360652,0.4444074474210667,0.4444074474210668,0.0,0.0,0.0,narrow,,,,,,,,,,,,,,,,,,,,,,
narrow_means_MCSE,simulations/summary.csv,0.65,True,margin_far,Gate,0.0889637783887576,0.005355457411233,105.695,0.94,9.2225,0.411525,42.195,63.5,2.165,0.0040957291666666,0.0,0.0009940248202258,0.0001352373658861,1.181389707761165,0.0485736399319693,0.0893164483444239,0.0484988934678567,0.5758005759446106,0.8438707214296602,0.510694585735691,0.000103424970016,0.0,narrow,,,,,,,,,,,,,,,,,,,,,,
narrow_means_MCSE,simulations/summary.csv,0.65,True,margin_far,RiseCooldown,0.0889637783887576,0.005355457411233,105.695,4.3825,9.2225,3.854025,39.0225,66.6725,39.405,0.0040957291666666,0.0,0.0009940248202258,0.0001352373658861,1.181389707761165,0.0892209915790328,0.0893164483444239,0.0899331281691748,0.5387653986308927,0.8728288405163364,1.285328795593545,0.000103424970016,0.0,narrow,,,,,,,,,,,,,,,,,,,,,,
narrow_means_MCSE,simulations/summary.csv,0.65,True,margin_far,Top2,0.0889637783887576,0.005355457411233,240.0,0.9525,9.2225,-0.2474999999999999,42.2125,197.7875,2.165,0.0040957291666666,0.0,0.0009940248202258,0.0001352373658861,0.0,0.0485438011136995,0.0893164483444239,0.0485438011136995,0.5756272458722538,0.5756272458722534,0.510694585735691,0.000103424970016,0.0,narrow,,,,,,,,,,,,,,,,,,,,,,
narrow_means_MCSE,simulations/summary.csv,0.65,True,margin_near,Gate,0.088911665226575,0.0048438761884918,102.11,0.9325,9.2225,0.42195,41.28,60.83,52.62,0.0040957291666666,239.5625,0.000994517375543,0.0001216382128072,1.3491739791684254,0.0477027069002801,0.0893164483444239,0.047176591873534,0.5634693819196408,1.0312548017659908,1.3342186284005062,0.000103424970016,6.0267191400760005,narrow,,,,,,,,,,,,,,,,,,,,,,
narrow_means_MCSE,simulations/summary.csv,0.65,True,margin_near,RiseCooldown,0.088911665226575,0.0048438761884918,101.2525,3.72,9.2225,3.2137375,37.935,63.3175,83.6175,0.0040957291666666,239.5625,0.000994517375543,0.0001216382128072,1.3479156319116858,0.079260365339711,0.0893164483444239,0.0797637700118332,0.5057210911709511,1.048577857473138,1.5803668507128588,0.000103424970016,6.0267191400760005,narrow,,,,,,,,,,,,,,,,,,,,,,
narrow_means_MCSE,simulations/summary.csv,0.65,True,margin_near,Top2,0.088911665226575,0.0048438761884918,240.0,1.0025,9.2225,-0.1974999999999999,42.255,197.745,49.985,0.0040957291666666,0.0,0.000994517375543,0.0001216382128072,0.0,0.047822084379353,0.0893164483444239,0.047822084379353,0.5787484877129917,0.5787484877129916,1.4848523170702106,0.000103424970016,0.0,narrow,,,,,,,,,,,,,,,,,,,,,,
narrow_means_MCSE,simulations/summary.csv,0.65,True,oracle,Gate,0.0887247728488464,0.0,105.695,0.94,9.2225,0.411525,42.1925,63.5025,0.0,0.0,0.0,0.0009918756398351,0.0,1.181389707761165,0.0485736399319692,0.0893164483444239,0.0485182683826889,0.575579567889993,0.8442715620885132,0.0,0.0,0.0,narrow,,,,,,,,,,,,,,,,,,,,,,
narrow_means_MCSE,simulations/summary.csv,0.65,True,oracle,RiseCooldown,0.0887247728488464,0.0,105.695,4.41,9.2225,3.881525,38.7575,66.9375,0.0,0.0,0.0,0.0009918756398351,0.0,1.181389707761165,0.0892309104989474,0.0893164483444239,0.0899787140572479,0.5285784922138601,0.8699719030838805,0.0,0.0,0.0,narrow,,,,,,,,,,,,,,,,,,,,,,
narrow_means_MCSE,simulations/summary.csv,0.65,True,oracle,Top2,0.0887247728488464,0.0,240.0,0.9525,9.2225,-0.2474999999999999,42.21,197.79,0.0,0.0,0.0,0.0009918756398351,0.0,0.0,0.0485438011136995,0.0893164483444239,0.0485438011136995,0.5754063618026894,0.5754063618026891,0.0,0.0,0.0,narrow,,,,,,,,,,,,,,,,,,,,,,
narrow_means_MCSE,simulations/summary.csv,0.65,True,wrong_dependence,Gate,0.0889340140938781,0.0093604572321861,105.695,0.94,9.2225,0.411525,42.1925,63.5025,0.0,0.0,538.58,0.0009955203394749,0.0001111483744998,1.181389707761165,0.0485736399319692,0.0893164483444239,0.0485182683826889,0.575579567889993,0.8442715620885132,0.0,0.0,8.214444701523405,narrow,,,,,,,,,,,,,,,,,,,,,,
narrow_means_MCSE,simulations/summary.csv,0.65,True,wrong_dependence,RiseCooldown,0.0889340140938781,0.0093604572321861,67.225,2.525,9.2225,2.188875,27.7475,39.4775,148.78,0.0,538.58,0.0009955203394749,0.0001111483744998,0.7984232189706651,0.0717552055519982,0.0893164483444239,0.0714584042101989,0.4637045548195542,0.4772768771044184,1.813377330661878,0.0,8.214444701523405,narrow,,,,,,,,,,,,,,,,,,,,,,
narrow_means_MCSE,simulations/summary.csv,0.65,True,wrong_dependence,Top2,0.0889340140938781,0.0093604572321861,240.0,0.9525,9.2225,-0.2474999999999999,42.21,197.79,0.0,0.0,0.0,0.0009955203394749,0.0001111483744998,0.0,0.0485438011136995,0.0893164483444239,0.0485438011136995,0.5754063618026894,0.5754063618026891,0.0,0.0,0.0,narrow,,,,,,,,,,,,,,,,,,,,,,
narrow_means_MCSE,simulations/summary.csv,0.9,False,margin_far,Gate,0.050488032317313,0.0018343406414921,60.665,0.2725,2.6175,-0.030825,22.6475,38.0175,3.875,0.0011491666666666,0.0,0.0016112453603802,0.0001430076196632,1.9266549862625173,0.0264074375298367,0.0650080725660041,0.0269052486412711,0.866558086146951,1.29187473665717,0.6390672538060592,9.167826215868536e-05,0.0,narrow,,,,,,,,,,,,,,,,,,,,,,
narrow_means_MCSE,simulations/summary.csv,0.9,False,margin_far,RiseCooldown,0.050488032317313,0.0018343406414921,60.665,1.0575,2.6175,0.754175,21.035,39.63,21.815,0.0011491666666666,0.0,0.0016112453603802,0.0001430076196632,1.9266549862625173,0.0479973304917663,0.0650080725660041,0.0464033023027348,0.786785877824367,1.3202852467675616,1.8263428643454007,9.167826215868536e-05,0.0,narrow,,,,,,,,,,,,,,,,,,,,,,
narrow_means_MCSE,simulations/summary.csv,0.9,False,margin_far,Top2,0.050488032317313,0.0018343406414921,240.0,0.2775,2.6175,-0.9225,22.6525,217.3475,3.875,0.0011491666666666,0.0,0.0016112453603802,0.0001430076196632,0.0,0.0265139935625811,0.0650080725660041,0.0265139935625811,0.866541455795122,0.8665414557951225,0.6390672538060592,9.167826215868536e-05,0.0,narrow,,,,,,,,,,,,,,,,,,,,,,
narrow_means_MCSE,simulations/summary.csv,0.9,False,margin_near,Gate,0.0506369544393389,0.0060096037743316,30.2975,0.12,2.6175,-0.0314875,14.4475,15.85,39.5625,0.0011491666666666,297.6975,0.0016138973279656,0.0002867920616542,2.04364286870579,0.0191026773176367,0.0650080725660041,0.0179715278745224,0.9624168665070988,1.2317006398331591,1.6642722854073289,9.167826215868536e-05,14.197246458446791,narrow,,,,,,,,,,,,,,,,,,,,,,
narrow_means_MCSE,simulations/summary.csv,0.9,False,margin_near,RiseCooldown,0.0506369544393389,0.0060096037743316,30.18,0.5925,2.6175,0.4416,12.9475,17.2325,46.975,0.0011491666666666,297.6975,0.0016138973279656,0.0002867920616542,2.0368827231998834,0.0432525876781046,0.0650080725660041,0.0372847351968167,0.85991889771747,1.2874061697809185,1.8236468015056,9.167826215868536e-05,14.197246458446791,narrow,,,,,,,,,,,,,,,,,,,,,,
narrow_means_MCSE,simulations/summary.csv,0.9,False,margin_near,Top2,0.0506369544393389,0.0060096037743316,240.0,0.2825,2.6175,-0.9175,22.685,217.315,9.385,0.0011491666666666,0.0,0.0016138973279656,0.0002867920616542,0.0,0.027084465948941,0.0650080725660041,0.027084465948941,0.8727075590994232,0.8727075590994231,0.9522585933303136,9.167826215868536e-05,0.0,narrow,,,,,,,,,,,,,,,,,,,,,,
narrow_means_MCSE,simulations/summary.csv,0.9,False,oracle,Gate,0.0503989866129296,0.0,60.665,0.275,2.6175,-0.028325,22.6825,37.9825,0.0,0.0,0.0,0.0016076575321666,0.0,1.9266549862625173,0.0264610651698833,0.0650080725660041,0.0268865128339177,0.8723426440318571,1.290069254372685,0.0,0.0,0.0,narrow,,,,,,,,,,,,,,,,,,,,,,
narrow_means_MCSE,simulations/summary.csv,0.9,False,oracle,RiseCooldown,0.0503989866129296,0.0,60.665,1.0775,2.6175,0.7741750000000001,20.9425,39.7225,0.0,0.0,0.0,0.0016076575321666,0.0,1.9266549862625173,0.0485760584922924,0.0650080725660041,0.0468048344699765,0.7782993376732091,1.3278069938463453,0.0,0.0,0.0,narrow,,,,,,,,,,,,,,,,,,,,,,
narrow_means_MCSE,simulations/summary.csv,0.9,False,oracle,Top2,0.0503989866129296,0.0,240.0,0.28,2.6175,-0.92,22.6875,217.3125,0.0,0.0,0.0,0.0016076575321666,0.0,0.0,0.0265662268873012,0.0650080725660041,0.0265662268873012,0.8723256211692805,0.8723256211692807,0.0,0.0,0.0,narrow,,,,,,,,,,,,,,,,,,,,,,
narrow_means_MCSE,simulations/summary.csv,0.9,False,wrong_dependence,Gate,0.050524080332944,0.0055565634505242,60.665,0.275,2.6175,-0.028325,22.6825,37.9825,0.0,0.0,335.475,0.0016120614440912,0.0001793304702132,1.9266549862625173,0.0264610651698833,0.0650080725660041,0.0268865128339177,0.8723426440318571,1.290069254372685,0.0,0.0,12.633116203059322,narrow,,,,,,,,,,,,,,,,,,,,,,
narrow_means_MCSE,simulations/summary.csv,0.9,False,wrong_dependence,RiseCooldown,0.050524080332944,0.0055565634505242,36.7025,0.55,2.6175,0.3664875,14.34,22.3625,93.8075,0.0,335.475,0.0016120614440912,0.0001793304702132,1.2608516373879035,0.0372117156208716,0.0650080725660041,0.0350177711719922,0.648391880019474,0.7263499121375012,3.043619993698309,0.0,12.633116203059322,narrow,,,,,,,,,,,,,,,,,,,,,,
narrow_means_MCSE,simulations/summary.csv,0.9,False,wrong_dependence,Top2,0.050524080332944,0.0055565634505242,240.0,0.28,2.6175,-0.92,22.6875,217.3125,0.0,0.0,0.0,0.0016120614440912,0.0001793304702132,0.0,0.0265662268873012,0.0650080725660041,0.0265662268873012,0.8723256211692805,0.8723256211692807,0.0,0.0,0.0,narrow,,,,,,,,,,,,,,,,,,,,,,
narrow_means_MCSE,simulations/summary.csv,0.9,True,margin_far,Gate,0.08976587679492,0.0044697440018726,106.72,0.3525,3.3825,-0.1810999999999999,42.195,64.525,8.52,0.0033957291666666,0.0,0.0019552071157935,0.00020695861375,2.281538416038539,0.0282418728744863,0.0648150201890369,0.0300127704648778,1.15979750954979,1.4681492065630892,1.1696770327326491,0.0001589225969473,0.0,narrow,,,,,,,,,,,,,,,,,,,,,,
narrow_means_MCSE,simulations/summary.csv,0.9,True,margin_far,RiseCooldown,0.08976587679492,0.0044697440018726,106.72,1.485,3.3825,0.9514,39.14,67.58,50.995,0.0033957291666666,0.0,0.0019552071157935,0.00020695861375,2.281538416038539,0.0549498518245395,0.0648150201890369,0.0553919965627528,1.0343237229754396,1.4893301382338398,2.707346348016873,0.0001589225969473,0.0,narrow,,,,,,,,,,,,,,,,,,,,,,
narrow_means_MCSE,simulations/summary.csv,0.9,True,margin_far,Top2,0.08976587679492,0.0044697440018726,240.0,0.3575,3.3825,-0.8425,42.2025,197.7975,8.52,0.0033957291666666,0.0,0.0019552071157935,0.00020695861375,0.0,0.0283061383567536,0.0648150201890369,0.0283061383567536,1.1595700674077742,1.1595700674077745,1.1696770327326491,0.0001589225969473,0.0,narrow,,,,,,,,,,,,,,,,,,,,,,
narrow_means_MCSE,simulations/summary.csv,0.9,True,margin_near,Gate,0.0898771506876041,0.0072138443194382,80.4175,0.2375,3.3825,-0.1645875,35.4175,45.0,58.2075,0.0033957291666666,357.6675,0.0019549294207698,0.0003038583947069,2.878438640459829,0.0238044324130248,0.0648150201890369,0.0237445293709307,1.2939692327537329,1.8665905820512725,1.925842876857002,0.0001589225969473,15.05603875915468,narrow,,,,,,,,,,,,,,,,,,,,,,
narrow_means_MCSE,simulations/summary.csv,0.9,True,margin_near,RiseCooldown,0.0898771506876041,0.0072138443194382,79.885,1.075,3.3825,0.675575,32.2625,47.6225,77.995,0.0033957291666666,357.6675,0.0019549294207698,0.0003038583947069,2.865975221880169,0.0533202129851518,0.0648150201890369,0.0491104209363844,1.1722443757879226,1.9039070722396905,2.287458985211005,0.0001589225969473,15.05603875915468,narrow,,,,,,,,,,,,,,,,,,,,,,
narrow_means_MCSE,simulations/summary.csv,0.9,True,margin_near,Top2,0.0898771506876041,0.0072138443194382,240.0,0.3675,3.3825,-0.8325,42.3675,197.6325,32.7,0.0033957291666666,0.0,0.0019549294207698,0.0003038583947069,0.0,0.028206353378757,0.0648150201890369,0.028206353378757,1.1665744078272484,1.166574407827247,1.8749436081745456,0.0001589225969473,0.0,narrow,,,,,,,,,,,,,,,,,,,,,,
narrow_means_MCSE,simulations/summary.csv,0.9,True,oracle,Gate,0.0895626206692859,0.0,106.72,0.3475,3.3825,-0.1861,42.2575,64.4625,0.0,0.0,0.0,0.001949695385052,0.0,2.281538416038539,0.0281752370879537,0.0648150201890369,0.0300008266385693,1.1635452626867606,1.4672306904924004,0.0,0.0,0.0,narrow,,,,,,,,,,,,,,,,,,,,,,
narrow_means_MCSE,simulations/summary.csv,0.9,True,oracle,RiseCooldown,0.0895626206692859,0.0,106.72,1.5075,3.3825,0.9739,39.17,67.55,0.0,0.0,0.0,0.001949695385052,0.0,2.281538416038539,0.0546105773903487,0.0648150201890369,0.055040923257906,1.0474651345128625,1.4946206801204138,0.0,0.0,0.0,narrow,,,,,,,,,,,,,,,,,,,,,,
narrow_means_MCSE,simulations/summary.csv,0.9,True,oracle,Top2,0.0895626206692859,0.0,240.0,0.3525,3.3825,-0.8475,42.265,197.735,0.0,0.0,0.0,0.001949695385052,0.0,0.0,0.0282418728744863,0.0648150201890369,0.0282418728744863,1.1633175433934269,1.1633175433934269,0.0,0.0,0.0,narrow,,,,,,,,,,,,,,,,,,,,,,
narrow_means_MCSE,simulations/summary.csv,0.9,True,wrong_dependence,Gate,0.0897714548416794,0.0094489188423531,106.72,0.3475,3.3825,-0.1861,42.2575,64.4625,0.0,0.0,543.515,0.0019550105914722,0.0002032294373457,2.281538416038539,0.0281752370879537,0.0648150201890369,0.0300008266385693,1.1635452626867606,1.4672306904924004,0.0,0.0,14.15061081379559,narrow,,,,,,,,,,,,,,,,,,,,,,
narrow_means_MCSE,simulations/summary.csv,0.9,True,wrong_dependence,RiseCooldown,0.0897714548416794,0.0094489188423531,67.8975,0.87,3.3825,0.5305124999999999,27.84,40.0575,166.5075,0.0,543.515,0.0019550105914722,0.0002032294373457,1.648852410026478,0.0428642433549921,0.0648150201890369,0.0416288778468305,0.9119155525252016,0.8765808401386865,3.715631123509163,0.0,14.15061081379559,narrow,,,,,,,,,,,,,,,,,,,,,,
narrow_means_MCSE,simulations/summary.csv,0.9,True,wrong_dependence,Top2,0.0897714548416794,0.0094489188423531,240.0,0.3525,3.3825,-0.8475,42.265,197.735,0.0,0.0,0.0,0.0019550105914722,0.0002032294373457,0.0,0.0282418728744863,0.0648150201890369,0.0282418728744863,1.1633175433934269,1.1633175433934269,0.0,0.0,0.0,narrow,,,,,,,,,,,,,,,,,,,,,,
narrow_near_minus_far_paired,simulations/replicates.parquet,0.0,False,,Gate,,,,,,,,,,,,,,,,,,,,,,,narrow,marginal_MAE,margin_near,margin_far,0.0,0.0,0.0,0.0,400.0,,,,,,,,,,,,,,
narrow_near_minus_far_paired,simulations/replicates.parquet,0.0,False,,Gate,,,,,,,,,,,,,,,,,,,,,,,narrow,BS,margin_near,margin_far,-1.9099258616219065e-05,1.240497909729534e-05,-4.341301764691793e-05,5.214500414479803e-06,400.0,,,,,,,,,,,,,,
narrow_near_minus_far_paired,simulations/replicates.parquet,0.0,False,,Gate,,,,,,,,,,,,,,,,,,,,,,,narrow,probability_MAE,margin_near,margin_far,-0.0002242771882233,4.611323629976809e-06,-0.000233315382538,-0.0002152389939085,400.0,,,,,,,,,,,,,,
narrow_near_minus_far_paired,simulations/replicates.parquet,0.0,False,,Gate,,,,,,,,,,,,,,,,,,,,,,,narrow,N,margin_near,margin_far,-0.0025,0.0025,-0.0074,0.0024,400.0,,,,,,,,,,,,,,
narrow_near_minus_far_paired,simulations/replicates.parquet,0.0,False,,Gate,,,,,,,,,,,,,,,,,,,,,,,narrow,C,margin_near,margin_far,-0.065,0.0397604039756989,-0.1429303917923699,0.0129303917923699,400.0,,,,,,,,,,,,,,
narrow_near_minus_far_paired,simulations/replicates.parquet,0.0,False,,Gate,,,,,,,,,,,,,,,,,,,,,,,narrow,processes,margin_near,margin_far,0.0,0.0,0.0,0.0,400.0,,,,,,,,,,,,,,
narrow_near_minus_far_paired,simulations/replicates.parquet,0.0,False,,Gate,,,,,,,,,,,,,,,,,,,,,,,narrow,utility_r005,margin_near,margin_far,-0.0649875,0.0397604571558537,-0.1429179960254733,0.0129429960254733,400.0,,,,,,,,,,,,,,
narrow_near_minus_far_paired,simulations/replicates.parquet,0.0,False,,Gate,,,,,,,,,,,,,,,,,,,,,,,narrow,hits,margin_near,margin_far,0.0275,0.106101381389839,-0.1804587075240844,0.2354587075240844,400.0,,,,,,,,,,,,,,
narrow_near_minus_far_paired,simulations/replicates.parquet,0.0,False,,Gate,,,,,,,,,,,,,,,,,,,,,,,narrow,false,margin_near,margin_far,-0.03,0.1061292067307735,-0.238013245192316,0.178013245192316,400.0,,,,,,,,,,,,,,
narrow_near_minus_far_paired,simulations/replicates.parquet,0.0,False,,Gate,,,,,,,,,,,,,,,,,,,,,,,narrow,changed_slots,margin_near,margin_far,23.4575,0.5512987485478049,22.376954452846302,24.538045547153697,400.0,,,,,,,,,,,,,,
narrow_near_minus_far_paired,simulations/replicates.parquet,0.0,False,,Gate,,,,,,,,,,,,,,,,,,,,,,,narrow,gate_crossings,margin_near,margin_far,100.0675,2.0706675299099944,96.0089916413764,104.12600835862358,400.0,,,,,,,,,,,,,,
narrow_near_minus_far_paired,simulations/replicates.parquet,0.0,False,,RiseCooldown,,,,,,,,,,,,,,,,,,,,,,,narrow,marginal_MAE,margin_near,margin_far,0.0,0.0,0.0,0.0,400.0,,,,,,,,,,,,,,
narrow_near_minus_far_paired,simulations/replicates.parquet,0.0,False,,RiseCooldown,,,,,,,,,,,,,,,,,,,,,,,narrow,BS,margin_near,margin_far,-1.9099258616219065e-05,1.240497909729534e-05,-4.341301764691793e-05,5.214500414479803e-06,400.0,,,,,,,,,,,,,,
narrow_near_minus_far_paired,simulations/replicates.parquet,0.0,False,,RiseCooldown,,,,,,,,,,,,,,,,,,,,,,,narrow,probability_MAE,margin_near,margin_far,-0.0002242771882233,4.611323629976809e-06,-0.000233315382538,-0.0002152389939085,400.0,,,,,,,,,,,,,,
narrow_near_minus_far_paired,simulations/replicates.parquet,0.0,False,,RiseCooldown,,,,,,,,,,,,,,,,,,,,,,,narrow,N,margin_near,margin_far,-0.0275,0.0119253893974453,-0.0508737632189928,-0.0041262367810071,400.0,,,,,,,,,,,,,,
narrow_near_minus_far_paired,simulations/replicates.parquet,0.0,False,,RiseCooldown,,,,,,,,,,,,,,,,,,,,,,,narrow,C,margin_near,margin_far,-1.07,0.0876467619893515,-1.2417876534991292,-0.8982123465008709,400.0,,,,,,,,,,,,,,
narrow_near_minus_far_paired,simulations/replicates.parquet,0.0,False,,RiseCooldown,,,,,,,,,,,,,,,,,,,,,,,narrow,processes,margin_near,margin_far,0.0,0.0,0.0,0.0,400.0,,,,,,,,,,,,,,
narrow_near_minus_far_paired,simulations/replicates.parquet,0.0,False,,RiseCooldown,,,,,,,,,,,,,,,,,,,,,,,narrow,utility_r005,margin_near,margin_far,-1.0698625000000002,0.0876484872360687,-1.241653534982695,-0.8980714650173054,400.0,,,,,,,,,,,,,,
narrow_near_minus_far_paired,simulations/replicates.parquet,0.0,False,,RiseCooldown,,,,,,,,,,,,,,,,,,,,,,,narrow,hits,margin_near,margin_far,-0.155,0.1472468729855069,-0.4436038710515937,0.1336038710515937,400.0,,,,,,,,,,,,,,
narrow_near_minus_far_paired,simulations/replicates.parquet,0.0,False,,RiseCooldown,,,,,,,,,,,,,,,,,,,,,,,narrow,false,margin_near,margin_far,0.1275,0.1479707665194747,-0.1625227023781704,0.4175227023781704,400.0,,,,,,,,,,,,,,
narrow_near_minus_far_paired,simulations/replicates.parquet,0.0,False,,RiseCooldown,,,,,,,,,,,,,,,,,,,,,,,narrow,changed_slots,margin_near,margin_far,45.8225,0.8033700847727461,44.24789463384542,47.39710536615458,400.0,,,,,,,,,,,,,,
narrow_near_minus_far_paired,simulations/replicates.parquet,0.0,False,,RiseCooldown,,,,,,,,,,,,,,,,,,,,,,,narrow,gate_crossings,margin_near,margin_far,100.0675,2.0706675299099944,96.0089916413764,104.12600835862358,400.0,,,,,,,,,,,,,,
narrow_near_minus_far_paired,simulations/replicates.parquet,0.0,False,,Top2,,,,,,,,,,,,,,,,,,,,,,,narrow,marginal_MAE,margin_near,margin_far,0.0,0.0,0.0,0.0,400.0,,,,,,,,,,,,,,
narrow_near_minus_far_paired,simulations/replicates.parquet,0.0,False,,Top2,,,,,,,,,,,,,,,,,,,,,,,narrow,BS,margin_near,margin_far,-1.9099258616219065e-05,1.240497909729534e-05,-4.341301764691793e-05,5.214500414479803e-06,400.0,,,,,,,,,,,,,,
narrow_near_minus_far_paired,simulations/replicates.parquet,0.0,False,,Top2,,,,,,,,,,,,,,,,,,,,,,,narrow,probability_MAE,margin_near,margin_far,-0.0002242771882233,4.611323629976809e-06,-0.000233315382538,-0.0002152389939085,400.0,,,,,,,,,,,,,,
narrow_near_minus_far_paired,simulations/replicates.parquet,0.0,False,,Top2,,,,,,,,,,,,,,,,,,,,,,,narrow,N,margin_near,margin_far,0.0,0.0,0.0,0.0,400.0,,,,,,,,,,,,,,
narrow_near_minus_far_paired,simulations/replicates.parquet,0.0,False,,Top2,,,,,,,,,,,,,,,,,,,,,,,narrow,C,margin_near,margin_far,-0.065,0.0397604039756989,-0.1429303917923699,0.0129303917923699,400.0,,,,,,,,,,,,,,
narrow_near_minus_far_paired,simulations/replicates.parquet,0.0,False,,Top2,,,,,,,,,,,,,,,,,,,,,,,narrow,processes,margin_near,margin_far,0.0,0.0,0.0,0.0,400.0,,,,,,,,,,,,,,
narrow_near_minus_far_paired,simulations/replicates.parquet,0.0,False,,Top2,,,,,,,,,,,,,,,,,,,,,,,narrow,utility_r005,margin_near,margin_far,-0.065,0.0397604039756989,-0.1429303917923699,0.0129303917923699,400.0,,,,,,,,,,,,,,
narrow_near_minus_far_paired,simulations/replicates.parquet,0.0,False,,Top2,,,,,,,,,,,,,,,,,,,,,,,narrow,hits,margin_near,margin_far,0.03,0.1061292067307735,-0.178013245192316,0.238013245192316,400.0,,,,,,,,,,,,,,
narrow_near_minus_far_paired,simulations/replicates.parquet,0.0,False,,Top2,,,,,,,,,,,,,,,,,,,,,,,narrow,false,margin_near,margin_far,-0.03,0.1061292067307735,-0.238013245192316,0.178013245192316,400.0,,,,,,,,,,,,,,
narrow_near_minus_far_paired,simulations/replicates.parquet,0.0,False,,Top2,,,,,,,,,,,,,,,,,,,,,,,narrow,changed_slots,margin_near,margin_far,23.46,0.5514810316962878,22.37909717787528,24.540902822124725,400.0,,,,,,,,,,,,,,
narrow_near_minus_far_paired,simulations/replicates.parquet,0.0,False,,Top2,,,,,,,,,,,,,,,,,,,,,,,narrow,gate_crossings,margin_near,margin_far,0.0,0.0,0.0,0.0,400.0,,,,,,,,,,,,,,
narrow_near_minus_far_paired,simulations/replicates.parquet,0.0,True,,Gate,,,,,,,,,,,,,,,,,,,,,,,narrow,marginal_MAE,margin_near,margin_far,0.0,0.0,0.0,0.0,400.0,,,,,,,,,,,,,,
narrow_near_minus_far_paired,simulations/replicates.parquet,0.0,True,,Gate,,,,,,,,,,,,,,,,,,,,,,,narrow,BS,margin_near,margin_far,-7.067076152430534e-05,1.7972626836293338e-05,-0.0001058971101234,-3.54444129251704e-05,400.0,,,,,,,,,,,,,,
narrow_near_minus_far_paired,simulations/replicates.parquet,0.0,True,,Gate,,,,,,,,,,,,,,,,,,,,,,,narrow,probability_MAE,margin_near,margin_far,-0.0005506063992876,7.150652686009243e-06,-0.0005646216785522,-0.000536591120023,400.0,,,,,,,,,,,,,,
narrow_near_minus_far_paired,simulations/replicates.parquet,0.0,True,,Gate,,,,,,,,,,,,,,,,,,,,,,,narrow,N,margin_near,margin_far,-0.0775,0.0307179647502237,-0.1377072109104385,-0.0172927890895614,400.0,,,,,,,,,,,,,,
narrow_near_minus_far_paired,simulations/replicates.parquet,0.0,True,,Gate,,,,,,,,,,,,,,,,,,,,,,,narrow,C,margin_near,margin_far,0.025,0.0458660739747216,-0.0648975049904543,0.1148975049904544,400.0,,,,,,,,,,,,,,
narrow_near_minus_far_paired,simulations/replicates.parquet,0.0,True,,Gate,,,,,,,,,,,,,,,,,,,,,,,narrow,processes,margin_near,margin_far,0.0,0.0,0.0,0.0,400.0,,,,,,,,,,,,,,
narrow_near_minus_far_paired,simulations/replicates.parquet,0.0,True,,Gate,,,,,,,,,,,,,,,,,,,,,,,narrow,utility_r005,margin_near,margin_far,0.0253875,0.0458630695246724,-0.0645041162683579,0.1152791162683579,400.0,,,,,,,,,,,,,,
narrow_near_minus_far_paired,simulations/replicates.parquet,0.0,True,,Gate,,,,,,,,,,,,,,,,,,,,,,,narrow,hits,margin_near,margin_far,-0.03,0.179940814552604,-0.3826839965231039,0.322683996523104,400.0,,,,,,,,,,,,,,
narrow_near_minus_far_paired,simulations/replicates.parquet,0.0,True,,Gate,,,,,,,,,,,,,,,,,,,,,,,narrow,false,margin_near,margin_far,-0.0475,0.1807825079008123,-0.4018337154855921,0.3068337154855922,400.0,,,,,,,,,,,,,,
narrow_near_minus_far_paired,simulations/replicates.parquet,0.0,True,,Gate,,,,,,,,,,,,,,,,,,,,,,,narrow,changed_slots,margin_near,margin_far,57.5525,0.818232467151452,55.94876436438316,59.156235635616845,400.0,,,,,,,,,,,,,,
narrow_near_minus_far_paired,simulations/replicates.parquet,0.0,True,,Gate,,,,,,,,,,,,,,,,,,,,,,,narrow,gate_crossings,margin_near,margin_far,245.675,3.196202859534771,239.41044239531183,251.93955760468816,400.0,,,,,,,,,,,,,,
narrow_near_minus_far_paired,simulations/replicates.parquet,0.0,True,,RiseCooldown,,,,,,,,,,,,,,,,,,,,,,,narrow,marginal_MAE,margin_near,margin_far,0.0,0.0,0.0,0.0,400.0,,,,,,,,,,,,,,
narrow_near_minus_far_paired,simulations/replicates.parquet,0.0,True,,RiseCooldown,,,,,,,,,,,,,,,,,,,,,,,narrow,BS,margin_near,margin_far,-7.067076152430534e-05,1.7972626836293338e-05,-0.0001058971101234,-3.54444129251704e-05,400.0,,,,,,,,,,,,,,
narrow_near_minus_far_paired,simulations/replicates.parquet,0.0,True,,RiseCooldown,,,,,,,,,,,,,,,,,,,,,,,narrow,probability_MAE,margin_near,margin_far,-0.0005506063992876,7.150652686009243e-06,-0.0005646216785522,-0.000536591120023,400.0,,,,,,,,,,,,,,
narrow_near_minus_far_paired,simulations/replicates.parquet,0.0,True,,RiseCooldown,,,,,,,,,,,,,,,,,,,,,,,narrow,N,margin_near,margin_far,-0.39,0.0651372178010171,-0.5176689468899935,-0.2623310531100065,400.0,,,,,,,,,,,,,,
narrow_near_minus_far_paired,simulations/replicates.parquet,0.0,True,,RiseCooldown,,,,,,,,,,,,,,,,,,,,,,,narrow,C,margin_near,margin_far,-1.2375,0.0955933029763844,-1.4248628738337137,-1.0501371261662864,400.0,,,,,,,,,,,,,,
narrow_near_minus_far_paired,simulations/replicates.parquet,0.0,True,,RiseCooldown,,,,,,,,,,,,,,,,,,,,,,,narrow,processes,margin_near,margin_far,0.0,0.0,0.0,0.0,400.0,,,,,,,,,,,,,,
narrow_near_minus_far_paired,simulations/replicates.parquet,0.0,True,,RiseCooldown,,,,,,,,,,,,,,,,,,,,,,,narrow,utility_r005,margin_near,margin_far,-1.23555,0.0956161567405036,-1.4229576672113873,-1.048142332788613,400.0,,,,,,,,,,,,,,
narrow_near_minus_far_paired,simulations/replicates.parquet,0.0,True,,RiseCooldown,,,,,,,,,,,,,,,,,,,,,,,narrow,hits,margin_near,margin_far,-0.4875,0.2253643318721942,-0.9292140904695008,-0.0457859095304993,400.0,,,,,,,,,,,,,,
narrow_near_minus_far_paired,simulations/replicates.parquet,0.0,True,,RiseCooldown,,,,,,,,,,,,,,,,,,,,,,,narrow,false,margin_near,margin_far,0.0975,0.2252149836203572,-0.3439213678959002,0.5389213678959003,400.0,,,,,,,,,,,,,,
narrow_near_minus_far_paired,simulations/replicates.parquet,0.0,True,,RiseCooldown,,,,,,,,,,,,,,,,,,,,,,,narrow,changed_slots,margin_near,margin_far,90.97,0.7155874604364127,89.56744857754462,92.37255142245536,400.0,,,,,,,,,,,,,,
narrow_near_minus_far_paired,simulations/replicates.parquet,0.0,True,,RiseCooldown,,,,,,,,,,,,,,,,,,,,,,,narrow,gate_crossings,margin_near,margin_far,245.675,3.196202859534771,239.41044239531183,251.93955760468816,400.0,,,,,,,,,,,,,,
narrow_near_minus_far_paired,simulations/replicates.parquet,0.0,True,,Top2,,,,,,,,,,,,,,,,,,,,,,,narrow,marginal_MAE,margin_near,margin_far,0.0,0.0,0.0,0.0,400.0,,,,,,,,,,,,,,
narrow_near_minus_far_paired,simulations/replicates.parquet,0.0,True,,Top2,,,,,,,,,,,,,,,,,,,,,,,narrow,BS,margin_near,margin_far,-7.067076152430534e-05,1.7972626836293338e-05,-0.0001058971101234,-3.54444129251704e-05,400.0,,,,,,,,,,,,,,
narrow_near_minus_far_paired,simulations/replicates.parquet,0.0,True,,Top2,,,,,,,,,,,,,,,,,,,,,,,narrow,probability_MAE,margin_near,margin_far,-0.0005506063992876,7.150652686009243e-06,-0.0005646216785522,-0.000536591120023,400.0,,,,,,,,,,,,,,
narrow_near_minus_far_paired,simulations/replicates.parquet,0.0,True,,Top2,,,,,,,,,,,,,,,,,,,,,,,narrow,N,margin_near,margin_far,0.0,0.0,0.0,0.0,400.0,,,,,,,,,,,,,,
narrow_near_minus_far_paired,simulations/replicates.parquet,0.0,True,,Top2,,,,,,,,,,,,,,,,,,,,,,,narrow,C,margin_near,margin_far,0.025,0.0458660739747216,-0.0648975049904543,0.1148975049904544,400.0,,,,,,,,,,,,,,
narrow_near_minus_far_paired,simulations/replicates.parquet,0.0,True,,Top2,,,,,,,,,,,,,,,,,,,,,,,narrow,processes,margin_near,margin_far,0.0,0.0,0.0,0.0,400.0,,,,,,,,,,,,,,
narrow_near_minus_far_paired,simulations/replicates.parquet,0.0,True,,Top2,,,,,,,,,,,,,,,,,,,,,,,narrow,utility_r005,margin_near,margin_far,0.025,0.0458660739747216,-0.0648975049904543,0.1148975049904544,400.0,,,,,,,,,,,,,,
narrow_near_minus_far_paired,simulations/replicates.parquet,0.0,True,,Top2,,,,,,,,,,,,,,,,,,,,,,,narrow,hits,margin_near,margin_far,-0.02,0.1800139231596498,-0.3728272893929137,0.3328272893929136,400.0,,,,,,,,,,,,,,
narrow_near_minus_far_paired,simulations/replicates.parquet,0.0,True,,Top2,,,,,,,,,,,,,,,,,,,,,,,narrow,false,margin_near,margin_far,0.02,0.1800139231596498,-0.3328272893929136,0.3728272893929137,400.0,,,,,,,,,,,,,,
narrow_near_minus_far_paired,simulations/replicates.parquet,0.0,True,,Top2,,,,,,,,,,,,,,,,,,,,,,,narrow,changed_slots,margin_near,margin_far,57.595,0.8228960031985819,55.98212383373078,59.207876166269216,400.0,,,,,,,,,,,,,,
narrow_near_minus_far_paired,simulations/replicates.parquet,0.0,True,,Top2,,,,,,,,,,,,,,,,,,,,,,,narrow,gate_crossings,margin_near,margin_far,0.0,0.0,0.0,0.0,400.0,,,,,,,,,,,,,,
narrow_near_minus_far_paired,simulations/replicates.parquet,0.65,False,,Gate,,,,,,,,,,,,,,,,,,,,,,,narrow,marginal_MAE,margin_near,margin_far,0.0,0.0,0.0,0.0,400.0,,,,,,,,,,,,,,
narrow_near_minus_far_paired,simulations/replicates.parquet,0.65,False,,Gate,,,,,,,,,,,,,,,,,,,,,,,narrow,BS,margin_near,margin_far,-4.990339088842364e-06,1.3767833012604464e-05,-3.197529179354711e-05,2.1994613615862386e-05,400.0,,,,,,,,,,,,,,
narrow_near_minus_far_paired,simulations/replicates.parquet,0.65,False,,Gate,,,,,,,,,,,,,,,,,,,,,,,narrow,probability_MAE,margin_near,margin_far,0.0007627151369369,0.0001604239693204,0.0004482841570689,0.001077146116805,400.0,,,,,,,,,,,,,,
narrow_near_minus_far_paired,simulations/replicates.parquet,0.65,False,,Gate,,,,,,,,,,,,,,,,,,,,,,,narrow,N,margin_near,margin_far,-6.9825,0.9326400850250266,-8.810474566649052,-5.154525433350948,400.0,,,,,,,,,,,,,,
narrow_near_minus_far_paired,simulations/replicates.parquet,0.65,False,,Gate,,,,,,,,,,,,,,,,,,,,,,,narrow,C,margin_near,margin_far,-0.09,0.0319342997221931,-0.1525912274554986,-0.0274087725445013,400.0,,,,,,,,,,,,,,
narrow_near_minus_far_paired,simulations/replicates.parquet,0.65,False,,Gate,,,,,,,,,,,,,,,,,,,,,,,narrow,processes,margin_near,margin_far,0.0,0.0,0.0,0.0,400.0,,,,,,,,,,,,,,
narrow_near_minus_far_paired,simulations/replicates.parquet,0.65,False,,Gate,,,,,,,,,,,,,,,,,,,,,,,narrow,utility_r005,margin_near,margin_far,-0.0550875,0.0300046228620208,-0.1138965608095609,0.0037215608095609,400.0,,,,,,,,,,,,,,
narrow_near_minus_far_paired,simulations/replicates.parquet,0.65,False,,Gate,,,,,,,,,,,,,,,,,,,,,,,narrow,hits,margin_near,margin_far,-1.82,0.2773965972762664,-2.3636973306614824,-1.2763026693385178,400.0,,,,,,,,,,,,,,
narrow_near_minus_far_paired,simulations/replicates.parquet,0.65,False,,Gate,,,,,,,,,,,,,,,,,,,,,,,narrow,false,margin_near,margin_far,-5.1625,0.6888224919662514,-6.5125920842538525,-3.812407915746147,400.0,,,,,,,,,,,,,,
narrow_near_minus_far_paired,simulations/replicates.parquet,0.65,False,,Gate,,,,,,,,,,,,,,,,,,,,,,,narrow,changed_slots,margin_near,margin_far,26.7175,1.043463595465916,24.672311352886805,28.7626886471132,400.0,,,,,,,,,,,,,,
narrow_near_minus_far_paired,simulations/replicates.parquet,0.65,False,,Gate,,,,,,,,,,,,,,,,,,,,,,,narrow,gate_crossings,margin_near,margin_far,147.485,7.115679459681438,133.5382682590244,161.43173174097564,400.0,,,,,,,,,,,,,,
narrow_near_minus_far_paired,simulations/replicates.parquet,0.65,False,,RiseCooldown,,,,,,,,,,,,,,,,,,,,,,,narrow,marginal_MAE,margin_near,margin_far,0.0,0.0,0.0,0.0,400.0,,,,,,,,,,,,,,
narrow_near_minus_far_paired,simulations/replicates.parquet,0.65,False,,RiseCooldown,,,,,,,,,,,,,,,,,,,,,,,narrow,BS,margin_near,margin_far,-4.990339088842364e-06,1.3767833012604464e-05,-3.197529179354711e-05,2.1994613615862386e-05,400.0,,,,,,,,,,,,,,
narrow_near_minus_far_paired,simulations/replicates.parquet,0.65,False,,RiseCooldown,,,,,,,,,,,,,,,,,,,,,,,narrow,probability_MAE,margin_near,margin_far,0.0007627151369369,0.0001604239693204,0.0004482841570689,0.001077146116805,400.0,,,,,,,,,,,,,,
narrow_near_minus_far_paired,simulations/replicates.parquet,0.65,False,,RiseCooldown,,,,,,,,,,,,,,,,,,,,,,,narrow,N,margin_near,margin_far,-7.1375,0.9310483940995702,-8.962354852435158,-5.312645147564843,400.0,,,,,,,,,,,,,,
narrow_near_minus_far_paired,simulations/replicates.parquet,0.65,False,,RiseCooldown,,,,,,,,,,,,,,,,,,,,,,,narrow,C,margin_near,margin_far,-0.7175,0.0682339655900957,-0.8512385725565877,-0.5837614274434123,400.0,,,,,,,,,,,,,,
narrow_near_minus_far_paired,simulations/replicates.parquet,0.65,False,,RiseCooldown,,,,,,,,,,,,,,,,,,,,,,,narrow,processes,margin_near,margin_far,0.0,0.0,0.0,0.0,400.0,,,,,,,,,,,,,,
narrow_near_minus_far_paired,simulations/replicates.parquet,0.65,False,,RiseCooldown,,,,,,,,,,,,,,,,,,,,,,,narrow,utility_r005,margin_near,margin_far,-0.6818125,0.0661599253336925,-0.8114859536540374,-0.5521390463459627,400.0,,,,,,,,,,,,,,
narrow_near_minus_far_paired,simulations/replicates.parquet,0.65,False,,RiseCooldown,,,,,,,,,,,,,,,,,,,,,,,narrow,hits,margin_near,margin_far,-2.1175,0.2985919074472422,-2.702740138596595,-1.5322598614034055,400.0,,,,,,,,,,,,,,
narrow_near_minus_far_paired,simulations/replicates.parquet,0.65,False,,RiseCooldown,,,,,,,,,,,,,,,,,,,,,,,narrow,false,margin_near,margin_far,-5.02,0.705624734305821,-6.403024479239408,-3.636975520760591,400.0,,,,,,,,,,,,,,
narrow_near_minus_far_paired,simulations/replicates.parquet,0.65,False,,RiseCooldown,,,,,,,,,,,,,,,,,,,,,,,narrow,changed_slots,margin_near,margin_far,29.4525,1.0829711101588058,27.32987662408874,31.57512337591126,400.0,,,,,,,,,,,,,,
narrow_near_minus_far_paired,simulations/replicates.parquet,0.65,False,,RiseCooldown,,,,,,,,,,,,,,,,,,,,,,,narrow,gate_crossings,margin_near,margin_far,147.485,7.115679459681438,133.5382682590244,161.43173174097564,400.0,,,,,,,,,,,,,,
narrow_near_minus_far_paired,simulations/replicates.parquet,0.65,False,,Top2,,,,,,,,,,,,,,,,,,,,,,,narrow,marginal_MAE,margin_near,margin_far,0.0,0.0,0.0,0.0,400.0,,,,,,,,,,,,,,
narrow_near_minus_far_paired,simulations/replicates.parquet,0.65,False,,Top2,,,,,,,,,,,,,,,,,,,,,,,narrow,BS,margin_near,margin_far,-4.990339088842364e-06,1.3767833012604464e-05,-3.197529179354711e-05,2.1994613615862386e-05,400.0,,,,,,,,,,,,,,
narrow_near_minus_far_paired,simulations/replicates.parquet,0.65,False,,Top2,,,,,,,,,,,,,,,,,,,,,,,narrow,probability_MAE,margin_near,margin_far,0.0007627151369369,0.0001604239693204,0.0004482841570689,0.001077146116805,400.0,,,,,,,,,,,,,,
narrow_near_minus_far_paired,simulations/replicates.parquet,0.65,False,,Top2,,,,,,,,,,,,,,,,,,,,,,,narrow,N,margin_near,margin_far,0.0,0.0,0.0,0.0,400.0,,,,,,,,,,,,,,
narrow_near_minus_far_paired,simulations/replicates.parquet,0.65,False,,Top2,,,,,,,,,,,,,,,,,,,,,,,narrow,C,margin_near,margin_far,0.0325,0.0238228502805336,-0.0141927865498459,0.0791927865498459,400.0,,,,,,,,,,,,,,
narrow_near_minus_far_paired,simulations/replicates.parquet,0.65,False,,Top2,,,,,,,,,,,,,,,,,,,,,,,narrow,processes,margin_near,margin_far,0.0,0.0,0.0,0.0,400.0,,,,,,,,,,,,,,
narrow_near_minus_far_paired,simulations/replicates.parquet,0.65,False,,Top2,,,,,,,,,,,,,,,,,,,,,,,narrow,utility_r005,margin_near,margin_far,0.0325,0.0238228502805336,-0.0141927865498459,0.0791927865498459,400.0,,,,,,,,,,,,,,
narrow_near_minus_far_paired,simulations/replicates.parquet,0.65,False,,Top2,,,,,,,,,,,,,,,,,,,,,,,narrow,hits,margin_near,margin_far,0.09,0.1028649746391782,-0.1116153502927894,0.2916153502927894,400.0,,,,,,,,,,,,,,
narrow_near_minus_far_paired,simulations/replicates.parquet,0.65,False,,Top2,,,,,,,,,,,,,,,,,,,,,,,narrow,false,margin_near,margin_far,-0.09,0.1028649746391782,-0.2916153502927894,0.1116153502927894,400.0,,,,,,,,,,,,,,
narrow_near_minus_far_paired,simulations/replicates.parquet,0.65,False,,Top2,,,,,,,,,,,,,,,,,,,,,,,narrow,changed_slots,margin_near,margin_far,19.825,1.0236298073308243,17.818685577631584,21.83131442236841,400.0,,,,,,,,,,,,,,
narrow_near_minus_far_paired,simulations/replicates.parquet,0.65,False,,Top2,,,,,,,,,,,,,,,,,,,,,,,narrow,gate_crossings,margin_near,margin_far,0.0,0.0,0.0,0.0,400.0,,,,,,,,,,,,,,
narrow_near_minus_far_paired,simulations/replicates.parquet,0.65,True,,Gate,,,,,,,,,,,,,,,,,,,,,,,narrow,marginal_MAE,margin_near,margin_far,0.0,0.0,0.0,0.0,400.0,,,,,,,,,,,,,,
narrow_near_minus_far_paired,simulations/replicates.parquet,0.65,True,,Gate,,,,,,,,,,,,,,,,,,,,,,,narrow,BS,margin_near,margin_far,-5.2113162182662354e-05,1.7069328840510407e-05,-8.556904671006276e-05,-1.865727765526196e-05,400.0,,,,,,,,,,,,,,
narrow_near_minus_far_paired,simulations/replicates.parquet,0.65,True,,Gate,,,,,,,,,,,,,,,,,,,,,,,narrow,probability_MAE,margin_near,margin_far,-0.0005115812227412,2.795527107853904e-05,-0.0005663735540551,-0.0004567888914272,400.0,,,,,,,,,,,,,,
narrow_near_minus_far_paired,simulations/replicates.parquet,0.65,True,,Gate,,,,,,,,,,,,,,,,,,,,,,,narrow,N,margin_near,margin_far,-3.585,0.5579405718392064,-4.678563520804845,-2.491436479195156,400.0,,,,,,,,,,,,,,
narrow_near_minus_far_paired,simulations/replicates.parquet,0.65,True,,Gate,,,,,,,,,,,,,,,,,,,,,,,narrow,C,margin_near,margin_far,-0.0075,0.0368715085854024,-0.0797681568273888,0.0647681568273888,400.0,,,,,,,,,,,,,,
narrow_near_minus_far_paired,simulations/replicates.parquet,0.65,True,,Gate,,,,,,,,,,,,,,,,,,,,,,,narrow,processes,margin_near,margin_far,0.0,0.0,0.0,0.0,400.0,,,,,,,,,,,,,,
narrow_near_minus_far_paired,simulations/replicates.parquet,0.65,True,,Gate,,,,,,,,,,,,,,,,,,,,,,,narrow,utility_r005,margin_near,margin_far,0.0104249999999999,0.0362683820604214,-0.060661028838426,0.081511028838426,400.0,,,,,,,,,,,,,,
narrow_near_minus_far_paired,simulations/replicates.parquet,0.65,True,,Gate,,,,,,,,,,,,,,,,,,,,,,,narrow,hits,margin_near,margin_far,-0.915,0.2280063700029118,-1.3618924852057073,-0.4681075147942927,400.0,,,,,,,,,,,,,,
narrow_near_minus_far_paired,simulations/replicates.parquet,0.65,True,,Gate,,,,,,,,,,,,,,,,,,,,,,,narrow,false,margin_near,margin_far,-2.67,0.4363671512921395,-3.5252796165325933,-1.8147203834674064,400.0,,,,,,,,,,,,,,
narrow_near_minus_far_paired,simulations/replicates.parquet,0.65,True,,Gate,,,,,,,,,,,,,,,,,,,,,,,narrow,changed_slots,margin_near,margin_far,50.455,1.4733582044079574,47.5672179193604,53.3427820806396,400.0,,,,,,,,,,,,,,
narrow_near_minus_far_paired,simulations/replicates.parquet,0.65,True,,Gate,,,,,,,,,,,,,,,,,,,,,,,narrow,gate_crossings,margin_near,margin_far,239.5625,6.026719140076,227.75013048545105,251.3748695145489,400.0,,,,,,,,,,,,,,
narrow_near_minus_far_paired,simulations/replicates.parquet,0.65,True,,RiseCooldown,,,,,,,,,,,,,,,,,,,,,,,narrow,marginal_MAE,margin_near,margin_far,0.0,0.0,0.0,0.0,400.0,,,,,,,,,,,,,,
narrow_near_minus_far_paired,simulations/replicates.parquet,0.65,True,,RiseCooldown,,,,,,,,,,,,,,,,,,,,,,,narrow,BS,margin_near,margin_far,-5.2113162182662354e-05,1.7069328840510407e-05,-8.556904671006276e-05,-1.865727765526196e-05,400.0,,,,,,,,,,,,,,
narrow_near_minus_far_paired,simulations/replicates.parquet,0.65,True,,RiseCooldown,,,,,,,,,,,,,,,,,,,,,,,narrow,probability_MAE,margin_near,margin_far,-0.0005115812227412,2.795527107853904e-05,-0.0005663735540551,-0.0004567888914272,400.0,,,,,,,,,,,,,,
narrow_near_minus_far_paired,simulations/replicates.parquet,0.65,True,,RiseCooldown,,,,,,,,,,,,,,,,,,,,,,,narrow,N,margin_near,margin_far,-4.4425,0.5729418734486748,-5.565466071959403,-3.319533928040597,400.0,,,,,,,,,,,,,,
narrow_near_minus_far_paired,simulations/replicates.parquet,0.65,True,,RiseCooldown,,,,,,,,,,,,,,,,,,,,,,,narrow,C,margin_near,margin_far,-0.6625,0.0664833397262267,-0.7928073458634044,-0.5321926541365956,400.0,,,,,,,,,,,,,,
narrow_near_minus_far_paired,simulations/replicates.parquet,0.65,True,,RiseCooldown,,,,,,,,,,,,,,,,,,,,,,,narrow,processes,margin_near,margin_far,0.0,0.0,0.0,0.0,400.0,,,,,,,,,,,,,,
narrow_near_minus_far_paired,simulations/replicates.parquet,0.65,True,,RiseCooldown,,,,,,,,,,,,,,,,,,,,,,,narrow,utility_r005,margin_near,margin_far,-0.6402875,0.0660456614631471,-0.7697369964677684,-0.5108380035322316,400.0,,,,,,,,,,,,,,
narrow_near_minus_far_paired,simulations/replicates.parquet,0.65,True,,RiseCooldown,,,,,,,,,,,,,,,,,,,,,,,narrow,hits,margin_near,margin_far,-1.0875,0.2940080120555938,-1.6637557036289636,-0.5112442963710361,400.0,,,,,,,,,,,,,,
narrow_near_minus_far_paired,simulations/replicates.parquet,0.65,True,,RiseCooldown,,,,,,,,,,,,,,,,,,,,,,,narrow,false,margin_near,margin_far,-3.355,0.4936919757473209,-4.322636272464749,-2.387363727535251,400.0,,,,,,,,,,,,,,
narrow_near_minus_far_paired,simulations/replicates.parquet,0.65,True,,RiseCooldown,,,,,,,,,,,,,,,,,,,,,,,narrow,changed_slots,margin_near,margin_far,44.2125,1.4753932772931102,41.3207291765055,47.104270823494495,400.0,,,,,,,,,,,,,,
narrow_near_minus_far_paired,simulations/replicates.parquet,0.65,True,,RiseCooldown,,,,,,,,,,,,,,,,,,,,,,,narrow,gate_crossings,margin_near,margin_far,239.5625,6.026719140076,227.75013048545105,251.3748695145489,400.0,,,,,,,,,,,,,,
narrow_near_minus_far_paired,simulations/replicates.parquet,0.65,True,,Top2,,,,,,,,,,,,,,,,,,,,,,,narrow,marginal_MAE,margin_near,margin_far,0.0,0.0,0.0,0.0,400.0,,,,,,,,,,,,,,
narrow_near_minus_far_paired,simulations/replicates.parquet,0.65,True,,Top2,,,,,,,,,,,,,,,,,,,,,,,narrow,BS,margin_near,margin_far,-5.2113162182662354e-05,1.7069328840510407e-05,-8.556904671006276e-05,-1.865727765526196e-05,400.0,,,,,,,,,,,,,,
narrow_near_minus_far_paired,simulations/replicates.parquet,0.65,True,,Top2,,,,,,,,,,,,,,,,,,,,,,,narrow,probability_MAE,margin_near,margin_far,-0.0005115812227412,2.795527107853904e-05,-0.0005663735540551,-0.0004567888914272,400.0,,,,,,,,,,,,,,
narrow_near_minus_far_paired,simulations/replicates.parquet,0.65,True,,Top2,,,,,,,,,,,,,,,,,,,,,,,narrow,N,margin_near,margin_far,0.0,0.0,0.0,0.0,400.0,,,,,,,,,,,,,,
narrow_near_minus_far_paired,simulations/replicates.parquet,0.65,True,,Top2,,,,,,,,,,,,,,,,,,,,,,,narrow,C,margin_near,margin_far,0.05,0.0345939569092145,-0.0178041555420604,0.1178041555420604,400.0,,,,,,,,,,,,,,
narrow_near_minus_far_paired,simulations/replicates.parquet,0.65,True,,Top2,,,,,,,,,,,,,,,,,,,,,,,narrow,processes,margin_near,margin_far,0.0,0.0,0.0,0.0,400.0,,,,,,,,,,,,,,
narrow_near_minus_far_paired,simulations/replicates.parquet,0.65,True,,Top2,,,,,,,,,,,,,,,,,,,,,,,narrow,utility_r005,margin_near,margin_far,0.05,0.0345939569092145,-0.0178041555420604,0.1178041555420604,400.0,,,,,,,,,,,,,,
narrow_near_minus_far_paired,simulations/replicates.parquet,0.65,True,,Top2,,,,,,,,,,,,,,,,,,,,,,,narrow,hits,margin_near,margin_far,0.0425,0.1666092162888384,-0.2840540639261233,0.3690540639261233,400.0,,,,,,,,,,,,,,
narrow_near_minus_far_paired,simulations/replicates.parquet,0.65,True,,Top2,,,,,,,,,,,,,,,,,,,,,,,narrow,false,margin_near,margin_far,-0.0425,0.1666092162888384,-0.3690540639261233,0.2840540639261233,400.0,,,,,,,,,,,,,,
narrow_near_minus_far_paired,simulations/replicates.parquet,0.65,True,,Top2,,,,,,,,,,,,,,,,,,,,,,,narrow,changed_slots,margin_near,margin_far,47.82,1.7343699425855952,44.42063491253224,51.21936508746776,400.0,,,,,,,,,,,,,,
narrow_near_minus_far_paired,simulations/replicates.parquet,0.65,True,,Top2,,,,,,,,,,,,,,,,,,,,,,,narrow,gate_crossings,margin_near,margin_far,0.0,0.0,0.0,0.0,400.0,,,,,,,,,,,,,,
narrow_near_minus_far_paired,simulations/replicates.parquet,0.9,False,,Gate,,,,,,,,,,,,,,,,,,,,,,,narrow,marginal_MAE,margin_near,margin_far,0.0,0.0,0.0,0.0,400.0,,,,,,,,,,,,,,
narrow_near_minus_far_paired,simulations/replicates.parquet,0.9,False,,Gate,,,,,,,,,,,,,,,,,,,,,,,narrow,BS,margin_near,margin_far,0.0001489221220259,2.0722666405319937e-05,0.0001083056958715,0.0001895385481803,400.0,,,,,,,,,,,,,,
narrow_near_minus_far_paired,simulations/replicates.parquet,0.9,False,,Gate,,,,,,,,,,,,,,,,,,,,,,,narrow,probability_MAE,margin_near,margin_far,0.0041752631328394,0.000349140796265,0.0034909471721598,0.004859579093519,400.0,,,,,,,,,,,,,,
narrow_near_minus_far_paired,simulations/replicates.parquet,0.9,False,,Gate,,,,,,,,,,,,,,,,,,,,,,,narrow,N,margin_near,margin_far,-30.3675,1.805059336252824,-33.90541629905553,-26.829583700944465,400.0,,,,,,,,,,,,,,
narrow_near_minus_far_paired,simulations/replicates.parquet,0.9,False,,Gate,,,,,,,,,,,,,,,,,,,,,,,narrow,C,margin_near,margin_far,-0.1525,0.0239696837557021,-0.1994805801611762,-0.1055194198388238,400.0,,,,,,,,,,,,,,
narrow_near_minus_far_paired,simulations/replicates.parquet,0.9,False,,Gate,,,,,,,,,,,,,,,,,,,,,,,narrow,processes,margin_near,margin_far,0.0,0.0,0.0,0.0,400.0,,,,,,,,,,,,,,
narrow_near_minus_far_paired,simulations/replicates.parquet,0.9,False,,Gate,,,,,,,,,,,,,,,,,,,,,,,narrow,utility_r005,margin_near,margin_far,-0.0006624999999999,0.0232403332960966,-0.0462135532603494,0.0448885532603494,400.0,,,,,,,,,,,,,,
narrow_near_minus_far_paired,simulations/replicates.parquet,0.9,False,,Gate,,,,,,,,,,,,,,,,,,,,,,,narrow,hits,margin_near,margin_far,-8.2,0.5141725717927395,-9.207778240713768,-7.19222175928623,400.0,,,,,,,,,,,,,,
narrow_near_minus_far_paired,simulations/replicates.parquet,0.9,False,,Gate,,,,,,,,,,,,,,,,,,,,,,,narrow,false,margin_near,margin_far,-22.1675,1.3200302302967315,-24.7547592513816,-19.580240748618408,400.0,,,,,,,,,,,,,,
narrow_near_minus_far_paired,simulations/replicates.parquet,0.9,False,,Gate,,,,,,,,,,,,,,,,,,,,,,,narrow,changed_slots,margin_near,margin_far,35.6875,1.8368102212387425,32.08735196637207,39.28764803362793,400.0,,,,,,,,,,,,,,
narrow_near_minus_far_paired,simulations/replicates.parquet,0.9,False,,Gate,,,,,,,,,,,,,,,,,,,,,,,narrow,gate_crossings,margin_near,margin_far,297.6975,14.19724645844678,269.8708969414443,325.5241030585557,400.0,,,,,,,,,,,,,,
narrow_near_minus_far_paired,simulations/replicates.parquet,0.9,False,,RiseCooldown,,,,,,,,,,,,,,,,,,,,,,,narrow,marginal_MAE,margin_near,margin_far,0.0,0.0,0.0,0.0,400.0,,,,,,,,,,,,,,
narrow_near_minus_far_paired,simulations/replicates.parquet,0.9,False,,RiseCooldown,,,,,,,,,,,,,,,,,,,,,,,narrow,BS,margin_near,margin_far,0.0001489221220259,2.0722666405319937e-05,0.0001083056958715,0.0001895385481803,400.0,,,,,,,,,,,,,,
narrow_near_minus_far_paired,simulations/replicates.parquet,0.9,False,,RiseCooldown,,,,,,,,,,,,,,,,,,,,,,,narrow,probability_MAE,margin_near,margin_far,0.0041752631328394,0.000349140796265,0.0034909471721598,0.004859579093519,400.0,,,,,,,,,,,,,,
narrow_near_minus_far_paired,simulations/replicates.parquet,0.9,False,,RiseCooldown,,,,,,,,,,,,,,,,,,,,,,,narrow,N,margin_near,margin_far,-30.485,1.8011099160863453,-34.01517543552924,-26.95482456447076,400.0,,,,,,,,,,,,,,
narrow_near_minus_far_paired,simulations/replicates.parquet,0.9,False,,RiseCooldown,,,,,,,,,,,,,,,,,,,,,,,narrow,C,margin_near,margin_far,-0.465,0.0390608740263098,-0.5415593130915674,-0.3884406869084327,400.0,,,,,,,,,,,,,,
narrow_near_minus_far_paired,simulations/replicates.parquet,0.9,False,,RiseCooldown,,,,,,,,,,,,,,,,,,,,,,,narrow,processes,margin_near,margin_far,0.0,0.0,0.0,0.0,400.0,,,,,,,,,,,,,,
narrow_near_minus_far_paired,simulations/replicates.parquet,0.9,False,,RiseCooldown,,,,,,,,,,,,,,,,,,,,,,,narrow,utility_r005,margin_near,margin_far,-0.312575,0.0376216196368224,-0.386313374488172,-0.238836625511828,400.0,,,,,,,,,,,,,,
narrow_near_minus_far_paired,simulations/replicates.parquet,0.9,False,,RiseCooldown,,,,,,,,,,,,,,,,,,,,,,,narrow,hits,margin_near,margin_far,-8.0875,0.5170764251526283,-9.100969793299152,-7.074030206700849,400.0,,,,,,,,,,,,,,
narrow_near_minus_far_paired,simulations/replicates.parquet,0.9,False,,RiseCooldown,,,,,,,,,,,,,,,,,,,,,,,narrow,false,margin_near,margin_far,-22.3975,1.332991334976641,-25.010163016554216,-19.784836983445786,400.0,,,,,,,,,,,,,,
narrow_near_minus_far_paired,simulations/replicates.parquet,0.9,False,,RiseCooldown,,,,,,,,,,,,,,,,,,,,,,,narrow,changed_slots,margin_near,margin_far,25.16,2.6551054522195567,19.95599331364967,30.36400668635033,400.0,,,,,,,,,,,,,,
narrow_near_minus_far_paired,simulations/replicates.parquet,0.9,False,,RiseCooldown,,,,,,,,,,,,,,,,,,,,,,,narrow,gate_crossings,margin_near,margin_far,297.6975,14.19724645844678,269.8708969414443,325.5241030585557,400.0,,,,,,,,,,,,,,
narrow_near_minus_far_paired,simulations/replicates.parquet,0.9,False,,Top2,,,,,,,,,,,,,,,,,,,,,,,narrow,marginal_MAE,margin_near,margin_far,0.0,0.0,0.0,0.0,400.0,,,,,,,,,,,,,,
narrow_near_minus_far_paired,simulations/replicates.parquet,0.9,False,,Top2,,,,,,,,,,,,,,,,,,,,,,,narrow,BS,margin_near,margin_far,0.0001489221220259,2.0722666405319937e-05,0.0001083056958715,0.0001895385481803,400.0,,,,,,,,,,,,,,
narrow_near_minus_far_paired,simulations/replicates.parquet,0.9,False,,Top2,,,,,,,,,,,,,,,,,,,,,,,narrow,probability_MAE,margin_near,margin_far,0.0041752631328394,0.000349140796265,0.0034909471721598,0.004859579093519,400.0,,,,,,,,,,,,,,
narrow_near_minus_far_paired,simulations/replicates.parquet,0.9,False,,Top2,,,,,,,,,,,,,,,,,,,,,,,narrow,N,margin_near,margin_far,0.0,0.0,0.0,0.0,400.0,,,,,,,,,,,,,,
narrow_near_minus_far_paired,simulations/replicates.parquet,0.9,False,,Top2,,,,,,,,,,,,,,,,,,,,,,,narrow,C,margin_near,margin_far,0.005,0.0117380558393295,-0.0180065894450858,0.0280065894450858,400.0,,,,,,,,,,,,,,
narrow_near_minus_far_paired,simulations/replicates.parquet,0.9,False,,Top2,,,,,,,,,,,,,,,,,,,,,,,narrow,processes,margin_near,margin_far,0.0,0.0,0.0,0.0,400.0,,,,,,,,,,,,,,
narrow_near_minus_far_paired,simulations/replicates.parquet,0.9,False,,Top2,,,,,,,,,,,,,,,,,,,,,,,narrow,utility_r005,margin_near,margin_far,0.005,0.0117380558393295,-0.0180065894450858,0.0280065894450858,400.0,,,,,,,,,,,,,,
narrow_near_minus_far_paired,simulations/replicates.parquet,0.9,False,,Top2,,,,,,,,,,,,,,,,,,,,,,,narrow,hits,margin_near,margin_far,0.0325,0.0886609343408667,-0.1412754313080989,0.2062754313080989,400.0,,,,,,,,,,,,,,
narrow_near_minus_far_paired,simulations/replicates.parquet,0.9,False,,Top2,,,,,,,,,,,,,,,,,,,,,,,narrow,false,margin_near,margin_far,-0.0325,0.0886609343408667,-0.2062754313080989,0.1412754313080989,400.0,,,,,,,,,,,,,,
narrow_near_minus_far_paired,simulations/replicates.parquet,0.9,False,,Top2,,,,,,,,,,,,,,,,,,,,,,,narrow,changed_slots,margin_near,margin_far,5.51,1.2237211625649338,3.1115065213727298,7.908493478627269,400.0,,,,,,,,,,,,,,
narrow_near_minus_far_paired,simulations/replicates.parquet,0.9,False,,Top2,,,,,,,,,,,,,,,,,,,,,,,narrow,gate_crossings,margin_near,margin_far,0.0,0.0,0.0,0.0,400.0,,,,,,,,,,,,,,
narrow_near_minus_far_paired,simulations/replicates.parquet,0.9,True,,Gate,,,,,,,,,,,,,,,,,,,,,,,narrow,marginal_MAE,margin_near,margin_far,0.0,0.0,0.0,0.0,400.0,,,,,,,,,,,,,,
narrow_near_minus_far_paired,simulations/replicates.parquet,0.9,True,,Gate,,,,,,,,,,,,,,,,,,,,,,,narrow,BS,margin_near,margin_far,0.000111273892684,2.42108118500765e-05,6.382070145793074e-05,0.0001587270839102,400.0,,,,,,,,,,,,,,
narrow_near_minus_far_paired,simulations/replicates.parquet,0.9,True,,Gate,,,,,,,,,,,,,,,,,,,,,,,narrow,probability_MAE,margin_near,margin_far,0.0027441003175656,0.0003606589557409,0.0020372087643133,0.0034509918708179,400.0,,,,,,,,,,,,,,
narrow_near_minus_far_paired,simulations/replicates.parquet,0.9,True,,Gate,,,,,,,,,,,,,,,,,,,,,,,narrow,N,margin_near,margin_far,-26.3025,2.0647846919073274,-30.34947799613836,-22.255522003861635,400.0,,,,,,,,,,,,,,
narrow_near_minus_far_paired,simulations/replicates.parquet,0.9,True,,Gate,,,,,,,,,,,,,,,,,,,,,,,narrow,C,margin_near,margin_far,-0.115,0.0260986656915098,-0.1661533847553593,-0.0638466152446406,400.0,,,,,,,,,,,,,,
narrow_near_minus_far_paired,simulations/replicates.parquet,0.9,True,,Gate,,,,,,,,,,,,,,,,,,,,,,,narrow,processes,margin_near,margin_far,0.0,0.0,0.0,0.0,400.0,,,,,,,,,,,,,,
narrow_near_minus_far_paired,simulations/replicates.parquet,0.9,True,,Gate,,,,,,,,,,,,,,,,,,,,,,,narrow,utility_r005,margin_near,margin_far,0.0165125,0.0242506569088478,-0.0310187875413418,0.0640437875413418,400.0,,,,,,,,,,,,,,
narrow_near_minus_far_paired,simulations/replicates.parquet,0.9,True,,Gate,,,,,,,,,,,,,,,,,,,,,,,narrow,hits,margin_near,margin_far,-6.7775,0.5741245787761461,-7.902784174401246,-5.652215825598754,400.0,,,,,,,,,,,,,,
narrow_near_minus_far_paired,simulations/replicates.parquet,0.9,True,,Gate,,,,,,,,,,,,,,,,,,,,,,,narrow,false,margin_near,margin_far,-19.525,1.533812207285509,-22.5312719262796,-16.5187280737204,400.0,,,,,,,,,,,,,,
narrow_near_minus_far_paired,simulations/replicates.parquet,0.9,True,,Gate,,,,,,,,,,,,,,,,,,,,,,,narrow,changed_slots,margin_near,margin_far,49.6875,2.328447181076405,45.12374352509025,54.25125647490975,400.0,,,,,,,,,,,,,,
narrow_near_minus_far_paired,simulations/replicates.parquet,0.9,True,,Gate,,,,,,,,,,,,,,,,,,,,,,,narrow,gate_crossings,margin_near,margin_far,357.6675,15.056038759154678,328.15766403205686,387.1773359679432,400.0,,,,,,,,,,,,,,
narrow_near_minus_far_paired,simulations/replicates.parquet,0.9,True,,RiseCooldown,,,,,,,,,,,,,,,,,,,,,,,narrow,marginal_MAE,margin_near,margin_far,0.0,0.0,0.0,0.0,400.0,,,,,,,,,,,,,,
narrow_near_minus_far_paired,simulations/replicates.parquet,0.9,True,,RiseCooldown,,,,,,,,,,,,,,,,,,,,,,,narrow,BS,margin_near,margin_far,0.000111273892684,2.42108118500765e-05,6.382070145793074e-05,0.0001587270839102,400.0,,,,,,,,,,,,,,
narrow_near_minus_far_paired,simulations/replicates.parquet,0.9,True,,RiseCooldown,,,,,,,,,,,,,,,,,,,,,,,narrow,probability_MAE,margin_near,margin_far,0.0027441003175656,0.0003606589557409,0.0020372087643133,0.0034509918708179,400.0,,,,,,,,,,,,,,
narrow_near_minus_far_paired,simulations/replicates.parquet,0.9,True,,RiseCooldown,,,,,,,,,,,,,,,,,,,,,,,narrow,N,margin_near,margin_far,-26.835,2.0539879756244983,-30.860816432224016,-22.809183567775985,400.0,,,,,,,,,,,,,,
narrow_near_minus_far_paired,simulations/replicates.parquet,0.9,True,,RiseCooldown,,,,,,,,,,,,,,,,,,,,,,,narrow,C,margin_near,margin_far,-0.41,0.0452478554304248,-0.4986857966436328,-0.3213142033563672,400.0,,,,,,,,,,,,,,
narrow_near_minus_far_paired,simulations/replicates.parquet,0.9,True,,RiseCooldown,,,,,,,,,,,,,,,,,,,,,,,narrow,processes,margin_near,margin_far,0.0,0.0,0.0,0.0,400.0,,,,,,,,,,,,,,
narrow_near_minus_far_paired,simulations/replicates.parquet,0.9,True,,RiseCooldown,,,,,,,,,,,,,,,,,,,,,,,narrow,utility_r005,margin_near,margin_far,-0.275825,0.0433708636699361,-0.3608318927930749,-0.190818107206925,400.0,,,,,,,,,,,,,,
narrow_near_minus_far_paired,simulations/replicates.parquet,0.9,True,,RiseCooldown,,,,,,,,,,,,,,,,,,,,,,,narrow,hits,margin_near,margin_far,-6.8775,0.5748433234292871,-8.004192913921404,-5.750807086078598,400.0,,,,,,,,,,,,,,
narrow_near_minus_far_paired,simulations/replicates.parquet,0.9,True,,RiseCooldown,,,,,,,,,,,,,,,,,,,,,,,narrow,false,margin_near,margin_far,-19.9575,1.5681995596933944,-23.031171136999053,-16.883828863000947,400.0,,,,,,,,,,,,,,
narrow_near_minus_far_paired,simulations/replicates.parquet,0.9,True,,RiseCooldown,,,,,,,,,,,,,,,,,,,,,,,narrow,changed_slots,margin_near,margin_far,27.0,3.3152964386598187,20.502018980226755,33.49798101977324,400.0,,,,,,,,,,,,,,
narrow_near_minus_far_paired,simulations/replicates.parquet,0.9,True,,RiseCooldown,,,,,,,,,,,,,,,,,,,,,,,narrow,gate_crossings,margin_near,margin_far,357.6675,15.056038759154678,328.15766403205686,387.1773359679432,400.0,,,,,,,,,,,,,,
narrow_near_minus_far_paired,simulations/replicates.parquet,0.9,True,,Top2,,,,,,,,,,,,,,,,,,,,,,,narrow,marginal_MAE,margin_near,margin_far,0.0,0.0,0.0,0.0,400.0,,,,,,,,,,,,,,
narrow_near_minus_far_paired,simulations/replicates.parquet,0.9,True,,Top2,,,,,,,,,,,,,,,,,,,,,,,narrow,BS,margin_near,margin_far,0.000111273892684,2.42108118500765e-05,6.382070145793074e-05,0.0001587270839102,400.0,,,,,,,,,,,,,,
narrow_near_minus_far_paired,simulations/replicates.parquet,0.9,True,,Top2,,,,,,,,,,,,,,,,,,,,,,,narrow,probability_MAE,margin_near,margin_far,0.0027441003175656,0.0003606589557409,0.0020372087643133,0.0034509918708179,400.0,,,,,,,,,,,,,,
narrow_near_minus_far_paired,simulations/replicates.parquet,0.9,True,,Top2,,,,,,,,,,,,,,,,,,,,,,,narrow,N,margin_near,margin_far,0.0,0.0,0.0,0.0,400.0,,,,,,,,,,,,,,
narrow_near_minus_far_paired,simulations/replicates.parquet,0.9,True,,Top2,,,,,,,,,,,,,,,,,,,,,,,narrow,C,margin_near,margin_far,0.01,0.0176927267953143,-0.0246777445188161,0.0446777445188161,400.0,,,,,,,,,,,,,,
narrow_near_minus_far_paired,simulations/replicates.parquet,0.9,True,,Top2,,,,,,,,,,,,,,,,,,,,,,,narrow,processes,margin_near,margin_far,0.0,0.0,0.0,0.0,400.0,,,,,,,,,,,,,,
narrow_near_minus_far_paired,simulations/replicates.parquet,0.9,True,,Top2,,,,,,,,,,,,,,,,,,,,,,,narrow,utility_r005,margin_near,margin_far,0.01,0.0176927267953143,-0.0246777445188161,0.0446777445188161,400.0,,,,,,,,,,,,,,
narrow_near_minus_far_paired,simulations/replicates.parquet,0.9,True,,Top2,,,,,,,,,,,,,,,,,,,,,,,narrow,hits,margin_near,margin_far,0.165,0.1470492986742932,-0.1232166254016148,0.4532166254016148,400.0,,,,,,,,,,,,,,
narrow_near_minus_far_paired,simulations/replicates.parquet,0.9,True,,Top2,,,,,,,,,,,,,,,,,,,,,,,narrow,false,margin_near,margin_far,-0.165,0.1470492986742932,-0.4532166254016148,0.1232166254016148,400.0,,,,,,,,,,,,,,
narrow_near_minus_far_paired,simulations/replicates.parquet,0.9,True,,Top2,,,,,,,,,,,,,,,,,,,,,,,narrow,changed_slots,margin_near,margin_far,24.18,2.506006618692842,19.26822702736203,29.09177297263797,400.0,,,,,,,,,,,,,,
narrow_near_minus_far_paired,simulations/replicates.parquet,0.9,True,,Top2,,,,,,,,,,,,,,,,,,,,,,,narrow,gate_crossings,margin_near,margin_far,0.0,0.0,0.0,0.0,400.0,,,,,,,,,,,,,,
narrow_temporal_fixture,simulations/temporal_fixture.csv,,,,,,,,,,,,,,,,,,,,,,,,,,,narrow,,,,,,,,,independent_occurrence,0.6419,0.0015225334505711,0.64,,,,,,,,,,
narrow_temporal_fixture,simulations/temporal_fixture.csv,,,,,,,,,,,,,,,,,,,,,,,,,,,narrow,,,,,,,,,shared_occurrence,0.4002,0.0015588425160964,0.4,,,,,,,,,,
narrow_phase_fixture,simulations/phase_fixture.csv,,,,,,,,,,,,,,,,,,,,,,,,,,,narrow,known_phase_coverage,,,,,,,1000.0,,1.0,0.0,,,,,,,,,,,
narrow_phase_fixture,simulations/phase_fixture.csv,,,,,,,,,,,,,,,,,,,,,,,,,,,narrow,noise_phase_coverage,,,,,,,1000.0,,0.08412,0.0008792033886414,,,,,,,,,,,
wide_means_MCSE,simulations/wide_boundary/summary.csv,0.0,False,margin_far,Gate,0.0514125994488703,0.0005296169732269,62.77,2.9725,17.16,2.65865,27.0,35.77,2.52,0.0012257291666666,0.0,0.0004178342594659,5.1491074412528e-06,0.4909892321275109,0.0768545765706221,0.1092168521886847,0.0767590161489213,0.3051561907480818,0.3325005888776892,0.1185712775914731,1.0868078909976211e-05,0.0,wide,,,,,,,,,,,,,,,,,,,,,,
wide_means_MCSE,simulations/wide_boundary/summary.csv,0.0,False,margin_far,RiseCooldown,0.0514125994488703,0.0005296169732269,62.77,4.8,17.16,4.48615,23.69,39.08,1.805,0.0012257291666666,0.0,0.0004178342594659,5.1491074412528e-06,0.4909892321275109,0.1005000031172457,0.1092168521886847,0.1001704647026601,0.2873868961351152,0.3471097996781155,0.1158165410377328,1.0868078909976211e-05,0.0,wide,,,,,,,,,,,,,,,,,,,,,,
wide_means_MCSE,simulations/wide_boundary/summary.csv,0.0,False,margin_far,Top2,0.0514125994488703,0.0005296169732269,240.0,2.9725,17.16,1.7725,27.0025,212.9975,154.495,0.0012257291666666,0.0,0.0004178342594659,5.1491074412528e-06,0.0,0.0768545765706221,0.1092168521886847,0.0768545765706221,0.3051869625003671,0.3051869625003672,1.1441744952974713,1.0868078909976211e-05,0.0,wide,,,,,,,,,,,,,,,,,,,,,,
wide_means_MCSE,simulations/wide_boundary/summary.csv,0.0,False,margin_near,Gate,0.0514597362659125,0.0014908155970395,62.77,2.97,17.16,2.65615,26.9975,35.7725,0.0,0.0012257291666666,50.43,0.0004179507062004,1.3218500456271758e-05,0.4909892321275109,0.0772182403425771,0.1092168521886847,0.0771220053098174,0.3047143933732407,0.3328721512046614,0.0,1.0868078909976211e-05,0.4471438180104498,wide,,,,,,,,,,,,,,,,,,,,,,
wide_means_MCSE,simulations/wide_boundary/summary.csv,0.0,False,margin_near,RiseCooldown,0.0514597362659125,0.0014908155970395,62.77,7.9075,17.16,7.59365,22.5225,40.2475,50.43,0.0012257291666666,50.43,0.0004179507062004,1.3218500456271758e-05,0.4909892321275109,0.1171288063124114,0.1092168521886847,0.1167601077021881,0.2726436700200557,0.3600377442967552,0.4471438180104498,1.0868078909976211e-05,0.4471438180104498,wide,,,,,,,,,,,,,,,,,,,,,,
wide_means_MCSE,simulations/wide_boundary/summary.csv,0.0,False,margin_near,Top2,0.0514597362659125,0.0014908155970395,240.0,2.9725,17.16,1.7725,27.0025,212.9975,0.0,0.0012257291666666,0.0,0.0004179507062004,1.3218500456271758e-05,0.0,0.0771799925701786,0.1092168521886847,0.0771799925701786,0.3048788483240325,0.3048788483240324,0.0,1.0868078909976211e-05,0.0,wide,,,,,,,,,,,,,,,,,,,,,,
wide_means_MCSE,simulations/wide_boundary/summary.csv,0.0,False,oracle,Gate,0.0514021393014988,0.0,62.77,2.97,17.16,2.65615,26.9975,35.7725,0.0,0.0,0.0,0.0004176425551839,0.0,0.4909892321275109,0.0772182403425771,0.1092168521886847,0.0771220053098174,0.3047143933732407,0.3328721512046614,0.0,0.0,0.0,wide,,,,,,,,,,,,,,,,,,,,,,
wide_means_MCSE,simulations/wide_boundary/summary.csv,0.0,False,oracle,RiseCooldown,0.0514021393014988,0.0,62.77,4.8725,17.16,4.55865,23.62,39.15,0.0,0.0,0.0,0.0004176425551839,0.0,0.4909892321275109,0.1012607709546783,0.1092168521886847,0.1009245068551732,0.2873943087846461,0.3487805465822103,0.0,0.0,0.0,wide,,,,,,,,,,,,,,,,,,,,,,
wide_means_MCSE,simulations/wide_boundary/summary.csv,0.0,False,oracle,Top2,0.0514021393014988,0.0,240.0,2.9725,17.16,1.7725,27.0025,212.9975,0.0,0.0,0.0,0.0004176425551839,0.0,0.0,0.0771799925701786,0.1092168521886847,0.0771799925701786,0.3048788483240325,0.3048788483240324,0.0,0.0,0.0,wide,,,,,,,,,,,,,,,,,,,,,,
wide_means_MCSE,simulations/wide_boundary/summary.csv,0.0,False,wrong_dependence,Gate,0.0515348475841327,0.0055638648471696,62.77,2.97,17.16,2.65615,26.9975,35.7725,0.0,0.0,50.43,0.0004208923267559,4.343874530293991e-05,0.4909892321275109,0.0772182403425771,0.1092168521886847,0.0771220053098174,0.3047143933732407,0.3328721512046614,0.0,0.0,0.4471438180104498,wide,,,,,,,,,,,,,,,,,,,,,,
wide_means_MCSE,simulations/wide_boundary/summary.csv,0.0,False,wrong_dependence,RiseCooldown,0.0515348475841327,0.0055638648471696,62.77,4.8725,17.16,4.55865,23.5175,39.2525,0.73,0.0,50.43,0.0004208923267559,4.343874530293991e-05,0.4909892321275109,0.1012607709546783,0.1092168521886847,0.1009245068551732,0.2865169528766393,0.3495028468767276,0.0743745853593041,0.0,0.4471438180104498,wide,,,,,,,,,,,,,,,,,,,,,,
wide_means_MCSE,simulations/wide_boundary/summary.csv,0.0,False,wrong_dependence,Top2,0.0515348475841327,0.0055638648471696,240.0,2.9725,17.16,1.7725,27.0025,212.9975,0.0,0.0,0.0,0.0004208923267559,4.343874530293991e-05,0.0,0.0771799925701786,0.1092168521886847,0.0771799925701786,0.3048788483240325,0.3048788483240324,0.0,0.0,0.0,wide,,,,,,,,,,,,,,,,,,,,,,
wide_means_MCSE,simulations/wide_boundary/summary.csv,0.0,True,margin_far,Gate,0.0875497119645897,0.0009923770109298,105.57,2.5975,17.005,2.06965,48.4375,57.1325,10.4,0.0018627777777777,0.0,0.0004431077593987,7.617035012522084e-06,0.5145382629699665,0.0741787746023332,0.1150348644982264,0.074311634292539,0.3407425686941695,0.3663986617378785,0.2390457218668787,1.2260753270948058e-05,0.0,wide,,,,,,,,,,,,,,,,,,,,,,
wide_means_MCSE,simulations/wide_boundary/summary.csv,0.0,True,margin_far,RiseCooldown,0.0875497119645897,0.0009923770109298,105.57,5.6275,17.005,5.09965,42.0125,63.5575,8.785,0.0018627777777777,0.0,0.0004431077593987,7.617035012522084e-06,0.5145382629699665,0.1086917389237824,0.1150348644982264,0.1090157191017799,0.3281005704594851,0.3915034120913866,0.2596207712455907,1.2260753270948058e-05,0.0,wide,,,,,,,,,,,,,,,,,,,,,,
wide_means_MCSE,simulations/wide_boundary/summary.csv,0.0,True,margin_far,Top2,0.0875497119645897,0.0009923770109298,240.0,2.5975,17.005,1.3975,48.445,191.555,179.83,0.0018627777777777,0.0,0.0004431077593987,7.617035012522084e-06,0.0,0.0741787746023332,0.1150348644982264,0.0741787746023332,0.3406906408781358,0.3406906408781359,0.7411822500704863,1.2260753270948058e-05,0.0,wide,,,,,,,,,,,,,,,,,,,,,,
wide_means_MCSE,simulations/wide_boundary/summary.csv,0.0,True,margin_near,Gate,0.0876252342852673,0.0022656376632383,105.57,2.55,17.005,2.02215,48.585,56.985,0.0,0.0018627777777777,76.64,0.0004422322234202,1.49123662101398e-05,0.5145382629699665,0.0730210942159952,0.1150348644982264,0.0731672625874191,0.3505018779065813,0.3578681482457219,0.0,1.2260753270948058e-05,0.5044424202904343,wide,,,,,,,,,,,,,,,,,,,,,,
wide_means_MCSE,simulations/wide_boundary/summary.csv,0.0,True,margin_near,RiseCooldown,0.0876252342852673,0.0022656376632383,105.57,8.4725,17.005,7.94465,40.4125,65.1575,76.64,0.0018627777777777,76.64,0.0004422322234202,1.49123662101398e-05,0.5145382629699665,0.118778703166075,0.1150348644982264,0.1191585249948461,0.3274697703624767,0.3967527772942829,0.5044424202904343,1.2260753270948058e-05,0.5044424202904343,wide,,,,,,,,,,,,,,,,,,,,,,
wide_means_MCSE,simulations/wide_boundary/summary.csv,0.0,True,margin_near,Top2,0.0876252342852673,0.0022656376632383,240.0,2.55,17.005,1.35,48.5925,191.4075,0.0,0.0018627777777777,0.0,0.0004422322234202,1.49123662101398e-05,0.0,0.0730210942159952,0.1150348644982264,0.0730210942159952,0.3506401012098318,0.3506401012098319,0.0,1.2260753270948058e-05,0.0,wide,,,,,,,,,,,,,,,,,,,,,,
wide_means_MCSE,simulations/wide_boundary/summary.csv,0.0,True,oracle,Gate,0.0875227991453167,0.0,105.57,2.55,17.005,2.02215,48.585,56.985,0.0,0.0,0.0,0.0004425888276675,0.0,0.5145382629699665,0.0730210942159952,0.1150348644982264,0.0731672625874191,0.3505018779065813,0.3578681482457219,0.0,0.0,0.0,wide,,,,,,,,,,,,,,,,,,,,,,
wide_means_MCSE,simulations/wide_boundary/summary.csv,0.0,True,oracle,RiseCooldown,0.0875227991453167,0.0,105.57,5.77,17.005,5.2421500000000005,42.135,63.435,0.0,0.0,0.0,0.0004425888276675,0.0,0.5145382629699665,0.107104755129866,0.1150348644982264,0.107418207824281,0.3309316044397128,0.3947200873637179,0.0,0.0,0.0,wide,,,,,,,,,,,,,,,,,,,,,,
wide_means_MCSE,simulations/wide_boundary/summary.csv,0.0,True,oracle,Top2,0.0875227991453167,0.0,240.0,2.55,17.005,1.35,48.5925,191.4075,0.0,0.0,0.0,0.0004425888276675,0.0,0.0,0.0730210942159952,0.1150348644982264,0.0730210942159952,0.3506401012098318,0.3506401012098319,0.0,0.0,0.0,wide,,,,,,,,,,,,,,,,,,,,,,
wide_means_MCSE,simulations/wide_boundary/summary.csv,0.0,True,wrong_dependence,Gate,0.0877184168448509,0.0090080343881886,105.57,2.55,17.005,2.02215,48.585,56.985,0.0,0.0,76.64,0.0004463274053631,4.5802241920582735e-05,0.5145382629699665,0.0730210942159952,0.1150348644982264,0.0731672625874191,0.3505018779065813,0.3578681482457219,0.0,0.0,0.5044424202904343,wide,,,,,,,,,,,,,,,,,,,,,,
wide_means_MCSE,simulations/wide_boundary/summary.csv,0.0,True,wrong_dependence,RiseCooldown,0.0877184168448509,0.0090080343881886,105.57,5.77,17.005,5.2421500000000005,41.785,63.785,3.84,0.0,76.64,0.0004463274053631,4.5802241920582735e-05,0.5145382629699665,0.107104755129866,0.1150348644982264,0.107418207824281,0.3283351144310049,0.3927085273694367,0.165996648213285,0.0,0.5044424202904343,wide,,,,,,,,,,,,,,,,,,,,,,
wide_means_MCSE,simulations/wide_boundary/summary.csv,0.0,True,wrong_dependence,Top2,0.0877184168448509,0.0090080343881886,240.0,2.55,17.005,1.35,48.5925,191.4075,0.0,0.0,0.0,0.0004463274053631,4.5802241920582735e-05,0.0,0.0730210942159952,0.1150348644982264,0.0730210942159952,0.3506401012098318,0.3506401012098319,0.0,0.0,0.0,wide,,,,,,,,,,,,,,,,,,,,,,
wide_means_MCSE,simulations/wide_boundary/summary.csv,0.65,False,margin_far,Gate,0.0511416789145943,0.0005257826834255,62.555,1.32,7.6925,1.007225,26.8475,35.7075,2.71,0.0012213541666666,0.0,0.0008849299410714,1.0834636225678652e-05,1.0660187274707211,0.0553548588743798,0.0909149227737525,0.0551714472795921,0.526965217282473,0.6749397889231894,0.1928281793901433,2.3953267485023096e-05,0.0,wide,,,,,,,,,,,,,,,,,,,,,,
wide_means_MCSE,simulations/wide_boundary/summary.csv,0.65,False,margin_far,RiseCooldown,0.0511416789145943,0.0005257826834255,62.555,2.2,7.6925,1.887225,23.475,39.08,9.85,0.0012213541666666,0.0,0.0008849299410714,1.0834636225678652e-05,1.0660187274707211,0.0643065964413034,0.0909149227737525,0.0636139190758435,0.4545491996883763,0.7182696417053204,0.6574758064676037,2.3953267485023096e-05,0.0,wide,,,,,,,,,,,,,,,,,,,,,,
wide_means_MCSE,simulations/wide_boundary/summary.csv,0.65,False,margin_far,Top2,0.0511416789145943,0.0005257826834255,240.0,1.33,7.6925,0.13,26.86,213.14,146.56,0.0012213541666666,0.0,0.0008849299410714,1.0834636225678652e-05,0.0,0.055546950043615,0.0909149227737525,0.055546950043615,0.5269679668587435,0.5269679668587437,2.130037240664243,2.3953267485023096e-05,0.0,wide,,,,,,,,,,,,,,,,,,,,,,
wide_means_MCSE,simulations/wide_boundary/summary.csv,0.65,False,margin_near,Gate,0.0511860563475736,0.001485494422987,62.555,1.3175,7.6925,1.004725,26.945,35.61,0.0,0.0012213541666666,50.25,0.0008849427918592,2.913360123741226e-05,1.0660187274707211,0.0556730013804426,0.0909149227737525,0.0554993604328792,0.5290246735863631,0.6728123372105753,0.0,2.3953267485023096e-05,0.98550586224095,wide,,,,,,,,,,,,,,,,,,,,,,
wide_means_MCSE,simulations/wide_boundary/summary.csv,0.65,False,margin_near,RiseCooldown,0.0511860563475736,0.001485494422987,62.555,3.555,7.6925,3.2422250000000004,22.515,40.04,50.25,0.0012213541666666,50.25,0.0008849427918592,2.913360123741226e-05,1.0660187274707211,0.078312000507961,0.0909149227737525,0.0772229594233005,0.4667242400933626,0.7273882968097847,0.98550586224095,2.3953267485023096e-05,0.98550586224095,wide,,,,,,,,,,,,,,,,,,,,,,
wide_means_MCSE,simulations/wide_boundary/summary.csv,0.65,False,margin_near,Top2,0.0511860563475736,0.001485494422987,240.0,1.3325,7.6925,0.1325,26.9625,213.0375,0.0,0.0012213541666666,0.0,0.0008849427918592,2.913360123741226e-05,0.0,0.0556786282977841,0.0909149227737525,0.0556786282977841,0.5288567462177732,0.5288567462177732,0.0,2.3953267485023096e-05,0.0,wide,,,,,,,,,,,,,,,,,,,,,,
wide_means_MCSE,simulations/wide_boundary/summary.csv,0.65,False,oracle,Gate,0.0511282142073406,0.0,62.555,1.3175,7.6925,1.004725,26.945,35.61,0.0,0.0,0.0,0.0008844823921114,0.0,1.0660187274707211,0.0556730013804426,0.0909149227737525,0.0554993604328792,0.5290246735863631,0.6728123372105753,0.0,0.0,0.0,wide,,,,,,,,,,,,,,,,,,,,,,
wide_means_MCSE,simulations/wide_boundary/summary.csv,0.65,False,oracle,RiseCooldown,0.0511282142073406,0.0,62.555,2.2175,7.6925,1.904725,23.7975,38.7575,0.0,0.0,0.0,0.0008844823921114,0.0,1.0660187274707211,0.0646989122638109,0.0909149227737525,0.0640779292227142,0.4719885245355367,0.7031502578309413,0.0,0.0,0.0,wide,,,,,,,,,,,,,,,,,,,,,,
wide_means_MCSE,simulations/wide_boundary/summary.csv,0.65,False,oracle,Top2,0.0511282142073406,0.0,240.0,1.3325,7.6925,0.1325,26.9625,213.0375,0.0,0.0,0.0,0.0008844823921114,0.0,0.0,0.0556786282977841,0.0909149227737525,0.0556786282977841,0.5288567462177732,0.5288567462177732,0.0,0.0,0.0,wide,,,,,,,,,,,,,,,,,,,,,,
wide_means_MCSE,simulations/wide_boundary/summary.csv,0.65,False,wrong_dependence,Gate,0.0512512988520891,0.0055447384961739,62.555,1.3175,7.6925,1.004725,26.945,35.61,0.0,0.0,50.25,0.0008879096982888,9.511717005649705e-05,1.0660187274707211,0.0556730013804426,0.0909149227737525,0.0554993604328792,0.5290246735863631,0.6728123372105753,0.0,0.0,0.98550586224095,wide,,,,,,,,,,,,,,,,,,,,,,
wide_means_MCSE,simulations/wide_boundary/summary.csv,0.65,False,wrong_dependence,RiseCooldown,0.0512512988520891,0.0055447384961739,62.555,2.2175,7.6925,1.904725,23.2375,39.3175,13.63,0.0,50.25,0.0008879096982888,9.511717005649705e-05,1.0660187274707211,0.0646989122638109,0.0909149227737525,0.0640779292227142,0.4517332084361408,0.7151365499593204,0.8105555197681198,0.0,0.98550586224095,wide,,,,,,,,,,,,,,,,,,,,,,
wide_means_MCSE,simulations/wide_boundary/summary.csv,0.65,False,wrong_dependence,Top2,0.0512512988520891,0.0055447384961739,240.0,1.3325,7.6925,0.1325,26.9625,213.0375,0.0,0.0,0.0,0.0008879096982888,9.511717005649705e-05,0.0,0.0556786282977841,0.0909149227737525,0.0556786282977841,0.5288567462177732,0.5288567462177732,0.0,0.0,0.0,wide,,,,,,,,,,,,,,,,,,,,,,
wide_means_MCSE,simulations/wide_boundary/summary.csv,0.65,True,margin_far,Gate,0.0861426954885277,0.0009723696591696,103.59,1.515,9.055,0.99705,47.2525,56.3375,10.17,0.0018460069444444,0.0,0.0010119163421214,1.6932927163339264e-05,1.2005761983398016,0.0574036186890381,0.0920658884687965,0.0578031682470649,0.6638513432160279,0.7325301943189596,0.3776032448567092,2.688542338137059e-05,0.0,wide,,,,,,,,,,,,,,,,,,,,,,
wide_means_MCSE,simulations/wide_boundary/summary.csv,0.65,True,margin_far,RiseCooldown,0.0861426954885277,0.0009723696591696,103.59,2.9875,9.055,2.46955,41.1,62.49,29.885,0.0018460069444444,0.0,0.0010119163421214,1.6932927163339264e-05,1.2005761983398016,0.0808374672740816,0.0920658884687965,0.0812222236693534,0.5601423020056963,0.8249248465807446,1.166788509570249,2.688542338137059e-05,0.0,wide,,,,,,,,,,,,,,,,,,,,,,
wide_means_MCSE,simulations/wide_boundary/summary.csv,0.65,True,margin_far,Top2,0.0861426954885277,0.0009723696591696,240.0,1.52,9.055,0.32,47.265,192.735,170.615,0.0018460069444444,0.0,0.0010119163421214,1.6932927163339264e-05,0.0,0.0575088529743557,0.0920658884687965,0.0575088529743557,0.6640892061193365,0.6640892061193368,1.4369033250060812,2.688542338137059e-05,0.0,wide,,,,,,,,,,,,,,,,,,,,,,
wide_means_MCSE,simulations/wide_boundary/summary.csv,0.65,True,margin_near,Gate,0.0861930146637009,0.0022452398293704,103.59,1.4975,9.055,0.97955,47.295,56.295,0.0,0.0018460069444444,75.95,0.0010113265193575,3.26998896656414e-05,1.2005761983398016,0.0576262643319184,0.0920658884687965,0.0580193511383598,0.6630849429779039,0.7345961586414177,0.0,2.688542338137059e-05,1.1061431334049616,wide,,,,,,,,,,,,,,,,,,,,,,
wide_means_MCSE,simulations/wide_boundary/summary.csv,0.65,True,margin_near,RiseCooldown,0.0861930146637009,0.0022452398293704,103.59,4.55,9.055,4.03205,40.2675,63.3225,75.95,0.0018460069444444,75.95,0.0010113265193575,3.26998896656414e-05,1.2005761983398016,0.086891457078836,0.0920658884687965,0.0873972407343042,0.5875610004059111,0.798194224123151,1.1061431334049616,2.688542338137059e-05,1.1061431334049616,wide,,,,,,,,,,,,,,,,,,,,,,
wide_means_MCSE,simulations/wide_boundary/summary.csv,0.65,True,margin_near,Top2,0.0861930146637009,0.0022452398293704,240.0,1.5025,9.055,0.3025,47.305,192.695,0.0,0.0018460069444444,0.0,0.0010113265193575,3.26998896656414e-05,0.0,0.0576262643319184,0.0920658884687965,0.0576262643319183,0.6629885534872664,0.6629885534872664,0.0,2.688542338137059e-05,0.0,wide,,,,,,,,,,,,,,,,,,,,,,
wide_means_MCSE,simulations/wide_boundary/summary.csv,0.65,True,oracle,Gate,0.0861154879678971,0.0,103.59,1.4975,9.055,0.97955,47.295,56.295,0.0,0.0,0.0,0.0010110853548264,0.0,1.2005761983398016,0.0576262643319184,0.0920658884687965,0.0580193511383598,0.6630849429779039,0.7345961586414177,0.0,0.0,0.0,wide,,,,,,,,,,,,,,,,,,,,,,
wide_means_MCSE,simulations/wide_boundary/summary.csv,0.65,True,oracle,RiseCooldown,0.0861154879678971,0.0,103.59,3.07,9.055,2.55205,41.8525,61.7375,0.0,0.0,0.0,0.0010110853548264,0.0,1.2005761983398016,0.081189465593193,0.0920658884687965,0.0814043528652708,0.5859053439380273,0.8155653569786783,0.0,0.0,0.0,wide,,,,,,,,,,,,,,,,,,,,,,
wide_means_MCSE,simulations/wide_boundary/summary.csv,0.65,True,oracle,Top2,0.0861154879678971,0.0,240.0,1.5025,9.055,0.3025,47.305,192.695,0.0,0.0,0.0,0.0010110853548264,0.0,0.0,0.0576262643319184,0.0920658884687965,0.0576262643319183,0.6629885534872664,0.6629885534872664,0.0,0.0,0.0,wide,,,,,,,,,,,,,,,,,,,,,,
wide_means_MCSE,simulations/wide_boundary/summary.csv,0.65,True,wrong_dependence,Gate,0.0863419590860009,0.0088684294943532,103.59,1.4975,9.055,0.97955,47.295,56.295,0.0,0.0,75.95,0.001014504688303,0.0001043349861386,1.2005761983398016,0.0576262643319184,0.0920658884687965,0.0580193511383598,0.6630849429779039,0.7345961586414177,0.0,0.0,1.1061431334049616,wide,,,,,,,,,,,,,,,,,,,,,,
wide_means_MCSE,simulations/wide_boundary/summary.csv,0.65,True,wrong_dependence,RiseCooldown,0.0863419590860009,0.0088684294943532,103.59,3.07,9.055,2.55205,40.6275,62.9625,32.295,0.0,75.95,0.001014504688303,0.0001043349861386,1.2005761983398016,0.081189465593193,0.0920658884687965,0.0814043528652708,0.5518906754685868,0.8201046662065972,1.2628318566799044,0.0,1.1061431334049616,wide,,,,,,,,,,,,,,,,,,,,,,
wide_means_MCSE,simulations/wide_boundary/summary.csv,0.65,True,wrong_dependence,Top2,0.0863419590860009,0.0088684294943532,240.0,1.5025,9.055,0.3025,47.305,192.695,0.0,0.0,0.0,0.001014504688303,0.0001043349861386,0.0,0.0576262643319184,0.0920658884687965,0.0576262643319183,0.6629885534872664,0.6629885534872664,0.0,0.0,0.0,wide,,,,,,,,,,,,,,,,,,,,,,
wide_means_MCSE,simulations/wide_boundary/summary.csv,0.9,False,margin_far,Gate,0.0489767207904413,0.0016630217596524,59.74,0.42,2.5625,0.1212999999999999,25.6275,34.1125,2.22,0.0011642361111111,0.0,0.0016518563672661,0.000206034362708,1.9933048337875967,0.0305996871247129,0.0620472321909397,0.0314196795920034,0.95567654230329,1.1936862345026442,0.2736168222414948,4.417083578009388e-05,0.0,wide,,,,,,,,,,,,,,,,,,,,,,
wide_means_MCSE,simulations/wide_boundary/summary.csv,0.9,False,margin_far,RiseCooldown,0.0489767207904413,0.0016630217596524,59.74,0.6375,2.5625,0.3388,22.6875,37.0525,15.865,0.0011642361111111,0.0,0.0016518563672661,0.000206034362708,1.9933048337875967,0.0374999999999999,0.0620472321909397,0.0371500230218813,0.8362478013952239,1.2768418744330732,1.725869636590859,4.417083578009388e-05,0.0,wide,,,,,,,,,,,,,,,,,,,,,,
wide_means_MCSE,simulations/wide_boundary/summary.csv,0.9,False,margin_far,Top2,0.0489767207904413,0.0016630217596524,240.0,0.4375,2.5625,-0.7625,25.645,214.355,121.25,0.0011642361111111,0.0,0.0016518563672661,0.000206034362708,0.0,0.0309050510507769,0.0620472321909397,0.0309050510507769,0.9551456409829454,0.9551456409829454,3.45786579259505,4.417083578009388e-05,0.0,wide,,,,,,,,,,,,,,,,,,,,,,
wide_means_MCSE,simulations/wide_boundary/summary.csv,0.9,False,margin_near,Gate,0.0490002444348121,0.0014160235395239,59.74,0.4175,2.5625,0.1187999999999999,25.6725,34.0675,0.0,0.0011642361111111,47.9,0.0016531662781488,5.372358976682785e-05,1.9933048337875967,0.0305830456577539,0.0620472321909397,0.0314137064413124,0.9590163660495464,1.1914355442133824,0.0,4.417083578009388e-05,1.8173143863810044,wide,,,,,,,,,,,,,,,,,,,,,,
wide_means_MCSE,simulations/wide_boundary/summary.csv,0.9,False,margin_near,RiseCooldown,0.0490002444348121,0.0014160235395239,59.74,1.0925,2.5625,0.7938,21.755,37.985,47.9,0.0011642361111111,47.9,0.0016531662781488,5.372358976682785e-05,1.9933048337875967,0.0472009448845569,0.0620472321909397,0.0452350187055696,0.8312354168920736,1.3053579339934307,1.8173143863810044,4.417083578009388e-05,1.8173143863810044,wide,,,,,,,,,,,,,,,,,,,,,,
wide_means_MCSE,simulations/wide_boundary/summary.csv,0.9,False,margin_near,Top2,0.0490002444348121,0.0014160235395239,240.0,0.4375,2.5625,-0.7625,25.6925,214.3075,0.0,0.0011642361111111,0.0,0.0016531662781488,5.372358976682785e-05,0.0,0.031107129548898,0.0620472321909397,0.031107129548898,0.9582094095532516,0.9582094095532516,0.0,4.417083578009388e-05,0.0,wide,,,,,,,,,,,,,,,,,,,,,,
wide_means_MCSE,simulations/wide_boundary/summary.csv,0.9,False,oracle,Gate,0.0489459917778461,0.0,59.74,0.4175,2.5625,0.1187999999999999,25.6725,34.0675,0.0,0.0,0.0,0.0016518725719076,0.0,1.9933048337875967,0.0305830456577539,0.0620472321909397,0.0314137064413124,0.9590163660495464,1.1914355442133824,0.0,0.0,0.0,wide,,,,,,,,,,,,,,,,,,,,,,
wide_means_MCSE,simulations/wide_boundary/summary.csv,0.9,False,oracle,RiseCooldown,0.0489459917778461,0.0,59.74,0.655,2.5625,0.3563,22.955,36.785,0.0,0.0,0.0,0.0016518725719076,0.0,1.9933048337875967,0.0378287593980292,0.0620472321909397,0.0373211796588454,0.8558628339145183,1.2706773744640834,0.0,0.0,0.0,wide,,,,,,,,,,,,,,,,,,,,,,
wide_means_MCSE,simulations/wide_boundary/summary.csv,0.9,False,oracle,Top2,0.0489459917778461,0.0,240.0,0.4375,2.5625,-0.7625,25.6925,214.3075,0.0,0.0,0.0,0.0016518725719076,0.0,0.0,0.031107129548898,0.0620472321909397,0.031107129548898,0.9582094095532516,0.9582094095532516,0.0,0.0,0.0,wide,,,,,,,,,,,,,,,,,,,,,,
wide_means_MCSE,simulations/wide_boundary/summary.csv,0.9,False,wrong_dependence,Gate,0.0490728166744527,0.0052945713708552,59.74,0.4175,2.5625,0.1187999999999999,25.6725,34.0675,0.0,0.0,47.9,0.0016565165394737,0.0001761587607758,1.9933048337875967,0.0305830456577539,0.0620472321909397,0.0314137064413124,0.9590163660495464,1.1914355442133824,0.0,0.0,1.8173143863810044,wide,,,,,,,,,,,,,,,,,,,,,,
wide_means_MCSE,simulations/wide_boundary/summary.csv,0.9,False,wrong_dependence,RiseCooldown,0.0490728166744527,0.0052945713708552,59.74,0.655,2.5625,0.3563,22.4675,37.2725,20.39,0.0,47.9,0.0016565165394737,0.0001761587607758,1.9933048337875967,0.0378287593980292,0.0620472321909397,0.0373211796588454,0.8302080902145219,1.2746204346809544,2.0103914879537994,0.0,1.8173143863810044,wide,,,,,,,,,,,,,,,,,,,,,,
wide_means_MCSE,simulations/wide_boundary/summary.csv,0.9,False,wrong_dependence,Top2,0.0490728166744527,0.0052945713708552,240.0,0.4375,2.5625,-0.7625,25.6925,214.3075,0.0,0.0,0.0,0.0016565165394737,0.0001761587607758,0.0,0.031107129548898,0.0620472321909397,0.031107129548898,0.9582094095532516,0.9582094095532516,0.0,0.0,0.0,wide,,,,,,,,,,,,,,,,,,,,,,
wide_means_MCSE,simulations/wide_boundary/summary.csv,0.9,True,margin_far,Gate,0.0863324618802388,0.0009766926990564,103.69,0.5475,3.395,0.0290499999999999,48.04,55.65,9.225,0.0017982465277777,0.0,0.0018577726722374,4.651185230474007e-05,2.1973462577484453,0.0356726888083452,0.0585748669447399,0.0360732024303909,1.2099041988628956,1.2889082438842894,0.5911828654918273,4.976948557117828e-05,0.0,wide,,,,,,,,,,,,,,,,,,,,,,
wide_means_MCSE,simulations/wide_boundary/summary.csv,0.9,True,margin_far,RiseCooldown,0.0863324618802388,0.0009766926990564,103.69,1.085,3.395,0.56655,41.7625,61.9275,44.02,0.0017982465277777,0.0,0.0018577726722374,4.651185230474007e-05,2.1973462577484453,0.0479602749150253,0.0585748669447399,0.048067259098508,1.0213339522310758,1.3644035701105168,2.6392542806434425,4.976948557117828e-05,0.0,wide,,,,,,,,,,,,,,,,,,,,,,
wide_means_MCSE,simulations/wide_boundary/summary.csv,0.9,True,margin_far,Top2,0.0863324618802388,0.0009766926990564,240.0,0.5525,3.395,-0.6475,48.045,191.955,141.82,0.0017982465277777,0.0,0.0018577726722374,4.651185230474007e-05,0.0,0.0356551201650613,0.0585748669447399,0.0356551201650613,1.2097794647717657,1.2097794647717657,2.6780868868342536,4.976948557117828e-05,0.0,wide,,,,,,,,,,,,,,,,,,,,,,
wide_means_MCSE,simulations/wide_boundary/summary.csv,0.9,True,margin_near,Gate,0.0863992082727587,0.0021871475265235,103.69,0.5475,3.395,0.0290499999999999,48.2325,55.4575,0.0,0.0017982465277777,73.9925,0.0018582063460295,6.053272596601713e-05,2.1973462577484453,0.0354966110846689,0.0585748669447399,0.0358274581941229,1.2154894676590065,1.2843361252341436,0.0,4.976948557117828e-05,2.048535416524912,wide,,,,,,,,,,,,,,,,,,,,,,
wide_means_MCSE,simulations/wide_boundary/summary.csv,0.9,True,margin_near,RiseCooldown,0.0863992082727587,0.0021871475265235,103.69,1.67,3.395,1.15155,41.315,62.375,74.075,0.0017982465277777,73.9925,0.0018582063460295,6.053272596601713e-05,2.1973462577484453,0.0558843237778742,0.0585748669447399,0.0558974534931381,1.0713935541479027,1.4053196240051709,2.059956185508696,4.976948557117828e-05,2.048535416524912,wide,,,,,,,,,,,,,,,,,,,,,,
wide_means_MCSE,simulations/wide_boundary/summary.csv,0.9,True,margin_near,Top2,0.0863992082727587,0.0021871475265235,240.0,0.5575,3.395,-0.6425,48.2425,191.7575,0.0,0.0017982465277777,0.0,0.0018582063460295,6.053272596601713e-05,0.0,0.035811178089955,0.0585748669447399,0.035811178089955,1.215206175716182,1.2152061757161818,0.0,4.976948557117828e-05,0.0,wide,,,,,,,,,,,,,,,,,,,,,,
wide_means_MCSE,simulations/wide_boundary/summary.csv,0.9,True,oracle,Gate,0.0863053784776793,0.0,103.69,0.5475,3.395,0.0290499999999999,48.2325,55.4575,0.0,0.0,0.0,0.0018567943954484,0.0,2.1973462577484453,0.0354966110846689,0.0585748669447399,0.0358274581941229,1.2154894676590065,1.2843361252341436,0.0,0.0,0.0,wide,,,,,,,,,,,,,,,,,,,,,,
wide_means_MCSE,simulations/wide_boundary/summary.csv,0.9,True,oracle,RiseCooldown,0.0863053784776793,0.0,103.69,1.105,3.395,0.58655,43.19,60.5,0.0,0.0,0.0,0.0018567943954484,0.0,2.1973462577484453,0.0479916189424966,0.0585748669447399,0.0478762528056109,1.100243650390932,1.3509673504400057,0.0,0.0,0.0,wide,,,,,,,,,,,,,,,,,,,,,,
wide_means_MCSE,simulations/wide_boundary/summary.csv,0.9,True,oracle,Top2,0.0863053784776793,0.0,240.0,0.5575,3.395,-0.6425,48.2425,191.7575,0.0,0.0,0.0,0.0018567943954484,0.0,0.0,0.035811178089955,0.0585748669447399,0.035811178089955,1.215206175716182,1.2152061757161818,0.0,0.0,0.0,wide,,,,,,,,,,,,,,,,,,,,,,
wide_means_MCSE,simulations/wide_boundary/summary.csv,0.9,True,wrong_dependence,Gate,0.0865111150290208,0.0088041272452887,103.69,0.5475,3.395,0.0290499999999999,48.2325,55.4575,0.0,0.0,74.095,0.0018609657207881,0.0001895255189703,2.1973462577484453,0.0354966110846689,0.0585748669447399,0.0358274581941229,1.2154894676590065,1.2843361252341436,0.0,0.0,2.063212191916328,wide,,,,,,,,,,,,,,,,,,,,,,
wide_means_MCSE,simulations/wide_boundary/summary.csv,0.9,True,wrong_dependence,RiseCooldown,0.0865111150290208,0.0088041272452887,103.69,1.105,3.395,0.58655,41.415,62.275,51.585,0.0,74.095,0.0018609657207881,0.0001895255189703,2.1973462577484453,0.0479916189424966,0.0585748669447399,0.0478762528056109,1.010344707796022,1.3601602948068006,3.0544095963796574,0.0,2.063212191916328,wide,,,,,,,,,,,,,,,,,,,,,,
wide_means_MCSE,simulations/wide_boundary/summary.csv,0.9,True,wrong_dependence,Top2,0.0865111150290208,0.0088041272452887,240.0,0.5575,3.395,-0.6425,48.2425,191.7575,0.0,0.0,0.0,0.0018609657207881,0.0001895255189703,0.0,0.035811178089955,0.0585748669447399,0.035811178089955,1.215206175716182,1.2152061757161818,0.0,0.0,0.0,wide,,,,,,,,,,,,,,,,,,,,,,
wide_near_minus_far_paired,simulations/wide_boundary/replicates.parquet,0.0,False,,Gate,,,,,,,,,,,,,,,,,,,,,,,wide,marginal_MAE,margin_near,margin_far,0.0,0.0,0.0,0.0,400.0,,,,,,,,,,,,,,
wide_near_minus_far_paired,simulations/wide_boundary/replicates.parquet,0.0,False,,Gate,,,,,,,,,,,,,,,,,,,,,,,wide,BS,margin_near,margin_far,4.713681704219154e-05,6.308183067053319e-06,3.477277823076703e-05,5.950085585361604e-05,400.0,,,,,,,,,,,,,,
wide_near_minus_far_paired,simulations/wide_boundary/replicates.parquet,0.0,False,,Gate,,,,,,,,,,,,,,,,,,,,,,,wide,probability_MAE,margin_near,margin_far,0.0009611986238126,8.766326541430838e-06,0.0009440166237914,0.0009783806238338,400.0,,,,,,,,,,,,,,
wide_near_minus_far_paired,simulations/wide_boundary/replicates.parquet,0.0,False,,Gate,,,,,,,,,,,,,,,,,,,,,,,wide,N,margin_near,margin_far,0.0,0.0,0.0,0.0,400.0,,,,,,,,,,,,,,
wide_near_minus_far_paired,simulations/wide_boundary/replicates.parquet,0.0,False,,Gate,,,,,,,,,,,,,,,,,,,,,,,wide,C,margin_near,margin_far,-0.0025,0.0083010024457296,-0.0187699647936301,0.0137699647936301,400.0,,,,,,,,,,,,,,
wide_near_minus_far_paired,simulations/wide_boundary/replicates.parquet,0.0,False,,Gate,,,,,,,,,,,,,,,,,,,,,,,wide,processes,margin_near,margin_far,0.0,0.0,0.0,0.0,400.0,,,,,,,,,,,,,,
wide_near_minus_far_paired,simulations/wide_boundary/replicates.parquet,0.0,False,,Gate,,,,,,,,,,,,,,,,,,,,,,,wide,utility_r005,margin_near,margin_far,-0.0024999999999999,0.0083010024457296,-0.0187699647936301,0.0137699647936301,400.0,,,,,,,,,,,,,,
wide_near_minus_far_paired,simulations/wide_boundary/replicates.parquet,0.0,False,,Gate,,,,,,,,,,,,,,,,,,,,,,,wide,hits,margin_near,margin_far,-0.0025,0.0373795056629835,-0.0757638310994478,0.0707638310994478,400.0,,,,,,,,,,,,,,
wide_near_minus_far_paired,simulations/wide_boundary/replicates.parquet,0.0,False,,Gate,,,,,,,,,,,,,,,,,,,,,,,wide,false,margin_near,margin_far,0.0025,0.0373795056629835,-0.0707638310994478,0.0757638310994478,400.0,,,,,,,,,,,,,,
wide_near_minus_far_paired,simulations/wide_boundary/replicates.parquet,0.0,False,,Gate,,,,,,,,,,,,,,,,,,,,,,,wide,changed_slots,margin_near,margin_far,-2.52,0.1185712775914731,-2.752399704079288,-2.2876002959207127,400.0,,,,,,,,,,,,,,
wide_near_minus_far_paired,simulations/wide_boundary/replicates.parquet,0.0,False,,Gate,,,,,,,,,,,,,,,,,,,,,,,wide,gate_crossings,margin_near,margin_far,50.43,0.44714381801045,49.55359811669952,51.30640188330048,400.0,,,,,,,,,,,,,,
wide_near_minus_far_paired,simulations/wide_boundary/replicates.parquet,0.0,False,,RiseCooldown,,,,,,,,,,,,,,,,,,,,,,,wide,marginal_MAE,margin_near,margin_far,0.0,0.0,0.0,0.0,400.0,,,,,,,,,,,,,,
wide_near_minus_far_paired,simulations/wide_boundary/replicates.parquet,0.0,False,,RiseCooldown,,,,,,,,,,,,,,,,,,,,,,,wide,BS,margin_near,margin_far,4.713681704219154e-05,6.308183067053319e-06,3.477277823076703e-05,5.950085585361604e-05,400.0,,,,,,,,,,,,,,
wide_near_minus_far_paired,simulations/wide_boundary/replicates.parquet,0.0,False,,RiseCooldown,,,,,,,,,,,,,,,,,,,,,,,wide,probability_MAE,margin_near,margin_far,0.0009611986238126,8.766326541430838e-06,0.0009440166237914,0.0009783806238338,400.0,,,,,,,,,,,,,,
wide_near_minus_far_paired,simulations/wide_boundary/replicates.parquet,0.0,False,,RiseCooldown,,,,,,,,,,,,,,,,,,,,,,,wide,N,margin_near,margin_far,0.0,0.0,0.0,0.0,400.0,,,,,,,,,,,,,,
wide_near_minus_far_paired,simulations/wide_boundary/replicates.parquet,0.0,False,,RiseCooldown,,,,,,,,,,,,,,,,,,,,,,,wide,C,margin_near,margin_far,3.1075,0.0840834969607763,2.9426963459568785,3.2723036540431214,400.0,,,,,,,,,,,,,,
wide_near_minus_far_paired,simulations/wide_boundary/replicates.parquet,0.0,False,,RiseCooldown,,,,,,,,,,,,,,,,,,,,,,,wide,processes,margin_near,margin_far,0.0,0.0,0.0,0.0,400.0,,,,,,,,,,,,,,
wide_near_minus_far_paired,simulations/wide_boundary/replicates.parquet,0.0,False,,RiseCooldown,,,,,,,,,,,,,,,,,,,,,,,wide,utility_r005,margin_near,margin_far,3.1075,0.0840834969607763,2.9426963459568785,3.2723036540431214,400.0,,,,,,,,,,,,,,
wide_near_minus_far_paired,simulations/wide_boundary/replicates.parquet,0.0,False,,RiseCooldown,,,,,,,,,,,,,,,,,,,,,,,wide,hits,margin_near,margin_far,-1.1675,0.1671629984330048,-1.4951394769286894,-0.8398605230713105,400.0,,,,,,,,,,,,,,
wide_near_minus_far_paired,simulations/wide_boundary/replicates.parquet,0.0,False,,RiseCooldown,,,,,,,,,,,,,,,,,,,,,,,wide,false,margin_near,margin_far,1.1675,0.1671629984330048,0.8398605230713105,1.4951394769286894,400.0,,,,,,,,,,,,,,
wide_near_minus_far_paired,simulations/wide_boundary/replicates.parquet,0.0,False,,RiseCooldown,,,,,,,,,,,,,,,,,,,,,,,wide,changed_slots,margin_near,margin_far,48.625,0.4484430738412518,47.746051575271146,49.50394842472885,400.0,,,,,,,,,,,,,,
wide_near_minus_far_paired,simulations/wide_boundary/replicates.parquet,0.0,False,,RiseCooldown,,,,,,,,,,,,,,,,,,,,,,,wide,gate_crossings,margin_near,margin_far,50.43,0.44714381801045,49.55359811669952,51.30640188330048,400.0,,,,,,,,,,,,,,
wide_near_minus_far_paired,simulations/wide_boundary/replicates.parquet,0.0,False,,Top2,,,,,,,,,,,,,,,,,,,,,,,wide,marginal_MAE,margin_near,margin_far,0.0,0.0,0.0,0.0,400.0,,,,,,,,,,,,,,
wide_near_minus_far_paired,simulations/wide_boundary/replicates.parquet,0.0,False,,Top2,,,,,,,,,,,,,,,,,,,,,,,wide,BS,margin_near,margin_far,4.713681704219154e-05,6.308183067053319e-06,3.477277823076703e-05,5.950085585361604e-05,400.0,,,,,,,,,,,,,,
wide_near_minus_far_paired,simulations/wide_boundary/replicates.parquet,0.0,False,,Top2,,,,,,,,,,,,,,,,,,,,,,,wide,probability_MAE,margin_near,margin_far,0.0009611986238126,8.766326541430838e-06,0.0009440166237914,0.0009783806238338,400.0,,,,,,,,,,,,,,
wide_near_minus_far_paired,simulations/wide_boundary/replicates.parquet,0.0,False,,Top2,,,,,,,,,,,,,,,,,,,,,,,wide,N,margin_near,margin_far,0.0,0.0,0.0,0.0,400.0,,,,,,,,,,,,,,
wide_near_minus_far_paired,simulations/wide_boundary/replicates.parquet,0.0,False,,Top2,,,,,,,,,,,,,,,,,,,,,,,wide,C,margin_near,margin_far,0.0,0.0086710996952412,-0.0169953554026727,0.0169953554026727,400.0,,,,,,,,,,,,,,
wide_near_minus_far_paired,simulations/wide_boundary/replicates.parquet,0.0,False,,Top2,,,,,,,,,,,,,,,,,,,,,,,wide,processes,margin_near,margin_far,0.0,0.0,0.0,0.0,400.0,,,,,,,,,,,,,,
wide_near_minus_far_paired,simulations/wide_boundary/replicates.parquet,0.0,False,,Top2,,,,,,,,,,,,,,,,,,,,,,,wide,utility_r005,margin_near,margin_far,1.110223024625157e-18,0.0086710996952412,-0.0169953554026727,0.0169953554026727,400.0,,,,,,,,,,,,,,
wide_near_minus_far_paired,simulations/wide_boundary/replicates.parquet,0.0,False,,Top2,,,,,,,,,,,,,,,,,,,,,,,wide,hits,margin_near,margin_far,0.0,0.0374634324632677,-0.0734283276280048,0.0734283276280048,400.0,,,,,,,,,,,,,,
wide_near_minus_far_paired,simulations/wide_boundary/replicates.parquet,0.0,False,,Top2,,,,,,,,,,,,,,,,,,,,,,,wide,false,margin_near,margin_far,0.0,0.0374634324632677,-0.0734283276280048,0.0734283276280048,400.0,,,,,,,,,,,,,,
wide_near_minus_far_paired,simulations/wide_boundary/replicates.parquet,0.0,False,,Top2,,,,,,,,,,,,,,,,,,,,,,,wide,changed_slots,margin_near,margin_far,-154.495,1.1441744952974713,-156.73758201078306,-152.25241798921695,400.0,,,,,,,,,,,,,,
wide_near_minus_far_paired,simulations/wide_boundary/replicates.parquet,0.0,False,,Top2,,,,,,,,,,,,,,,,,,,,,,,wide,gate_crossings,margin_near,margin_far,0.0,0.0,0.0,0.0,400.0,,,,,,,,,,,,,,
wide_near_minus_far_paired,simulations/wide_boundary/replicates.parquet,0.0,True,,Gate,,,,,,,,,,,,,,,,,,,,,,,wide,marginal_MAE,margin_near,margin_far,0.0,0.0,0.0,0.0,400.0,,,,,,,,,,,,,,
wide_near_minus_far_paired,simulations/wide_boundary/replicates.parquet,0.0,True,,Gate,,,,,,,,,,,,,,,,,,,,,,,wide,BS,margin_near,margin_far,7.552232067761014e-05,8.878634162116065e-06,5.812019771986266e-05,9.292444363535762e-05,400.0,,,,,,,,,,,,,,
wide_near_minus_far_paired,simulations/wide_boundary/replicates.parquet,0.0,True,,Gate,,,,,,,,,,,,,,,,,,,,,,,wide,probability_MAE,margin_near,margin_far,0.0012732606523084,9.637464759809616e-06,0.0012543712213792,0.0012921500832376,400.0,,,,,,,,,,,,,,
wide_near_minus_far_paired,simulations/wide_boundary/replicates.parquet,0.0,True,,Gate,,,,,,,,,,,,,,,,,,,,,,,wide,N,margin_near,margin_far,0.0,0.0,0.0,0.0,400.0,,,,,,,,,,,,,,
wide_near_minus_far_paired,simulations/wide_boundary/replicates.parquet,0.0,True,,Gate,,,,,,,,,,,,,,,,,,,,,,,wide,C,margin_near,margin_far,-0.0475,0.0127874223526895,-0.0725633478112715,-0.0224366521887284,400.0,,,,,,,,,,,,,,
wide_near_minus_far_paired,simulations/wide_boundary/replicates.parquet,0.0,True,,Gate,,,,,,,,,,,,,,,,,,,,,,,wide,processes,margin_near,margin_far,0.0,0.0,0.0,0.0,400.0,,,,,,,,,,,,,,
wide_near_minus_far_paired,simulations/wide_boundary/replicates.parquet,0.0,True,,Gate,,,,,,,,,,,,,,,,,,,,,,,wide,utility_r005,margin_near,margin_far,-0.0475,0.0127874223526895,-0.0725633478112715,-0.0224366521887284,400.0,,,,,,,,,,,,,,
wide_near_minus_far_paired,simulations/wide_boundary/replicates.parquet,0.0,True,,Gate,,,,,,,,,,,,,,,,,,,,,,,wide,hits,margin_near,margin_far,0.1475,0.0707238576089265,0.0088812390865039,0.286118760913496,400.0,,,,,,,,,,,,,,
wide_near_minus_far_paired,simulations/wide_boundary/replicates.parquet,0.0,True,,Gate,,,,,,,,,,,,,,,,,,,,,,,wide,false,margin_near,margin_far,-0.1475,0.0707238576089265,-0.286118760913496,-0.0088812390865039,400.0,,,,,,,,,,,,,,
wide_near_minus_far_paired,simulations/wide_boundary/replicates.parquet,0.0,True,,Gate,,,,,,,,,,,,,,,,,,,,,,,wide,changed_slots,margin_near,margin_far,-10.4,0.2390457218668787,-10.868529614859083,-9.931470385140916,400.0,,,,,,,,,,,,,,
wide_near_minus_far_paired,simulations/wide_boundary/replicates.parquet,0.0,True,,Gate,,,,,,,,,,,,,,,,,,,,,,,wide,gate_crossings,margin_near,margin_far,76.64,0.5044424202904343,75.65129285623075,77.62870714376925,400.0,,,,,,,,,,,,,,
wide_near_minus_far_paired,simulations/wide_boundary/replicates.parquet,0.0,True,,RiseCooldown,,,,,,,,,,,,,,,,,,,,,,,wide,marginal_MAE,margin_near,margin_far,0.0,0.0,0.0,0.0,400.0,,,,,,,,,,,,,,
wide_near_minus_far_paired,simulations/wide_boundary/replicates.parquet,0.0,True,,RiseCooldown,,,,,,,,,,,,,,,,,,,,,,,wide,BS,margin_near,margin_far,7.552232067761014e-05,8.878634162116065e-06,5.812019771986266e-05,9.292444363535762e-05,400.0,,,,,,,,,,,,,,
wide_near_minus_far_paired,simulations/wide_boundary/replicates.parquet,0.0,True,,RiseCooldown,,,,,,,,,,,,,,,,,,,,,,,wide,probability_MAE,margin_near,margin_far,0.0012732606523084,9.637464759809616e-06,0.0012543712213792,0.0012921500832376,400.0,,,,,,,,,,,,,,
wide_near_minus_far_paired,simulations/wide_boundary/replicates.parquet,0.0,True,,RiseCooldown,,,,,,,,,,,,,,,,,,,,,,,wide,N,margin_near,margin_far,0.0,0.0,0.0,0.0,400.0,,,,,,,,,,,,,,
wide_near_minus_far_paired,simulations/wide_boundary/replicates.parquet,0.0,True,,RiseCooldown,,,,,,,,,,,,,,,,,,,,,,,wide,C,margin_near,margin_far,2.845,0.0819709435652196,2.684336950612169,3.005663049387831,400.0,,,,,,,,,,,,,,
wide_near_minus_far_paired,simulations/wide_boundary/replicates.parquet,0.0,True,,RiseCooldown,,,,,,,,,,,,,,,,,,,,,,,wide,processes,margin_near,margin_far,0.0,0.0,0.0,0.0,400.0,,,,,,,,,,,,,,
wide_near_minus_far_paired,simulations/wide_boundary/replicates.parquet,0.0,True,,RiseCooldown,,,,,,,,,,,,,,,,,,,,,,,wide,utility_r005,margin_near,margin_far,2.845,0.0819709435652196,2.684336950612169,3.005663049387831,400.0,,,,,,,,,,,,,,
wide_near_minus_far_paired,simulations/wide_boundary/replicates.parquet,0.0,True,,RiseCooldown,,,,,,,,,,,,,,,,,,,,,,,wide,hits,margin_near,margin_far,-1.6,0.203077821299519,-1.9980325297470576,-1.2019674702529426,400.0,,,,,,,,,,,,,,
wide_near_minus_far_paired,simulations/wide_boundary/replicates.parquet,0.0,True,,RiseCooldown,,,,,,,,,,,,,,,,,,,,,,,wide,false,margin_near,margin_far,1.6,0.203077821299519,1.2019674702529426,1.9980325297470576,400.0,,,,,,,,,,,,,,
wide_near_minus_far_paired,simulations/wide_boundary/replicates.parquet,0.0,True,,RiseCooldown,,,,,,,,,,,,,,,,,,,,,,,wide,changed_slots,margin_near,margin_far,67.855,0.5606319719923669,66.75616133489497,68.95383866510504,400.0,,,,,,,,,,,,,,
wide_near_minus_far_paired,simulations/wide_boundary/replicates.parquet,0.0,True,,RiseCooldown,,,,,,,,,,,,,,,,,,,,,,,wide,gate_crossings,margin_near,margin_far,76.64,0.5044424202904343,75.65129285623075,77.62870714376925,400.0,,,,,,,,,,,,,,
wide_near_minus_far_paired,simulations/wide_boundary/replicates.parquet,0.0,True,,Top2,,,,,,,,,,,,,,,,,,,,,,,wide,marginal_MAE,margin_near,margin_far,0.0,0.0,0.0,0.0,400.0,,,,,,,,,,,,,,
wide_near_minus_far_paired,simulations/wide_boundary/replicates.parquet,0.0,True,,Top2,,,,,,,,,,,,,,,,,,,,,,,wide,BS,margin_near,margin_far,7.552232067761014e-05,8.878634162116065e-06,5.812019771986266e-05,9.292444363535762e-05,400.0,,,,,,,,,,,,,,
wide_near_minus_far_paired,simulations/wide_boundary/replicates.parquet,0.0,True,,Top2,,,,,,,,,,,,,,,,,,,,,,,wide,probability_MAE,margin_near,margin_far,0.0012732606523084,9.637464759809616e-06,0.0012543712213792,0.0012921500832376,400.0,,,,,,,,,,,,,,
wide_near_minus_far_paired,simulations/wide_boundary/replicates.parquet,0.0,True,,Top2,,,,,,,,,,,,,,,,,,,,,,,wide,N,margin_near,margin_far,0.0,0.0,0.0,0.0,400.0,,,,,,,,,,,,,,
wide_near_minus_far_paired,simulations/wide_boundary/replicates.parquet,0.0,True,,Top2,,,,,,,,,,,,,,,,,,,,,,,wide,C,margin_near,margin_far,-0.0475,0.0127874223526895,-0.0725633478112715,-0.0224366521887284,400.0,,,,,,,,,,,,,,
wide_near_minus_far_paired,simulations/wide_boundary/replicates.parquet,0.0,True,,Top2,,,,,,,,,,,,,,,,,,,,,,,wide,processes,margin_near,margin_far,0.0,0.0,0.0,0.0,400.0,,,,,,,,,,,,,,
wide_near_minus_far_paired,simulations/wide_boundary/replicates.parquet,0.0,True,,Top2,,,,,,,,,,,,,,,,,,,,,,,wide,utility_r005,margin_near,margin_far,-0.0475,0.0127874223526895,-0.0725633478112715,-0.0224366521887284,400.0,,,,,,,,,,,,,,
wide_near_minus_far_paired,simulations/wide_boundary/replicates.parquet,0.0,True,,Top2,,,,,,,,,,,,,,,,,,,,,,,wide,hits,margin_near,margin_far,0.1475,0.0711654458054731,0.0080157262212727,0.2869842737787272,400.0,,,,,,,,,,,,,,
wide_near_minus_far_paired,simulations/wide_boundary/replicates.parquet,0.0,True,,Top2,,,,,,,,,,,,,,,,,,,,,,,wide,false,margin_near,margin_far,-0.1475,0.0711654458054731,-0.2869842737787272,-0.0080157262212727,400.0,,,,,,,,,,,,,,
wide_near_minus_far_paired,simulations/wide_boundary/replicates.parquet,0.0,True,,Top2,,,,,,,,,,,,,,,,,,,,,,,wide,changed_slots,margin_near,margin_far,-179.83,0.7411822500704863,-181.28271721013817,-178.37728278986185,400.0,,,,,,,,,,,,,,
wide_near_minus_far_paired,simulations/wide_boundary/replicates.parquet,0.0,True,,Top2,,,,,,,,,,,,,,,,,,,,,,,wide,gate_crossings,margin_near,margin_far,0.0,0.0,0.0,0.0,400.0,,,,,,,,,,,,,,
wide_near_minus_far_paired,simulations/wide_boundary/replicates.parquet,0.65,False,,Gate,,,,,,,,,,,,,,,,,,,,,,,wide,marginal_MAE,margin_near,margin_far,0.0,0.0,0.0,0.0,400.0,,,,,,,,,,,,,,
wide_near_minus_far_paired,simulations/wide_boundary/replicates.parquet,0.65,False,,Gate,,,,,,,,,,,,,,,,,,,,,,,wide,BS,margin_near,margin_far,4.4377432979233154e-05,6.933572865937296e-06,3.078763016199605e-05,5.7967235796470256e-05,400.0,,,,,,,,,,,,,,
wide_near_minus_far_paired,simulations/wide_boundary/replicates.parquet,0.65,False,,Gate,,,,,,,,,,,,,,,,,,,,,,,wide,probability_MAE,margin_near,margin_far,0.0009597117395615,1.9356745069446954e-05,0.0009217725192253,0.0009976509598976,400.0,,,,,,,,,,,,,,
wide_near_minus_far_paired,simulations/wide_boundary/replicates.parquet,0.65,False,,Gate,,,,,,,,,,,,,,,,,,,,,,,wide,N,margin_near,margin_far,0.0,0.0,0.0,0.0,400.0,,,,,,,,,,,,,,
wide_near_minus_far_paired,simulations/wide_boundary/replicates.parquet,0.65,False,,Gate,,,,,,,,,,,,,,,,,,,,,,,wide,C,margin_near,margin_far,-0.0025,0.0055957713178438,-0.0134677117829739,0.0084677117829739,400.0,,,,,,,,,,,,,,
wide_near_minus_far_paired,simulations/wide_boundary/replicates.parquet,0.65,False,,Gate,,,,,,,,,,,,,,,,,,,,,,,wide,processes,margin_near,margin_far,0.0,0.0,0.0,0.0,400.0,,,,,,,,,,,,,,
wide_near_minus_far_paired,simulations/wide_boundary/replicates.parquet,0.65,False,,Gate,,,,,,,,,,,,,,,,,,,,,,,wide,utility_r005,margin_near,margin_far,-0.0024999999999999,0.0055957713178438,-0.0134677117829739,0.0084677117829739,400.0,,,,,,,,,,,,,,
wide_near_minus_far_paired,simulations/wide_boundary/replicates.parquet,0.65,False,,Gate,,,,,,,,,,,,,,,,,,,,,,,wide,hits,margin_near,margin_far,0.0975,0.0398302711672056,0.0194326685122769,0.175567331487723,400.0,,,,,,,,,,,,,,
wide_near_minus_far_paired,simulations/wide_boundary/replicates.parquet,0.65,False,,Gate,,,,,,,,,,,,,,,,,,,,,,,wide,false,margin_near,margin_far,-0.0975,0.0398302711672056,-0.175567331487723,-0.0194326685122769,400.0,,,,,,,,,,,,,,
wide_near_minus_far_paired,simulations/wide_boundary/replicates.parquet,0.65,False,,Gate,,,,,,,,,,,,,,,,,,,,,,,wide,changed_slots,margin_near,margin_far,-2.71,0.1928281793901433,-3.087943231604681,-2.332056768395319,400.0,,,,,,,,,,,,,,
wide_near_minus_far_paired,simulations/wide_boundary/replicates.parquet,0.65,False,,Gate,,,,,,,,,,,,,,,,,,,,,,,wide,gate_crossings,margin_near,margin_far,50.25,0.98550586224095,48.318408510007735,52.181591489992265,400.0,,,,,,,,,,,,,,
wide_near_minus_far_paired,simulations/wide_boundary/replicates.parquet,0.65,False,,RiseCooldown,,,,,,,,,,,,,,,,,,,,,,,wide,marginal_MAE,margin_near,margin_far,0.0,0.0,0.0,0.0,400.0,,,,,,,,,,,,,,
wide_near_minus_far_paired,simulations/wide_boundary/replicates.parquet,0.65,False,,RiseCooldown,,,,,,,,,,,,,,,,,,,,,,,wide,BS,margin_near,margin_far,4.4377432979233154e-05,6.933572865937296e-06,3.078763016199605e-05,5.7967235796470256e-05,400.0,,,,,,,,,,,,,,
wide_near_minus_far_paired,simulations/wide_boundary/replicates.parquet,0.65,False,,RiseCooldown,,,,,,,,,,,,,,,,,,,,,,,wide,probability_MAE,margin_near,margin_far,0.0009597117395615,1.9356745069446954e-05,0.0009217725192253,0.0009976509598976,400.0,,,,,,,,,,,,,,
wide_near_minus_far_paired,simulations/wide_boundary/replicates.parquet,0.65,False,,RiseCooldown,,,,,,,,,,,,,,,,,,,,,,,wide,N,margin_near,margin_far,0.0,0.0,0.0,0.0,400.0,,,,,,,,,,,,,,
wide_near_minus_far_paired,simulations/wide_boundary/replicates.parquet,0.65,False,,RiseCooldown,,,,,,,,,,,,,,,,,,,,,,,wide,C,margin_near,margin_far,1.355,0.0588948981029459,1.2395659997182258,1.4704340002817742,400.0,,,,,,,,,,,,,,
wide_near_minus_far_paired,simulations/wide_boundary/replicates.parquet,0.65,False,,RiseCooldown,,,,,,,,,,,,,,,,,,,,,,,wide,processes,margin_near,margin_far,0.0,0.0,0.0,0.0,400.0,,,,,,,,,,,,,,
wide_near_minus_far_paired,simulations/wide_boundary/replicates.parquet,0.65,False,,RiseCooldown,,,,,,,,,,,,,,,,,,,,,,,wide,utility_r005,margin_near,margin_far,1.355,0.0588948981029459,1.2395659997182258,1.4704340002817742,400.0,,,,,,,,,,,,,,
wide_near_minus_far_paired,simulations/wide_boundary/replicates.parquet,0.65,False,,RiseCooldown,,,,,,,,,,,,,,,,,,,,,,,wide,hits,margin_near,margin_far,-0.96,0.1874402160329158,-1.327382823424515,-0.5926171765754848,400.0,,,,,,,,,,,,,,
wide_near_minus_far_paired,simulations/wide_boundary/replicates.parquet,0.65,False,,RiseCooldown,,,,,,,,,,,,,,,,,,,,,,,wide,false,margin_near,margin_far,0.96,0.1874402160329158,0.5926171765754848,1.327382823424515,400.0,,,,,,,,,,,,,,
wide_near_minus_far_paired,simulations/wide_boundary/replicates.parquet,0.65,False,,RiseCooldown,,,,,,,,,,,,,,,,,,,,,,,wide,changed_slots,margin_near,margin_far,40.4,1.1450667862016413,38.15566909904478,42.64433090095522,400.0,,,,,,,,,,,,,,
wide_near_minus_far_paired,simulations/wide_boundary/replicates.parquet,0.65,False,,RiseCooldown,,,,,,,,,,,,,,,,,,,,,,,wide,gate_crossings,margin_near,margin_far,50.25,0.98550586224095,48.318408510007735,52.181591489992265,400.0,,,,,,,,,,,,,,
wide_near_minus_far_paired,simulations/wide_boundary/replicates.parquet,0.65,False,,Top2,,,,,,,,,,,,,,,,,,,,,,,wide,marginal_MAE,margin_near,margin_far,0.0,0.0,0.0,0.0,400.0,,,,,,,,,,,,,,
wide_near_minus_far_paired,simulations/wide_boundary/replicates.parquet,0.65,False,,Top2,,,,,,,,,,,,,,,,,,,,,,,wide,BS,margin_near,margin_far,4.4377432979233154e-05,6.933572865937296e-06,3.078763016199605e-05,5.7967235796470256e-05,400.0,,,,,,,,,,,,,,
wide_near_minus_far_paired,simulations/wide_boundary/replicates.parquet,0.65,False,,Top2,,,,,,,,,,,,,,,,,,,,,,,wide,probability_MAE,margin_near,margin_far,0.0009597117395615,1.9356745069446954e-05,0.0009217725192253,0.0009976509598976,400.0,,,,,,,,,,,,,,
wide_near_minus_far_paired,simulations/wide_boundary/replicates.parquet,0.65,False,,Top2,,,,,,,,,,,,,,,,,,,,,,,wide,N,margin_near,margin_far,0.0,0.0,0.0,0.0,400.0,,,,,,,,,,,,,,
wide_near_minus_far_paired,simulations/wide_boundary/replicates.parquet,0.65,False,,Top2,,,,,,,,,,,,,,,,,,,,,,,wide,C,margin_near,margin_far,0.0025,0.0075083495711912,-0.0122163651595348,0.0172163651595348,400.0,,,,,,,,,,,,,,
wide_near_minus_far_paired,simulations/wide_boundary/replicates.parquet,0.65,False,,Top2,,,,,,,,,,,,,,,,,,,,,,,wide,processes,margin_near,margin_far,0.0,0.0,0.0,0.0,400.0,,,,,,,,,,,,,,
wide_near_minus_far_paired,simulations/wide_boundary/replicates.parquet,0.65,False,,Top2,,,,,,,,,,,,,,,,,,,,,,,wide,utility_r005,margin_near,margin_far,0.0025,0.0075083495711912,-0.0122163651595348,0.0172163651595348,400.0,,,,,,,,,,,,,,
wide_near_minus_far_paired,simulations/wide_boundary/replicates.parquet,0.65,False,,Top2,,,,,,,,,,,,,,,,,,,,,,,wide,hits,margin_near,margin_far,0.1025,0.0401124281517658,0.0238796408225389,0.181120359177461,400.0,,,,,,,,,,,,,,
wide_near_minus_far_paired,simulations/wide_boundary/replicates.parquet,0.65,False,,Top2,,,,,,,,,,,,,,,,,,,,,,,wide,false,margin_near,margin_far,-0.1025,0.0401124281517658,-0.181120359177461,-0.0238796408225389,400.0,,,,,,,,,,,,,,
wide_near_minus_far_paired,simulations/wide_boundary/replicates.parquet,0.65,False,,Top2,,,,,,,,,,,,,,,,,,,,,,,wide,changed_slots,margin_near,margin_far,-146.56,2.130037240664243,-150.7348729917019,-142.3851270082981,400.0,,,,,,,,,,,,,,
wide_near_minus_far_paired,simulations/wide_boundary/replicates.parquet,0.65,False,,Top2,,,,,,,,,,,,,,,,,,,,,,,wide,gate_crossings,margin_near,margin_far,0.0,0.0,0.0,0.0,400.0,,,,,,,,,,,,,,
wide_near_minus_far_paired,simulations/wide_boundary/replicates.parquet,0.65,True,,Gate,,,,,,,,,,,,,,,,,,,,,,,wide,marginal_MAE,margin_near,margin_far,0.0,0.0,0.0,0.0,400.0,,,,,,,,,,,,,,
wide_near_minus_far_paired,simulations/wide_boundary/replicates.parquet,0.65,True,,Gate,,,,,,,,,,,,,,,,,,,,,,,wide,BS,margin_near,margin_far,5.0319175173204986e-05,8.777043904141842e-06,3.311616912108698e-05,6.752218122532299e-05,400.0,,,,,,,,,,,,,,
wide_near_minus_far_paired,simulations/wide_boundary/replicates.parquet,0.65,True,,Gate,,,,,,,,,,,,,,,,,,,,,,,wide,probability_MAE,margin_near,margin_far,0.0012728701702008,2.0253807394302217e-05,0.0012331727077079,0.0013125676326936,400.0,,,,,,,,,,,,,,
wide_near_minus_far_paired,simulations/wide_boundary/replicates.parquet,0.65,True,,Gate,,,,,,,,,,,,,,,,,,,,,,,wide,N,margin_near,margin_far,0.0,0.0,0.0,0.0,400.0,,,,,,,,,,,,,,
wide_near_minus_far_paired,simulations/wide_boundary/replicates.parquet,0.65,True,,Gate,,,,,,,,,,,,,,,,,,,,,,,wide,C,margin_near,margin_far,-0.0175,0.0102834209710177,-0.0376555051031948,0.0026555051031948,400.0,,,,,,,,,,,,,,
wide_near_minus_far_paired,simulations/wide_boundary/replicates.parquet,0.65,True,,Gate,,,,,,,,,,,,,,,,,,,,,,,wide,processes,margin_near,margin_far,0.0,0.0,0.0,0.0,400.0,,,,,,,,,,,,,,
wide_near_minus_far_paired,simulations/wide_boundary/replicates.parquet,0.65,True,,Gate,,,,,,,,,,,,,,,,,,,,,,,wide,utility_r005,margin_near,margin_far,-0.0175,0.0102834209710177,-0.0376555051031948,0.0026555051031948,400.0,,,,,,,,,,,,,,
wide_near_minus_far_paired,simulations/wide_boundary/replicates.parquet,0.65,True,,Gate,,,,,,,,,,,,,,,,,,,,,,,wide,hits,margin_near,margin_far,0.0425,0.0703677014582777,-0.0954206948582243,0.1804206948582243,400.0,,,,,,,,,,,,,,
wide_near_minus_far_paired,simulations/wide_boundary/replicates.parquet,0.65,True,,Gate,,,,,,,,,,,,,,,,,,,,,,,wide,false,margin_near,margin_far,-0.0425,0.0703677014582777,-0.1804206948582243,0.0954206948582243,400.0,,,,,,,,,,,,,,
wide_near_minus_far_paired,simulations/wide_boundary/replicates.parquet,0.65,True,,Gate,,,,,,,,,,,,,,,,,,,,,,,wide,changed_slots,margin_near,margin_far,-10.17,0.377603244856709,-10.910102359919147,-9.429897640080853,400.0,,,,,,,,,,,,,,
wide_near_minus_far_paired,simulations/wide_boundary/replicates.parquet,0.65,True,,Gate,,,,,,,,,,,,,,,,,,,,,,,wide,gate_crossings,margin_near,margin_far,75.95,1.1061431334049618,73.78195945852627,78.11804054147373,400.0,,,,,,,,,,,,,,
wide_near_minus_far_paired,simulations/wide_boundary/replicates.parquet,0.65,True,,RiseCooldown,,,,,,,,,,,,,,,,,,,,,,,wide,marginal_MAE,margin_near,margin_far,0.0,0.0,0.0,0.0,400.0,,,,,,,,,,,,,,
wide_near_minus_far_paired,simulations/wide_boundary/replicates.parquet,0.65,True,,RiseCooldown,,,,,,,,,,,,,,,,,,,,,,,wide,BS,margin_near,margin_far,5.0319175173204986e-05,8.777043904141842e-06,3.311616912108698e-05,6.752218122532299e-05,400.0,,,,,,,,,,,,,,
wide_near_minus_far_paired,simulations/wide_boundary/replicates.parquet,0.65,True,,RiseCooldown,,,,,,,,,,,,,,,,,,,,,,,wide,probability_MAE,margin_near,margin_far,0.0012728701702008,2.0253807394302217e-05,0.0012331727077079,0.0013125676326936,400.0,,,,,,,,,,,,,,
wide_near_minus_far_paired,simulations/wide_boundary/replicates.parquet,0.65,True,,RiseCooldown,,,,,,,,,,,,,,,,,,,,,,,wide,N,margin_near,margin_far,0.0,0.0,0.0,0.0,400.0,,,,,,,,,,,,,,
wide_near_minus_far_paired,simulations/wide_boundary/replicates.parquet,0.65,True,,RiseCooldown,,,,,,,,,,,,,,,,,,,,,,,wide,C,margin_near,margin_far,1.5625,0.0656773794424386,1.4337723362928203,1.6912276637071797,400.0,,,,,,,,,,,,,,
wide_near_minus_far_paired,simulations/wide_boundary/replicates.parquet,0.65,True,,RiseCooldown,,,,,,,,,,,,,,,,,,,,,,,wide,processes,margin_near,margin_far,0.0,0.0,0.0,0.0,400.0,,,,,,,,,,,,,,
wide_near_minus_far_paired,simulations/wide_boundary/replicates.parquet,0.65,True,,RiseCooldown,,,,,,,,,,,,,,,,,,,,,,,wide,utility_r005,margin_near,margin_far,1.5625,0.0656773794424386,1.4337723362928203,1.6912276637071797,400.0,,,,,,,,,,,,,,
wide_near_minus_far_paired,simulations/wide_boundary/replicates.parquet,0.65,True,,RiseCooldown,,,,,,,,,,,,,,,,,,,,,,,wide,hits,margin_near,margin_far,-0.8325,0.2329361661889303,-1.2890548857303037,-0.3759451142696965,400.0,,,,,,,,,,,,,,
wide_near_minus_far_paired,simulations/wide_boundary/replicates.parquet,0.65,True,,RiseCooldown,,,,,,,,,,,,,,,,,,,,,,,wide,false,margin_near,margin_far,0.8325,0.2329361661889303,0.3759451142696965,1.2890548857303037,400.0,,,,,,,,,,,,,,
wide_near_minus_far_paired,simulations/wide_boundary/replicates.parquet,0.65,True,,RiseCooldown,,,,,,,,,,,,,,,,,,,,,,,wide,changed_slots,margin_near,margin_far,46.065,1.6253673384691862,42.87928001660039,49.250719983399605,400.0,,,,,,,,,,,,,,
wide_near_minus_far_paired,simulations/wide_boundary/replicates.parquet,0.65,True,,RiseCooldown,,,,,,,,,,,,,,,,,,,,,,,wide,gate_crossings,margin_near,margin_far,75.95,1.1061431334049618,73.78195945852627,78.11804054147373,400.0,,,,,,,,,,,,,,
wide_near_minus_far_paired,simulations/wide_boundary/replicates.parquet,0.65,True,,Top2,,,,,,,,,,,,,,,,,,,,,,,wide,marginal_MAE,margin_near,margin_far,0.0,0.0,0.0,0.0,400.0,,,,,,,,,,,,,,
wide_near_minus_far_paired,simulations/wide_boundary/replicates.parquet,0.65,True,,Top2,,,,,,,,,,,,,,,,,,,,,,,wide,BS,margin_near,margin_far,5.0319175173204986e-05,8.777043904141842e-06,3.311616912108698e-05,6.752218122532299e-05,400.0,,,,,,,,,,,,,,
wide_near_minus_far_paired,simulations/wide_boundary/replicates.parquet,0.65,True,,Top2,,,,,,,,,,,,,,,,,,,,,,,wide,probability_MAE,margin_near,margin_far,0.0012728701702008,2.0253807394302217e-05,0.0012331727077079,0.0013125676326936,400.0,,,,,,,,,,,,,,
wide_near_minus_far_paired,simulations/wide_boundary/replicates.parquet,0.65,True,,Top2,,,,,,,,,,,,,,,,,,,,,,,wide,N,margin_near,margin_far,0.0,0.0,0.0,0.0,400.0,,,,,,,,,,,,,,
wide_near_minus_far_paired,simulations/wide_boundary/replicates.parquet,0.65,True,,Top2,,,,,,,,,,,,,,,,,,,,,,,wide,C,margin_near,margin_far,-0.0175,0.0108756643561655,-0.0388163021380844,0.0038163021380844,400.0,,,,,,,,,,,,,,
wide_near_minus_far_paired,simulations/wide_boundary/replicates.parquet,0.65,True,,Top2,,,,,,,,,,,,,,,,,,,,,,,wide,processes,margin_near,margin_far,0.0,0.0,0.0,0.0,400.0,,,,,,,,,,,,,,
wide_near_minus_far_paired,simulations/wide_boundary/replicates.parquet,0.65,True,,Top2,,,,,,,,,,,,,,,,,,,,,,,wide,utility_r005,margin_near,margin_far,-0.0175,0.0108756643561655,-0.0388163021380844,0.0038163021380844,400.0,,,,,,,,,,,,,,
wide_near_minus_far_paired,simulations/wide_boundary/replicates.parquet,0.65,True,,Top2,,,,,,,,,,,,,,,,,,,,,,,wide,hits,margin_near,margin_far,0.04,0.0708593863336322,-0.0988843972139191,0.1788843972139192,400.0,,,,,,,,,,,,,,
wide_near_minus_far_paired,simulations/wide_boundary/replicates.parquet,0.65,True,,Top2,,,,,,,,,,,,,,,,,,,,,,,wide,false,margin_near,margin_far,-0.04,0.0708593863336322,-0.1788843972139192,0.0988843972139191,400.0,,,,,,,,,,,,,,
wide_near_minus_far_paired,simulations/wide_boundary/replicates.parquet,0.65,True,,Top2,,,,,,,,,,,,,,,,,,,,,,,wide,changed_slots,margin_near,margin_far,-170.615,1.436903325006082,-173.43133051701193,-167.7986694829881,400.0,,,,,,,,,,,,,,
wide_near_minus_far_paired,simulations/wide_boundary/replicates.parquet,0.65,True,,Top2,,,,,,,,,,,,,,,,,,,,,,,wide,gate_crossings,margin_near,margin_far,0.0,0.0,0.0,0.0,400.0,,,,,,,,,,,,,,
wide_near_minus_far_paired,simulations/wide_boundary/replicates.parquet,0.9,False,,Gate,,,,,,,,,,,,,,,,,,,,,,,wide,marginal_MAE,margin_near,margin_far,0.0,0.0,0.0,0.0,400.0,,,,,,,,,,,,,,
wide_near_minus_far_paired,simulations/wide_boundary/replicates.parquet,0.9,False,,Gate,,,,,,,,,,,,,,,,,,,,,,,wide,BS,margin_near,margin_far,2.3523644370793348e-05,9.062146036223464e-06,5.761838139795358e-06,4.1285450601791335e-05,400.0,,,,,,,,,,,,,,
wide_near_minus_far_paired,simulations/wide_boundary/replicates.parquet,0.9,False,,Gate,,,,,,,,,,,,,,,,,,,,,,,wide,probability_MAE,margin_near,margin_far,-0.0002469982201284,0.0002270052002004,-0.0006919284125213,0.0001979319722644,400.0,,,,,,,,,,,,,,
wide_near_minus_far_paired,simulations/wide_boundary/replicates.parquet,0.9,False,,Gate,,,,,,,,,,,,,,,,,,,,,,,wide,N,margin_near,margin_far,0.0,0.0,0.0,0.0,400.0,,,,,,,,,,,,,,
wide_near_minus_far_paired,simulations/wide_boundary/replicates.parquet,0.9,False,,Gate,,,,,,,,,,,,,,,,,,,,,,,wide,C,margin_near,margin_far,-0.0025,0.0025,-0.0074,0.0024,400.0,,,,,,,,,,,,,,
wide_near_minus_far_paired,simulations/wide_boundary/replicates.parquet,0.9,False,,Gate,,,,,,,,,,,,,,,,,,,,,,,wide,processes,margin_near,margin_far,0.0,0.0,0.0,0.0,400.0,,,,,,,,,,,,,,
wide_near_minus_far_paired,simulations/wide_boundary/replicates.parquet,0.9,False,,Gate,,,,,,,,,,,,,,,,,,,,,,,wide,utility_r005,margin_near,margin_far,-0.0025,0.0025,-0.0074,0.0024,400.0,,,,,,,,,,,,,,
wide_near_minus_far_paired,simulations/wide_boundary/replicates.parquet,0.9,False,,Gate,,,,,,,,,,,,,,,,,,,,,,,wide,hits,margin_near,margin_far,0.045,0.0313831124870276,-0.0165109004745742,0.1065109004745742,400.0,,,,,,,,,,,,,,
wide_near_minus_far_paired,simulations/wide_boundary/replicates.parquet,0.9,False,,Gate,,,,,,,,,,,,,,,,,,,,,,,wide,false,margin_near,margin_far,-0.045,0.0313831124870276,-0.1065109004745742,0.0165109004745742,400.0,,,,,,,,,,,,,,
wide_near_minus_far_paired,simulations/wide_boundary/replicates.parquet,0.9,False,,Gate,,,,,,,,,,,,,,,,,,,,,,,wide,changed_slots,margin_near,margin_far,-2.22,0.2736168222414949,-2.7562889715933303,-1.68371102840667,400.0,,,,,,,,,,,,,,
wide_near_minus_far_paired,simulations/wide_boundary/replicates.parquet,0.9,False,,Gate,,,,,,,,,,,,,,,,,,,,,,,wide,gate_crossings,margin_near,margin_far,47.9,1.8173143863810048,44.33806380269323,51.46193619730677,400.0,,,,,,,,,,,,,,
wide_near_minus_far_paired,simulations/wide_boundary/replicates.parquet,0.9,False,,RiseCooldown,,,,,,,,,,,,,,,,,,,,,,,wide,marginal_MAE,margin_near,margin_far,0.0,0.0,0.0,0.0,400.0,,,,,,,,,,,,,,
wide_near_minus_far_paired,simulations/wide_boundary/replicates.parquet,0.9,False,,RiseCooldown,,,,,,,,,,,,,,,,,,,,,,,wide,BS,margin_near,margin_far,2.3523644370793348e-05,9.062146036223464e-06,5.761838139795358e-06,4.1285450601791335e-05,400.0,,,,,,,,,,,,,,
wide_near_minus_far_paired,simulations/wide_boundary/replicates.parquet,0.9,False,,RiseCooldown,,,,,,,,,,,,,,,,,,,,,,,wide,probability_MAE,margin_near,margin_far,-0.0002469982201284,0.0002270052002004,-0.0006919284125213,0.0001979319722644,400.0,,,,,,,,,,,,,,
wide_near_minus_far_paired,simulations/wide_boundary/replicates.parquet,0.9,False,,RiseCooldown,,,,,,,,,,,,,,,,,,,,,,,wide,N,margin_near,margin_far,0.0,0.0,0.0,0.0,400.0,,,,,,,,,,,,,,
wide_near_minus_far_paired,simulations/wide_boundary/replicates.parquet,0.9,False,,RiseCooldown,,,,,,,,,,,,,,,,,,,,,,,wide,C,margin_near,margin_far,0.455,0.0353278593196683,0.3857573957334501,0.5242426042665499,400.0,,,,,,,,,,,,,,
wide_near_minus_far_paired,simulations/wide_boundary/replicates.parquet,0.9,False,,RiseCooldown,,,,,,,,,,,,,,,,,,,,,,,wide,processes,margin_near,margin_far,0.0,0.0,0.0,0.0,400.0,,,,,,,,,,,,,,
wide_near_minus_far_paired,simulations/wide_boundary/replicates.parquet,0.9,False,,RiseCooldown,,,,,,,,,,,,,,,,,,,,,,,wide,utility_r005,margin_near,margin_far,0.455,0.0353278593196683,0.3857573957334501,0.5242426042665499,400.0,,,,,,,,,,,,,,
wide_near_minus_far_paired,simulations/wide_boundary/replicates.parquet,0.9,False,,RiseCooldown,,,,,,,,,,,,,,,,,,,,,,,wide,hits,margin_near,margin_far,-0.9325,0.181631037986077,-1.2884968344527108,-0.5765031655472891,400.0,,,,,,,,,,,,,,
wide_near_minus_far_paired,simulations/wide_boundary/replicates.parquet,0.9,False,,RiseCooldown,,,,,,,,,,,,,,,,,,,,,,,wide,false,margin_near,margin_far,0.9325,0.181631037986077,0.5765031655472891,1.2884968344527108,400.0,,,,,,,,,,,,,,
wide_near_minus_far_paired,simulations/wide_boundary/replicates.parquet,0.9,False,,RiseCooldown,,,,,,,,,,,,,,,,,,,,,,,wide,changed_slots,margin_near,margin_far,32.035,2.558071786651845,27.02117929816238,37.04882070183761,400.0,,,,,,,,,,,,,,
wide_near_minus_far_paired,simulations/wide_boundary/replicates.parquet,0.9,False,,RiseCooldown,,,,,,,,,,,,,,,,,,,,,,,wide,gate_crossings,margin_near,margin_far,47.9,1.8173143863810048,44.33806380269323,51.46193619730677,400.0,,,,,,,,,,,,,,
wide_near_minus_far_paired,simulations/wide_boundary/replicates.parquet,0.9,False,,Top2,,,,,,,,,,,,,,,,,,,,,,,wide,marginal_MAE,margin_near,margin_far,0.0,0.0,0.0,0.0,400.0,,,,,,,,,,,,,,
wide_near_minus_far_paired,simulations/wide_boundary/replicates.parquet,0.9,False,,Top2,,,,,,,,,,,,,,,,,,,,,,,wide,BS,margin_near,margin_far,2.3523644370793348e-05,9.062146036223464e-06,5.761838139795358e-06,4.1285450601791335e-05,400.0,,,,,,,,,,,,,,
wide_near_minus_far_paired,simulations/wide_boundary/replicates.parquet,0.9,False,,Top2,,,,,,,,,,,,,,,,,,,,,,,wide,probability_MAE,margin_near,margin_far,-0.0002469982201284,0.0002270052002004,-0.0006919284125213,0.0001979319722644,400.0,,,,,,,,,,,,,,
wide_near_minus_far_paired,simulations/wide_boundary/replicates.parquet,0.9,False,,Top2,,,,,,,,,,,,,,,,,,,,,,,wide,N,margin_near,margin_far,0.0,0.0,0.0,0.0,400.0,,,,,,,,,,,,,,
wide_near_minus_far_paired,simulations/wide_boundary/replicates.parquet,0.9,False,,Top2,,,,,,,,,,,,,,,,,,,,,,,wide,C,margin_near,margin_far,0.0,0.0050062617432175,-0.0098122730167064,0.0098122730167064,400.0,,,,,,,,,,,,,,
wide_near_minus_far_paired,simulations/wide_boundary/replicates.parquet,0.9,False,,Top2,,,,,,,,,,,,,,,,,,,,,,,wide,processes,margin_near,margin_far,0.0,0.0,0.0,0.0,400.0,,,,,,,,,,,,,,
wide_near_minus_far_paired,simulations/wide_boundary/replicates.parquet,0.9,False,,Top2,,,,,,,,,,,,,,,,,,,,,,,wide,utility_r005,margin_near,margin_far,0.0,0.0050062617432175,-0.0098122730167064,0.0098122730167064,400.0,,,,,,,,,,,,,,
wide_near_minus_far_paired,simulations/wide_boundary/replicates.parquet,0.9,False,,Top2,,,,,,,,,,,,,,,,,,,,,,,wide,hits,margin_near,margin_far,0.0475,0.0316720250050387,-0.0145771690098759,0.1095771690098759,400.0,,,,,,,,,,,,,,
wide_near_minus_far_paired,simulations/wide_boundary/replicates.parquet,0.9,False,,Top2,,,,,,,,,,,,,,,,,,,,,,,wide,false,margin_near,margin_far,-0.0475,0.0316720250050387,-0.1095771690098759,0.0145771690098759,400.0,,,,,,,,,,,,,,
wide_near_minus_far_paired,simulations/wide_boundary/replicates.parquet,0.9,False,,Top2,,,,,,,,,,,,,,,,,,,,,,,wide,changed_slots,margin_near,margin_far,-121.25,3.457865792595051,-128.0274169534863,-114.4725830465137,400.0,,,,,,,,,,,,,,
wide_near_minus_far_paired,simulations/wide_boundary/replicates.parquet,0.9,False,,Top2,,,,,,,,,,,,,,,,,,,,,,,wide,gate_crossings,margin_near,margin_far,0.0,0.0,0.0,0.0,400.0,,,,,,,,,,,,,,
wide_near_minus_far_paired,simulations/wide_boundary/replicates.parquet,0.9,True,,Gate,,,,,,,,,,,,,,,,,,,,,,,wide,marginal_MAE,margin_near,margin_far,0.0,0.0,0.0,0.0,400.0,,,,,,,,,,,,,,
wide_near_minus_far_paired,simulations/wide_boundary/replicates.parquet,0.9,True,,Gate,,,,,,,,,,,,,,,,,,,,,,,wide,BS,margin_near,margin_far,6.674639251988572e-05,9.058095703772242e-06,4.899252494049213e-05,8.450026009927932e-05,400.0,,,,,,,,,,,,,,
wide_near_minus_far_paired,simulations/wide_boundary/replicates.parquet,0.9,True,,Gate,,,,,,,,,,,,,,,,,,,,,,,wide,probability_MAE,margin_near,margin_far,0.001210454827467,5.693823436316472e-05,0.0010988558881152,0.0013220537668188,400.0,,,,,,,,,,,,,,
wide_near_minus_far_paired,simulations/wide_boundary/replicates.parquet,0.9,True,,Gate,,,,,,,,,,,,,,,,,,,,,,,wide,N,margin_near,margin_far,0.0,0.0,0.0,0.0,400.0,,,,,,,,,,,,,,
wide_near_minus_far_paired,simulations/wide_boundary/replicates.parquet,0.9,True,,Gate,,,,,,,,,,,,,,,,,,,,,,,wide,C,margin_near,margin_far,0.0,0.0079155948357662,-0.0155145658781019,0.0155145658781019,400.0,,,,,,,,,,,,,,
wide_near_minus_far_paired,simulations/wide_boundary/replicates.parquet,0.9,True,,Gate,,,,,,,,,,,,,,,,,,,,,,,wide,processes,margin_near,margin_far,0.0,0.0,0.0,0.0,400.0,,,,,,,,,,,,,,
wide_near_minus_far_paired,simulations/wide_boundary/replicates.parquet,0.9,True,,Gate,,,,,,,,,,,,,,,,,,,,,,,wide,utility_r005,margin_near,margin_far,0.0,0.0079155948357662,-0.0155145658781019,0.0155145658781019,400.0,,,,,,,,,,,,,,
wide_near_minus_far_paired,simulations/wide_boundary/replicates.parquet,0.9,True,,Gate,,,,,,,,,,,,,,,,,,,,,,,wide,hits,margin_near,margin_far,0.1925,0.0658555370062834,0.0634231474676845,0.3215768525323155,400.0,,,,,,,,,,,,,,
wide_near_minus_far_paired,simulations/wide_boundary/replicates.parquet,0.9,True,,Gate,,,,,,,,,,,,,,,,,,,,,,,wide,false,margin_near,margin_far,-0.1925,0.0658555370062834,-0.3215768525323155,-0.0634231474676845,400.0,,,,,,,,,,,,,,
wide_near_minus_far_paired,simulations/wide_boundary/replicates.parquet,0.9,True,,Gate,,,,,,,,,,,,,,,,,,,,,,,wide,changed_slots,margin_near,margin_far,-9.225,0.5911828654918272,-10.383718416363982,-8.066281583636018,400.0,,,,,,,,,,,,,,
wide_near_minus_far_paired,simulations/wide_boundary/replicates.parquet,0.9,True,,Gate,,,,,,,,,,,,,,,,,,,,,,,wide,gate_crossings,margin_near,margin_far,73.9925,2.0485354165249112,69.97737058361118,78.00762941638884,400.0,,,,,,,,,,,,,,
wide_near_minus_far_paired,simulations/wide_boundary/replicates.parquet,0.9,True,,RiseCooldown,,,,,,,,,,,,,,,,,,,,,,,wide,marginal_MAE,margin_near,margin_far,0.0,0.0,0.0,0.0,400.0,,,,,,,,,,,,,,
wide_near_minus_far_paired,simulations/wide_boundary/replicates.parquet,0.9,True,,RiseCooldown,,,,,,,,,,,,,,,,,,,,,,,wide,BS,margin_near,margin_far,6.674639251988572e-05,9.058095703772242e-06,4.899252494049213e-05,8.450026009927932e-05,400.0,,,,,,,,,,,,,,
wide_near_minus_far_paired,simulations/wide_boundary/replicates.parquet,0.9,True,,RiseCooldown,,,,,,,,,,,,,,,,,,,,,,,wide,probability_MAE,margin_near,margin_far,0.001210454827467,5.693823436316472e-05,0.0010988558881152,0.0013220537668188,400.0,,,,,,,,,,,,,,
wide_near_minus_far_paired,simulations/wide_boundary/replicates.parquet,0.9,True,,RiseCooldown,,,,,,,,,,,,,,,,,,,,,,,wide,N,margin_near,margin_far,0.0,0.0,0.0,0.0,400.0,,,,,,,,,,,,,,
wide_near_minus_far_paired,simulations/wide_boundary/replicates.parquet,0.9,True,,RiseCooldown,,,,,,,,,,,,,,,,,,,,,,,wide,C,margin_near,margin_far,0.585,0.0416686716309594,0.5033294036033196,0.6666705963966804,400.0,,,,,,,,,,,,,,
wide_near_minus_far_paired,simulations/wide_boundary/replicates.parquet,0.9,True,,RiseCooldown,,,,,,,,,,,,,,,,,,,,,,,wide,processes,margin_near,margin_far,0.0,0.0,0.0,0.0,400.0,,,,,,,,,,,,,,
wide_near_minus_far_paired,simulations/wide_boundary/replicates.parquet,0.9,True,,RiseCooldown,,,,,,,,,,,,,,,,,,,,,,,wide,utility_r005,margin_near,margin_far,0.585,0.0416686716309594,0.5033294036033196,0.6666705963966804,400.0,,,,,,,,,,,,,,
wide_near_minus_far_paired,simulations/wide_boundary/replicates.parquet,0.9,True,,RiseCooldown,,,,,,,,,,,,,,,,,,,,,,,wide,hits,margin_near,margin_far,-0.4475,0.2973240881740349,-1.0302552128211084,0.1352552128211084,400.0,,,,,,,,,,,,,,
wide_near_minus_far_paired,simulations/wide_boundary/replicates.parquet,0.9,True,,RiseCooldown,,,,,,,,,,,,,,,,,,,,,,,wide,false,margin_near,margin_far,0.4475,0.2973240881740349,-0.1352552128211084,1.0302552128211084,400.0,,,,,,,,,,,,,,
wide_near_minus_far_paired,simulations/wide_boundary/replicates.parquet,0.9,True,,RiseCooldown,,,,,,,,,,,,,,,,,,,,,,,wide,changed_slots,margin_near,margin_far,30.055,3.672149116707864,22.857587731252583,37.25241226874741,400.0,,,,,,,,,,,,,,
wide_near_minus_far_paired,simulations/wide_boundary/replicates.parquet,0.9,True,,RiseCooldown,,,,,,,,,,,,,,,,,,,,,,,wide,gate_crossings,margin_near,margin_far,73.9925,2.0485354165249112,69.97737058361118,78.00762941638884,400.0,,,,,,,,,,,,,,
wide_near_minus_far_paired,simulations/wide_boundary/replicates.parquet,0.9,True,,Top2,,,,,,,,,,,,,,,,,,,,,,,wide,marginal_MAE,margin_near,margin_far,0.0,0.0,0.0,0.0,400.0,,,,,,,,,,,,,,
wide_near_minus_far_paired,simulations/wide_boundary/replicates.parquet,0.9,True,,Top2,,,,,,,,,,,,,,,,,,,,,,,wide,BS,margin_near,margin_far,6.674639251988572e-05,9.058095703772242e-06,4.899252494049213e-05,8.450026009927932e-05,400.0,,,,,,,,,,,,,,
wide_near_minus_far_paired,simulations/wide_boundary/replicates.parquet,0.9,True,,Top2,,,,,,,,,,,,,,,,,,,,,,,wide,probability_MAE,margin_near,margin_far,0.001210454827467,5.693823436316472e-05,0.0010988558881152,0.0013220537668188,400.0,,,,,,,,,,,,,,
wide_near_minus_far_paired,simulations/wide_boundary/replicates.parquet,0.9,True,,Top2,,,,,,,,,,,,,,,,,,,,,,,wide,N,margin_near,margin_far,0.0,0.0,0.0,0.0,400.0,,,,,,,,,,,,,,
wide_near_minus_far_paired,simulations/wide_boundary/replicates.parquet,0.9,True,,Top2,,,,,,,,,,,,,,,,,,,,,,,wide,C,margin_near,margin_far,0.005,0.0086674859840214,-0.011988272528682,0.021988272528682,400.0,,,,,,,,,,,,,,
wide_near_minus_far_paired,simulations/wide_boundary/replicates.parquet,0.9,True,,Top2,,,,,,,,,,,,,,,,,,,,,,,wide,processes,margin_near,margin_far,0.0,0.0,0.0,0.0,400.0,,,,,,,,,,,,,,
wide_near_minus_far_paired,simulations/wide_boundary/replicates.parquet,0.9,True,,Top2,,,,,,,,,,,,,,,,,,,,,,,wide,utility_r005,margin_near,margin_far,0.005,0.0086674859840214,-0.011988272528682,0.021988272528682,400.0,,,,,,,,,,,,,,
wide_near_minus_far_paired,simulations/wide_boundary/replicates.parquet,0.9,True,,Top2,,,,,,,,,,,,,,,,,,,,,,,wide,hits,margin_near,margin_far,0.1975,0.0659135484150387,0.068309445106524,0.3266905548934759,400.0,,,,,,,,,,,,,,
wide_near_minus_far_paired,simulations/wide_boundary/replicates.parquet,0.9,True,,Top2,,,,,,,,,,,,,,,,,,,,,,,wide,false,margin_near,margin_far,-0.1975,0.0659135484150387,-0.3266905548934759,-0.068309445106524,400.0,,,,,,,,,,,,,,
wide_near_minus_far_paired,simulations/wide_boundary/replicates.parquet,0.9,True,,Top2,,,,,,,,,,,,,,,,,,,,,,,wide,changed_slots,margin_near,margin_far,-141.82,2.6780868868342536,-147.06905029819512,-136.57094970180486,400.0,,,,,,,,,,,,,,
wide_near_minus_far_paired,simulations/wide_boundary/replicates.parquet,0.9,True,,Top2,,,,,,,,,,,,,,,,,,,,,,,wide,gate_crossings,margin_near,margin_far,0.0,0.0,0.0,0.0,400.0,,,,,,,,,,,,,,
wide_temporal_fixture,simulations/wide_boundary/temporal_fixture.csv,,,,,,,,,,,,,,,,,,,,,,,,,,,wide,,,,,,,,,independent_occurrence,0.64161,0.0015251997030337,0.64,,,,,,,,,,
wide_temporal_fixture,simulations/wide_boundary/temporal_fixture.csv,,,,,,,,,,,,,,,,,,,,,,,,,,,wide,,,,,,,,,shared_occurrence,0.3968399999999999,0.0016028048488145,0.4,,,,,,,,,,
wide_phase_fixture,simulations/wide_boundary/phase_fixture.csv,,,,,,,,,,,,,,,,,,,,,,,,,,,wide,known_phase_coverage,,,,,,,1000.0,,1.0,0.0,,,,,,,,,,,
wide_phase_fixture,simulations/wide_boundary/phase_fixture.csv,,,,,,,,,,,,,,,,,,,,,,,,,,,wide,noise_phase_coverage,,,,,,,1000.0,,0.08378,0.0008841342054763,,,,,,,,,,,
previous_formal_Gaussian_t_metrics,previous study: simulation_formal_20260930_v1/simulation_summary_20260930T031540871015Z.json,,,dynamic_gaussian,,,,,,,,,,,,,,,,,,,,,,,,dynamic_gaussian,brier,,,,,0.0656745798981308,0.0682834134381272,100.0,,0.066978996668129,0.000657396243367,,previously executed synthetic; not rerun in this revision,,,,,,,,,
previous_formal_Gaussian_t_metrics,previous study: simulation_formal_20260930_v1/simulation_summary_20260930T031540871015Z.json,,,dynamic_gaussian,,,,,,,,,,,,,,,,,,,,,,,,dynamic_gaussian,calibration_bias_predicted_minus_observed,,,,,-9.360361585001384e-05,0.0032961375845011,100.0,,0.0016012669843255,0.0008541760510716,,previously executed synthetic; not rerun in this revision,,,,,,,,,
previous_formal_Gaussian_t_metrics,previous study: simulation_formal_20260930_v1/simulation_summary_20260930T031540871015Z.json,,,dynamic_gaussian,,,,,,,,,,,,,,,,,,,,,,,,dynamic_gaussian,conditional_reliability_squared,,,,,0.0001155768270681,0.0001844742670092,100.0,,0.0001500255470386,1.7361367638256608e-05,,previously executed synthetic; not rerun in this revision,,,,,,,,,
previous_formal_Gaussian_t_metrics,previous study: simulation_formal_20260930_v1/simulation_summary_20260930T031540871015Z.json,,,dynamic_gaussian,,,,,,,,,,,,,,,,,,,,,,,,dynamic_gaussian,oracle_probability_bias,,,,,-0.0001307098320324,0.0001343135201479,100.0,,1.80184405772256e-06,6.678285657434493e-05,,previously executed synthetic; not rerun in this revision,,,,,,,,,
previous_formal_Gaussian_t_metrics,previous study: simulation_formal_20260930_v1/simulation_summary_20260930T031540871015Z.json,,,dynamic_gaussian,,,,,,,,,,,,,,,,,,,,,,,,dynamic_gaussian,oracle_probability_rmse,,,,,0.0007555928288739,0.0009395721394748,100.0,,0.0008475824841744,4.636068411111967e-05,,previously executed synthetic; not rerun in this revision,,,,,,,,,
previous_formal_Gaussian_t_metrics,previous study: simulation_formal_20260930_v1/simulation_summary_20260930T031540871015Z.json,,,shared_R_selected_t,,,,,,,,,,,,,,,,,,,,,,,,dynamic_gaussian,brier,,,,,0.0656765103844038,0.0682842665580833,100.0,,0.0669803884712435,0.0006571247593652,,previously executed synthetic; not rerun in this revision,,,,,,,,,
previous_formal_Gaussian_t_metrics,previous study: simulation_formal_20260930_v1/simulation_summary_20260930T031540871015Z.json,,,shared_R_selected_t,,,,,,,,,,,,,,,,,,,,,,,,dynamic_gaussian,calibration_bias_predicted_minus_observed,,,,,7.971079061042672e-05,0.0034954697076309,100.0,,0.0017875902491206,0.0008607322183921,,previously executed synthetic; not rerun in this revision,,,,,,,,,
previous_formal_Gaussian_t_metrics,previous study: simulation_formal_20260930_v1/simulation_summary_20260930T031540871015Z.json,,,shared_R_selected_t,,,,,,,,,,,,,,,,,,,,,,,,dynamic_gaussian,conditional_reliability_squared,,,,,0.0001167405789276,0.0001860941213786,100.0,,0.0001514173501531,1.7476300259299737e-05,,previously executed synthetic; not rerun in this revision,,,,,,,,,
previous_formal_Gaussian_t_metrics,previous study: simulation_formal_20260930_v1/simulation_summary_20260930T031540871015Z.json,,,shared_R_selected_t,,,,,,,,,,,,,,,,,,,,,,,,dynamic_gaussian,oracle_probability_bias,,,,,4.432342116891688e-05,0.0003319267965367,100.0,,0.0001881251088528,7.247276441667433e-05,,previously executed synthetic; not rerun in this revision,,,,,,,,,
previous_formal_Gaussian_t_metrics,previous study: simulation_formal_20260930_v1/simulation_summary_20260930T031540871015Z.json,,,shared_R_selected_t,,,,,,,,,,,,,,,,,,,,,,,,dynamic_gaussian,oracle_probability_rmse,,,,,0.0008136599636021,0.0010067957900918,100.0,,0.000910227876847,4.86680214921179e-05,,previously executed synthetic; not rerun in this revision,,,,,,,,,
previous_formal_Gaussian_t_metrics,previous study: simulation_formal_20260930_v1/simulation_summary_20260930T031540871015Z.json,,,dynamic_gaussian_event_recal,,,,,,,,,,,,,,,,,,,,,,,,dynamic_gaussian,brier,,,,,0.0658093863397334,0.0684234349430312,100.0,,0.0671164106413823,0.0006587103797313,,previously executed synthetic; not rerun in this revision,,,,,,,,,
previous_formal_Gaussian_t_metrics,previous study: simulation_formal_20260930_v1/simulation_summary_20260930T031540871015Z.json,,,dynamic_gaussian_event_recal,,,,,,,,,,,,,,,,,,,,,,,,dynamic_gaussian,calibration_bias_predicted_minus_observed,,,,,-0.0027139629931668,0.002151077781348,100.0,,-0.0002814426059094,0.0012259346868862,,previously executed synthetic; not rerun in this revision,,,,,,,,,
previous_formal_Gaussian_t_metrics,previous study: simulation_formal_20260930_v1/simulation_summary_20260930T031540871015Z.json,,,dynamic_gaussian_event_recal,,,,,,,,,,,,,,,,,,,,,,,,dynamic_gaussian,conditional_reliability_squared,,,,,0.0002153856624874,0.0003594933780963,100.0,,0.0002874395202919,3.631349774874741e-05,,previously executed synthetic; not rerun in this revision,,,,,,,,,
previous_formal_Gaussian_t_metrics,previous study: simulation_formal_20260930_v1/simulation_summary_20260930T031540871015Z.json,,,dynamic_gaussian_event_recal,,,,,,,,,,,,,,,,,,,,,,,,dynamic_gaussian,oracle_probability_bias,,,,,-0.0035165549018633,-0.0002452605904911,100.0,,-0.0018809077461772,0.0008243287884313,,previously executed synthetic; not rerun in this revision,,,,,,,,,
previous_formal_Gaussian_t_metrics,previous study: simulation_formal_20260930_v1/simulation_summary_20260930T031540871015Z.json,,,dynamic_gaussian_event_recal,,,,,,,,,,,,,,,,,,,,,,,,dynamic_gaussian,oracle_probability_rmse,,,,,0.0084662410830926,0.0109107687217064,100.0,,0.0096885049023995,0.0006159930335892,,previously executed synthetic; not rerun in this revision,,,,,,,,,
previous_formal_Gaussian_t_metrics,previous study: simulation_formal_20260930_v1/simulation_summary_20260930T031540871015Z.json,,,shared_R_selected_t_event_recal,,,,,,,,,,,,,,,,,,,,,,,,dynamic_gaussian,brier,,,,,0.0658089135120909,0.0684233547613307,100.0,,0.0671161341367108,0.0006588093220223,,previously executed synthetic; not rerun in this revision,,,,,,,,,
previous_formal_Gaussian_t_metrics,previous study: simulation_formal_20260930_v1/simulation_summary_20260930T031540871015Z.json,,,shared_R_selected_t_event_recal,,,,,,,,,,,,,,,,,,,,,,,,dynamic_gaussian,calibration_bias_predicted_minus_observed,,,,,-0.0027136548666853,0.0021512006284983,100.0,,-0.0002812271190934,0.0012258879986117,,previously executed synthetic; not rerun in this revision,,,,,,,,,
previous_formal_Gaussian_t_metrics,previous study: simulation_formal_20260930_v1/simulation_summary_20260930T031540871015Z.json,,,shared_R_selected_t_event_recal,,,,,,,,,,,,,,,,,,,,,,,,dynamic_gaussian,conditional_reliability_squared,,,,,0.0002152154695452,0.0003591105616956,100.0,,0.0002871630156204,3.625991906667235e-05,,previously executed synthetic; not rerun in this revision,,,,,,,,,
previous_formal_Gaussian_t_metrics,previous study: simulation_formal_20260930_v1/simulation_summary_20260930T031540871015Z.json,,,shared_R_selected_t_event_recal,,,,,,,,,,,,,,,,,,,,,,,,dynamic_gaussian,oracle_probability_bias,,,,,-0.0035163165372599,-0.0002450679814627,100.0,,-0.0018806922593613,0.0008243172585492,,previously executed synthetic; not rerun in this revision,,,,,,,,,
previous_formal_Gaussian_t_metrics,previous study: simulation_formal_20260930_v1/simulation_summary_20260930T031540871015Z.json,,,shared_R_selected_t_event_recal,,,,,,,,,,,,,,,,,,,,,,,,dynamic_gaussian,oracle_probability_rmse,,,,,0.0084619353800559,0.0109078315128553,100.0,,0.0096848834464556,0.0006163378784875,,previously executed synthetic; not rerun in this revision,,,,,,,,,
previous_formal_Gaussian_t_metrics,previous study: simulation_formal_20260930_v1/simulation_summary_20260930T031540871015Z.json,,,known_DGP_oracle_X_only,,,,,,,,,,,,,,,,,,,,,,,,dynamic_gaussian,brier,,,,,0.06567759832751,0.0682846973103948,100.0,,0.0669811478189524,0.0006569591547941,,previously executed synthetic; not rerun in this revision,,,,,,,,,
previous_formal_Gaussian_t_metrics,previous study: simulation_formal_20260930_v1/simulation_summary_20260930T031540871015Z.json,,,known_DGP_oracle_X_only,,,,,,,,,,,,,,,,,,,,,,,,dynamic_gaussian,calibration_bias_predicted_minus_observed,,,,,-0.0001164144031598,0.0033153446836956,100.0,,0.0015994651402678,0.0008647640783715,,previously executed synthetic; not rerun in this revision,,,,,,,,,
previous_formal_Gaussian_t_metrics,previous study: simulation_formal_20260930_v1/simulation_summary_20260930T031540871015Z.json,,,known_DGP_oracle_X_only,,,,,,,,,,,,,,,,,,,,,,,,dynamic_gaussian,conditional_reliability_squared,,,,,0.0001158672562196,0.0001884861395044,100.0,,0.000152176697862,1.8299128839404733e-05,,previously executed synthetic; not rerun in this revision,,,,,,,,,
previous_formal_Gaussian_t_metrics,previous study: simulation_formal_20260930_v1/simulation_summary_20260930T031540871015Z.json,,,known_DGP_oracle_X_only,,,,,,,,,,,,,,,,,,,,,,,,dynamic_gaussian,oracle_probability_bias,,,,,0.0,0.0,100.0,,0.0,0.0,,previously executed synthetic; not rerun in this revision,,,,,,,,,
previous_formal_Gaussian_t_metrics,previous study: simulation_formal_20260930_v1/simulation_summary_20260930T031540871015Z.json,,,known_DGP_oracle_X_only,,,,,,,,,,,,,,,,,,,,,,,,dynamic_gaussian,oracle_probability_rmse,,,,,0.0,0.0,100.0,,0.0,0.0,,previously executed synthetic; not rerun in this revision,,,,,,,,,
previous_formal_Gaussian_t_paired,previous study: simulation_formal_20260930_v1/simulation_summary_20260930T031540871015Z.json,,,,,,,,,,,,,,,,,,,,,,,,,,,dynamic_gaussian,BS,,,1.3918031144945917e-06,5.586588594096332e-07,2.833027355000645e-07,2.500303493489118e-06,100.0,,,,,previously executed synthetic; not rerun in this revision,shared_R_selected_t_minus_dynamic_gaussian,,,,,,,,
previous_formal_Gaussian_t_paired,previous study: simulation_formal_20260930_v1/simulation_summary_20260930T031540871015Z.json,,,,,,,,,,,,,,,,,,,,,,,,,,,dynamic_gaussian,BS,,,0.0001374139732532,2.805963180975878e-05,8.173757616104581e-05,0.0001930903703454,100.0,,,,,previously executed synthetic; not rerun in this revision,dynamic_gaussian_event_recal_minus_dynamic_gaussian,,,,,,,,
previous_formal_Gaussian_t_paired,previous study: simulation_formal_20260930_v1/simulation_summary_20260930T031540871015Z.json,,,,,,,,,,,,,,,,,,,,,,,,,,,dynamic_gaussian,BS,,,0.0001371374685817,2.801648960148582e-05,8.154667499056157e-05,0.0001927282621729,100.0,,,,,previously executed synthetic; not rerun in this revision,shared_R_selected_t_event_recal_minus_dynamic_gaussian,,,,,,,,
previous_formal_Gaussian_t_paired,previous study: simulation_formal_20260930_v1/simulation_summary_20260930T031540871015Z.json,,,,,,,,,,,,,,,,,,,,,,,,,,,dynamic_gaussian,BS,,,2.151150823373818e-06,1.866366395870745e-06,-1.5521250171841595e-06,5.854426663931796e-06,100.0,,,,,previously executed synthetic; not rerun in this revision,known_DGP_oracle_X_only_minus_dynamic_gaussian,,,,,,,,
previous_formal_selected_df,previous study: simulation_formal_20260930_v1/simulation_summary_20260930T031540871015Z.json,,,,,,,,,,,,,,,,,,,,,,,,,,,dynamic_gaussian,,,,,,,,100.0,,,,,previously executed synthetic; not rerun in this revision,,Gaussian_limit,80.0,,,,,,
previous_formal_selected_df,previous study: simulation_formal_20260930_v1/simulation_summary_20260930T031540871015Z.json,,,,,,,,,,,,,,,,,,,,,,,,,,,dynamic_gaussian,,,,,,,,100.0,,,,,previously executed synthetic; not rerun in this revision,,30,20.0,,,,,,
previous_formal_Gaussian_t_metrics,previous study: simulation_formal_20260930_v1/simulation_summary_20260930T031540871015Z.json,,,dynamic_gaussian,,,,,,,,,,,,,,,,,,,,,,,,matched_kendall_t5,brier,,,,,0.0705154796031134,0.0732978062830171,100.0,,0.0719066429430653,0.0007011145322791,,previously executed synthetic; not rerun in this revision,,,,,,,,,
previous_formal_Gaussian_t_metrics,previous study: simulation_formal_20260930_v1/simulation_summary_20260930T031540871015Z.json,,,dynamic_gaussian,,,,,,,,,,,,,,,,,,,,,,,,matched_kendall_t5,calibration_bias_predicted_minus_observed,,,,,-0.0060836792955887,-0.0025754532239227,100.0,,-0.0043295662597557,0.0008840328848267,,previously executed synthetic; not rerun in this revision,,,,,,,,,
previous_formal_Gaussian_t_metrics,previous study: simulation_formal_20260930_v1/simulation_summary_20260930T031540871015Z.json,,,dynamic_gaussian,,,,,,,,,,,,,,,,,,,,,,,,matched_kendall_t5,conditional_reliability_squared,,,,,0.0001504973812429,0.0002323492899801,100.0,,0.0001914233356115,2.0625745756212422e-05,,previously executed synthetic; not rerun in this revision,,,,,,,,,
previous_formal_Gaussian_t_metrics,previous study: simulation_formal_20260930_v1/simulation_summary_20260930T031540871015Z.json,,,dynamic_gaussian,,,,,,,,,,,,,,,,,,,,,,,,matched_kendall_t5,oracle_probability_bias,,,,,-0.005701723153623,-0.0053208763435691,100.0,,-0.0055112997485961,9.596904455165352e-05,,previously executed synthetic; not rerun in this revision,,,,,,,,,
previous_formal_Gaussian_t_metrics,previous study: simulation_formal_20260930_v1/simulation_summary_20260930T031540871015Z.json,,,dynamic_gaussian,,,,,,,,,,,,,,,,,,,,,,,,matched_kendall_t5,oracle_probability_rmse,,,,,0.0058432867186905,0.0061803937415968,100.0,,0.0060118402301436,8.49471179642914e-05,,previously executed synthetic; not rerun in this revision,,,,,,,,,
previous_formal_Gaussian_t_metrics,previous study: simulation_formal_20260930_v1/simulation_summary_20260930T031540871015Z.json,,,shared_R_selected_t,,,,,,,,,,,,,,,,,,,,,,,,matched_kendall_t5,brier,,,,,0.0705050712432929,0.0732639037904618,100.0,,0.0718844875168773,0.0006951942792755,,previously executed synthetic; not rerun in this revision,,,,,,,,,
previous_formal_Gaussian_t_metrics,previous study: simulation_formal_20260930_v1/simulation_summary_20260930T031540871015Z.json,,,shared_R_selected_t,,,,,,,,,,,,,,,,,,,,,,,,matched_kendall_t5,calibration_bias_predicted_minus_observed,,,,,-0.0008418369213845,0.0026911945879745,100.0,,0.0009246788332949,0.0008902835716967,,previously executed synthetic; not rerun in this revision,,,,,,,,,
previous_formal_Gaussian_t_metrics,previous study: simulation_formal_20260930_v1/simulation_summary_20260930T031540871015Z.json,,,shared_R_selected_t,,,,,,,,,,,,,,,,,,,,,,,,matched_kendall_t5,conditional_reliability_squared,,,,,0.0001311995187588,0.0002073363000883,100.0,,0.0001692679094236,1.918559895089637e-05,,previously executed synthetic; not rerun in this revision,,,,,,,,,
previous_formal_Gaussian_t_metrics,previous study: simulation_formal_20260930_v1/simulation_summary_20260930T031540871015Z.json,,,shared_R_selected_t,,,,,,,,,,,,,,,,,,,,,,,,matched_kendall_t5,oracle_probability_bias,,,,,-0.0004462214297256,-6.78878813650959e-05,100.0,,-0.0002570546555453,9.53357313216392e-05,,previously executed synthetic; not rerun in this revision,,,,,,,,,
previous_formal_Gaussian_t_metrics,previous study: simulation_formal_20260930_v1/simulation_summary_20260930T031540871015Z.json,,,shared_R_selected_t,,,,,,,,,,,,,,,,,,,,,,,,matched_kendall_t5,oracle_probability_rmse,,,,,0.0009936586984372,0.0012700859090919,100.0,,0.0011318723037646,6.965649860862119e-05,,previously executed synthetic; not rerun in this revision,,,,,,,,,
previous_formal_Gaussian_t_metrics,previous study: simulation_formal_20260930_v1/simulation_summary_20260930T031540871015Z.json,,,dynamic_gaussian_event_recal,,,,,,,,,,,,,,,,,,,,,,,,matched_kendall_t5,brier,,,,,0.0706469688948473,0.0734127857331038,100.0,,0.0720298773139755,0.0006969542408266,,previously executed synthetic; not rerun in this revision,,,,,,,,,
previous_formal_Gaussian_t_metrics,previous study: simulation_formal_20260930_v1/simulation_summary_20260930T031540871015Z.json,,,dynamic_gaussian_event_recal,,,,,,,,,,,,,,,,,,,,,,,,matched_kendall_t5,calibration_bias_predicted_minus_observed,,,,,-0.0031933791827013,0.0019641745496922,100.0,,-0.0006146023165045,0.0012996446099984,,previously executed synthetic; not rerun in this revision,,,,,,,,,
previous_formal_Gaussian_t_metrics,previous study: simulation_formal_20260930_v1/simulation_summary_20260930T031540871015Z.json,,,dynamic_gaussian_event_recal,,,,,,,,,,,,,,,,,,,,,,,,matched_kendall_t5,conditional_reliability_squared,,,,,0.0002432087873063,0.0003861066257372,100.0,,0.0003146577065217,3.6008622524017346e-05,,previously executed synthetic; not rerun in this revision,,,,,,,,,
previous_formal_Gaussian_t_metrics,previous study: simulation_formal_20260930_v1/simulation_summary_20260930T031540871015Z.json,,,dynamic_gaussian_event_recal,,,,,,,,,,,,,,,,,,,,,,,,matched_kendall_t5,oracle_probability_bias,,,,,-0.0035181146468009,-7.455696388877992e-05,100.0,,-0.0017963358053448,0.0008677371897662,,previously executed synthetic; not rerun in this revision,,,,,,,,,
previous_formal_Gaussian_t_metrics,previous study: simulation_formal_20260930_v1/simulation_summary_20260930T031540871015Z.json,,,dynamic_gaussian_event_recal,,,,,,,,,,,,,,,,,,,,,,,,matched_kendall_t5,oracle_probability_rmse,,,,,0.0085285756466368,0.011067352597897,100.0,,0.0097979641222669,0.0006397427834769,,previously executed synthetic; not rerun in this revision,,,,,,,,,
previous_formal_Gaussian_t_metrics,previous study: simulation_formal_20260930_v1/simulation_summary_20260930T031540871015Z.json,,,shared_R_selected_t_event_recal,,,,,,,,,,,,,,,,,,,,,,,,matched_kendall_t5,brier,,,,,0.0706404602950823,0.0734123479502038,100.0,,0.072026404122643,0.000698484017311,,previously executed synthetic; not rerun in this revision,,,,,,,,,
previous_formal_Gaussian_t_metrics,previous study: simulation_formal_20260930_v1/simulation_summary_20260930T031540871015Z.json,,,shared_R_selected_t_event_recal,,,,,,,,,,,,,,,,,,,,,,,,matched_kendall_t5,calibration_bias_predicted_minus_observed,,,,,-0.0031902156667134,0.0019656723926408,100.0,,-0.0006122716370362,0.0012992248794246,,previously executed synthetic; not rerun in this revision,,,,,,,,,
previous_formal_Gaussian_t_metrics,previous study: simulation_formal_20260930_v1/simulation_summary_20260930T031540871015Z.json,,,shared_R_selected_t_event_recal,,,,,,,,,,,,,,,,,,,,,,,,matched_kendall_t5,conditional_reliability_squared,,,,,0.0002405152108569,0.0003818538195216,100.0,,0.0003111845151892,3.561571443880117e-05,,previously executed synthetic; not rerun in this revision,,,,,,,,,
previous_formal_Gaussian_t_metrics,previous study: simulation_formal_20260930_v1/simulation_summary_20260930T031540871015Z.json,,,shared_R_selected_t_event_recal,,,,,,,,,,,,,,,,,,,,,,,,matched_kendall_t5,oracle_probability_bias,,,,,-0.0035149682594813,-7.304199227180924e-05,100.0,,-0.0017940051258766,0.0008673260916498,,previously executed synthetic; not rerun in this revision,,,,,,,,,
previous_formal_Gaussian_t_metrics,previous study: simulation_formal_20260930_v1/simulation_summary_20260930T031540871015Z.json,,,shared_R_selected_t_event_recal,,,,,,,,,,,,,,,,,,,,,,,,matched_kendall_t5,oracle_probability_rmse,,,,,0.0084142603414169,0.0109439184910717,100.0,,0.0096790894162443,0.0006374449496644,,previously executed synthetic; not rerun in this revision,,,,,,,,,
previous_formal_Gaussian_t_metrics,previous study: simulation_formal_20260930_v1/simulation_summary_20260930T031540871015Z.json,,,known_DGP_oracle_X_only,,,,,,,,,,,,,,,,,,,,,,,,matched_kendall_t5,brier,,,,,0.0705115008731771,0.0732657082920236,100.0,,0.0718886045826004,0.0006940287997853,,previously executed synthetic; not rerun in this revision,,,,,,,,,
previous_formal_Gaussian_t_metrics,previous study: simulation_formal_20260930_v1/simulation_summary_20260930T031540871015Z.json,,,known_DGP_oracle_X_only,,,,,,,,,,,,,,,,,,,,,,,,matched_kendall_t5,calibration_bias_predicted_minus_observed,,,,,-0.0006021812495323,0.002965648227213,100.0,,0.0011817334888403,0.0008990522618741,,previously executed synthetic; not rerun in this revision,,,,,,,,,
previous_formal_Gaussian_t_metrics,previous study: simulation_formal_20260930_v1/simulation_summary_20260930T031540871015Z.json,,,known_DGP_oracle_X_only,,,,,,,,,,,,,,,,,,,,,,,,matched_kendall_t5,conditional_reliability_squared,,,,,0.0001343383551523,0.0002124315951409,100.0,,0.0001733849751466,1.9678604178390484e-05,,previously executed synthetic; not rerun in this revision,,,,,,,,,
previous_formal_Gaussian_t_metrics,previous study: simulation_formal_20260930_v1/simulation_summary_20260930T031540871015Z.json,,,known_DGP_oracle_X_only,,,,,,,,,,,,,,,,,,,,,,,,matched_kendall_t5,oracle_probability_bias,,,,,0.0,0.0,100.0,,0.0,0.0,,previously executed synthetic; not rerun in this revision,,,,,,,,,
previous_formal_Gaussian_t_metrics,previous study: simulation_formal_20260930_v1/simulation_summary_20260930T031540871015Z.json,,,known_DGP_oracle_X_only,,,,,,,,,,,,,,,,,,,,,,,,matched_kendall_t5,oracle_probability_rmse,,,,,0.0,0.0,100.0,,0.0,0.0,,previously executed synthetic; not rerun in this revision,,,,,,,,,
previous_formal_Gaussian_t_paired,previous study: simulation_formal_20260930_v1/simulation_summary_20260930T031540871015Z.json,,,,,,,,,,,,,,,,,,,,,,,,,,,matched_kendall_t5,BS,,,-2.2155426187911236e-05,6.928242926984784e-06,-3.590256324834313e-05,-8.408289127479331e-06,100.0,,,,,previously executed synthetic; not rerun in this revision,shared_R_selected_t_minus_dynamic_gaussian,,,,,,,,
previous_formal_Gaussian_t_paired,previous study: simulation_formal_20260930_v1/simulation_summary_20260930T031540871015Z.json,,,,,,,,,,,,,,,,,,,,,,,,,,,matched_kendall_t5,BS,,,0.0001232343709102,3.106556202141093e-05,6.159355613682049e-05,0.0001848751856837,100.0,,,,,previously executed synthetic; not rerun in this revision,dynamic_gaussian_event_recal_minus_dynamic_gaussian,,,,,,,,
previous_formal_Gaussian_t_paired,previous study: simulation_formal_20260930_v1/simulation_summary_20260930T031540871015Z.json,,,,,,,,,,,,,,,,,,,,,,,,,,,matched_kendall_t5,BS,,,0.0001197611795777,3.062048900315048e-05,5.900348623183612e-05,0.0001805188729236,100.0,,,,,previously executed synthetic; not rerun in this revision,shared_R_selected_t_event_recal_minus_dynamic_gaussian,,,,,,,,
previous_formal_Gaussian_t_paired,previous study: simulation_formal_20260930_v1/simulation_summary_20260930T031540871015Z.json,,,,,,,,,,,,,,,,,,,,,,,,,,,matched_kendall_t5,BS,,,-1.8038360464884344e-05,8.035324679125985e-06,-3.398218790470681e-05,-2.0945330250618773e-06,100.0,,,,,previously executed synthetic; not rerun in this revision,known_DGP_oracle_X_only_minus_dynamic_gaussian,,,,,,,,
previous_formal_selected_df,previous study: simulation_formal_20260930_v1/simulation_summary_20260930T031540871015Z.json,,,,,,,,,,,,,,,,,,,,,,,,,,,matched_kendall_t5,,,,,,,,100.0,,,,,previously executed synthetic; not rerun in this revision,,5,93.0,,,,,,
previous_formal_selected_df,previous study: simulation_formal_20260930_v1/simulation_summary_20260930T031540871015Z.json,,,,,,,,,,,,,,,,,,,,,,,,,,,matched_kendall_t5,,,,,,,,100.0,,,,,previously executed synthetic; not rerun in this revision,,8,4.0,,,,,,
previous_formal_selected_df,previous study: simulation_formal_20260930_v1/simulation_summary_20260930T031540871015Z.json,,,,,,,,,,,,,,,,,,,,,,,,,,,matched_kendall_t5,,,,,,,,100.0,,,,,previously executed synthetic; not rerun in this revision,,3,3.0,,,,,,
previous_formal_Gaussian_t_metrics,previous study: simulation_formal_20260930_v1/simulation_summary_20260930T031540871015Z.json,,,dynamic_gaussian,,,,,,,,,,,,,,,,,,,,,,,,matched_kendall_t8,brier,,,,,0.0686808625700757,0.0714891417725254,100.0,,0.0700850021713005,0.0007076542714254,,previously executed synthetic; not rerun in this revision,,,,,,,,,
previous_formal_Gaussian_t_metrics,previous study: simulation_formal_20260930_v1/simulation_summary_20260930T031540871015Z.json,,,dynamic_gaussian,,,,,,,,,,,,,,,,,,,,,,,,matched_kendall_t8,calibration_bias_predicted_minus_observed,,,,,-0.0038116266933587,-0.0002870947148791,100.0,,-0.0020493607041189,0.0008881417870313,,previously executed synthetic; not rerun in this revision,,,,,,,,,
previous_formal_Gaussian_t_metrics,previous study: simulation_formal_20260930_v1/simulation_summary_20260930T031540871015Z.json,,,dynamic_gaussian,,,,,,,,,,,,,,,,,,,,,,,,matched_kendall_t8,conditional_reliability_squared,,,,,0.0001344641700525,0.0002146613831759,100.0,,0.0001745627766142,2.020878136821101e-05,,previously executed synthetic; not rerun in this revision,,,,,,,,,
previous_formal_Gaussian_t_metrics,previous study: simulation_formal_20260930_v1/simulation_summary_20260930T031540871015Z.json,,,dynamic_gaussian,,,,,,,,,,,,,,,,,,,,,,,,matched_kendall_t8,oracle_probability_bias,,,,,-0.0037234824991924,-0.0033886945488096,100.0,,-0.003556088524001,8.436273818624583e-05,,previously executed synthetic; not rerun in this revision,,,,,,,,,
previous_formal_Gaussian_t_metrics,previous study: simulation_formal_20260930_v1/simulation_summary_20260930T031540871015Z.json,,,dynamic_gaussian,,,,,,,,,,,,,,,,,,,,,,,,matched_kendall_t8,oracle_probability_rmse,,,,,0.0038004482979798,0.0040977505218893,100.0,,0.0039490994099346,7.491676342947635e-05,,previously executed synthetic; not rerun in this revision,,,,,,,,,
previous_formal_Gaussian_t_metrics,previous study: simulation_formal_20260930_v1/simulation_summary_20260930T031540871015Z.json,,,shared_R_selected_t,,,,,,,,,,,,,,,,,,,,,,,,matched_kendall_t8,brier,,,,,0.0686824421073284,0.0714752638144579,100.0,,0.0700788529608932,0.0007037591592231,,previously executed synthetic; not rerun in this revision,,,,,,,,,
previous_formal_Gaussian_t_metrics,previous study: simulation_formal_20260930_v1/simulation_summary_20260930T031540871015Z.json,,,shared_R_selected_t,,,,,,,,,,,,,,,,,,,,,,,,matched_kendall_t8,calibration_bias_predicted_minus_observed,,,,,-0.0004556772820196,0.0031087551704055,100.0,,0.0013265389441929,0.00089819625056,,previously executed synthetic; not rerun in this revision,,,,,,,,,
previous_formal_Gaussian_t_metrics,previous study: simulation_formal_20260930_v1/simulation_summary_20260930T031540871015Z.json,,,shared_R_selected_t,,,,,,,,,,,,,,,,,,,,,,,,matched_kendall_t8,conditional_reliability_squared,,,,,0.000128417706794,0.0002084094256197,100.0,,0.0001684135662068,2.0156999153181064e-05,,previously executed synthetic; not rerun in this revision,,,,,,,,,
previous_formal_Gaussian_t_metrics,previous study: simulation_formal_20260930_v1/simulation_summary_20260930T031540871015Z.json,,,shared_R_selected_t,,,,,,,,,,,,,,,,,,,,,,,,matched_kendall_t8,oracle_probability_bias,,,,,-0.0003578889037887,-2.4888475895400923e-06,100.0,,-0.0001801888756891,8.955675333662847e-05,,previously executed synthetic; not rerun in this revision,,,,,,,,,
previous_formal_Gaussian_t_metrics,previous study: simulation_formal_20260930_v1/simulation_summary_20260930T031540871015Z.json,,,shared_R_selected_t,,,,,,,,,,,,,,,,,,,,,,,,matched_kendall_t8,oracle_probability_rmse,,,,,0.0010058909602969,0.001248669984259,100.0,,0.001127280472278,6.117754002858018e-05,,previously executed synthetic; not rerun in this revision,,,,,,,,,
previous_formal_Gaussian_t_metrics,previous study: simulation_formal_20260930_v1/simulation_summary_20260930T031540871015Z.json,,,dynamic_gaussian_event_recal,,,,,,,,,,,,,,,,,,,,,,,,matched_kendall_t8,brier,,,,,0.0688848240735557,0.0716774052050765,100.0,,0.0702811146393161,0.0007036985369185,,previously executed synthetic; not rerun in this revision,,,,,,,,,
previous_formal_Gaussian_t_metrics,previous study: simulation_formal_20260930_v1/simulation_summary_20260930T031540871015Z.json,,,dynamic_gaussian_event_recal,,,,,,,,,,,,,,,,,,,,,,,,matched_kendall_t8,calibration_bias_predicted_minus_observed,,,,,-0.0026631073569913,0.0027879708751367,100.0,,6.243175907271092e-05,0.0013736094301003,,previously executed synthetic; not rerun in this revision,,,,,,,,,
previous_formal_Gaussian_t_metrics,previous study: simulation_formal_20260930_v1/simulation_summary_20260930T031540871015Z.json,,,dynamic_gaussian_event_recal,,,,,,,,,,,,,,,,,,,,,,,,matched_kendall_t8,conditional_reliability_squared,,,,,0.0002892118977719,0.0004521385914876,100.0,,0.0003706752446297,4.105566520473124e-05,,previously executed synthetic; not rerun in this revision,,,,,,,,,
previous_formal_Gaussian_t_metrics,previous study: simulation_formal_20260930_v1/simulation_summary_20260930T031540871015Z.json,,,dynamic_gaussian_event_recal,,,,,,,,,,,,,,,,,,,,,,,,matched_kendall_t8,oracle_probability_bias,,,,,-0.0032466645021939,0.0003580723805751,100.0,,-0.0014442960608093,0.0009083525064854,,previously executed synthetic; not rerun in this revision,,,,,,,,,
previous_formal_Gaussian_t_metrics,previous study: simulation_formal_20260930_v1/simulation_summary_20260930T031540871015Z.json,,,dynamic_gaussian_event_recal,,,,,,,,,,,,,,,,,,,,,,,,matched_kendall_t8,oracle_probability_rmse,,,,,0.0096287813635718,0.012082554332279,100.0,,0.0108556678479254,0.0006183227511349,,previously executed synthetic; not rerun in this revision,,,,,,,,,
previous_formal_Gaussian_t_metrics,previous study: simulation_formal_20260930_v1/simulation_summary_20260930T031540871015Z.json,,,shared_R_selected_t_event_recal,,,,,,,,,,,,,,,,,,,,,,,,matched_kendall_t8,brier,,,,,0.0688781771863902,0.0716753439904088,100.0,,0.0702767605883995,0.0007048540739918,,previously executed synthetic; not rerun in this revision,,,,,,,,,
previous_formal_Gaussian_t_metrics,previous study: simulation_formal_20260930_v1/simulation_summary_20260930T031540871015Z.json,,,shared_R_selected_t_event_recal,,,,,,,,,,,,,,,,,,,,,,,,matched_kendall_t8,calibration_bias_predicted_minus_observed,,,,,-0.0026613932920811,0.0027882389360317,100.0,,6.342282197534441e-05,0.0013732450536106,,previously executed synthetic; not rerun in this revision,,,,,,,,,
previous_formal_Gaussian_t_metrics,previous study: simulation_formal_20260930_v1/simulation_summary_20260930T031540871015Z.json,,,shared_R_selected_t_event_recal,,,,,,,,,,,,,,,,,,,,,,,,matched_kendall_t8,conditional_reliability_squared,,,,,0.0002858775917491,0.0004467647956773,100.0,,0.0003663211937132,4.05417370816124e-05,,previously executed synthetic; not rerun in this revision,,,,,,,,,
previous_formal_Gaussian_t_metrics,previous study: simulation_formal_20260930_v1/simulation_summary_20260930T031540871015Z.json,,,shared_R_selected_t_event_recal,,,,,,,,,,,,,,,,,,,,,,,,matched_kendall_t8,oracle_probability_bias,,,,,-0.0032450319508331,0.0003584219550196,100.0,,-0.0014433049979067,0.0009080292109619,,previously executed synthetic; not rerun in this revision,,,,,,,,,
previous_formal_Gaussian_t_metrics,previous study: simulation_formal_20260930_v1/simulation_summary_20260930T031540871015Z.json,,,shared_R_selected_t_event_recal,,,,,,,,,,,,,,,,,,,,,,,,matched_kendall_t8,oracle_probability_rmse,,,,,0.0095537216308185,0.0120017655735761,100.0,,0.0107777436021973,0.0006168791020559,,previously executed synthetic; not rerun in this revision,,,,,,,,,
previous_formal_Gaussian_t_metrics,previous study: simulation_formal_20260930_v1/simulation_summary_20260930T031540871015Z.json,,,known_DGP_oracle_X_only,,,,,,,,,,,,,,,,,,,,,,,,matched_kendall_t8,brier,,,,,0.068686036412974,0.0714762394968799,100.0,,0.0700811379549269,0.0007030992960913,,previously executed synthetic; not rerun in this revision,,,,,,,,,
previous_formal_Gaussian_t_metrics,previous study: simulation_formal_20260930_v1/simulation_summary_20260930T031540871015Z.json,,,known_DGP_oracle_X_only,,,,,,,,,,,,,,,,,,,,,,,,matched_kendall_t8,calibration_bias_predicted_minus_observed,,,,,-0.0002676014096749,0.0032810570494391,100.0,,0.0015067278198821,0.0008942213844803,,previously executed synthetic; not rerun in this revision,,,,,,,,,
previous_formal_Gaussian_t_metrics,previous study: simulation_formal_20260930_v1/simulation_summary_20260930T031540871015Z.json,,,known_DGP_oracle_X_only,,,,,,,,,,,,,,,,,,,,,,,,matched_kendall_t8,conditional_reliability_squared,,,,,0.000129530788384,0.0002118663320972,100.0,,0.0001706985602406,2.074761624410403e-05,,previously executed synthetic; not rerun in this revision,,,,,,,,,
previous_formal_Gaussian_t_metrics,previous study: simulation_formal_20260930_v1/simulation_summary_20260930T031540871015Z.json,,,known_DGP_oracle_X_only,,,,,,,,,,,,,,,,,,,,,,,,matched_kendall_t8,oracle_probability_bias,,,,,0.0,0.0,100.0,,0.0,0.0,,previously executed synthetic; not rerun in this revision,,,,,,,,,
previous_formal_Gaussian_t_metrics,previous study: simulation_formal_20260930_v1/simulation_summary_20260930T031540871015Z.json,,,known_DGP_oracle_X_only,,,,,,,,,,,,,,,,,,,,,,,,matched_kendall_t8,oracle_probability_rmse,,,,,0.0,0.0,100.0,,0.0,0.0,,previously executed synthetic; not rerun in this revision,,,,,,,,,
previous_formal_Gaussian_t_paired,previous study: simulation_formal_20260930_v1/simulation_summary_20260930T031540871015Z.json,,,,,,,,,,,,,,,,,,,,,,,,,,,matched_kendall_t8,BS,,,-6.1492104073968685e-06,4.545045448740655e-06,-1.5167566632518767e-05,2.869145817725032e-06,100.0,,,,,previously executed synthetic; not rerun in this revision,shared_R_selected_t_minus_dynamic_gaussian,,,,,,,,
previous_formal_Gaussian_t_paired,previous study: simulation_formal_20260930_v1/simulation_summary_20260930T031540871015Z.json,,,,,,,,,,,,,,,,,,,,,,,,,,,matched_kendall_t8,BS,,,0.0001961124680155,3.368642144530055e-05,0.0001292712995454,0.0002629536364855,100.0,,,,,previously executed synthetic; not rerun in this revision,dynamic_gaussian_event_recal_minus_dynamic_gaussian,,,,,,,,
previous_formal_Gaussian_t_paired,previous study: simulation_formal_20260930_v1/simulation_summary_20260930T031540871015Z.json,,,,,,,,,,,,,,,,,,,,,,,,,,,matched_kendall_t8,BS,,,0.0001917584170989,3.322281401596155e-05,0.000125837146349,0.0002576796878488,100.0,,,,,previously executed synthetic; not rerun in this revision,shared_R_selected_t_event_recal_minus_dynamic_gaussian,,,,,,,,
previous_formal_Gaussian_t_paired,previous study: simulation_formal_20260930_v1/simulation_summary_20260930T031540871015Z.json,,,,,,,,,,,,,,,,,,,,,,,,,,,matched_kendall_t8,BS,,,-3.864216373617099e-06,5.608463599606028e-06,-1.4992624920310755e-05,7.264192173076556e-06,100.0,,,,,previously executed synthetic; not rerun in this revision,known_DGP_oracle_X_only_minus_dynamic_gaussian,,,,,,,,
previous_formal_selected_df,previous study: simulation_formal_20260930_v1/simulation_summary_20260930T031540871015Z.json,,,,,,,,,,,,,,,,,,,,,,,,,,,matched_kendall_t8,,,,,,,,100.0,,,,,previously executed synthetic; not rerun in this revision,,8,87.0,,,,,,
previous_formal_selected_df,previous study: simulation_formal_20260930_v1/simulation_summary_20260930T031540871015Z.json,,,,,,,,,,,,,,,,,,,,,,,,,,,matched_kendall_t8,,,,,,,,100.0,,,,,previously executed synthetic; not rerun in this revision,,15,7.0,,,,,,
previous_formal_selected_df,previous study: simulation_formal_20260930_v1/simulation_summary_20260930T031540871015Z.json,,,,,,,,,,,,,,,,,,,,,,,,,,,matched_kendall_t8,,,,,,,,100.0,,,,,previously executed synthetic; not rerun in this revision,,5,6.0,,,,,,
previous_formal_Gaussian_t_metrics,previous study: simulation_formal_20260930_v1/simulation_summary_20260930T031540871015Z.json,,,dynamic_gaussian,,,,,,,,,,,,,,,,,,,,,,,,omitted_gaussian_weather_regime,brier,,,,,0.0599091364853727,0.0624855110591789,100.0,,0.0611973237722758,0.0006492169547655,,previously executed synthetic; not rerun in this revision,,,,,,,,,
previous_formal_Gaussian_t_metrics,previous study: simulation_formal_20260930_v1/simulation_summary_20260930T031540871015Z.json,,,dynamic_gaussian,,,,,,,,,,,,,,,,,,,,,,,,omitted_gaussian_weather_regime,calibration_bias_predicted_minus_observed,,,,,0.0007739587917953,0.0039837912734127,100.0,,0.002378875032604,0.0008088411096002,,previously executed synthetic; not rerun in this revision,,,,,,,,,
previous_formal_Gaussian_t_metrics,previous study: simulation_formal_20260930_v1/simulation_summary_20260930T031540871015Z.json,,,dynamic_gaussian,,,,,,,,,,,,,,,,,,,,,,,,omitted_gaussian_weather_regime,conditional_reliability_squared,,,,,0.0001428265196395,0.0002328000836217,100.0,,0.0001878133016306,2.2672310079351697e-05,,previously executed synthetic; not rerun in this revision,,,,,,,,,
previous_formal_Gaussian_t_metrics,previous study: simulation_formal_20260930_v1/simulation_summary_20260930T031540871015Z.json,,,dynamic_gaussian,,,,,,,,,,,,,,,,,,,,,,,,omitted_gaussian_weather_regime,oracle_probability_bias,,,,,0.0004832216114945,0.0010254814275272,100.0,,0.0007543515195109,0.0001366432777421,,previously executed synthetic; not rerun in this revision,,,,,,,,,
previous_formal_Gaussian_t_metrics,previous study: simulation_formal_20260930_v1/simulation_summary_20260930T031540871015Z.json,,,dynamic_gaussian,,,,,,,,,,,,,,,,,,,,,,,,omitted_gaussian_weather_regime,oracle_probability_rmse,,,,,0.0062021140445494,0.0068036176315099,100.0,,0.0065028658380297,0.0001515720310925,,previously executed synthetic; not rerun in this revision,,,,,,,,,
previous_formal_Gaussian_t_metrics,previous study: simulation_formal_20260930_v1/simulation_summary_20260930T031540871015Z.json,,,shared_R_selected_t,,,,,,,,,,,,,,,,,,,,,,,,omitted_gaussian_weather_regime,brier,,,,,0.0600500361450593,0.0625735616113525,100.0,,0.0613117988782059,0.0006358995835297,,previously executed synthetic; not rerun in this revision,,,,,,,,,
previous_formal_Gaussian_t_metrics,previous study: simulation_formal_20260930_v1/simulation_summary_20260930T031540871015Z.json,,,shared_R_selected_t,,,,,,,,,,,,,,,,,,,,,,,,omitted_gaussian_weather_regime,calibration_bias_predicted_minus_observed,,,,,0.010590671108051,0.0137848286288243,100.0,,0.0121877498684376,0.0008048911985706,,previously executed synthetic; not rerun in this revision,,,,,,,,,
previous_formal_Gaussian_t_metrics,previous study: simulation_formal_20260930_v1/simulation_summary_20260930T031540871015Z.json,,,shared_R_selected_t,,,,,,,,,,,,,,,,,,,,,,,,omitted_gaussian_weather_regime,conditional_reliability_squared,,,,,0.000237867035039,0.0003667097800824,100.0,,0.0003022884075607,3.2466899584856256e-05,,previously executed synthetic; not rerun in this revision,,,,,,,,,
previous_formal_Gaussian_t_metrics,previous study: simulation_formal_20260930_v1/simulation_summary_20260930T031540871015Z.json,,,shared_R_selected_t,,,,,,,,,,,,,,,,,,,,,,,,omitted_gaussian_weather_regime,oracle_probability_bias,,,,,0.0103490032018466,0.0107774495088425,100.0,,0.0105632263553445,0.0001079635739058,,previously executed synthetic; not rerun in this revision,,,,,,,,,
previous_formal_Gaussian_t_metrics,previous study: simulation_formal_20260930_v1/simulation_summary_20260930T031540871015Z.json,,,shared_R_selected_t,,,,,,,,,,,,,,,,,,,,,,,,omitted_gaussian_weather_regime,oracle_probability_rmse,,,,,0.0111058680475948,0.0116231817314106,100.0,,0.0113645248895027,0.0001303571374597,,previously executed synthetic; not rerun in this revision,,,,,,,,,
previous_formal_Gaussian_t_metrics,previous study: simulation_formal_20260930_v1/simulation_summary_20260930T031540871015Z.json,,,restored_weather_regime_gaussian,,,,,,,,,,,,,,,,,,,,,,,,omitted_gaussian_weather_regime,brier,,,,,0.0587912668462079,0.0613047805558901,100.0,,0.060048023701049,0.0006333767352588,,previously executed synthetic; not rerun in this revision,,,,,,,,,
previous_formal_Gaussian_t_metrics,previous study: simulation_formal_20260930_v1/simulation_summary_20260930T031540871015Z.json,,,restored_weather_regime_gaussian,,,,,,,,,,,,,,,,,,,,,,,,omitted_gaussian_weather_regime,calibration_bias_predicted_minus_observed,,,,,-6.38945473001671e-05,0.0031093869967676,100.0,,0.0015227462247337,0.0007996306909712,,previously executed synthetic; not rerun in this revision,,,,,,,,,
previous_formal_Gaussian_t_metrics,previous study: simulation_formal_20260930_v1/simulation_summary_20260930T031540871015Z.json,,,restored_weather_regime_gaussian,,,,,,,,,,,,,,,,,,,,,,,,omitted_gaussian_weather_regime,conditional_reliability_squared,,,,,0.0002138462698782,0.0002970075977035,100.0,,0.0002554269337909,2.0955704404912243e-05,,previously executed synthetic; not rerun in this revision,,,,,,,,,
previous_formal_Gaussian_t_metrics,previous study: simulation_formal_20260930_v1/simulation_summary_20260930T031540871015Z.json,,,restored_weather_regime_gaussian,,,,,,,,,,,,,,,,,,,,,,,,omitted_gaussian_weather_regime,oracle_probability_bias,,,,,-0.0001437074825148,0.0001284327731356,100.0,,-7.637354689612106e-06,6.85762349305944e-05,,previously executed synthetic; not rerun in this revision,,,,,,,,,
previous_formal_Gaussian_t_metrics,previous study: simulation_formal_20260930_v1/simulation_summary_20260930T031540871015Z.json,,,restored_weather_regime_gaussian,,,,,,,,,,,,,,,,,,,,,,,,omitted_gaussian_weather_regime,oracle_probability_rmse,,,,,0.0010080566522865,0.0012967253601949,100.0,,0.0011523910062407,7.274121604434412e-05,,previously executed synthetic; not rerun in this revision,,,,,,,,,
previous_formal_Gaussian_t_metrics,previous study: simulation_formal_20260930_v1/simulation_summary_20260930T031540871015Z.json,,,dynamic_gaussian_event_recal,,,,,,,,,,,,,,,,,,,,,,,,omitted_gaussian_weather_regime,brier,,,,,0.0599767399557801,0.0625753364238751,100.0,,0.0612760381898276,0.0006548166182174,,previously executed synthetic; not rerun in this revision,,,,,,,,,
previous_formal_Gaussian_t_metrics,previous study: simulation_formal_20260930_v1/simulation_summary_20260930T031540871015Z.json,,,dynamic_gaussian_event_recal,,,,,,,,,,,,,,,,,,,,,,,,omitted_gaussian_weather_regime,calibration_bias_predicted_minus_observed,,,,,-0.0019410809106921,0.0028219635080465,100.0,,0.0004404412986772,0.001200232770648,,previously executed synthetic; not rerun in this revision,,,,,,,,,
previous_formal_Gaussian_t_metrics,previous study: simulation_formal_20260930_v1/simulation_summary_20260930T031540871015Z.json,,,dynamic_gaussian_event_recal,,,,,,,,,,,,,,,,,,,,,,,,omitted_gaussian_weather_regime,conditional_reliability_squared,,,,,0.0001999739649965,0.0003330814733682,100.0,,0.0002665277191824,3.354157121410071e-05,,previously executed synthetic; not rerun in this revision,,,,,,,,,
previous_formal_Gaussian_t_metrics,previous study: simulation_formal_20260930_v1/simulation_summary_20260930T031540871015Z.json,,,dynamic_gaussian_event_recal,,,,,,,,,,,,,,,,,,,,,,,,omitted_gaussian_weather_regime,oracle_probability_bias,,,,,-0.0027392725684166,0.0003711081395848,100.0,,-0.0011840822144158,0.0007837803989918,,previously executed synthetic; not rerun in this revision,,,,,,,,,
previous_formal_Gaussian_t_metrics,previous study: simulation_formal_20260930_v1/simulation_summary_20260930T031540871015Z.json,,,dynamic_gaussian_event_recal,,,,,,,,,,,,,,,,,,,,,,,,omitted_gaussian_weather_regime,oracle_probability_rmse,,,,,0.0078987124851662,0.0100172304126089,100.0,,0.0089579714488876,0.0005338423113835,,previously executed synthetic; not rerun in this revision,,,,,,,,,
previous_formal_Gaussian_t_metrics,previous study: simulation_formal_20260930_v1/simulation_summary_20260930T031540871015Z.json,,,shared_R_selected_t_event_recal,,,,,,,,,,,,,,,,,,,,,,,,omitted_gaussian_weather_regime,brier,,,,,0.0599627274366194,0.0625701409318873,100.0,,0.0612664341842534,0.000657038408321,,previously executed synthetic; not rerun in this revision,,,,,,,,,
previous_formal_Gaussian_t_metrics,previous study: simulation_formal_20260930_v1/simulation_summary_20260930T031540871015Z.json,,,shared_R_selected_t_event_recal,,,,,,,,,,,,,,,,,,,,,,,,omitted_gaussian_weather_regime,calibration_bias_predicted_minus_observed,,,,,-0.0019371261320423,0.0028235553680006,100.0,,0.0004432146179791,0.0011996373421355,,previously executed synthetic; not rerun in this revision,,,,,,,,,
previous_formal_Gaussian_t_metrics,previous study: simulation_formal_20260930_v1/simulation_summary_20260930T031540871015Z.json,,,shared_R_selected_t_event_recal,,,,,,,,,,,,,,,,,,,,,,,,omitted_gaussian_weather_regime,conditional_reliability_squared,,,,,0.0001932991735929,0.0003205482536234,100.0,,0.0002569237136082,3.206531421091262e-05,,previously executed synthetic; not rerun in this revision,,,,,,,,,
previous_formal_Gaussian_t_metrics,previous study: simulation_formal_20260930_v1/simulation_summary_20260930T031540871015Z.json,,,shared_R_selected_t_event_recal,,,,,,,,,,,,,,,,,,,,,,,,omitted_gaussian_weather_regime,oracle_probability_bias,,,,,-0.0027353070800442,0.0003726892898163,100.0,,-0.0011813088951139,0.0007831795730239,,previously executed synthetic; not rerun in this revision,,,,,,,,,
previous_formal_Gaussian_t_metrics,previous study: simulation_formal_20260930_v1/simulation_summary_20260930T031540871015Z.json,,,shared_R_selected_t_event_recal,,,,,,,,,,,,,,,,,,,,,,,,omitted_gaussian_weather_regime,oracle_probability_rmse,,,,,0.0075970719799008,0.0097227506862759,100.0,,0.0086599113330884,0.0005356467458549,,previously executed synthetic; not rerun in this revision,,,,,,,,,
previous_formal_Gaussian_t_metrics,previous study: simulation_formal_20260930_v1/simulation_summary_20260930T031540871015Z.json,,,known_DGP_oracle_X_only,,,,,,,,,,,,,,,,,,,,,,,,omitted_gaussian_weather_regime,brier,,,,,0.0598421392174164,0.0624431840456421,100.0,,0.0611426616315293,0.0006554335769952,,previously executed synthetic; not rerun in this revision,,,,,,,,,
previous_formal_Gaussian_t_metrics,previous study: simulation_formal_20260930_v1/simulation_summary_20260930T031540871015Z.json,,,known_DGP_oracle_X_only,,,,,,,,,,,,,,,,,,,,,,,,omitted_gaussian_weather_regime,calibration_bias_predicted_minus_observed,,,,,3.3819483189257305e-05,0.0032152275429969,100.0,,0.001624523513093,0.0008016784800835,,previously executed synthetic; not rerun in this revision,,,,,,,,,
previous_formal_Gaussian_t_metrics,previous study: simulation_formal_20260930_v1/simulation_summary_20260930T031540871015Z.json,,,known_DGP_oracle_X_only,,,,,,,,,,,,,,,,,,,,,,,,omitted_gaussian_weather_regime,conditional_reliability_squared,,,,,0.0001011781000091,0.0001651242217589,100.0,,0.000133151160884,1.6113692028153193e-05,,previously executed synthetic; not rerun in this revision,,,,,,,,,
previous_formal_Gaussian_t_metrics,previous study: simulation_formal_20260930_v1/simulation_summary_20260930T031540871015Z.json,,,known_DGP_oracle_X_only,,,,,,,,,,,,,,,,,,,,,,,,omitted_gaussian_weather_regime,oracle_probability_bias,,,,,0.0,0.0,100.0,,0.0,0.0,,previously executed synthetic; not rerun in this revision,,,,,,,,,
previous_formal_Gaussian_t_metrics,previous study: simulation_formal_20260930_v1/simulation_summary_20260930T031540871015Z.json,,,known_DGP_oracle_X_only,,,,,,,,,,,,,,,,,,,,,,,,omitted_gaussian_weather_regime,oracle_probability_rmse,,,,,0.0,0.0,100.0,,0.0,0.0,,previously executed synthetic; not rerun in this revision,,,,,,,,,
previous_formal_Gaussian_t_metrics,previous study: simulation_formal_20260930_v1/simulation_summary_20260930T031540871015Z.json,,,known_DGP_oracle_X_and_H,,,,,,,,,,,,,,,,,,,,,,,,omitted_gaussian_weather_regime,brier,,,,,0.0587890878738734,0.0613017670211998,100.0,,0.0600454274475366,0.0006331664350809,,previously executed synthetic; not rerun in this revision,,,,,,,,,
previous_formal_Gaussian_t_metrics,previous study: simulation_formal_20260930_v1/simulation_summary_20260930T031540871015Z.json,,,known_DGP_oracle_X_and_H,,,,,,,,,,,,,,,,,,,,,,,,omitted_gaussian_weather_regime,calibration_bias_predicted_minus_observed,,,,,-6.482040706164887e-05,0.0031255875659083,100.0,,0.0015303835794233,0.0008039463553668,,previously executed synthetic; not rerun in this revision,,,,,,,,,
previous_formal_Gaussian_t_metrics,previous study: simulation_formal_20260930_v1/simulation_summary_20260930T031540871015Z.json,,,known_DGP_oracle_X_and_H,,,,,,,,,,,,,,,,,,,,,,,,omitted_gaussian_weather_regime,conditional_reliability_squared,,,,,0.000210937939957,0.0002947234205998,100.0,,0.0002528306802784,2.111298378329189e-05,,previously executed synthetic; not rerun in this revision,,,,,,,,,
previous_formal_Gaussian_t_metrics,previous study: simulation_formal_20260930_v1/simulation_summary_20260930T031540871015Z.json,,,known_DGP_oracle_X_and_H,,,,,,,,,,,,,,,,,,,,,,,,omitted_gaussian_weather_regime,oracle_probability_bias,,,,,0.0,0.0,100.0,,0.0,0.0,,previously executed synthetic; not rerun in this revision,,,,,,,,,
previous_formal_Gaussian_t_metrics,previous study: simulation_formal_20260930_v1/simulation_summary_20260930T031540871015Z.json,,,known_DGP_oracle_X_and_H,,,,,,,,,,,,,,,,,,,,,,,,omitted_gaussian_weather_regime,oracle_probability_rmse,,,,,0.0,0.0,100.0,,0.0,0.0,,previously executed synthetic; not rerun in this revision,,,,,,,,,
previous_formal_Gaussian_t_paired,previous study: simulation_formal_20260930_v1/simulation_summary_20260930T031540871015Z.json,,,,,,,,,,,,,,,,,,,,,,,,,,,omitted_gaussian_weather_regime,BS,,,0.0001144751059301,1.3966233838630998e-05,8.676306799768704e-05,0.0001421871438625,100.0,,,,,previously executed synthetic; not rerun in this revision,shared_R_selected_t_minus_dynamic_gaussian,,,,,,,,
previous_formal_Gaussian_t_paired,previous study: simulation_formal_20260930_v1/simulation_summary_20260930T031540871015Z.json,,,,,,,,,,,,,,,,,,,,,,,,,,,omitted_gaussian_weather_regime,BS,,,-0.0011493000712267,5.889538077944078e-05,-0.0012661612841394,-0.001032438858314,100.0,,,,,previously executed synthetic; not rerun in this revision,restored_weather_regime_gaussian_minus_dynamic_gaussian,,,,,,,,
previous_formal_Gaussian_t_paired,previous study: simulation_formal_20260930_v1/simulation_summary_20260930T031540871015Z.json,,,,,,,,,,,,,,,,,,,,,,,,,,,omitted_gaussian_weather_regime,BS,,,7.871441755177392e-05,2.96931551361575e-05,1.9796755784524928e-05,0.000137632079319,100.0,,,,,previously executed synthetic; not rerun in this revision,dynamic_gaussian_event_recal_minus_dynamic_gaussian,,,,,,,,
previous_formal_Gaussian_t_paired,previous study: simulation_formal_20260930_v1/simulation_summary_20260930T031540871015Z.json,,,,,,,,,,,,,,,,,,,,,,,,,,,omitted_gaussian_weather_regime,BS,,,6.911041197757393e-05,3.028942875292616e-05,9.00961399214882e-06,0.0001292112099629,100.0,,,,,previously executed synthetic; not rerun in this revision,shared_R_selected_t_event_recal_minus_dynamic_gaussian,,,,,,,,
previous_formal_Gaussian_t_paired,previous study: simulation_formal_20260930_v1/simulation_summary_20260930T031540871015Z.json,,,,,,,,,,,,,,,,,,,,,,,,,,,omitted_gaussian_weather_regime,BS,,,-5.466214074653815e-05,1.0724799099124474e-05,-7.594246892137966e-05,-3.338181257169663e-05,100.0,,,,,previously executed synthetic; not rerun in this revision,known_DGP_oracle_X_only_minus_dynamic_gaussian,,,,,,,,
previous_formal_Gaussian_t_paired,previous study: simulation_formal_20260930_v1/simulation_summary_20260930T031540871015Z.json,,,,,,,,,,,,,,,,,,,,,,,,,,,omitted_gaussian_weather_regime,BS,,,-0.0011518963247392,5.887867110668234e-05,-0.0012687243820359,-0.0010350682674424,100.0,,,,,previously executed synthetic; not rerun in this revision,known_DGP_oracle_X_and_H_minus_dynamic_gaussian,,,,,,,,
previous_formal_selected_df,previous study: simulation_formal_20260930_v1/simulation_summary_20260930T031540871015Z.json,,,,,,,,,,,,,,,,,,,,,,,,,,,omitted_gaussian_weather_regime,,,,,,,,100.0,,,,,previously executed synthetic; not rerun in this revision,,3,100.0,,,,,,
previous_formal_Gaussian_t_metrics,previous study: simulation_formal_20260930_v1/simulation_summary_20260930T031540871015Z.json,,,dynamic_gaussian,,,,,,,,,,,,,,,,,,,,,,,,miscalibrated_gaussian_margins,brier,,,,,0.0657571786691391,0.0683284663544528,100.0,,0.067042822511796,0.0006479351169885,,previously executed synthetic; not rerun in this revision,,,,,,,,,
previous_formal_Gaussian_t_metrics,previous study: simulation_formal_20260930_v1/simulation_summary_20260930T031540871015Z.json,,,dynamic_gaussian,,,,,,,,,,,,,,,,,,,,,,,,miscalibrated_gaussian_margins,calibration_bias_predicted_minus_observed,,,,,0.0007243193557774,0.0041349139343937,100.0,,0.0024296166450856,0.0008594308641223,,previously executed synthetic; not rerun in this revision,,,,,,,,,
previous_formal_Gaussian_t_metrics,previous study: simulation_formal_20260930_v1/simulation_summary_20260930T031540871015Z.json,,,dynamic_gaussian,,,,,,,,,,,,,,,,,,,,,,,,miscalibrated_gaussian_margins,conditional_reliability_squared,,,,,0.0001651385113963,0.0002625642700148,100.0,,0.0002138513907056,2.455017797844621e-05,,previously executed synthetic; not rerun in this revision,,,,,,,,,
previous_formal_Gaussian_t_metrics,previous study: simulation_formal_20260930_v1/simulation_summary_20260930T031540871015Z.json,,,dynamic_gaussian,,,,,,,,,,,,,,,,,,,,,,,,miscalibrated_gaussian_margins,oracle_probability_bias,,,,,0.0006904655624319,0.0009680640461213,100.0,,0.0008292648042766,6.995164603030496e-05,,previously executed synthetic; not rerun in this revision,,,,,,,,,
previous_formal_Gaussian_t_metrics,previous study: simulation_formal_20260930_v1/simulation_summary_20260930T031540871015Z.json,,,dynamic_gaussian,,,,,,,,,,,,,,,,,,,,,,,,miscalibrated_gaussian_margins,oracle_probability_rmse,,,,,0.006754725317713,0.0070292210758088,100.0,,0.0068919731967609,6.916979463266893e-05,,previously executed synthetic; not rerun in this revision,,,,,,,,,
previous_formal_Gaussian_t_metrics,previous study: simulation_formal_20260930_v1/simulation_summary_20260930T031540871015Z.json,,,shared_R_selected_t,,,,,,,,,,,,,,,,,,,,,,,,miscalibrated_gaussian_margins,brier,,,,,0.0657606999896405,0.0683276973724172,100.0,,0.0670441986810288,0.0006468540097705,,previously executed synthetic; not rerun in this revision,,,,,,,,,
previous_formal_Gaussian_t_metrics,previous study: simulation_formal_20260930_v1/simulation_summary_20260930T031540871015Z.json,,,shared_R_selected_t,,,,,,,,,,,,,,,,,,,,,,,,miscalibrated_gaussian_margins,calibration_bias_predicted_minus_observed,,,,,0.0016304219328855,0.0050896710964767,100.0,,0.0033600465146811,0.0008716912636053,,previously executed synthetic; not rerun in this revision,,,,,,,,,
previous_formal_Gaussian_t_metrics,previous study: simulation_formal_20260930_v1/simulation_summary_20260930T031540871015Z.json,,,shared_R_selected_t,,,,,,,,,,,,,,,,,,,,,,,,miscalibrated_gaussian_margins,conditional_reliability_squared,,,,,0.0001652755828779,0.0002651795369989,100.0,,0.0002152275599384,2.5174654929036083e-05,,previously executed synthetic; not rerun in this revision,,,,,,,,,
previous_formal_Gaussian_t_metrics,previous study: simulation_formal_20260930_v1/simulation_summary_20260930T031540871015Z.json,,,shared_R_selected_t,,,,,,,,,,,,,,,,,,,,,,,,miscalibrated_gaussian_margins,oracle_probability_bias,,,,,0.0016108349025738,0.0019085544451704,100.0,,0.0017596946738721,7.502192297031777e-05,,previously executed synthetic; not rerun in this revision,,,,,,,,,
previous_formal_Gaussian_t_metrics,previous study: simulation_formal_20260930_v1/simulation_summary_20260930T031540871015Z.json,,,shared_R_selected_t,,,,,,,,,,,,,,,,,,,,,,,,miscalibrated_gaussian_margins,oracle_probability_rmse,,,,,0.0065648839719131,0.0068594396775203,100.0,,0.0067121618247167,7.422467219919904e-05,,previously executed synthetic; not rerun in this revision,,,,,,,,,
previous_formal_Gaussian_t_metrics,previous study: simulation_formal_20260930_v1/simulation_summary_20260930T031540871015Z.json,,,known_correct_margins_gaussian,,,,,,,,,,,,,,,,,,,,,,,,miscalibrated_gaussian_margins,brier,,,,,0.065674567812229,0.0682834056695342,100.0,,0.0669789867408816,0.0006573973312795,,previously executed synthetic; not rerun in this revision,,,,,,,,,
previous_formal_Gaussian_t_metrics,previous study: simulation_formal_20260930_v1/simulation_summary_20260930T031540871015Z.json,,,known_correct_margins_gaussian,,,,,,,,,,,,,,,,,,,,,,,,miscalibrated_gaussian_margins,calibration_bias_predicted_minus_observed,,,,,-9.361069752678983e-05,0.0032959896940148,100.0,,0.001601189498244,0.0008541405688605,,previously executed synthetic; not rerun in this revision,,,,,,,,,
previous_formal_Gaussian_t_metrics,previous study: simulation_formal_20260930_v1/simulation_summary_20260930T031540871015Z.json,,,known_correct_margins_gaussian,,,,,,,,,,,,,,,,,,,,,,,,miscalibrated_gaussian_margins,conditional_reliability_squared,,,,,0.0001155726634088,0.0001844585761737,100.0,,0.0001500156197912,1.7358462921559415e-05,,previously executed synthetic; not rerun in this revision,,,,,,,,,
previous_formal_Gaussian_t_metrics,previous study: simulation_formal_20260930_v1/simulation_summary_20260930T031540871015Z.json,,,known_correct_margins_gaussian,,,,,,,,,,,,,,,,,,,,,,,,miscalibrated_gaussian_margins,oracle_probability_bias,,,,,-0.0001317233947579,0.000133398709628,100.0,,8.376574350491949e-07,6.680774100183639e-05,,previously executed synthetic; not rerun in this revision,,,,,,,,,
previous_formal_Gaussian_t_metrics,previous study: simulation_formal_20260930_v1/simulation_summary_20260930T031540871015Z.json,,,known_correct_margins_gaussian,,,,,,,,,,,,,,,,,,,,,,,,miscalibrated_gaussian_margins,oracle_probability_rmse,,,,,0.0007558016402099,0.0009399630814485,100.0,,0.0008478823608292,4.64065789508025e-05,,previously executed synthetic; not rerun in this revision,,,,,,,,,
previous_formal_Gaussian_t_metrics,previous study: simulation_formal_20260930_v1/simulation_summary_20260930T031540871015Z.json,,,dynamic_gaussian_event_recal,,,,,,,,,,,,,,,,,,,,,,,,miscalibrated_gaussian_margins,brier,,,,,0.0658159341644909,0.0684240499344158,100.0,,0.0671199920494533,0.0006572153735103,,previously executed synthetic; not rerun in this revision,,,,,,,,,
previous_formal_Gaussian_t_metrics,previous study: simulation_formal_20260930_v1/simulation_summary_20260930T031540871015Z.json,,,dynamic_gaussian_event_recal,,,,,,,,,,,,,,,,,,,,,,,,miscalibrated_gaussian_margins,calibration_bias_predicted_minus_observed,,,,,-0.0027151060213907,0.0021514359195644,100.0,,-0.0002818350509131,0.0012263129636767,,previously executed synthetic; not rerun in this revision,,,,,,,,,
previous_formal_Gaussian_t_metrics,previous study: simulation_formal_20260930_v1/simulation_summary_20260930T031540871015Z.json,,,dynamic_gaussian_event_recal,,,,,,,,,,,,,,,,,,,,,,,,miscalibrated_gaussian_margins,conditional_reliability_squared,,,,,0.0002175435304344,0.0003644983262915,100.0,,0.0002910209283629,3.703092944035597e-05,,previously executed synthetic; not rerun in this revision,,,,,,,,,
previous_formal_Gaussian_t_metrics,previous study: simulation_formal_20260930_v1/simulation_summary_20260930T031540871015Z.json,,,dynamic_gaussian_event_recal,,,,,,,,,,,,,,,,,,,,,,,,miscalibrated_gaussian_margins,oracle_probability_bias,,,,,-0.0035181652982802,-0.0002462084851639,100.0,,-0.0018821868917221,0.000824495731301,,previously executed synthetic; not rerun in this revision,,,,,,,,,
previous_formal_Gaussian_t_metrics,previous study: simulation_formal_20260930_v1/simulation_summary_20260930T031540871015Z.json,,,dynamic_gaussian_event_recal,,,,,,,,,,,,,,,,,,,,,,,,miscalibrated_gaussian_margins,oracle_probability_rmse,,,,,0.0085574564575193,0.0109807601649607,100.0,,0.00976910831124,0.0006106448454398,,previously executed synthetic; not rerun in this revision,,,,,,,,,
previous_formal_Gaussian_t_metrics,previous study: simulation_formal_20260930_v1/simulation_summary_20260930T031540871015Z.json,,,shared_R_selected_t_event_recal,,,,,,,,,,,,,,,,,,,,,,,,miscalibrated_gaussian_margins,brier,,,,,0.0658142487313493,0.0684232655973755,100.0,,0.0671187571643624,0.0006574424394319,,previously executed synthetic; not rerun in this revision,,,,,,,,,
previous_formal_Gaussian_t_metrics,previous study: simulation_formal_20260930_v1/simulation_summary_20260930T031540871015Z.json,,,shared_R_selected_t_event_recal,,,,,,,,,,,,,,,,,,,,,,,,miscalibrated_gaussian_margins,calibration_bias_predicted_minus_observed,,,,,-0.0027149559933734,0.002151331465327,100.0,,-0.0002818122640231,0.0012262488370563,,previously executed synthetic; not rerun in this revision,,,,,,,,,
previous_formal_Gaussian_t_metrics,previous study: simulation_formal_20260930_v1/simulation_summary_20260930T031540871015Z.json,,,shared_R_selected_t_event_recal,,,,,,,,,,,,,,,,,,,,,,,,miscalibrated_gaussian_margins,conditional_reliability_squared,,,,,0.0002166309815103,0.0003629411050338,100.0,,0.000289786043272,3.6868479378361e-05,,previously executed synthetic; not rerun in this revision,,,,,,,,,
previous_formal_Gaussian_t_metrics,previous study: simulation_formal_20260930_v1/simulation_summary_20260930T031540871015Z.json,,,shared_R_selected_t_event_recal,,,,,,,,,,,,,,,,,,,,,,,,miscalibrated_gaussian_margins,oracle_probability_bias,,,,,-0.003518072220746,-0.0002462559889183,100.0,,-0.0018821641048321,0.0008244603064226,,previously executed synthetic; not rerun in this revision,,,,,,,,,
previous_formal_Gaussian_t_metrics,previous study: simulation_formal_20260930_v1/simulation_summary_20260930T031540871015Z.json,,,shared_R_selected_t_event_recal,,,,,,,,,,,,,,,,,,,,,,,,miscalibrated_gaussian_margins,oracle_probability_rmse,,,,,0.0085216695117091,0.0109482520520533,100.0,,0.0097349607818812,0.0006114710738672,,previously executed synthetic; not rerun in this revision,,,,,,,,,
previous_formal_Gaussian_t_metrics,previous study: simulation_formal_20260930_v1/simulation_summary_20260930T031540871015Z.json,,,known_DGP_oracle_X_only,,,,,,,,,,,,,,,,,,,,,,,,miscalibrated_gaussian_margins,brier,,,,,0.0656776069643254,0.0682846970004209,100.0,,0.0669811519823732,0.0006569569003054,,previously executed synthetic; not rerun in this revision,,,,,,,,,
previous_formal_Gaussian_t_metrics,previous study: simulation_formal_20260930_v1/simulation_summary_20260930T031540871015Z.json,,,known_DGP_oracle_X_only,,,,,,,,,,,,,,,,,,,,,,,,miscalibrated_gaussian_margins,calibration_bias_predicted_minus_observed,,,,,-0.0001155282162662,0.0033162318978842,100.0,,0.0016003518408089,0.0008647643372381,,previously executed synthetic; not rerun in this revision,,,,,,,,,
previous_formal_Gaussian_t_metrics,previous study: simulation_formal_20260930_v1/simulation_summary_20260930T031540871015Z.json,,,known_DGP_oracle_X_only,,,,,,,,,,,,,,,,,,,,,,,,miscalibrated_gaussian_margins,conditional_reliability_squared,,,,,0.000115869942056,0.0001884917805095,100.0,,0.0001521808612828,1.8299873508146348e-05,,previously executed synthetic; not rerun in this revision,,,,,,,,,
previous_formal_Gaussian_t_metrics,previous study: simulation_formal_20260930_v1/simulation_summary_20260930T031540871015Z.json,,,known_DGP_oracle_X_only,,,,,,,,,,,,,,,,,,,,,,,,miscalibrated_gaussian_margins,oracle_probability_bias,,,,,0.0,0.0,100.0,,0.0,0.0,,previously executed synthetic; not rerun in this revision,,,,,,,,,
previous_formal_Gaussian_t_metrics,previous study: simulation_formal_20260930_v1/simulation_summary_20260930T031540871015Z.json,,,known_DGP_oracle_X_only,,,,,,,,,,,,,,,,,,,,,,,,miscalibrated_gaussian_margins,oracle_probability_rmse,,,,,0.0,0.0,100.0,,0.0,0.0,,previously executed synthetic; not rerun in this revision,,,,,,,,,
previous_formal_Gaussian_t_paired,previous study: simulation_formal_20260930_v1/simulation_summary_20260930T031540871015Z.json,,,,,,,,,,,,,,,,,,,,,,,,,,,miscalibrated_gaussian_margins,BS,,,1.3761692328462944e-06,1.3145086934193069e-06,-1.2321011996440064e-06,3.984439665336595e-06,100.0,,,,,previously executed synthetic; not rerun in this revision,shared_R_selected_t_minus_dynamic_gaussian,,,,,,,,
previous_formal_Gaussian_t_paired,previous study: simulation_formal_20260930_v1/simulation_summary_20260930T031540871015Z.json,,,,,,,,,,,,,,,,,,,,,,,,,,,miscalibrated_gaussian_margins,BS,,,-6.383577091432953e-05,1.2934979603350443e-05,-8.950157671172202e-05,-3.816996511693703e-05,100.0,,,,,previously executed synthetic; not rerun in this revision,known_correct_margins_gaussian_minus_dynamic_gaussian,,,,,,,,
previous_formal_Gaussian_t_paired,previous study: simulation_formal_20260930_v1/simulation_summary_20260930T031540871015Z.json,,,,,,,,,,,,,,,,,,,,,,,,,,,miscalibrated_gaussian_margins,BS,,,7.716953765739332e-05,3.1417578872955607e-05,1.4830245079871525e-05,0.0001395088302349,100.0,,,,,previously executed synthetic; not rerun in this revision,dynamic_gaussian_event_recal_minus_dynamic_gaussian,,,,,,,,
previous_formal_Gaussian_t_paired,previous study: simulation_formal_20260930_v1/simulation_summary_20260930T031540871015Z.json,,,,,,,,,,,,,,,,,,,,,,,,,,,miscalibrated_gaussian_margins,BS,,,7.593465256647523e-05,3.14352071876226e-05,1.3560381588163288e-05,0.0001383089235447,100.0,,,,,previously executed synthetic; not rerun in this revision,shared_R_selected_t_event_recal_minus_dynamic_gaussian,,,,,,,,
previous_formal_Gaussian_t_paired,previous study: simulation_formal_20260930_v1/simulation_summary_20260930T031540871015Z.json,,,,,,,,,,,,,,,,,,,,,,,,,,,miscalibrated_gaussian_margins,BS,,,-6.167052942279865e-05,1.2542557674745344e-05,-8.655768497727867e-05,-3.678337386831863e-05,100.0,,,,,previously executed synthetic; not rerun in this revision,known_DGP_oracle_X_only_minus_dynamic_gaussian,,,,,,,,
previous_formal_selected_df,previous study: simulation_formal_20260930_v1/simulation_summary_20260930T031540871015Z.json,,,,,,,,,,,,,,,,,,,,,,,,,,,miscalibrated_gaussian_margins,,,,,,,,100.0,,,,,previously executed synthetic; not rerun in this revision,,30,84.0,,,,,,
previous_formal_selected_df,previous study: simulation_formal_20260930_v1/simulation_summary_20260930T031540871015Z.json,,,,,,,,,,,,,,,,,,,,,,,,,,,miscalibrated_gaussian_margins,,,,,,,,100.0,,,,,previously executed synthetic; not rerun in this revision,,Gaussian_limit,8.0,,,,,,
previous_formal_selected_df,previous study: simulation_formal_20260930_v1/simulation_summary_20260930T031540871015Z.json,,,,,,,,,,,,,,,,,,,,,,,,,,,miscalibrated_gaussian_margins,,,,,,,,100.0,,,,,previously executed synthetic; not rerun in this revision,,15,8.0,,,,,,
previous_known_state_high,previous study: upgrade_sensitivity_20261002/synthetic_formal_score_gate/summary.json,,,,,,,,,,,,,,,,,,,,,,,,,,,correct_gaussian_control,finite_df_fraction,,,,,,,100.0,,0.34,,,previously executed synthetic; not rerun in this revision,,,,100000.0,10000.0,100000.0,2026100229.0,0.04737087712930804,
previous_known_state_high,previous study: upgrade_sensitivity_20261002/synthetic_formal_score_gate/summary.json,,,,,,,,,,,,,,,,,,,,,,,,,,,correct_gaussian_control,any_shape_flag_fraction,,,,,,,100.0,,0.0,,,previously executed synthetic; not rerun in this revision,,,,100000.0,10000.0,100000.0,2026100229.0,0.0,
previous_known_state_high,previous study: upgrade_sensitivity_20261002/synthetic_formal_score_gate/summary.json,,,,,,,,,,,,,,,,,,,,,,,,,,,correct_gaussian_control,shape_flag_fraction_by_state,,,,,,,100.0,,,,,previously executed synthetic; not rerun in this revision,,,,100000.0,10000.0,100000.0,2026100229.0,,"[0.0, 0.0]"
previous_known_state_high,previous study: upgrade_sensitivity_20261002/synthetic_formal_score_gate/summary.json,,,,,,,,,,,,,,,,,,,,,,,,,,,correct_gaussian_control,gaussian_mismatch_fraction_by_state,,,,,,,100.0,,,,,previously executed synthetic; not rerun in this revision,,,,100000.0,10000.0,100000.0,2026100229.0,,"[0.0, 0.0]"
previous_known_state_high,previous study: upgrade_sensitivity_20261002/synthetic_formal_score_gate/summary.json,,,,,,,,,,,,,,,,,,,,,,,,,,,correct_gaussian_control,abstention_fraction,,,,,,,100.0,,1.0,,,previously executed synthetic; not rerun in this revision,,,,100000.0,10000.0,100000.0,2026100229.0,0.0,
previous_known_state_high,previous study: upgrade_sensitivity_20261002/synthetic_formal_score_gate/summary.json,,,,,,,,,,,,,,,,,,,,,,,,,,,correct_gaussian_control,score_validated_flag_count,,,,,,,100.0,,0.0,,,previously executed synthetic; not rerun in this revision,,,,100000.0,10000.0,100000.0,2026100229.0,,
previous_known_state_high,previous study: upgrade_sensitivity_20261002/synthetic_formal_score_gate/summary.json,,,,,,,,,,,,,,,,,,,,,,,,,,,correct_gaussian_control,score_validated_flag_fraction,,,,,,,100.0,,0.0,,,previously executed synthetic; not rerun in this revision,,,,100000.0,10000.0,100000.0,2026100229.0,0.0,
previous_known_state_high,previous study: upgrade_sensitivity_20261002/synthetic_formal_score_gate/summary.json,,,,,,,,,,,,,,,,,,,,,,,,,,,correct_gaussian_control,score_validated_rate_95_interval,,,,,,,100.0,,,,,previously executed synthetic; not rerun in this revision,,,,100000.0,10000.0,100000.0,2026100229.0,,"[0.0, 0.03621669264517641]"
previous_known_state_high,previous study: upgrade_sensitivity_20261002/synthetic_formal_score_gate/summary.json,,,,,,,,,,,,,,,,,,,,,,,,,,,correct_gaussian_control,simultaneous_joint_coverage,,,,,,,100.0,,0.96,,,previously executed synthetic; not rerun in this revision,,,,100000.0,10000.0,100000.0,2026100229.0,0.019595917942265433,
previous_known_state_high,previous study: upgrade_sensitivity_20261002/synthetic_formal_score_gate/summary.json,,,,,,,,,,,,,,,,,,,,,,,,,,,correct_gaussian_control,expected_margin_gain,,,,,-1.0684708455791287e-06,-5.638997091743714e-07,100.0,,-8.161852773767501e-07,1.2714616110938466e-07,,previously executed synthetic; not rerun in this revision,,,,100000.0,10000.0,100000.0,2026100229.0,,
previous_known_state_high,previous study: upgrade_sensitivity_20261002/synthetic_formal_score_gate/summary.json,,,,,,,,,,,,,,,,,,,,,,,,,,,correct_gaussian_control,expected_dependence_gain_before_margin,,,,,-1.5853026242100712e-06,-6.4425371190502e-07,100.0,,-1.1147781680575456e-06,2.371335734110793e-07,,previously executed synthetic; not rerun in this revision,,,,100000.0,10000.0,100000.0,2026100229.0,,
previous_known_state_high,previous study: upgrade_sensitivity_20261002/synthetic_formal_score_gate/summary.json,,,,,,,,,,,,,,,,,,,,,,,,,,,correct_gaussian_control,expected_dependence_gain_after_margin,,,,,-1.3664485239611813e-06,-5.925858269079101e-07,100.0,,-9.795171754345457e-07,1.9500455744886015e-07,,previously executed synthetic; not rerun in this revision,,,,100000.0,10000.0,100000.0,2026100229.0,,
previous_known_state_high,previous study: upgrade_sensitivity_20261002/synthetic_formal_score_gate/summary.json,,,,,,,,,,,,,,,,,,,,,,,,,,,correct_gaussian_control,test_dependence_gain_after_margin,,,,,-1.504839693655744e-06,-5.341405905711439e-07,100.0,,-1.019490142113444e-06,2.4460508270240024e-07,,previously executed synthetic; not rerun in this revision,,,,100000.0,10000.0,100000.0,2026100229.0,,
previous_known_state_high,previous study: upgrade_sensitivity_20261002/synthetic_formal_score_gate/summary.json,,,,,,,,,,,,,,,,,,,,,,,,,,,gaussian_margin_error,finite_df_fraction,,,,,,,100.0,,0.27,,,previously executed synthetic; not rerun in this revision,,,,100000.0,10000.0,100000.0,2026100229.0,0.044395945760846225,
previous_known_state_high,previous study: upgrade_sensitivity_20261002/synthetic_formal_score_gate/summary.json,,,,,,,,,,,,,,,,,,,,,,,,,,,gaussian_margin_error,any_shape_flag_fraction,,,,,,,100.0,,0.0,,,previously executed synthetic; not rerun in this revision,,,,100000.0,10000.0,100000.0,2026100229.0,0.0,
previous_known_state_high,previous study: upgrade_sensitivity_20261002/synthetic_formal_score_gate/summary.json,,,,,,,,,,,,,,,,,,,,,,,,,,,gaussian_margin_error,shape_flag_fraction_by_state,,,,,,,100.0,,,,,previously executed synthetic; not rerun in this revision,,,,100000.0,10000.0,100000.0,2026100229.0,,"[0.0, 0.0]"
previous_known_state_high,previous study: upgrade_sensitivity_20261002/synthetic_formal_score_gate/summary.json,,,,,,,,,,,,,,,,,,,,,,,,,,,gaussian_margin_error,gaussian_mismatch_fraction_by_state,,,,,,,100.0,,,,,previously executed synthetic; not rerun in this revision,,,,100000.0,10000.0,100000.0,2026100229.0,,"[0.0, 0.0]"
previous_known_state_high,previous study: upgrade_sensitivity_20261002/synthetic_formal_score_gate/summary.json,,,,,,,,,,,,,,,,,,,,,,,,,,,gaussian_margin_error,abstention_fraction,,,,,,,100.0,,1.0,,,previously executed synthetic; not rerun in this revision,,,,100000.0,10000.0,100000.0,2026100229.0,0.0,
previous_known_state_high,previous study: upgrade_sensitivity_20261002/synthetic_formal_score_gate/summary.json,,,,,,,,,,,,,,,,,,,,,,,,,,,gaussian_margin_error,score_validated_flag_count,,,,,,,100.0,,0.0,,,previously executed synthetic; not rerun in this revision,,,,100000.0,10000.0,100000.0,2026100229.0,,
previous_known_state_high,previous study: upgrade_sensitivity_20261002/synthetic_formal_score_gate/summary.json,,,,,,,,,,,,,,,,,,,,,,,,,,,gaussian_margin_error,score_validated_flag_fraction,,,,,,,100.0,,0.0,,,previously executed synthetic; not rerun in this revision,,,,100000.0,10000.0,100000.0,2026100229.0,0.0,
previous_known_state_high,previous study: upgrade_sensitivity_20261002/synthetic_formal_score_gate/summary.json,,,,,,,,,,,,,,,,,,,,,,,,,,,gaussian_margin_error,score_validated_rate_95_interval,,,,,,,100.0,,,,,previously executed synthetic; not rerun in this revision,,,,100000.0,10000.0,100000.0,2026100229.0,,"[0.0, 0.03621669264517641]"
previous_known_state_high,previous study: upgrade_sensitivity_20261002/synthetic_formal_score_gate/summary.json,,,,,,,,,,,,,,,,,,,,,,,,,,,gaussian_margin_error,simultaneous_joint_coverage,,,,,,,100.0,,0.96,,,previously executed synthetic; not rerun in this revision,,,,100000.0,10000.0,100000.0,2026100229.0,0.019595917942265433,
previous_known_state_high,previous study: upgrade_sensitivity_20261002/synthetic_formal_score_gate/summary.json,,,,,,,,,,,,,,,,,,,,,,,,,,,gaussian_margin_error,expected_margin_gain,,,,,0.0001593674178450838,0.00015987198898148854,100.0,,0.00015961970341328617,1.271461611093847e-07,,previously executed synthetic; not rerun in this revision,,,,100000.0,10000.0,100000.0,2026100229.0,,
previous_known_state_high,previous study: upgrade_sensitivity_20261002/synthetic_formal_score_gate/summary.json,,,,,,,,,,,,,,,,,,,,,,,,,,,gaussian_margin_error,expected_dependence_gain_before_margin,,,,,-1.3671064410400723e-06,-4.981082178533592e-07,100.0,,-9.326073294467157e-07,2.189776230094026e-07,,previously executed synthetic; not rerun in this revision,,,,100000.0,10000.0,100000.0,2026100229.0,,
previous_known_state_high,previous study: upgrade_sensitivity_20261002/synthetic_formal_score_gate/summary.json,,,,,,,,,,,,,,,,,,,,,,,,,,,gaussian_margin_error,expected_dependence_gain_after_margin,,,,,-8.5054116536267e-07,-2.692467693563097e-07,100.0,,-5.598939673594898e-07,1.4647954588373138e-07,,previously executed synthetic; not rerun in this revision,,,,100000.0,10000.0,100000.0,2026100229.0,,
previous_known_state_high,previous study: upgrade_sensitivity_20261002/synthetic_formal_score_gate/summary.json,,,,,,,,,,,,,,,,,,,,,,,,,,,gaussian_margin_error,test_dependence_gain_after_margin,,,,,-1.0307149113030431e-06,-2.541686399305302e-07,100.0,,-6.424417756167866e-07,1.9568078751460374e-07,,previously executed synthetic; not rerun in this revision,,,,100000.0,10000.0,100000.0,2026100229.0,,
previous_known_state_high,previous study: upgrade_sensitivity_20261002/synthetic_formal_score_gate/summary.json,,,,,,,,,,,,,,,,,,,,,,,,,,,t5_correct_margins,finite_df_fraction,,,,,,,100.0,,0.99,,,previously executed synthetic; not rerun in this revision,,,,100000.0,10000.0,100000.0,2026100229.0,0.009949874371066205,
previous_known_state_high,previous study: upgrade_sensitivity_20261002/synthetic_formal_score_gate/summary.json,,,,,,,,,,,,,,,,,,,,,,,,,,,t5_correct_margins,any_shape_flag_fraction,,,,,,,100.0,,0.7,,,previously executed synthetic; not rerun in this revision,,,,100000.0,10000.0,100000.0,2026100229.0,0.045825756949558406,
previous_known_state_high,previous study: upgrade_sensitivity_20261002/synthetic_formal_score_gate/summary.json,,,,,,,,,,,,,,,,,,,,,,,,,,,t5_correct_margins,shape_flag_fraction_by_state,,,,,,,100.0,,,,,previously executed synthetic; not rerun in this revision,,,,100000.0,10000.0,100000.0,2026100229.0,,"[0.7, 0.0]"
previous_known_state_high,previous study: upgrade_sensitivity_20261002/synthetic_formal_score_gate/summary.json,,,,,,,,,,,,,,,,,,,,,,,,,,,t5_correct_margins,gaussian_mismatch_fraction_by_state,,,,,,,100.0,,,,,previously executed synthetic; not rerun in this revision,,,,100000.0,10000.0,100000.0,2026100229.0,,"[1.0, 0.0]"
previous_known_state_high,previous study: upgrade_sensitivity_20261002/synthetic_formal_score_gate/summary.json,,,,,,,,,,,,,,,,,,,,,,,,,,,t5_correct_margins,abstention_fraction,,,,,,,100.0,,0.3,,,previously executed synthetic; not rerun in this revision,,,,100000.0,10000.0,100000.0,2026100229.0,0.0458257569495584,
previous_known_state_high,previous study: upgrade_sensitivity_20261002/synthetic_formal_score_gate/summary.json,,,,,,,,,,,,,,,,,,,,,,,,,,,t5_correct_margins,score_validated_flag_count,,,,,,,100.0,,70.0,,,previously executed synthetic; not rerun in this revision,,,,100000.0,10000.0,100000.0,2026100229.0,,
previous_known_state_high,previous study: upgrade_sensitivity_20261002/synthetic_formal_score_gate/summary.json,,,,,,,,,,,,,,,,,,,,,,,,,,,t5_correct_margins,score_validated_flag_fraction,,,,,,,100.0,,0.7,,,previously executed synthetic; not rerun in this revision,,,,100000.0,10000.0,100000.0,2026100229.0,0.045825756949558406,
previous_known_state_high,previous study: upgrade_sensitivity_20261002/synthetic_formal_score_gate/summary.json,,,,,,,,,,,,,,,,,,,,,,,,,,,t5_correct_margins,score_validated_rate_95_interval,,,,,,,100.0,,,,,previously executed synthetic; not rerun in this revision,,,,100000.0,10000.0,100000.0,2026100229.0,,"[0.6001853238201958, 0.7875935795104634]"
previous_known_state_high,previous study: upgrade_sensitivity_20261002/synthetic_formal_score_gate/summary.json,,,,,,,,,,,,,,,,,,,,,,,,,,,t5_correct_margins,simultaneous_joint_coverage,,,,,,,100.0,,0.97,,,previously executed synthetic; not rerun in this revision,,,,100000.0,10000.0,100000.0,2026100229.0,0.017058722109231986,
previous_known_state_high,previous study: upgrade_sensitivity_20261002/synthetic_formal_score_gate/summary.json,,,,,,,,,,,,,,,,,,,,,,,,,,,t5_correct_margins,expected_margin_gain,,,,,-2.3127258311545574e-06,-4.7465776175448133e-07,100.0,,-1.3936917964545193e-06,4.6317215159625254e-07,,previously executed synthetic; not rerun in this revision,,,,100000.0,10000.0,100000.0,2026100229.0,,
previous_known_state_high,previous study: upgrade_sensitivity_20261002/synthetic_formal_score_gate/summary.json,,,,,,,,,,,,,,,,,,,,,,,,,,,t5_correct_margins,expected_dependence_gain_before_margin,,,,,2.680624895474943e-05,2.9387980180844325e-05,100.0,,2.809711456779688e-05,6.505667699368139e-07,,previously executed synthetic; not rerun in this revision,,,,100000.0,10000.0,100000.0,2026100229.0,,
previous_known_state_high,previous study: upgrade_sensitivity_20261002/synthetic_formal_score_gate/summary.json,,,,,,,,,,,,,,,,,,,,,,,,,,,t5_correct_margins,expected_dependence_gain_after_margin,,,,,2.730951356375493e-05,3.038143768264454e-05,100.0,,2.8845475623199736e-05,7.740897779432726e-07,,previously executed synthetic; not rerun in this revision,,,,100000.0,10000.0,100000.0,2026100229.0,,
previous_known_state_high,previous study: upgrade_sensitivity_20261002/synthetic_formal_score_gate/summary.json,,,,,,,,,,,,,,,,,,,,,,,,,,,t5_correct_margins,test_dependence_gain_after_margin,,,,,2.694810881209745e-05,3.0719864399547845e-05,100.0,,2.8833986605822647e-05,9.504393116979498e-07,,previously executed synthetic; not rerun in this revision,,,,100000.0,10000.0,100000.0,2026100229.0,,
previous_known_state_high,previous study: upgrade_sensitivity_20261002/synthetic_formal_score_gate/summary.json,,,,,,,,,,,,,,,,,,,,,,,,,,,omitted_weather_gaussian,finite_df_fraction,,,,,,,100.0,,0.54,,,previously executed synthetic; not rerun in this revision,,,,100000.0,10000.0,100000.0,2026100229.0,0.04983974317750845,
previous_known_state_high,previous study: upgrade_sensitivity_20261002/synthetic_formal_score_gate/summary.json,,,,,,,,,,,,,,,,,,,,,,,,,,,omitted_weather_gaussian,any_shape_flag_fraction,,,,,,,100.0,,0.36,,,previously executed synthetic; not rerun in this revision,,,,100000.0,10000.0,100000.0,2026100229.0,0.048,
previous_known_state_high,previous study: upgrade_sensitivity_20261002/synthetic_formal_score_gate/summary.json,,,,,,,,,,,,,,,,,,,,,,,,,,,omitted_weather_gaussian,shape_flag_fraction_by_state,,,,,,,100.0,,,,,previously executed synthetic; not rerun in this revision,,,,100000.0,10000.0,100000.0,2026100229.0,,"[0.36, 0.0]"
previous_known_state_high,previous study: upgrade_sensitivity_20261002/synthetic_formal_score_gate/summary.json,,,,,,,,,,,,,,,,,,,,,,,,,,,omitted_weather_gaussian,gaussian_mismatch_fraction_by_state,,,,,,,100.0,,,,,previously executed synthetic; not rerun in this revision,,,,100000.0,10000.0,100000.0,2026100229.0,,"[1.0, 0.08]"
previous_known_state_high,previous study: upgrade_sensitivity_20261002/synthetic_formal_score_gate/summary.json,,,,,,,,,,,,,,,,,,,,,,,,,,,omitted_weather_gaussian,abstention_fraction,,,,,,,100.0,,0.64,,,previously executed synthetic; not rerun in this revision,,,,100000.0,10000.0,100000.0,2026100229.0,0.048,
previous_known_state_high,previous study: upgrade_sensitivity_20261002/synthetic_formal_score_gate/summary.json,,,,,,,,,,,,,,,,,,,,,,,,,,,omitted_weather_gaussian,score_validated_flag_count,,,,,,,100.0,,0.0,,,previously executed synthetic; not rerun in this revision,,,,100000.0,10000.0,100000.0,2026100229.0,,
previous_known_state_high,previous study: upgrade_sensitivity_20261002/synthetic_formal_score_gate/summary.json,,,,,,,,,,,,,,,,,,,,,,,,,,,omitted_weather_gaussian,score_validated_flag_fraction,,,,,,,100.0,,0.0,,,previously executed synthetic; not rerun in this revision,,,,100000.0,10000.0,100000.0,2026100229.0,0.0,
previous_known_state_high,previous study: upgrade_sensitivity_20261002/synthetic_formal_score_gate/summary.json,,,,,,,,,,,,,,,,,,,,,,,,,,,omitted_weather_gaussian,score_validated_rate_95_interval,,,,,,,100.0,,,,,previously executed synthetic; not rerun in this revision,,,,100000.0,10000.0,100000.0,2026100229.0,,"[0.0, 0.03621669264517641]"
previous_known_state_high,previous study: upgrade_sensitivity_20261002/synthetic_formal_score_gate/summary.json,,,,,,,,,,,,,,,,,,,,,,,,,,,omitted_weather_gaussian,simultaneous_joint_coverage,,,,,,,100.0,,0.96,,,previously executed synthetic; not rerun in this revision,,,,100000.0,10000.0,100000.0,2026100229.0,0.019595917942265433,
previous_known_state_high,previous study: upgrade_sensitivity_20261002/synthetic_formal_score_gate/summary.json,,,,,,,,,,,,,,,,,,,,,,,,,,,omitted_weather_gaussian,expected_margin_gain,,,,,-3.298182588711372e-06,5.530381025958498e-07,100.0,,-1.372572243057761e-06,9.704636098961108e-07,,previously executed synthetic; not rerun in this revision,,,,100000.0,10000.0,100000.0,2026100229.0,,
previous_known_state_high,previous study: upgrade_sensitivity_20261002/synthetic_formal_score_gate/summary.json,,,,,,,,,,,,,,,,,,,,,,,,,,,omitted_weather_gaussian,expected_dependence_gain_before_margin,,,,,-2.8272329916999988e-06,-7.878427738106221e-07,100.0,,-1.8075378827553105e-06,5.139030326947987e-07,,previously executed synthetic; not rerun in this revision,,,,100000.0,10000.0,100000.0,2026100229.0,,
previous_known_state_high,previous study: upgrade_sensitivity_20261002/synthetic_formal_score_gate/summary.json,,,,,,,,,,,,,,,,,,,,,,,,,,,omitted_weather_gaussian,expected_dependence_gain_after_margin,,,,,-2.761282960929625e-06,-5.593790886012007e-07,100.0,,-1.660331024765413e-06,5.548546167212116e-07,,previously executed synthetic; not rerun in this revision,,,,100000.0,10000.0,100000.0,2026100229.0,,
previous_known_state_high,previous study: upgrade_sensitivity_20261002/synthetic_formal_score_gate/summary.json,,,,,,,,,,,,,,,,,,,,,,,,,,,omitted_weather_gaussian,test_dependence_gain_after_margin,,,,,-2.608052143398003e-06,-3.5554458871057783e-07,100.0,,-1.4817983660542905e-06,5.676061664745141e-07,,previously executed synthetic; not rerun in this revision,,,,100000.0,10000.0,100000.0,2026100229.0,,
previous_known_state_lower,previous study: upgrade_sensitivity_20261002/synthetic_lower_information_score_gate/summary.json,,,,,,,,,,,,,,,,,,,,,,,,,,,correct_gaussian_control,finite_df_fraction,,,,,,,100.0,,0.36,,,previously executed synthetic; not rerun in this revision,,,,10000.0,10000.0,10000.0,2026100229.0,0.048,
previous_known_state_lower,previous study: upgrade_sensitivity_20261002/synthetic_lower_information_score_gate/summary.json,,,,,,,,,,,,,,,,,,,,,,,,,,,correct_gaussian_control,any_shape_flag_fraction,,,,,,,100.0,,0.0,,,previously executed synthetic; not rerun in this revision,,,,10000.0,10000.0,10000.0,2026100229.0,0.0,
previous_known_state_lower,previous study: upgrade_sensitivity_20261002/synthetic_lower_information_score_gate/summary.json,,,,,,,,,,,,,,,,,,,,,,,,,,,correct_gaussian_control,shape_flag_fraction_by_state,,,,,,,100.0,,,,,previously executed synthetic; not rerun in this revision,,,,10000.0,10000.0,10000.0,2026100229.0,,"[0.0, 0.0]"
previous_known_state_lower,previous study: upgrade_sensitivity_20261002/synthetic_lower_information_score_gate/summary.json,,,,,,,,,,,,,,,,,,,,,,,,,,,correct_gaussian_control,gaussian_mismatch_fraction_by_state,,,,,,,100.0,,,,,previously executed synthetic; not rerun in this revision,,,,10000.0,10000.0,10000.0,2026100229.0,,"[0.0, 0.0]"
previous_known_state_lower,previous study: upgrade_sensitivity_20261002/synthetic_lower_information_score_gate/summary.json,,,,,,,,,,,,,,,,,,,,,,,,,,,correct_gaussian_control,abstention_fraction,,,,,,,100.0,,1.0,,,previously executed synthetic; not rerun in this revision,,,,10000.0,10000.0,10000.0,2026100229.0,0.0,
previous_known_state_lower,previous study: upgrade_sensitivity_20261002/synthetic_lower_information_score_gate/summary.json,,,,,,,,,,,,,,,,,,,,,,,,,,,correct_gaussian_control,score_validated_flag_count,,,,,,,100.0,,0.0,,,previously executed synthetic; not rerun in this revision,,,,10000.0,10000.0,10000.0,2026100229.0,,
previous_known_state_lower,previous study: upgrade_sensitivity_20261002/synthetic_lower_information_score_gate/summary.json,,,,,,,,,,,,,,,,,,,,,,,,,,,correct_gaussian_control,score_validated_flag_fraction,,,,,,,100.0,,0.0,,,previously executed synthetic; not rerun in this revision,,,,10000.0,10000.0,10000.0,2026100229.0,0.0,
previous_known_state_lower,previous study: upgrade_sensitivity_20261002/synthetic_lower_information_score_gate/summary.json,,,,,,,,,,,,,,,,,,,,,,,,,,,correct_gaussian_control,score_validated_rate_95_interval,,,,,,,100.0,,,,,previously executed synthetic; not rerun in this revision,,,,10000.0,10000.0,10000.0,2026100229.0,,"[0.0, 0.03621669264517641]"
previous_known_state_lower,previous study: upgrade_sensitivity_20261002/synthetic_lower_information_score_gate/summary.json,,,,,,,,,,,,,,,,,,,,,,,,,,,correct_gaussian_control,simultaneous_joint_coverage,,,,,,,100.0,,0.99,,,previously executed synthetic; not rerun in this revision,,,,10000.0,10000.0,10000.0,2026100229.0,0.009949874371066205,
previous_known_state_lower,previous study: upgrade_sensitivity_20261002/synthetic_lower_information_score_gate/summary.json,,,,,,,,,,,,,,,,,,,,,,,,,,,correct_gaussian_control,expected_margin_gain,,,,,-8.817795347390858e-06,-5.229512989511378e-06,100.0,,-7.023654168451118e-06,9.042061542238573e-07,,previously executed synthetic; not rerun in this revision,,,,10000.0,10000.0,10000.0,2026100229.0,,
previous_known_state_lower,previous study: upgrade_sensitivity_20261002/synthetic_lower_information_score_gate/summary.json,,,,,,,,,,,,,,,,,,,,,,,,,,,correct_gaussian_control,expected_dependence_gain_before_margin,,,,,-1.5358208305702704e-06,-6.128722115772737e-07,100.0,,-1.074346521073772e-06,2.3257250631164167e-07,,previously executed synthetic; not rerun in this revision,,,,10000.0,10000.0,10000.0,2026100229.0,,
previous_known_state_lower,previous study: upgrade_sensitivity_20261002/synthetic_lower_information_score_gate/summary.json,,,,,,,,,,,,,,,,,,,,,,,,,,,correct_gaussian_control,expected_dependence_gain_after_margin,,,,,-1.059322874743713e-06,-1.4118987371698917e-07,100.0,,-6.002563742303512e-07,2.3135902560772405e-07,,previously executed synthetic; not rerun in this revision,,,,10000.0,10000.0,10000.0,2026100229.0,,
previous_known_state_lower,previous study: upgrade_sensitivity_20261002/synthetic_lower_information_score_gate/summary.json,,,,,,,,,,,,,,,,,,,,,,,,,,,correct_gaussian_control,test_dependence_gain_after_margin,,,,,-1.3446085686095054e-06,1.3400538673301486e-07,100.0,,-6.053015909382453e-07,3.7259382200125395e-07,,previously executed synthetic; not rerun in this revision,,,,10000.0,10000.0,10000.0,2026100229.0,,
previous_known_state_lower,previous study: upgrade_sensitivity_20261002/synthetic_lower_information_score_gate/summary.json,,,,,,,,,,,,,,,,,,,,,,,,,,,gaussian_margin_error,finite_df_fraction,,,,,,,100.0,,0.33,,,previously executed synthetic; not rerun in this revision,,,,10000.0,10000.0,10000.0,2026100229.0,0.04702127178203499,
previous_known_state_lower,previous study: upgrade_sensitivity_20261002/synthetic_lower_information_score_gate/summary.json,,,,,,,,,,,,,,,,,,,,,,,,,,,gaussian_margin_error,any_shape_flag_fraction,,,,,,,100.0,,0.0,,,previously executed synthetic; not rerun in this revision,,,,10000.0,10000.0,10000.0,2026100229.0,0.0,
previous_known_state_lower,previous study: upgrade_sensitivity_20261002/synthetic_lower_information_score_gate/summary.json,,,,,,,,,,,,,,,,,,,,,,,,,,,gaussian_margin_error,shape_flag_fraction_by_state,,,,,,,100.0,,,,,previously executed synthetic; not rerun in this revision,,,,10000.0,10000.0,10000.0,2026100229.0,,"[0.0, 0.0]"
previous_known_state_lower,previous study: upgrade_sensitivity_20261002/synthetic_lower_information_score_gate/summary.json,,,,,,,,,,,,,,,,,,,,,,,,,,,gaussian_margin_error,gaussian_mismatch_fraction_by_state,,,,,,,100.0,,,,,previously executed synthetic; not rerun in this revision,,,,10000.0,10000.0,10000.0,2026100229.0,,"[0.0, 0.0]"
previous_known_state_lower,previous study: upgrade_sensitivity_20261002/synthetic_lower_information_score_gate/summary.json,,,,,,,,,,,,,,,,,,,,,,,,,,,gaussian_margin_error,abstention_fraction,,,,,,,100.0,,1.0,,,previously executed synthetic; not rerun in this revision,,,,10000.0,10000.0,10000.0,2026100229.0,0.0,
previous_known_state_lower,previous study: upgrade_sensitivity_20261002/synthetic_lower_information_score_gate/summary.json,,,,,,,,,,,,,,,,,,,,,,,,,,,gaussian_margin_error,score_validated_flag_count,,,,,,,100.0,,0.0,,,previously executed synthetic; not rerun in this revision,,,,10000.0,10000.0,10000.0,2026100229.0,,
previous_known_state_lower,previous study: upgrade_sensitivity_20261002/synthetic_lower_information_score_gate/summary.json,,,,,,,,,,,,,,,,,,,,,,,,,,,gaussian_margin_error,score_validated_flag_fraction,,,,,,,100.0,,0.0,,,previously executed synthetic; not rerun in this revision,,,,10000.0,10000.0,10000.0,2026100229.0,0.0,
previous_known_state_lower,previous study: upgrade_sensitivity_20261002/synthetic_lower_information_score_gate/summary.json,,,,,,,,,,,,,,,,,,,,,,,,,,,gaussian_margin_error,score_validated_rate_95_interval,,,,,,,100.0,,,,,previously executed synthetic; not rerun in this revision,,,,10000.0,10000.0,10000.0,2026100229.0,,"[0.0, 0.03621669264517641]"
previous_known_state_lower,previous study: upgrade_sensitivity_20261002/synthetic_lower_information_score_gate/summary.json,,,,,,,,,,,,,,,,,,,,,,,,,,,gaussian_margin_error,simultaneous_joint_coverage,,,,,,,100.0,,0.99,,,previously executed synthetic; not rerun in this revision,,,,10000.0,10000.0,10000.0,2026100229.0,0.009949874371066205,
previous_known_state_lower,previous study: upgrade_sensitivity_20261002/synthetic_lower_information_score_gate/summary.json,,,,,,,,,,,,,,,,,,,,,,,,,,,gaussian_margin_error,expected_margin_gain,,,,,0.00015161809334327206,0.00015520637570115155,100.0,,0.0001534122345222118,9.042061542238573e-07,,previously executed synthetic; not rerun in this revision,,,,10000.0,10000.0,10000.0,2026100229.0,,
previous_known_state_lower,previous study: upgrade_sensitivity_20261002/synthetic_lower_information_score_gate/summary.json,,,,,,,,,,,,,,,,,,,,,,,,,,,gaussian_margin_error,expected_dependence_gain_before_margin,,,,,-1.6577442262463343e-06,-7.23212598268294e-07,100.0,,-1.1904784122573141e-06,2.3549129222761287e-07,,previously executed synthetic; not rerun in this revision,,,,10000.0,10000.0,10000.0,2026100229.0,,
previous_known_state_lower,previous study: upgrade_sensitivity_20261002/synthetic_lower_information_score_gate/summary.json,,,,,,,,,,,,,,,,,,,,,,,,,,,gaussian_margin_error,expected_dependence_gain_after_margin,,,,,-7.682783083736054e-07,1.0022488590605004e-08,100.0,,-3.791279098915002e-07,1.9612290791638107e-07,,previously executed synthetic; not rerun in this revision,,,,10000.0,10000.0,10000.0,2026100229.0,,
previous_known_state_lower,previous study: upgrade_sensitivity_20261002/synthetic_lower_information_score_gate/summary.json,,,,,,,,,,,,,,,,,,,,,,,,,,,gaussian_margin_error,test_dependence_gain_after_margin,,,,,-1.181599446725096e-06,2.398423523558182e-07,100.0,,-4.7087854718463885e-07,3.5818709187633085e-07,,previously executed synthetic; not rerun in this revision,,,,10000.0,10000.0,10000.0,2026100229.0,,
previous_known_state_lower,previous study: upgrade_sensitivity_20261002/synthetic_lower_information_score_gate/summary.json,,,,,,,,,,,,,,,,,,,,,,,,,,,t5_correct_margins,finite_df_fraction,,,,,,,100.0,,0.99,,,previously executed synthetic; not rerun in this revision,,,,10000.0,10000.0,10000.0,2026100229.0,0.009949874371066205,
previous_known_state_lower,previous study: upgrade_sensitivity_20261002/synthetic_lower_information_score_gate/summary.json,,,,,,,,,,,,,,,,,,,,,,,,,,,t5_correct_margins,any_shape_flag_fraction,,,,,,,100.0,,0.0,,,previously executed synthetic; not rerun in this revision,,,,10000.0,10000.0,10000.0,2026100229.0,0.0,
previous_known_state_lower,previous study: upgrade_sensitivity_20261002/synthetic_lower_information_score_gate/summary.json,,,,,,,,,,,,,,,,,,,,,,,,,,,t5_correct_margins,shape_flag_fraction_by_state,,,,,,,100.0,,,,,previously executed synthetic; not rerun in this revision,,,,10000.0,10000.0,10000.0,2026100229.0,,"[0.0, 0.0]"
previous_known_state_lower,previous study: upgrade_sensitivity_20261002/synthetic_lower_information_score_gate/summary.json,,,,,,,,,,,,,,,,,,,,,,,,,,,t5_correct_margins,gaussian_mismatch_fraction_by_state,,,,,,,100.0,,,,,previously executed synthetic; not rerun in this revision,,,,10000.0,10000.0,10000.0,2026100229.0,,"[0.0, 0.0]"
previous_known_state_lower,previous study: upgrade_sensitivity_20261002/synthetic_lower_information_score_gate/summary.json,,,,,,,,,,,,,,,,,,,,,,,,,,,t5_correct_margins,abstention_fraction,,,,,,,100.0,,1.0,,,previously executed synthetic; not rerun in this revision,,,,10000.0,10000.0,10000.0,2026100229.0,0.0,
previous_known_state_lower,previous study: upgrade_sensitivity_20261002/synthetic_lower_information_score_gate/summary.json,,,,,,,,,,,,,,,,,,,,,,,,,,,t5_correct_margins,score_validated_flag_count,,,,,,,100.0,,0.0,,,previously executed synthetic; not rerun in this revision,,,,10000.0,10000.0,10000.0,2026100229.0,,
previous_known_state_lower,previous study: upgrade_sensitivity_20261002/synthetic_lower_information_score_gate/summary.json,,,,,,,,,,,,,,,,,,,,,,,,,,,t5_correct_margins,score_validated_flag_fraction,,,,,,,100.0,,0.0,,,previously executed synthetic; not rerun in this revision,,,,10000.0,10000.0,10000.0,2026100229.0,0.0,
previous_known_state_lower,previous study: upgrade_sensitivity_20261002/synthetic_lower_information_score_gate/summary.json,,,,,,,,,,,,,,,,,,,,,,,,,,,t5_correct_margins,score_validated_rate_95_interval,,,,,,,100.0,,,,,previously executed synthetic; not rerun in this revision,,,,10000.0,10000.0,10000.0,2026100229.0,,"[0.0, 0.03621669264517641]"
previous_known_state_lower,previous study: upgrade_sensitivity_20261002/synthetic_lower_information_score_gate/summary.json,,,,,,,,,,,,,,,,,,,,,,,,,,,t5_correct_margins,simultaneous_joint_coverage,,,,,,,100.0,,0.98,,,previously executed synthetic; not rerun in this revision,,,,10000.0,10000.0,10000.0,2026100229.0,0.014000000000000005,
previous_known_state_lower,previous study: upgrade_sensitivity_20261002/synthetic_lower_information_score_gate/summary.json,,,,,,,,,,,,,,,,,,,,,,,,,,,t5_correct_margins,expected_margin_gain,,,,,-1.0356527851535882e-05,-2.5775164255383776e-06,100.0,,-6.4670221385371296e-06,1.9602219958301547e-06,,previously executed synthetic; not rerun in this revision,,,,10000.0,10000.0,10000.0,2026100229.0,,
previous_known_state_lower,previous study: upgrade_sensitivity_20261002/synthetic_lower_information_score_gate/summary.json,,,,,,,,,,,,,,,,,,,,,,,,,,,t5_correct_margins,expected_dependence_gain_before_margin,,,,,2.7322985327843863e-05,2.9507546959454112e-05,100.0,,2.8415266143648988e-05,5.5048457021387e-07,,previously executed synthetic; not rerun in this revision,,,,10000.0,10000.0,10000.0,2026100229.0,,
previous_known_state_lower,previous study: upgrade_sensitivity_20261002/synthetic_lower_information_score_gate/summary.json,,,,,,,,,,,,,,,,,,,,,,,,,,,t5_correct_margins,expected_dependence_gain_after_margin,,,,,2.5580614271850354e-05,3.2103845387041635e-05,100.0,,2.8842229829445994e-05,1.6437797061394522e-06,,previously executed synthetic; not rerun in this revision,,,,10000.0,10000.0,10000.0,2026100229.0,,
previous_known_state_lower,previous study: upgrade_sensitivity_20261002/synthetic_lower_information_score_gate/summary.json,,,,,,,,,,,,,,,,,,,,,,,,,,,t5_correct_margins,test_dependence_gain_after_margin,,,,,2.4894659221735616e-05,3.589681478380535e-05,100.0,,3.0395737002770484e-05,2.772417490253098e-06,,previously executed synthetic; not rerun in this revision,,,,10000.0,10000.0,10000.0,2026100229.0,,
previous_known_state_lower,previous study: upgrade_sensitivity_20261002/synthetic_lower_information_score_gate/summary.json,,,,,,,,,,,,,,,,,,,,,,,,,,,omitted_weather_gaussian,finite_df_fraction,,,,,,,100.0,,0.65,,,previously executed synthetic; not rerun in this revision,,,,10000.0,10000.0,10000.0,2026100229.0,0.047696960070847276,
previous_known_state_lower,previous study: upgrade_sensitivity_20261002/synthetic_lower_information_score_gate/summary.json,,,,,,,,,,,,,,,,,,,,,,,,,,,omitted_weather_gaussian,any_shape_flag_fraction,,,,,,,100.0,,0.0,,,previously executed synthetic; not rerun in this revision,,,,10000.0,10000.0,10000.0,2026100229.0,0.0,
previous_known_state_lower,previous study: upgrade_sensitivity_20261002/synthetic_lower_information_score_gate/summary.json,,,,,,,,,,,,,,,,,,,,,,,,,,,omitted_weather_gaussian,shape_flag_fraction_by_state,,,,,,,100.0,,,,,previously executed synthetic; not rerun in this revision,,,,10000.0,10000.0,10000.0,2026100229.0,,"[0.0, 0.0]"
previous_known_state_lower,previous study: upgrade_sensitivity_20261002/synthetic_lower_information_score_gate/summary.json,,,,,,,,,,,,,,,,,,,,,,,,,,,omitted_weather_gaussian,gaussian_mismatch_fraction_by_state,,,,,,,100.0,,,,,previously executed synthetic; not rerun in this revision,,,,10000.0,10000.0,10000.0,2026100229.0,,"[0.0, 0.0]"
previous_known_state_lower,previous study: upgrade_sensitivity_20261002/synthetic_lower_information_score_gate/summary.json,,,,,,,,,,,,,,,,,,,,,,,,,,,omitted_weather_gaussian,abstention_fraction,,,,,,,100.0,,1.0,,,previously executed synthetic; not rerun in this revision,,,,10000.0,10000.0,10000.0,2026100229.0,0.0,
previous_known_state_lower,previous study: upgrade_sensitivity_20261002/synthetic_lower_information_score_gate/summary.json,,,,,,,,,,,,,,,,,,,,,,,,,,,omitted_weather_gaussian,score_validated_flag_count,,,,,,,100.0,,0.0,,,previously executed synthetic; not rerun in this revision,,,,10000.0,10000.0,10000.0,2026100229.0,,
previous_known_state_lower,previous study: upgrade_sensitivity_20261002/synthetic_lower_information_score_gate/summary.json,,,,,,,,,,,,,,,,,,,,,,,,,,,omitted_weather_gaussian,score_validated_flag_fraction,,,,,,,100.0,,0.0,,,previously executed synthetic; not rerun in this revision,,,,10000.0,10000.0,10000.0,2026100229.0,0.0,
previous_known_state_lower,previous study: upgrade_sensitivity_20261002/synthetic_lower_information_score_gate/summary.json,,,,,,,,,,,,,,,,,,,,,,,,,,,omitted_weather_gaussian,score_validated_rate_95_interval,,,,,,,100.0,,,,,previously executed synthetic; not rerun in this revision,,,,10000.0,10000.0,10000.0,2026100229.0,,"[0.0, 0.03621669264517641]"
previous_known_state_lower,previous study: upgrade_sensitivity_20261002/synthetic_lower_information_score_gate/summary.json,,,,,,,,,,,,,,,,,,,,,,,,,,,omitted_weather_gaussian,simultaneous_joint_coverage,,,,,,,100.0,,0.96,,,previously executed synthetic; not rerun in this revision,,,,10000.0,10000.0,10000.0,2026100229.0,0.019595917942265433,
previous_known_state_lower,previous study: upgrade_sensitivity_20261002/synthetic_lower_information_score_gate/summary.json,,,,,,,,,,,,,,,,,,,,,,,,,,,omitted_weather_gaussian,expected_margin_gain,,,,,-1.8580803992048337e-05,-5.517208347912902e-06,100.0,,-1.204900616998062e-05,3.2918768367770613e-06,,previously executed synthetic; not rerun in this revision,,,,10000.0,10000.0,10000.0,2026100229.0,,
previous_known_state_lower,previous study: upgrade_sensitivity_20261002/synthetic_lower_information_score_gate/summary.json,,,,,,,,,,,,,,,,,,,,,,,,,,,omitted_weather_gaussian,expected_dependence_gain_before_margin,,,,,-2.0967504721136704e-06,-4.3108504891181685e-07,100.0,,-1.2639177605127437e-06,4.1972865463882976e-07,,previously executed synthetic; not rerun in this revision,,,,10000.0,10000.0,10000.0,2026100229.0,,
previous_known_state_lower,previous study: upgrade_sensitivity_20261002/synthetic_lower_information_score_gate/summary.json,,,,,,,,,,,,,,,,,,,,,,,,,,,omitted_weather_gaussian,expected_dependence_gain_after_margin,,,,,-1.5084482330394709e-06,7.403442794150622e-07,100.0,,-3.840519768122043e-07,5.666700182801541e-07,,previously executed synthetic; not rerun in this revision,,,,10000.0,10000.0,10000.0,2026100229.0,,
previous_known_state_lower,previous study: upgrade_sensitivity_20261002/synthetic_lower_information_score_gate/summary.json,,,,,,,,,,,,,,,,,,,,,,,,,,,omitted_weather_gaussian,test_dependence_gain_after_margin,,,,,-1.7631327302947129e-06,1.9206034628652102e-06,100.0,,7.873536628524858e-08,9.28259430052422e-07,,previously executed synthetic; not rerun in this revision,,,,10000.0,10000.0,10000.0,2026100229.0,,
